0.84137 0.83318 0.83835 0.83137 0.83295 0.82607 0.82852 0.82390 0.82100 0.81774 0.81216 0.81284 0.80582 0.80727 0.80426 0.80308 0.79903 0.79855 0.79806 0.79403 0.79457 0.78978 0.78886 0.78771 0.78591 0.76448 0.73007 0.69373 0.65797 0.61632 0.58482 0.55007 0.51357 0.47593 0.44074 0.40199 0.35958 0.31582 0.27229 0.23062 0.18815 0.14569 0.10380 0.06165 0.02065 0.00000 0.00000 0.00000 0.00000 0.00000 0.00000 0.00000 0.00000 0.00000 0.00000 0.00000 0.00000 0.00000 0.00000 0.00000 0.00000 0.00000 0.00000 0.00000 0.00000 0.00000 0.00000 0.00000 0.00000 0.00000 0.00000 0.00000 0.00000 0.00000 0.00000 0.00000 0.00000 0.00000 0.00000 0.00000 0.00000 0.00000 0.00000 0.00000 0.00000 0.00000 0.00000 0.00000 0.00000 0.00000 0.00000 0.00000 0.00000 0.00000 0.00000 0.00000 0.00000 0.00000 0.00000 0.00000 0.00000 0.00000 0.00000 0.00000 0.00000 0.00000 0.00000 0.00000 0.00000 0.00000 0.00000 0.00000 0.00000 0.00000 0.00000 0.00000 0.00000 0.00000 0.00000 0.00000 0.00000 0.00000 0.00000 0.00000 0.00000 0.00000 0.00000 0.00000 0.00000 0.00000 0.00000 0.00000 0.00000 0.00000 0.00000 0.00000 0.00000 0.00000 0.00000 0.00000 0.00000 0.00000 0.00000 0.00000 0.00000 0.00000 0.00000 0.00000 0.00000 0.00000 0.00000 0.00000 0.00000 0.00000 0.00000 0.00000 0.00000 0.00000 0.00000 0.00000 0.00000 0.00000 0.00000 0.00000 0.00000 0.00000 0.00000 0.00000 0.00000 0.00000 0.00000 0.00000 0.00000 0.00000 0.00000 0.00000 0.00000 0.00000 0.00000 0.00000 0.00000 0.00000 0.00000 0.00000 0.00000 0.00000 0.00000 0.00000 0.00000 0.00000 0.00000 0.00000 0.00000 0.00000 0.00000 0.00000 0.00000 0.00000 0.00000 0.00000 0.00000 0.00000 0.00000 0.00000 0.00000 0.00000 0.00000 0.00000 0.00000 0.00000
0.83620 0.83143 0.83338 0.82767 0.83086 0.82487 0.82502 0.81959 0.82135 0.81683 0.81365 0.81074 0.81013 0.80900 0.80522 0.80253 0.80285 0.80025 0.79847 0.79551 0.79527 0.79046 0.78999 0.78926 0.78721 0.76810 0.74418 0.71440 0.68308 0.65309 0.62960 0.60027 0.57109 0.54246 0.51477 0.47636 0.42525 0.37262 0.32270 0.27285 0.22282 0.17191 0.12288 0.07318 0.02447 0.00000 0.00000 0.00000 0.00000 0.00000 0.00000 0.00000 0.00000 0.00000 0.00000 0.00000 0.00000 0.00000 0.00000 0.00000 0.00000 0.00000 0.00000 0.00000 0.00000 0.00000 0.00000 0.00000 0.00000 0.00000 0.00000 0.00000 0.00000 0.00000 0.00000 0.00000 0.00000 0.00000 0.00000 0.00000 0.00000 0.00000 0.00000 0.00000 0.00000 0.00000 0.00000 0.00000 0.00000 0.00000 0.00000 0.00000 0.00000 0.00000 0.00000 0.00000 0.00000 0.00000 0.00000 0.00000 0.00000 0.00000 0.00000 0.00000 0.00000 0.00000 0.00000 0.00000 0.00000 0.00000 0.00000 0.00000 0.00000 0.00000 0.00000 0.00000 0.00000 0.00000 0.00000 0.00000 0.00000 0.00000 0.00000 0.00000 0.00000 0.00000 0.00000 0.00000 0.00000 0.00000 0.00000 0.00000 0.00000 0.00000 0.00000 0.00000 0.00000 0.00000 0.00000 0.00000 0.00000 0.00000 0.00000 0.00000 0.00000 0.00000 0.00000 0.00000 0.00000 0.00000 0.00000 0.00000 0.00000 0.00000 0.00000 0.00000 0.00000 0.00000 0.00000 0.00000 0.00000 0.00000 0.00000 0.00000 0.00000 0.00000 0.00000 0.00000 0.00000 0.00000 0.00000 0.00000 0.00000 0.00000 0.00000 0.00000 0.00000 0.00000 0.00000 0.00000 0.00000 0.00000 0.00000 0.00000 0.00000 0.00000 0.00000 0.00000 0.00000 0.00000 0.00000 0.00000 0.00000 0.00000 0.00000 0.00000 0.00000 0.00000 0.00000 0.00000 0.00000 0.00000 0.00000 0.00000 0.00000 0.00000 0.00000 0.00000 0.00000 0.00000
0.83844 0.83187 0.83227 0.82648 0.83132 0.82744 0.82408 0.81933 0.82077 0.81898 0.81230 0.81033 0.81087 0.80987 0.80287 0.80202 0.80419 0.80123 0.79761 0.79471 0.79490 0.79120 0.79285 0.78970 0.78580 0.77400 0.75691 0.73261 0.71047 0.69240 0.67341 0.64937 0.62827 0.60910 0.59015 0.55004 0.48887 0.42994 0.37376 0.31496 0.25632 0.19874 0.14186 0.08457 0.02826 0.00000 0.00000 0.00000 0.00000 0.00000 0.00000 0.00000 0.00000 0.00000 0.00000 0.00000 0.00000 0.00000 0.00000 0.00000 0.00000 0.00000 0.00000 0.00000 0.00000 0.00000 0.00000 0.00000 0.00000 0.00000 0.00000 0.00000 0.00000 0.00000 0.00000 0.00000 0.00000 0.00000 0.00000 0.00000 0.00000 0.00000 0.00000 0.00000 0.00000 0.00000 0.00000 0.00000 0.00000 0.00000 0.00000 0.00000 0.00000 0.00000 0.00000 0.00000 0.00000 0.00000 0.00000 0.00000 0.00000 0.00000 0.00000 0.00000 0.00000 0.00000 0.00000 0.00000 0.00000 0.00000 0.00000 0.00000 0.00000 0.00000 0.00000 0.00000 0.00000 0.00000 0.00000 0.00000 0.00000 0.00000 0.00000 0.00000 0.00000 0.00000 0.00000 0.00000 0.00000 0.00000 0.00000 0.00000 0.00000 0.00000 0.00000 0.00000 0.00000 0.00000 0.00000 0.00000 0.00000 0.00000 0.00000 0.00000 0.00000 0.00000 0.00000 0.00000 0.00000 0.00000 0.00000 0.00000 0.00000 0.00000 0.00000 0.00000 0.00000 0.00000 0.00000 0.00000 0.00000 0.00000 0.00000 0.00000 0.00000 0.00000 0.00000 0.00000 0.00000 0.00000 0.00000 0.00000 0.00000 0.00000 0.00000 0.00000 0.00000 0.00000 0.00000 0.00000 0.00000 0.00000 0.00000 0.00000 0.00000 0.00000 0.00000 0.00000 0.00000 0.00000 0.00000 0.00000 0.00000 0.00000 0.00000 0.00000 0.00000 0.00000 0.00000 0.00000 0.00000 0.00000 0.00000 0.00000 0.00000 0.00000 0.00000 0.00000 0.00000 0.00000
0.83180 0.82825 0.82821 0.82367 0.82511 0.82315 0.82452 0.81700 0.81799 0.81620 0.81523 0.81071 0.81076 0.80775 0.80696 0.80378 0.80363 0.80075 0.80000 0.79546 0.79426 0.79476 0.79471 0.78662 0.78755 0.78269 0.76764 0.75024 0.74198 0.72984 0.71509 0.69960 0.68744 0.67728 0.66431 0.62160 0.55450 0.48995 0.42422 0.35553 0.29075 0.22603 0.16139 0.09608 0.03206 0.00000 0.00000 0.00000 0.00000 0.00000 0.00000 0.00000 0.00000 0.00000 0.00000 0.00000 0.00000 0.00000 0.00000 0.00000 0.00000 0.00000 0.00000 0.00000 0.00000 0.00000 0.00000 0.00000 0.00000 0.00000 0.00000 0.00000 0.00000 0.00000 0.00000 0.00000 0.00000 0.00000 0.00000 0.00000 0.00000 0.00000 0.00000 0.00000 0.00000 0.00000 0.00000 0.00000 0.00000 0.00000 0.00000 0.00000 0.00000 0.00000 0.00000 0.00000 0.00000 0.00000 0.00000 0.00000 0.00000 0.00000 0.00000 0.00000 0.00000 0.00000 0.00000 0.00000 0.00000 0.00000 0.00000 0.00000 0.00000 0.00000 0.00000 0.00000 0.00000 0.00000 0.00000 0.00000 0.00000 0.00000 0.00000 0.00000 0.00000 0.00000 0.00000 0.00000 0.00000 0.00000 0.00000 0.00000 0.00000 0.00000 0.00000 0.00000 0.00000 0.00000 0.00000 0.00000 0.00000 0.00000 0.00000 0.00000 0.00000 0.00000 0.00000 0.00000 0.00000 0.00000 0.00000 0.00000 0.00000 0.00000 0.00000 0.00000 0.00000 0.00000 0.00000 0.00000 0.00000 0.00000 0.00000 0.00000 0.00000 0.00000 0.00000 0.00000 0.00000 0.00000 0.00000 0.00000 0.00000 0.00000 0.00000 0.00000 0.00000 0.00000 0.00000 0.00000 0.00000 0.00000 0.00000 0.00000 0.00000 0.00000 0.00000 0.00000 0.00000 0.00000 0.00000 0.00000 0.00000 0.00000 0.00000 0.00000 0.00000 0.00000 0.00000 0.00000 0.00000 0.00000 0.00000 0.00000 0.00000 0.00000 0.00000 0.00000 0.00000 0.00000
0.83066 0.82725 0.82976 0.82447 0.82363 0.82050 0.82512 0.82105 0.81630 0.81337 0.81744 0.81407 0.80720 0.80592 0.80847 0.80654 0.80121 0.79905 0.80044 0.79782 0.79597 0.79454 0.79099 0.78733 0.79090 0.78855 0.77722 0.77166 0.77078 0.76477 0.75657 0.75014 0.74859 0.74296 0.73494 0.69432 0.62242 0.54798 0.47184 0.39815 0.32581 0.25276 0.18017 0.10770 0.03580 0.00000 0.00000 0.00000 0.00000 0.00000 0.00000 0.00000 0.00000 0.00000 0.00000 0.00000 0.00000 0.00000 0.00000 0.00000 0.00000 0.00000 0.00000 0.00000 0.00000 0.00000 0.00000 0.00000 0.00000 0.00000 0.00000 0.00000 0.00000 0.00000 0.00000 0.00000 0.00000 0.00000 0.00000 0.00000 0.00000 0.00000 0.00000 0.00000 0.00000 0.00000 0.00000 0.00000 0.00000 0.00000 0.00000 0.00000 0.00000 0.00000 0.00000 0.00000 0.00000 0.00000 0.00000 0.00000 0.00000 0.00000 0.00000 0.00000 0.00000 0.00000 0.00000 0.00000 0.00000 0.00000 0.00000 0.00000 0.00000 0.00000 0.00000 0.00000 0.00000 0.00000 0.00000 0.00000 0.00000 0.00000 0.00000 0.00000 0.00000 0.00000 0.00000 0.00000 0.00000 0.00000 0.00000 0.00000 0.00000 0.00000 0.00000 0.00000 0.00000 0.00000 0.00000 0.00000 0.00000 0.00000 0.00000 0.00000 0.00000 0.00000 0.00000 0.00000 0.00000 0.00000 0.00000 0.00000 0.00000 0.00000 0.00000 0.00000 0.00000 0.00000 0.00000 0.00000 0.00000 0.00000 0.00000 0.00000 0.00000 0.00000 0.00000 0.00000 0.00000 0.00000 0.00000 0.00000 0.00000 0.00000 0.00000 0.00000 0.00000 0.00000 0.00000 0.00000 0.00000 0.00000 0.00000 0.00000 0.00000 0.00000 0.00000 0.00000 0.00000 0.00000 0.00000 0.00000 0.00000 0.00000 0.00000 0.00000 0.00000 0.00000 0.00000 0.00000 0.00000 0.00000 0.00000 0.00000 0.00000 0.00000 0.00000 0.00000 0.00000 0.00000
0.82648 0.82289 0.82491 0.82233 0.82243 0.81787 0.81892 0.82031 0.81771 0.81279 0.81389 0.81346 0.81043 0.80591 0.80751 0.80521 0.80360 0.79889 0.79965 0.79835 0.79766 0.79144 0.79015 0.79305 0.79156 0.78235 0.77994 0.77765 0.76837 0.76070 0.75798 0.75573 0.74876 0.74108 0.73504 0.69822 0.62344 0.54636 0.47238 0.40027 0.32695 0.25200 0.18006 0.10789 0.03586 0.00000 0.00000 0.00000 0.00000 0.00000 0.00000 0.00000 0.00000 0.00000 0.00000 0.00000 0.00000 0.00000 0.00000 0.00000 0.00000 0.00000 0.00000 0.00000 0.00000 0.00000 0.00000 0.00000 0.00000 0.00000 0.00000 0.00000 0.00000 0.00000 0.00000 0.00000 0.00000 0.00000 0.00000 0.00000 0.00000 0.00000 0.00000 0.00000 0.00000 0.00000 0.00000 0.00000 0.00000 0.00000 0.00000 0.00000 0.00000 0.00000 0.00000 0.00000 0.00000 0.00000 0.00000 0.00000 0.00000 0.00000 0.00000 0.00000 0.00000 0.00000 0.00000 0.00000 0.00000 0.00000 0.00000 0.00000 0.00000 0.00000 0.00000 0.00000 0.00000 0.00000 0.00000 0.00000 0.00000 0.00000 0.00000 0.00000 0.00000 0.00000 0.00000 0.00000 0.00000 0.00000 0.00000 0.00000 0.00000 0.00000 0.00000 0.00000 0.00000 0.00000 0.00000 0.00000 0.00000 0.00000 0.00000 0.00000 0.00000 0.00000 0.00000 0.00000 0.00000 0.00000 0.00000 0.00000 0.00000 0.00000 0.00000 0.00000 0.00000 0.00000 0.00000 0.00000 0.00000 0.00000 0.00000 0.00000 0.00000 0.00000 0.00000 0.00000 0.00000 0.00000 0.00000 0.00000 0.00000 0.00000 0.00000 0.00000 0.00000 0.00000 0.00000 0.00000 0.00000 0.00000 0.00000 0.00000 0.00000 0.00000 0.00000 0.00000 0.00000 0.00000 0.00000 0.00000 0.00000 0.00000 0.00000 0.00000 0.00000 0.00000 0.00000 0.00000 0.00000 0.00000 0.00000 0.00000 0.00000 0.00000 0.00000 0.00000 0.00000 0.00000
0.82225 0.81957 0.81945 0.82007 0.82174 0.81813 0.81634 0.81479 0.82038 0.81592 0.81112 0.80924 0.81320 0.80984 0.80404 0.80293 0.80455 0.80204 0.79808 0.79694 0.79633 0.79334 0.79238 0.79477 0.78779 0.77963 0.76936 0.75834 0.74101 0.72399 0.71634 0.70406 0.68936 0.67462 0.66334 0.62441 0.55576 0.48894 0.42305 0.35779 0.29182 0.22642 0.16101 0.09644 0.03215 0.00000 0.00000 0.00000 0.00000 0.00000 0.00000 0.00000 0.00000 0.00000 0.00000 0.00000 0.00000 0.00000 0.00000 0.00000 0.00000 0.00000 0.00000 0.00000 0.00000 0.00000 0.00000 0.00000 0.00000 0.00000 0.00000 0.00000 0.00000 0.00000 0.00000 0.00000 0.00000 0.00000 0.00000 0.00000 0.00000 0.00000 0.00000 0.00000 0.00000 0.00000 0.00000 0.00000 0.00000 0.00000 0.00000 0.00000 0.00000 0.00000 0.00000 0.00000 0.00000 0.00000 0.00000 0.00000 0.00000 0.00000 0.00000 0.00000 0.00000 0.00000 0.00000 0.00000 0.00000 0.00000 0.00000 0.00000 0.00000 0.00000 0.00000 0.00000 0.00000 0.00000 0.00000 0.00000 0.00000 0.00000 0.00000 0.00000 0.00000 0.00000 0.00000 0.00000 0.00000 0.00000 0.00000 0.00000 0.00000 0.00000 0.00000 0.00000 0.00000 0.00000 0.00000 0.00000 0.00000 0.00000 0.00000 0.00000 0.00000 0.00000 0.00000 0.00000 0.00000 0.00000 0.00000 0.00000 0.00000 0.00000 0.00000 0.00000 0.00000 0.00000 0.00000 0.00000 0.00000 0.00000 0.00000 0.00000 0.00000 0.00000 0.00000 0.00000 0.00000 0.00000 0.00000 0.00000 0.00000 0.00000 0.00000 0.00000 0.00000 0.00000 0.00000 0.00000 0.00000 0.00000 0.00000 0.00000 0.00000 0.00000 0.00000 0.00000 0.00000 0.00000 0.00000 0.00000 0.00000 0.00000 0.00000 0.00000 0.00000 0.00000 0.00000 0.00000 0.00000 0.00000 0.00000 0.00000 0.00000 0.00000 0.00000 0.00000 0.00000 0.00000
0.82361 0.81986 0.82056 0.81738 0.81784 0.81665 0.81697 0.81382 0.81490 0.81652 0.81210 0.80861 0.80940 0.81011 0.80647 0.80141 0.80290 0.80200 0.80002 0.79396 0.79530 0.79557 0.79366 0.78756 0.78828 0.78130 0.75614 0.73246 0.71588 0.69627 0.67218 0.65049 0.63098 0.61244 0.59065 0.54945 0.49025 0.43398 0.37482 0.31451 0.25733 0.20019 0.14265 0.08511 0.02837 0.00000 0.00000 0.00000 0.00000 0.00000 0.00000 0.00000 0.00000 0.00000 0.00000 0.00000 0.00000 0.00000 0.00000 0.00000 0.00000 0.00000 0.00000 0.00000 0.00000 0.00000 0.00000 0.00000 0.00000 0.00000 0.00000 0.00000 0.00000 0.00000 0.00000 0.00000 0.00000 0.00000 0.00000 0.00000 0.00000 0.00000 0.00000 0.00000 0.00000 0.00000 0.00000 0.00000 0.00000 0.00000 0.00000 0.00000 0.00000 0.00000 0.00000 0.00000 0.00000 0.00000 0.00000 0.00000 0.00000 0.00000 0.00000 0.00000 0.00000 0.00000 0.00000 0.00000 0.00000 0.00000 0.00000 0.00000 0.00000 0.00000 0.00000 0.00000 0.00000 0.00000 0.00000 0.00000 0.00000 0.00000 0.00000 0.00000 0.00000 0.00000 0.00000 0.00000 0.00000 0.00000 0.00000 0.00000 0.00000 0.00000 0.00000 0.00000 0.00000 0.00000 0.00000 0.00000 0.00000 0.00000 0.00000 0.00000 0.00000 0.00000 0.00000 0.00000 0.00000 0.00000 0.00000 0.00000 0.00000 0.00000 0.00000 0.00000 0.00000 0.00000 0.00000 0.00000 0.00000 0.00000 0.00000 0.00000 0.00000 0.00000 0.00000 0.00000 0.00000 0.00000 0.00000 0.00000 0.00000 0.00000 0.00000 0.00000 0.00000 0.00000 0.00000 0.00000 0.00000 0.00000 0.00000 0.00000 0.00000 0.00000 0.00000 0.00000 0.00000 0.00000 0.00000 0.00000 0.00000 0.00000 0.00000 0.00000 0.00000 0.00000 0.00000 0.00000 0.00000 0.00000 0.00000 0.00000 0.00000 0.00000 0.00000 0.00000 0.00000 0.00000
0.81401 0.81592 0.81623 0.81447 0.81301 0.81436 0.81696 0.81538 0.81182 0.81042 0.81620 0.81163 0.80696 0.80525 0.80899 0.80498 0.80008 0.79902 0.80070 0.79728 0.79341 0.79391 0.79284 0.78932 0.78817 0.77762 0.74475 0.71229 0.68643 0.65995 0.63042 0.59877 0.57204 0.54544 0.51692 0.47625 0.42448 0.37457 0.32456 0.27366 0.22245 0.17303 0.12363 0.07434 0.02460 0.00000 0.00000 0.00000 0.00000 0.00000 0.00000 0.00000 0.00000 0.00000 0.00000 0.00000 0.00000 0.00000 0.00000 0.00000 0.00000 0.00000 0.00000 0.00000 0.00000 0.00000 0.00000 0.00000 0.00000 0.00000 0.00000 0.00000 0.00000 0.00000 0.00000 0.00000 0.00000 0.00000 0.00000 0.00000 0.00000 0.00000 0.00000 0.00000 0.00000 0.00000 0.00000 0.00000 0.00000 0.00000 0.00000 0.00000 0.00000 0.00000 0.00000 0.00000 0.00000 0.00000 0.00000 0.00000 0.00000 0.00000 0.00000 0.00000 0.00000 0.00000 0.00000 0.00000 0.00000 0.00000 0.00000 0.00000 0.00000 0.00000 0.00000 0.00000 0.00000 0.00000 0.00000 0.00000 0.00000 0.00000 0.00000 0.00000 0.00000 0.00000 0.00000 0.00000 0.00000 0.00000 0.00000 0.00000 0.00000 0.00000 0.00000 0.00000 0.00000 0.00000 0.00000 0.00000 0.00000 0.00000 0.00000 0.00000 0.00000 0.00000 0.00000 0.00000 0.00000 0.00000 0.00000 0.00000 0.00000 0.00000 0.00000 0.00000 0.00000 0.00000 0.00000 0.00000 0.00000 0.00000 0.00000 0.00000 0.00000 0.00000 0.00000 0.00000 0.00000 0.00000 0.00000 0.00000 0.00000 0.00000 0.00000 0.00000 0.00000 0.00000 0.00000 0.00000 0.00000 0.00000 0.00000 0.00000 0.00000 0.00000 0.00000 0.00000 0.00000 0.00000 0.00000 0.00000 0.00000 0.00000 0.00000 0.00000 0.00000 0.00000 0.00000 0.00000 0.00000 0.00000 0.00000 0.00000 0.00000 0.00000 0.00000 0.00000 0.00000 0.00000
0.81786 0.81539 0.81477 0.81229 0.81443 0.81313 0.81443 0.81265 0.81148 0.80976 0.81035 0.81270 0.80811 0.80423 0.80434 0.80605 0.80231 0.79692 0.79796 0.79910 0.79552 0.78959 0.79141 0.79249 0.78791 0.76590 0.73439 0.69935 0.65821 0.62089 0.58799 0.55164 0.51371 0.47758 0.44272 0.40447 0.36019 0.31649 0.27361 0.23241 0.18946 0.14616 0.10432 0.06259 0.02084 0.00000 0.00000 0.00000 0.00000 0.00000 0.00000 0.00000 0.00000 0.00000 0.00000 0.00000 0.00000 0.00000 0.00000 0.00000 0.00000 0.00000 0.00000 0.00000 0.00000 0.00000 0.00000 0.00000 0.00000 0.00000 0.00000 0.00000 0.00000 0.00000 0.00000 0.00000 0.00000 0.00000 0.00000 0.00000 0.00000 0.00000 0.00000 0.00000 0.00000 0.00000 0.00000 0.00000 0.00000 0.00000 0.00000 0.00000 0.00000 0.00000 0.00000 0.00000 0.00000 0.00000 0.00000 0.00000 0.00000 0.00000 0.00000 0.00000 0.00000 0.00000 0.00000 0.00000 0.00000 0.00000 0.00000 0.00000 0.00000 0.00000 0.00000 0.00000 0.00000 0.00000 0.00000 0.00000 0.00000 0.00000 0.00000 0.00000 0.00000 0.00000 0.00000 0.00000 0.00000 0.00000 0.00000 0.00000 0.00000 0.00000 0.00000 0.00000 0.00000 0.00000 0.00000 0.00000 0.00000 0.00000 0.00000 0.00000 0.00000 0.00000 0.00000 0.00000 0.00000 0.00000 0.00000 0.00000 0.00000 0.00000 0.00000 0.00000 0.00000 0.00000 0.00000 0.00000 0.00000 0.00000 0.00000 0.00000 0.00000 0.00000 0.00000 0.00000 0.00000 0.00000 0.00000 0.00000 0.00000 0.00000 0.00000 0.00000 0.00000 0.00000 0.00000 0.00000 0.00000 0.00000 0.00000 0.00000 0.00000 0.00000 0.00000 0.00000 0.00000 0.00000 0.00000 0.00000 0.00000 0.00000 0.00000 0.00000 0.00000 0.00000 0.00000 0.00000 0.00000 0.00000 0.00000 0.00000 0.00000 0.00000 0.00000 0.00000 0.00000 0.00000
0.80941 0.80976 0.80832 0.81107 0.81236 0.81286 0.80958 0.80901 0.81366 0.81163 0.80779 0.80622 0.81131 0.80638 0.80223 0.80060 0.80452 0.79981 0.79542 0.79429 0.79715 0.79204 0.78893 0.79039 0.78927 0.76230 0.71889 0.67784 0.63330 0.58453 0.54233 0.50051 0.45650 0.41200 0.36773 0.32938 0.29507 0.25934 0.22340 0.18879 0.15507 0.12051 0.08537 0.05109 0.01701 0.00000 0.00000 0.00000 0.00000 0.00000 0.00000 0.00000 0.00000 0.00000 0.00000 0.00000 0.00000 0.00000 0.00000 0.00000 0.00000 0.00000 0.00000 0.00000 0.00000 0.00000 0.00000 0.00000 0.00000 0.00000 0.00000 0.00000 0.00000 0.00000 0.00000 0.00000 0.00000 0.00000 0.00000 0.00000 0.00000 0.00000 0.00000 0.00000 0.00000 0.00000 0.00000 0.00000 0.00000 0.00000 0.00000 0.00000 0.00000 0.00000 0.00000 0.00000 0.00000 0.00000 0.00000 0.00000 0.00000 0.00000 0.00000 0.00000 0.00000 0.00000 0.00000 0.00000 0.00000 0.00000 0.00000 0.00000 0.00000 0.00000 0.00000 0.00000 0.00000 0.00000 0.00000 0.00000 0.00000 0.00000 0.00000 0.00000 0.00000 0.00000 0.00000 0.00000 0.00000 0.00000 0.00000 0.00000 0.00000 0.00000 0.00000 0.00000 0.00000 0.00000 0.00000 0.00000 0.00000 0.00000 0.00000 0.00000 0.00000 0.00000 0.00000 0.00000 0.00000 0.00000 0.00000 0.00000 0.00000 0.00000 0.00000 0.00000 0.00000 0.00000 0.00000 0.00000 0.00000 0.00000 0.00000 0.00000 0.00000 0.00000 0.00000 0.00000 0.00000 0.00000 0.00000 0.00000 0.00000 0.00000 0.00000 0.00000 0.00000 0.00000 0.00000 0.00000 0.00000 0.00000 0.00000 0.00000 0.00000 0.00000 0.00000 0.00000 0.00000 0.00000 0.00000 0.00000 0.00000 0.00000 0.00000 0.00000 0.00000 0.00000 0.00000 0.00000 0.00000 0.00000 0.00000 0.00000 0.00000 0.00000 0.00000 0.00000 0.00000 0.00000
0.80777 0.80720 0.80912 0.81018 0.81057 0.80816 0.80909 0.80930 0.81101 0.81014 0.80797 0.80556 0.80537 0.80762 0.80359 0.79909 0.79911 0.80088 0.79709 0.79209 0.79309 0.79449 0.78979 0.78564 0.78831 0.76234 0.70656 0.65268 0.60509 0.55287 0.49841 0.44787 0.39811 0.34667 0.29506 0.25566 0.22859 0.20219 0.17434 0.14668 0.11986 0.09348 0.06661 0.03970 0.01321 0.00000 0.00000 0.00000 0.00000 0.00000 0.00000 0.00000 0.00000 0.00000 0.00000 0.00000 0.00000 0.00000 0.00000 0.00000 0.00000 0.00000 0.00000 0.00000 0.00000 0.00000 0.00000 0.00000 0.00000 0.00000 0.00000 0.00000 0.00000 0.00000 0.00000 0.00000 0.00000 0.00000 0.00000 0.00000 0.00000 0.00000 0.00000 0.00000 0.00000 0.00000 0.00000 0.00000 0.00000 0.00000 0.00000 0.00000 0.00000 0.00000 0.00000 0.00000 0.00000 0.00000 0.00000 0.00000 0.00000 0.00000 0.00000 0.00000 0.00000 0.00000 0.00000 0.00000 0.00000 0.00000 0.00000 0.00000 0.00000 0.00000 0.00000 0.00000 0.00000 0.00000 0.00000 0.00000 0.00000 0.00000 0.00000 0.00000 0.00000 0.00000 0.00000 0.00000 0.00000 0.00000 0.00000 0.00000 0.00000 0.00000 0.00000 0.00000 0.00000 0.00000 0.00000 0.00000 0.00000 0.00000 0.00000 0.00000 0.00000 0.00000 0.00000 0.00000 0.00000 0.00000 0.00000 0.00000 0.00000 0.00000 0.00000 0.00000 0.00000 0.00000 0.00000 0.00000 0.00000 0.00000 0.00000 0.00000 0.00000 0.00000 0.00000 0.00000 0.00000 0.00000 0.00000 0.00000 0.00000 0.00000 0.00000 0.00000 0.00000 0.00000 0.00000 0.00000 0.00000 0.00000 0.00000 0.00000 0.00000 0.00000 0.00000 0.00000 0.00000 0.00000 0.00000 0.00000 0.00000 0.00000 0.00000 0.00000 0.00000 0.00000 0.00000 0.00000 0.00000 0.00000 0.00000 0.00000 0.00000 0.00000 0.00000 0.00000 0.00000 0.00000
0.80342 0.80652 0.80769 0.80917 0.80618 0.80597 0.80912 0.81052 0.80629 0.80526 0.81034 0.80614 0.80316 0.80190 0.80584 0.80042 0.79683 0.79599 0.79895 0.79400 0.79001 0.78993 0.79157 0.78592 0.78482 0.75714 0.69622 0.63273 0.57417 0.51736 0.45768 0.39690 0.33765 0.27993 0.22213 0.18292 0.16255 0.14333 0.12477 0.10522 0.08553 0.06636 0.04746 0.02856 0.00946 0.00000 0.00000 0.00000 0.00000 0.00000 0.00000 0.00000 0.00000 0.00000 0.00000 0.00000 0.00000 0.00000 0.00000 0.00000 0.00000 0.00000 0.00000 0.00000 0.00000 0.00000 0.00000 0.00000 0.00000 0.00000 0.00000 0.00000 0.00000 0.00000 0.00000 0.00000 0.00000 0.00000 0.00000 0.00000 0.00000 0.00000 0.00000 0.00000 0.00000 0.00000 0.00000 0.00000 0.00000 0.00000 0.00000 0.00000 0.00000 0.00000 0.00000 0.00000 0.00000 0.00000 0.00000 0.00000 0.00000 0.00000 0.00000 0.00000 0.00000 0.00000 0.00000 0.00000 0.00000 0.00000 0.00000 0.00000 0.00000 0.00000 0.00000 0.00000 0.00000 0.00000 0.00000 0.00000 0.00000 0.00000 0.00000 0.00000 0.00000 0.00000 0.00000 0.00000 0.00000 0.00000 0.00000 0.00000 0.00000 0.00000 0.00000 0.00000 0.00000 0.00000 0.00000 0.00000 0.00000 0.00000 0.00000 0.00000 0.00000 0.00000 0.00000 0.00000 0.00000 0.00000 0.00000 0.00000 0.00000 0.00000 0.00000 0.00000 0.00000 0.00000 0.00000 0.00000 0.00000 0.00000 0.00000 0.00000 0.00000 0.00000 0.00000 0.00000 0.00000 0.00000 0.00000 0.00000 0.00000 0.00000 0.00000 0.00000 0.00000 0.00000 0.00000 0.00000 0.00000 0.00000 0.00000 0.00000 0.00000 0.00000 0.00000 0.00000 0.00000 0.00000 0.00000 0.00000 0.00000 0.00000 0.00000 0.00000 0.00000 0.00000 0.00000 0.00000 0.00000 0.00000 0.00000 0.00000 0.00000 0.00000 0.00000 0.00000 0.00000 0.00000
0.80196 0.80390 0.80350 0.80284 0.80422 0.80739 0.80873 0.80573 0.80578 0.80520 0.80638 0.80676 0.80359 0.80031 0.80038 0.80176 0.79800 0.79343 0.79397 0.79528 0.79096 0.78680 0.78862 0.78870 0.78316 0.74758 0.68417 0.61614 0.54563 0.47962 0.41462 0.34698 0.27973 0.21368 0.14836 0.10979 0.09778 0.08588 0.07437 0.06319 0.05147 0.03976 0.02834 0.01705 0.00568 0.00000 0.00000 0.00000 0.00000 0.00000 0.00000 0.00000 0.00000 0.00000 0.00000 0.00000 0.00000 0.00000 0.00000 0.00000 0.00000 0.00000 0.00000 0.00000 0.00000 0.00000 0.00000 0.00000 0.00000 0.00000 0.00000 0.00000 0.00000 0.00000 0.00000 0.00000 0.00000 0.00000 0.00000 0.00000 0.00000 0.00000 0.00000 0.00000 0.00000 0.00000 0.00000 0.00000 0.00000 0.00000 0.00000 0.00000 0.00000 0.00000 0.00000 0.00000 0.00000 0.00000 0.00000 0.00000 0.00000 0.00000 0.00000 0.00000 0.00000 0.00000 0.00000 0.00000 0.00000 0.00000 0.00000 0.00000 0.00000 0.00000 0.00000 0.00000 0.00000 0.00000 0.00000 0.00000 0.00000 0.00000 0.00000 0.00000 0.00000 0.00000 0.00000 0.00000 0.00000 0.00000 0.00000 0.00000 0.00000 0.00000 0.00000 0.00000 0.00000 0.00000 0.00000 0.00000 0.00000 0.00000 0.00000 0.00000 0.00000 0.00000 0.00000 0.00000 0.00000 0.00000 0.00000 0.00000 0.00000 0.00000 0.00000 0.00000 0.00000 0.00000 0.00000 0.00000 0.00000 0.00000 0.00000 0.00000 0.00000 0.00000 0.00000 0.00000 0.00000 0.00000 0.00000 0.00000 0.00000 0.00000 0.00000 0.00000 0.00000 0.00000 0.00000 0.00000 0.00000 0.00000 0.00000 0.00000 0.00000 0.00000 0.00000 0.00000 0.00000 0.00000 0.00000 0.00000 0.00000 0.00000 0.00000 0.00000 0.00000 0.00000 0.00000 0.00000 0.00000 0.00000 0.00000 0.00000 0.00000 0.00000 0.00000 0.00000 0.00000 0.00000
0.80155 0.80263 0.80061 0.80175 0.80501 0.80795 0.80444 0.80315 0.80628 0.80530 0.80234 0.80225 0.80598 0.79998 0.79761 0.79775 0.79974 0.79411 0.79095 0.79131 0.79294 0.78754 0.78516 0.78589 0.78474 0.74298 0.66942 0.59611 0.52055 0.44317 0.36924 0.29606 0.22248 0.14849 0.07468 0.03637 0.03265 0.02872 0.02473 0.02086 0.01714 0.01333 0.00947 0.00565 0.00188 0.00000 0.00000 0.00000 0.00000 0.00000 0.00000 0.00000 0.00000 0.00000 0.00000 0.00000 0.00000 0.00000 0.00000 0.00000 0.00000 0.00000 0.00000 0.00000 0.00000 0.00000 0.00000 0.00000 0.00000 0.00000 0.00000 0.00000 0.00000 0.00000 0.00000 0.00000 0.00000 0.00000 0.00000 0.00000 0.00000 0.00000 0.00000 0.00000 0.00000 0.00000 0.00000 0.00000 0.00000 0.00000 0.00000 0.00000 0.00000 0.00000 0.00000 0.00000 0.00000 0.00000 0.00000 0.00000 0.00000 0.00000 0.00000 0.00000 0.00000 0.00000 0.00000 0.00000 0.00000 0.00000 0.00000 0.00000 0.00000 0.00000 0.00000 0.00000 0.00000 0.00000 0.00000 0.00000 0.00000 0.00000 0.00000 0.00000 0.00000 0.00000 0.00000 0.00000 0.00000 0.00000 0.00000 0.00000 0.00000 0.00000 0.00000 0.00000 0.00000 0.00000 0.00000 0.00000 0.00000 0.00000 0.00000 0.00000 0.00000 0.00000 0.00000 0.00000 0.00000 0.00000 0.00000 0.00000 0.00000 0.00000 0.00000 0.00000 0.00000 0.00000 0.00000 0.00000 0.00000 0.00000 0.00000 0.00000 0.00000 0.00000 0.00000 0.00000 0.00000 0.00000 0.00000 0.00000 0.00000 0.00000 0.00000 0.00000 0.00000 0.00000 0.00000 0.00000 0.00000 0.00000 0.00000 0.00000 0.00000 0.00000 0.00000 0.00000 0.00000 0.00000 0.00000 0.00000 0.00000 0.00000 0.00000 0.00000 0.00000 0.00000 0.00000 0.00000 0.00000 0.00000 0.00000 0.00000 0.00000 0.00000 0.00000 0.00000 0.00000 0.00000
0.79536 0.79705 0.79865 0.80325 0.80334 0.80179 0.80176 0.80453 0.80610 0.80330 0.80184 0.80039 0.80163 0.80195 0.79797 0.79219 0.78918 0.78566 0.77753 0.76976 0.76778 0.76376 0.75463 0.74875 0.74700 0.70543 0.62769 0.55418 0.48095 0.40505 0.32986 0.25638 0.18339 0.10987 0.03646 0.00000 0.00000 0.00000 0.00000 0.00000 0.00000 0.00000 0.00000 0.00000 0.00000 0.00000 0.00000 0.00000 0.00000 0.00000 0.00000 0.00000 0.00000 0.00000 0.00000 0.00000 0.00000 0.00000 0.00000 0.00000 0.00000 0.00000 0.00000 0.00000 0.00000 0.00000 0.00000 0.00000 0.00000 0.00000 0.00000 0.00000 0.00000 0.00000 0.00000 0.00000 0.00000 0.00000 0.00000 0.00000 0.00000 0.00000 0.00000 0.00000 0.00000 0.00182 0.00541 0.00901 0.01268 0.01631 0.01988 0.02344 0.02710 0.03073 0.03437 0.03432 0.03068 0.02707 0.02357 0.01992 0.01619 0.01261 0.00909 0.00545 0.00180 0.00000 0.00000 0.00000 0.00000 0.00000 0.00000 0.00000 0.00000 0.00000 0.00000 0.00000 0.00000 0.00000 0.00000 0.00000 0.00000 0.00000 0.00000 0.00000 0.00000 0.00000 0.00000 0.00000 0.00000 0.00000 0.00000 0.00000 0.00000 0.00000 0.00000 0.00000 0.00000 0.00000 0.00000 0.00000 0.00000 0.00000 0.00000 0.00000 0.00000 0.00000 0.00000 0.00000 0.00000 0.00000 0.00000 0.00000 0.00000 0.00000 0.00000 0.00190 0.00569 0.00949 0.01332 0.01719 0.02102 0.02483 0.02872 0.03265 0.03653 0.03847 0.03853 0.03861 0.03871 0.03876 0.03878 0.03885 0.03896 0.03902 0.03904 0.03716 0.03335 0.02947 0.02551 0.02160 0.01777 0.01386 0.00988 0.00593 0.00199 0.00000 0.00000 0.00000 0.00000 0.00000 0.00000 0.00000 0.00000 0.00000 0.00000 0.00000 0.00000 0.00000 0.00000 0.00000 0.00000 0.00000 0.00000 0.00000 0.00000 0.00000 0.00000 0.00000 0.00000 0.00000
0.79408 0.79664 0.79937 0.80221 0.80028 0.79984 0.80262 0.80471 0.80143 0.80072 0.80370 0.79984 0.79780 0.79837 0.80034 0.78789 0.77403 0.76284 0.75161 0.73500 0.72097 0.70983 0.69711 0.68189 0.67097 0.63093 0.56114 0.49358 0.42939 0.36268 0.29594 0.22961 0.16306 0.09776 0.03266 0.00000 0.00000 0.00000 0.00000 0.00000 0.00000 0.00000 0.00000 0.00000 0.00000 0.00000 0.00000 0.00000 0.00000 0.00000 0.00000 0.00000 0.00000 0.00000 0.00000 0.00000 0.00000 0.00000 0.00000 0.00000 0.00000 0.00000 0.00000 0.00000 0.00000 0.00000 0.00000 0.00000 0.00000 0.00000 0.00000 0.00000 0.00000 0.00000 0.00000 0.00000 0.00000 0.00000 0.00000 0.00000 0.00000 0.00000 0.00000 0.00000 0.00000 0.00544 0.01632 0.02704 0.03779 0.04894 0.05995 0.07017 0.08103 0.09264 0.10377 0.10250 0.09184 0.08164 0.07091 0.05941 0.04858 0.03799 0.02718 0.01630 0.00541 0.00000 0.00000 0.00000 0.00000 0.00000 0.00000 0.00000 0.00000 0.00000 0.00000 0.00000 0.00000 0.00000 0.00000 0.00000 0.00000 0.00000 0.00000 0.00000 0.00000 0.00000 0.00000 0.00000 0.00000 0.00000 0.00000 0.00000 0.00000 0.00000 0.00000 0.00000 0.00000 0.00000 0.00000 0.00000 0.00000 0.00000 0.00000 0.00000 0.00000 0.00000 0.00000 0.00000 0.00000 0.00000 0.00000 0.00000 0.00000 0.00000 0.00000 0.00570 0.01711 0.02853 0.04004 0.05159 0.06312 0.07472 0.08633 0.09792 0.10968 0.11579 0.11591 0.11585 0.11607 0.11656 0.11675 0.11662 0.11678 0.11729 0.11750 0.11160 0.10000 0.08838 0.07678 0.06518 0.05324 0.04140 0.02973 0.01791 0.00595 0.00000 0.00000 0.00000 0.00000 0.00000 0.00000 0.00000 0.00000 0.00000 0.00000 0.00000 0.00000 0.00000 0.00000 0.00000 0.00000 0.00000 0.00000 0.00000 0.00000 0.00000 0.00000 0.00000 0.00000 0.00000
0.79584 0.79850 0.79713 0.79675 0.79666 0.80240 0.80257 0.79998 0.79860 0.80029 0.80241 0.80038 0.79691 0.79478 0.79630 0.78617 0.76187 0.73878 0.72065 0.70106 0.67665 0.65560 0.63762 0.61591 0.59283 0.55527 0.49622 0.43512 0.37661 0.31934 0.26107 0.20231 0.14395 0.08603 0.02873 0.00000 0.00000 0.00000 0.00000 0.00000 0.00000 0.00000 0.00000 0.00000 0.00000 0.00000 0.00000 0.00000 0.00000 0.00000 0.00000 0.00000 0.00000 0.00000 0.00000 0.00000 0.00000 0.00000 0.00000 0.00000 0.00000 0.00000 0.00000 0.00000 0.00000 0.00000 0.00000 0.00000 0.00000 0.00000 0.00000 0.00000 0.00000 0.00000 0.00000 0.00000 0.00000 0.00000 0.00000 0.00000 0.00000 0.00000 0.00000 0.00000 0.00000 0.00899 0.02718 0.04529 0.06321 0.08099 0.09917 0.11748 0.13565 0.15331 0.17125 0.17152 0.15388 0.13547 0.11697 0.09915 0.08164 0.06342 0.04496 0.02698 0.00909 0.00000 0.00000 0.00000 0.00000 0.00000 0.00000 0.00000 0.00000 0.00000 0.00000 0.00000 0.00000 0.00000 0.00000 0.00000 0.00000 0.00000 0.00000 0.00000 0.00000 0.00000 0.00000 0.00000 0.00000 0.00000 0.00000 0.00000 0.00000 0.00000 0.00000 0.00000 0.00000 0.00000 0.00000 0.00000 0.00000 0.00000 0.00000 0.00000 0.00000 0.00000 0.00000 0.00000 0.00000 0.00000 0.00000 0.00000 0.00000 0.00000 0.00000 0.00948 0.02854 0.04774 0.06684 0.08583 0.10520 0.12484 0.14418 0.16331 0.18279 0.19306 0.19350 0.19364 0.19369 0.19409 0.19473 0.19504 0.19502 0.19534 0.19601 0.18654 0.16686 0.14728 0.12822 0.10885 0.08888 0.06908 0.04962 0.02989 0.00994 0.00000 0.00000 0.00000 0.00000 0.00000 0.00000 0.00000 0.00000 0.00000 0.00000 0.00000 0.00000 0.00000 0.00000 0.00000 0.00000 0.00000 0.00000 0.00000 0.00000 0.00000 0.00000 0.00000 0.00000 0.00000
0.79206 0.79424 0.79310 0.79422 0.79798 0.80149 0.79934 0.79837 0.80035 0.79996 0.79732 0.79792 0.79989 0.79435 0.79257 0.77920 0.75201 0.71941 0.69018 0.66314 0.63437 0.60449 0.57740 0.54905 0.51862 0.47890 0.43042 0.37869 0.32591 0.27575 0.22558 0.17481 0.12479 0.07481 0.02482 0.00000 0.00000 0.00000 0.00000 0.00000 0.00000 0.00000 0.00000 0.00000 0.00000 0.00000 0.00000 0.00000 0.00000 0.00000 0.00000 0.00000 0.00000 0.00000 0.00000 0.00000 0.00000 0.00000 0.00000 0.00000 0.00000 0.00000 0.00000 0.00000 0.00000 0.00000 0.00000 0.00000 0.00000 0.00000 0.00000 0.00000 0.00000 0.00000 0.00000 0.00000 0.00000 0.00000 0.00000 0.00000 0.00000 0.00000 0.00000 0.00000 0.00000 0.01263 0.03777 0.06324 0.08881 0.11344 0.13837 0.16480 0.19086 0.21385 0.23941 0.24128 0.21640 0.18871 0.16372 0.13938 0.11432 0.08840 0.06300 0.03789 0.01267 0.00000 0.00000 0.00000 0.00000 0.00000 0.00000 0.00000 0.00000 0.00000 0.00000 0.00000 0.00000 0.00000 0.00000 0.00000 0.00000 0.00000 0.00000 0.00000 0.00000 0.00000 0.00000 0.00000 0.00000 0.00000 0.00000 0.00000 0.00000 0.00000 0.00000 0.00000 0.00000 0.00000 0.00000 0.00000 0.00000 0.00000 0.00000 0.00000 0.00000 0.00000 0.00000 0.00000 0.00000 0.00000 0.00000 0.00000 0.00000 0.00000 0.00000 0.01329 0.03998 0.06681 0.09359 0.12043 0.14742 0.17452 0.20188 0.22926 0.25632 0.26991 0.27069 0.27169 0.27189 0.27161 0.27218 0.27350 0.27387 0.27351 0.27407 0.26137 0.23410 0.20690 0.17949 0.15179 0.12463 0.09744 0.06951 0.04163 0.01394 0.00000 0.00000 0.00000 0.00000 0.00000 0.00000 0.00000 0.00000 0.00000 0.00000 0.00000 0.00000 0.00000 0.00000 0.00000 0.00000 0.00000 0.00000 0.00000 0.00000 0.00000 0.00000 0.00000 0.00000 0.00000
0.79070 0.79244 0.79298 0.79883 0.79776 0.79643 0.79503 0.80054 0.80084 0.79729 0.79502 0.79495 0.79725 0.79618 0.79150 0.77098 0.73680 0.70137 0.66138 0.62508 0.59108 0.55384 0.51556 0.48186 0.44601 0.40448 0.36272 0.31996 0.27564 0.23218 0.19015 0.14801 0.10561 0.06319 0.02097 0.00000 0.00000 0.00000 0.00000 0.00000 0.00000 0.00000 0.00000 0.00000 0.00000 0.00000 0.00000 0.00000 0.00000 0.00000 0.00000 0.00000 0.00000 0.00000 0.00000 0.00000 0.00000 0.00000 0.00000 0.00000 0.00000 0.00000 0.00000 0.00000 0.00000 0.00000 0.00000 0.00000 0.00000 0.00000 0.00000 0.00000 0.00000 0.00000 0.00000 0.00000 0.00000 0.00000 0.00000 0.00000 0.00000 0.00000 0.00000 0.00000 0.00000 0.01630 0.04866 0.08084 0.11359 0.14630 0.17918 0.21070 0.24282 0.27598 0.30933 0.30850 0.27530 0.24357 0.21189 0.17892 0.14548 0.11338 0.08167 0.04896 0.01622 0.00000 0.00000 0.00000 0.00000 0.00000 0.00000 0.00000 0.00000 0.00000 0.00000 0.00000 0.00000 0.00000 0.00000 0.00000 0.00000 0.00000 0.00000 0.00000 0.00000 0.00000 0.00000 0.00000 0.00000 0.00000 0.00000 0.00000 0.00000 0.00000 0.00000 0.00000 0.00000 0.00000 0.00000 0.00000 0.00000 0.00000 0.00000 0.00000 0.00000 0.00000 0.00000 0.00000 0.00000 0.00000 0.00000 0.00000 0.00000 0.00000 0.00000 0.01717 0.05149 0.08566 0.12030 0.15552 0.19017 0.22428 0.25929 0.29530 0.33065 0.34784 0.34807 0.34903 0.35018 0.35069 0.35061 0.35105 0.35237 0.35321 0.35311 0.33569 0.30149 0.26690 0.23107 0.19534 0.16061 0.12547 0.08950 0.05361 0.01796 0.00000 0.00000 0.00000 0.00000 0.00000 0.00000 0.00000 0.00000 0.00000 0.00000 0.00000 0.00000 0.00000 0.00000 0.00000 0.00000 0.00000 0.00000 0.00000 0.00000 0.00000 0.00000 0.00000 0.00000 0.00000
0.78549 0.78871 0.79189 0.79531 0.79416 0.79444 0.79715 0.79914 0.79697 0.79623 0.79697 0.79517 0.79275 0.79299 0.79381 0.76772 0.72248 0.67866 0.63444 0.58938 0.54685 0.50275 0.45682 0.41337 0.37224 0.33225 0.29497 0.26061 0.22636 0.19066 0.15512 0.12083 0.08641 0.05156 0.01712 0.00000 0.00000 0.00000 0.00000 0.00000 0.00000 0.00000 0.00000 0.00000 0.00000 0.00000 0.00000 0.00000 0.00000 0.00000 0.00000 0.00000 0.00000 0.00000 0.00000 0.00000 0.00000 0.00000 0.00000 0.00000 0.00000 0.00000 0.00000 0.00000 0.00000 0.00000 0.00000 0.00000 0.00000 0.00000 0.00000 0.00000 0.00000 0.00000 0.00000 0.00000 0.00000 0.00000 0.00000 0.00000 0.00000 0.00000 0.00000 0.00000 0.00000 0.01983 0.05971 0.09937 0.13819 0.17844 0.21947 0.25710 0.29647 0.33882 0.37989 0.37529 0.33607 0.29896 0.25982 0.21767 0.17797 0.13917 0.09969 0.05971 0.01984 0.00000 0.00000 0.00000 0.00000 0.00000 0.00000 0.00000 0.00000 0.00000 0.00000 0.00000 0.00000 0.00000 0.00000 0.00000 0.00000 0.00000 0.00000 0.00000 0.00000 0.00000 0.00000 0.00000 0.00000 0.00000 0.00000 0.00000 0.00000 0.00000 0.00000 0.00000 0.00000 0.00000 0.00000 0.00000 0.00000 0.00000 0.00000 0.00000 0.00000 0.00000 0.00000 0.00000 0.00000 0.00000 0.00000 0.00000 0.00000 0.00000 0.00000 0.02099 0.06295 0.10498 0.14734 0.18991 0.23252 0.27510 0.31759 0.36045 0.40426 0.42655 0.42655 0.42648 0.42778 0.42962 0.42990 0.42930 0.43038 0.43243 0.43281 0.41095 0.36866 0.32592 0.28268 0.24029 0.19675 0.15267 0.10935 0.06607 0.02201 0.00000 0.00000 0.00000 0.00000 0.00000 0.00000 0.00000 0.00000 0.00000 0.00000 0.00000 0.00000 0.00000 0.00000 0.00000 0.00000 0.00000 0.00000 0.00000 0.00000 0.00000 0.00000 0.00000 0.00000 0.00000
0.79014 0.79293 0.79174 0.79175 0.79105 0.79880 0.79768 0.79493 0.79286 0.79590 0.79743 0.79407 0.79123 0.78922 0.79094 0.76490 0.70951 0.65779 0.60687 0.55400 0.50065 0.45161 0.40001 0.34685 0.29672 0.25797 0.22954 0.20158 0.17526 0.14833 0.12115 0.09359 0.06668 0.04009 0.01337 0.00000 0.00000 0.00000 0.00000 0.00000 0.00000 0.00000 0.00000 0.00000 0.00000 0.00000 0.00000 0.00000 0.00000 0.00000 0.00000 0.00000 0.00000 0.00000 0.00000 0.00000 0.00000 0.00000 0.00000 0.00000 0.00000 0.00000 0.00000 0.00000 0.00000 0.00000 0.00000 0.00000 0.00000 0.00000 0.00000 0.00000 0.00000 0.00000 0.00000 0.00000 0.00000 0.00000 0.00000 0.00000 0.00000 0.00000 0.00000 0.00000 0.00000 0.02331 0.07039 0.11751 0.16457 0.21036 0.25678 0.30428 0.35277 0.39862 0.44419 0.44524 0.39954 0.35186 0.30363 0.25775 0.21195 0.16464 0.11677 0.07009 0.02358 0.00000 0.00000 0.00000 0.00000 0.00000 0.00000 0.00000 0.00000 0.00000 0.00000 0.00000 0.00000 0.00000 0.00000 0.00000 0.00000 0.00000 0.00000 0.00000 0.00000 0.00000 0.00000 0.00000 0.00000 0.00000 0.00000 0.00000 0.00000 0.00000 0.00000 0.00000 0.00000 0.00000 0.00000 0.00000 0.00000 0.00000 0.00000 0.00000 0.00000 0.00000 0.00000 0.00000 0.00000 0.00000 0.00000 0.00000 0.00000 0.00000 0.00000 0.02471 0.07444 0.12477 0.17467 0.22388 0.27436 0.32629 0.37696 0.42628 0.47698 0.50434 0.50577 0.50600 0.50592 0.50669 0.50872 0.51006 0.50978 0.50992 0.51199 0.48797 0.43649 0.38495 0.33486 0.28453 0.23280 0.18082 0.12967 0.07811 0.02603 0.00000 0.00000 0.00000 0.00000 0.00000 0.00000 0.00000 0.00000 0.00000 0.00000 0.00000 0.00000 0.00000 0.00000 0.00000 0.00000 0.00000 0.00000 0.00000 0.00000 0.00000 0.00000 0.00000 0.00000 0.00000
0.78628 0.78828 0.78700 0.78869 0.79271 0.79569 0.79413 0.79354 0.79396 0.79539 0.79354 0.79250 0.79163 0.79082 0.78881 0.75719 0.69718 0.63757 0.57971 0.51839 0.45739 0.39819 0.34136 0.28218 0.22182 0.18339 0.16453 0.14461 0.12451 0.10519 0.08651 0.06713 0.04755 0.02855 0.00954 0.00000 0.00000 0.00000 0.00000 0.00000 0.00000 0.00000 0.00000 0.00000 0.00000 0.00000 0.00000 0.00000 0.00000 0.00000 0.00000 0.00000 0.00000 0.00000 0.00000 0.00000 0.00000 0.00000 0.00000 0.00000 0.00000 0.00000 0.00000 0.00000 0.00000 0.00000 0.00000 0.00000 0.00000 0.00000 0.00000 0.00000 0.00000 0.00000 0.00000 0.00000 0.00000 0.00000 0.00000 0.00000 0.00000 0.00000 0.00000 0.00000 0.00000 0.02714 0.08100 0.13473 0.18995 0.24347 0.29621 0.35231 0.40820 0.45776 0.51147 0.51651 0.46255 0.40419 0.35010 0.29885 0.24505 0.18919 0.13492 0.08118 0.02718 0.00000 0.00000 0.00000 0.00000 0.00000 0.00000 0.00000 0.00000 0.00000 0.00000 0.00000 0.00000 0.00000 0.00000 0.00000 0.00000 0.00000 0.00000 0.00000 0.00000 0.00000 0.00000 0.00000 0.00000 0.00000 0.00000 0.00000 0.00000 0.00000 0.00000 0.00000 0.00000 0.00000 0.00000 0.00000 0.00000 0.00000 0.00000 0.00000 0.00000 0.00000 0.00000 0.00000 0.00000 0.00000 0.00000 0.00000 0.00000 0.00000 0.00000 0.02859 0.08606 0.14379 0.20151 0.25922 0.31720 0.37576 0.43503 0.49361 0.55146 0.58128 0.58345 0.58521 0.58517 0.58494 0.58666 0.58935 0.58969 0.58915 0.59077 0.56342 0.50434 0.44553 0.38726 0.32768 0.26824 0.20996 0.15023 0.08984 0.02998 0.00000 0.00000 0.00000 0.00000 0.00000 0.00000 0.00000 0.00000 0.00000 0.00000 0.00000 0.00000 0.00000 0.00000 0.00000 0.00000 0.00000 0.00000 0.00000 0.00000 0.00000 0.00000 0.00000 0.00000 0.00000
0.78381 0.78606 0.78670 0.79372 0.79304 0.79169 0.79052 0.79647 0.79648 0.79167 0.79050 0.79032 0.79149 0.79007 0.78684 0.75341 0.68577 0.61690 0.54810 0.48422 0.41639 0.34719 0.28079 0.21539 0.14893 0.10960 0.09833 0.08665 0.07478 0.06298 0.05150 0.04020 0.02870 0.01708 0.00568 0.00000 0.00000 0.00000 0.00000 0.00000 0.00000 0.00000 0.00000 0.00000 0.00000 0.00000 0.00000 0.00000 0.00000 0.00000 0.00000 0.00000 0.00000 0.00000 0.00000 0.00000 0.00000 0.00000 0.00000 0.00000 0.00000 0.00000 0.00000 0.00000 0.00000 0.00000 0.00000 0.00000 0.00000 0.00000 0.00000 0.00000 0.00000 0.00000 0.00000 0.00000 0.00000 0.00000 0.00000 0.00000 0.00000 0.00000 0.00000 0.00000 0.00000 0.03077 0.09201 0.15237 0.21371 0.27495 0.33862 0.39870 0.45780 0.51983 0.58349 0.58274 0.51976 0.45980 0.39942 0.33743 0.27485 0.21438 0.15409 0.09234 0.03065 0.00000 0.00000 0.00000 0.00000 0.00000 0.00000 0.00000 0.00000 0.00000 0.00000 0.00000 0.00000 0.00000 0.00000 0.00000 0.00000 0.00000 0.00000 0.00000 0.00000 0.00000 0.00000 0.00000 0.00000 0.00000 0.00000 0.00000 0.00000 0.00000 0.00000 0.00000 0.00000 0.00000 0.00000 0.00000 0.00000 0.00000 0.00000 0.00000 0.00000 0.00000 0.00000 0.00000 0.00000 0.00000 0.00000 0.00000 0.00000 0.00000 0.00000 0.03260 0.09774 0.16244 0.22812 0.29528 0.36113 0.42553 0.49188 0.56064 0.62792 0.66039 0.66081 0.66250 0.66474 0.66623 0.66621 0.66629 0.66877 0.67135 0.67128 0.63743 0.57225 0.50697 0.43964 0.37173 0.30493 0.23808 0.17028 0.10212 0.03411 0.00000 0.00000 0.00000 0.00000 0.00000 0.00000 0.00000 0.00000 0.00000 0.00000 0.00000 0.00000 0.00000 0.00000 0.00000 0.00000 0.00000 0.00000 0.00000 0.00000 0.00000 0.00000 0.00000 0.00000 0.00000
0.78048 0.78392 0.78702 0.79070 0.78890 0.78922 0.79106 0.79483 0.79362 0.79075 0.78962 0.79111 0.79060 0.78683 0.78510 0.74866 0.67531 0.59691 0.52043 0.44566 0.37298 0.29794 0.22213 0.14851 0.07555 0.03670 0.03258 0.02872 0.02501 0.02111 0.01713 0.01331 0.00955 0.00572 0.00189 0.00000 0.00000 0.00000 0.00000 0.00000 0.00000 0.00000 0.00000 0.00000 0.00000 0.00000 0.00000 0.00000 0.00000 0.00000 0.00000 0.00000 0.00000 0.00000 0.00000 0.00000 0.00000 0.00000 0.00000 0.00000 0.00000 0.00000 0.00000 0.00000 0.00000 0.00000 0.00000 0.00000 0.00000 0.00000 0.00000 0.00000 0.00000 0.00000 0.00000 0.00000 0.00000 0.00000 0.00000 0.00000 0.00000 0.00000 0.00000 0.00000 0.00000 0.03408 0.10257 0.17170 0.23939 0.30768 0.37821 0.44375 0.51163 0.58487 0.65412 0.64770 0.57916 0.51660 0.44793 0.37541 0.30693 0.24096 0.17238 0.10297 0.03423 0.00000 0.00000 0.00000 0.00000 0.00000 0.00000 0.00000 0.00000 0.00000 0.00000 0.00000 0.00000 0.00000 0.00000 0.00000 0.00000 0.00000 0.00000 0.00000 0.00000 0.00000 0.00000 0.00000 0.00000 0.00000 0.00000 0.00000 0.00000 0.00000 0.00000 0.00000 0.00000 0.00000 0.00000 0.00000 0.00000 0.00000 0.00000 0.00000 0.00000 0.00000 0.00000 0.00000 0.00000 0.00000 0.00000 0.00000 0.00000 0.00000 0.00000 0.03640 0.10921 0.18219 0.25565 0.32953 0.40368 0.47737 0.55099 0.62596 0.70215 0.74020 0.74010 0.74094 0.74336 0.74572 0.74607 0.74598 0.74812 0.75088 0.75144 0.71413 0.64077 0.56665 0.49128 0.41694 0.34233 0.26606 0.18984 0.11445 0.03832 0.00000 0.00000 0.00000 0.00000 0.00000 0.00000 0.00000 0.00000 0.00000 0.00000 0.00000 0.00000 0.00000 0.00000 0.00000 0.00000 0.00000 0.00000 0.00000 0.00000 0.00000 0.00000 0.00000 0.00000 0.00000
0.78346 0.78675 0.78642 0.78642 0.78633 0.79311 0.79347 0.78930 0.78911 0.79183 0.79080 0.78746 0.78699 0.78750 0.78594 0.74395 0.66401 0.58832 0.50893 0.42688 0.34883 0.27196 0.19396 0.11560 0.03854 0.00000 0.00000 0.00000 0.00000 0.00000 0.00000 0.00000 0.00000 0.00000 0.00000 0.00000 0.00000 0.00000 0.00000 0.00000 0.00000 0.00000 0.00000 0.00000 0.00000 0.00186 0.00559 0.00928 0.01291 0.01664 0.02036 0.02397 0.02754 0.03131 0.03494 0.03481 0.03115 0.02750 0.02375 0.02006 0.01645 0.01277 0.00908 0.00545 0.00183 0.00000 0.00000 0.00000 0.00000 0.00000 0.00000 0.00000 0.00000 0.00000 0.00000 0.00000 0.00000 0.00000 0.00000 0.00000 0.00000 0.00000 0.00000 0.00000 0.00000 0.03405 0.10236 0.17112 0.24058 0.30876 0.37451 0.44297 0.51520 0.58331 0.64895 0.64983 0.58292 0.51360 0.44443 0.37732 0.30904 0.23988 0.17121 0.10289 0.03429 0.00000 0.00000 0.00000 0.00000 0.00000 0.00000 0.00000 0.00000 0.00000 0.00000 0.00000 0.00000 0.00000 0.00000 0.00000 0.00000 0.00000 0.00000 0.00000 0.00000 0.00000 0.00000 0.00000 0.00000 0.00000 0.00000 0.00000 0.00000 0.00000 0.00000 0.00000 0.00000 0.00000 0.00000 0.00000 0.00000 0.00000 0.00000 0.00000 0.00000 0.00189 0.00565 0.00944 0.01329 0.01711 0.02087 0.02468 0.02863 0.03256 0.03635 0.07448 0.14759 0.22174 0.29508 0.36738 0.44154 0.51786 0.59242 0.66522 0.73993 0.77782 0.77587 0.77286 0.76956 0.76628 0.76463 0.76346 0.75995 0.75555 0.75395 0.71739 0.64231 0.56646 0.49214 0.41799 0.34264 0.26651 0.19057 0.11468 0.03830 0.00000 0.00000 0.00000 0.00000 0.00000 0.00000 0.00000 0.00000 0.00000 0.00000 0.00000 0.00000 0.00000 0.00000 0.00000 0.00000 0.00000 0.00000 0.00000 0.00000 0.00000 0.00000 0.00000 0.00000 0.00000
0.78153 0.78344 0.78206 0.78420 0.78645 0.79282 0.79064 0.78825 0.78799 0.79188 0.79164 0.78567 0.78449 0.78629 0.78737 0.74354 0.66291 0.58434 0.50808 0.42886 0.34849 0.27002 0.19347 0.11609 0.03851 0.00000 0.00000 0.00000 0.00000 0.00000 0.00000 0.00000 0.00000 0.00000 0.00000 0.00000 0.00000 0.00000 0.00000 0.00000 0.00000 0.00000 0.00000 0.00000 0.00000 0.00557 0.01665 0.02775 0.03901 0.04992 0.06062 0.07171 0.08311 0.09362 0.10416 0.10498 0.09373 0.08192 0.07091 0.06047 0.04944 0.03806 0.02716 0.01639 0.00548 0.00000 0.00000 0.00000 0.00000 0.00000 0.00000 0.00000 0.00000 0.00000 0.00000 0.00000 0.00000 0.00000 0.00000 0.00000 0.00000 0.00000 0.00000 0.00000 0.00000 0.03071 0.09229 0.15257 0.21347 0.27556 0.33649 0.39893 0.46088 0.51829 0.57903 0.58492 0.52352 0.45739 0.39638 0.33904 0.27731 0.21368 0.15276 0.09249 0.03082 0.00000 0.00000 0.00000 0.00000 0.00000 0.00000 0.00000 0.00000 0.00000 0.00000 0.00000 0.00000 0.00000 0.00000 0.00000 0.00000 0.00000 0.00000 0.00000 0.00000 0.00000 0.00000 0.00000 0.00000 0.00000 0.00000 0.00000 0.00000 0.00000 0.00000 0.00000 0.00000 0.00000 0.00000 0.00000 0.00000 0.00000 0.00000 0.00000 0.00000 0.00564 0.01699 0.02849 0.03990 0.05119 0.06265 0.07438 0.08603 0.09751 0.10904 0.14757 0.21333 0.27921 0.34524 0.41116 0.47735 0.54445 0.61215 0.67887 0.74523 0.77417 0.76480 0.75449 0.74325 0.73235 0.72245 0.71259 0.70154 0.69028 0.68009 0.64198 0.57510 0.50834 0.44164 0.37411 0.30621 0.23899 0.17140 0.10283 0.03423 0.00000 0.00000 0.00000 0.00000 0.00000 0.00000 0.00000 0.00000 0.00000 0.00000 0.00000 0.00000 0.00000 0.00000 0.00000 0.00000 0.00000 0.00000 0.00000 0.00000 0.00000 0.00000 0.00000 0.00000 0.00000
0.77859 0.78137 0.78277 0.78685 0.78836 0.78639 0.78692 0.78959 0.78887 0.78562 0.78733 0.78775 0.78435 0.78203 0.78193 0.74461 0.66557 0.58222 0.50433 0.42819 0.34982 0.26973 0.19240 0.11535 0.03850 0.00000 0.00000 0.00000 0.00000 0.00000 0.00000 0.00000 0.00000 0.00000 0.00000 0.00000 0.00000 0.00000 0.00000 0.00000 0.00000 0.00000 0.00000 0.00000 0.00000 0.00924 0.02767 0.04632 0.06487 0.08299 0.10091 0.11971 0.13842 0.15583 0.17347 0.17419 0.15599 0.13688 0.11837 0.10031 0.08205 0.06369 0.04558 0.02723 0.00904 0.00000 0.00000 0.00000 0.00000 0.00000 0.00000 0.00000 0.00000 0.00000 0.00000 0.00000 0.00000 0.00000 0.00000 0.00000 0.00000 0.00000 0.00000 0.00000 0.00000 0.02701 0.08130 0.13494 0.18802 0.24195 0.29847 0.35269 0.40347 0.45768 0.51444 0.51386 0.45873 0.40584 0.35178 0.29685 0.24342 0.19004 0.13521 0.08097 0.02721 0.00000 0.00000 0.00000 0.00000 0.00000 0.00000 0.00000 0.00000 0.00000 0.00000 0.00000 0.00000 0.00000 0.00000 0.00000 0.00000 0.00000 0.00000 0.00000 0.00000 0.00000 0.00000 0.00000 0.00000 0.00000 0.00000 0.00000 0.00000 0.00000 0.00000 0.00000 0.00000 0.00000 0.00000 0.00000 0.00000 0.00000 0.00000 0.00000 0.00000 0.00943 0.02846 0.04746 0.06632 0.08541 0.10493 0.12429 0.14322 0.16231 0.18207 0.22144 0.27921 0.33646 0.39519 0.45537 0.51408 0.57159 0.63091 0.69192 0.75184 0.77175 0.75336 0.73515 0.71708 0.69943 0.68069 0.66093 0.64270 0.62548 0.60637 0.56634 0.50793 0.44999 0.39057 0.33046 0.27081 0.21130 0.15129 0.09086 0.03030 0.00000 0.00000 0.00000 0.00000 0.00000 0.00000 0.00000 0.00000 0.00000 0.00000 0.00000 0.00000 0.00000 0.00000 0.00000 0.00000 0.00000 0.00000 0.00000 0.00000 0.00000 0.00000 0.00000 0.00000 0.00000
0.77646 0.77945 0.78007 0.78645 0.78595 0.78460 0.78532 0.79107 0.79214 0.78421 0.78425 0.78766 0.78719 0.77977 0.77960 0.74066 0.66449 0.58555 0.50421 0.42497 0.34831 0.27099 0.19343 0.11490 0.03830 0.00000 0.00000 0.00000 0.00000 0.00000 0.00000 0.00000 0.00000 0.00000 0.00000 0.00000 0.00000 0.00000 0.00000 0.00000 0.00000 0.00000 0.00000 0.00000 0.00000 0.01297 0.03892 0.06468 0.09010 0.11597 0.14231 0.16742 0.19198 0.21821 0.24457 0.24304 0.21640 0.19236 0.16666 0.13967 0.11406 0.08932 0.06391 0.03814 0.01263 0.00000 0.00000 0.00000 0.00000 0.00000 0.00000 0.00000 0.00000 0.00000 0.00000 0.00000 0.00000 0.00000 0.00000 0.00000 0.00000 0.00000 0.00000 0.00000 0.00000 0.02334 0.06979 0.11718 0.16439 0.21039 0.25697 0.30345 0.34995 0.39939 0.44687 0.44269 0.39596 0.35319 0.30614 0.25640 0.21016 0.16501 0.11765 0.07016 0.02348 0.00000 0.00000 0.00000 0.00000 0.00000 0.00000 0.00000 0.00000 0.00000 0.00000 0.00000 0.00000 0.00000 0.00000 0.00000 0.00000 0.00000 0.00000 0.00000 0.00000 0.00000 0.00000 0.00000 0.00000 0.00000 0.00000 0.00000 0.00000 0.00000 0.00000 0.00000 0.00000 0.00000 0.00000 0.00000 0.00000 0.00000 0.00000 0.00000 0.00000 0.01329 0.03982 0.06626 0.09300 0.12017 0.14707 0.17375 0.20066 0.22801 0.25555 0.29441 0.34478 0.39540 0.44643 0.49781 0.54939 0.60052 0.65165 0.70391 0.75669 0.76949 0.74275 0.71672 0.69095 0.66467 0.63790 0.61122 0.58485 0.55824 0.53121 0.49232 0.44147 0.39013 0.33863 0.28726 0.23555 0.18334 0.13105 0.07888 0.02640 0.00000 0.00000 0.00000 0.00000 0.00000 0.00000 0.00000 0.00000 0.00000 0.00000 0.00000 0.00000 0.00000 0.00000 0.00000 0.00000 0.00000 0.00000 0.00000 0.00000 0.00000 0.00000 0.00000 0.00000 0.00000
0.77846 0.78002 0.78098 0.78396 0.78423 0.78419 0.78570 0.78487 0.78696 0.78683 0.78374 0.78113 0.78461 0.78432 0.78036 0.73704 0.66008 0.58463 0.50607 0.42455 0.34648 0.27001 0.19303 0.11544 0.03822 0.00000 0.00000 0.00000 0.00000 0.00000 0.00000 0.00000 0.00000 0.00000 0.00000 0.00000 0.00000 0.00000 0.00000 0.00000 0.00000 0.00000 0.00000 0.00000 0.00000 0.01672 0.05010 0.08284 0.11554 0.14931 0.18272 0.21463 0.24652 0.28057 0.31436 0.31222 0.27808 0.24616 0.21413 0.18034 0.14672 0.11426 0.08191 0.04905 0.01637 0.00000 0.00000 0.00000 0.00000 0.00000 0.00000 0.00000 0.00000 0.00000 0.00000 0.00000 0.00000 0.00000 0.00000 0.00000 0.00000 0.00000 0.00000 0.00000 0.00000 0.01978 0.05902 0.09875 0.13920 0.17877 0.21644 0.25602 0.29823 0.33766 0.37499 0.37598 0.33757 0.29699 0.25746 0.21881 0.17852 0.13831 0.09947 0.05986 0.01980 0.00000 0.00000 0.00000 0.00000 0.00000 0.00000 0.00000 0.00000 0.00000 0.00000 0.00000 0.00000 0.00000 0.00000 0.00000 0.00000 0.00000 0.00000 0.00000 0.00000 0.00000 0.00000 0.00000 0.00000 0.00000 0.00000 0.00000 0.00000 0.00000 0.00000 0.00000 0.00000 0.00000 0.00000 0.00000 0.00000 0.00000 0.00000 0.00000 0.00000 0.01707 0.05112 0.08539 0.12014 0.15465 0.18883 0.22338 0.25875 0.29422 0.32885 0.36713 0.41057 0.45495 0.49806 0.54032 0.58417 0.62932 0.67329 0.71643 0.76081 0.76665 0.73262 0.69870 0.66456 0.62954 0.59507 0.56149 0.52674 0.49089 0.45601 0.41782 0.37449 0.33040 0.28688 0.24365 0.19975 0.15540 0.11112 0.06691 0.02236 0.00000 0.00000 0.00000 0.00000 0.00000 0.00000 0.00000 0.00000 0.00000 0.00000 0.00000 0.00000 0.00000 0.00000 0.00000 0.00000 0.00000 0.00000 0.00000 0.00000 0.00000 0.00000 0.00000 0.00000 0.00000
0.77668 0.77908 0.78095 0.78036 0.78008 0.78625 0.78819 0.78218 0.78307 0.78675 0.78721 0.77905 0.77965 0.78288 0.78142 0.73926 0.66017 0.58040 0.50336 0.42632 0.34818 0.26867 0.19162 0.11538 0.03845 0.00000 0.00000 0.00000 0.00000 0.00000 0.00000 0.00000 0.00000 0.00000 0.00000 0.00000 0.00000 0.00000 0.00000 0.00000 0.00000 0.00000 0.00000 0.00000 0.00000 0.02032 0.06090 0.10143 0.14221 0.18213 0.22144 0.26201 0.30363 0.34268 0.38021 0.38148 0.34286 0.30061 0.25899 0.22029 0.18089 0.13983 0.09930 0.05964 0.02004 0.00000 0.00000 0.00000 0.00000 0.00000 0.00000 0.00000 0.00000 0.00000 0.00000 0.00000 0.00000 0.00000 0.00000 0.00000 0.00000 0.00000 0.00000 0.00000 0.00000 0.01621 0.04880 0.08074 0.11275 0.14577 0.17838 0.21067 0.24346 0.27456 0.30629 0.30909 0.27703 0.24207 0.20985 0.17940 0.14663 0.11313 0.08111 0.04899 0.01627 0.00000 0.00000 0.00000 0.00000 0.00000 0.00000 0.00000 0.00000 0.00000 0.00000 0.00000 0.00000 0.00000 0.00000 0.00000 0.00000 0.00000 0.00000 0.00000 0.00000 0.00000 0.00000 0.00000 0.00000 0.00000 0.00000 0.00000 0.00000 0.00000 0.00000 0.00000 0.00000 0.00000 0.00000 0.00000 0.00000 0.00000 0.00000 0.00000 0.00000 0.02081 0.06267 0.10486 0.14682 0.18879 0.23115 0.27390 0.31678 0.35953 0.40218 0.44136 0.47724 0.51309 0.54882 0.58450 0.62040 0.65688 0.69365 0.72988 0.76594 0.76364 0.72226 0.68009 0.63757 0.59531 0.55306 0.51034 0.46739 0.42451 0.38147 0.34206 0.30657 0.27114 0.23546 0.19948 0.16350 0.12751 0.09125 0.05479 0.01829 0.00000 0.00000 0.00000 0.00000 0.00000 0.00000 0.00000 0.00000 0.00000 0.00000 0.00000 0.00000 0.00000 0.00000 0.00000 0.00000 0.00000 0.00000 0.00000 0.00000 0.00000 0.00000 0.00000 0.00000 0.00000
0.77613 0.78099 0.78031 0.77899 0.78041 0.78508 0.78576 0.78226 0.78183 0.78062 0.78446 0.78451 0.77927 0.77643 0.77833 0.74081 0.66211 0.57984 0.50107 0.42507 0.34812 0.26921 0.19113 0.11477 0.03839 0.00000 0.00000 0.00000 0.00000 0.00000 0.00000 0.00000 0.00000 0.00000 0.00000 0.00000 0.00000 0.00000 0.00000 0.00000 0.00000 0.00000 0.00000 0.00000 0.00000 0.02389 0.07160 0.12018 0.16814 0.21437 0.26110 0.31035 0.35834 0.40340 0.44933 0.45079 0.40453 0.35548 0.30601 0.25922 0.21330 0.16558 0.11755 0.07044 0.02352 0.00000 0.00000 0.00000 0.00000 0.00000 0.00000 0.00000 0.00000 0.00000 0.00000 0.00000 0.00000 0.00000 0.00000 0.00000 0.00000 0.00000 0.00000 0.00000 0.00000 0.01257 0.03792 0.06301 0.08761 0.11287 0.13915 0.16445 0.18788 0.21335 0.24044 0.23970 0.21355 0.18937 0.16442 0.13845 0.11354 0.08880 0.06315 0.03774 0.01269 0.00000 0.00000 0.00000 0.00000 0.00000 0.00000 0.00000 0.00000 0.00000 0.00000 0.00000 0.00000 0.00000 0.00000 0.00000 0.00000 0.00000 0.00000 0.00000 0.00000 0.00000 0.00000 0.00000 0.00000 0.00000 0.00000 0.00000 0.00000 0.00000 0.00000 0.00000 0.00000 0.00000 0.00000 0.00000 0.00000 0.00000 0.00000 0.00000 0.00000 0.02465 0.07433 0.12395 0.17336 0.22331 0.27404 0.32460 0.37452 0.42465 0.47603 0.51645 0.54401 0.57101 0.59951 0.62899 0.65722 0.68473 0.71353 0.74301 0.77168 0.76104 0.71145 0.66121 0.61082 0.56105 0.51063 0.45915 0.40814 0.35767 0.30635 0.26634 0.23873 0.21139 0.18358 0.15538 0.12733 0.09939 0.07114 0.04269 0.01425 0.00000 0.00000 0.00000 0.00000 0.00000 0.00000 0.00000 0.00000 0.00000 0.00000 0.00000 0.00000 0.00000 0.00000 0.00000 0.00000 0.00000 0.00000 0.00000 0.00000 0.00000 0.00000 0.00000 0.00000 0.00000
0.77307 0.77627 0.77634 0.77911 0.78109 0.78090 0.77919 0.78388 0.78388 0.77909 0.77893 0.78255 0.77977 0.77503 0.77710 0.73752 0.65783 0.58137 0.50338 0.42306 0.34538 0.26929 0.19245 0.11447 0.03805 0.00000 0.00000 0.00000 0.00000 0.00000 0.00000 0.00000 0.00000 0.00000 0.00000 0.00000 0.00000 0.00000 0.00000 0.00000 0.00000 0.00000 0.00000 0.00000 0.00000 0.02772 0.08282 0.13792 0.19281 0.24771 0.30335 0.35755 0.41026 0.46487 0.52216 0.52089 0.46237 0.40845 0.35625 0.30038 0.24397 0.18976 0.13653 0.08193 0.02701 0.00000 0.00000 0.00000 0.00000 0.00000 0.00000 0.00000 0.00000 0.00000 0.00000 0.00000 0.00000 0.00000 0.00000 0.00000 0.00000 0.00000 0.00000 0.00000 0.00000 0.00897 0.02681 0.04502 0.06320 0.08073 0.09865 0.11695 0.13460 0.15304 0.17174 0.17067 0.15226 0.13556 0.11772 0.09878 0.08089 0.06348 0.04524 0.02698 0.00904 0.00000 0.00000 0.00000 0.00000 0.00000 0.00000 0.00000 0.00000 0.00000 0.00000 0.00000 0.00000 0.00000 0.00000 0.00000 0.00000 0.00000 0.00000 0.00000 0.00000 0.00000 0.00000 0.00000 0.00000 0.00000 0.00000 0.00000 0.00000 0.00000 0.00000 0.00000 0.00000 0.00000 0.00000 0.00000 0.00000 0.00000 0.00000 0.00000 0.00000 0.02858 0.08564 0.14284 0.20062 0.25857 0.31642 0.37453 0.43274 0.49122 0.55039 0.59027 0.61037 0.63062 0.65136 0.67229 0.69318 0.71381 0.73434 0.75549 0.77708 0.75871 0.70045 0.64254 0.58465 0.52613 0.46725 0.40846 0.34946 0.29002 0.23040 0.19077 0.17105 0.15114 0.13122 0.11130 0.09124 0.07105 0.05085 0.03059 0.01021 0.00000 0.00000 0.00000 0.00000 0.00000 0.00000 0.00000 0.00000 0.00000 0.00000 0.00000 0.00000 0.00000 0.00000 0.00000 0.00000 0.00000 0.00000 0.00000 0.00000 0.00000 0.00000 0.00000 0.00000 0.00000
0.77393 0.77422 0.77434 0.78126 0.78233 0.77906 0.77839 0.78084 0.78429 0.78206 0.77699 0.77718 0.77943 0.77898 0.77603 0.73469 0.65565 0.58015 0.50338 0.42323 0.34455 0.26829 0.19214 0.11477 0.03799 0.00000 0.00000 0.00000 0.00000 0.00000 0.00000 0.00000 0.00000 0.00000 0.00000 0.00000 0.00000 0.00000 0.00000 0.00000 0.00000 0.00000 0.00000 0.00000 0.00000 0.03146 0.09432 0.15559 0.21745 0.28180 0.34399 0.40273 0.46409 0.52877 0.59087 0.58787 0.52429 0.46252 0.40256 0.34065 0.27675 0.21482 0.15397 0.09256 0.03080 0.00000 0.00000 0.00000 0.00000 0.00000 0.00000 0.00000 0.00000 0.00000 0.00000 0.00000 0.00000 0.00000 0.00000 0.00000 0.00000 0.00000 0.00000 0.00000 0.00000 0.00539 0.01609 0.02689 0.03790 0.04869 0.05902 0.06978 0.08133 0.09207 0.10205 0.10246 0.09229 0.08103 0.07001 0.05965 0.04888 0.03776 0.02706 0.01634 0.00542 0.00000 0.00000 0.00000 0.00000 0.00000 0.00000 0.00000 0.00000 0.00000 0.00000 0.00000 0.00000 0.00000 0.00000 0.00000 0.00000 0.00000 0.00000 0.00000 0.00000 0.00000 0.00000 0.00000 0.00000 0.00000 0.00000 0.00000 0.00000 0.00000 0.00000 0.00000 0.00000 0.00000 0.00000 0.00000 0.00000 0.00000 0.00000 0.00000 0.00000 0.03240 0.09706 0.16215 0.22801 0.29357 0.35873 0.42448 0.49139 0.55854 0.62468 0.66359 0.67695 0.69094 0.70353 0.71551 0.72886 0.74280 0.75570 0.76841 0.78195 0.75592 0.68985 0.62409 0.55799 0.49098 0.42407 0.35751 0.29023 0.22229 0.15447 0.11473 0.10287 0.09082 0.07884 0.06693 0.05488 0.04270 0.03055 0.01840 0.00614 0.00000 0.00000 0.00000 0.00000 0.00000 0.00000 0.00000 0.00000 0.00000 0.00000 0.00000 0.00000 0.00000 0.00000 0.00000 0.00000 0.00000 0.00000 0.00000 0.00000 0.00000 0.00000 0.00000 0.00000 0.00000
0.77047 0.77258 0.77440 0.77927 0.77892 0.77799 0.77792 0.77977 0.77967 0.78057 0.77693 0.77552 0.77731 0.77743 0.77267 0.73460 0.65852 0.57750 0.49938 0.42341 0.34651 0.26753 0.19045 0.11450 0.03824 0.00000 0.00000 0.00000 0.00000 0.00000 0.00000 0.00000 0.00000 0.00000 0.00000 0.00000 0.00000 0.00000 0.00000 0.00000 0.00000 0.00000 0.00000 0.00000 0.00000 0.03493 0.10514 0.17463 0.24376 0.31336 0.38250 0.45066 0.52096 0.59096 0.65598 0.65457 0.58971 0.51999 0.44682 0.37730 0.31102 0.24200 0.17126 0.10259 0.03449 0.00000 0.00000 0.00000 0.00000 0.00000 0.00000 0.00000 0.00000 0.00000 0.00000 0.00000 0.00000 0.00000 0.00000 0.00000 0.00000 0.00000 0.00000 0.00000 0.00000 0.00180 0.00541 0.00895 0.01252 0.01622 0.01982 0.02331 0.02702 0.03063 0.03404 0.03418 0.03077 0.02702 0.02332 0.01987 0.01631 0.01261 0.00901 0.00545 0.00181 0.00000 0.00000 0.00000 0.00000 0.00000 0.00000 0.00000 0.00000 0.00000 0.00000 0.00000 0.00000 0.00000 0.00000 0.00000 0.00000 0.00000 0.00000 0.00000 0.00000 0.00000 0.00000 0.00000 0.00000 0.00000 0.00000 0.00000 0.00000 0.00000 0.00000 0.00000 0.00000 0.00000 0.00000 0.00000 0.00000 0.00000 0.00000 0.00000 0.00000 0.03614 0.10893 0.18197 0.25465 0.32797 0.40188 0.47573 0.54990 0.62456 0.69904 0.73880 0.74436 0.74993 0.75513 0.76019 0.76538 0.77092 0.77669 0.78201 0.78695 0.75291 0.67956 0.60544 0.53071 0.45606 0.38131 0.30601 0.23037 0.15458 0.07847 0.03829 0.03432 0.03035 0.02636 0.02234 0.01831 0.01427 0.01021 0.00614 0.00205 0.00000 0.00000 0.00000 0.00000 0.00000 0.00000 0.00000 0.00000 0.00000 0.00000 0.00000 0.00000 0.00000 0.00000 0.00000 0.00000 0.00000 0.00000 0.00000 0.00000 0.00000 0.00000 0.00000 0.00000 0.00000
0.75336 0.76032 0.76584 0.76957 0.77248 0.77689 0.77599 0.76880 0.76197 0.76005 0.75909 0.75175 0.74337 0.74063 0.73676 0.69833 0.62496 0.54827 0.47300 0.40120 0.32874 0.25429 0.18060 0.10846 0.03625 0.00000 0.00000 0.00000 0.00000 0.00000 0.00000 0.00000 0.00000 0.00000 0.00000 0.00000 0.00000 0.00000 0.00000 0.00000 0.00000 0.00000 0.00000 0.00000 0.00000 0.03483 0.10424 0.17513 0.24484 0.31173 0.38038 0.45325 0.52171 0.58569 0.65561 0.65875 0.59308 0.52887 0.46050 0.39334 0.32924 0.26527 0.19938 0.13323 0.06837 0.03437 0.03079 0.02699 0.02333 0.01982 0.01627 0.01257 0.00895 0.00541 0.00181 0.00000 0.00000 0.00000 0.00000 0.00000 0.00000 0.00000 0.00000 0.00000 0.00000 0.00000 0.00000 0.00000 0.00000 0.00000 0.00000 0.00000 0.00000 0.00000 0.00000 0.00000 0.00000 0.00000 0.00000 0.00000 0.00000 0.00000 0.00000 0.00000 0.00000 0.00000 0.00000 0.00000 0.00000 0.00000 0.00000 0.00000 0.00000 0.00000 0.00000 0.00000 0.00000 0.00000 0.00000 0.00000 0.00000 0.00000 0.00000 0.00000 0.00000 0.00000 0.00000 0.00000 0.00000 0.00000 0.00000 0.00000 0.00000 0.00000 0.00000 0.00188 0.00563 0.00938 0.01323 0.01706 0.02077 0.02458 0.02854 0.03239 0.03613 0.07434 0.14747 0.22045 0.29319 0.36668 0.44117 0.51554 0.58925 0.66327 0.73879 0.77605 0.77304 0.76966 0.76762 0.76598 0.76316 0.76009 0.75789 0.75573 0.75297 0.71480 0.64098 0.56646 0.49178 0.41723 0.34208 0.26633 0.19059 0.11470 0.03831 0.00000 0.00000 0.00000 0.00000 0.00000 0.00000 0.00000 0.00000 0.00000 0.00000 0.00000 0.00000 0.00000 0.00000 0.00000 0.00000 0.00000 0.00000 0.00000 0.00000 0.00000 0.00000 0.00000 0.00000 0.00000 0.00000 0.00000 0.00000 0.00000 0.00000 0.00000 0.00000 0.00000 0.00000 0.00000
0.71776 0.73401 0.74527 0.75521 0.76784 0.77370 0.76274 0.74630 0.73418 0.72447 0.71431 0.69991 0.68496 0.67419 0.66437 0.62224 0.55527 0.49096 0.42544 0.35770 0.29176 0.22716 0.16262 0.09705 0.03217 0.00000 0.00000 0.00000 0.00000 0.00000 0.00000 0.00000 0.00000 0.00000 0.00000 0.00000 0.00000 0.00000 0.00000 0.00000 0.00000 0.00000 0.00000 0.00000 0.00000 0.03130 0.09330 0.15565 0.21852 0.27962 0.34091 0.40410 0.46593 0.52428 0.58600 0.59511 0.54174 0.48735 0.43927 0.38941 0.33577 0.28454 0.23571 0.18479 0.13294 0.10252 0.09237 0.08130 0.06984 0.05918 0.04882 0.03788 0.02682 0.01613 0.00541 0.00000 0.00000 0.00000 0.00000 0.00000 0.00000 0.00000 0.00000 0.00000 0.00000 0.00000 0.00000 0.00000 0.00000 0.00000 0.00000 0.00000 0.00000 0.00000 0.00000 0.00000 0.00000 0.00000 0.00000 0.00000 0.00000 0.00000 0.00000 0.00000 0.00000 0.00000 0.00000 0.00000 0.00000 0.00000 0.00000 0.00000 0.00000 0.00000 0.00000 0.00000 0.00000 0.00000 0.00000 0.00000 0.00000 0.00000 0.00000 0.00000 0.00000 0.00000 0.00000 0.00000 0.00000 0.00000 0.00000 0.00000 0.00000 0.00000 0.00000 0.00562 0.01693 0.02836 0.03965 0.05093 0.06260 0.07422 0.08541 0.09690 0.10891 0.14746 0.21221 0.27769 0.34418 0.41028 0.47602 0.54265 0.60969 0.67655 0.74389 0.77277 0.76241 0.75188 0.74158 0.73143 0.72123 0.71066 0.69987 0.68943 0.67930 0.64095 0.57425 0.50761 0.44105 0.37400 0.30644 0.23877 0.17096 0.10279 0.03432 0.00000 0.00000 0.00000 0.00000 0.00000 0.00000 0.00000 0.00000 0.00000 0.00000 0.00000 0.00000 0.00000 0.00000 0.00000 0.00000 0.00000 0.00000 0.00000 0.00000 0.00000 0.00000 0.00000 0.00000 0.00000 0.00000 0.00000 0.00000 0.00000 0.00000 0.00000 0.00000 0.00000 0.00000 0.00000
0.68031 0.70229 0.72189 0.74384 0.76577 0.76621 0.74475 0.72762 0.71022 0.68802 0.66604 0.64851 0.63018 0.60788 0.58758 0.54796 0.48918 0.43262 0.37517 0.31530 0.25695 0.20017 0.14312 0.08551 0.02839 0.00000 0.00000 0.00000 0.00000 0.00000 0.00000 0.00000 0.00000 0.00000 0.00000 0.00000 0.00000 0.00000 0.00000 0.00000 0.00000 0.00000 0.00000 0.00000 0.00000 0.02764 0.08287 0.13682 0.19113 0.24775 0.30232 0.35403 0.40844 0.46557 0.51883 0.52652 0.48961 0.45145 0.41602 0.38192 0.34445 0.30582 0.26971 0.23538 0.19930 0.17077 0.15236 0.13518 0.11745 0.09885 0.08062 0.06295 0.04507 0.02687 0.00894 0.00000 0.00000 0.00000 0.00000 0.00000 0.00000 0.00000 0.00000 0.00000 0.00000 0.00000 0.00000 0.00000 0.00000 0.00000 0.00000 0.00000 0.00000 0.00000 0.00000 0.00000 0.00000 0.00000 0.00000 0.00000 0.00000 0.00000 0.00000 0.00000 0.00000 0.00000 0.00000 0.00000 0.00000 0.00000 0.00000 0.00000 0.00000 0.00000 0.00000 0.00000 0.00000 0.00000 0.00000 0.00000 0.00000 0.00000 0.00000 0.00000 0.00000 0.00000 0.00000 0.00000 0.00000 0.00000 0.00000 0.00000 0.00000 0.00000 0.00000 0.00937 0.02832 0.04737 0.06605 0.08496 0.10456 0.12381 0.14251 0.16183 0.18180 0.22029 0.27763 0.33577 0.39471 0.45331 0.51154 0.57021 0.62988 0.68988 0.74911 0.76929 0.75162 0.73421 0.71568 0.69684 0.67877 0.66077 0.64210 0.62338 0.60489 0.56634 0.50767 0.44895 0.38985 0.33037 0.27087 0.21123 0.15115 0.09080 0.03033 0.00000 0.00000 0.00000 0.00000 0.00000 0.00000 0.00000 0.00000 0.00000 0.00000 0.00000 0.00000 0.00000 0.00000 0.00000 0.00000 0.00000 0.00000 0.00000 0.00000 0.00000 0.00000 0.00000 0.00000 0.00000 0.00000 0.00000 0.00000 0.00000 0.00000 0.00000 0.00000 0.00000 0.00000 0.00000
0.64627 0.67365 0.70061 0.73512 0.76282 0.75848 0.73164 0.70922 0.68245 0.65031 0.62232 0.59739 0.57108 0.54081 0.51249 0.47518 0.42530 0.37337 0.32271 0.27303 0.22380 0.17343 0.12309 0.07378 0.02472 0.00000 0.00000 0.00000 0.00000 0.00000 0.00000 0.00000 0.00000 0.00000 0.00000 0.00000 0.00000 0.00000 0.00000 0.00000 0.00000 0.00000 0.00000 0.00000 0.00000 0.02379 0.07170 0.11899 0.16578 0.21372 0.26161 0.30694 0.35351 0.40330 0.45050 0.45865 0.43725 0.41849 0.39487 0.37067 0.35117 0.32962 0.30572 0.28464 0.26422 0.23960 0.21312 0.18866 0.16449 0.13883 0.11260 0.08761 0.06316 0.03786 0.01252 0.00000 0.00000 0.00000 0.00000 0.00000 0.00000 0.00000 0.00000 0.00000 0.00000 0.00000 0.00000 0.00000 0.00000 0.00000 0.00000 0.00000 0.00000 0.00000 0.00000 0.00000 0.00000 0.00000 0.00000 0.00000 0.00000 0.00000 0.00000 0.00000 0.00000 0.00000 0.00000 0.00000 0.00000 0.00000 0.00000 0.00000 0.00000 0.00000 0.00000 0.00000 0.00000 0.00000 0.00000 0.00000 0.00000 0.00000 0.00000 0.00000 0.00000 0.00000 0.00000 0.00000 0.00000 0.00000 0.00000 0.00000 0.00000 0.00000 0.00000 0.01323 0.03968 0.06596 0.09274 0.11979 0.14619 0.17275 0.20039 0.22773 0.25402 0.29269 0.34408 0.39479 0.44463 0.49564 0.54758 0.59895 0.65010 0.70195 0.75413 0.76717 0.74122 0.71535 0.68934 0.66298 0.63651 0.61022 0.58397 0.55731 0.53031 0.49153 0.44090 0.38989 0.33840 0.28681 0.23524 0.18342 0.13121 0.07885 0.02635 0.00000 0.00000 0.00000 0.00000 0.00000 0.00000 0.00000 0.00000 0.00000 0.00000 0.00000 0.00000 0.00000 0.00000 0.00000 0.00000 0.00000 0.00000 0.00000 0.00000 0.00000 0.00000 0.00000 0.00000 0.00000 0.00000 0.00000 0.00000 0.00000 0.00000 0.00000 0.00000 0.00000 0.00000 0.00000
0.60874 0.64510 0.68209 0.72014 0.75460 0.75476 0.72060 0.68683 0.65089 0.61653 0.58177 0.54552 0.50959 0.47476 0.44024 0.40229 0.35909 0.31514 0.27251 0.23110 0.18896 0.14620 0.10427 0.06249 0.02080 0.00000 0.00000 0.00000 0.00000 0.00000 0.00000 0.00000 0.00000 0.00000 0.00000 0.00000 0.00000 0.00000 0.00000 0.00000 0.00000 0.00000 0.00000 0.00000 0.00000 0.02008 0.06009 0.10093 0.14117 0.17982 0.21954 0.26116 0.30072 0.33868 0.37867 0.39532 0.38764 0.38113 0.37279 0.36329 0.35636 0.35155 0.34402 0.33399 0.32615 0.30847 0.27652 0.24246 0.20931 0.17791 0.14572 0.11307 0.08067 0.04851 0.01618 0.00000 0.00000 0.00000 0.00000 0.00000 0.00000 0.00000 0.00000 0.00000 0.00000 0.00000 0.00000 0.00000 0.00000 0.00000 0.00000 0.00000 0.00000 0.00000 0.00000 0.00000 0.00000 0.00000 0.00000 0.00000 0.00000 0.00000 0.00000 0.00000 0.00000 0.00000 0.00000 0.00000 0.00000 0.00000 0.00000 0.00000 0.00000 0.00000 0.00000 0.00000 0.00000 0.00000 0.00000 0.00000 0.00000 0.00000 0.00000 0.00000 0.00000 0.00000 0.00000 0.00000 0.00000 0.00000 0.00000 0.00000 0.00000 0.00000 0.00000 0.01703 0.05093 0.08488 0.11962 0.15425 0.18799 0.22246 0.25809 0.29292 0.32719 0.36619 0.40977 0.45289 0.49578 0.53905 0.58290 0.62707 0.67091 0.71448 0.75887 0.76494 0.73102 0.69650 0.66259 0.62890 0.59449 0.55975 0.52524 0.49067 0.45582 0.41682 0.37365 0.33031 0.28691 0.24332 0.19941 0.15536 0.11124 0.06691 0.02234 0.00000 0.00000 0.00000 0.00000 0.00000 0.00000 0.00000 0.00000 0.00000 0.00000 0.00000 0.00000 0.00000 0.00000 0.00000 0.00000 0.00000 0.00000 0.00000 0.00000 0.00000 0.00000 0.00000 0.00000 0.00000 0.00000 0.00000 0.00000 0.00000 0.00000 0.00000 0.00000 0.00000 0.00000 0.00000
0.57552 0.62107 0.66424 0.70545 0.74697 0.75292 0.71160 0.66502 0.62122 0.58216 0.53987 0.49371 0.45042 0.40958 0.36739 0.32760 0.29250 0.25765 0.22372 0.18907 0.15361 0.11921 0.08557 0.05127 0.01693 0.00000 0.00000 0.00000 0.00000 0.00000 0.00000 0.00000 0.00000 0.00000 0.00000 0.00000 0.00000 0.00000 0.00000 0.00000 0.00000 0.00000 0.00000 0.00000 0.00000 0.01651 0.04921 0.08211 0.11527 0.14728 0.17955 0.21344 0.24616 0.27641 0.30850 0.33119 0.33805 0.34177 0.34978 0.35905 0.36387 0.37019 0.37975 0.38491 0.39058 0.37691 0.33786 0.29582 0.25553 0.21697 0.17862 0.13885 0.09815 0.05888 0.01980 0.00000 0.00000 0.00000 0.00000 0.00000 0.00000 0.00000 0.00000 0.00000 0.00000 0.00000 0.00000 0.00000 0.00000 0.00000 0.00000 0.00000 0.00000 0.00000 0.00000 0.00000 0.00000 0.00000 0.00000 0.00000 0.00000 0.00000 0.00000 0.00000 0.00000 0.00000 0.00000 0.00000 0.00000 0.00000 0.00000 0.00000 0.00000 0.00000 0.00000 0.00000 0.00000 0.00000 0.00000 0.00000 0.00000 0.00000 0.00000 0.00000 0.00000 0.00000 0.00000 0.00000 0.00000 0.00000 0.00000 0.00000 0.00000 0.00000 0.00000 0.02072 0.06232 0.10444 0.14629 0.18785 0.23047 0.27332 0.31507 0.35752 0.40139 0.44066 0.47494 0.51057 0.54738 0.58325 0.61844 0.65455 0.69139 0.72791 0.76424 0.76179 0.72025 0.67835 0.63625 0.59417 0.55199 0.50939 0.46655 0.42377 0.38092 0.34173 0.30625 0.27069 0.23517 0.19950 0.16349 0.12732 0.09117 0.05486 0.01831 0.00000 0.00000 0.00000 0.00000 0.00000 0.00000 0.00000 0.00000 0.00000 0.00000 0.00000 0.00000 0.00000 0.00000 0.00000 0.00000 0.00000 0.00000 0.00000 0.00000 0.00000 0.00000 0.00000 0.00000 0.00000 0.00000 0.00000 0.00000 0.00000 0.00000 0.00000 0.00000 0.00000 0.00000 0.00000
0.54045 0.59313 0.64269 0.69235 0.74286 0.74620 0.69780 0.64576 0.59413 0.54487 0.49513 0.44384 0.39369 0.34424 0.29339 0.25388 0.22721 0.20086 0.17361 0.14614 0.11966 0.09296 0.06620 0.03964 0.01323 0.00000 0.00000 0.00000 0.00000 0.00000 0.00000 0.00000 0.00000 0.00000 0.00000 0.00000 0.00000 0.00000 0.00000 0.00000 0.00000 0.00000 0.00000 0.00000 0.00000 0.01285 0.03850 0.06358 0.08890 0.11513 0.14042 0.16469 0.19020 0.21633 0.24116 0.26386 0.28552 0.30668 0.32853 0.35135 0.37169 0.39127 0.41277 0.43680 0.45837 0.44316 0.39585 0.35056 0.30391 0.25667 0.21053 0.16308 0.11631 0.07001 0.02332 0.00000 0.00000 0.00000 0.00000 0.00000 0.00000 0.00000 0.00000 0.00000 0.00000 0.00000 0.00000 0.00000 0.00000 0.00000 0.00000 0.00000 0.00000 0.00000 0.00000 0.00000 0.00000 0.00000 0.00000 0.00000 0.00000 0.00000 0.00000 0.00000 0.00000 0.00000 0.00000 0.00000 0.00000 0.00000 0.00000 0.00000 0.00000 0.00000 0.00000 0.00000 0.00000 0.00000 0.00000 0.00000 0.00000 0.00000 0.00000 0.00000 0.00000 0.00000 0.00000 0.00000 0.00000 0.00000 0.00000 0.00000 0.00000 0.00000 0.00000 0.02451 0.07393 0.12368 0.17272 0.22221 0.27302 0.32339 0.37291 0.42331 0.47467 0.51412 0.54178 0.56964 0.59779 0.62645 0.65508 0.68309 0.71136 0.74076 0.76997 0.75900 0.70917 0.66000 0.61011 0.55948 0.50902 0.45870 0.40794 0.35682 0.30556 0.26618 0.23870 0.21106 0.18323 0.15534 0.12741 0.09931 0.07105 0.04271 0.01427 0.00000 0.00000 0.00000 0.00000 0.00000 0.00000 0.00000 0.00000 0.00000 0.00000 0.00000 0.00000 0.00000 0.00000 0.00000 0.00000 0.00000 0.00000 0.00000 0.00000 0.00000 0.00000 0.00000 0.00000 0.00000 0.00000 0.00000 0.00000 0.00000 0.00000 0.00000 0.00000 0.00000 0.00000 0.00000
0.50457 0.56320 0.62034 0.68230 0.74244 0.74073 0.68087 0.62614 0.56976 0.50972 0.44958 0.39377 0.33631 0.27791 0.21993 0.18139 0.16251 0.14328 0.12344 0.10407 0.08554 0.06650 0.04709 0.02818 0.00945 0.00000 0.00000 0.00000 0.00000 0.00000 0.00000 0.00000 0.00000 0.00000 0.00000 0.00000 0.00000 0.00000 0.00000 0.00000 0.00000 0.00000 0.00000 0.00000 0.00000 0.00910 0.02744 0.04555 0.06354 0.08211 0.10024 0.11745 0.13545 0.15471 0.17265 0.19794 0.23368 0.27212 0.30755 0.34076 0.37948 0.41520 0.44798 0.48728 0.52380 0.50988 0.45562 0.40574 0.35174 0.29547 0.24086 0.18780 0.13508 0.08103 0.02681 0.00000 0.00000 0.00000 0.00000 0.00000 0.00000 0.00000 0.00000 0.00000 0.00000 0.00000 0.00000 0.00000 0.00000 0.00000 0.00000 0.00000 0.00000 0.00000 0.00000 0.00000 0.00000 0.00000 0.00000 0.00000 0.00000 0.00000 0.00000 0.00000 0.00000 0.00000 0.00000 0.00000 0.00000 0.00000 0.00000 0.00000 0.00000 0.00000 0.00000 0.00000 0.00000 0.00000 0.00000 0.00000 0.00000 0.00000 0.00000 0.00000 0.00000 0.00000 0.00000 0.00000 0.00000 0.00000 0.00000 0.00000 0.00000 0.00000 0.00000 0.02842 0.08551 0.14234 0.19956 0.25751 0.31518 0.37279 0.43148 0.48996 0.54767 0.58737 0.60888 0.62921 0.64881 0.66952 0.69107 0.71198 0.73244 0.75330 0.77464 0.75664 0.69900 0.64119 0.58323 0.52493 0.46639 0.40773 0.34884 0.28959 0.23010 0.19047 0.17081 0.15106 0.13115 0.11114 0.09115 0.07110 0.05087 0.03055 0.01021 0.00000 0.00000 0.00000 0.00000 0.00000 0.00000 0.00000 0.00000 0.00000 0.00000 0.00000 0.00000 0.00000 0.00000 0.00000 0.00000 0.00000 0.00000 0.00000 0.00000 0.00000 0.00000 0.00000 0.00000 0.00000 0.00000 0.00000 0.00000 0.00000 0.00000 0.00000 0.00000 0.00000 0.00000 0.00000
0.46985 0.53522 0.60059 0.66942 0.73770 0.73653 0.66846 0.60424 0.54217 0.47547 0.40757 0.34302 0.27812 0.21196 0.14704 0.10914 0.09727 0.08539 0.07413 0.06271 0.05108 0.03962 0.02837 0.01696 0.00563 0.00000 0.00000 0.00000 0.00000 0.00000 0.00000 0.00000 0.00000 0.00000 0.00000 0.00000 0.00000 0.00000 0.00000 0.00000 0.00000 0.00000 0.00000 0.00000 0.00000 0.00545 0.01635 0.02744 0.03828 0.04884 0.05984 0.07100 0.08156 0.09198 0.10305 0.13410 0.18428 0.23398 0.28446 0.33508 0.38607 0.43640 0.48496 0.53475 0.58510 0.58087 0.51966 0.45725 0.39651 0.33523 0.27323 0.21362 0.15292 0.09106 0.03038 0.00000 0.00000 0.00000 0.00000 0.00000 0.00000 0.00000 0.00000 0.00000 0.00000 0.00000 0.00000 0.00000 0.00000 0.00000 0.00000 0.00000 0.00000 0.00000 0.00000 0.00000 0.00000 0.00000 0.00000 0.00000 0.00000 0.00000 0.00000 0.00000 0.00000 0.00000 0.00000 0.00000 0.00000 0.00000 0.00000 0.00000 0.00000 0.00000 0.00000 0.00000 0.00000 0.00000 0.00000 0.00000 0.00000 0.00000 0.00000 0.00000 0.00000 0.00000 0.00000 0.00000 0.00000 0.00000 0.00000 0.00000 0.00000 0.00000 0.00000 0.03231 0.09678 0.16130 0.22682 0.29261 0.35747 0.42288 0.48940 0.55605 0.62246 0.66186 0.67443 0.68786 0.70144 0.71391 0.72618 0.74003 0.75408 0.76659 0.77913 0.75393 0.68892 0.62250 0.55611 0.49019 0.42376 0.35666 0.28941 0.22207 0.15440 0.11452 0.10266 0.09077 0.07884 0.06686 0.05480 0.04271 0.03058 0.01839 0.00614 0.00000 0.00000 0.00000 0.00000 0.00000 0.00000 0.00000 0.00000 0.00000 0.00000 0.00000 0.00000 0.00000 0.00000 0.00000 0.00000 0.00000 0.00000 0.00000 0.00000 0.00000 0.00000 0.00000 0.00000 0.00000 0.00000 0.00000 0.00000 0.00000 0.00000 0.00000 0.00000 0.00000 0.00000 0.00000
0.43661 0.50985 0.58324 0.65711 0.72886 0.73106 0.65968 0.58596 0.51155 0.43880 0.36679 0.29324 0.21998 0.14701 0.07453 0.03625 0.03232 0.02840 0.02470 0.02091 0.01697 0.01316 0.00945 0.00566 0.00187 0.00000 0.00000 0.00000 0.00000 0.00000 0.00000 0.00000 0.00000 0.00000 0.00000 0.00000 0.00000 0.00000 0.00000 0.00000 0.00000 0.00000 0.00000 0.00000 0.00000 0.00183 0.00546 0.00911 0.01274 0.01627 0.01990 0.02367 0.02724 0.03059 0.03421 0.06896 0.13397 0.19733 0.26277 0.32913 0.39081 0.45548 0.52398 0.58436 0.64672 0.65081 0.58247 0.50894 0.44054 0.37536 0.30796 0.23888 0.16948 0.10169 0.03407 0.00000 0.00000 0.00000 0.00000 0.00000 0.00000 0.00000 0.00000 0.00000 0.00000 0.00000 0.00000 0.00000 0.00000 0.00000 0.00000 0.00000 0.00000 0.00000 0.00000 0.00000 0.00000 0.00000 0.00000 0.00000 0.00000 0.00000 0.00000 0.00000 0.00000 0.00000 0.00000 0.00000 0.00000 0.00000 0.00000 0.00000 0.00000 0.00000 0.00000 0.00000 0.00000 0.00000 0.00000 0.00000 0.00000 0.00000 0.00000 0.00000 0.00000 0.00000 0.00000 0.00000 0.00000 0.00000 0.00000 0.00000 0.00000 0.00000 0.00000 0.03608 0.10814 0.18076 0.25414 0.32703 0.40008 0.47367 0.54755 0.62201 0.69707 0.73663 0.74116 0.74680 0.75296 0.75817 0.76302 0.76841 0.77417 0.77978 0.78525 0.75122 0.67758 0.60380 0.52975 0.45529 0.38047 0.30538 0.23003 0.15435 0.07834 0.03824 0.03429 0.03031 0.02633 0.02234 0.01831 0.01426 0.01021 0.00615 0.00205 0.00000 0.00000 0.00000 0.00000 0.00000 0.00000 0.00000 0.00000 0.00000 0.00000 0.00000 0.00000 0.00000 0.00000 0.00000 0.00000 0.00000 0.00000 0.00000 0.00000 0.00000 0.00000 0.00000 0.00000 0.00000 0.00000 0.00000 0.00000 0.00000 0.00000 0.00000 0.00000 0.00000 0.00000 0.00000
0.39564 0.47156 0.54536 0.61927 0.68875 0.68923 0.62207 0.54826 0.47181 0.39869 0.32838 0.25476 0.18144 0.10899 0.03624 0.00190 0.00570 0.00951 0.01325 0.01698 0.02082 0.02454 0.02815 0.03190 0.03577 0.03744 0.03725 0.03734 0.03745 0.03713 0.03702 0.03724 0.03720 0.03686 0.03692 0.03519 0.03134 0.02748 0.02389 0.02023 0.01650 0.01286 0.00913 0.00546 0.00183 0.00000 0.00000 0.00000 0.00000 0.00000 0.00000 0.00000 0.00000 0.00000 0.00000 0.03593 0.10817 0.18102 0.25239 0.32277 0.39463 0.46798 0.54035 0.61056 0.68355 0.68317 0.61276 0.54714 0.47914 0.41032 0.34354 0.27360 0.20518 0.13841 0.07002 0.03386 0.03040 0.02694 0.02329 0.01966 0.01613 0.01256 0.00895 0.00537 0.00180 0.00000 0.00000 0.00000 0.00000 0.00000 0.00000 0.00000 0.00000 0.00000 0.00000 0.00000 0.00000 0.00000 0.00000 0.00000 0.00000 0.00000 0.00000 0.00000 0.00000 0.00000 0.00000 0.00000 0.00000 0.00000 0.00000 0.00000 0.00000 0.00000 0.00000 0.00000 0.00000 0.00000 0.00000 0.00000 0.00000 0.00000 0.00000 0.00000 0.00000 0.00187 0.00561 0.00935 0.01313 0.01696 0.02073 0.02447 0.02833 0.03227 0.03604 0.07395 0.14654 0.21977 0.29236 0.36509 0.43892 0.51340 0.58749 0.66127 0.73543 0.77440 0.77685 0.77765 0.77795 0.78030 0.78315 0.78392 0.78426 0.78670 0.78937 0.75067 0.67230 0.59495 0.51712 0.43818 0.35903 0.27994 0.20046 0.12051 0.04024 0.00000 0.00000 0.00000 0.00000 0.00000 0.00000 0.00000 0.00000 0.00000 0.00000 0.00000 0.00000 0.00000 0.00000 0.00000 0.00000 0.00000 0.00000 0.00000 0.00000 0.00000 0.00000 0.00000 0.00000 0.00000 0.00000 0.00000 0.00000 0.00000 0.00000 0.00000 0.00000 0.00000 0.00000 0.00000 0.00000 0.00000 0.00000 0.00000 0.00000 0.00000 0.00000 0.00000 0.00000 0.00000
0.35534 0.42160 0.48807 0.55225 0.61678 0.61819 0.55348 0.48848 0.42352 0.35769 0.29229 0.22715 0.16241 0.09727 0.03231 0.00569 0.01710 0.02851 0.03965 0.05078 0.06236 0.07368 0.08428 0.09534 0.10716 0.11252 0.11156 0.11163 0.11212 0.11161 0.11095 0.11140 0.11105 0.11059 0.11096 0.10549 0.09364 0.08237 0.07167 0.06074 0.04948 0.03824 0.02737 0.01647 0.00547 0.00000 0.00000 0.00000 0.00000 0.00000 0.00000 0.00000 0.00000 0.00000 0.00000 0.03588 0.10794 0.18097 0.25193 0.32212 0.39682 0.46913 0.53615 0.60865 0.68515 0.68672 0.62235 0.56481 0.50600 0.44369 0.37948 0.31923 0.26062 0.19964 0.13785 0.10153 0.09101 0.08099 0.07014 0.05878 0.04812 0.03781 0.02701 0.01605 0.00535 0.00000 0.00000 0.00000 0.00000 0.00000 0.00000 0.00000 0.00000 0.00000 0.00000 0.00000 0.00000 0.00000 0.00000 0.00000 0.00000 0.00000 0.00000 0.00000 0.00000 0.00000 0.00000 0.00000 0.00000 0.00000 0.00000 0.00000 0.00000 0.00000 0.00000 0.00000 0.00000 0.00000 0.00000 0.00000 0.00000 0.00000 0.00000 0.00000 0.00000 0.00562 0.01681 0.02809 0.03959 0.05093 0.06205 0.07351 0.08542 0.09688 0.10799 0.14620 0.21208 0.27738 0.34206 0.40767 0.47451 0.54118 0.60747 0.67368 0.74068 0.77576 0.77771 0.77871 0.77987 0.78172 0.78357 0.78507 0.78668 0.78823 0.78960 0.75178 0.67438 0.59620 0.51749 0.43883 0.35998 0.28057 0.20074 0.12069 0.04033 0.00000 0.00000 0.00000 0.00000 0.00000 0.00000 0.00000 0.00000 0.00000 0.00000 0.00000 0.00000 0.00000 0.00000 0.00000 0.00000 0.00000 0.00000 0.00000 0.00000 0.00000 0.00000 0.00000 0.00000 0.00000 0.00000 0.00000 0.00000 0.00000 0.00000 0.00000 0.00000 0.00000 0.00000 0.00000 0.00000 0.00000 0.00000 0.00000 0.00000 0.00000 0.00000 0.00000 0.00000 0.00000
0.31367 0.37113 0.42687 0.48509 0.54638 0.54731 0.48606 0.42867 0.37427 0.31657 0.25697 0.19959 0.14313 0.08556 0.02846 0.00952 0.02843 0.04715 0.06622 0.08503 0.10326 0.12193 0.14135 0.15927 0.17704 0.18664 0.18735 0.18609 0.18516 0.18543 0.18621 0.18485 0.18443 0.18515 0.18475 0.17450 0.15610 0.13796 0.11936 0.10071 0.08211 0.06372 0.04575 0.02745 0.00906 0.00000 0.00000 0.00000 0.00000 0.00000 0.00000 0.00000 0.00000 0.00000 0.00000 0.03622 0.10796 0.17905 0.25169 0.32506 0.39563 0.46539 0.53831 0.61094 0.67934 0.68992 0.63921 0.58167 0.52670 0.47508 0.42038 0.36698 0.31392 0.25862 0.20546 0.17072 0.15228 0.13389 0.11639 0.09868 0.08051 0.06259 0.04488 0.02694 0.00895 0.00000 0.00000 0.00000 0.00000 0.00000 0.00000 0.00000 0.00000 0.00000 0.00000 0.00000 0.00000 0.00000 0.00000 0.00000 0.00000 0.00000 0.00000 0.00000 0.00000 0.00000 0.00000 0.00000 0.00000 0.00000 0.00000 0.00000 0.00000 0.00000 0.00000 0.00000 0.00000 0.00000 0.00000 0.00000 0.00000 0.00000 0.00000 0.00000 0.00000 0.00934 0.02814 0.04706 0.06585 0.08466 0.10383 0.12321 0.14213 0.16107 0.18061 0.21956 0.27687 0.33416 0.39251 0.45167 0.51011 0.56806 0.62670 0.68688 0.74728 0.77697 0.77719 0.77968 0.78274 0.78347 0.78356 0.78605 0.78902 0.78980 0.79030 0.75306 0.67599 0.59725 0.51824 0.43965 0.36072 0.28108 0.20111 0.12093 0.04040 0.00000 0.00000 0.00000 0.00000 0.00000 0.00000 0.00000 0.00000 0.00000 0.00000 0.00000 0.00000 0.00000 0.00000 0.00000 0.00000 0.00000 0.00000 0.00000 0.00000 0.00000 0.00000 0.00000 0.00000 0.00000 0.00000 0.00000 0.00000 0.00000 0.00000 0.00000 0.00000 0.00000 0.00000 0.00000 0.00000 0.00000 0.00000 0.00000 0.00000 0.00000 0.00000 0.00000 0.00000 0.00000
0.27123 0.32084 0.36941 0.42051 0.47231 0.47233 0.42135 0.37164 0.32281 0.27347 0.22320 0.17280 0.12350 0.07409 0.02470 0.01327 0.03969 0.06590 0.09257 0.11901 0.14435 0.17042 0.19748 0.22315 0.24746 0.26080 0.26169 0.26054 0.25921 0.25989 0.25934 0.25837 0.25981 0.25910 0.25691 0.24374 0.21938 0.19330 0.16593 0.14040 0.11539 0.08963 0.06390 0.03820 0.01270 0.00000 0.00000 0.00000 0.00000 0.00000 0.00000 0.00000 0.00000 0.00000 0.00000 0.03620 0.10803 0.17893 0.25184 0.32502 0.39409 0.46428 0.54021 0.61279 0.67780 0.69123 0.64983 0.60213 0.55055 0.50435 0.46209 0.41551 0.36561 0.31871 0.27328 0.23924 0.21392 0.18696 0.16211 0.13858 0.11338 0.08735 0.06242 0.03782 0.01261 0.00000 0.00000 0.00000 0.00000 0.00000 0.00000 0.00000 0.00000 0.00000 0.00000 0.00000 0.00000 0.00000 0.00000 0.00000 0.00000 0.00000 0.00000 0.00000 0.00000 0.00000 0.00000 0.00000 0.00000 0.00000 0.00000 0.00000 0.00000 0.00000 0.00000 0.00000 0.00000 0.00000 0.00000 0.00000 0.00000 0.00000 0.00000 0.00000 0.00000 0.01308 0.03957 0.06602 0.09202 0.11855 0.14605 0.17283 0.19867 0.22559 0.25399 0.29262 0.34154 0.39174 0.44372 0.49492 0.54503 0.59554 0.64750 0.70003 0.75180 0.77767 0.77919 0.78148 0.78317 0.78430 0.78599 0.78785 0.78916 0.79077 0.79297 0.75484 0.67618 0.59800 0.51985 0.44074 0.36105 0.28144 0.20161 0.12122 0.04047 0.00000 0.00000 0.00000 0.00000 0.00000 0.00000 0.00000 0.00000 0.00000 0.00000 0.00000 0.00000 0.00000 0.00000 0.00000 0.00000 0.00000 0.00000 0.00000 0.00000 0.00000 0.00000 0.00000 0.00000 0.00000 0.00000 0.00000 0.00000 0.00000 0.00000 0.00000 0.00000 0.00000 0.00000 0.00000 0.00000 0.00000 0.00000 0.00000 0.00000 0.00000 0.00000 0.00000 0.00000 0.00000
0.22863 0.27148 0.31437 0.35685 0.39697 0.39721 0.35761 0.31605 0.27189 0.22965 0.18894 0.14687 0.10428 0.06251 0.02086 0.01698 0.05100 0.08512 0.11839 0.15195 0.18679 0.21923 0.25174 0.28606 0.32055 0.33460 0.33354 0.33385 0.33534 0.33458 0.33201 0.33217 0.33298 0.33179 0.33062 0.31441 0.28129 0.24729 0.21350 0.18064 0.14841 0.11535 0.08158 0.04895 0.01644 0.00000 0.00000 0.00000 0.00000 0.00000 0.00000 0.00000 0.00000 0.00000 0.00000 0.03581 0.10809 0.18067 0.25134 0.32162 0.39486 0.46841 0.53771 0.60730 0.68241 0.69757 0.65546 0.61896 0.57942 0.53682 0.49930 0.46169 0.42013 0.38077 0.34202 0.30565 0.27379 0.24197 0.20926 0.17702 0.14533 0.11304 0.08045 0.04831 0.01618 0.00000 0.00000 0.00000 0.00000 0.00000 0.00000 0.00000 0.00000 0.00000 0.00000 0.00000 0.00000 0.00000 0.00000 0.00000 0.00000 0.00000 0.00000 0.00000 0.00000 0.00000 0.00000 0.00000 0.00000 0.00000 0.00000 0.00000 0.00000 0.00000 0.00000 0.00000 0.00000 0.00000 0.00000 0.00000 0.00000 0.00000 0.00000 0.00000 0.00000 0.01692 0.05070 0.08462 0.11891 0.15332 0.18734 0.22157 0.25652 0.29176 0.32615 0.36440 0.40752 0.45142 0.49426 0.53654 0.57994 0.62479 0.66914 0.71198 0.75515 0.77929 0.78225 0.78281 0.78293 0.78551 0.78856 0.78930 0.78973 0.79220 0.79488 0.75607 0.67725 0.59920 0.52084 0.44149 0.36178 0.28203 0.20195 0.12143 0.04056 0.00000 0.00000 0.00000 0.00000 0.00000 0.00000 0.00000 0.00000 0.00000 0.00000 0.00000 0.00000 0.00000 0.00000 0.00000 0.00000 0.00000 0.00000 0.00000 0.00000 0.00000 0.00000 0.00000 0.00000 0.00000 0.00000 0.00000 0.00000 0.00000 0.00000 0.00000 0.00000 0.00000 0.00000 0.00000 0.00000 0.00000 0.00000 0.00000 0.00000 0.00000 0.00000 0.00000 0.00000 0.00000
0.18598 0.22102 0.25661 0.29121 0.32396 0.32465 0.29228 0.25788 0.22220 0.18775 0.15409 0.11995 0.08532 0.05102 0.01702 0.02078 0.06229 0.10357 0.14456 0.18612 0.22746 0.26772 0.30726 0.34924 0.39078 0.40909 0.40746 0.40886 0.40763 0.40614 0.40830 0.40739 0.40401 0.40348 0.40629 0.38499 0.34125 0.30112 0.26257 0.22137 0.17998 0.14021 0.09999 0.05994 0.02005 0.00000 0.00000 0.00000 0.00000 0.00000 0.00000 0.00000 0.00000 0.00000 0.00000 0.03581 0.10793 0.18056 0.25121 0.32138 0.39518 0.46863 0.53653 0.60624 0.68276 0.70363 0.66472 0.63242 0.60494 0.57367 0.53750 0.50366 0.47407 0.44416 0.41145 0.37199 0.33289 0.29683 0.25728 0.21559 0.17642 0.13859 0.09906 0.05892 0.01964 0.00000 0.00000 0.00000 0.00000 0.00000 0.00000 0.00000 0.00000 0.00000 0.00000 0.00000 0.00000 0.00000 0.00000 0.00000 0.00000 0.00000 0.00000 0.00000 0.00000 0.00000 0.00000 0.00000 0.00000 0.00000 0.00000 0.00000 0.00000 0.00000 0.00000 0.00000 0.00000 0.00000 0.00000 0.00000 0.00000 0.00000 0.00000 0.00000 0.00000 0.02074 0.06189 0.10336 0.14595 0.18791 0.22866 0.27077 0.31489 0.35743 0.39823 0.43706 0.47433 0.51011 0.54430 0.57933 0.61625 0.65332 0.68901 0.72420 0.76100 0.78127 0.78274 0.78341 0.78521 0.78753 0.78884 0.79010 0.79233 0.79419 0.79504 0.75693 0.67951 0.60077 0.52112 0.44200 0.36283 0.28276 0.20221 0.12160 0.04065 0.00000 0.00000 0.00000 0.00000 0.00000 0.00000 0.00000 0.00000 0.00000 0.00000 0.00000 0.00000 0.00000 0.00000 0.00000 0.00000 0.00000 0.00000 0.00000 0.00000 0.00000 0.00000 0.00000 0.00000 0.00000 0.00000 0.00000 0.00000 0.00000 0.00000 0.00000 0.00000 0.00000 0.00000 0.00000 0.00000 0.00000 0.00000 0.00000 0.00000 0.00000 0.00000 0.00000 0.00000 0.00000
0.14590 0.17252 0.19874 0.22564 0.25290 0.25326 0.22568 0.19927 0.17341 0.14661 0.11930 0.09269 0.06639 0.03970 0.01321 0.02458 0.07352 0.12192 0.17144 0.21924 0.26726 0.31727 0.36557 0.41052 0.45855 0.48491 0.48434 0.48109 0.48005 0.47987 0.48115 0.48036 0.47798 0.47797 0.47826 0.45290 0.40361 0.35665 0.30983 0.26110 0.21224 0.16516 0.11876 0.07094 0.02348 0.00000 0.00000 0.00000 0.00000 0.00000 0.00000 0.00000 0.00000 0.00000 0.00000 0.03613 0.10758 0.17864 0.25156 0.32455 0.39421 0.46359 0.53785 0.61175 0.67966 0.70156 0.67927 0.65087 0.62736 0.60597 0.57793 0.54984 0.52778 0.50454 0.47761 0.44125 0.39522 0.34915 0.30300 0.25614 0.20906 0.16291 0.11687 0.07005 0.02325 0.00000 0.00000 0.00000 0.00000 0.00000 0.00000 0.00000 0.00000 0.00000 0.00000 0.00000 0.00000 0.00000 0.00000 0.00000 0.00000 0.00000 0.00000 0.00000 0.00000 0.00000 0.00000 0.00000 0.00000 0.00000 0.00000 0.00000 0.00000 0.00000 0.00000 0.00000 0.00000 0.00000 0.00000 0.00000 0.00000 0.00000 0.00000 0.00000 0.00000 0.02445 0.07360 0.12281 0.17194 0.22150 0.27163 0.32179 0.37143 0.42137 0.47231 0.51243 0.53981 0.56667 0.59495 0.62460 0.65300 0.67994 0.70801 0.73824 0.76797 0.78185 0.78231 0.78515 0.78803 0.78861 0.78919 0.79179 0.79439 0.79525 0.79627 0.75867 0.68076 0.60164 0.52226 0.44299 0.36340 0.28322 0.20269 0.12188 0.04072 0.00000 0.00000 0.00000 0.00000 0.00000 0.00000 0.00000 0.00000 0.00000 0.00000 0.00000 0.00000 0.00000 0.00000 0.00000 0.00000 0.00000 0.00000 0.00000 0.00000 0.00000 0.00000 0.00000 0.00000 0.00000 0.00000 0.00000 0.00000 0.00000 0.00000 0.00000 0.00000 0.00000 0.00000 0.00000 0.00000 0.00000 0.00000 0.00000 0.00000 0.00000 0.00000 0.00000 0.00000 0.00000
0.10337 0.12275 0.14118 0.16042 0.18086 0.18084 0.16082 0.14208 0.12386 0.10462 0.08503 0.06611 0.04739 0.02839 0.00943 0.02819 0.08481 0.14149 0.19667 0.25226 0.30901 0.36520 0.41992 0.47355 0.53017 0.55830 0.55568 0.55355 0.55705 0.55599 0.55114 0.55037 0.55452 0.55320 0.54798 0.52021 0.46861 0.41207 0.35419 0.30061 0.24678 0.19076 0.13628 0.08186 0.02709 0.00000 0.00000 0.00000 0.00000 0.00000 0.00000 0.00000 0.00000 0.00000 0.00000 0.03610 0.10761 0.17858 0.25127 0.32440 0.39432 0.46342 0.53716 0.61193 0.68082 0.70332 0.68837 0.67429 0.65371 0.63164 0.61629 0.60224 0.58258 0.56045 0.54345 0.51252 0.45848 0.40067 0.34733 0.29685 0.24308 0.18738 0.13379 0.08102 0.02705 0.00000 0.00000 0.00000 0.00000 0.00000 0.00000 0.00000 0.00000 0.00000 0.00000 0.00000 0.00000 0.00000 0.00000 0.00000 0.00000 0.00000 0.00000 0.00000 0.00000 0.00000 0.00000 0.00000 0.00000 0.00000 0.00000 0.00000 0.00000 0.00000 0.00000 0.00000 0.00000 0.00000 0.00000 0.00000 0.00000 0.00000 0.00000 0.00000 0.00000 0.02815 0.08524 0.14226 0.19819 0.25536 0.31464 0.37241 0.42820 0.48622 0.54704 0.58667 0.60504 0.62484 0.64683 0.66848 0.68834 0.70780 0.72923 0.75170 0.77249 0.78248 0.78439 0.78725 0.78856 0.78935 0.79151 0.79381 0.79476 0.79618 0.79883 0.76063 0.68110 0.60234 0.52388 0.44417 0.36375 0.28360 0.20322 0.12218 0.04078 0.00000 0.00000 0.00000 0.00000 0.00000 0.00000 0.00000 0.00000 0.00000 0.00000 0.00000 0.00000 0.00000 0.00000 0.00000 0.00000 0.00000 0.00000 0.00000 0.00000 0.00000 0.00000 0.00000 0.00000 0.00000 0.00000 0.00000 0.00000 0.00000 0.00000 0.00000 0.00000 0.00000 0.00000 0.00000 0.00000 0.00000 0.00000 0.00000 0.00000 0.00000 0.00000 0.00000 0.00000 0.00000
0.06242 0.07367 0.08497 0.09646 0.10777 0.10819 0.09685 0.08517 0.07366 0.06270 0.05125 0.03961 0.02824 0.01704 0.00565 0.03188 0.09592 0.15955 0.22295 0.28686 0.35000 0.41115 0.47432 0.53945 0.60129 0.62875 0.62874 0.62977 0.62913 0.62741 0.62581 0.62539 0.62541 0.62387 0.62195 0.59165 0.52973 0.46499 0.40117 0.34099 0.27969 0.21577 0.15363 0.09286 0.03093 0.00000 0.00000 0.00000 0.00000 0.00000 0.00000 0.00000 0.00000 0.00000 0.00000 0.03576 0.10790 0.18031 0.25076 0.32091 0.39435 0.46803 0.53694 0.60565 0.68033 0.71248 0.69899 0.69062 0.67813 0.66391 0.65617 0.64854 0.63489 0.62167 0.61334 0.57962 0.51768 0.45548 0.39489 0.33531 0.27490 0.21325 0.15189 0.09141 0.03063 0.00000 0.00000 0.00000 0.00000 0.00000 0.00000 0.00000 0.00000 0.00000 0.00000 0.00000 0.00000 0.00000 0.00000 0.00000 0.00000 0.00000 0.00000 0.00000 0.00000 0.00000 0.00000 0.00000 0.00000 0.00000 0.00000 0.00000 0.00000 0.00000 0.00000 0.00000 0.00000 0.00000 0.00000 0.00000 0.00000 0.00000 0.00000 0.00000 0.00000 0.03205 0.09623 0.16098 0.22595 0.29072 0.35568 0.42131 0.48740 0.55385 0.61971 0.65840 0.67157 0.68601 0.69875 0.71000 0.72305 0.73808 0.75165 0.76317 0.77587 0.78496 0.78745 0.78773 0.78864 0.79148 0.79384 0.79451 0.79578 0.79834 0.80042 0.76142 0.68254 0.60390 0.52469 0.44478 0.36462 0.28429 0.20355 0.12237 0.04088 0.00000 0.00000 0.00000 0.00000 0.00000 0.00000 0.00000 0.00000 0.00000 0.00000 0.00000 0.00000 0.00000 0.00000 0.00000 0.00000 0.00000 0.00000 0.00000 0.00000 0.00000 0.00000 0.00000 0.00000 0.00000 0.00000 0.00000 0.00000 0.00000 0.00000 0.00000 0.00000 0.00000 0.00000 0.00000 0.00000 0.00000 0.00000 0.00000 0.00000 0.00000 0.00000 0.00000 0.00000 0.00000
0.02053 0.02441 0.02833 0.03220 0.03581 0.03585 0.03226 0.02842 0.02456 0.02079 0.01704 0.01322 0.00943 0.00565 0.00188 0.03580 0.10665 0.17741 0.24987 0.32086 0.38921 0.45851 0.53164 0.60207 0.66812 0.70084 0.70539 0.70471 0.69830 0.69719 0.70272 0.70146 0.69459 0.69358 0.69875 0.66229 0.58746 0.51879 0.45169 0.38009 0.30964 0.24211 0.17258 0.10296 0.03448 0.00000 0.00000 0.00000 0.00000 0.00000 0.00000 0.00000 0.00000 0.00000 0.00000 0.03573 0.10781 0.18022 0.25096 0.32081 0.39352 0.46791 0.53828 0.60522 0.67736 0.71741 0.71331 0.70264 0.70009 0.70277 0.69763 0.68834 0.68645 0.68855 0.68391 0.64253 0.57567 0.51266 0.44428 0.37270 0.30494 0.23936 0.17127 0.10193 0.03394 0.00000 0.00000 0.00000 0.00000 0.00000 0.00000 0.00000 0.00000 0.00000 0.00000 0.00000 0.00000 0.00000 0.00000 0.00000 0.00000 0.00000 0.00000 0.00000 0.00000 0.00000 0.00000 0.00000 0.00000 0.00000 0.00000 0.00000 0.00000 0.00000 0.00000 0.00000 0.00000 0.00000 0.00000 0.00000 0.00000 0.00000 0.00000 0.00000 0.00000 0.03602 0.10749 0.17950 0.25337 0.32628 0.39736 0.47060 0.54662 0.62063 0.69252 0.73191 0.73913 0.74537 0.74957 0.75358 0.75975 0.76689 0.77193 0.77574 0.78166 0.78693 0.78821 0.78853 0.79063 0.79346 0.79457 0.79553 0.79801 0.80027 0.80104 0.76243 0.68460 0.60545 0.52516 0.44538 0.36565 0.28498 0.20381 0.12259 0.04098 0.00000 0.00000 0.00000 0.00000 0.00000 0.00000 0.00000 0.00000 0.00000 0.00000 0.00000 0.00000 0.00000 0.00000 0.00000 0.00000 0.00000 0.00000 0.00000 0.00000 0.00000 0.00000 0.00000 0.00000 0.00000 0.00000 0.00000 0.00000 0.00000 0.00000 0.00000 0.00000 0.00000 0.00000 0.00000 0.00000 0.00000 0.00000 0.00000 0.00000 0.00000 0.00000 0.00000 0.00000 0.00000
0.00000 0.00000 0.00000 0.00000 0.00000 0.00000 0.00000 0.00000 0.00000 0.00000 0.00000 0.00000 0.00000 0.00000 0.00000 0.03573 0.10685 0.17811 0.24889 0.31861 0.38935 0.46072 0.53020 0.59798 0.66844 0.70605 0.70852 0.70981 0.71313 0.71613 0.71915 0.72128 0.72398 0.72796 0.73071 0.69473 0.62363 0.55715 0.48819 0.41519 0.34543 0.27864 0.20929 0.13879 0.07028 0.03451 0.03082 0.02698 0.02334 0.01985 0.01626 0.01259 0.00896 0.00538 0.00180 0.03424 0.10209 0.16941 0.23830 0.30783 0.37440 0.44005 0.50959 0.57991 0.64602 0.68045 0.68466 0.68714 0.69199 0.69792 0.69897 0.69976 0.70633 0.71298 0.71408 0.67899 0.61305 0.54800 0.47928 0.40908 0.34122 0.27483 0.20708 0.13820 0.06976 0.03408 0.03069 0.02707 0.02332 0.01974 0.01629 0.01269 0.00900 0.00540 0.00182 0.00000 0.00000 0.00000 0.00000 0.00000 0.00000 0.00000 0.00000 0.00000 0.00000 0.00000 0.00000 0.00000 0.00000 0.00000 0.00000 0.00000 0.00000 0.00000 0.00000 0.00186 0.00558 0.00933 0.01310 0.01683 0.02059 0.02444 0.02827 0.03199 0.03581 0.07391 0.14610 0.21793 0.29063 0.36434 0.43753 0.51055 0.58436 0.65834 0.73278 0.77198 0.77330 0.77316 0.77493 0.77853 0.78011 0.77974 0.78121 0.78473 0.78677 0.78481 0.78216 0.78130 0.77940 0.77585 0.77339 0.77214 0.76990 0.76669 0.76439 0.72653 0.65149 0.57572 0.50004 0.42427 0.34795 0.27111 0.19406 0.11675 0.03900 0.00000 0.00000 0.00000 0.00000 0.00000 0.00000 0.00000 0.00000 0.00000 0.00000 0.00000 0.00000 0.00000 0.00000 0.00000 0.00000 0.00000 0.00000 0.00000 0.00000 0.00000 0.00000 0.00000 0.00000 0.00000 0.00000 0.00000 0.00000 0.00000 0.00000 0.00000 0.00000 0.00000 0.00000 0.00000 0.00000 0.00000 0.00000 0.00000 0.00000 0.00000 0.00000 0.00000 0.00000 0.00000
0.00000 0.00000 0.00000 0.00000 0.00000 0.00000 0.00000 0.00000 0.00000 0.00000 0.00000 0.00000 0.00000 0.00000 0.00000 0.03185 0.09584 0.15961 0.22153 0.28422 0.34916 0.41255 0.47170 0.53334 0.59996 0.63660 0.64137 0.65134 0.66766 0.67796 0.68194 0.69197 0.70846 0.71839 0.72281 0.69607 0.63841 0.57458 0.50942 0.44960 0.38761 0.32348 0.26221 0.20161 0.13916 0.10256 0.09227 0.08142 0.07001 0.05919 0.04879 0.03789 0.02682 0.01609 0.00540 0.03064 0.09134 0.15151 0.21295 0.27529 0.33554 0.39348 0.45448 0.51944 0.58032 0.61014 0.62079 0.63793 0.64821 0.65262 0.66441 0.68118 0.69061 0.69564 0.70812 0.68882 0.62655 0.56131 0.50165 0.44445 0.38335 0.31990 0.25902 0.19995 0.13902 0.10214 0.09131 0.08129 0.07052 0.05928 0.04857 0.03807 0.02715 0.01623 0.00543 0.00000 0.00000 0.00000 0.00000 0.00000 0.00000 0.00000 0.00000 0.00000 0.00000 0.00000 0.00000 0.00000 0.00000 0.00000 0.00000 0.00000 0.00000 0.00000 0.00000 0.00561 0.01671 0.02790 0.03944 0.05080 0.06170 0.07304 0.08508 0.09660 0.10740 0.14532 0.21118 0.27647 0.34014 0.40544 0.47313 0.53932 0.60370 0.67005 0.73864 0.77351 0.77382 0.77431 0.77673 0.77990 0.78099 0.78083 0.78296 0.78650 0.78771 0.78178 0.77208 0.76338 0.75259 0.74115 0.73137 0.72189 0.71078 0.69970 0.68997 0.65159 0.58357 0.51587 0.44865 0.38054 0.31171 0.24298 0.17409 0.10468 0.03495 0.00000 0.00000 0.00000 0.00000 0.00000 0.00000 0.00000 0.00000 0.00000 0.00000 0.00000 0.00000 0.00000 0.00000 0.00000 0.00000 0.00000 0.00000 0.00000 0.00000 0.00000 0.00000 0.00000 0.00000 0.00000 0.00000 0.00000 0.00000 0.00000 0.00000 0.00000 0.00000 0.00000 0.00000 0.00000 0.00000 0.00000 0.00000 0.00000 0.00000 0.00000 0.00000 0.00000 0.00000 0.00000
0.00000 0.00000 0.00000 0.00000 0.00000 0.00000 0.00000 0.00000 0.00000 0.00000 0.00000 0.00000 0.00000 0.00000 0.00000 0.02807 0.08430 0.13980 0.19569 0.25183 0.30704 0.36135 0.41703 0.47244 0.52712 0.56277 0.58099 0.59825 0.61617 0.63369 0.65165 0.66939 0.68626 0.70244 0.72051 0.70423 0.64791 0.58929 0.53379 0.48285 0.42784 0.36985 0.31568 0.26344 0.20851 0.17061 0.15268 0.13580 0.11750 0.09860 0.08058 0.06301 0.04503 0.02696 0.00895 0.02677 0.08061 0.13504 0.18837 0.24050 0.29441 0.35019 0.40354 0.45489 0.50839 0.54556 0.56401 0.58194 0.59819 0.61475 0.63504 0.65522 0.67053 0.68556 0.70622 0.69216 0.63665 0.57928 0.52698 0.47711 0.42294 0.36660 0.31286 0.26075 0.20751 0.17107 0.15238 0.13464 0.11756 0.09958 0.08100 0.06295 0.04535 0.02728 0.00903 0.00000 0.00000 0.00000 0.00000 0.00000 0.00000 0.00000 0.00000 0.00000 0.00000 0.00000 0.00000 0.00000 0.00000 0.00000 0.00000 0.00000 0.00000 0.00000 0.00000 0.00933 0.02805 0.04666 0.06544 0.08459 0.10353 0.12210 0.14124 0.16106 0.18007 0.21744 0.27514 0.33404 0.39144 0.44813 0.50699 0.56657 0.62487 0.68374 0.74327 0.77293 0.77455 0.77770 0.77917 0.77902 0.78078 0.78425 0.78595 0.78596 0.78756 0.78089 0.76292 0.74341 0.72518 0.70796 0.68945 0.66998 0.65163 0.63377 0.61482 0.57520 0.51594 0.45665 0.39659 0.33611 0.27562 0.21499 0.15392 0.09250 0.03090 0.00000 0.00000 0.00000 0.00000 0.00000 0.00000 0.00000 0.00000 0.00000 0.00000 0.00000 0.00000 0.00000 0.00000 0.00000 0.00000 0.00000 0.00000 0.00000 0.00000 0.00000 0.00000 0.00000 0.00000 0.00000 0.00000 0.00000 0.00000 0.00000 0.00000 0.00000 0.00000 0.00000 0.00000 0.00000 0.00000 0.00000 0.00000 0.00000 0.00000 0.00000 0.00000 0.00000 0.00000 0.00000
0.00000 0.00000 0.00000 0.00000 0.00000 0.00000 0.00000 0.00000 0.00000 0.00000 0.00000 0.00000 0.00000 0.00000 0.00000 0.02429 0.07264 0.12084 0.17000 0.21855 0.26461 0.31211 0.36266 0.41051 0.45419 0.49004 0.51988 0.54505 0.56496 0.58988 0.62073 0.64563 0.66465 0.68874 0.71943 0.70782 0.65533 0.60710 0.56247 0.51212 0.46464 0.42003 0.37143 0.32213 0.27607 0.24079 0.21433 0.18845 0.16413 0.13891 0.11285 0.08766 0.06305 0.03783 0.01253 0.02318 0.06981 0.11692 0.16329 0.20862 0.25491 0.30328 0.35026 0.39364 0.43927 0.47930 0.50482 0.52474 0.54977 0.58031 0.60473 0.62431 0.65079 0.68148 0.70483 0.68920 0.64518 0.60270 0.55461 0.50554 0.45999 0.41580 0.36957 0.32068 0.27366 0.24012 0.21518 0.18845 0.16345 0.13955 0.11411 0.08819 0.06321 0.03821 0.01270 0.00000 0.00000 0.00000 0.00000 0.00000 0.00000 0.00000 0.00000 0.00000 0.00000 0.00000 0.00000 0.00000 0.00000 0.00000 0.00000 0.00000 0.00000 0.00000 0.00000 0.01301 0.03939 0.06579 0.09155 0.11785 0.14539 0.17222 0.19772 0.22430 0.25267 0.29153 0.34005 0.38970 0.44169 0.49288 0.54215 0.59280 0.64541 0.69721 0.74784 0.77392 0.77627 0.77901 0.78012 0.78023 0.78243 0.78589 0.78702 0.78690 0.78924 0.77885 0.75212 0.72453 0.69882 0.67360 0.64651 0.61899 0.59280 0.56660 0.53903 0.49931 0.44827 0.39671 0.34420 0.29177 0.23950 0.18675 0.13359 0.08033 0.02685 0.00000 0.00000 0.00000 0.00000 0.00000 0.00000 0.00000 0.00000 0.00000 0.00000 0.00000 0.00000 0.00000 0.00000 0.00000 0.00000 0.00000 0.00000 0.00000 0.00000 0.00000 0.00000 0.00000 0.00000 0.00000 0.00000 0.00000 0.00000 0.00000 0.00000 0.00000 0.00000 0.00000 0.00000 0.00000 0.00000 0.00000 0.00000 0.00000 0.00000 0.00000 0.00000 0.00000 0.00000 0.00000
0.00000 0.00000 0.00000 0.00000 0.00000 0.00000 0.00000 0.00000 0.00000 0.00000 0.00000 0.00000 0.00000 0.00000 0.00000 0.02053 0.06146 0.10263 0.14345 0.18367 0.22444 0.26468 0.30522 0.34581 0.38579 0.42093 0.45429 0.48784 0.52005 0.55101 0.58371 0.61603 0.64911 0.68251 0.71209 0.70586 0.66717 0.62929 0.58654 0.54330 0.50434 0.46700 0.42608 0.38280 0.34337 0.30988 0.27675 0.24180 0.20948 0.17884 0.14610 0.11256 0.08042 0.04845 0.01616 0.01980 0.05918 0.09802 0.13717 0.17782 0.21749 0.25496 0.29353 0.33480 0.37522 0.40939 0.43997 0.47273 0.50700 0.53977 0.56966 0.60015 0.63499 0.67035 0.70060 0.69287 0.65552 0.62128 0.58118 0.53706 0.49838 0.46349 0.42403 0.38205 0.34218 0.30730 0.27647 0.24406 0.21055 0.17803 0.14666 0.11444 0.08137 0.04870 0.01634 0.00000 0.00000 0.00000 0.00000 0.00000 0.00000 0.00000 0.00000 0.00000 0.00000 0.00000 0.00000 0.00000 0.00000 0.00000 0.00000 0.00000 0.00000 0.00000 0.00000 0.01676 0.05043 0.08458 0.11846 0.15190 0.18629 0.22160 0.25558 0.28885 0.32420 0.36450 0.40634 0.44720 0.49104 0.53612 0.57855 0.62057 0.66500 0.70942 0.75302 0.77643 0.77809 0.77860 0.78044 0.78348 0.78498 0.78536 0.78714 0.79012 0.79186 0.77457 0.74061 0.70744 0.67294 0.63751 0.60312 0.56910 0.53384 0.49808 0.46306 0.42405 0.38011 0.33585 0.29181 0.24767 0.20308 0.15820 0.11326 0.06816 0.02277 0.00000 0.00000 0.00000 0.00000 0.00000 0.00000 0.00000 0.00000 0.00000 0.00000 0.00000 0.00000 0.00000 0.00000 0.00000 0.00000 0.00000 0.00000 0.00000 0.00000 0.00000 0.00000 0.00000 0.00000 0.00000 0.00000 0.00000 0.00000 0.00000 0.00000 0.00000 0.00000 0.00000 0.00000 0.00000 0.00000 0.00000 0.00000 0.00000 0.00000 0.00000 0.00000 0.00000 0.00000 0.00000
0.00000 0.00000 0.00000 0.00000 0.00000 0.00000 0.00000 0.00000 0.00000 0.00000 0.00000 0.00000 0.00000 0.00000 0.00000 0.01682 0.05042 0.08394 0.11667 0.14975 0.18409 0.21751 0.24854 0.28098 0.31640 0.35310 0.39012 0.42927 0.47335 0.51351 0.54812 0.58740 0.63271 0.67215 0.70640 0.70741 0.67939 0.64650 0.60993 0.57947 0.54575 0.50961 0.47781 0.44758 0.41345 0.37532 0.33657 0.29769 0.25703 0.21678 0.17781 0.13855 0.09873 0.05891 0.01964 0.01619 0.04853 0.08041 0.11228 0.14489 0.17782 0.20925 0.24011 0.27367 0.30721 0.34059 0.37870 0.42153 0.46144 0.49641 0.53611 0.58059 0.61890 0.65330 0.69485 0.70334 0.66879 0.63402 0.60409 0.57344 0.54057 0.50752 0.47491 0.44525 0.41391 0.37482 0.33541 0.29893 0.25903 0.21754 0.17846 0.14004 0.09985 0.05955 0.01995 0.00000 0.00000 0.00000 0.00000 0.00000 0.00000 0.00000 0.00000 0.00000 0.00000 0.00000 0.00000 0.00000 0.00000 0.00000 0.00000 0.00000 0.00000 0.00000 0.00000 0.02065 0.06163 0.10278 0.14516 0.18720 0.22775 0.26923 0.31303 0.35605 0.39687 0.43472 0.47149 0.50800 0.54206 0.57673 0.61372 0.65025 0.68547 0.72127 0.75829 0.77797 0.77917 0.77984 0.78197 0.78504 0.78620 0.78627 0.78872 0.79217 0.79310 0.77141 0.73015 0.68926 0.64611 0.60241 0.56015 0.51797 0.47427 0.43023 0.38706 0.34775 0.31154 0.27523 0.23933 0.20313 0.16642 0.12968 0.09291 0.05588 0.01866 0.00000 0.00000 0.00000 0.00000 0.00000 0.00000 0.00000 0.00000 0.00000 0.00000 0.00000 0.00000 0.00000 0.00000 0.00000 0.00000 0.00000 0.00000 0.00000 0.00000 0.00000 0.00000 0.00000 0.00000 0.00000 0.00000 0.00000 0.00000 0.00000 0.00000 0.00000 0.00000 0.00000 0.00000 0.00000 0.00000 0.00000 0.00000 0.00000 0.00000 0.00000 0.00000 0.00000 0.00000 0.00000
0.00000 0.00000 0.00000 0.00000 0.00000 0.00000 0.00000 0.00000 0.00000 0.00000 0.00000 0.00000 0.00000 0.00000 0.00000 0.01307 0.03915 0.06491 0.09097 0.11661 0.14240 0.16894 0.19406 0.21850 0.24451 0.28253 0.32931 0.37437 0.42263 0.47154 0.51828 0.56420 0.60999 0.65623 0.70548 0.71739 0.68625 0.65930 0.63816 0.61275 0.58414 0.55570 0.53112 0.50927 0.48325 0.44260 0.39583 0.35248 0.30515 0.25549 0.20895 0.16399 0.11707 0.06972 0.02318 0.01252 0.03759 0.06282 0.08802 0.11235 0.13707 0.16301 0.18860 0.21250 0.23647 0.27325 0.32147 0.36714 0.41148 0.45798 0.50680 0.55483 0.59964 0.64306 0.69124 0.70737 0.68181 0.65088 0.62642 0.60791 0.58280 0.55263 0.52794 0.50657 0.48214 0.44560 0.39782 0.35062 0.30547 0.25943 0.21159 0.16412 0.11779 0.07109 0.02363 0.00000 0.00000 0.00000 0.00000 0.00000 0.00000 0.00000 0.00000 0.00000 0.00000 0.00000 0.00000 0.00000 0.00000 0.00000 0.00000 0.00000 0.00000 0.00000 0.00000 0.02442 0.07324 0.12170 0.17110 0.22146 0.27042 0.31867 0.36940 0.42145 0.47071 0.50745 0.53630 0.56664 0.59365 0.61939 0.64854 0.67880 0.70642 0.73420 0.76332 0.77846 0.78016 0.78247 0.78392 0.78489 0.78681 0.78926 0.79090 0.79200 0.79381 0.77040 0.72019 0.66916 0.61880 0.56864 0.51734 0.46550 0.41429 0.36301 0.31081 0.27051 0.24272 0.21485 0.18656 0.15811 0.12969 0.10116 0.07242 0.04353 0.01454 0.00000 0.00000 0.00000 0.00000 0.00000 0.00000 0.00000 0.00000 0.00000 0.00000 0.00000 0.00000 0.00000 0.00000 0.00000 0.00000 0.00000 0.00000 0.00000 0.00000 0.00000 0.00000 0.00000 0.00000 0.00000 0.00000 0.00000 0.00000 0.00000 0.00000 0.00000 0.00000 0.00000 0.00000 0.00000 0.00000 0.00000 0.00000 0.00000 0.00000 0.00000 0.00000 0.00000 0.00000 0.00000
0.00000 0.00000 0.00000 0.00000 0.00000 0.00000 0.00000 0.00000 0.00000 0.00000 0.00000 0.00000 0.00000 0.00000 0.00000 0.00927 0.02792 0.04640 0.06480 0.08369 0.10186 0.11950 0.13832 0.15722 0.17476 0.21018 0.26638 0.32208 0.37453 0.42758 0.48607 0.54075 0.58996 0.64311 0.70252 0.72047 0.69723 0.67713 0.66220 0.64201 0.62238 0.60712 0.58737 0.56622 0.54860 0.51428 0.45915 0.40355 0.34988 0.29670 0.24263 0.18794 0.13397 0.08072 0.02700 0.00895 0.02671 0.04455 0.06290 0.08081 0.09783 0.11573 0.13473 0.15237 0.16886 0.20529 0.26046 0.31234 0.36474 0.42189 0.47575 0.52497 0.57967 0.63850 0.69086 0.70527 0.68933 0.67319 0.65470 0.63777 0.62018 0.60107 0.58569 0.56685 0.54657 0.51580 0.46176 0.40414 0.35104 0.29984 0.24518 0.18935 0.13570 0.08208 0.02732 0.00000 0.00000 0.00000 0.00000 0.00000 0.00000 0.00000 0.00000 0.00000 0.00000 0.00000 0.00000 0.00000 0.00000 0.00000 0.00000 0.00000 0.00000 0.00000 0.00000 0.02801 0.08469 0.14168 0.19757 0.25390 0.31258 0.37099 0.42703 0.48348 0.54328 0.58436 0.60311 0.62178 0.64356 0.66536 0.68513 0.70510 0.72663 0.74790 0.76855 0.77952 0.78153 0.78396 0.78528 0.78586 0.78823 0.79136 0.79230 0.79257 0.79532 0.76868 0.70951 0.64986 0.59187 0.53383 0.47399 0.41374 0.35435 0.29474 0.23407 0.19354 0.17374 0.15384 0.13350 0.11312 0.09286 0.07243 0.05181 0.03115 0.01042 0.00000 0.00000 0.00000 0.00000 0.00000 0.00000 0.00000 0.00000 0.00000 0.00000 0.00000 0.00000 0.00000 0.00000 0.00000 0.00000 0.00000 0.00000 0.00000 0.00000 0.00000 0.00000 0.00000 0.00000 0.00000 0.00000 0.00000 0.00000 0.00000 0.00000 0.00000 0.00000 0.00000 0.00000 0.00000 0.00000 0.00000 0.00000 0.00000 0.00000 0.00000 0.00000 0.00000 0.00000 0.00000
0.00000 0.00000 0.00000 0.00000 0.00000 0.00000 0.00000 0.00000 0.00000 0.00000 0.00000 0.00000 0.00000 0.00000 0.00000 0.00556 0.01674 0.02787 0.03879 0.05002 0.06120 0.07176 0.08263 0.09419 0.10505 0.14073 0.20294 0.26662 0.32829 0.38741 0.44972 0.51227 0.57500 0.63690 0.69413 0.71807 0.71099 0.70047 0.68326 0.67129 0.66263 0.65450 0.64358 0.62571 0.61472 0.58397 0.52220 0.45583 0.39468 0.33716 0.27580 0.21243 0.15147 0.09154 0.03059 0.00537 0.01605 0.02678 0.03756 0.04836 0.05906 0.06960 0.08024 0.09118 0.10224 0.13770 0.19746 0.25868 0.32137 0.38194 0.44139 0.50089 0.56271 0.62747 0.68871 0.70793 0.69741 0.69410 0.68325 0.66666 0.65700 0.65209 0.64010 0.62788 0.61849 0.58070 0.52057 0.46212 0.40004 0.33716 0.27679 0.21664 0.15449 0.09231 0.03088 0.00000 0.00000 0.00000 0.00000 0.00000 0.00000 0.00000 0.00000 0.00000 0.00000 0.00000 0.00000 0.00000 0.00000 0.00000 0.00000 0.00000 0.00000 0.00000 0.00000 0.03179 0.09582 0.16076 0.22480 0.28820 0.35393 0.42109 0.48548 0.54872 0.61579 0.65826 0.67007 0.67995 0.69369 0.70956 0.72174 0.73289 0.74662 0.76090 0.77400 0.78136 0.78289 0.78442 0.78645 0.78840 0.78990 0.79158 0.79345 0.79533 0.79712 0.76478 0.69854 0.63224 0.56515 0.49753 0.43024 0.36273 0.29434 0.22562 0.15697 0.11658 0.10449 0.09234 0.08025 0.06810 0.05584 0.04351 0.03115 0.01874 0.00626 0.00000 0.00000 0.00000 0.00000 0.00000 0.00000 0.00000 0.00000 0.00000 0.00000 0.00000 0.00000 0.00000 0.00000 0.00000 0.00000 0.00000 0.00000 0.00000 0.00000 0.00000 0.00000 0.00000 0.00000 0.00000 0.00000 0.00000 0.00000 0.00000 0.00000 0.00000 0.00000 0.00000 0.00000 0.00000 0.00000 0.00000 0.00000 0.00000 0.00000 0.00000 0.00000 0.00000 0.00000 0.00000
0.00000 0.00000 0.00000 0.00000 0.00000 0.00000 0.00000 0.00000 0.00000 0.00000 0.00000 0.00000 0.00000 0.00000 0.00000 0.00187 0.00555 0.00924 0.01301 0.01662 0.02023 0.02404 0.02769 0.03113 0.03478 0.07178 0.14136 0.20943 0.27911 0.35017 0.41726 0.48412 0.55745 0.62621 0.69013 0.72055 0.72111 0.71824 0.70932 0.70348 0.70355 0.69917 0.69264 0.69027 0.68659 0.64841 0.57962 0.51245 0.44412 0.37451 0.30568 0.23844 0.17087 0.10207 0.03383 0.00179 0.00539 0.00898 0.01245 0.01601 0.01976 0.02335 0.02666 0.03023 0.03413 0.06998 0.13689 0.20526 0.27488 0.34051 0.40783 0.48005 0.54800 0.61213 0.68055 0.71580 0.71326 0.71001 0.70553 0.69951 0.69803 0.69928 0.69378 0.68767 0.68888 0.64969 0.58108 0.51696 0.44837 0.37678 0.30898 0.24235 0.17313 0.10321 0.03451 0.00000 0.00000 0.00000 0.00000 0.00000 0.00000 0.00000 0.00000 0.00000 0.00000 0.00000 0.00000 0.00000 0.00000 0.00000 0.00000 0.00000 0.00000 0.00000 0.00000 0.03586 0.10720 0.17850 0.25159 0.32507 0.39643 0.46778 0.54265 0.61840 0.69078 0.72795 0.73478 0.74215 0.74649 0.75048 0.75684 0.76281 0.76779 0.77317 0.77911 0.78289 0.78430 0.78559 0.78777 0.79033 0.79147 0.79214 0.79480 0.79787 0.79869 0.76125 0.68777 0.61400 0.53808 0.46183 0.38650 0.31083 0.23393 0.15676 0.07966 0.03896 0.03490 0.03083 0.02681 0.02276 0.01864 0.01453 0.01041 0.00626 0.00209 0.00000 0.00000 0.00000 0.00000 0.00000 0.00000 0.00000 0.00000 0.00000 0.00000 0.00000 0.00000 0.00000 0.00000 0.00000 0.00000 0.00000 0.00000 0.00000 0.00000 0.00000 0.00000 0.00000 0.00000 0.00000 0.00000 0.00000 0.00000 0.00000 0.00000 0.00000 0.00000 0.00000 0.00000 0.00000 0.00000 0.00000 0.00000 0.00000 0.00000 0.00000 0.00000 0.00000 0.00000 0.00000
0.00000 0.00000 0.00000 0.00000 0.00000 0.00000 0.00000 0.00000 0.00000 0.00000 0.00000 0.00000 0.00000 0.00000 0.00000 0.00000 0.00000 0.00000 0.00000 0.00000 0.00000 0.00000 0.00000 0.00000 0.00000 0.03489 0.10471 0.17317 0.24202 0.31228 0.38211 0.45109 0.51664 0.58458 0.65690 0.69363 0.69142 0.69351 0.70095 0.70556 0.70618 0.70511 0.70860 0.71805 0.72153 0.68139 0.61284 0.55019 0.48157 0.40875 0.34041 0.27504 0.20698 0.13757 0.06942 0.03399 0.03053 0.02685 0.02317 0.01963 0.01612 0.01252 0.00893 0.00536 0.00179 0.03395 0.10215 0.17005 0.23723 0.30520 0.37336 0.44331 0.51231 0.57652 0.64372 0.68411 0.68456 0.67908 0.68067 0.68620 0.68332 0.68329 0.68578 0.68228 0.68212 0.65412 0.58565 0.51340 0.44574 0.38022 0.31087 0.24064 0.17234 0.10417 0.03469 0.00000 0.00000 0.00000 0.00000 0.00000 0.00000 0.00000 0.00000 0.00000 0.00000 0.00184 0.00556 0.00931 0.01302 0.01669 0.02051 0.02439 0.02809 0.03175 0.03568 0.07369 0.14528 0.21640 0.28937 0.36358 0.43555 0.50649 0.58089 0.65765 0.73096 0.76547 0.76755 0.77269 0.77373 0.77252 0.77453 0.77815 0.77948 0.78031 0.78199 0.78189 0.77999 0.77782 0.77525 0.77314 0.77118 0.76871 0.76636 0.76441 0.76221 0.72372 0.64897 0.57388 0.49867 0.42311 0.34682 0.27020 0.19358 0.11650 0.03890 0.00000 0.00000 0.00000 0.00000 0.00000 0.00000 0.00000 0.00000 0.00000 0.00000 0.00000 0.00000 0.00000 0.00000 0.00000 0.00000 0.00000 0.00000 0.00000 0.00000 0.00000 0.00000 0.00000 0.00000 0.00000 0.00000 0.00000 0.00000 0.00000 0.00000 0.00000 0.00000 0.00000 0.00000 0.00000 0.00000 0.00000 0.00000 0.00000 0.00000 0.00000 0.00000 0.00000 0.00000 0.00000 0.00000 0.00000 0.00000 0.00000 0.00000 0.00000 0.00000 0.00000 0.00000 0.00000
0.00000 0.00000 0.00000 0.00000 0.00000 0.00000 0.00000 0.00000 0.00000 0.00000 0.00000 0.00000 0.00000 0.00000 0.00000 0.00000 0.00000 0.00000 0.00000 0.00000 0.00000 0.00000 0.00000 0.00000 0.00000 0.03102 0.09281 0.15575 0.21808 0.27774 0.33947 0.40355 0.46332 0.52233 0.58710 0.62388 0.63027 0.63902 0.65357 0.66555 0.67122 0.68070 0.69429 0.70417 0.71273 0.68843 0.62756 0.56486 0.50284 0.44299 0.38292 0.32051 0.25838 0.19851 0.13849 0.10212 0.09069 0.08021 0.07008 0.05920 0.04799 0.03736 0.02695 0.01616 0.00533 0.03024 0.09166 0.15270 0.21171 0.27359 0.33627 0.39473 0.45461 0.51847 0.58145 0.61083 0.60804 0.60772 0.61203 0.61412 0.61353 0.60940 0.61077 0.61441 0.61269 0.58370 0.52369 0.46027 0.39924 0.34022 0.27860 0.21540 0.15423 0.09326 0.03111 0.00000 0.00000 0.00000 0.00000 0.00000 0.00000 0.00000 0.00000 0.00000 0.00000 0.00558 0.01668 0.02776 0.03913 0.05055 0.06155 0.07267 0.08443 0.09615 0.10714 0.14454 0.20967 0.27540 0.33930 0.40296 0.46978 0.53759 0.60232 0.66604 0.73395 0.77047 0.77100 0.77074 0.77343 0.77587 0.77676 0.77827 0.78054 0.78199 0.78326 0.77934 0.76964 0.75964 0.74904 0.73838 0.72876 0.71921 0.70815 0.69691 0.68733 0.64964 0.58190 0.51393 0.44695 0.37962 0.31099 0.24211 0.17352 0.10450 0.03488 0.00000 0.00000 0.00000 0.00000 0.00000 0.00000 0.00000 0.00000 0.00000 0.00000 0.00000 0.00000 0.00000 0.00000 0.00000 0.00000 0.00000 0.00000 0.00000 0.00000 0.00000 0.00000 0.00000 0.00000 0.00000 0.00000 0.00000 0.00000 0.00000 0.00000 0.00000 0.00000 0.00000 0.00000 0.00000 0.00000 0.00000 0.00000 0.00000 0.00000 0.00000 0.00000 0.00000 0.00000 0.00000 0.00000 0.00000 0.00000 0.00000 0.00000 0.00000 0.00000 0.00000 0.00000 0.00000
0.00000 0.00000 0.00000 0.00000 0.00000 0.00000 0.00000 0.00000 0.00000 0.00000 0.00000 0.00000 0.00000 0.00000 0.00000 0.00000 0.00000 0.00000 0.00000 0.00000 0.00000 0.00000 0.00000 0.00000 0.00000 0.02741 0.08183 0.13683 0.19225 0.24630 0.29900 0.35307 0.41007 0.46487 0.51453 0.54975 0.57147 0.58988 0.60328 0.61944 0.63956 0.66039 0.67764 0.68894 0.70633 0.69492 0.64062 0.58012 0.52597 0.47689 0.42318 0.36588 0.31150 0.25984 0.20676 0.16987 0.15122 0.13394 0.11670 0.09842 0.08010 0.06246 0.04481 0.02683 0.00892 0.02680 0.08056 0.13408 0.18744 0.24181 0.29668 0.34859 0.40102 0.45800 0.51332 0.53702 0.53738 0.54008 0.53879 0.53969 0.54125 0.53846 0.53858 0.54362 0.54415 0.51261 0.45914 0.40933 0.35477 0.29818 0.24450 0.19183 0.13689 0.08172 0.02732 0.00000 0.00000 0.00000 0.00000 0.00000 0.00000 0.00000 0.00000 0.00000 0.00000 0.00930 0.02786 0.04632 0.06521 0.08434 0.10289 0.12126 0.14071 0.16045 0.17901 0.21618 0.27407 0.33277 0.38940 0.44539 0.50437 0.56514 0.62293 0.67875 0.73785 0.77184 0.77333 0.77182 0.77335 0.77752 0.77916 0.77938 0.78108 0.78320 0.78517 0.77718 0.75887 0.74068 0.72294 0.70468 0.68611 0.66801 0.64974 0.63092 0.61220 0.57358 0.51454 0.45503 0.39514 0.33506 0.27495 0.21444 0.15343 0.09223 0.03084 0.00000 0.00000 0.00000 0.00000 0.00000 0.00000 0.00000 0.00000 0.00000 0.00000 0.00000 0.00000 0.00000 0.00000 0.00000 0.00000 0.00000 0.00000 0.00000 0.00000 0.00000 0.00000 0.00000 0.00000 0.00000 0.00000 0.00000 0.00000 0.00000 0.00000 0.00000 0.00000 0.00000 0.00000 0.00000 0.00000 0.00000 0.00000 0.00000 0.00000 0.00000 0.00000 0.00000 0.00000 0.00000 0.00000 0.00000 0.00000 0.00000 0.00000 0.00000 0.00000 0.00000 0.00000 0.00000
0.00000 0.00000 0.00000 0.00000 0.00000 0.00000 0.00000 0.00000 0.00000 0.00000 0.00000 0.00000 0.00000 0.00000 0.00000 0.00000 0.00000 0.00000 0.00000 0.00000 0.00000 0.00000 0.00000 0.00000 0.00000 0.02380 0.07153 0.11819 0.16503 0.21348 0.26099 0.30591 0.35383 0.40188 0.44687 0.48130 0.50901 0.53465 0.55625 0.57958 0.60832 0.63411 0.65542 0.68088 0.70692 0.69450 0.64665 0.60119 0.55519 0.50664 0.45847 0.41361 0.36861 0.32023 0.27212 0.23762 0.21389 0.18794 0.16174 0.13732 0.11318 0.08782 0.06221 0.03740 0.01258 0.02334 0.06937 0.11581 0.16369 0.20969 0.25468 0.30310 0.35122 0.39587 0.44082 0.46500 0.46938 0.46931 0.46576 0.46579 0.46777 0.46999 0.46944 0.46849 0.46967 0.44664 0.39969 0.35394 0.30704 0.25895 0.21236 0.16621 0.11876 0.07089 0.02369 0.00000 0.00000 0.00000 0.00000 0.00000 0.00000 0.00000 0.00000 0.00000 0.00000 0.01294 0.03900 0.06547 0.09144 0.11727 0.14420 0.17140 0.19727 0.22315 0.25085 0.29029 0.33907 0.38743 0.43882 0.49133 0.54070 0.58900 0.64133 0.69475 0.74527 0.76990 0.77267 0.77522 0.77589 0.77747 0.77999 0.78125 0.78220 0.78466 0.78698 0.77447 0.74804 0.72219 0.69662 0.67056 0.64363 0.61674 0.59075 0.56454 0.53711 0.49754 0.44667 0.39548 0.34322 0.29079 0.23870 0.18631 0.13327 0.08007 0.02678 0.00000 0.00000 0.00000 0.00000 0.00000 0.00000 0.00000 0.00000 0.00000 0.00000 0.00000 0.00000 0.00000 0.00000 0.00000 0.00000 0.00000 0.00000 0.00000 0.00000 0.00000 0.00000 0.00000 0.00000 0.00000 0.00000 0.00000 0.00000 0.00000 0.00000 0.00000 0.00000 0.00000 0.00000 0.00000 0.00000 0.00000 0.00000 0.00000 0.00000 0.00000 0.00000 0.00000 0.00000 0.00000 0.00000 0.00000 0.00000 0.00000 0.00000 0.00000 0.00000 0.00000 0.00000 0.00000
0.00000 0.00000 0.00000 0.00000 0.00000 0.00000 0.00000 0.00000 0.00000 0.00000 0.00000 0.00000 0.00000 0.00000 0.00000 0.00000 0.00000 0.00000 0.00000 0.00000 0.00000 0.00000 0.00000 0.00000 0.00000 0.02006 0.06047 0.10038 0.13947 0.17945 0.22085 0.26080 0.29778 0.33717 0.37987 0.41608 0.44418 0.47608 0.51214 0.54491 0.57361 0.60338 0.63559 0.67355 0.70577 0.69452 0.65468 0.62144 0.58187 0.53693 0.49673 0.46118 0.42266 0.38054 0.33970 0.30564 0.27493 0.24153 0.20800 0.17665 0.14548 0.11276 0.08005 0.04819 0.01616 0.01969 0.05878 0.09834 0.13844 0.17723 0.21564 0.25631 0.29705 0.33529 0.37436 0.39495 0.39446 0.39631 0.39699 0.39451 0.39471 0.39842 0.39879 0.39541 0.39582 0.37996 0.34034 0.29779 0.25851 0.22098 0.18073 0.13962 0.10004 0.06056 0.02016 0.00000 0.00000 0.00000 0.00000 0.00000 0.00000 0.00000 0.00000 0.00000 0.00000 0.01668 0.05026 0.08422 0.11777 0.15099 0.18553 0.22060 0.25411 0.28734 0.32296 0.36276 0.40399 0.44500 0.48899 0.53396 0.57610 0.61697 0.66062 0.70748 0.75144 0.77118 0.77224 0.77665 0.77886 0.77855 0.78001 0.78254 0.78454 0.78628 0.78783 0.77141 0.73792 0.70430 0.66976 0.63534 0.60119 0.56649 0.53146 0.49666 0.46175 0.42232 0.37859 0.33486 0.29107 0.24690 0.20236 0.15773 0.11302 0.06799 0.02270 0.00000 0.00000 0.00000 0.00000 0.00000 0.00000 0.00000 0.00000 0.00000 0.00000 0.00000 0.00000 0.00000 0.00000 0.00000 0.00000 0.00000 0.00000 0.00000 0.00000 0.00000 0.00000 0.00000 0.00000 0.00000 0.00000 0.00000 0.00000 0.00000 0.00000 0.00000 0.00000 0.00000 0.00000 0.00000 0.00000 0.00000 0.00000 0.00000 0.00000 0.00000 0.00000 0.00000 0.00000 0.00000 0.00000 0.00000 0.00000 0.00000 0.00000 0.00000 0.00000 0.00000 0.00000 0.00000
0.00000 0.00000 0.00000 0.00000 0.00000 0.00000 0.00000 0.00000 0.00000 0.00000 0.00000 0.00000 0.00000 0.00000 0.00000 0.00000 0.00000 0.00000 0.00000 0.00000 0.00000 0.00000 0.00000 0.00000 0.00000 0.01639 0.04896 0.08202 0.11512 0.14691 0.17925 0.21250 0.24499 0.27647 0.30949 0.34569 0.38400 0.42306 0.46414 0.50323 0.54066 0.58111 0.62104 0.65825 0.69722 0.70260 0.67002 0.63530 0.60188 0.57186 0.54100 0.50588 0.47158 0.44206 0.41171 0.37337 0.33239 0.29503 0.25692 0.21623 0.17598 0.13758 0.09882 0.05906 0.01957 0.01608 0.04855 0.08061 0.11218 0.14527 0.17830 0.20892 0.24081 0.27570 0.30857 0.32338 0.32206 0.32275 0.32494 0.32510 0.32446 0.32397 0.32453 0.32580 0.32601 0.30961 0.27716 0.24473 0.21265 0.18049 0.14756 0.11451 0.08208 0.04952 0.01651 0.00000 0.00000 0.00000 0.00000 0.00000 0.00000 0.00000 0.00000 0.00000 0.00000 0.02056 0.06166 0.10228 0.14385 0.18629 0.22729 0.26787 0.31071 0.35442 0.39565 0.43234 0.46856 0.50618 0.54031 0.57299 0.60997 0.64821 0.68316 0.71702 0.75451 0.77452 0.77499 0.77665 0.77940 0.78056 0.78117 0.78397 0.78655 0.78742 0.78839 0.76911 0.72804 0.68572 0.64282 0.60038 0.55838 0.51577 0.47226 0.42882 0.38578 0.34644 0.31046 0.27440 0.23855 0.20248 0.16595 0.12929 0.09264 0.05575 0.01861 0.00000 0.00000 0.00000 0.00000 0.00000 0.00000 0.00000 0.00000 0.00000 0.00000 0.00000 0.00000 0.00000 0.00000 0.00000 0.00000 0.00000 0.00000 0.00000 0.00000 0.00000 0.00000 0.00000 0.00000 0.00000 0.00000 0.00000 0.00000 0.00000 0.00000 0.00000 0.00000 0.00000 0.00000 0.00000 0.00000 0.00000 0.00000 0.00000 0.00000 0.00000 0.00000 0.00000 0.00000 0.00000 0.00000 0.00000 0.00000 0.00000 0.00000 0.00000 0.00000 0.00000 0.00000 0.00000
0.00000 0.00000 0.00000 0.00000 0.00000 0.00000 0.00000 0.00000 0.00000 0.00000 0.00000 0.00000 0.00000 0.00000 0.00000 0.00000 0.00000 0.00000 0.00000 0.00000 0.00000 0.00000 0.00000 0.00000 0.00000 0.01278 0.03803 0.06350 0.08950 0.11481 0.13896 0.16419 0.19106 0.21641 0.23917 0.27496 0.32457 0.37147 0.41407 0.46037 0.51066 0.55829 0.60389 0.64479 0.69148 0.70843 0.68288 0.65087 0.62528 0.60542 0.58104 0.55178 0.52485 0.50261 0.47978 0.44190 0.39298 0.34797 0.30358 0.25601 0.20804 0.16235 0.11679 0.06985 0.02313 0.01250 0.03774 0.06271 0.08739 0.11278 0.13845 0.16326 0.18820 0.21338 0.23831 0.25223 0.25277 0.25097 0.25087 0.25349 0.25364 0.25149 0.25177 0.25430 0.25469 0.23996 0.21487 0.19156 0.16619 0.13955 0.11440 0.08985 0.06415 0.03824 0.01279 0.00000 0.00000 0.00000 0.00000 0.00000 0.00000 0.00000 0.00000 0.00000 0.00000 0.02426 0.07284 0.12118 0.17029 0.22029 0.26901 0.31713 0.36782 0.41922 0.46792 0.50517 0.53434 0.56388 0.59038 0.61644 0.64514 0.67604 0.70421 0.73001 0.75781 0.77579 0.77842 0.77776 0.77881 0.78191 0.78418 0.78538 0.78698 0.78845 0.79049 0.76720 0.71700 0.66641 0.61647 0.56619 0.51504 0.46396 0.41300 0.36147 0.30950 0.26969 0.24205 0.21409 0.18586 0.15763 0.12938 0.10088 0.07218 0.04341 0.01452 0.00000 0.00000 0.00000 0.00000 0.00000 0.00000 0.00000 0.00000 0.00000 0.00000 0.00000 0.00000 0.00000 0.00000 0.00000 0.00000 0.00000 0.00000 0.00000 0.00000 0.00000 0.00000 0.00000 0.00000 0.00000 0.00000 0.00000 0.00000 0.00000 0.00000 0.00000 0.00000 0.00000 0.00000 0.00000 0.00000 0.00000 0.00000 0.00000 0.00000 0.00000 0.00000 0.00000 0.00000 0.00000 0.00000 0.00000 0.00000 0.00000 0.00000 0.00000 0.00000 0.00000 0.00000 0.00000
0.00000 0.00000 0.00000 0.00000 0.00000 0.00000 0.00000 0.00000 0.00000 0.00000 0.00000 0.00000 0.00000 0.00000 0.00000 0.00000 0.00000 0.00000 0.00000 0.00000 0.00000 0.00000 0.00000 0.00000 0.00000 0.00911 0.02743 0.04543 0.06330 0.08160 0.10009 0.11781 0.13549 0.15349 0.17176 0.20785 0.26165 0.31482 0.36875 0.42408 0.47715 0.52785 0.58290 0.63986 0.69159 0.70607 0.68842 0.67345 0.65577 0.63402 0.61435 0.60049 0.58430 0.56201 0.54224 0.51068 0.45820 0.40112 0.34667 0.29570 0.24255 0.18723 0.13339 0.08074 0.02697 0.00892 0.02671 0.04494 0.06302 0.08024 0.09809 0.11713 0.13529 0.15194 0.16991 0.17998 0.18053 0.18019 0.17994 0.17998 0.18029 0.18099 0.18114 0.18073 0.18076 0.17241 0.15465 0.13641 0.11811 0.10004 0.08218 0.06410 0.04573 0.02739 0.00916 0.00000 0.00000 0.00000 0.00000 0.00000 0.00000 0.00000 0.00000 0.00000 0.00000 0.02787 0.08384 0.14099 0.19730 0.25262 0.31018 0.36922 0.42568 0.48089 0.53988 0.58194 0.60102 0.61793 0.63959 0.66342 0.68297 0.70040 0.72255 0.74512 0.76476 0.77559 0.77862 0.77997 0.78028 0.78316 0.78602 0.78667 0.78736 0.79017 0.79308 0.76448 0.70559 0.64769 0.59011 0.53134 0.47172 0.41238 0.35325 0.29349 0.23313 0.19299 0.17319 0.15324 0.13306 0.11283 0.09258 0.07220 0.05167 0.03107 0.01039 0.00000 0.00000 0.00000 0.00000 0.00000 0.00000 0.00000 0.00000 0.00000 0.00000 0.00000 0.00000 0.00000 0.00000 0.00000 0.00000 0.00000 0.00000 0.00000 0.00000 0.00000 0.00000 0.00000 0.00000 0.00000 0.00000 0.00000 0.00000 0.00000 0.00000 0.00000 0.00000 0.00000 0.00000 0.00000 0.00000 0.00000 0.00000 0.00000 0.00000 0.00000 0.00000 0.00000 0.00000 0.00000 0.00000 0.00000 0.00000 0.00000 0.00000 0.00000 0.00000 0.00000 0.00000 0.00000
0.00000 0.00000 0.00000 0.00000 0.00000 0.00000 0.00000 0.00000 0.00000 0.00000 0.00000 0.00000 0.00000 0.00000 0.00000 0.00000 0.00000 0.00000 0.00000 0.00000 0.00000 0.00000 0.00000 0.00000 0.00000 0.00545 0.01644 0.02731 0.03793 0.04879 0.06006 0.07090 0.08105 0.09172 0.10335 0.13963 0.19934 0.25984 0.32321 0.38515 0.44331 0.50211 0.56478 0.62955 0.68937 0.70784 0.69757 0.69255 0.68162 0.66575 0.65343 0.64604 0.63764 0.62464 0.61060 0.57621 0.51865 0.45677 0.39348 0.33350 0.27454 0.21319 0.15151 0.09106 0.03049 0.00538 0.01610 0.02684 0.03761 0.04843 0.05925 0.06993 0.08058 0.09183 0.10285 0.10753 0.10745 0.10861 0.10868 0.10771 0.10784 0.10891 0.10908 0.10823 0.10827 0.10387 0.09313 0.08155 0.07071 0.06044 0.04950 0.03823 0.02736 0.01658 0.00552 0.00000 0.00000 0.00000 0.00000 0.00000 0.00000 0.00000 0.00000 0.00000 0.00000 0.03176 0.09532 0.15969 0.22379 0.28696 0.35210 0.41869 0.48280 0.54634 0.61345 0.65474 0.66585 0.67705 0.69095 0.70599 0.71847 0.72943 0.74182 0.75756 0.77193 0.77699 0.77766 0.78127 0.78394 0.78440 0.78583 0.78792 0.78993 0.79209 0.79373 0.76122 0.69553 0.62972 0.56273 0.49559 0.42870 0.36123 0.29308 0.22486 0.15649 0.11614 0.10408 0.09205 0.08003 0.06789 0.05564 0.04338 0.03108 0.01869 0.00624 0.00000 0.00000 0.00000 0.00000 0.00000 0.00000 0.00000 0.00000 0.00000 0.00000 0.00000 0.00000 0.00000 0.00000 0.00000 0.00000 0.00000 0.00000 0.00000 0.00000 0.00000 0.00000 0.00000 0.00000 0.00000 0.00000 0.00000 0.00000 0.00000 0.00000 0.00000 0.00000 0.00000 0.00000 0.00000 0.00000 0.00000 0.00000 0.00000 0.00000 0.00000 0.00000 0.00000 0.00000 0.00000 0.00000 0.00000 0.00000 0.00000 0.00000 0.00000 0.00000 0.00000 0.00000 0.00000
0.00000 0.00000 0.00000 0.00000 0.00000 0.00000 0.00000 0.00000 0.00000 0.00000 0.00000 0.00000 0.00000 0.00000 0.00000 0.00000 0.00000 0.00000 0.00000 0.00000 0.00000 0.00000 0.00000 0.00000 0.00000 0.00182 0.00543 0.00906 0.01276 0.01635 0.01984 0.02344 0.02721 0.03082 0.03422 0.07001 0.13892 0.20799 0.27518 0.34182 0.41147 0.48211 0.54761 0.61246 0.68248 0.71815 0.71245 0.70462 0.70056 0.70215 0.69936 0.68957 0.68485 0.68752 0.68454 0.64258 0.57451 0.51177 0.44369 0.37191 0.30419 0.23898 0.17080 0.10148 0.03383 0.00180 0.00540 0.00891 0.01248 0.01620 0.01984 0.02324 0.02681 0.03064 0.03430 0.03595 0.03596 0.03602 0.03607 0.03617 0.03620 0.03610 0.03612 0.03632 0.03639 0.03447 0.03084 0.02732 0.02375 0.02010 0.01643 0.01279 0.00917 0.00552 0.00184 0.00000 0.00000 0.00000 0.00000 0.00000 0.00000 0.00000 0.00000 0.00000 0.00000 0.03568 0.10719 0.17760 0.24952 0.32344 0.39518 0.46529 0.53915 0.61564 0.68829 0.72360 0.73011 0.73975 0.74435 0.74512 0.75183 0.76075 0.76486 0.76821 0.77541 0.77974 0.77973 0.78204 0.78524 0.78610 0.78648 0.78937 0.79252 0.79351 0.79404 0.75855 0.68575 0.61105 0.53530 0.46019 0.38534 0.30946 0.23288 0.15629 0.07942 0.03879 0.03477 0.03075 0.02673 0.02267 0.01859 0.01449 0.01038 0.00624 0.00209 0.00000 0.00000 0.00000 0.00000 0.00000 0.00000 0.00000 0.00000 0.00000 0.00000 0.00000 0.00000 0.00000 0.00000 0.00000 0.00000 0.00000 0.00000 0.00000 0.00000 0.00000 0.00000 0.00000 0.00000 0.00000 0.00000 0.00000 0.00000 0.00000 0.00000 0.00000 0.00000 0.00000 0.00000 0.00000 0.00000 0.00000 0.00000 0.00000 0.00000 0.00000 0.00000 0.00000 0.00000 0.00000 0.00000 0.00000 0.00000 0.00000 0.00000 0.00000 0.00000 0.00000 0.00000 0.00000
0.01649 0.01286 0.00921 0.00556 0.00185 0.00184 0.00552 0.00928 0.01298 0.01654 0.02022 0.02403 0.02772 0.03130 0.03483 0.03668 0.03684 0.03669 0.03646 0.03652 0.03669 0.03650 0.03626 0.03639 0.03654 0.03456 0.03071 0.02716 0.02365 0.01997 0.01624 0.01262 0.00905 0.00544 0.00180 0.03409 0.10273 0.17182 0.23918 0.30579 0.37531 0.44579 0.51225 0.57598 0.64552 0.68622 0.68814 0.68607 0.69019 0.69701 0.70156 0.70396 0.70429 0.70772 0.71490 0.68332 0.61219 0.54344 0.47801 0.41059 0.34116 0.27301 0.20587 0.13803 0.06985 0.03399 0.03039 0.02689 0.02337 0.01974 0.01610 0.01258 0.00902 0.00538 0.00179 0.00000 0.00000 0.00000 0.00000 0.00000 0.00000 0.00000 0.00000 0.00000 0.00000 0.00000 0.00000 0.00000 0.00000 0.00000 0.00000 0.00000 0.00000 0.00000 0.00000 0.00185 0.00555 0.00920 0.01292 0.01675 0.02048 0.02409 0.02792 0.03184 0.03551 0.07294 0.14470 0.21597 0.28756 0.36128 0.43352 0.50431 0.57825 0.65390 0.72632 0.76233 0.76493 0.76827 0.76917 0.76947 0.77054 0.77402 0.77677 0.77637 0.77673 0.77860 0.77767 0.77363 0.77086 0.76972 0.76786 0.76533 0.76302 0.76072 0.75864 0.72086 0.64626 0.57140 0.49666 0.42138 0.34534 0.26921 0.19292 0.11605 0.03874 0.00000 0.00000 0.00000 0.00000 0.00000 0.00000 0.00000 0.00000 0.00000 0.00000 0.00000 0.00000 0.00000 0.00000 0.00000 0.00000 0.00000 0.00000 0.00000 0.00000 0.00000 0.00000 0.00000 0.00000 0.00000 0.00000 0.00000 0.00000 0.00000 0.00000 0.00000 0.00000 0.00000 0.00000 0.00000 0.00000 0.00000 0.00000 0.00000 0.00000 0.00000 0.00000 0.00000 0.00000 0.00000 0.00000 0.00000 0.00000 0.00000 0.00000 0.00000 0.00000 0.00000 0.00000 0.00000 0.00000 0.00000 0.00000 0.00000 0.00000 0.00000 0.00000 0.00000 0.00000 0.00000
0.04938 0.03849 0.02772 0.01667 0.00552 0.00552 0.01663 0.02774 0.03870 0.04983 0.06086 0.07167 0.08276 0.09400 0.10455 0.10990 0.11042 0.11001 0.10932 0.10951 0.10970 0.10940 0.10936 0.10921 0.10865 0.10335 0.09298 0.08181 0.07035 0.05950 0.04910 0.03815 0.02697 0.01616 0.00543 0.03078 0.09153 0.15217 0.21448 0.27639 0.33522 0.39477 0.45800 0.52091 0.57842 0.61143 0.62462 0.63862 0.64788 0.65335 0.66411 0.68117 0.69132 0.69523 0.70703 0.68841 0.62643 0.56025 0.50024 0.44405 0.38278 0.31853 0.25815 0.19970 0.13860 0.10161 0.09092 0.08098 0.07032 0.05901 0.04824 0.03783 0.02710 0.01616 0.00539 0.00000 0.00000 0.00000 0.00000 0.00000 0.00000 0.00000 0.00000 0.00000 0.00000 0.00000 0.00000 0.00000 0.00000 0.00000 0.00000 0.00000 0.00000 0.00000 0.00000 0.00554 0.01665 0.02769 0.03884 0.05025 0.06147 0.07240 0.08378 0.09569 0.10701 0.14380 0.20797 0.27396 0.33842 0.40089 0.46662 0.53503 0.60004 0.66207 0.72912 0.76775 0.76887 0.76528 0.76767 0.77412 0.77487 0.77231 0.77559 0.77994 0.77970 0.77457 0.76640 0.75644 0.74461 0.73511 0.72642 0.71553 0.70394 0.69416 0.68524 0.64654 0.57872 0.51190 0.44559 0.37797 0.30948 0.24127 0.17299 0.10405 0.03473 0.00000 0.00000 0.00000 0.00000 0.00000 0.00000 0.00000 0.00000 0.00000 0.00000 0.00000 0.00000 0.00000 0.00000 0.00000 0.00000 0.00000 0.00000 0.00000 0.00000 0.00000 0.00000 0.00000 0.00000 0.00000 0.00000 0.00000 0.00000 0.00000 0.00000 0.00000 0.00000 0.00000 0.00000 0.00000 0.00000 0.00000 0.00000 0.00000 0.00000 0.00000 0.00000 0.00000 0.00000 0.00000 0.00000 0.00000 0.00000 0.00000 0.00000 0.00000 0.00000 0.00000 0.00000 0.00000 0.00000 0.00000 0.00000 0.00000 0.00000 0.00000 0.00000 0.00000 0.00000 0.00000
0.08287 0.06455 0.04607 0.02753 0.00918 0.00927 0.02775 0.04593 0.06425 0.08335 0.10171 0.11918 0.13755 0.15657 0.17502 0.18305 0.18258 0.18328 0.18365 0.18235 0.18161 0.18260 0.18296 0.18142 0.18083 0.17258 0.15478 0.13566 0.11733 0.09949 0.08145 0.06328 0.04517 0.02700 0.00899 0.02710 0.08122 0.13438 0.18819 0.24356 0.29694 0.34825 0.40277 0.45938 0.51159 0.54329 0.56302 0.58424 0.60026 0.61799 0.63443 0.65001 0.67038 0.69163 0.70703 0.68514 0.63373 0.58355 0.52846 0.47229 0.41972 0.36781 0.31379 0.25922 0.20550 0.17030 0.15283 0.13464 0.11619 0.09857 0.08117 0.06307 0.04476 0.02704 0.00905 0.00000 0.00000 0.00000 0.00000 0.00000 0.00000 0.00000 0.00000 0.00000 0.00000 0.00000 0.00000 0.00000 0.00000 0.00000 0.00000 0.00000 0.00000 0.00000 0.00000 0.00919 0.02764 0.04650 0.06515 0.08326 0.10213 0.12170 0.14027 0.15845 0.17818 0.21678 0.27225 0.32965 0.38797 0.44376 0.50144 0.56162 0.61936 0.67597 0.73522 0.76716 0.76823 0.76903 0.77025 0.77286 0.77549 0.77602 0.77622 0.77961 0.78281 0.77282 0.75412 0.73767 0.72012 0.70109 0.68284 0.66498 0.64662 0.62818 0.60963 0.57105 0.51226 0.45308 0.39346 0.33378 0.27391 0.21354 0.15280 0.09191 0.03074 0.00000 0.00000 0.00000 0.00000 0.00000 0.00000 0.00000 0.00000 0.00000 0.00000 0.00000 0.00000 0.00000 0.00000 0.00000 0.00000 0.00000 0.00000 0.00000 0.00000 0.00000 0.00000 0.00000 0.00000 0.00000 0.00000 0.00000 0.00000 0.00000 0.00000 0.00000 0.00000 0.00000 0.00000 0.00000 0.00000 0.00000 0.00000 0.00000 0.00000 0.00000 0.00000 0.00000 0.00000 0.00000 0.00000 0.00000 0.00000 0.00000 0.00000 0.00000 0.00000 0.00000 0.00000 0.00000 0.00000 0.00000 0.00000 0.00000 0.00000 0.00000 0.00000 0.00000 0.00000 0.00000
0.11537 0.08988 0.06399 0.03848 0.01293 0.01293 0.03854 0.06437 0.09046 0.11600 0.14118 0.16768 0.19320 0.21809 0.24474 0.25693 0.25527 0.25563 0.25698 0.25553 0.25415 0.25489 0.25536 0.25406 0.25372 0.24174 0.21520 0.18942 0.16527 0.13991 0.11332 0.08803 0.06348 0.03804 0.01255 0.02332 0.07049 0.11726 0.16285 0.20925 0.25760 0.30467 0.34850 0.39414 0.44389 0.48081 0.50149 0.52507 0.55416 0.58082 0.60306 0.62433 0.65184 0.68098 0.70413 0.68879 0.64383 0.60174 0.55463 0.50404 0.45791 0.41532 0.36889 0.31918 0.27272 0.23935 0.21451 0.18772 0.16262 0.13870 0.11368 0.08794 0.06297 0.03786 0.01257 0.00000 0.00000 0.00000 0.00000 0.00000 0.00000 0.00000 0.00000 0.00000 0.00000 0.00000 0.00000 0.00000 0.00000 0.00000 0.00000 0.00000 0.00000 0.00000 0.00000 0.01292 0.03884 0.06501 0.09110 0.11696 0.14340 0.17045 0.19652 0.22213 0.24953 0.28883 0.33781 0.38548 0.43590 0.48878 0.53859 0.58562 0.63692 0.69218 0.74317 0.76446 0.76660 0.77340 0.77468 0.77120 0.77393 0.77990 0.77996 0.77869 0.78246 0.77230 0.74436 0.71801 0.69378 0.66762 0.63994 0.61393 0.58877 0.56192 0.53410 0.49536 0.44526 0.39382 0.34146 0.28961 0.23796 0.18554 0.13267 0.07980 0.02669 0.00000 0.00000 0.00000 0.00000 0.00000 0.00000 0.00000 0.00000 0.00000 0.00000 0.00000 0.00000 0.00000 0.00000 0.00000 0.00000 0.00000 0.00000 0.00000 0.00000 0.00000 0.00000 0.00000 0.00000 0.00000 0.00000 0.00000 0.00000 0.00000 0.00000 0.00000 0.00000 0.00000 0.00000 0.00000 0.00000 0.00000 0.00000 0.00000 0.00000 0.00000 0.00000 0.00000 0.00000 0.00000 0.00000 0.00000 0.00000 0.00000 0.00000 0.00000 0.00000 0.00000 0.00000 0.00000 0.00000 0.00000 0.00000 0.00000 0.00000 0.00000 0.00000 0.00000 0.00000 0.00000
0.14873 0.11542 0.08236 0.04982 0.01663 0.01651 0.04946 0.08314 0.11633 0.14853 0.18137 0.21558 0.24851 0.27988 0.31239 0.33024 0.33054 0.32849 0.32699 0.32868 0.32926 0.32701 0.32549 0.32779 0.32801 0.30898 0.27611 0.24518 0.21213 0.17823 0.14630 0.11391 0.08094 0.04865 0.01628 0.01978 0.05908 0.09907 0.13893 0.17724 0.21630 0.25738 0.29647 0.33382 0.37403 0.41145 0.44216 0.47338 0.50679 0.53656 0.56942 0.60586 0.63675 0.66330 0.69651 0.69937 0.65905 0.61405 0.57559 0.54090 0.50122 0.45878 0.41944 0.38218 0.34354 0.30680 0.27347 0.24184 0.21099 0.17860 0.14500 0.11284 0.08143 0.04877 0.01615 0.00000 0.00000 0.00000 0.00000 0.00000 0.00000 0.00000 0.00000 0.00000 0.00000 0.00000 0.00000 0.00000 0.00000 0.00000 0.00000 0.00000 0.00000 0.00000 0.00000 0.01673 0.05024 0.08318 0.11677 0.15152 0.18528 0.21785 0.25250 0.28822 0.32128 0.35847 0.40261 0.44544 0.48557 0.52947 0.57351 0.61466 0.65773 0.70287 0.74652 0.76836 0.76956 0.77185 0.77433 0.77560 0.77592 0.77854 0.78175 0.78202 0.78273 0.76836 0.73537 0.70024 0.66619 0.63275 0.59836 0.56363 0.52918 0.49459 0.45955 0.42031 0.37700 0.33360 0.28986 0.24576 0.20152 0.15719 0.11260 0.06771 0.02261 0.00000 0.00000 0.00000 0.00000 0.00000 0.00000 0.00000 0.00000 0.00000 0.00000 0.00000 0.00000 0.00000 0.00000 0.00000 0.00000 0.00000 0.00000 0.00000 0.00000 0.00000 0.00000 0.00000 0.00000 0.00000 0.00000 0.00000 0.00000 0.00000 0.00000 0.00000 0.00000 0.00000 0.00000 0.00000 0.00000 0.00000 0.00000 0.00000 0.00000 0.00000 0.00000 0.00000 0.00000 0.00000 0.00000 0.00000 0.00000 0.00000 0.00000 0.00000 0.00000 0.00000 0.00000 0.00000 0.00000 0.00000 0.00000 0.00000 0.00000 0.00000 0.00000 0.00000 0.00000 0.00000
0.18049 0.14136 0.10124 0.06057 0.02012 0.02021 0.06091 0.10120 0.14107 0.18201 0.22290 0.26232 0.30243 0.34309 0.38173 0.40212 0.40369 0.40163 0.39935 0.40092 0.40215 0.39942 0.39777 0.40000 0.40052 0.37754 0.33764 0.29961 0.25836 0.21744 0.17928 0.13958 0.09870 0.05929 0.01991 0.01622 0.04829 0.08074 0.11373 0.14577 0.17673 0.20891 0.24315 0.27557 0.30482 0.34003 0.38316 0.42281 0.45752 0.49660 0.53994 0.57997 0.61625 0.65418 0.69575 0.70117 0.66800 0.63354 0.60166 0.57255 0.54096 0.50529 0.47256 0.44419 0.41283 0.37369 0.33410 0.29721 0.25792 0.21703 0.17792 0.13887 0.09892 0.05949 0.01993 0.00000 0.00000 0.00000 0.00000 0.00000 0.00000 0.00000 0.00000 0.00000 0.00000 0.00000 0.00000 0.00000 0.00000 0.00000 0.00000 0.00000 0.00000 0.00000 0.00000 0.02039 0.06126 0.10212 0.14338 0.18504 0.22603 0.26695 0.30958 0.35267 0.39334 0.43015 0.46678 0.50350 0.53770 0.57000 0.60567 0.64548 0.68095 0.71210 0.74850 0.77260 0.77398 0.77039 0.77280 0.77932 0.77985 0.77747 0.78096 0.78596 0.78548 0.76372 0.72418 0.68336 0.63958 0.59719 0.55612 0.51347 0.46968 0.42680 0.38443 0.34500 0.30882 0.27314 0.23777 0.20170 0.16516 0.12877 0.09234 0.05553 0.01854 0.00000 0.00000 0.00000 0.00000 0.00000 0.00000 0.00000 0.00000 0.00000 0.00000 0.00000 0.00000 0.00000 0.00000 0.00000 0.00000 0.00000 0.00000 0.00000 0.00000 0.00000 0.00000 0.00000 0.00000 0.00000 0.00000 0.00000 0.00000 0.00000 0.00000 0.00000 0.00000 0.00000 0.00000 0.00000 0.00000 0.00000 0.00000 0.00000 0.00000 0.00000 0.00000 0.00000 0.00000 0.00000 0.00000 0.00000 0.00000 0.00000 0.00000 0.00000 0.00000 0.00000 0.00000 0.00000 0.00000 0.00000 0.00000 0.00000 0.00000 0.00000 0.00000 0.00000 0.00000 0.00000
0.21432 0.16714 0.11949 0.07133 0.02376 0.02396 0.07189 0.11900 0.16638 0.21568 0.26324 0.30856 0.35593 0.40640 0.45366 0.47425 0.47295 0.47490 0.47637 0.47281 0.47105 0.47296 0.47450 0.47089 0.46934 0.44877 0.40143 0.35103 0.30464 0.25941 0.21111 0.16352 0.11761 0.07037 0.02328 0.01259 0.03795 0.06283 0.08749 0.11322 0.13871 0.16284 0.18775 0.21364 0.23822 0.27347 0.32092 0.36687 0.41208 0.46104 0.50818 0.55014 0.59631 0.64912 0.69586 0.69913 0.67451 0.65672 0.63149 0.60055 0.57576 0.55553 0.53114 0.50353 0.47698 0.44267 0.39854 0.35156 0.30252 0.25607 0.21162 0.16477 0.11662 0.07015 0.02360 0.00000 0.00000 0.00000 0.00000 0.00000 0.00000 0.00000 0.00000 0.00000 0.00000 0.00000 0.00000 0.00000 0.00000 0.00000 0.00000 0.00000 0.00000 0.00000 0.00000 0.02401 0.07218 0.12147 0.17027 0.21770 0.26684 0.31797 0.36684 0.41436 0.46563 0.50622 0.53088 0.55752 0.58832 0.61582 0.64143 0.67065 0.70014 0.72740 0.75515 0.77101 0.77344 0.77481 0.77543 0.77765 0.78066 0.78145 0.78215 0.78509 0.78785 0.76264 0.71283 0.66383 0.61373 0.56299 0.51274 0.46215 0.41090 0.35956 0.30823 0.26871 0.24093 0.21300 0.18509 0.15710 0.12885 0.10041 0.07190 0.04327 0.01446 0.00000 0.00000 0.00000 0.00000 0.00000 0.00000 0.00000 0.00000 0.00000 0.00000 0.00000 0.00000 0.00000 0.00000 0.00000 0.00000 0.00000 0.00000 0.00000 0.00000 0.00000 0.00000 0.00000 0.00000 0.00000 0.00000 0.00000 0.00000 0.00000 0.00000 0.00000 0.00000 0.00000 0.00000 0.00000 0.00000 0.00000 0.00000 0.00000 0.00000 0.00000 0.00000 0.00000 0.00000 0.00000 0.00000 0.00000 0.00000 0.00000 0.00000 0.00000 0.00000 0.00000 0.00000 0.00000 0.00000 0.00000 0.00000 0.00000 0.00000 0.00000 0.00000 0.00000 0.00000 0.00000
0.24641 0.19136 0.13673 0.08266 0.02764 0.02751 0.08234 0.13762 0.19322 0.24775 0.30220 0.35712 0.41185 0.46677 0.52287 0.54748 0.54552 0.54736 0.54895 0.54475 0.54269 0.54566 0.54703 0.54228 0.54087 0.51721 0.46333 0.40495 0.35136 0.29902 0.24350 0.18849 0.13564 0.08108 0.02684 0.00900 0.02710 0.04488 0.06247 0.08061 0.09918 0.11702 0.13365 0.15147 0.17106 0.20701 0.25804 0.31165 0.36869 0.42192 0.47207 0.52638 0.58303 0.63589 0.68768 0.70627 0.68932 0.67172 0.65416 0.63517 0.61654 0.60140 0.58567 0.56389 0.54479 0.51310 0.45997 0.40346 0.35004 0.29763 0.24315 0.18907 0.13571 0.08127 0.02698 0.00000 0.00000 0.00000 0.00000 0.00000 0.00000 0.00000 0.00000 0.00000 0.00000 0.00000 0.00000 0.00000 0.00000 0.00000 0.00000 0.00000 0.00000 0.00000 0.00000 0.02786 0.08377 0.13990 0.19582 0.25206 0.30956 0.36699 0.42277 0.47890 0.53835 0.57909 0.59734 0.61477 0.63632 0.66013 0.68004 0.69619 0.71711 0.74288 0.76330 0.76961 0.77209 0.77855 0.77910 0.77661 0.77993 0.78543 0.78504 0.78411 0.78804 0.76239 0.70262 0.64379 0.58713 0.52910 0.46936 0.41036 0.35180 0.29221 0.23192 0.19206 0.17256 0.15265 0.13241 0.11231 0.09226 0.07194 0.05145 0.03095 0.01035 0.00000 0.00000 0.00000 0.00000 0.00000 0.00000 0.00000 0.00000 0.00000 0.00000 0.00000 0.00000 0.00000 0.00000 0.00000 0.00000 0.00000 0.00000 0.00000 0.00000 0.00000 0.00000 0.00000 0.00000 0.00000 0.00000 0.00000 0.00000 0.00000 0.00000 0.00000 0.00000 0.00000 0.00000 0.00000 0.00000 0.00000 0.00000 0.00000 0.00000 0.00000 0.00000 0.00000 0.00000 0.00000 0.00000 0.00000 0.00000 0.00000 0.00000 0.00000 0.00000 0.00000 0.00000 0.00000 0.00000 0.00000 0.00000 0.00000 0.00000 0.00000 0.00000 0.00000 0.00000 0.00000
0.27859 0.21659 0.15507 0.09377 0.03125 0.03107 0.09308 0.15672 0.21906 0.27908 0.34123 0.40646 0.46843 0.52665 0.58781 0.62194 0.62269 0.61818 0.61623 0.61871 0.62047 0.61626 0.61407 0.61663 0.61837 0.58313 0.52028 0.46194 0.40039 0.33581 0.27543 0.21515 0.15251 0.09168 0.03073 0.00539 0.01608 0.02694 0.03788 0.04840 0.05890 0.06997 0.08079 0.09126 0.10217 0.13791 0.19808 0.25966 0.32165 0.38015 0.43961 0.50467 0.56663 0.62141 0.68155 0.71429 0.70380 0.68560 0.67510 0.67177 0.66128 0.64540 0.63371 0.62595 0.61897 0.58202 0.51718 0.45658 0.39959 0.33854 0.27447 0.21365 0.15424 0.09243 0.03060 0.00000 0.00000 0.00000 0.00000 0.00000 0.00000 0.00000 0.00000 0.00000 0.00000 0.00000 0.00000 0.00000 0.00000 0.00000 0.00000 0.00000 0.00000 0.00000 0.00000 0.03174 0.09538 0.15808 0.22167 0.28744 0.35191 0.41426 0.47930 0.54729 0.61107 0.64751 0.66306 0.67764 0.68656 0.69911 0.71516 0.72722 0.73868 0.75279 0.76703 0.77367 0.77471 0.77710 0.77971 0.78050 0.78153 0.78422 0.78703 0.78757 0.78896 0.75802 0.69264 0.62609 0.56004 0.49360 0.42644 0.35922 0.29192 0.22404 0.15569 0.11550 0.10367 0.09174 0.07967 0.06755 0.05542 0.04324 0.03096 0.01861 0.00622 0.00000 0.00000 0.00000 0.00000 0.00000 0.00000 0.00000 0.00000 0.00000 0.00000 0.00000 0.00000 0.00000 0.00000 0.00000 0.00000 0.00000 0.00000 0.00000 0.00000 0.00000 0.00000 0.00000 0.00000 0.00000 0.00000 0.00000 0.00000 0.00000 0.00000 0.00000 0.00000 0.00000 0.00000 0.00000 0.00000 0.00000 0.00000 0.00000 0.00000 0.00000 0.00000 0.00000 0.00000 0.00000 0.00000 0.00000 0.00000 0.00000 0.00000 0.00000 0.00000 0.00000 0.00000 0.00000 0.00000 0.00000 0.00000 0.00000 0.00000 0.00000 0.00000 0.00000 0.00000 0.00000
0.31181 0.24384 0.17425 0.10408 0.03467 0.03481 0.10478 0.17424 0.24328 0.31250 0.38232 0.45271 0.52203 0.58864 0.65714 0.69440 0.69525 0.68962 0.68809 0.69199 0.69296 0.68703 0.68472 0.68978 0.69087 0.65066 0.58048 0.51606 0.44789 0.37593 0.30774 0.23962 0.17044 0.10291 0.03434 0.00179 0.00536 0.00899 0.01263 0.01617 0.01961 0.02320 0.02703 0.03061 0.03383 0.06947 0.13858 0.20655 0.27230 0.34097 0.41166 0.47817 0.54371 0.61386 0.68386 0.71388 0.70951 0.70797 0.70485 0.70053 0.69782 0.69428 0.68825 0.68827 0.68690 0.64790 0.57964 0.51401 0.44505 0.37599 0.30889 0.24033 0.17104 0.10309 0.03454 0.00000 0.00000 0.00000 0.00000 0.00000 0.00000 0.00000 0.00000 0.00000 0.00000 0.00000 0.00000 0.00000 0.00000 0.00000 0.00000 0.00000 0.00000 0.00000 0.00000 0.03537 0.10615 0.17739 0.24955 0.32117 0.39188 0.46393 0.53845 0.61221 0.68392 0.72031 0.72687 0.73613 0.74060 0.74125 0.74689 0.75755 0.76231 0.76311 0.76958 0.77774 0.77784 0.77590 0.77939 0.78464 0.78404 0.78324 0.78716 0.79154 0.79107 0.75365 0.68167 0.60861 0.53295 0.45786 0.38343 0.30801 0.23175 0.15554 0.07908 0.03863 0.03460 0.03061 0.02662 0.02259 0.01851 0.01443 0.01034 0.00622 0.00208 0.00000 0.00000 0.00000 0.00000 0.00000 0.00000 0.00000 0.00000 0.00000 0.00000 0.00000 0.00000 0.00000 0.00000 0.00000 0.00000 0.00000 0.00000 0.00000 0.00000 0.00000 0.00000 0.00000 0.00000 0.00000 0.00000 0.00000 0.00000 0.00000 0.00000 0.00000 0.00000 0.00000 0.00000 0.00000 0.00000 0.00000 0.00000 0.00000 0.00000 0.00000 0.00000 0.00000 0.00000 0.00000 0.00000 0.00000 0.00000 0.00000 0.00000 0.00000 0.00000 0.00000 0.00000 0.00000 0.00000 0.00000 0.00000 0.00000 0.00000 0.00000 0.00000 0.00000 0.00000 0.00000
0.32858 0.25622 0.18288 0.10936 0.03645 0.03680 0.11036 0.18252 0.25520 0.33157 0.40397 0.47386 0.54660 0.62249 0.69557 0.72714 0.72588 0.72881 0.72996 0.72497 0.72315 0.72560 0.72788 0.72299 0.72054 0.68721 0.61730 0.54074 0.46666 0.39661 0.32587 0.25238 0.18008 0.10771 0.03585 0.00000 0.00000 0.00000 0.00000 0.00000 0.00000 0.00000 0.00000 0.00000 0.00000 0.03401 0.10244 0.16987 0.23677 0.30667 0.37608 0.44052 0.50722 0.58066 0.64986 0.67892 0.68227 0.69317 0.69742 0.69428 0.69780 0.70712 0.71311 0.71542 0.71361 0.68170 0.62040 0.55197 0.47889 0.41092 0.34637 0.27757 0.20690 0.13892 0.07101 0.03449 0.03072 0.02726 0.02377 0.02001 0.01634 0.01281 0.00918 0.00548 0.00183 0.00184 0.00554 0.00917 0.01285 0.01669 0.02042 0.02397 0.02771 0.03172 0.03551 0.07247 0.14323 0.21570 0.28781 0.35816 0.42958 0.50441 0.57746 0.64756 0.72157 0.76247 0.76160 0.76098 0.76582 0.76705 0.76643 0.76918 0.77249 0.77243 0.77374 0.77677 0.77898 0.77913 0.78079 0.78364 0.78622 0.78669 0.78804 0.79068 0.79327 0.75470 0.67679 0.59870 0.52006 0.44117 0.36207 0.28221 0.20193 0.12149 0.04063 0.00000 0.00000 0.00000 0.00000 0.00000 0.00000 0.00000 0.00000 0.00000 0.00000 0.00000 0.00000 0.00000 0.00000 0.00000 0.00000 0.00000 0.00000 0.00000 0.00000 0.00000 0.00000 0.00000 0.00000 0.00000 0.00000 0.00000 0.00000 0.00000 0.00000 0.00000 0.00000 0.00000 0.00000 0.00000 0.00000 0.00000 0.00000 0.00000 0.00000 0.00000 0.00000 0.00000 0.00000 0.00000 0.00000 0.00000 0.00000 0.00000 0.00000 0.00000 0.00000 0.00000 0.00000 0.00000 0.00000 0.00000 0.00000 0.00000 0.00000 0.00000 0.00000 0.00000 0.00000 0.00000 0.00000 0.00000 0.00000 0.00000 0.00000 0.00000 0.00000 0.00000 0.00000 0.00000
0.32736 0.25451 0.18203 0.10984 0.03674 0.03654 0.10934 0.18275 0.25626 0.32956 0.40242 0.47364 0.54599 0.62211 0.69520 0.72564 0.72549 0.72951 0.72994 0.72308 0.72181 0.72677 0.72768 0.72137 0.71911 0.68790 0.61725 0.54044 0.46618 0.39637 0.32530 0.25295 0.18051 0.10736 0.03579 0.00000 0.00000 0.00000 0.00000 0.00000 0.00000 0.00000 0.00000 0.00000 0.00000 0.03056 0.09078 0.15177 0.21413 0.27406 0.33303 0.39571 0.45843 0.51688 0.57635 0.61529 0.62736 0.63528 0.64513 0.65951 0.67193 0.67941 0.68967 0.70375 0.71382 0.68933 0.62795 0.56666 0.50735 0.44651 0.38371 0.32323 0.26333 0.20107 0.13893 0.10352 0.09308 0.08175 0.07068 0.06027 0.04948 0.03830 0.02736 0.01653 0.00552 0.00550 0.01654 0.02771 0.03878 0.04977 0.06109 0.07249 0.08362 0.09473 0.10607 0.14384 0.20816 0.27181 0.33493 0.40000 0.46722 0.53156 0.59506 0.65980 0.72574 0.76366 0.76469 0.76158 0.76294 0.77026 0.77133 0.76837 0.77050 0.77662 0.77680 0.77550 0.77892 0.78341 0.78276 0.78275 0.78664 0.79047 0.79008 0.79044 0.79401 0.75760 0.67814 0.59910 0.52120 0.44245 0.36249 0.28255 0.20251 0.12183 0.04068 0.00000 0.00000 0.00000 0.00000 0.00000 0.00000 0.00000 0.00000 0.00000 0.00000 0.00000 0.00000 0.00000 0.00000 0.00000 0.00000 0.00000 0.00000 0.00000 0.00000 0.00000 0.00000 0.00000 0.00000 0.00000 0.00000 0.00000 0.00000 0.00000 0.00000 0.00000 0.00000 0.00000 0.00000 0.00000 0.00000 0.00000 0.00000 0.00000 0.00000 0.00000 0.00000 0.00000 0.00000 0.00000 0.00000 0.00000 0.00000 0.00000 0.00000 0.00000 0.00000 0.00000 0.00000 0.00000 0.00000 0.00000 0.00000 0.00000 0.00000 0.00000 0.00000 0.00000 0.00000 0.00000 0.00000 0.00000 0.00000 0.00000 0.00000 0.00000 0.00000 0.00000 0.00000 0.00000
0.32701 0.25429 0.18209 0.10989 0.03671 0.03645 0.10925 0.18317 0.25690 0.32751 0.39981 0.47582 0.54916 0.61817 0.69045 0.72985 0.72944 0.72480 0.72409 0.72656 0.72759 0.72279 0.72101 0.72373 0.72652 0.68549 0.61050 0.54059 0.47142 0.39741 0.32274 0.25088 0.18027 0.10833 0.03597 0.00000 0.00000 0.00000 0.00000 0.00000 0.00000 0.00000 0.00000 0.00000 0.00000 0.02686 0.08016 0.13435 0.18899 0.24120 0.29372 0.35019 0.40508 0.45488 0.50781 0.54885 0.56760 0.58033 0.59780 0.62093 0.64037 0.65545 0.67088 0.68942 0.71450 0.69617 0.63636 0.58304 0.53480 0.48069 0.42273 0.36941 0.31842 0.26354 0.20766 0.17229 0.15535 0.13652 0.11790 0.10047 0.08261 0.06389 0.04558 0.02760 0.00922 0.00916 0.02751 0.04631 0.06493 0.08293 0.10153 0.12118 0.14007 0.15776 0.17655 0.21552 0.27263 0.32802 0.38396 0.44247 0.50150 0.55873 0.61419 0.67283 0.73365 0.76151 0.76344 0.76524 0.76677 0.76863 0.77175 0.77131 0.77252 0.77638 0.77830 0.77776 0.77982 0.78324 0.78530 0.78563 0.78706 0.78980 0.79257 0.79374 0.79511 0.75726 0.67956 0.60119 0.52238 0.44283 0.36307 0.28329 0.20298 0.12202 0.04075 0.00000 0.00000 0.00000 0.00000 0.00000 0.00000 0.00000 0.00000 0.00000 0.00000 0.00000 0.00000 0.00000 0.00000 0.00000 0.00000 0.00000 0.00000 0.00000 0.00000 0.00000 0.00000 0.00000 0.00000 0.00000 0.00000 0.00000 0.00000 0.00000 0.00000 0.00000 0.00000 0.00000 0.00000 0.00000 0.00000 0.00000 0.00000 0.00000 0.00000 0.00000 0.00000 0.00000 0.00000 0.00000 0.00000 0.00000 0.00000 0.00000 0.00000 0.00000 0.00000 0.00000 0.00000 0.00000 0.00000 0.00000 0.00000 0.00000 0.00000 0.00000 0.00000 0.00000 0.00000 0.00000 0.00000 0.00000 0.00000 0.00000 0.00000 0.00000 0.00000 0.00000 0.00000 0.00000
0.32884 0.25593 0.18289 0.10909 0.03634 0.03656 0.10994 0.18233 0.25456 0.32881 0.40091 0.47479 0.54943 0.61660 0.69000 0.73055 0.72983 0.72292 0.72307 0.72763 0.72782 0.72118 0.71940 0.72441 0.72582 0.68491 0.60955 0.54088 0.47066 0.39691 0.32318 0.25089 0.17969 0.10840 0.03608 0.00000 0.00000 0.00000 0.00000 0.00000 0.00000 0.00000 0.00000 0.00000 0.00000 0.02321 0.07022 0.11648 0.16201 0.20961 0.25737 0.30217 0.34767 0.39670 0.44437 0.47757 0.50186 0.53045 0.55693 0.57835 0.60247 0.63299 0.65918 0.67970 0.70496 0.69873 0.65250 0.60527 0.55627 0.51027 0.46644 0.41881 0.36996 0.32445 0.27910 0.24189 0.21550 0.19130 0.16675 0.14066 0.11474 0.08973 0.06440 0.03853 0.01284 0.01291 0.03879 0.06450 0.09057 0.11700 0.14298 0.16877 0.19529 0.22238 0.24908 0.28621 0.33454 0.38498 0.43653 0.48537 0.53288 0.58386 0.63612 0.68794 0.73798 0.76157 0.76233 0.76934 0.77037 0.76807 0.76940 0.77446 0.77651 0.77601 0.77783 0.78062 0.78192 0.78325 0.78601 0.78824 0.78900 0.79031 0.79324 0.79614 0.79700 0.75820 0.68068 0.60264 0.52321 0.44360 0.36402 0.28391 0.20323 0.12223 0.04086 0.00000 0.00000 0.00000 0.00000 0.00000 0.00000 0.00000 0.00000 0.00000 0.00000 0.00000 0.00000 0.00000 0.00000 0.00000 0.00000 0.00000 0.00000 0.00000 0.00000 0.00000 0.00000 0.00000 0.00000 0.00000 0.00000 0.00000 0.00000 0.00000 0.00000 0.00000 0.00000 0.00000 0.00000 0.00000 0.00000 0.00000 0.00000 0.00000 0.00000 0.00000 0.00000 0.00000 0.00000 0.00000 0.00000 0.00000 0.00000 0.00000 0.00000 0.00000 0.00000 0.00000 0.00000 0.00000 0.00000 0.00000 0.00000 0.00000 0.00000 0.00000 0.00000 0.00000 0.00000 0.00000 0.00000 0.00000 0.00000 0.00000 0.00000 0.00000 0.00000 0.00000 0.00000 0.00000
0.32832 0.25559 0.18268 0.10916 0.03637 0.03650 0.10988 0.18237 0.25448 0.32839 0.40236 0.47255 0.54477 0.62139 0.69226 0.72464 0.72536 0.72783 0.72651 0.72246 0.72192 0.72483 0.72671 0.72085 0.71901 0.68579 0.61695 0.54116 0.46589 0.39463 0.32549 0.25325 0.17931 0.10729 0.03597 0.00000 0.00000 0.00000 0.00000 0.00000 0.00000 0.00000 0.00000 0.00000 0.00000 0.01969 0.05941 0.09846 0.13712 0.17757 0.21785 0.25543 0.29412 0.33635 0.37656 0.40896 0.44081 0.47719 0.51051 0.53942 0.57101 0.60595 0.64093 0.67302 0.70242 0.69852 0.66486 0.62520 0.58102 0.54233 0.50707 0.46712 0.42426 0.38578 0.34876 0.31151 0.27745 0.24619 0.21462 0.18078 0.14764 0.11574 0.08295 0.04948 0.01649 0.01665 0.05006 0.08289 0.11617 0.15085 0.18471 0.21694 0.25071 0.28664 0.32132 0.35735 0.39843 0.44214 0.48608 0.52786 0.56804 0.61040 0.65700 0.70023 0.74090 0.76298 0.76750 0.76849 0.76971 0.77022 0.77199 0.77571 0.77702 0.77681 0.77878 0.78276 0.78392 0.78462 0.78621 0.78891 0.79155 0.79303 0.79402 0.79598 0.79883 0.76095 0.68216 0.60299 0.52394 0.44486 0.36499 0.28430 0.20351 0.12254 0.04097 0.00000 0.00000 0.00000 0.00000 0.00000 0.00000 0.00000 0.00000 0.00000 0.00000 0.00000 0.00000 0.00000 0.00000 0.00000 0.00000 0.00000 0.00000 0.00000 0.00000 0.00000 0.00000 0.00000 0.00000 0.00000 0.00000 0.00000 0.00000 0.00000 0.00000 0.00000 0.00000 0.00000 0.00000 0.00000 0.00000 0.00000 0.00000 0.00000 0.00000 0.00000 0.00000 0.00000 0.00000 0.00000 0.00000 0.00000 0.00000 0.00000 0.00000 0.00000 0.00000 0.00000 0.00000 0.00000 0.00000 0.00000 0.00000 0.00000 0.00000 0.00000 0.00000 0.00000 0.00000 0.00000 0.00000 0.00000 0.00000 0.00000 0.00000 0.00000 0.00000 0.00000 0.00000 0.00000
0.32689 0.25411 0.18153 0.10963 0.03658 0.03638 0.10888 0.18294 0.25615 0.32724 0.39931 0.47366 0.54628 0.62140 0.69278 0.72313 0.72436 0.72866 0.72792 0.72140 0.72113 0.72485 0.72621 0.72165 0.71820 0.68515 0.61610 0.54126 0.46609 0.39492 0.32451 0.25274 0.18001 0.10728 0.03582 0.00000 0.00000 0.00000 0.00000 0.00000 0.00000 0.00000 0.00000 0.00000 0.00000 0.01615 0.04808 0.08067 0.11348 0.14477 0.17640 0.21024 0.24307 0.27346 0.30535 0.34361 0.38379 0.42072 0.45947 0.50310 0.54392 0.57875 0.61782 0.66446 0.70436 0.70314 0.67045 0.63991 0.61188 0.57911 0.54296 0.51184 0.48321 0.44964 0.41458 0.37999 0.34258 0.30182 0.26018 0.22098 0.18214 0.14157 0.10074 0.06065 0.02032 0.02030 0.06089 0.10197 0.14297 0.18345 0.22483 0.26718 0.30857 0.34910 0.39048 0.43026 0.46615 0.49961 0.53217 0.56835 0.60647 0.64141 0.67463 0.70947 0.74569 0.76814 0.76902 0.76733 0.76871 0.77342 0.77600 0.77619 0.77636 0.77777 0.78192 0.78411 0.78481 0.78530 0.78825 0.79108 0.79228 0.79394 0.79618 0.79795 0.79978 0.76211 0.68363 0.60441 0.52509 0.44555 0.36552 0.28499 0.20404 0.12275 0.04103 0.00000 0.00000 0.00000 0.00000 0.00000 0.00000 0.00000 0.00000 0.00000 0.00000 0.00000 0.00000 0.00000 0.00000 0.00000 0.00000 0.00000 0.00000 0.00000 0.00000 0.00000 0.00000 0.00000 0.00000 0.00000 0.00000 0.00000 0.00000 0.00000 0.00000 0.00000 0.00000 0.00000 0.00000 0.00000 0.00000 0.00000 0.00000 0.00000 0.00000 0.00000 0.00000 0.00000 0.00000 0.00000 0.00000 0.00000 0.00000 0.00000 0.00000 0.00000 0.00000 0.00000 0.00000 0.00000 0.00000 0.00000 0.00000 0.00000 0.00000 0.00000 0.00000 0.00000 0.00000 0.00000 0.00000 0.00000 0.00000 0.00000 0.00000 0.00000 0.00000 0.00000 0.00000 0.00000
0.32757 0.25392 0.18146 0.10926 0.03654 0.03648 0.10892 0.18207 0.25573 0.32769 0.39899 0.47516 0.54698 0.61569 0.69019 0.72884 0.72522 0.72247 0.72393 0.72612 0.72415 0.72000 0.71967 0.72370 0.72561 0.68329 0.60954 0.53962 0.47077 0.39767 0.32235 0.25035 0.18041 0.10835 0.03581 0.00000 0.00000 0.00000 0.00000 0.00000 0.00000 0.00000 0.00000 0.00000 0.00000 0.01256 0.03741 0.06268 0.08822 0.11276 0.13738 0.16352 0.18909 0.21262 0.23749 0.27564 0.32292 0.36686 0.41330 0.46310 0.51106 0.55577 0.60253 0.64993 0.69732 0.71075 0.68505 0.65826 0.63579 0.61185 0.58363 0.55962 0.53783 0.51180 0.48429 0.44997 0.40484 0.35614 0.30821 0.26236 0.21525 0.16677 0.11922 0.07206 0.02407 0.02394 0.07188 0.12091 0.16964 0.21680 0.26537 0.31638 0.36603 0.41275 0.46168 0.50256 0.53128 0.55665 0.58233 0.61070 0.64108 0.66974 0.69444 0.72106 0.75324 0.76861 0.76818 0.76892 0.77258 0.77498 0.77559 0.77610 0.77812 0.78207 0.78264 0.78383 0.78568 0.78784 0.79031 0.79241 0.79326 0.79471 0.79802 0.80043 0.80141 0.76271 0.68460 0.60610 0.52653 0.44619 0.36594 0.28569 0.20463 0.12294 0.04108 0.00000 0.00000 0.00000 0.00000 0.00000 0.00000 0.00000 0.00000 0.00000 0.00000 0.00000 0.00000 0.00000 0.00000 0.00000 0.00000 0.00000 0.00000 0.00000 0.00000 0.00000 0.00000 0.00000 0.00000 0.00000 0.00000 0.00000 0.00000 0.00000 0.00000 0.00000 0.00000 0.00000 0.00000 0.00000 0.00000 0.00000 0.00000 0.00000 0.00000 0.00000 0.00000 0.00000 0.00000 0.00000 0.00000 0.00000 0.00000 0.00000 0.00000 0.00000 0.00000 0.00000 0.00000 0.00000 0.00000 0.00000 0.00000 0.00000 0.00000 0.00000 0.00000 0.00000 0.00000 0.00000 0.00000 0.00000 0.00000 0.00000 0.00000 0.00000 0.00000 0.00000 0.00000 0.00000
0.32856 0.25529 0.18197 0.10887 0.03631 0.03657 0.10964 0.18170 0.25378 0.32870 0.40206 0.47352 0.54579 0.61523 0.68903 0.72879 0.72752 0.72217 0.72238 0.72500 0.72573 0.72282 0.71973 0.72048 0.72426 0.68676 0.60955 0.53868 0.46954 0.39718 0.32366 0.25063 0.17944 0.10823 0.03601 0.00000 0.00000 0.00000 0.00000 0.00000 0.00000 0.00000 0.00000 0.00000 0.00000 0.00896 0.02703 0.04467 0.06235 0.08098 0.09910 0.11604 0.13385 0.15311 0.17119 0.20575 0.25935 0.31544 0.37017 0.42147 0.47464 0.53375 0.58865 0.63751 0.69124 0.71493 0.69943 0.68063 0.65780 0.64037 0.62905 0.61061 0.58811 0.57159 0.55855 0.52169 0.46365 0.41011 0.35865 0.30372 0.24699 0.19240 0.13855 0.08325 0.02763 0.02772 0.08356 0.13899 0.19480 0.25207 0.30833 0.36339 0.42019 0.47946 0.53695 0.57366 0.59192 0.61362 0.63673 0.65587 0.67259 0.69330 0.71673 0.73861 0.75741 0.76627 0.76841 0.77405 0.77498 0.77464 0.77528 0.77665 0.78196 0.78378 0.78314 0.78358 0.78800 0.79131 0.79089 0.79182 0.79557 0.79821 0.79859 0.80061 0.80365 0.76514 0.68568 0.60671 0.52755 0.44747 0.36680 0.28602 0.20496 0.12330 0.04118 0.00000 0.00000 0.00000 0.00000 0.00000 0.00000 0.00000 0.00000 0.00000 0.00000 0.00000 0.00000 0.00000 0.00000 0.00000 0.00000 0.00000 0.00000 0.00000 0.00000 0.00000 0.00000 0.00000 0.00000 0.00000 0.00000 0.00000 0.00000 0.00000 0.00000 0.00000 0.00000 0.00000 0.00000 0.00000 0.00000 0.00000 0.00000 0.00000 0.00000 0.00000 0.00000 0.00000 0.00000 0.00000 0.00000 0.00000 0.00000 0.00000 0.00000 0.00000 0.00000 0.00000 0.00000 0.00000 0.00000 0.00000 0.00000 0.00000 0.00000 0.00000 0.00000 0.00000 0.00000 0.00000 0.00000 0.00000 0.00000 0.00000 0.00000 0.00000 0.00000 0.00000 0.00000 0.00000
0.32613 0.25495 0.18213 0.10937 0.03626 0.03630 0.10947 0.18222 0.25377 0.32749 0.40190 0.47115 0.54404 0.62019 0.68849 0.72298 0.72651 0.72706 0.72132 0.72020 0.72299 0.72514 0.72312 0.71776 0.71859 0.68700 0.61533 0.53887 0.46573 0.39396 0.32516 0.25305 0.17895 0.10723 0.03605 0.00000 0.00000 0.00000 0.00000 0.00000 0.00000 0.00000 0.00000 0.00000 0.00000 0.00536 0.01620 0.02691 0.03753 0.04843 0.05935 0.06979 0.08049 0.09185 0.10273 0.13773 0.19860 0.26166 0.32358 0.38219 0.44329 0.50722 0.56874 0.62940 0.69403 0.71740 0.70414 0.69747 0.68744 0.67626 0.66708 0.65650 0.64456 0.63590 0.62716 0.58947 0.52744 0.46755 0.40569 0.34255 0.28106 0.21965 0.15686 0.09389 0.03139 0.03158 0.09499 0.15745 0.22067 0.28611 0.35050 0.41233 0.47650 0.54390 0.61030 0.64557 0.65693 0.67193 0.68616 0.69819 0.70908 0.72091 0.73663 0.75148 0.76187 0.76721 0.77180 0.77452 0.77488 0.77509 0.77745 0.78129 0.78159 0.78310 0.78496 0.78678 0.78919 0.79182 0.79267 0.79331 0.79709 0.79996 0.80048 0.80158 0.80476 0.76710 0.68756 0.60772 0.52811 0.44845 0.36791 0.28655 0.20518 0.12359 0.04130 0.00000 0.00000 0.00000 0.00000 0.00000 0.00000 0.00000 0.00000 0.00000 0.00000 0.00000 0.00000 0.00000 0.00000 0.00000 0.00000 0.00000 0.00000 0.00000 0.00000 0.00000 0.00000 0.00000 0.00000 0.00000 0.00000 0.00000 0.00000 0.00000 0.00000 0.00000 0.00000 0.00000 0.00000 0.00000 0.00000 0.00000 0.00000 0.00000 0.00000 0.00000 0.00000 0.00000 0.00000 0.00000 0.00000 0.00000 0.00000 0.00000 0.00000 0.00000 0.00000 0.00000 0.00000 0.00000 0.00000 0.00000 0.00000 0.00000 0.00000 0.00000 0.00000 0.00000 0.00000 0.00000 0.00000 0.00000 0.00000 0.00000 0.00000 0.00000 0.00000 0.00000 0.00000 0.00000
0.32415 0.25296 0.18175 0.10946 0.03635 0.03627 0.10893 0.18251 0.25561 0.32666 0.39957 0.47208 0.54461 0.61884 0.69119 0.72402 0.72268 0.72399 0.72550 0.72380 0.72103 0.71920 0.72339 0.72474 0.71955 0.68176 0.61325 0.54224 0.46843 0.39413 0.32288 0.25265 0.18014 0.10728 0.03580 0.00000 0.00000 0.00000 0.00000 0.00000 0.00000 0.00000 0.00000 0.00000 0.00000 0.00179 0.00535 0.00901 0.01262 0.01605 0.01963 0.02345 0.02705 0.03037 0.03398 0.07037 0.13895 0.20632 0.27422 0.34473 0.41448 0.48040 0.54770 0.62097 0.69187 0.72195 0.71510 0.71289 0.71622 0.71302 0.70363 0.70083 0.70446 0.70146 0.69248 0.65710 0.59362 0.52473 0.45162 0.38233 0.31572 0.24625 0.17484 0.10500 0.03527 0.03535 0.10559 0.17712 0.24846 0.31810 0.38990 0.46458 0.53626 0.60591 0.67818 0.72074 0.72679 0.73076 0.73217 0.73788 0.74830 0.75332 0.75430 0.75928 0.76734 0.77360 0.77325 0.77230 0.77468 0.77777 0.78121 0.78253 0.78179 0.78253 0.78791 0.79068 0.78935 0.79045 0.79509 0.79810 0.79721 0.79909 0.80316 0.80501 0.80540 0.76743 0.68938 0.60961 0.52910 0.44888 0.36859 0.28745 0.20565 0.12370 0.04138 0.00000 0.00000 0.00000 0.00000 0.00000 0.00000 0.00000 0.00000 0.00000 0.00000 0.00000 0.00000 0.00000 0.00000 0.00000 0.00000 0.00000 0.00000 0.00000 0.00000 0.00000 0.00000 0.00000 0.00000 0.00000 0.00000 0.00000 0.00000 0.00000 0.00000 0.00000 0.00000 0.00000 0.00000 0.00000 0.00000 0.00000 0.00000 0.00000 0.00000 0.00000 0.00000 0.00000 0.00000 0.00000 0.00000 0.00000 0.00000 0.00000 0.00000 0.00000 0.00000 0.00000 0.00000 0.00000 0.00000 0.00000 0.00000 0.00000 0.00000 0.00000 0.00000 0.00000 0.00000 0.00000 0.00000 0.00000 0.00000 0.00000 0.00000 0.00000 0.00000 0.00000 0.00000 0.00000
0.31048 0.24140 0.17220 0.10352 0.03458 0.03454 0.10331 0.17249 0.24276 0.31066 0.37800 0.44999 0.51766 0.58477 0.65688 0.69090 0.68574 0.68479 0.69006 0.68926 0.68469 0.68189 0.68535 0.68825 0.68629 0.64832 0.58494 0.52391 0.45875 0.39294 0.32591 0.26116 0.19833 0.13353 0.06797 0.03572 0.03600 0.03603 0.03577 0.03572 0.03584 0.03597 0.03598 0.03575 0.03573 0.03414 0.03052 0.02686 0.02330 0.01972 0.01615 0.01259 0.00899 0.00537 0.00179 0.03429 0.10298 0.17026 0.23834 0.30921 0.37881 0.44436 0.51466 0.58491 0.64950 0.68667 0.69143 0.69013 0.68781 0.68948 0.69173 0.69312 0.69288 0.69230 0.69431 0.66392 0.59722 0.53065 0.46707 0.40224 0.33479 0.26860 0.20366 0.13735 0.07036 0.07221 0.14319 0.21477 0.28580 0.35614 0.42800 0.50208 0.57475 0.64458 0.71740 0.75735 0.76021 0.75867 0.75992 0.76184 0.76367 0.76724 0.76745 0.76589 0.77010 0.77444 0.77465 0.77352 0.77676 0.78076 0.78095 0.78198 0.78393 0.78614 0.78819 0.78905 0.78593 0.78216 0.78219 0.78142 0.77769 0.77421 0.77389 0.77266 0.76939 0.73029 0.65557 0.58029 0.50415 0.42738 0.35052 0.27361 0.19597 0.11775 0.03936 0.00000 0.00000 0.00000 0.00000 0.00000 0.00000 0.00000 0.00000 0.00000 0.00000 0.00000 0.00000 0.00000 0.00000 0.00000 0.00000 0.00000 0.00000 0.00000 0.00000 0.00000 0.00000 0.00000 0.00000 0.00000 0.00000 0.00000 0.00000 0.00000 0.00000 0.00000 0.00000 0.00000 0.00000 0.00000 0.00000 0.00000 0.00000 0.00000 0.00000 0.00000 0.00000 0.00000 0.00000 0.00000 0.00000 0.00000 0.00000 0.00000 0.00000 0.00000 0.00000 0.00000 0.00000 0.00000 0.00000 0.00000 0.00000 0.00000 0.00000 0.00000 0.00000 0.00000 0.00000 0.00000 0.00000 0.00000 0.00000 0.00000 0.00000 0.00000 0.00000 0.00000 0.00000 0.00000
0.27583 0.21558 0.15339 0.09222 0.03093 0.03098 0.09256 0.15406 0.21682 0.27840 0.33840 0.39946 0.46417 0.52578 0.58329 0.61373 0.61723 0.61649 0.61295 0.61110 0.61490 0.61614 0.61209 0.60967 0.61293 0.59021 0.53671 0.48363 0.43357 0.38645 0.33563 0.28266 0.23279 0.18401 0.13325 0.10714 0.10726 0.10817 0.10807 0.10720 0.10707 0.10774 0.10813 0.10755 0.10701 0.10255 0.09199 0.08028 0.06956 0.05952 0.04872 0.03749 0.02681 0.01626 0.00542 0.03045 0.09144 0.15339 0.21516 0.27624 0.33606 0.39784 0.46262 0.52389 0.58212 0.61414 0.61900 0.61921 0.61521 0.61546 0.62133 0.62257 0.61824 0.61826 0.62395 0.60004 0.54496 0.49356 0.44628 0.39585 0.34220 0.29062 0.24117 0.18974 0.13694 0.14281 0.20728 0.26969 0.33348 0.39997 0.46444 0.52591 0.59131 0.66099 0.72572 0.75639 0.75649 0.75829 0.76462 0.76578 0.76223 0.76385 0.77065 0.77282 0.77033 0.77095 0.77495 0.77935 0.77955 0.78012 0.78113 0.78198 0.78739 0.78961 0.78810 0.78350 0.77661 0.76752 0.75413 0.74401 0.73641 0.72605 0.71357 0.70394 0.69507 0.65558 0.58719 0.51977 0.45216 0.38351 0.31427 0.24505 0.17568 0.10571 0.03529 0.00000 0.00000 0.00000 0.00000 0.00000 0.00000 0.00000 0.00000 0.00000 0.00000 0.00000 0.00000 0.00000 0.00000 0.00000 0.00000 0.00000 0.00000 0.00000 0.00000 0.00000 0.00000 0.00000 0.00000 0.00000 0.00000 0.00000 0.00000 0.00000 0.00000 0.00000 0.00000 0.00000 0.00000 0.00000 0.00000 0.00000 0.00000 0.00000 0.00000 0.00000 0.00000 0.00000 0.00000 0.00000 0.00000 0.00000 0.00000 0.00000 0.00000 0.00000 0.00000 0.00000 0.00000 0.00000 0.00000 0.00000 0.00000 0.00000 0.00000 0.00000 0.00000 0.00000 0.00000 0.00000 0.00000 0.00000 0.00000 0.00000 0.00000 0.00000 0.00000 0.00000 0.00000 0.00000
0.24507 0.19054 0.13592 0.08133 0.02715 0.02737 0.08201 0.13579 0.19005 0.24570 0.30076 0.35341 0.40823 0.46336 0.51538 0.54159 0.54456 0.54439 0.54086 0.53933 0.54266 0.54383 0.54086 0.53759 0.53964 0.52491 0.48724 0.44768 0.41234 0.37710 0.34258 0.30682 0.26861 0.23216 0.19786 0.18030 0.17926 0.17860 0.17918 0.18000 0.18012 0.17876 0.17832 0.17978 0.18014 0.17008 0.15184 0.13468 0.11697 0.09879 0.08063 0.06273 0.04499 0.02706 0.00899 0.02688 0.08084 0.13567 0.19018 0.24257 0.29710 0.35360 0.40640 0.45990 0.51805 0.54562 0.54199 0.54319 0.54745 0.54785 0.54515 0.54549 0.54914 0.55054 0.54828 0.52988 0.49686 0.46136 0.42229 0.38590 0.35190 0.31542 0.27688 0.24054 0.20517 0.21452 0.26929 0.32617 0.38411 0.44134 0.49724 0.55391 0.61282 0.67175 0.72837 0.75730 0.76017 0.76219 0.76086 0.76497 0.76759 0.76645 0.76805 0.77356 0.77458 0.77179 0.77515 0.78054 0.78141 0.78021 0.78240 0.78614 0.78737 0.78981 0.79080 0.78126 0.76537 0.74869 0.72890 0.70908 0.69279 0.67538 0.65543 0.63621 0.61855 0.57978 0.51968 0.45959 0.39938 0.33898 0.27813 0.21673 0.15518 0.09345 0.03123 0.00000 0.00000 0.00000 0.00000 0.00000 0.00000 0.00000 0.00000 0.00000 0.00000 0.00000 0.00000 0.00000 0.00000 0.00000 0.00000 0.00000 0.00000 0.00000 0.00000 0.00000 0.00000 0.00000 0.00000 0.00000 0.00000 0.00000 0.00000 0.00000 0.00000 0.00000 0.00000 0.00000 0.00000 0.00000 0.00000 0.00000 0.00000 0.00000 0.00000 0.00000 0.00000 0.00000 0.00000 0.00000 0.00000 0.00000 0.00000 0.00000 0.00000 0.00000 0.00000 0.00000 0.00000 0.00000 0.00000 0.00000 0.00000 0.00000 0.00000 0.00000 0.00000 0.00000 0.00000 0.00000 0.00000 0.00000 0.00000 0.00000 0.00000 0.00000 0.00000 0.00000 0.00000 0.00000
0.21052 0.16452 0.11787 0.07078 0.02353 0.02356 0.07093 0.11802 0.16447 0.21209 0.26059 0.30750 0.35216 0.39831 0.44914 0.47230 0.46854 0.46713 0.47089 0.47136 0.46765 0.46608 0.46939 0.47107 0.46734 0.45476 0.43587 0.41573 0.39291 0.36863 0.34796 0.32851 0.30616 0.28221 0.26131 0.25259 0.25220 0.24978 0.24995 0.25206 0.25243 0.25063 0.24974 0.25158 0.25260 0.23791 0.21232 0.18916 0.16432 0.13765 0.11257 0.08846 0.06322 0.03759 0.01254 0.02352 0.07050 0.11730 0.16361 0.21033 0.25918 0.30702 0.35168 0.39840 0.44914 0.47305 0.47085 0.47124 0.47437 0.47531 0.47321 0.47290 0.47626 0.47795 0.47586 0.46425 0.44546 0.42502 0.40130 0.37881 0.35945 0.33813 0.31443 0.29261 0.27248 0.28569 0.33304 0.38346 0.43414 0.48126 0.53059 0.58376 0.63416 0.68084 0.73147 0.76070 0.76355 0.76325 0.76166 0.76319 0.77033 0.77145 0.76815 0.77009 0.77575 0.77865 0.77706 0.77796 0.78119 0.78259 0.78604 0.78810 0.78736 0.78856 0.79364 0.78246 0.75310 0.72712 0.70362 0.67715 0.64824 0.62252 0.59741 0.56955 0.54158 0.50307 0.45185 0.39929 0.34665 0.29422 0.24157 0.18838 0.13479 0.08107 0.02712 0.00000 0.00000 0.00000 0.00000 0.00000 0.00000 0.00000 0.00000 0.00000 0.00000 0.00000 0.00000 0.00000 0.00000 0.00000 0.00000 0.00000 0.00000 0.00000 0.00000 0.00000 0.00000 0.00000 0.00000 0.00000 0.00000 0.00000 0.00000 0.00000 0.00000 0.00000 0.00000 0.00000 0.00000 0.00000 0.00000 0.00000 0.00000 0.00000 0.00000 0.00000 0.00000 0.00000 0.00000 0.00000 0.00000 0.00000 0.00000 0.00000 0.00000 0.00000 0.00000 0.00000 0.00000 0.00000 0.00000 0.00000 0.00000 0.00000 0.00000 0.00000 0.00000 0.00000 0.00000 0.00000 0.00000 0.00000 0.00000 0.00000 0.00000 0.00000 0.00000 0.00000 0.00000 0.00000
0.17848 0.13874 0.09933 0.06019 0.02002 0.01988 0.05969 0.10022 0.14048 0.17925 0.21863 0.25956 0.29951 0.33816 0.37817 0.39904 0.39743 0.39634 0.39776 0.39868 0.39665 0.39475 0.39645 0.39802 0.39666 0.39012 0.38421 0.37905 0.37133 0.36418 0.35487 0.34667 0.34183 0.33582 0.32667 0.32145 0.32237 0.32423 0.32421 0.32194 0.32132 0.32360 0.32467 0.32249 0.32124 0.30709 0.27586 0.24245 0.20925 0.17760 0.14612 0.11356 0.08063 0.04841 0.01627 0.01989 0.05931 0.09880 0.13894 0.17957 0.21867 0.25768 0.29945 0.34033 0.37764 0.39784 0.40166 0.40202 0.39894 0.39944 0.40334 0.40391 0.40106 0.40142 0.40519 0.40234 0.39228 0.38543 0.38152 0.37490 0.36505 0.35857 0.35412 0.34667 0.33773 0.35586 0.39975 0.44065 0.48043 0.52364 0.56839 0.61048 0.65062 0.69409 0.74014 0.76195 0.75935 0.76357 0.76752 0.76654 0.76601 0.77199 0.77440 0.77126 0.77336 0.77987 0.78164 0.77837 0.78062 0.78654 0.78706 0.78781 0.78943 0.79084 0.79436 0.77953 0.74385 0.70817 0.67602 0.64250 0.60623 0.57066 0.53694 0.50213 0.46596 0.42630 0.38271 0.33859 0.29416 0.24953 0.20466 0.15967 0.11438 0.06876 0.02298 0.00000 0.00000 0.00000 0.00000 0.00000 0.00000 0.00000 0.00000 0.00000 0.00000 0.00000 0.00000 0.00000 0.00000 0.00000 0.00000 0.00000 0.00000 0.00000 0.00000 0.00000 0.00000 0.00000 0.00000 0.00000 0.00000 0.00000 0.00000 0.00000 0.00000 0.00000 0.00000 0.00000 0.00000 0.00000 0.00000 0.00000 0.00000 0.00000 0.00000 0.00000 0.00000 0.00000 0.00000 0.00000 0.00000 0.00000 0.00000 0.00000 0.00000 0.00000 0.00000 0.00000 0.00000 0.00000 0.00000 0.00000 0.00000 0.00000 0.00000 0.00000 0.00000 0.00000 0.00000 0.00000 0.00000 0.00000 0.00000 0.00000 0.00000 0.00000 0.00000 0.00000 0.00000 0.00000
0.14582 0.11347 0.08142 0.04910 0.01632 0.01630 0.04888 0.08172 0.11483 0.14708 0.17872 0.21139 0.24559 0.27815 0.30800 0.32376 0.32657 0.32675 0.32352 0.32290 0.32562 0.32619 0.32300 0.32234 0.32504 0.32920 0.33311 0.34000 0.35021 0.35764 0.36266 0.36813 0.37696 0.38624 0.39261 0.39282 0.39312 0.39615 0.39681 0.39394 0.39248 0.39516 0.39718 0.39432 0.39251 0.37605 0.33776 0.29547 0.25548 0.21818 0.17892 0.13808 0.09852 0.05957 0.01989 0.01622 0.04853 0.08091 0.11415 0.14709 0.17858 0.21080 0.24531 0.27852 0.30981 0.32628 0.32800 0.32841 0.32792 0.32793 0.32909 0.33008 0.32982 0.32930 0.33061 0.33575 0.34283 0.34939 0.35860 0.36750 0.37396 0.38113 0.39156 0.39972 0.40513 0.42691 0.46399 0.49764 0.52982 0.56652 0.60352 0.63618 0.67027 0.70835 0.74552 0.76111 0.76125 0.76397 0.76951 0.76948 0.76715 0.76979 0.77566 0.77698 0.77503 0.77713 0.78129 0.78299 0.78403 0.78634 0.78725 0.78792 0.79260 0.79517 0.79388 0.77403 0.73479 0.69240 0.64736 0.60567 0.56447 0.52021 0.47591 0.43347 0.39025 0.34953 0.31334 0.27760 0.24135 0.20460 0.16776 0.13085 0.09377 0.05642 0.01884 0.00000 0.00000 0.00000 0.00000 0.00000 0.00000 0.00000 0.00000 0.00000 0.00000 0.00000 0.00000 0.00000 0.00000 0.00000 0.00000 0.00000 0.00000 0.00000 0.00000 0.00000 0.00000 0.00000 0.00000 0.00000 0.00000 0.00000 0.00000 0.00000 0.00000 0.00000 0.00000 0.00000 0.00000 0.00000 0.00000 0.00000 0.00000 0.00000 0.00000 0.00000 0.00000 0.00000 0.00000 0.00000 0.00000 0.00000 0.00000 0.00000 0.00000 0.00000 0.00000 0.00000 0.00000 0.00000 0.00000 0.00000 0.00000 0.00000 0.00000 0.00000 0.00000 0.00000 0.00000 0.00000 0.00000 0.00000 0.00000 0.00000 0.00000 0.00000 0.00000 0.00000 0.00000 0.00000
0.11425 0.08913 0.06361 0.03787 0.01264 0.01274 0.03823 0.06329 0.08845 0.11431 0.13999 0.16471 0.18967 0.21565 0.24081 0.25264 0.25278 0.25347 0.25268 0.25179 0.25236 0.25316 0.25236 0.25110 0.25169 0.26349 0.28469 0.30529 0.32652 0.34774 0.37077 0.39374 0.41294 0.43213 0.45497 0.46883 0.46895 0.46528 0.46412 0.46734 0.46936 0.46639 0.46412 0.46655 0.46948 0.44406 0.39497 0.34973 0.30520 0.25777 0.20948 0.16322 0.11763 0.07051 0.02331 0.01258 0.03807 0.06347 0.08833 0.11350 0.13972 0.16561 0.18982 0.21510 0.24274 0.25587 0.25366 0.25400 0.25673 0.25703 0.25480 0.25524 0.25792 0.25832 0.25624 0.26775 0.29262 0.31551 0.33519 0.35815 0.38368 0.40636 0.42652 0.45067 0.47622 0.49975 0.52482 0.55365 0.58368 0.60940 0.63416 0.66347 0.69440 0.72129 0.74544 0.76255 0.76704 0.76632 0.76482 0.77088 0.77381 0.77068 0.77195 0.77885 0.78094 0.77722 0.77925 0.78618 0.78716 0.78548 0.78789 0.79161 0.79363 0.79571 0.79645 0.77131 0.72342 0.67384 0.62149 0.56985 0.52020 0.46921 0.41650 0.36452 0.31287 0.27269 0.24440 0.21627 0.18797 0.15947 0.13083 0.10201 0.07304 0.04396 0.01470 0.00000 0.00000 0.00000 0.00000 0.00000 0.00000 0.00000 0.00000 0.00000 0.00000 0.00000 0.00000 0.00000 0.00000 0.00000 0.00000 0.00000 0.00000 0.00000 0.00000 0.00000 0.00000 0.00000 0.00000 0.00000 0.00000 0.00000 0.00000 0.00000 0.00000 0.00000 0.00000 0.00000 0.00000 0.00000 0.00000 0.00000 0.00000 0.00000 0.00000 0.00000 0.00000 0.00000 0.00000 0.00000 0.00000 0.00000 0.00000 0.00000 0.00000 0.00000 0.00000 0.00000 0.00000 0.00000 0.00000 0.00000 0.00000 0.00000 0.00000 0.00000 0.00000 0.00000 0.00000 0.00000 0.00000 0.00000 0.00000 0.00000 0.00000 0.00000 0.00000 0.00000 0.00000 0.00000
0.08126 0.06344 0.04520 0.02706 0.00905 0.00909 0.02726 0.04529 0.06316 0.08143 0.10006 0.11805 0.13510 0.15305 0.17257 0.18146 0.17974 0.17942 0.18125 0.18115 0.17935 0.17900 0.18087 0.18095 0.17896 0.19687 0.23499 0.27112 0.30386 0.33969 0.37838 0.41543 0.44953 0.48230 0.51904 0.53995 0.54120 0.53862 0.53552 0.53785 0.54151 0.53928 0.53555 0.53895 0.54171 0.51114 0.45583 0.40547 0.35233 0.29610 0.24186 0.18944 0.13564 0.08109 0.02695 0.00901 0.02718 0.04536 0.06311 0.08106 0.09994 0.11837 0.13583 0.15396 0.17306 0.18230 0.18220 0.18240 0.18259 0.18285 0.18340 0.18328 0.18327 0.18398 0.18456 0.20244 0.23958 0.27799 0.31561 0.35134 0.39067 0.42937 0.46419 0.50237 0.54441 0.57341 0.58885 0.60957 0.63351 0.65282 0.66925 0.69108 0.71444 0.73234 0.75112 0.76414 0.76877 0.76753 0.76637 0.76985 0.77489 0.77518 0.77384 0.77676 0.78078 0.78208 0.78239 0.78509 0.78703 0.78742 0.79137 0.79395 0.79309 0.79496 0.79984 0.77173 0.71057 0.65311 0.59612 0.53579 0.47523 0.41673 0.35725 0.29592 0.23513 0.19522 0.17520 0.15472 0.13443 0.11416 0.09367 0.07303 0.05228 0.03145 0.01052 0.00000 0.00000 0.00000 0.00000 0.00000 0.00000 0.00000 0.00000 0.00000 0.00000 0.00000 0.00000 0.00000 0.00000 0.00000 0.00000 0.00000 0.00000 0.00000 0.00000 0.00000 0.00000 0.00000 0.00000 0.00000 0.00000 0.00000 0.00000 0.00000 0.00000 0.00000 0.00000 0.00000 0.00000 0.00000 0.00000 0.00000 0.00000 0.00000 0.00000 0.00000 0.00000 0.00000 0.00000 0.00000 0.00000 0.00000 0.00000 0.00000 0.00000 0.00000 0.00000 0.00000 0.00000 0.00000 0.00000 0.00000 0.00000 0.00000 0.00000 0.00000 0.00000 0.00000 0.00000 0.00000 0.00000 0.00000 0.00000 0.00000 0.00000 0.00000 0.00000 0.00000 0.00000 0.00000
0.04875 0.03795 0.02711 0.01637 0.00545 0.00542 0.01625 0.02719 0.03818 0.04892 0.05958 0.07063 0.08160 0.09214 0.10285 0.10851 0.10842 0.10811 0.10814 0.10838 0.10819 0.10786 0.10794 0.10820 0.10808 0.13298 0.18321 0.23349 0.28433 0.33570 0.38436 0.43237 0.48392 0.53799 0.58826 0.60861 0.60771 0.61132 0.61333 0.61053 0.60787 0.60975 0.61412 0.61205 0.60762 0.57886 0.52238 0.46003 0.39565 0.33535 0.27691 0.21516 0.15241 0.09162 0.03085 0.00544 0.01619 0.02702 0.03814 0.04912 0.05965 0.07049 0.08209 0.09318 0.10326 0.10884 0.10996 0.11012 0.10919 0.10934 0.11045 0.11062 0.10974 0.11000 0.11107 0.13713 0.18765 0.23992 0.29419 0.34684 0.39647 0.45052 0.50557 0.55641 0.60864 0.64404 0.65804 0.66812 0.67919 0.69377 0.70926 0.71998 0.72961 0.74477 0.76054 0.76607 0.76418 0.76997 0.77284 0.76978 0.77098 0.77786 0.77995 0.77626 0.77837 0.78527 0.78681 0.78402 0.78650 0.79210 0.79293 0.79329 0.79526 0.79719 0.80068 0.76896 0.70101 0.63355 0.56815 0.50112 0.43219 0.36395 0.29619 0.22740 0.15790 0.11722 0.10525 0.09310 0.08087 0.06862 0.05629 0.04390 0.03145 0.01892 0.00632 0.00000 0.00000 0.00000 0.00000 0.00000 0.00000 0.00000 0.00000 0.00000 0.00000 0.00000 0.00000 0.00000 0.00000 0.00000 0.00000 0.00000 0.00000 0.00000 0.00000 0.00000 0.00000 0.00000 0.00000 0.00000 0.00000 0.00000 0.00000 0.00000 0.00000 0.00000 0.00000 0.00000 0.00000 0.00000 0.00000 0.00000 0.00000 0.00000 0.00000 0.00000 0.00000 0.00000 0.00000 0.00000 0.00000 0.00000 0.00000 0.00000 0.00000 0.00000 0.00000 0.00000 0.00000 0.00000 0.00000 0.00000 0.00000 0.00000 0.00000 0.00000 0.00000 0.00000 0.00000 0.00000 0.00000 0.00000 0.00000 0.00000 0.00000 0.00000 0.00000 0.00000 0.00000 0.00000
0.01622 0.01261 0.00905 0.00546 0.00182 0.00181 0.00541 0.00906 0.01274 0.01634 0.01981 0.02344 0.02726 0.03086 0.03415 0.03594 0.03628 0.03627 0.03587 0.03585 0.03621 0.03621 0.03578 0.03578 0.03616 0.06871 0.13232 0.19672 0.26364 0.32892 0.39100 0.45428 0.52017 0.58681 0.65301 0.68432 0.67885 0.67974 0.68598 0.68552 0.67888 0.68058 0.68586 0.68314 0.67998 0.65044 0.58321 0.51141 0.44288 0.37725 0.30916 0.23950 0.17074 0.10283 0.03443 0.00181 0.00541 0.00901 0.01272 0.01639 0.01991 0.02352 0.02734 0.03101 0.03458 0.03646 0.03652 0.03651 0.03667 0.03670 0.03660 0.03669 0.03693 0.03686 0.03677 0.07026 0.13755 0.20348 0.27012 0.33935 0.40647 0.47212 0.54320 0.61257 0.67594 0.71306 0.72370 0.72892 0.72841 0.73430 0.74454 0.74910 0.75006 0.75744 0.76605 0.76598 0.76570 0.76981 0.77421 0.77342 0.77294 0.77639 0.77979 0.78076 0.78125 0.78422 0.78632 0.78690 0.79000 0.79288 0.79257 0.79388 0.79889 0.80096 0.79950 0.76445 0.69225 0.61614 0.53918 0.46483 0.38948 0.31188 0.23477 0.15806 0.08032 0.03913 0.03510 0.03111 0.02704 0.02291 0.01880 0.01467 0.01051 0.00632 0.00211 0.00000 0.00000 0.00000 0.00000 0.00000 0.00000 0.00000 0.00000 0.00000 0.00000 0.00000 0.00000 0.00000 0.00000 0.00000 0.00000 0.00000 0.00000 0.00000 0.00000 0.00000 0.00000 0.00000 0.00000 0.00000 0.00000 0.00000 0.00000 0.00000 0.00000 0.00000 0.00000 0.00000 0.00000 0.00000 0.00000 0.00000 0.00000 0.00000 0.00000 0.00000 0.00000 0.00000 0.00000 0.00000 0.00000 0.00000 0.00000 0.00000 0.00000 0.00000 0.00000 0.00000 0.00000 0.00000 0.00000 0.00000 0.00000 0.00000 0.00000 0.00000 0.00000 0.00000 0.00000 0.00000 0.00000 0.00000 0.00000 0.00000 0.00000 0.00000 0.00000 0.00000 0.00000 0.00000
0.00000 0.00000 0.00000 0.00000 0.00000 0.00000 0.00000 0.00000 0.00000 0.00000 0.00000 0.00000 0.00000 0.00000 0.00000 0.00000 0.00000 0.00000 0.00000 0.00000 0.00000 0.00000 0.00000 0.00000 0.00000 0.03594 0.10792 0.18023 0.25173 0.32200 0.39443 0.46992 0.54083 0.60869 0.68068 0.71973 0.71984 0.71878 0.71813 0.71724 0.71939 0.72079 0.71630 0.71650 0.72309 0.68618 0.60886 0.53776 0.47044 0.39802 0.32285 0.25144 0.18148 0.10879 0.03595 0.00000 0.00000 0.00000 0.00000 0.00000 0.00000 0.00000 0.00000 0.00000 0.00000 0.00000 0.00000 0.00000 0.00000 0.00000 0.00000 0.00000 0.00000 0.00000 0.00000 0.03694 0.11166 0.18575 0.25905 0.33535 0.41176 0.48374 0.55961 0.63893 0.71537 0.75047 0.75256 0.75672 0.75853 0.75782 0.75887 0.76189 0.76562 0.76499 0.76357 0.76873 0.77148 0.76952 0.77027 0.77685 0.77879 0.77532 0.77752 0.78432 0.78593 0.78103 0.77952 0.78155 0.77841 0.77366 0.77236 0.77164 0.76961 0.76711 0.76442 0.72557 0.65224 0.57733 0.50061 0.42436 0.34884 0.27221 0.19457 0.11703 0.03917 0.00000 0.00000 0.00000 0.00000 0.00000 0.00000 0.00000 0.00000 0.00000 0.00000 0.00000 0.00000 0.00000 0.00000 0.00000 0.00000 0.00000 0.00000 0.00000 0.00000 0.00000 0.00000 0.00000 0.00000 0.00000 0.00000 0.00000 0.00000 0.00000 0.00000 0.00000 0.00000 0.00000 0.00000 0.00000 0.00000 0.00000 0.00000 0.00000 0.00000 0.00000 0.00000 0.00000 0.00000 0.00000 0.00000 0.00000 0.00000 0.00000 0.00000 0.00000 0.00000 0.00000 0.00000 0.00000 0.00000 0.00000 0.00000 0.00000 0.00000 0.00000 0.00000 0.00000 0.00000 0.00000 0.00000 0.00000 0.00000 0.00000 0.00000 0.00000 0.00000 0.00000 0.00000 0.00000 0.00000 0.00000 0.00000 0.00000 0.00000 0.00000 0.00000 0.00000 0.00000 0.00000
0.00000 0.00000 0.00000 0.00000 0.00000 0.00000 0.00000 0.00000 0.00000 0.00000 0.00000 0.00000 0.00000 0.00000 0.00000 0.00000 0.00000 0.00000 0.00000 0.00000 0.00000 0.00000 0.00000 0.00000 0.00000 0.03578 0.10842 0.18077 0.25071 0.32196 0.39581 0.46873 0.54091 0.61251 0.67953 0.71507 0.72241 0.72230 0.71506 0.71533 0.72186 0.72104 0.71648 0.72079 0.72174 0.68118 0.61037 0.54220 0.46968 0.39559 0.32379 0.25302 0.18109 0.10856 0.03606 0.00000 0.00000 0.00000 0.00000 0.00000 0.00000 0.00000 0.00000 0.00000 0.00000 0.00000 0.00000 0.00000 0.00000 0.00000 0.00000 0.00000 0.00000 0.00000 0.00000 0.03704 0.11082 0.18607 0.26148 0.33458 0.41005 0.48801 0.56095 0.63564 0.71645 0.75670 0.75221 0.75376 0.76098 0.76270 0.75833 0.76128 0.76735 0.76485 0.76506 0.76972 0.77416 0.77145 0.77162 0.77607 0.77905 0.77935 0.78017 0.78339 0.78560 0.78033 0.77105 0.76215 0.75033 0.73931 0.73196 0.72218 0.70873 0.69898 0.69147 0.65217 0.58276 0.51666 0.45014 0.38089 0.31188 0.24389 0.17489 0.10492 0.03505 0.00000 0.00000 0.00000 0.00000 0.00000 0.00000 0.00000 0.00000 0.00000 0.00000 0.00000 0.00000 0.00000 0.00000 0.00000 0.00000 0.00000 0.00000 0.00000 0.00000 0.00000 0.00000 0.00000 0.00000 0.00000 0.00000 0.00000 0.00000 0.00000 0.00000 0.00000 0.00000 0.00000 0.00000 0.00000 0.00000 0.00000 0.00000 0.00000 0.00000 0.00000 0.00000 0.00000 0.00000 0.00000 0.00000 0.00000 0.00000 0.00000 0.00000 0.00000 0.00000 0.00000 0.00000 0.00000 0.00000 0.00000 0.00000 0.00000 0.00000 0.00000 0.00000 0.00000 0.00000 0.00000 0.00000 0.00000 0.00000 0.00000 0.00000 0.00000 0.00000 0.00000 0.00000 0.00000 0.00000 0.00000 0.00000 0.00000 0.00000 0.00000 0.00000 0.00000 0.00000 0.00000
0.00000 0.00000 0.00000 0.00000 0.00000 0.00000 0.00000 0.00000 0.00000 0.00000 0.00000 0.00000 0.00000 0.00000 0.00000 0.00000 0.00000 0.00000 0.00000 0.00000 0.00000 0.00000 0.00000 0.00000 0.00000 0.03603 0.10800 0.17922 0.25099 0.32502 0.39694 0.46553 0.53633 0.61244 0.68356 0.71930 0.72060 0.71725 0.71636 0.72143 0.72208 0.71627 0.71771 0.72295 0.71838 0.68088 0.61424 0.54318 0.46684 0.39494 0.32646 0.25398 0.17971 0.10802 0.03637 0.00000 0.00000 0.00000 0.00000 0.00000 0.00000 0.00000 0.00000 0.00000 0.00000 0.00000 0.00000 0.00000 0.00000 0.00000 0.00000 0.00000 0.00000 0.00000 0.00000 0.03707 0.11094 0.18630 0.26199 0.33497 0.40976 0.48869 0.56457 0.63637 0.71412 0.75713 0.75737 0.75554 0.75918 0.76229 0.76204 0.76302 0.76550 0.76784 0.76873 0.76983 0.77005 0.77535 0.77727 0.77473 0.77674 0.78332 0.78485 0.78213 0.78448 0.78071 0.76195 0.74093 0.72372 0.70744 0.68864 0.66955 0.65144 0.63288 0.61494 0.57628 0.51634 0.45635 0.39721 0.33730 0.27620 0.21524 0.15439 0.09294 0.03102 0.00000 0.00000 0.00000 0.00000 0.00000 0.00000 0.00000 0.00000 0.00000 0.00000 0.00000 0.00000 0.00000 0.00000 0.00000 0.00000 0.00000 0.00000 0.00000 0.00000 0.00000 0.00000 0.00000 0.00000 0.00000 0.00000 0.00000 0.00000 0.00000 0.00000 0.00000 0.00000 0.00000 0.00000 0.00000 0.00000 0.00000 0.00000 0.00000 0.00000 0.00000 0.00000 0.00000 0.00000 0.00000 0.00000 0.00000 0.00000 0.00000 0.00000 0.00000 0.00000 0.00000 0.00000 0.00000 0.00000 0.00000 0.00000 0.00000 0.00000 0.00000 0.00000 0.00000 0.00000 0.00000 0.00000 0.00000 0.00000 0.00000 0.00000 0.00000 0.00000 0.00000 0.00000 0.00000 0.00000 0.00000 0.00000 0.00000 0.00000 0.00000 0.00000 0.00000 0.00000 0.00000
0.00000 0.00000 0.00000 0.00000 0.00000 0.00000 0.00000 0.00000 0.00000 0.00000 0.00000 0.00000 0.00000 0.00000 0.00000 0.00000 0.00000 0.00000 0.00000 0.00000 0.00000 0.00000 0.00000 0.00000 0.00000 0.03615 0.10740 0.17899 0.25271 0.32492 0.39491 0.46745 0.53752 0.60817 0.68656 0.72201 0.71560 0.71654 0.72184 0.72035 0.71719 0.72045 0.72131 0.71664 0.71905 0.68786 0.61353 0.53845 0.46836 0.39846 0.32559 0.25265 0.18047 0.10850 0.03631 0.00000 0.00000 0.00000 0.00000 0.00000 0.00000 0.00000 0.00000 0.00000 0.00000 0.00000 0.00000 0.00000 0.00000 0.00000 0.00000 0.00000 0.00000 0.00000 0.00000 0.03712 0.11192 0.18603 0.26057 0.33725 0.41211 0.48595 0.56406 0.64247 0.71492 0.75295 0.75948 0.76190 0.75759 0.76004 0.76643 0.76548 0.76378 0.76958 0.77288 0.76906 0.77028 0.77603 0.77920 0.77769 0.77808 0.78267 0.78568 0.78530 0.78722 0.77692 0.74966 0.72267 0.69904 0.67342 0.64415 0.61775 0.59396 0.56711 0.53767 0.49940 0.44964 0.39700 0.34398 0.29253 0.24048 0.18705 0.13380 0.08068 0.02699 0.00000 0.00000 0.00000 0.00000 0.00000 0.00000 0.00000 0.00000 0.00000 0.00000 0.00000 0.00000 0.00000 0.00000 0.00000 0.00000 0.00000 0.00000 0.00000 0.00000 0.00000 0.00000 0.00000 0.00000 0.00000 0.00000 0.00000 0.00000 0.00000 0.00000 0.00000 0.00000 0.00000 0.00000 0.00000 0.00000 0.00000 0.00000 0.00000 0.00000 0.00000 0.00000 0.00000 0.00000 0.00000 0.00000 0.00000 0.00000 0.00000 0.00000 0.00000 0.00000 0.00000 0.00000 0.00000 0.00000 0.00000 0.00000 0.00000 0.00000 0.00000 0.00000 0.00000 0.00000 0.00000 0.00000 0.00000 0.00000 0.00000 0.00000 0.00000 0.00000 0.00000 0.00000 0.00000 0.00000 0.00000 0.00000 0.00000 0.00000 0.00000 0.00000 0.00000 0.00000 0.00000
0.00000 0.00000 0.00000 0.00000 0.00000 0.00000 0.00000 0.00000 0.00000 0.00000 0.00000 0.00000 0.00000 0.00000 0.00000 0.00000 0.00000 0.00000 0.00000 0.00000 0.00000 0.00000 0.00000 0.00000 0.00000 0.03590 0.10761 0.18024 0.25275 0.32255 0.39319 0.46826 0.54129 0.61218 0.68423 0.71702 0.71625 0.72206 0.72323 0.71612 0.71611 0.72345 0.72275 0.71656 0.72019 0.68846 0.61199 0.53839 0.47073 0.39937 0.32385 0.25188 0.18193 0.10917 0.03605 0.00000 0.00000 0.00000 0.00000 0.00000 0.00000 0.00000 0.00000 0.00000 0.00000 0.00000 0.00000 0.00000 0.00000 0.00000 0.00000 0.00000 0.00000 0.00000 0.00000 0.03725 0.11220 0.18592 0.26043 0.33801 0.41408 0.48626 0.56268 0.64341 0.71964 0.75391 0.75760 0.76241 0.76176 0.76093 0.76679 0.76779 0.76506 0.76858 0.77110 0.77327 0.77507 0.77548 0.77629 0.78026 0.78352 0.78217 0.78357 0.78864 0.79085 0.77199 0.73850 0.70630 0.67185 0.63670 0.60271 0.56806 0.53335 0.49860 0.46336 0.42351 0.38028 0.33682 0.29230 0.24769 0.20347 0.15889 0.11362 0.06830 0.02285 0.00000 0.00000 0.00000 0.00000 0.00000 0.00000 0.00000 0.00000 0.00000 0.00000 0.00000 0.00000 0.00000 0.00000 0.00000 0.00000 0.00000 0.00000 0.00000 0.00000 0.00000 0.00000 0.00000 0.00000 0.00000 0.00000 0.00000 0.00000 0.00000 0.00000 0.00000 0.00000 0.00000 0.00000 0.00000 0.00000 0.00000 0.00000 0.00000 0.00000 0.00000 0.00000 0.00000 0.00000 0.00000 0.00000 0.00000 0.00000 0.00000 0.00000 0.00000 0.00000 0.00000 0.00000 0.00000 0.00000 0.00000 0.00000 0.00000 0.00000 0.00000 0.00000 0.00000 0.00000 0.00000 0.00000 0.00000 0.00000 0.00000 0.00000 0.00000 0.00000 0.00000 0.00000 0.00000 0.00000 0.00000 0.00000 0.00000 0.00000 0.00000 0.00000 0.00000 0.00000 0.00000
0.00000 0.00000 0.00000 0.00000 0.00000 0.00000 0.00000 0.00000 0.00000 0.00000 0.00000 0.00000 0.00000 0.00000 0.00000 0.00000 0.00000 0.00000 0.00000 0.00000 0.00000 0.00000 0.00000 0.00000 0.00000 0.03581 0.10848 0.18047 0.25047 0.32332 0.39683 0.46701 0.54036 0.61373 0.68081 0.71680 0.72153 0.71980 0.71801 0.72077 0.72085 0.71789 0.72010 0.72452 0.72090 0.68130 0.61360 0.54415 0.46949 0.39594 0.32542 0.25399 0.18124 0.10875 0.03622 0.00000 0.00000 0.00000 0.00000 0.00000 0.00000 0.00000 0.00000 0.00000 0.00000 0.00000 0.00000 0.00000 0.00000 0.00000 0.00000 0.00000 0.00000 0.00000 0.00000 0.03724 0.11163 0.18694 0.26212 0.33663 0.41288 0.49044 0.56472 0.63972 0.71995 0.76109 0.75754 0.75891 0.76505 0.76605 0.76296 0.76828 0.77198 0.76772 0.76948 0.77605 0.77805 0.77571 0.77671 0.78219 0.78473 0.78408 0.78477 0.78969 0.79136 0.76949 0.72944 0.68850 0.64320 0.60083 0.56102 0.51826 0.47261 0.42975 0.38814 0.34802 0.31097 0.27559 0.24022 0.20335 0.16648 0.13009 0.09332 0.05603 0.01871 0.00000 0.00000 0.00000 0.00000 0.00000 0.00000 0.00000 0.00000 0.00000 0.00000 0.00000 0.00000 0.00000 0.00000 0.00000 0.00000 0.00000 0.00000 0.00000 0.00000 0.00000 0.00000 0.00000 0.00000 0.00000 0.00000 0.00000 0.00000 0.00000 0.00000 0.00000 0.00000 0.00000 0.00000 0.00000 0.00000 0.00000 0.00000 0.00000 0.00000 0.00000 0.00000 0.00000 0.00000 0.00000 0.00000 0.00000 0.00000 0.00000 0.00000 0.00000 0.00000 0.00000 0.00000 0.00000 0.00000 0.00000 0.00000 0.00000 0.00000 0.00000 0.00000 0.00000 0.00000 0.00000 0.00000 0.00000 0.00000 0.00000 0.00000 0.00000 0.00000 0.00000 0.00000 0.00000 0.00000 0.00000 0.00000 0.00000 0.00000 0.00000 0.00000 0.00000 0.00000 0.00000
0.00000 0.00000 0.00000 0.00000 0.00000 0.00000 0.00000 0.00000 0.00000 0.00000 0.00000 0.00000 0.00000 0.00000 0.00000 0.00000 0.00000 0.00000 0.00000 0.00000 0.00000 0.00000 0.00000 0.00000 0.00000 0.03602 0.10841 0.17975 0.25055 0.32362 0.39787 0.46924 0.53821 0.60840 0.68163 0.72275 0.72322 0.71602 0.71632 0.72379 0.72342 0.71661 0.71869 0.72483 0.72198 0.68211 0.61422 0.54469 0.46885 0.39577 0.32698 0.25489 0.18035 0.10825 0.03650 0.00000 0.00000 0.00000 0.00000 0.00000 0.00000 0.00000 0.00000 0.00000 0.00000 0.00000 0.00000 0.00000 0.00000 0.00000 0.00000 0.00000 0.00000 0.00000 0.00000 0.03713 0.11155 0.18766 0.26341 0.33642 0.41196 0.49164 0.56832 0.64012 0.71774 0.76208 0.76324 0.75948 0.76410 0.76765 0.76448 0.76691 0.77208 0.77268 0.77250 0.77504 0.77646 0.77813 0.78184 0.78279 0.78277 0.78534 0.78982 0.79060 0.79081 0.76719 0.71902 0.66864 0.61792 0.56681 0.51637 0.46576 0.41449 0.36228 0.31056 0.27110 0.24304 0.21467 0.18672 0.15870 0.13001 0.10124 0.07260 0.04374 0.01460 0.00000 0.00000 0.00000 0.00000 0.00000 0.00000 0.00000 0.00000 0.00000 0.00000 0.00000 0.00000 0.00000 0.00000 0.00000 0.00000 0.00000 0.00000 0.00000 0.00000 0.00000 0.00000 0.00000 0.00000 0.00000 0.00000 0.00000 0.00000 0.00000 0.00000 0.00000 0.00000 0.00000 0.00000 0.00000 0.00000 0.00000 0.00000 0.00000 0.00000 0.00000 0.00000 0.00000 0.00000 0.00000 0.00000 0.00000 0.00000 0.00000 0.00000 0.00000 0.00000 0.00000 0.00000 0.00000 0.00000 0.00000 0.00000 0.00000 0.00000 0.00000 0.00000 0.00000 0.00000 0.00000 0.00000 0.00000 0.00000 0.00000 0.00000 0.00000 0.00000 0.00000 0.00000 0.00000 0.00000 0.00000 0.00000 0.00000 0.00000 0.00000 0.00000 0.00000 0.00000 0.00000
0.00000 0.00000 0.00000 0.00000 0.00000 0.00000 0.00000 0.00000 0.00000 0.00000 0.00000 0.00000 0.00000 0.00000 0.00000 0.00000 0.00000 0.00000 0.00000 0.00000 0.00000 0.00000 0.00000 0.00000 0.00000 0.03608 0.10742 0.17974 0.25329 0.32366 0.39437 0.46957 0.53990 0.60895 0.68441 0.72033 0.71914 0.72100 0.72036 0.71815 0.72112 0.72402 0.72004 0.71759 0.72320 0.68973 0.61284 0.53928 0.47113 0.39991 0.32549 0.25284 0.18145 0.10904 0.03635 0.00000 0.00000 0.00000 0.00000 0.00000 0.00000 0.00000 0.00000 0.00000 0.00000 0.00000 0.00000 0.00000 0.00000 0.00000 0.00000 0.00000 0.00000 0.00000 0.00000 0.03731 0.11214 0.18718 0.26258 0.33874 0.41395 0.48948 0.56748 0.64533 0.71955 0.75857 0.76378 0.76616 0.76253 0.76681 0.77100 0.76711 0.76851 0.77551 0.77732 0.77398 0.77593 0.78191 0.78347 0.78258 0.78400 0.78873 0.79061 0.79042 0.79268 0.76720 0.70684 0.64791 0.59217 0.53377 0.47189 0.41285 0.35516 0.29495 0.23341 0.19354 0.17431 0.15395 0.13339 0.11336 0.09321 0.07257 0.05190 0.03127 0.01046 0.00000 0.00000 0.00000 0.00000 0.00000 0.00000 0.00000 0.00000 0.00000 0.00000 0.00000 0.00000 0.00000 0.00000 0.00000 0.00000 0.00000 0.00000 0.00000 0.00000 0.00000 0.00000 0.00000 0.00000 0.00000 0.00000 0.00000 0.00000 0.00000 0.00000 0.00000 0.00000 0.00000 0.00000 0.00000 0.00000 0.00000 0.00000 0.00000 0.00000 0.00000 0.00000 0.00000 0.00000 0.00000 0.00000 0.00000 0.00000 0.00000 0.00000 0.00000 0.00000 0.00000 0.00000 0.00000 0.00000 0.00000 0.00000 0.00000 0.00000 0.00000 0.00000 0.00000 0.00000 0.00000 0.00000 0.00000 0.00000 0.00000 0.00000 0.00000 0.00000 0.00000 0.00000 0.00000 0.00000 0.00000 0.00000 0.00000 0.00000 0.00000 0.00000 0.00000 0.00000 0.00000
0.00000 0.00000 0.00000 0.00000 0.00000 0.00000 0.00000 0.00000 0.00000 0.00000 0.00000 0.00000 0.00000 0.00000 0.00000 0.00000 0.00000 0.00000 0.00000 0.00000 0.00000 0.00000 0.00000 0.00000 0.00000 0.03598 0.10744 0.17980 0.25330 0.32481 0.39451 0.46577 0.54037 0.61498 0.68635 0.71600 0.71665 0.72396 0.72352 0.71680 0.71869 0.72470 0.72290 0.71847 0.72163 0.68946 0.61419 0.54014 0.47122 0.40034 0.32530 0.25258 0.18230 0.10957 0.03617 0.00000 0.00000 0.00000 0.00000 0.00000 0.00000 0.00000 0.00000 0.00000 0.00000 0.00000 0.00000 0.00000 0.00000 0.00000 0.00000 0.00000 0.00000 0.00000 0.00000 0.03751 0.11279 0.18669 0.26198 0.34011 0.41658 0.48909 0.56560 0.64729 0.72485 0.75852 0.76061 0.76716 0.76773 0.76562 0.76996 0.77234 0.77079 0.77382 0.77667 0.77732 0.77994 0.78216 0.78224 0.78385 0.78855 0.79018 0.78971 0.79132 0.79600 0.76467 0.69678 0.62898 0.56381 0.49796 0.43022 0.36152 0.29376 0.22599 0.15716 0.11639 0.10446 0.09261 0.08040 0.06808 0.05592 0.04369 0.03125 0.01877 0.00628 0.00000 0.00000 0.00000 0.00000 0.00000 0.00000 0.00000 0.00000 0.00000 0.00000 0.00000 0.00000 0.00000 0.00000 0.00000 0.00000 0.00000 0.00000 0.00000 0.00000 0.00000 0.00000 0.00000 0.00000 0.00000 0.00000 0.00000 0.00000 0.00000 0.00000 0.00000 0.00000 0.00000 0.00000 0.00000 0.00000 0.00000 0.00000 0.00000 0.00000 0.00000 0.00000 0.00000 0.00000 0.00000 0.00000 0.00000 0.00000 0.00000 0.00000 0.00000 0.00000 0.00000 0.00000 0.00000 0.00000 0.00000 0.00000 0.00000 0.00000 0.00000 0.00000 0.00000 0.00000 0.00000 0.00000 0.00000 0.00000 0.00000 0.00000 0.00000 0.00000 0.00000 0.00000 0.00000 0.00000 0.00000 0.00000 0.00000 0.00000 0.00000 0.00000 0.00000 0.00000 0.00000
0.00000 0.00000 0.00000 0.00000 0.00000 0.00000 0.00000 0.00000 0.00000 0.00000 0.00000 0.00000 0.00000 0.00000 0.00000 0.00000 0.00000 0.00000 0.00000 0.00000 0.00000 0.00000 0.00000 0.00000 0.00000 0.03600 0.10860 0.17974 0.25087 0.32510 0.39749 0.46607 0.53932 0.61432 0.68439 0.71958 0.72008 0.71881 0.72191 0.72406 0.71940 0.71792 0.72419 0.72595 0.71995 0.68290 0.61722 0.54561 0.46917 0.39670 0.32744 0.25506 0.18131 0.10877 0.03641 0.00000 0.00000 0.00000 0.00000 0.00000 0.00000 0.00000 0.00000 0.00000 0.00000 0.00000 0.00000 0.00000 0.00000 0.00000 0.00000 0.00000 0.00000 0.00000 0.00000 0.03747 0.11257 0.18768 0.26307 0.33929 0.41574 0.49189 0.56774 0.64539 0.72463 0.76297 0.76191 0.76617 0.77002 0.76638 0.76767 0.77438 0.77660 0.77286 0.77494 0.78160 0.78259 0.78095 0.78315 0.78795 0.78954 0.78936 0.79146 0.79584 0.79670 0.75878 0.68664 0.61348 0.53590 0.46043 0.38701 0.31093 0.23308 0.15656 0.07987 0.03897 0.03484 0.03086 0.02689 0.02278 0.01866 0.01457 0.01045 0.00628 0.00210 0.00000 0.00000 0.00000 0.00000 0.00000 0.00000 0.00000 0.00000 0.00000 0.00000 0.00000 0.00000 0.00000 0.00000 0.00000 0.00000 0.00000 0.00000 0.00000 0.00000 0.00000 0.00000 0.00000 0.00000 0.00000 0.00000 0.00000 0.00000 0.00000 0.00000 0.00000 0.00000 0.00000 0.00000 0.00000 0.00000 0.00000 0.00000 0.00000 0.00000 0.00000 0.00000 0.00000 0.00000 0.00000 0.00000 0.00000 0.00000 0.00000 0.00000 0.00000 0.00000 0.00000 0.00000 0.00000 0.00000 0.00000 0.00000 0.00000 0.00000 0.00000 0.00000 0.00000 0.00000 0.00000 0.00000 0.00000 0.00000 0.00000 0.00000 0.00000 0.00000 0.00000 0.00000 0.00000 0.00000 0.00000 0.00000 0.00000 0.00000 0.00000 0.00000 0.00000 0.00000 0.00000
0.01994 0.02354 0.02710 0.03073 0.03446 0.03444 0.03063 0.02701 0.02354 0.01992 0.01619 0.01260 0.00904 0.00542 0.00180 0.00000 0.00000 0.00000 0.00000 0.00000 0.00000 0.00000 0.00000 0.00000 0.00000 0.03416 0.10314 0.17138 0.23853 0.30672 0.37726 0.44694 0.51351 0.57850 0.64715 0.68813 0.68790 0.68107 0.68252 0.68822 0.68695 0.68314 0.68549 0.68878 0.68704 0.65090 0.58469 0.51774 0.44706 0.37765 0.31097 0.24270 0.17212 0.10317 0.03475 0.00000 0.00000 0.00000 0.00000 0.00000 0.00000 0.00000 0.00000 0.00000 0.00000 0.00184 0.00556 0.00928 0.01292 0.01666 0.02051 0.02422 0.02788 0.03181 0.03566 0.07272 0.14410 0.21708 0.28912 0.35894 0.43166 0.50790 0.58061 0.64975 0.72384 0.76651 0.76727 0.76459 0.76745 0.77167 0.77069 0.77270 0.77625 0.77663 0.77803 0.78123 0.78213 0.78280 0.78703 0.78935 0.78871 0.79025 0.79509 0.79756 0.79721 0.75791 0.68153 0.60459 0.52438 0.44323 0.36403 0.28487 0.20394 0.12230 0.04088 0.00000 0.00000 0.00000 0.00000 0.00000 0.00000 0.00000 0.00000 0.00000 0.00000 0.00000 0.00000 0.00000 0.00000 0.00000 0.00000 0.00000 0.00000 0.00000 0.00000 0.00000 0.00000 0.00000 0.00000 0.00000 0.00000 0.00000 0.00000 0.00000 0.00000 0.00000 0.00000 0.00000 0.00000 0.00000 0.00000 0.00000 0.00000 0.00000 0.00000 0.00000 0.00000 0.00000 0.00000 0.00000 0.00000 0.00000 0.00000 0.00000 0.00000 0.00000 0.00000 0.00000 0.00000 0.00000 0.00000 0.00000 0.00000 0.00000 0.00000 0.00000 0.00000 0.00000 0.00000 0.00000 0.00000 0.00000 0.00000 0.00000 0.00000 0.00000 0.00000 0.00000 0.00000 0.00000 0.00000 0.00000 0.00000 0.00000 0.00000 0.00000 0.00000 0.00000 0.00000 0.00000 0.00000 0.00000 0.00000 0.00000 0.00000 0.00000 0.00000 0.00000 0.00000 0.00000
0.05980 0.07062 0.08133 0.09221 0.10325 0.10321 0.09178 0.08112 0.07070 0.05975 0.04843 0.03773 0.02719 0.01630 0.00538 0.00000 0.00000 0.00000 0.00000 0.00000 0.00000 0.00000 0.00000 0.00000 0.00000 0.03053 0.09141 0.15361 0.21522 0.27431 0.33596 0.40026 0.45984 0.51815 0.58172 0.61341 0.61388 0.61502 0.61138 0.61030 0.61598 0.61694 0.61137 0.61112 0.61780 0.58751 0.52082 0.45953 0.40272 0.34091 0.27681 0.21532 0.15513 0.09314 0.03096 0.00000 0.00000 0.00000 0.00000 0.00000 0.00000 0.00000 0.00000 0.00000 0.00000 0.00554 0.01669 0.02775 0.03887 0.05024 0.06158 0.07252 0.08373 0.09559 0.10699 0.14413 0.20817 0.27367 0.33794 0.40154 0.46713 0.53410 0.59978 0.66322 0.72897 0.76642 0.76907 0.76597 0.76677 0.77370 0.77574 0.77186 0.77403 0.78102 0.78170 0.77944 0.78232 0.78752 0.78837 0.78800 0.79057 0.79467 0.79582 0.79582 0.79915 0.76316 0.68255 0.60233 0.52563 0.44651 0.36453 0.28413 0.20447 0.12297 0.04094 0.00000 0.00000 0.00000 0.00000 0.00000 0.00000 0.00000 0.00000 0.00000 0.00000 0.00000 0.00000 0.00000 0.00000 0.00000 0.00000 0.00000 0.00000 0.00000 0.00000 0.00000 0.00000 0.00000 0.00000 0.00000 0.00000 0.00000 0.00000 0.00000 0.00000 0.00000 0.00000 0.00000 0.00000 0.00000 0.00000 0.00000 0.00000 0.00000 0.00000 0.00000 0.00000 0.00000 0.00000 0.00000 0.00000 0.00000 0.00000 0.00000 0.00000 0.00000 0.00000 0.00000 0.00000 0.00000 0.00000 0.00000 0.00000 0.00000 0.00000 0.00000 0.00000 0.00000 0.00000 0.00000 0.00000 0.00000 0.00000 0.00000 0.00000 0.00000 0.00000 0.00000 0.00000 0.00000 0.00000 0.00000 0.00000 0.00000 0.00000 0.00000 0.00000 0.00000 0.00000 0.00000 0.00000 0.00000 0.00000 0.00000 0.00000 0.00000 0.00000 0.00000 0.00000 0.00000
0.09962 0.11773 0.13567 0.15360 0.17167 0.17177 0.15404 0.13566 0.11702 0.09913 0.08142 0.06321 0.04496 0.02702 0.00903 0.00000 0.00000 0.00000 0.00000 0.00000 0.00000 0.00000 0.00000 0.00000 0.00000 0.02706 0.08076 0.13457 0.18963 0.24432 0.29686 0.34948 0.40491 0.46200 0.51560 0.53800 0.53847 0.54361 0.54266 0.53971 0.54155 0.54325 0.54241 0.54172 0.54300 0.51675 0.46190 0.40750 0.35410 0.30026 0.24494 0.19034 0.13690 0.08244 0.02726 0.00000 0.00000 0.00000 0.00000 0.00000 0.00000 0.00000 0.00000 0.00000 0.00000 0.00928 0.02765 0.04621 0.06523 0.08401 0.10212 0.12113 0.14052 0.15865 0.17785 0.21678 0.27312 0.32846 0.38689 0.44649 0.50252 0.55828 0.61811 0.67992 0.73614 0.76342 0.76734 0.77095 0.77028 0.77168 0.77552 0.77584 0.77627 0.78036 0.78257 0.78169 0.78492 0.78861 0.78823 0.78901 0.79380 0.79663 0.79594 0.79686 0.80114 0.76476 0.68446 0.60356 0.52513 0.44740 0.36660 0.28478 0.20404 0.12317 0.04116 0.00000 0.00000 0.00000 0.00000 0.00000 0.00000 0.00000 0.00000 0.00000 0.00000 0.00000 0.00000 0.00000 0.00000 0.00000 0.00000 0.00000 0.00000 0.00000 0.00000 0.00000 0.00000 0.00000 0.00000 0.00000 0.00000 0.00000 0.00000 0.00000 0.00000 0.00000 0.00000 0.00000 0.00000 0.00000 0.00000 0.00000 0.00000 0.00000 0.00000 0.00000 0.00000 0.00000 0.00000 0.00000 0.00000 0.00000 0.00000 0.00000 0.00000 0.00000 0.00000 0.00000 0.00000 0.00000 0.00000 0.00000 0.00000 0.00000 0.00000 0.00000 0.00000 0.00000 0.00000 0.00000 0.00000 0.00000 0.00000 0.00000 0.00000 0.00000 0.00000 0.00000 0.00000 0.00000 0.00000 0.00000 0.00000 0.00000 0.00000 0.00000 0.00000 0.00000 0.00000 0.00000 0.00000 0.00000 0.00000 0.00000 0.00000 0.00000 0.00000 0.00000 0.00000 0.00000
0.13946 0.16477 0.18976 0.21503 0.24028 0.24042 0.21608 0.19000 0.16339 0.13857 0.11435 0.08873 0.06281 0.03770 0.01270 0.00000 0.00000 0.00000 0.00000 0.00000 0.00000 0.00000 0.00000 0.00000 0.00000 0.02352 0.07057 0.11653 0.16352 0.21192 0.25793 0.30299 0.35161 0.40023 0.44534 0.46804 0.46861 0.46837 0.47125 0.47154 0.46728 0.46748 0.47250 0.47282 0.46832 0.44502 0.40277 0.35563 0.30541 0.25853 0.21391 0.16635 0.11816 0.07085 0.02375 0.00000 0.00000 0.00000 0.00000 0.00000 0.00000 0.00000 0.00000 0.00000 0.00000 0.01295 0.03887 0.06501 0.09122 0.11713 0.14353 0.17046 0.19677 0.22234 0.24915 0.28885 0.33743 0.38558 0.43662 0.48860 0.53761 0.58561 0.63759 0.69175 0.74286 0.76439 0.76594 0.77313 0.77488 0.77089 0.77313 0.77997 0.78080 0.77832 0.78161 0.78730 0.78698 0.78615 0.79004 0.79398 0.79439 0.79467 0.79826 0.80205 0.80217 0.76201 0.68599 0.60800 0.52632 0.44573 0.36736 0.28666 0.20446 0.12298 0.04124 0.00000 0.00000 0.00000 0.00000 0.00000 0.00000 0.00000 0.00000 0.00000 0.00000 0.00000 0.00000 0.00000 0.00000 0.00000 0.00000 0.00000 0.00000 0.00000 0.00000 0.00000 0.00000 0.00000 0.00000 0.00000 0.00000 0.00000 0.00000 0.00000 0.00000 0.00000 0.00000 0.00000 0.00000 0.00000 0.00000 0.00000 0.00000 0.00000 0.00000 0.00000 0.00000 0.00000 0.00000 0.00000 0.00000 0.00000 0.00000 0.00000 0.00000 0.00000 0.00000 0.00000 0.00000 0.00000 0.00000 0.00000 0.00000 0.00000 0.00000 0.00000 0.00000 0.00000 0.00000 0.00000 0.00000 0.00000 0.00000 0.00000 0.00000 0.00000 0.00000 0.00000 0.00000 0.00000 0.00000 0.00000 0.00000 0.00000 0.00000 0.00000 0.00000 0.00000 0.00000 0.00000 0.00000 0.00000 0.00000 0.00000 0.00000 0.00000 0.00000 0.00000 0.00000 0.00000
0.17932 0.21165 0.24361 0.27639 0.30997 0.30963 0.27548 0.24348 0.21174 0.17876 0.14566 0.11360 0.08137 0.04864 0.01618 0.00000 0.00000 0.00000 0.00000 0.00000 0.00000 0.00000 0.00000 0.00000 0.00000 0.01974 0.05955 0.09954 0.13850 0.17752 0.21830 0.25920 0.29758 0.33578 0.37662 0.39893 0.39789 0.39624 0.39781 0.39811 0.39743 0.39787 0.39868 0.39833 0.39854 0.37927 0.33940 0.29935 0.25972 0.22015 0.18042 0.14046 0.10006 0.06001 0.02016 0.00000 0.00000 0.00000 0.00000 0.00000 0.00000 0.00000 0.00000 0.00000 0.00000 0.01661 0.05032 0.08400 0.11681 0.15046 0.18543 0.21966 0.25255 0.28745 0.32148 0.35801 0.40235 0.44563 0.48563 0.52739 0.57331 0.61780 0.65713 0.69927 0.74680 0.77090 0.76843 0.77020 0.77505 0.77538 0.77450 0.77943 0.78258 0.78058 0.78231 0.78792 0.78899 0.78760 0.79155 0.79593 0.79524 0.79557 0.80003 0.80402 0.80377 0.76355 0.68604 0.60935 0.52857 0.44675 0.36677 0.28717 0.20556 0.12330 0.04120 0.00000 0.00000 0.00000 0.00000 0.00000 0.00000 0.00000 0.00000 0.00000 0.00000 0.00000 0.00000 0.00000 0.00000 0.00000 0.00000 0.00000 0.00000 0.00000 0.00000 0.00000 0.00000 0.00000 0.00000 0.00000 0.00000 0.00000 0.00000 0.00000 0.00000 0.00000 0.00000 0.00000 0.00000 0.00000 0.00000 0.00000 0.00000 0.00000 0.00000 0.00000 0.00000 0.00000 0.00000 0.00000 0.00000 0.00000 0.00000 0.00000 0.00000 0.00000 0.00000 0.00000 0.00000 0.00000 0.00000 0.00000 0.00000 0.00000 0.00000 0.00000 0.00000 0.00000 0.00000 0.00000 0.00000 0.00000 0.00000 0.00000 0.00000 0.00000 0.00000 0.00000 0.00000 0.00000 0.00000 0.00000 0.00000 0.00000 0.00000 0.00000 0.00000 0.00000 0.00000 0.00000 0.00000 0.00000 0.00000 0.00000 0.00000 0.00000 0.00000 0.00000 0.00000 0.00000
0.21908 0.25863 0.29784 0.33792 0.37861 0.37813 0.33595 0.29726 0.25923 0.21898 0.17752 0.13827 0.09971 0.05974 0.01972 0.00000 0.00000 0.00000 0.00000 0.00000 0.00000 0.00000 0.00000 0.00000 0.00000 0.01614 0.04853 0.08152 0.11355 0.14526 0.17875 0.21209 0.24280 0.27469 0.30947 0.32609 0.32525 0.32539 0.32406 0.32448 0.32710 0.32713 0.32425 0.32443 0.32792 0.31195 0.27650 0.24389 0.21367 0.18111 0.14703 0.11433 0.08221 0.04950 0.01648 0.00000 0.00000 0.00000 0.00000 0.00000 0.00000 0.00000 0.00000 0.00000 0.00000 0.02039 0.06134 0.10234 0.14361 0.18505 0.22561 0.26717 0.31036 0.35280 0.39254 0.43014 0.46698 0.50332 0.53626 0.57000 0.60747 0.64497 0.67925 0.71198 0.74858 0.77202 0.77386 0.77001 0.77206 0.77855 0.78028 0.77736 0.78086 0.78581 0.78548 0.78479 0.78976 0.79367 0.79245 0.79282 0.79802 0.80111 0.80053 0.80101 0.80620 0.76894 0.68744 0.60688 0.52970 0.44990 0.36769 0.28641 0.20587 0.12392 0.04131 0.00000 0.00000 0.00000 0.00000 0.00000 0.00000 0.00000 0.00000 0.00000 0.00000 0.00000 0.00000 0.00000 0.00000 0.00000 0.00000 0.00000 0.00000 0.00000 0.00000 0.00000 0.00000 0.00000 0.00000 0.00000 0.00000 0.00000 0.00000 0.00000 0.00000 0.00000 0.00000 0.00000 0.00000 0.00000 0.00000 0.00000 0.00000 0.00000 0.00000 0.00000 0.00000 0.00000 0.00000 0.00000 0.00000 0.00000 0.00000 0.00000 0.00000 0.00000 0.00000 0.00000 0.00000 0.00000 0.00000 0.00000 0.00000 0.00000 0.00000 0.00000 0.00000 0.00000 0.00000 0.00000 0.00000 0.00000 0.00000 0.00000 0.00000 0.00000 0.00000 0.00000 0.00000 0.00000 0.00000 0.00000 0.00000 0.00000 0.00000 0.00000 0.00000 0.00000 0.00000 0.00000 0.00000 0.00000 0.00000 0.00000 0.00000 0.00000 0.00000 0.00000 0.00000 0.00000
0.25864 0.30590 0.35276 0.39901 0.44565 0.44654 0.40037 0.35201 0.30415 0.25810 0.21160 0.16393 0.11691 0.07040 0.02350 0.00000 0.00000 0.00000 0.00000 0.00000 0.00000 0.00000 0.00000 0.00000 0.00000 0.01266 0.03780 0.06282 0.08847 0.11416 0.13868 0.16362 0.18968 0.21539 0.23988 0.25280 0.25354 0.25279 0.25232 0.25388 0.25431 0.25313 0.25330 0.25434 0.25429 0.24093 0.21625 0.19158 0.16564 0.13977 0.11473 0.08956 0.06406 0.03839 0.01277 0.00000 0.00000 0.00000 0.00000 0.00000 0.00000 0.00000 0.00000 0.00000 0.00000 0.02425 0.07223 0.12057 0.17052 0.21961 0.26689 0.31581 0.36690 0.41533 0.46611 0.50519 0.53044 0.55730 0.58869 0.61638 0.64058 0.66825 0.70097 0.73001 0.75321 0.76808 0.77473 0.77607 0.77297 0.77767 0.78179 0.77987 0.78020 0.78702 0.78918 0.78621 0.78862 0.79507 0.79573 0.79422 0.79788 0.80315 0.80284 0.80247 0.80611 0.77087 0.68985 0.60828 0.52923 0.45078 0.36934 0.28719 0.20574 0.12402 0.04147 0.00000 0.00000 0.00000 0.00000 0.00000 0.00000 0.00000 0.00000 0.00000 0.00000 0.00000 0.00000 0.00000 0.00000 0.00000 0.00000 0.00000 0.00000 0.00000 0.00000 0.00000 0.00000 0.00000 0.00000 0.00000 0.00000 0.00000 0.00000 0.00000 0.00000 0.00000 0.00000 0.00000 0.00000 0.00000 0.00000 0.00000 0.00000 0.00000 0.00000 0.00000 0.00000 0.00000 0.00000 0.00000 0.00000 0.00000 0.00000 0.00000 0.00000 0.00000 0.00000 0.00000 0.00000 0.00000 0.00000 0.00000 0.00000 0.00000 0.00000 0.00000 0.00000 0.00000 0.00000 0.00000 0.00000 0.00000 0.00000 0.00000 0.00000 0.00000 0.00000 0.00000 0.00000 0.00000 0.00000 0.00000 0.00000 0.00000 0.00000 0.00000 0.00000 0.00000 0.00000 0.00000 0.00000 0.00000 0.00000 0.00000 0.00000 0.00000 0.00000 0.00000 0.00000 0.00000
0.29842 0.35275 0.40641 0.46052 0.51420 0.51462 0.46287 0.40702 0.35022 0.29666 0.24494 0.19016 0.13464 0.08072 0.02719 0.00000 0.00000 0.00000 0.00000 0.00000 0.00000 0.00000 0.00000 0.00000 0.00000 0.00906 0.02701 0.04486 0.06325 0.08159 0.09878 0.11670 0.13598 0.15416 0.17081 0.18000 0.18114 0.18118 0.18136 0.18134 0.18032 0.18055 0.18208 0.18233 0.18077 0.17162 0.15516 0.13724 0.11809 0.09971 0.08215 0.06422 0.04579 0.02734 0.00913 0.00000 0.00000 0.00000 0.00000 0.00000 0.00000 0.00000 0.00000 0.00000 0.00000 0.02793 0.08388 0.13978 0.19574 0.25262 0.31026 0.36699 0.42133 0.47923 0.53947 0.57905 0.59543 0.61518 0.63804 0.65951 0.67727 0.69676 0.71882 0.74187 0.76180 0.76975 0.77132 0.77705 0.77998 0.77685 0.77962 0.78394 0.78394 0.78434 0.78933 0.79213 0.79031 0.79149 0.79783 0.80037 0.79831 0.79950 0.80605 0.80829 0.80691 0.76760 0.69195 0.61254 0.53033 0.44933 0.36998 0.28884 0.20629 0.12400 0.04151 0.00000 0.00000 0.00000 0.00000 0.00000 0.00000 0.00000 0.00000 0.00000 0.00000 0.00000 0.00000 0.00000 0.00000 0.00000 0.00000 0.00000 0.00000 0.00000 0.00000 0.00000 0.00000 0.00000 0.00000 0.00000 0.00000 0.00000 0.00000 0.00000 0.00000 0.00000 0.00000 0.00000 0.00000 0.00000 0.00000 0.00000 0.00000 0.00000 0.00000 0.00000 0.00000 0.00000 0.00000 0.00000 0.00000 0.00000 0.00000 0.00000 0.00000 0.00000 0.00000 0.00000 0.00000 0.00000 0.00000 0.00000 0.00000 0.00000 0.00000 0.00000 0.00000 0.00000 0.00000 0.00000 0.00000 0.00000 0.00000 0.00000 0.00000 0.00000 0.00000 0.00000 0.00000 0.00000 0.00000 0.00000 0.00000 0.00000 0.00000 0.00000 0.00000 0.00000 0.00000 0.00000 0.00000 0.00000 0.00000 0.00000 0.00000 0.00000 0.00000 0.00000 0.00000 0.00000
0.33832 0.39926 0.45957 0.52175 0.58524 0.58405 0.52018 0.46035 0.39966 0.33702 0.27526 0.21492 0.15352 0.09173 0.03060 0.00000 0.00000 0.00000 0.00000 0.00000 0.00000 0.00000 0.00000 0.00000 0.00000 0.00540 0.01625 0.02713 0.03781 0.04866 0.05969 0.07049 0.08106 0.09222 0.10330 0.10814 0.10806 0.10897 0.10904 0.10824 0.10829 0.10913 0.10922 0.10863 0.10894 0.10403 0.09281 0.08159 0.07110 0.06050 0.04934 0.03822 0.02739 0.01652 0.00552 0.00000 0.00000 0.00000 0.00000 0.00000 0.00000 0.00000 0.00000 0.00000 0.00000 0.03151 0.09552 0.15954 0.22171 0.28551 0.35249 0.41649 0.47942 0.54509 0.61138 0.64826 0.66385 0.67630 0.68643 0.69836 0.71595 0.72846 0.73701 0.74964 0.76847 0.77599 0.77185 0.77462 0.78087 0.78210 0.77905 0.78513 0.78827 0.78506 0.78687 0.79357 0.79581 0.79316 0.79538 0.80154 0.80272 0.80153 0.80451 0.81003 0.81030 0.76941 0.69131 0.61378 0.53234 0.45053 0.37000 0.28906 0.20699 0.12440 0.04157 0.00000 0.00000 0.00000 0.00000 0.00000 0.00000 0.00000 0.00000 0.00000 0.00000 0.00000 0.00000 0.00000 0.00000 0.00000 0.00000 0.00000 0.00000 0.00000 0.00000 0.00000 0.00000 0.00000 0.00000 0.00000 0.00000 0.00000 0.00000 0.00000 0.00000 0.00000 0.00000 0.00000 0.00000 0.00000 0.00000 0.00000 0.00000 0.00000 0.00000 0.00000 0.00000 0.00000 0.00000 0.00000 0.00000 0.00000 0.00000 0.00000 0.00000 0.00000 0.00000 0.00000 0.00000 0.00000 0.00000 0.00000 0.00000 0.00000 0.00000 0.00000 0.00000 0.00000 0.00000 0.00000 0.00000 0.00000 0.00000 0.00000 0.00000 0.00000 0.00000 0.00000 0.00000 0.00000 0.00000 0.00000 0.00000 0.00000 0.00000 0.00000 0.00000 0.00000 0.00000 0.00000 0.00000 0.00000 0.00000 0.00000 0.00000 0.00000 0.00000 0.00000 0.00000 0.00000
0.37794 0.44625 0.51396 0.58328 0.65359 0.65285 0.58055 0.51304 0.44757 0.37830 0.30681 0.23860 0.17215 0.10328 0.03410 0.00000 0.00000 0.00000 0.00000 0.00000 0.00000 0.00000 0.00000 0.00000 0.00000 0.00179 0.00543 0.00907 0.01257 0.01616 0.01997 0.02359 0.02696 0.03059 0.03448 0.03629 0.03614 0.03616 0.03618 0.03623 0.03638 0.03640 0.03617 0.03616 0.03650 0.03475 0.03087 0.02718 0.02375 0.02019 0.01646 0.01274 0.00914 0.00552 0.00184 0.00000 0.00000 0.00000 0.00000 0.00000 0.00000 0.00000 0.00000 0.00000 0.00000 0.03533 0.10625 0.17796 0.24962 0.32050 0.39145 0.46522 0.53965 0.61134 0.68094 0.72162 0.72933 0.73470 0.73704 0.74273 0.74956 0.75615 0.75954 0.76431 0.76992 0.77533 0.77731 0.77657 0.77847 0.78230 0.78294 0.78389 0.78798 0.79035 0.78825 0.79112 0.79695 0.79904 0.79639 0.79835 0.80532 0.80735 0.80488 0.80670 0.81361 0.77465 0.69194 0.61184 0.53376 0.45317 0.37070 0.28887 0.20724 0.12481 0.04168 0.00000 0.00000 0.00000 0.00000 0.00000 0.00000 0.00000 0.00000 0.00000 0.00000 0.00000 0.00000 0.00000 0.00000 0.00000 0.00000 0.00000 0.00000 0.00000 0.00000 0.00000 0.00000 0.00000 0.00000 0.00000 0.00000 0.00000 0.00000 0.00000 0.00000 0.00000 0.00000 0.00000 0.00000 0.00000 0.00000 0.00000 0.00000 0.00000 0.00000 0.00000 0.00000 0.00000 0.00000 0.00000 0.00000 0.00000 0.00000 0.00000 0.00000 0.00000 0.00000 0.00000 0.00000 0.00000 0.00000 0.00000 0.00000 0.00000 0.00000 0.00000 0.00000 0.00000 0.00000 0.00000 0.00000 0.00000 0.00000 0.00000 0.00000 0.00000 0.00000 0.00000 0.00000 0.00000 0.00000 0.00000 0.00000 0.00000 0.00000 0.00000 0.00000 0.00000 0.00000 0.00000 0.00000 0.00000 0.00000 0.00000 0.00000 0.00000 0.00000 0.00000 0.00000 0.00000
0.39371 0.45938 0.52439 0.58806 0.65255 0.65456 0.59027 0.52285 0.45718 0.39387 0.32873 0.26267 0.19814 0.13369 0.06847 0.03419 0.03072 0.02710 0.02338 0.01976 0.01625 0.01264 0.00901 0.00541 0.00181 0.00000 0.00000 0.00000 0.00000 0.00000 0.00000 0.00000 0.00000 0.00000 0.00000 0.00000 0.00000 0.00000 0.00000 0.00000 0.00000 0.00000 0.00000 0.00000 0.00000 0.00000 0.00000 0.00000 0.00000 0.00000 0.00000 0.00000 0.00000 0.00000 0.00000 0.00185 0.00555 0.00920 0.01287 0.01661 0.02047 0.02418 0.02772 0.03148 0.03556 0.07310 0.14326 0.21431 0.28811 0.36040 0.42920 0.50187 0.57866 0.64990 0.72052 0.76070 0.76370 0.76038 0.76412 0.76780 0.76741 0.76632 0.77212 0.77462 0.77111 0.77265 0.77958 0.78159 0.77810 0.78052 0.78707 0.78563 0.78581 0.79101 0.79499 0.79061 0.78792 0.78940 0.78844 0.78314 0.78064 0.78139 0.77913 0.77526 0.77352 0.73678 0.66003 0.58291 0.50724 0.43090 0.35315 0.27523 0.19729 0.11863 0.03966 0.00000 0.00000 0.00000 0.00000 0.00000 0.00000 0.00000 0.00000 0.00000 0.00000 0.00000 0.00000 0.00000 0.00000 0.00000 0.00000 0.00000 0.00000 0.00000 0.00000 0.00000 0.00000 0.00000 0.00000 0.00000 0.00000 0.00000 0.00000 0.00000 0.00000 0.00000 0.00000 0.00000 0.00000 0.00000 0.00000 0.00000 0.00000 0.00000 0.00000 0.00000 0.00000 0.00000 0.00000 0.00000 0.00000 0.00000 0.00000 0.00000 0.00000 0.00000 0.00000 0.00000 0.00000 0.00000 0.00000 0.00000 0.00000 0.00000 0.00000 0.00000 0.00000 0.00000 0.00000 0.00000 0.00000 0.00000 0.00000 0.00000 0.00000 0.00000 0.00000 0.00000 0.00000 0.00000 0.00000 0.00000 0.00000 0.00000 0.00000 0.00000 0.00000 0.00000 0.00000 0.00000 0.00000 0.00000 0.00000 0.00000 0.00000 0.00000 0.00000 0.00000 0.00000 0.00000
0.38652 0.43724 0.48708 0.53787 0.58896 0.58832 0.53960 0.48844 0.43480 0.38466 0.33712 0.28626 0.23344 0.18290 0.13418 0.10319 0.09160 0.08099 0.07041 0.05926 0.04886 0.03807 0.02694 0.01614 0.00543 0.00000 0.00000 0.00000 0.00000 0.00000 0.00000 0.00000 0.00000 0.00000 0.00000 0.00000 0.00000 0.00000 0.00000 0.00000 0.00000 0.00000 0.00000 0.00000 0.00000 0.00000 0.00000 0.00000 0.00000 0.00000 0.00000 0.00000 0.00000 0.00000 0.00000 0.00554 0.01658 0.02765 0.03892 0.04998 0.06089 0.07248 0.08396 0.09477 0.10605 0.14423 0.20797 0.27100 0.33552 0.40166 0.46642 0.52907 0.59385 0.66249 0.72932 0.75944 0.76105 0.76526 0.76564 0.76590 0.76822 0.77099 0.77157 0.77179 0.77533 0.77692 0.77806 0.78021 0.78212 0.78334 0.78664 0.78876 0.78716 0.79052 0.79557 0.79158 0.77729 0.76779 0.76171 0.75187 0.73749 0.72690 0.72086 0.71043 0.69679 0.65776 0.59267 0.52431 0.45422 0.38533 0.31672 0.24715 0.17679 0.10636 0.03555 0.00000 0.00000 0.00000 0.00000 0.00000 0.00000 0.00000 0.00000 0.00000 0.00000 0.00000 0.00000 0.00000 0.00000 0.00000 0.00000 0.00000 0.00000 0.00000 0.00000 0.00000 0.00000 0.00000 0.00000 0.00000 0.00000 0.00000 0.00000 0.00000 0.00000 0.00000 0.00000 0.00000 0.00000 0.00000 0.00000 0.00000 0.00000 0.00000 0.00000 0.00000 0.00000 0.00000 0.00000 0.00000 0.00000 0.00000 0.00000 0.00000 0.00000 0.00000 0.00000 0.00000 0.00000 0.00000 0.00000 0.00000 0.00000 0.00000 0.00000 0.00000 0.00000 0.00000 0.00000 0.00000 0.00000 0.00000 0.00000 0.00000 0.00000 0.00000 0.00000 0.00000 0.00000 0.00000 0.00000 0.00000 0.00000 0.00000 0.00000 0.00000 0.00000 0.00000 0.00000 0.00000 0.00000 0.00000 0.00000 0.00000 0.00000 0.00000 0.00000 0.00000 0.00000 0.00000
0.37947 0.41497 0.44984 0.48723 0.52550 0.52428 0.48559 0.45144 0.41599 0.37803 0.34178 0.30744 0.27071 0.23401 0.19849 0.17097 0.15272 0.13563 0.11788 0.09884 0.08093 0.06337 0.04519 0.02696 0.00901 0.00000 0.00000 0.00000 0.00000 0.00000 0.00000 0.00000 0.00000 0.00000 0.00000 0.00000 0.00000 0.00000 0.00000 0.00000 0.00000 0.00000 0.00000 0.00000 0.00000 0.00000 0.00000 0.00000 0.00000 0.00000 0.00000 0.00000 0.00000 0.00000 0.00000 0.00917 0.02758 0.04633 0.06505 0.08331 0.10159 0.12048 0.14026 0.15904 0.17661 0.21405 0.27280 0.32975 0.38390 0.44063 0.50177 0.55991 0.61282 0.67270 0.73407 0.76000 0.75943 0.76701 0.76842 0.76521 0.76657 0.77378 0.77296 0.77189 0.77660 0.78047 0.77775 0.77927 0.78560 0.78679 0.78479 0.78826 0.79382 0.79261 0.79270 0.78739 0.77167 0.75070 0.73117 0.71488 0.69755 0.67802 0.65874 0.64092 0.62217 0.58286 0.52302 0.46288 0.40185 0.34089 0.28012 0.21831 0.15621 0.09407 0.03146 0.00000 0.00000 0.00000 0.00000 0.00000 0.00000 0.00000 0.00000 0.00000 0.00000 0.00000 0.00000 0.00000 0.00000 0.00000 0.00000 0.00000 0.00000 0.00000 0.00000 0.00000 0.00000 0.00000 0.00000 0.00000 0.00000 0.00000 0.00000 0.00000 0.00000 0.00000 0.00000 0.00000 0.00000 0.00000 0.00000 0.00000 0.00000 0.00000 0.00000 0.00000 0.00000 0.00000 0.00000 0.00000 0.00000 0.00000 0.00000 0.00000 0.00000 0.00000 0.00000 0.00000 0.00000 0.00000 0.00000 0.00000 0.00000 0.00000 0.00000 0.00000 0.00000 0.00000 0.00000 0.00000 0.00000 0.00000 0.00000 0.00000 0.00000 0.00000 0.00000 0.00000 0.00000 0.00000 0.00000 0.00000 0.00000 0.00000 0.00000 0.00000 0.00000 0.00000 0.00000 0.00000 0.00000 0.00000 0.00000 0.00000 0.00000 0.00000 0.00000 0.00000 0.00000 0.00000
0.37211 0.39347 0.41435 0.43664 0.45945 0.45926 0.43556 0.41431 0.39447 0.37283 0.34906 0.32708 0.30769 0.28630 0.26213 0.23936 0.21531 0.18913 0.16417 0.13954 0.11335 0.08788 0.06337 0.03809 0.01259 0.00000 0.00000 0.00000 0.00000 0.00000 0.00000 0.00000 0.00000 0.00000 0.00000 0.00000 0.00000 0.00000 0.00000 0.00000 0.00000 0.00000 0.00000 0.00000 0.00000 0.00000 0.00000 0.00000 0.00000 0.00000 0.00000 0.00000 0.00000 0.00000 0.00000 0.01287 0.03886 0.06487 0.09042 0.11682 0.14367 0.16914 0.19484 0.22260 0.24931 0.28567 0.33530 0.38655 0.43491 0.48293 0.53442 0.58687 0.63537 0.68335 0.73614 0.76530 0.76309 0.76311 0.76813 0.77095 0.76990 0.76983 0.77471 0.77773 0.77710 0.77755 0.78111 0.78319 0.78521 0.78716 0.78716 0.78967 0.79406 0.79615 0.79435 0.78293 0.76032 0.73467 0.70457 0.67764 0.65448 0.62810 0.59878 0.57137 0.54657 0.50694 0.45352 0.40128 0.34943 0.29642 0.24283 0.18956 0.13580 0.08164 0.02730 0.00000 0.00000 0.00000 0.00000 0.00000 0.00000 0.00000 0.00000 0.00000 0.00000 0.00000 0.00000 0.00000 0.00000 0.00000 0.00000 0.00000 0.00000 0.00000 0.00000 0.00000 0.00000 0.00000 0.00000 0.00000 0.00000 0.00000 0.00000 0.00000 0.00000 0.00000 0.00000 0.00000 0.00000 0.00000 0.00000 0.00000 0.00000 0.00000 0.00000 0.00000 0.00000 0.00000 0.00000 0.00000 0.00000 0.00000 0.00000 0.00000 0.00000 0.00000 0.00000 0.00000 0.00000 0.00000 0.00000 0.00000 0.00000 0.00000 0.00000 0.00000 0.00000 0.00000 0.00000 0.00000 0.00000 0.00000 0.00000 0.00000 0.00000 0.00000 0.00000 0.00000 0.00000 0.00000 0.00000 0.00000 0.00000 0.00000 0.00000 0.00000 0.00000 0.00000 0.00000 0.00000 0.00000 0.00000 0.00000 0.00000 0.00000 0.00000 0.00000 0.00000 0.00000 0.00000
0.36452 0.37245 0.37958 0.38557 0.39239 0.39444 0.38788 0.37803 0.37023 0.36596 0.35842 0.34853 0.34151 0.33510 0.32863 0.30974 0.27643 0.24185 0.21056 0.17953 0.14651 0.11314 0.08108 0.04903 0.01628 0.00000 0.00000 0.00000 0.00000 0.00000 0.00000 0.00000 0.00000 0.00000 0.00000 0.00000 0.00000 0.00000 0.00000 0.00000 0.00000 0.00000 0.00000 0.00000 0.00000 0.00000 0.00000 0.00000 0.00000 0.00000 0.00000 0.00000 0.00000 0.00000 0.00000 0.01669 0.05008 0.08310 0.11635 0.15052 0.18498 0.21827 0.25074 0.28484 0.32153 0.35953 0.39852 0.44018 0.48608 0.52859 0.56774 0.61015 0.65690 0.69902 0.73927 0.76510 0.76768 0.76423 0.76605 0.77289 0.77427 0.77079 0.77356 0.77970 0.77935 0.77809 0.78376 0.78625 0.78385 0.78643 0.79260 0.79256 0.79154 0.79551 0.80069 0.78207 0.74605 0.71344 0.68063 0.64511 0.60915 0.57439 0.53961 0.50505 0.46908 0.42880 0.38458 0.34064 0.29639 0.25119 0.20574 0.16060 0.11526 0.06926 0.02312 0.00000 0.00000 0.00000 0.00000 0.00000 0.00000 0.00000 0.00000 0.00000 0.00000 0.00000 0.00000 0.00000 0.00000 0.00000 0.00000 0.00000 0.00000 0.00000 0.00000 0.00000 0.00000 0.00000 0.00000 0.00000 0.00000 0.00000 0.00000 0.00000 0.00000 0.00000 0.00000 0.00000 0.00000 0.00000 0.00000 0.00000 0.00000 0.00000 0.00000 0.00000 0.00000 0.00000 0.00000 0.00000 0.00000 0.00000 0.00000 0.00000 0.00000 0.00000 0.00000 0.00000 0.00000 0.00000 0.00000 0.00000 0.00000 0.00000 0.00000 0.00000 0.00000 0.00000 0.00000 0.00000 0.00000 0.00000 0.00000 0.00000 0.00000 0.00000 0.00000 0.00000 0.00000 0.00000 0.00000 0.00000 0.00000 0.00000 0.00000 0.00000 0.00000 0.00000 0.00000 0.00000 0.00000 0.00000 0.00000 0.00000 0.00000 0.00000 0.00000 0.00000 0.00000 0.00000
0.35723 0.35046 0.34271 0.33540 0.32900 0.32869 0.33459 0.34324 0.35134 0.35675 0.36280 0.37243 0.38049 0.38558 0.39265 0.37663 0.33753 0.29904 0.25771 0.21715 0.17901 0.13981 0.09908 0.05925 0.01993 0.00000 0.00000 0.00000 0.00000 0.00000 0.00000 0.00000 0.00000 0.00000 0.00000 0.00000 0.00000 0.00000 0.00000 0.00000 0.00000 0.00000 0.00000 0.00000 0.00000 0.00000 0.00000 0.00000 0.00000 0.00000 0.00000 0.00000 0.00000 0.00000 0.00000 0.02042 0.06092 0.10170 0.14345 0.18422 0.22429 0.26689 0.30957 0.34916 0.39050 0.43128 0.46495 0.49742 0.53421 0.57144 0.60348 0.63716 0.67636 0.71353 0.74393 0.76237 0.76828 0.77091 0.76754 0.76927 0.77472 0.77716 0.77526 0.77668 0.78076 0.78340 0.78364 0.78575 0.78679 0.78843 0.79247 0.79503 0.79366 0.79575 0.80107 0.78179 0.73574 0.69283 0.65333 0.61086 0.56574 0.52185 0.47996 0.43629 0.39166 0.35144 0.31580 0.27926 0.24242 0.20598 0.16903 0.13160 0.09427 0.05684 0.01899 0.00000 0.00000 0.00000 0.00000 0.00000 0.00000 0.00000 0.00000 0.00000 0.00000 0.00000 0.00000 0.00000 0.00000 0.00000 0.00000 0.00000 0.00000 0.00000 0.00000 0.00000 0.00000 0.00000 0.00000 0.00000 0.00000 0.00000 0.00000 0.00000 0.00000 0.00000 0.00000 0.00000 0.00000 0.00000 0.00000 0.00000 0.00000 0.00000 0.00000 0.00000 0.00000 0.00000 0.00000 0.00000 0.00000 0.00000 0.00000 0.00000 0.00000 0.00000 0.00000 0.00000 0.00000 0.00000 0.00000 0.00000 0.00000 0.00000 0.00000 0.00000 0.00000 0.00000 0.00000 0.00000 0.00000 0.00000 0.00000 0.00000 0.00000 0.00000 0.00000 0.00000 0.00000 0.00000 0.00000 0.00000 0.00000 0.00000 0.00000 0.00000 0.00000 0.00000 0.00000 0.00000 0.00000 0.00000 0.00000 0.00000 0.00000 0.00000 0.00000 0.00000 0.00000 0.00000
0.34981 0.32803 0.30595 0.28516 0.26437 0.26384 0.28379 0.30679 0.32981 0.34997 0.36946 0.39320 0.41695 0.43793 0.45611 0.44328 0.39952 0.35385 0.30496 0.25660 0.21117 0.16526 0.11753 0.07004 0.02346 0.00000 0.00000 0.00000 0.00000 0.00000 0.00000 0.00000 0.00000 0.00000 0.00000 0.00000 0.00000 0.00000 0.00000 0.00000 0.00000 0.00000 0.00000 0.00000 0.00000 0.00000 0.00000 0.00000 0.00000 0.00000 0.00000 0.00000 0.00000 0.00000 0.00000 0.02398 0.07212 0.12088 0.16973 0.21767 0.26543 0.31508 0.36641 0.41541 0.46155 0.49962 0.53121 0.55855 0.58230 0.60958 0.64079 0.66839 0.69376 0.72257 0.75306 0.76481 0.76606 0.77120 0.77363 0.76999 0.77213 0.77872 0.78046 0.77682 0.78060 0.78560 0.78368 0.78489 0.79134 0.79210 0.79030 0.79385 0.79944 0.79921 0.79892 0.77649 0.72821 0.67652 0.62448 0.57337 0.52222 0.47190 0.41942 0.36631 0.31398 0.27452 0.24634 0.21746 0.18871 0.16036 0.13187 0.10272 0.07341 0.04421 0.01481 0.00000 0.00000 0.00000 0.00000 0.00000 0.00000 0.00000 0.00000 0.00000 0.00000 0.00000 0.00000 0.00000 0.00000 0.00000 0.00000 0.00000 0.00000 0.00000 0.00000 0.00000 0.00000 0.00000 0.00000 0.00000 0.00000 0.00000 0.00000 0.00000 0.00000 0.00000 0.00000 0.00000 0.00000 0.00000 0.00000 0.00000 0.00000 0.00000 0.00000 0.00000 0.00000 0.00000 0.00000 0.00000 0.00000 0.00000 0.00000 0.00000 0.00000 0.00000 0.00000 0.00000 0.00000 0.00000 0.00000 0.00000 0.00000 0.00000 0.00000 0.00000 0.00000 0.00000 0.00000 0.00000 0.00000 0.00000 0.00000 0.00000 0.00000 0.00000 0.00000 0.00000 0.00000 0.00000 0.00000 0.00000 0.00000 0.00000 0.00000 0.00000 0.00000 0.00000 0.00000 0.00000 0.00000 0.00000 0.00000 0.00000 0.00000 0.00000 0.00000 0.00000 0.00000 0.00000
0.34231 0.30611 0.27020 0.23498 0.19858 0.19841 0.23562 0.27085 0.30494 0.34278 0.38115 0.41510 0.44907 0.48631 0.52499 0.51595 0.45952 0.40388 0.35247 0.29957 0.24352 0.18851 0.13571 0.08179 0.02708 0.00000 0.00000 0.00000 0.00000 0.00000 0.00000 0.00000 0.00000 0.00000 0.00000 0.00000 0.00000 0.00000 0.00000 0.00000 0.00000 0.00000 0.00000 0.00000 0.00000 0.00000 0.00000 0.00000 0.00000 0.00000 0.00000 0.00000 0.00000 0.00000 0.00000 0.02767 0.08374 0.13980 0.19461 0.25119 0.30937 0.36443 0.41952 0.47919 0.53713 0.57231 0.59322 0.61633 0.63349 0.65149 0.67554 0.69757 0.71307 0.73303 0.75880 0.77070 0.76588 0.76820 0.77455 0.77605 0.77328 0.77625 0.78080 0.78226 0.78164 0.78522 0.78649 0.78622 0.79077 0.79405 0.79293 0.79405 0.79968 0.80276 0.80070 0.77215 0.71708 0.65842 0.59727 0.53745 0.47906 0.41890 0.35856 0.29767 0.23678 0.19608 0.17597 0.15585 0.13540 0.11464 0.09409 0.07360 0.05268 0.03161 0.01057 0.00000 0.00000 0.00000 0.00000 0.00000 0.00000 0.00000 0.00000 0.00000 0.00000 0.00000 0.00000 0.00000 0.00000 0.00000 0.00000 0.00000 0.00000 0.00000 0.00000 0.00000 0.00000 0.00000 0.00000 0.00000 0.00000 0.00000 0.00000 0.00000 0.00000 0.00000 0.00000 0.00000 0.00000 0.00000 0.00000 0.00000 0.00000 0.00000 0.00000 0.00000 0.00000 0.00000 0.00000 0.00000 0.00000 0.00000 0.00000 0.00000 0.00000 0.00000 0.00000 0.00000 0.00000 0.00000 0.00000 0.00000 0.00000 0.00000 0.00000 0.00000 0.00000 0.00000 0.00000 0.00000 0.00000 0.00000 0.00000 0.00000 0.00000 0.00000 0.00000 0.00000 0.00000 0.00000 0.00000 0.00000 0.00000 0.00000 0.00000 0.00000 0.00000 0.00000 0.00000 0.00000 0.00000 0.00000 0.00000 0.00000 0.00000 0.00000 0.00000 0.00000 0.00000 0.00000
0.33516 0.28536 0.23486 0.18376 0.13292 0.13388 0.18517 0.23455 0.28380 0.33540 0.38877 0.43757 0.48510 0.53534 0.59152 0.58582 0.52019 0.45763 0.39976 0.33977 0.27635 0.21389 0.15363 0.09283 0.03079 0.00000 0.00000 0.00000 0.00000 0.00000 0.00000 0.00000 0.00000 0.00000 0.00000 0.00000 0.00000 0.00000 0.00000 0.00000 0.00000 0.00000 0.00000 0.00000 0.00000 0.00000 0.00000 0.00000 0.00000 0.00000 0.00000 0.00000 0.00000 0.00000 0.00000 0.03161 0.09484 0.15787 0.22103 0.28554 0.35080 0.41437 0.47599 0.54093 0.61041 0.64897 0.65662 0.66875 0.68595 0.69869 0.70840 0.72118 0.73629 0.74827 0.76038 0.76937 0.77236 0.76990 0.77123 0.77722 0.77946 0.77606 0.77822 0.78480 0.78521 0.78329 0.78782 0.79152 0.78895 0.79221 0.79727 0.79831 0.79788 0.80132 0.80540 0.77199 0.70456 0.63753 0.56958 0.50381 0.43531 0.36554 0.29686 0.22893 0.15919 0.11772 0.10554 0.09367 0.08153 0.06903 0.05652 0.04413 0.03169 0.01905 0.00636 0.00000 0.00000 0.00000 0.00000 0.00000 0.00000 0.00000 0.00000 0.00000 0.00000 0.00000 0.00000 0.00000 0.00000 0.00000 0.00000 0.00000 0.00000 0.00000 0.00000 0.00000 0.00000 0.00000 0.00000 0.00000 0.00000 0.00000 0.00000 0.00000 0.00000 0.00000 0.00000 0.00000 0.00000 0.00000 0.00000 0.00000 0.00000 0.00000 0.00000 0.00000 0.00000 0.00000 0.00000 0.00000 0.00000 0.00000 0.00000 0.00000 0.00000 0.00000 0.00000 0.00000 0.00000 0.00000 0.00000 0.00000 0.00000 0.00000 0.00000 0.00000 0.00000 0.00000 0.00000 0.00000 0.00000 0.00000 0.00000 0.00000 0.00000 0.00000 0.00000 0.00000 0.00000 0.00000 0.00000 0.00000 0.00000 0.00000 0.00000 0.00000 0.00000 0.00000 0.00000 0.00000 0.00000 0.00000 0.00000 0.00000 0.00000 0.00000 0.00000 0.00000 0.00000 0.00000
0.32852 0.26390 0.19802 0.13310 0.06884 0.06880 0.13288 0.19823 0.26492 0.32904 0.39171 0.45703 0.52579 0.59003 0.65216 0.64831 0.58388 0.51737 0.44600 0.37550 0.30913 0.24193 0.17172 0.10246 0.03441 0.00000 0.00000 0.00000 0.00000 0.00000 0.00000 0.00000 0.00000 0.00000 0.00000 0.00000 0.00000 0.00000 0.00000 0.00000 0.00000 0.00000 0.00000 0.00000 0.00000 0.00000 0.00000 0.00000 0.00000 0.00000 0.00000 0.00000 0.00000 0.00000 0.00000 0.03546 0.10561 0.17624 0.24906 0.32007 0.38934 0.46272 0.53748 0.60643 0.67793 0.72121 0.72509 0.72637 0.73481 0.74259 0.74321 0.74731 0.75764 0.76392 0.76335 0.76723 0.77403 0.77567 0.77181 0.77485 0.78057 0.78012 0.77965 0.78392 0.78654 0.78499 0.78874 0.79273 0.79240 0.79212 0.79815 0.80134 0.79952 0.80107 0.80695 0.77047 0.69301 0.61803 0.54383 0.46658 0.39076 0.31381 0.23617 0.15854 0.08069 0.03943 0.03532 0.03120 0.02715 0.02310 0.01893 0.01472 0.01055 0.00637 0.00213 0.00000 0.00000 0.00000 0.00000 0.00000 0.00000 0.00000 0.00000 0.00000 0.00000 0.00000 0.00000 0.00000 0.00000 0.00000 0.00000 0.00000 0.00000 0.00000 0.00000 0.00000 0.00000 0.00000 0.00000 0.00000 0.00000 0.00000 0.00000 0.00000 0.00000 0.00000 0.00000 0.00000 0.00000 0.00000 0.00000 0.00000 0.00000 0.00000 0.00000 0.00000 0.00000 0.00000 0.00000 0.00000 0.00000 0.00000 0.00000 0.00000 0.00000 0.00000 0.00000 0.00000 0.00000 0.00000 0.00000 0.00000 0.00000 0.00000 0.00000 0.00000 0.00000 0.00000 0.00000 0.00000 0.00000 0.00000 0.00000 0.00000 0.00000 0.00000 0.00000 0.00000 0.00000 0.00000 0.00000 0.00000 0.00000 0.00000 0.00000 0.00000 0.00000 0.00000 0.00000 0.00000 0.00000 0.00000 0.00000 0.00000 0.00000 0.00000 0.00000 0.00000 0.00000 0.00000
0.30850 0.23967 0.17065 0.10287 0.03445 0.03432 0.10238 0.17131 0.24140 0.30946 0.37563 0.44369 0.51721 0.58587 0.65002 0.64967 0.59060 0.52678 0.45861 0.39163 0.32929 0.26563 0.19907 0.13308 0.06875 0.03466 0.03085 0.02703 0.02352 0.02008 0.01638 0.01265 0.00905 0.00548 0.00183 0.00000 0.00000 0.00000 0.00000 0.00000 0.00000 0.00000 0.00000 0.00000 0.00000 0.00000 0.00000 0.00000 0.00000 0.00000 0.00000 0.00000 0.00000 0.00000 0.00000 0.03711 0.11166 0.18662 0.26194 0.33677 0.41060 0.48704 0.56626 0.64237 0.71378 0.75274 0.75998 0.76147 0.75844 0.75949 0.76397 0.76548 0.76572 0.76768 0.77044 0.76981 0.77115 0.77566 0.77846 0.77562 0.77669 0.78352 0.78425 0.78221 0.78545 0.78895 0.78364 0.78051 0.78099 0.77970 0.77529 0.77387 0.77326 0.77053 0.76865 0.73006 0.65314 0.57986 0.50420 0.42636 0.34926 0.27387 0.19612 0.11743 0.03924 0.00000 0.00000 0.00000 0.00000 0.00000 0.00000 0.00000 0.00000 0.00000 0.00000 0.00000 0.00000 0.00000 0.00000 0.00000 0.00000 0.00000 0.00000 0.00000 0.00000 0.00000 0.00000 0.00000 0.00000 0.00000 0.00000 0.00000 0.00000 0.00000 0.00000 0.00000 0.00000 0.00000 0.00000 0.00000 0.00000 0.00000 0.00000 0.00000 0.00000 0.00000 0.00000 0.00000 0.00000 0.00000 0.00000 0.00000 0.00000 0.00000 0.00000 0.00000 0.00000 0.00000 0.00000 0.00000 0.00000 0.00000 0.00000 0.00000 0.00000 0.00000 0.00000 0.00000 0.00000 0.00000 0.00000 0.00000 0.00000 0.00000 0.00000 0.00000 0.00000 0.00000 0.00000 0.00000 0.00000 0.00000 0.00000 0.00000 0.00000 0.00000 0.00000 0.00000 0.00000 0.00000 0.00000 0.00000 0.00000 0.00000 0.00000 0.00000 0.00000 0.00000 0.00000 0.00000 0.00000 0.00000 0.00000 0.00000 0.00000 0.00000 0.00000 0.00000 0.00000 0.00000
0.27565 0.21386 0.15294 0.09232 0.03066 0.03063 0.09235 0.15381 0.21446 0.27526 0.33874 0.40037 0.46019 0.51920 0.58359 0.59201 0.53884 0.48524 0.43705 0.38938 0.33669 0.28437 0.23516 0.18599 0.13406 0.10262 0.09245 0.08212 0.07075 0.05959 0.04904 0.03829 0.02727 0.01631 0.00546 0.00000 0.00000 0.00000 0.00000 0.00000 0.00000 0.00000 0.00000 0.00000 0.00000 0.00000 0.00000 0.00000 0.00000 0.00000 0.00000 0.00000 0.00000 0.00000 0.00000 0.03705 0.11226 0.18738 0.26064 0.33613 0.41458 0.48878 0.56226 0.64172 0.72027 0.75454 0.75723 0.76260 0.76080 0.75952 0.76572 0.76851 0.76465 0.76634 0.77306 0.77526 0.77077 0.77302 0.77979 0.77936 0.77814 0.78245 0.78651 0.78434 0.78645 0.78544 0.77460 0.76162 0.75434 0.74596 0.73283 0.72194 0.71504 0.70478 0.69149 0.65391 0.58839 0.51804 0.45096 0.38321 0.31367 0.24439 0.17567 0.10570 0.03522 0.00000 0.00000 0.00000 0.00000 0.00000 0.00000 0.00000 0.00000 0.00000 0.00000 0.00000 0.00000 0.00000 0.00000 0.00000 0.00000 0.00000 0.00000 0.00000 0.00000 0.00000 0.00000 0.00000 0.00000 0.00000 0.00000 0.00000 0.00000 0.00000 0.00000 0.00000 0.00000 0.00000 0.00000 0.00000 0.00000 0.00000 0.00000 0.00000 0.00000 0.00000 0.00000 0.00000 0.00000 0.00000 0.00000 0.00000 0.00000 0.00000 0.00000 0.00000 0.00000 0.00000 0.00000 0.00000 0.00000 0.00000 0.00000 0.00000 0.00000 0.00000 0.00000 0.00000 0.00000 0.00000 0.00000 0.00000 0.00000 0.00000 0.00000 0.00000 0.00000 0.00000 0.00000 0.00000 0.00000 0.00000 0.00000 0.00000 0.00000 0.00000 0.00000 0.00000 0.00000 0.00000 0.00000 0.00000 0.00000 0.00000 0.00000 0.00000 0.00000 0.00000 0.00000 0.00000 0.00000 0.00000 0.00000 0.00000 0.00000 0.00000 0.00000 0.00000 0.00000 0.00000
0.24212 0.18928 0.13558 0.08128 0.02694 0.02706 0.08166 0.13576 0.18895 0.24279 0.29954 0.35401 0.40566 0.45806 0.51646 0.52690 0.48782 0.44935 0.41622 0.38197 0.34389 0.30604 0.27158 0.23715 0.19945 0.17123 0.15403 0.13702 0.11821 0.09934 0.08158 0.06399 0.04561 0.02719 0.00907 0.00000 0.00000 0.00000 0.00000 0.00000 0.00000 0.00000 0.00000 0.00000 0.00000 0.00000 0.00000 0.00000 0.00000 0.00000 0.00000 0.00000 0.00000 0.00000 0.00000 0.03730 0.11192 0.18686 0.26157 0.33724 0.41428 0.49014 0.56301 0.63978 0.72171 0.76101 0.75675 0.75785 0.76377 0.76561 0.76460 0.76601 0.76877 0.76940 0.77110 0.77427 0.77712 0.77496 0.77539 0.78200 0.78331 0.78167 0.78390 0.78995 0.78943 0.77890 0.76326 0.74749 0.72700 0.70813 0.69160 0.67315 0.65478 0.63627 0.61597 0.57804 0.51971 0.45938 0.39746 0.33882 0.27824 0.21591 0.15460 0.09350 0.03126 0.00000 0.00000 0.00000 0.00000 0.00000 0.00000 0.00000 0.00000 0.00000 0.00000 0.00000 0.00000 0.00000 0.00000 0.00000 0.00000 0.00000 0.00000 0.00000 0.00000 0.00000 0.00000 0.00000 0.00000 0.00000 0.00000 0.00000 0.00000 0.00000 0.00000 0.00000 0.00000 0.00000 0.00000 0.00000 0.00000 0.00000 0.00000 0.00000 0.00000 0.00000 0.00000 0.00000 0.00000 0.00000 0.00000 0.00000 0.00000 0.00000 0.00000 0.00000 0.00000 0.00000 0.00000 0.00000 0.00000 0.00000 0.00000 0.00000 0.00000 0.00000 0.00000 0.00000 0.00000 0.00000 0.00000 0.00000 0.00000 0.00000 0.00000 0.00000 0.00000 0.00000 0.00000 0.00000 0.00000 0.00000 0.00000 0.00000 0.00000 0.00000 0.00000 0.00000 0.00000 0.00000 0.00000 0.00000 0.00000 0.00000 0.00000 0.00000 0.00000 0.00000 0.00000 0.00000 0.00000 0.00000 0.00000 0.00000 0.00000 0.00000 0.00000 0.00000 0.00000 0.00000
0.21027 0.16492 0.11766 0.07015 0.02334 0.02354 0.07067 0.11712 0.16419 0.21207 0.25914 0.30374 0.35172 0.40159 0.44767 0.45673 0.43647 0.41873 0.39535 0.37087 0.35053 0.33173 0.30844 0.28457 0.26441 0.24287 0.21605 0.18945 0.16522 0.14070 0.11458 0.08869 0.06370 0.03838 0.01276 0.00000 0.00000 0.00000 0.00000 0.00000 0.00000 0.00000 0.00000 0.00000 0.00000 0.00000 0.00000 0.00000 0.00000 0.00000 0.00000 0.00000 0.00000 0.00000 0.00000 0.03747 0.11161 0.18629 0.26358 0.33875 0.41183 0.48907 0.56863 0.64194 0.71743 0.76099 0.76177 0.75863 0.76378 0.76765 0.76440 0.76524 0.77180 0.77404 0.76981 0.77201 0.77880 0.77975 0.77692 0.78033 0.78574 0.78361 0.78467 0.78986 0.79264 0.77677 0.75173 0.72871 0.70126 0.67295 0.64896 0.62345 0.59372 0.56808 0.54283 0.50075 0.44959 0.39912 0.34663 0.29298 0.24126 0.18835 0.13431 0.08081 0.02712 0.00000 0.00000 0.00000 0.00000 0.00000 0.00000 0.00000 0.00000 0.00000 0.00000 0.00000 0.00000 0.00000 0.00000 0.00000 0.00000 0.00000 0.00000 0.00000 0.00000 0.00000 0.00000 0.00000 0.00000 0.00000 0.00000 0.00000 0.00000 0.00000 0.00000 0.00000 0.00000 0.00000 0.00000 0.00000 0.00000 0.00000 0.00000 0.00000 0.00000 0.00000 0.00000 0.00000 0.00000 0.00000 0.00000 0.00000 0.00000 0.00000 0.00000 0.00000 0.00000 0.00000 0.00000 0.00000 0.00000 0.00000 0.00000 0.00000 0.00000 0.00000 0.00000 0.00000 0.00000 0.00000 0.00000 0.00000 0.00000 0.00000 0.00000 0.00000 0.00000 0.00000 0.00000 0.00000 0.00000 0.00000 0.00000 0.00000 0.00000 0.00000 0.00000 0.00000 0.00000 0.00000 0.00000 0.00000 0.00000 0.00000 0.00000 0.00000 0.00000 0.00000 0.00000 0.00000 0.00000 0.00000 0.00000 0.00000 0.00000 0.00000 0.00000 0.00000 0.00000 0.00000
0.17824 0.13903 0.09911 0.05953 0.01991 0.01991 0.05939 0.09916 0.13976 0.17959 0.21828 0.25736 0.29912 0.33964 0.37785 0.39234 0.38725 0.38178 0.37303 0.36383 0.35848 0.35340 0.34451 0.33535 0.33008 0.31240 0.27793 0.24391 0.21244 0.18117 0.14768 0.11417 0.08173 0.04944 0.01647 0.00000 0.00000 0.00000 0.00000 0.00000 0.00000 0.00000 0.00000 0.00000 0.00000 0.00000 0.00000 0.00000 0.00000 0.00000 0.00000 0.00000 0.00000 0.00000 0.00000 0.03736 0.11222 0.18721 0.26295 0.33883 0.41296 0.48921 0.56879 0.64577 0.71767 0.75702 0.76405 0.76573 0.76285 0.76404 0.76798 0.76915 0.77031 0.77284 0.77513 0.77406 0.77533 0.78073 0.78276 0.78086 0.78198 0.78833 0.78879 0.78797 0.79126 0.77839 0.74233 0.70635 0.67446 0.64138 0.60506 0.57043 0.53575 0.49962 0.46572 0.42654 0.38052 0.33735 0.29417 0.24883 0.20372 0.15956 0.11442 0.06850 0.02289 0.00000 0.00000 0.00000 0.00000 0.00000 0.00000 0.00000 0.00000 0.00000 0.00000 0.00000 0.00000 0.00000 0.00000 0.00000 0.00000 0.00000 0.00000 0.00000 0.00000 0.00000 0.00000 0.00000 0.00000 0.00000 0.00000 0.00000 0.00000 0.00000 0.00000 0.00000 0.00000 0.00000 0.00000 0.00000 0.00000 0.00000 0.00000 0.00000 0.00000 0.00000 0.00000 0.00000 0.00000 0.00000 0.00000 0.00000 0.00000 0.00000 0.00000 0.00000 0.00000 0.00000 0.00000 0.00000 0.00000 0.00000 0.00000 0.00000 0.00000 0.00000 0.00000 0.00000 0.00000 0.00000 0.00000 0.00000 0.00000 0.00000 0.00000 0.00000 0.00000 0.00000 0.00000 0.00000 0.00000 0.00000 0.00000 0.00000 0.00000 0.00000 0.00000 0.00000 0.00000 0.00000 0.00000 0.00000 0.00000 0.00000 0.00000 0.00000 0.00000 0.00000 0.00000 0.00000 0.00000 0.00000 0.00000 0.00000 0.00000 0.00000 0.00000 0.00000 0.00000 0.00000
0.14580 0.11302 0.08084 0.04908 0.01632 0.01621 0.04857 0.08152 0.11442 0.14574 0.17833 0.21244 0.24521 0.27501 0.30798 0.33123 0.33792 0.34201 0.35008 0.36092 0.36712 0.37147 0.37993 0.39096 0.39629 0.37715 0.33930 0.30176 0.26024 0.21889 0.18009 0.14095 0.10030 0.05990 0.02007 0.00000 0.00000 0.00000 0.00000 0.00000 0.00000 0.00000 0.00000 0.00000 0.00000 0.00000 0.00000 0.00000 0.00000 0.00000 0.00000 0.00000 0.00000 0.00000 0.00000 0.03721 0.11290 0.18818 0.26182 0.33766 0.41666 0.49151 0.56527 0.64467 0.72414 0.75859 0.76145 0.76670 0.76496 0.76390 0.77031 0.77292 0.76883 0.77088 0.77763 0.77967 0.77579 0.77814 0.78471 0.78369 0.78338 0.78781 0.79192 0.78993 0.79100 0.77498 0.73329 0.68808 0.64604 0.60663 0.56250 0.51819 0.47613 0.43167 0.38770 0.34934 0.31355 0.27599 0.24050 0.20460 0.16709 0.13028 0.09374 0.05642 0.01878 0.00000 0.00000 0.00000 0.00000 0.00000 0.00000 0.00000 0.00000 0.00000 0.00000 0.00000 0.00000 0.00000 0.00000 0.00000 0.00000 0.00000 0.00000 0.00000 0.00000 0.00000 0.00000 0.00000 0.00000 0.00000 0.00000 0.00000 0.00000 0.00000 0.00000 0.00000 0.00000 0.00000 0.00000 0.00000 0.00000 0.00000 0.00000 0.00000 0.00000 0.00000 0.00000 0.00000 0.00000 0.00000 0.00000 0.00000 0.00000 0.00000 0.00000 0.00000 0.00000 0.00000 0.00000 0.00000 0.00000 0.00000 0.00000 0.00000 0.00000 0.00000 0.00000 0.00000 0.00000 0.00000 0.00000 0.00000 0.00000 0.00000 0.00000 0.00000 0.00000 0.00000 0.00000 0.00000 0.00000 0.00000 0.00000 0.00000 0.00000 0.00000 0.00000 0.00000 0.00000 0.00000 0.00000 0.00000 0.00000 0.00000 0.00000 0.00000 0.00000 0.00000 0.00000 0.00000 0.00000 0.00000 0.00000 0.00000 0.00000 0.00000 0.00000 0.00000 0.00000 0.00000
0.11288 0.08804 0.06301 0.03800 0.01263 0.01264 0.03809 0.06340 0.08837 0.11361 0.13978 0.16505 0.18980 0.21451 0.24091 0.26518 0.28606 0.30657 0.32959 0.35300 0.37347 0.39341 0.41732 0.44183 0.46111 0.44647 0.40174 0.35674 0.30770 0.25899 0.21281 0.16676 0.11889 0.07090 0.02365 0.00000 0.00000 0.00000 0.00000 0.00000 0.00000 0.00000 0.00000 0.00000 0.00000 0.00000 0.00000 0.00000 0.00000 0.00000 0.00000 0.00000 0.00000 0.00000 0.00000 0.03737 0.11246 0.18820 0.26291 0.33841 0.41613 0.49307 0.56613 0.64304 0.72534 0.76521 0.76083 0.76224 0.76811 0.76946 0.76884 0.77109 0.77376 0.77319 0.77492 0.77949 0.78202 0.77974 0.78035 0.78697 0.78833 0.78730 0.78933 0.79445 0.79554 0.76880 0.72072 0.67200 0.62013 0.56826 0.51993 0.46679 0.41505 0.36433 0.31114 0.27109 0.24421 0.21608 0.18695 0.15895 0.13082 0.10162 0.07271 0.04395 0.01470 0.00000 0.00000 0.00000 0.00000 0.00000 0.00000 0.00000 0.00000 0.00000 0.00000 0.00000 0.00000 0.00000 0.00000 0.00000 0.00000 0.00000 0.00000 0.00000 0.00000 0.00000 0.00000 0.00000 0.00000 0.00000 0.00000 0.00000 0.00000 0.00000 0.00000 0.00000 0.00000 0.00000 0.00000 0.00000 0.00000 0.00000 0.00000 0.00000 0.00000 0.00000 0.00000 0.00000 0.00000 0.00000 0.00000 0.00000 0.00000 0.00000 0.00000 0.00000 0.00000 0.00000 0.00000 0.00000 0.00000 0.00000 0.00000 0.00000 0.00000 0.00000 0.00000 0.00000 0.00000 0.00000 0.00000 0.00000 0.00000 0.00000 0.00000 0.00000 0.00000 0.00000 0.00000 0.00000 0.00000 0.00000 0.00000 0.00000 0.00000 0.00000 0.00000 0.00000 0.00000 0.00000 0.00000 0.00000 0.00000 0.00000 0.00000 0.00000 0.00000 0.00000 0.00000 0.00000 0.00000 0.00000 0.00000 0.00000 0.00000 0.00000 0.00000 0.00000 0.00000 0.00000
0.08106 0.06341 0.04523 0.02698 0.00898 0.00909 0.02726 0.04507 0.06305 0.08173 0.10007 0.11703 0.13506 0.15475 0.17285 0.19804 0.23433 0.27336 0.30950 0.34250 0.37957 0.41986 0.45532 0.48733 0.52560 0.52156 0.46448 0.40698 0.35450 0.30236 0.24633 0.19051 0.13674 0.08256 0.02743 0.00000 0.00000 0.00000 0.00000 0.00000 0.00000 0.00000 0.00000 0.00000 0.00000 0.00000 0.00000 0.00000 0.00000 0.00000 0.00000 0.00000 0.00000 0.00000 0.00000 0.03761 0.11211 0.18726 0.26487 0.34041 0.41400 0.49144 0.57136 0.64548 0.72154 0.76479 0.76577 0.76287 0.76837 0.77206 0.76827 0.76966 0.77632 0.77879 0.77459 0.77657 0.78354 0.78411 0.78216 0.78549 0.79073 0.78952 0.78971 0.79474 0.79815 0.76733 0.70762 0.65327 0.59445 0.53299 0.47348 0.41580 0.35538 0.29537 0.23481 0.19389 0.17437 0.15474 0.13403 0.11350 0.09352 0.07302 0.05205 0.03132 0.01051 0.00000 0.00000 0.00000 0.00000 0.00000 0.00000 0.00000 0.00000 0.00000 0.00000 0.00000 0.00000 0.00000 0.00000 0.00000 0.00000 0.00000 0.00000 0.00000 0.00000 0.00000 0.00000 0.00000 0.00000 0.00000 0.00000 0.00000 0.00000 0.00000 0.00000 0.00000 0.00000 0.00000 0.00000 0.00000 0.00000 0.00000 0.00000 0.00000 0.00000 0.00000 0.00000 0.00000 0.00000 0.00000 0.00000 0.00000 0.00000 0.00000 0.00000 0.00000 0.00000 0.00000 0.00000 0.00000 0.00000 0.00000 0.00000 0.00000 0.00000 0.00000 0.00000 0.00000 0.00000 0.00000 0.00000 0.00000 0.00000 0.00000 0.00000 0.00000 0.00000 0.00000 0.00000 0.00000 0.00000 0.00000 0.00000 0.00000 0.00000 0.00000 0.00000 0.00000 0.00000 0.00000 0.00000 0.00000 0.00000 0.00000 0.00000 0.00000 0.00000 0.00000 0.00000 0.00000 0.00000 0.00000 0.00000 0.00000 0.00000 0.00000 0.00000 0.00000 0.00000 0.00000
0.04860 0.03795 0.02710 0.01624 0.00541 0.00543 0.01625 0.02711 0.03813 0.04893 0.05961 0.07040 0.08167 0.09254 0.10309 0.13365 0.18496 0.23631 0.28620 0.33614 0.38857 0.44092 0.48981 0.53892 0.59329 0.59053 0.52546 0.46221 0.40256 0.34256 0.27945 0.21615 0.15485 0.09365 0.03121 0.00000 0.00000 0.00000 0.00000 0.00000 0.00000 0.00000 0.00000 0.00000 0.00000 0.00000 0.00000 0.00000 0.00000 0.00000 0.00000 0.00000 0.00000 0.00000 0.00000 0.03766 0.11264 0.18766 0.26428 0.34119 0.41515 0.49124 0.57156 0.64953 0.72158 0.76123 0.76834 0.76976 0.76687 0.76893 0.77317 0.77277 0.77401 0.77800 0.78058 0.77854 0.77959 0.78580 0.78782 0.78620 0.78737 0.79285 0.79493 0.79402 0.79634 0.76615 0.70017 0.63149 0.56657 0.49899 0.42984 0.36306 0.29513 0.22610 0.15750 0.11706 0.10467 0.09265 0.08081 0.06843 0.05599 0.04382 0.03144 0.01883 0.00629 0.00000 0.00000 0.00000 0.00000 0.00000 0.00000 0.00000 0.00000 0.00000 0.00000 0.00000 0.00000 0.00000 0.00000 0.00000 0.00000 0.00000 0.00000 0.00000 0.00000 0.00000 0.00000 0.00000 0.00000 0.00000 0.00000 0.00000 0.00000 0.00000 0.00000 0.00000 0.00000 0.00000 0.00000 0.00000 0.00000 0.00000 0.00000 0.00000 0.00000 0.00000 0.00000 0.00000 0.00000 0.00000 0.00000 0.00000 0.00000 0.00000 0.00000 0.00000 0.00000 0.00000 0.00000 0.00000 0.00000 0.00000 0.00000 0.00000 0.00000 0.00000 0.00000 0.00000 0.00000 0.00000 0.00000 0.00000 0.00000 0.00000 0.00000 0.00000 0.00000 0.00000 0.00000 0.00000 0.00000 0.00000 0.00000 0.00000 0.00000 0.00000 0.00000 0.00000 0.00000 0.00000 0.00000 0.00000 0.00000 0.00000 0.00000 0.00000 0.00000 0.00000 0.00000 0.00000 0.00000 0.00000 0.00000 0.00000 0.00000 0.00000 0.00000 0.00000 0.00000 0.00000
0.01617 0.01257 0.00899 0.00545 0.00182 0.00180 0.00539 0.00909 0.01275 0.01621 0.01982 0.02363 0.02732 0.03061 0.03423 0.06923 0.13484 0.19833 0.26353 0.33220 0.39769 0.45907 0.52499 0.59673 0.66062 0.65297 0.58657 0.52259 0.45107 0.37907 0.31149 0.24421 0.17383 0.10376 0.03475 0.00000 0.00000 0.00000 0.00000 0.00000 0.00000 0.00000 0.00000 0.00000 0.00000 0.00000 0.00000 0.00000 0.00000 0.00000 0.00000 0.00000 0.00000 0.00000 0.00000 0.03741 0.11328 0.18903 0.26324 0.33949 0.41840 0.49410 0.56860 0.64792 0.72738 0.76292 0.76613 0.77080 0.76863 0.76832 0.77496 0.77776 0.77332 0.77534 0.78226 0.78407 0.78088 0.78338 0.78953 0.78935 0.78862 0.79255 0.79679 0.79671 0.79617 0.76315 0.68981 0.61355 0.53689 0.46329 0.38801 0.31081 0.23394 0.15712 0.07997 0.03912 0.03499 0.03089 0.02695 0.02291 0.01871 0.01458 0.01050 0.00632 0.00210 0.00000 0.00000 0.00000 0.00000 0.00000 0.00000 0.00000 0.00000 0.00000 0.00000 0.00000 0.00000 0.00000 0.00000 0.00000 0.00000 0.00000 0.00000 0.00000 0.00000 0.00000 0.00000 0.00000 0.00000 0.00000 0.00000 0.00000 0.00000 0.00000 0.00000 0.00000 0.00000 0.00000 0.00000 0.00000 0.00000 0.00000 0.00000 0.00000 0.00000 0.00000 0.00000 0.00000 0.00000 0.00000 0.00000 0.00000 0.00000 0.00000 0.00000 0.00000 0.00000 0.00000 0.00000 0.00000 0.00000 0.00000 0.00000 0.00000 0.00000 0.00000 0.00000 0.00000 0.00000 0.00000 0.00000 0.00000 0.00000 0.00000 0.00000 0.00000 0.00000 0.00000 0.00000 0.00000 0.00000 0.00000 0.00000 0.00000 0.00000 0.00000 0.00000 0.00000 0.00000 0.00000 0.00000 0.00000 0.00000 0.00000 0.00000 0.00000 0.00000 0.00000 0.00000 0.00000 0.00000 0.00000 0.00000 0.00000 0.00000 0.00000 0.00000 0.00000 0.00000 0.00000
0.00000 0.00000 0.00000 0.00000 0.00000 0.00000 0.00000 0.00000 0.00000 0.00000 0.00000 0.00000 0.00000 0.00000 0.00000 0.03451 0.10312 0.17199 0.24186 0.31112 0.37871 0.44777 0.51932 0.58917 0.65527 0.65529 0.58938 0.52127 0.45027 0.38003 0.31199 0.24405 0.17414 0.10383 0.03467 0.00000 0.00000 0.00000 0.00000 0.00000 0.00000 0.00000 0.00000 0.00000 0.00000 0.00185 0.00555 0.00928 0.01304 0.01681 0.02051 0.02418 0.02807 0.03199 0.03564 0.07300 0.14516 0.21793 0.28862 0.36025 0.43540 0.50959 0.57864 0.65189 0.73102 0.76930 0.76492 0.76694 0.77307 0.77309 0.77268 0.77621 0.77928 0.77746 0.77895 0.78253 0.78109 0.77501 0.77202 0.77375 0.77221 0.76729 0.76460 0.76447 0.76383 0.72302 0.64861 0.57456 0.49877 0.42294 0.34762 0.27088 0.19372 0.11670 0.03900 0.00000 0.00000 0.00000 0.00000 0.00000 0.00000 0.00000 0.00000 0.00000 0.00000 0.00000 0.00000 0.00000 0.00000 0.00000 0.00000 0.00000 0.00000 0.00000 0.00000 0.00000 0.00000 0.00000 0.00000 0.00000 0.00000 0.00000 0.00000 0.00000 0.00000 0.00000 0.00000 0.00000 0.00000 0.00000 0.00000 0.00000 0.00000 0.00000 0.00000 0.00000 0.00000 0.00000 0.00000 0.00000 0.00000 0.00000 0.00000 0.00000 0.00000 0.00000 0.00000 0.00000 0.00000 0.00000 0.00000 0.00000 0.00000 0.00000 0.00000 0.00000 0.00000 0.00000 0.00000 0.00000 0.00000 0.00000 0.00000 0.00000 0.00000 0.00000 0.00000 0.00000 0.00000 0.00000 0.00000 0.00000 0.00000 0.00000 0.00000 0.00000 0.00000 0.00000 0.00000 0.00000 0.00000 0.00000 0.00000 0.00000 0.00000 0.00000 0.00000 0.00000 0.00000 0.00000 0.00000 0.00000 0.00000 0.00000 0.00000 0.00000 0.00000 0.00000 0.00000 0.00000 0.00000 0.00000 0.00000 0.00000 0.00000 0.00000 0.00000 0.00000 0.00000 0.00000
0.00000 0.00000 0.00000 0.00000 0.00000 0.00000 0.00000 0.00000 0.00000 0.00000 0.00000 0.00000 0.00000 0.00000 0.00000 0.03068 0.09200 0.15508 0.21730 0.27670 0.33820 0.40412 0.46640 0.52332 0.58601 0.59232 0.52856 0.46237 0.40210 0.34370 0.28027 0.21657 0.15526 0.09392 0.03119 0.00000 0.00000 0.00000 0.00000 0.00000 0.00000 0.00000 0.00000 0.00000 0.00000 0.00556 0.01665 0.02797 0.03920 0.05019 0.06154 0.07322 0.08420 0.09533 0.10724 0.14545 0.20874 0.27309 0.33958 0.40477 0.46777 0.53407 0.60210 0.66622 0.73198 0.76880 0.76906 0.76741 0.77334 0.77659 0.77248 0.77417 0.78098 0.78352 0.77952 0.77580 0.77055 0.75979 0.74601 0.73706 0.72983 0.71837 0.70571 0.69726 0.68844 0.64940 0.58026 0.51468 0.44819 0.37936 0.31050 0.24268 0.17419 0.10471 0.03490 0.00000 0.00000 0.00000 0.00000 0.00000 0.00000 0.00000 0.00000 0.00000 0.00000 0.00000 0.00000 0.00000 0.00000 0.00000 0.00000 0.00000 0.00000 0.00000 0.00000 0.00000 0.00000 0.00000 0.00000 0.00000 0.00000 0.00000 0.00000 0.00000 0.00000 0.00000 0.00000 0.00000 0.00000 0.00000 0.00000 0.00000 0.00000 0.00000 0.00000 0.00000 0.00000 0.00000 0.00000 0.00000 0.00000 0.00000 0.00000 0.00000 0.00000 0.00000 0.00000 0.00000 0.00000 0.00000 0.00000 0.00000 0.00000 0.00000 0.00000 0.00000 0.00000 0.00000 0.00000 0.00000 0.00000 0.00000 0.00000 0.00000 0.00000 0.00000 0.00000 0.00000 0.00000 0.00000 0.00000 0.00000 0.00000 0.00000 0.00000 0.00000 0.00000 0.00000 0.00000 0.00000 0.00000 0.00000 0.00000 0.00000 0.00000 0.00000 0.00000 0.00000 0.00000 0.00000 0.00000 0.00000 0.00000 0.00000 0.00000 0.00000 0.00000 0.00000 0.00000 0.00000 0.00000 0.00000 0.00000 0.00000 0.00000 0.00000 0.00000 0.00000 0.00000 0.00000
0.00000 0.00000 0.00000 0.00000 0.00000 0.00000 0.00000 0.00000 0.00000 0.00000 0.00000 0.00000 0.00000 0.00000 0.00000 0.02717 0.08196 0.13638 0.19006 0.24546 0.30100 0.35472 0.40786 0.46452 0.52100 0.51953 0.46370 0.41014 0.35653 0.30217 0.24690 0.19142 0.13711 0.08284 0.02759 0.00000 0.00000 0.00000 0.00000 0.00000 0.00000 0.00000 0.00000 0.00000 0.00000 0.00929 0.02795 0.04659 0.06516 0.08375 0.10293 0.12210 0.14051 0.15896 0.17894 0.21764 0.27329 0.32941 0.38917 0.44799 0.50256 0.55973 0.62243 0.68184 0.73512 0.76575 0.77271 0.77338 0.77095 0.77417 0.77819 0.77681 0.77830 0.78304 0.78545 0.77360 0.75551 0.74105 0.72361 0.70263 0.68385 0.66753 0.65048 0.63014 0.61093 0.57328 0.51537 0.45463 0.39530 0.33555 0.27472 0.21442 0.15393 0.09248 0.03090 0.00000 0.00000 0.00000 0.00000 0.00000 0.00000 0.00000 0.00000 0.00000 0.00000 0.00000 0.00000 0.00000 0.00000 0.00000 0.00000 0.00000 0.00000 0.00000 0.00000 0.00000 0.00000 0.00000 0.00000 0.00000 0.00000 0.00000 0.00000 0.00000 0.00000 0.00000 0.00000 0.00000 0.00000 0.00000 0.00000 0.00000 0.00000 0.00000 0.00000 0.00000 0.00000 0.00000 0.00000 0.00000 0.00000 0.00000 0.00000 0.00000 0.00000 0.00000 0.00000 0.00000 0.00000 0.00000 0.00000 0.00000 0.00000 0.00000 0.00000 0.00000 0.00000 0.00000 0.00000 0.00000 0.00000 0.00000 0.00000 0.00000 0.00000 0.00000 0.00000 0.00000 0.00000 0.00000 0.00000 0.00000 0.00000 0.00000 0.00000 0.00000 0.00000 0.00000 0.00000 0.00000 0.00000 0.00000 0.00000 0.00000 0.00000 0.00000 0.00000 0.00000 0.00000 0.00000 0.00000 0.00000 0.00000 0.00000 0.00000 0.00000 0.00000 0.00000 0.00000 0.00000 0.00000 0.00000 0.00000 0.00000 0.00000 0.00000 0.00000 0.00000 0.00000 0.00000
0.00000 0.00000 0.00000 0.00000 0.00000 0.00000 0.00000 0.00000 0.00000 0.00000 0.00000 0.00000 0.00000 0.00000 0.00000 0.02370 0.07119 0.11760 0.16435 0.21366 0.26166 0.30654 0.35389 0.40479 0.45261 0.44845 0.40200 0.35818 0.31007 0.26002 0.21335 0.16766 0.11941 0.07120 0.02385 0.00000 0.00000 0.00000 0.00000 0.00000 0.00000 0.00000 0.00000 0.00000 0.00000 0.01304 0.03925 0.06504 0.09115 0.11816 0.14435 0.17001 0.19695 0.22460 0.25044 0.28786 0.33853 0.38930 0.43753 0.48756 0.53962 0.59018 0.63947 0.69181 0.74346 0.76736 0.77145 0.77511 0.77251 0.77280 0.77991 0.78237 0.77809 0.78021 0.78694 0.77534 0.74472 0.71935 0.69695 0.67021 0.64113 0.61588 0.59103 0.56397 0.53538 0.49763 0.44726 0.39526 0.34236 0.29134 0.23938 0.18621 0.13313 0.08023 0.02688 0.00000 0.00000 0.00000 0.00000 0.00000 0.00000 0.00000 0.00000 0.00000 0.00000 0.00000 0.00000 0.00000 0.00000 0.00000 0.00000 0.00000 0.00000 0.00000 0.00000 0.00000 0.00000 0.00000 0.00000 0.00000 0.00000 0.00000 0.00000 0.00000 0.00000 0.00000 0.00000 0.00000 0.00000 0.00000 0.00000 0.00000 0.00000 0.00000 0.00000 0.00000 0.00000 0.00000 0.00000 0.00000 0.00000 0.00000 0.00000 0.00000 0.00000 0.00000 0.00000 0.00000 0.00000 0.00000 0.00000 0.00000 0.00000 0.00000 0.00000 0.00000 0.00000 0.00000 0.00000 0.00000 0.00000 0.00000 0.00000 0.00000 0.00000 0.00000 0.00000 0.00000 0.00000 0.00000 0.00000 0.00000 0.00000 0.00000 0.00000 0.00000 0.00000 0.00000 0.00000 0.00000 0.00000 0.00000 0.00000 0.00000 0.00000 0.00000 0.00000 0.00000 0.00000 0.00000 0.00000 0.00000 0.00000 0.00000 0.00000 0.00000 0.00000 0.00000 0.00000 0.00000 0.00000 0.00000 0.00000 0.00000 0.00000 0.00000 0.00000 0.00000 0.00000 0.00000
0.00000 0.00000 0.00000 0.00000 0.00000 0.00000 0.00000 0.00000 0.00000 0.00000 0.00000 0.00000 0.00000 0.00000 0.00000 0.02002 0.05971 0.09998 0.14067 0.17980 0.21934 0.26148 0.30207 0.33966 0.37934 0.38263 0.34265 0.30104 0.26076 0.22115 0.18141 0.14152 0.10091 0.06028 0.02017 0.00000 0.00000 0.00000 0.00000 0.00000 0.00000 0.00000 0.00000 0.00000 0.00000 0.01673 0.05019 0.08388 0.11789 0.15184 0.18525 0.21889 0.25411 0.28899 0.32196 0.35943 0.40390 0.44728 0.48703 0.52867 0.57547 0.61941 0.65816 0.70145 0.75039 0.77293 0.76938 0.77234 0.77737 0.77684 0.77726 0.78163 0.78324 0.78194 0.78452 0.77166 0.73765 0.70113 0.66733 0.63490 0.60124 0.56516 0.53012 0.49587 0.46197 0.42177 0.37793 0.33480 0.29104 0.24664 0.20261 0.15800 0.11297 0.06801 0.02272 0.00000 0.00000 0.00000 0.00000 0.00000 0.00000 0.00000 0.00000 0.00000 0.00000 0.00000 0.00000 0.00000 0.00000 0.00000 0.00000 0.00000 0.00000 0.00000 0.00000 0.00000 0.00000 0.00000 0.00000 0.00000 0.00000 0.00000 0.00000 0.00000 0.00000 0.00000 0.00000 0.00000 0.00000 0.00000 0.00000 0.00000 0.00000 0.00000 0.00000 0.00000 0.00000 0.00000 0.00000 0.00000 0.00000 0.00000 0.00000 0.00000 0.00000 0.00000 0.00000 0.00000 0.00000 0.00000 0.00000 0.00000 0.00000 0.00000 0.00000 0.00000 0.00000 0.00000 0.00000 0.00000 0.00000 0.00000 0.00000 0.00000 0.00000 0.00000 0.00000 0.00000 0.00000 0.00000 0.00000 0.00000 0.00000 0.00000 0.00000 0.00000 0.00000 0.00000 0.00000 0.00000 0.00000 0.00000 0.00000 0.00000 0.00000 0.00000 0.00000 0.00000 0.00000 0.00000 0.00000 0.00000 0.00000 0.00000 0.00000 0.00000 0.00000 0.00000 0.00000 0.00000 0.00000 0.00000 0.00000 0.00000 0.00000 0.00000 0.00000 0.00000 0.00000 0.00000
0.00000 0.00000 0.00000 0.00000 0.00000 0.00000 0.00000 0.00000 0.00000 0.00000 0.00000 0.00000 0.00000 0.00000 0.00000 0.01629 0.04887 0.08213 0.11525 0.14705 0.17987 0.21388 0.24713 0.27828 0.31138 0.31352 0.28109 0.24588 0.21311 0.18214 0.14911 0.11497 0.08238 0.04986 0.01656 0.00000 0.00000 0.00000 0.00000 0.00000 0.00000 0.00000 0.00000 0.00000 0.00000 0.02044 0.06130 0.10301 0.14452 0.18484 0.22640 0.26956 0.31102 0.35152 0.39420 0.43444 0.46823 0.50206 0.53815 0.57468 0.60880 0.64424 0.68066 0.71589 0.75268 0.77316 0.77248 0.77187 0.77877 0.78081 0.77683 0.77870 0.78568 0.78764 0.78468 0.76493 0.72753 0.68538 0.64011 0.59838 0.55815 0.51507 0.47053 0.42847 0.38576 0.34572 0.30948 0.27452 0.23887 0.20195 0.16558 0.12960 0.09289 0.05577 0.01861 0.00000 0.00000 0.00000 0.00000 0.00000 0.00000 0.00000 0.00000 0.00000 0.00000 0.00000 0.00000 0.00000 0.00000 0.00000 0.00000 0.00000 0.00000 0.00000 0.00000 0.00000 0.00000 0.00000 0.00000 0.00000 0.00000 0.00000 0.00000 0.00000 0.00000 0.00000 0.00000 0.00000 0.00000 0.00000 0.00000 0.00000 0.00000 0.00000 0.00000 0.00000 0.00000 0.00000 0.00000 0.00000 0.00000 0.00000 0.00000 0.00000 0.00000 0.00000 0.00000 0.00000 0.00000 0.00000 0.00000 0.00000 0.00000 0.00000 0.00000 0.00000 0.00000 0.00000 0.00000 0.00000 0.00000 0.00000 0.00000 0.00000 0.00000 0.00000 0.00000 0.00000 0.00000 0.00000 0.00000 0.00000 0.00000 0.00000 0.00000 0.00000 0.00000 0.00000 0.00000 0.00000 0.00000 0.00000 0.00000 0.00000 0.00000 0.00000 0.00000 0.00000 0.00000 0.00000 0.00000 0.00000 0.00000 0.00000 0.00000 0.00000 0.00000 0.00000 0.00000 0.00000 0.00000 0.00000 0.00000 0.00000 0.00000 0.00000 0.00000 0.00000 0.00000 0.00000
0.00000 0.00000 0.00000 0.00000 0.00000 0.00000 0.00000 0.00000 0.00000 0.00000 0.00000 0.00000 0.00000 0.00000 0.00000 0.01268 0.03837 0.06379 0.08878 0.11512 0.14107 0.16500 0.19055 0.21853 0.24422 0.24182 0.21653 0.19274 0.16715 0.14114 0.11524 0.08963 0.06435 0.03879 0.01288 0.00000 0.00000 0.00000 0.00000 0.00000 0.00000 0.00000 0.00000 0.00000 0.00000 0.02428 0.07301 0.12153 0.17005 0.21914 0.26904 0.31852 0.36677 0.41598 0.46794 0.50710 0.53196 0.55889 0.58996 0.61833 0.64247 0.67003 0.70278 0.73126 0.75492 0.77090 0.77654 0.77699 0.77593 0.78014 0.78139 0.78062 0.78396 0.78837 0.78826 0.76257 0.71437 0.66620 0.61510 0.56391 0.51396 0.46312 0.41239 0.36066 0.30892 0.26926 0.24185 0.21371 0.18561 0.15766 0.12924 0.10078 0.07224 0.04348 0.01453 0.00000 0.00000 0.00000 0.00000 0.00000 0.00000 0.00000 0.00000 0.00000 0.00000 0.00000 0.00000 0.00000 0.00000 0.00000 0.00000 0.00000 0.00000 0.00000 0.00000 0.00000 0.00000 0.00000 0.00000 0.00000 0.00000 0.00000 0.00000 0.00000 0.00000 0.00000 0.00000 0.00000 0.00000 0.00000 0.00000 0.00000 0.00000 0.00000 0.00000 0.00000 0.00000 0.00000 0.00000 0.00000 0.00000 0.00000 0.00000 0.00000 0.00000 0.00000 0.00000 0.00000 0.00000 0.00000 0.00000 0.00000 0.00000 0.00000 0.00000 0.00000 0.00000 0.00000 0.00000 0.00000 0.00000 0.00000 0.00000 0.00000 0.00000 0.00000 0.00000 0.00000 0.00000 0.00000 0.00000 0.00000 0.00000 0.00000 0.00000 0.00000 0.00000 0.00000 0.00000 0.00000 0.00000 0.00000 0.00000 0.00000 0.00000 0.00000 0.00000 0.00000 0.00000 0.00000 0.00000 0.00000 0.00000 0.00000 0.00000 0.00000 0.00000 0.00000 0.00000 0.00000 0.00000 0.00000 0.00000 0.00000 0.00000 0.00000 0.00000 0.00000 0.00000 0.00000
0.00000 0.00000 0.00000 0.00000 0.00000 0.00000 0.00000 0.00000 0.00000 0.00000 0.00000 0.00000 0.00000 0.00000 0.00000 0.00913 0.02737 0.04541 0.06376 0.08218 0.10026 0.11843 0.13698 0.15556 0.17399 0.17338 0.15494 0.13766 0.11980 0.10053 0.08222 0.06452 0.04609 0.02748 0.00921 0.00000 0.00000 0.00000 0.00000 0.00000 0.00000 0.00000 0.00000 0.00000 0.00000 0.02804 0.08449 0.13997 0.19613 0.25412 0.31124 0.36624 0.42339 0.48312 0.54053 0.57722 0.59751 0.61991 0.63949 0.65835 0.67902 0.70071 0.72118 0.74191 0.76198 0.77165 0.77684 0.77903 0.77679 0.77761 0.78481 0.78572 0.78324 0.78541 0.79128 0.76320 0.70257 0.64484 0.58929 0.53022 0.46983 0.41153 0.35284 0.29248 0.23226 0.19295 0.17315 0.15271 0.13264 0.11292 0.09270 0.07206 0.05158 0.03110 0.01041 0.00000 0.00000 0.00000 0.00000 0.00000 0.00000 0.00000 0.00000 0.00000 0.00000 0.00000 0.00000 0.00000 0.00000 0.00000 0.00000 0.00000 0.00000 0.00000 0.00000 0.00000 0.00000 0.00000 0.00000 0.00000 0.00000 0.00000 0.00000 0.00000 0.00000 0.00000 0.00000 0.00000 0.00000 0.00000 0.00000 0.00000 0.00000 0.00000 0.00000 0.00000 0.00000 0.00000 0.00000 0.00000 0.00000 0.00000 0.00000 0.00000 0.00000 0.00000 0.00000 0.00000 0.00000 0.00000 0.00000 0.00000 0.00000 0.00000 0.00000 0.00000 0.00000 0.00000 0.00000 0.00000 0.00000 0.00000 0.00000 0.00000 0.00000 0.00000 0.00000 0.00000 0.00000 0.00000 0.00000 0.00000 0.00000 0.00000 0.00000 0.00000 0.00000 0.00000 0.00000 0.00000 0.00000 0.00000 0.00000 0.00000 0.00000 0.00000 0.00000 0.00000 0.00000 0.00000 0.00000 0.00000 0.00000 0.00000 0.00000 0.00000 0.00000 0.00000 0.00000 0.00000 0.00000 0.00000 0.00000 0.00000 0.00000 0.00000 0.00000 0.00000 0.00000 0.00000
0.00000 0.00000 0.00000 0.00000 0.00000 0.00000 0.00000 0.00000 0.00000 0.00000 0.00000 0.00000 0.00000 0.00000 0.00000 0.00549 0.01631 0.02723 0.03852 0.04914 0.05998 0.07145 0.08278 0.09269 0.10362 0.10494 0.09388 0.08222 0.07118 0.06055 0.04977 0.03873 0.02752 0.01648 0.00554 0.00000 0.00000 0.00000 0.00000 0.00000 0.00000 0.00000 0.00000 0.00000 0.00000 0.03169 0.09514 0.15951 0.22385 0.28756 0.35132 0.41630 0.48273 0.54761 0.61083 0.64988 0.66563 0.67811 0.68756 0.70023 0.71694 0.72993 0.73890 0.75229 0.76913 0.77674 0.77465 0.77800 0.78004 0.78029 0.78304 0.78742 0.78602 0.78630 0.79096 0.76089 0.69238 0.62620 0.56135 0.49482 0.42692 0.35998 0.29303 0.22428 0.15587 0.11584 0.10388 0.09192 0.07988 0.06775 0.05562 0.04339 0.03108 0.01868 0.00624 0.00000 0.00000 0.00000 0.00000 0.00000 0.00000 0.00000 0.00000 0.00000 0.00000 0.00000 0.00000 0.00000 0.00000 0.00000 0.00000 0.00000 0.00000 0.00000 0.00000 0.00000 0.00000 0.00000 0.00000 0.00000 0.00000 0.00000 0.00000 0.00000 0.00000 0.00000 0.00000 0.00000 0.00000 0.00000 0.00000 0.00000 0.00000 0.00000 0.00000 0.00000 0.00000 0.00000 0.00000 0.00000 0.00000 0.00000 0.00000 0.00000 0.00000 0.00000 0.00000 0.00000 0.00000 0.00000 0.00000 0.00000 0.00000 0.00000 0.00000 0.00000 0.00000 0.00000 0.00000 0.00000 0.00000 0.00000 0.00000 0.00000 0.00000 0.00000 0.00000 0.00000 0.00000 0.00000 0.00000 0.00000 0.00000 0.00000 0.00000 0.00000 0.00000 0.00000 0.00000 0.00000 0.00000 0.00000 0.00000 0.00000 0.00000 0.00000 0.00000 0.00000 0.00000 0.00000 0.00000 0.00000 0.00000 0.00000 0.00000 0.00000 0.00000 0.00000 0.00000 0.00000 0.00000 0.00000 0.00000 0.00000 0.00000 0.00000 0.00000 0.00000 0.00000 0.00000
0.00000 0.00000 0.00000 0.00000 0.00000 0.00000 0.00000 0.00000 0.00000 0.00000 0.00000 0.00000 0.00000 0.00000 0.00000 0.00182 0.00548 0.00913 0.01271 0.01640 0.02015 0.02376 0.02735 0.03108 0.03477 0.03481 0.03124 0.02747 0.02375 0.02023 0.01661 0.01284 0.00919 0.00555 0.00185 0.00000 0.00000 0.00000 0.00000 0.00000 0.00000 0.00000 0.00000 0.00000 0.00000 0.03548 0.10639 0.17854 0.25094 0.32095 0.39255 0.46731 0.54066 0.61071 0.68323 0.72578 0.73115 0.73370 0.73851 0.74640 0.75164 0.75537 0.76044 0.76619 0.77323 0.77671 0.77674 0.77681 0.78383 0.78394 0.78197 0.78439 0.78939 0.79094 0.79068 0.75487 0.68365 0.60890 0.53334 0.45870 0.38446 0.30824 0.23194 0.15625 0.07927 0.03855 0.03463 0.03075 0.02672 0.02260 0.01853 0.01452 0.01039 0.00624 0.00208 0.00000 0.00000 0.00000 0.00000 0.00000 0.00000 0.00000 0.00000 0.00000 0.00000 0.00000 0.00000 0.00000 0.00000 0.00000 0.00000 0.00000 0.00000 0.00000 0.00000 0.00000 0.00000 0.00000 0.00000 0.00000 0.00000 0.00000 0.00000 0.00000 0.00000 0.00000 0.00000 0.00000 0.00000 0.00000 0.00000 0.00000 0.00000 0.00000 0.00000 0.00000 0.00000 0.00000 0.00000 0.00000 0.00000 0.00000 0.00000 0.00000 0.00000 0.00000 0.00000 0.00000 0.00000 0.00000 0.00000 0.00000 0.00000 0.00000 0.00000 0.00000 0.00000 0.00000 0.00000 0.00000 0.00000 0.00000 0.00000 0.00000 0.00000 0.00000 0.00000 0.00000 0.00000 0.00000 0.00000 0.00000 0.00000 0.00000 0.00000 0.00000 0.00000 0.00000 0.00000 0.00000 0.00000 0.00000 0.00000 0.00000 0.00000 0.00000 0.00000 0.00000 0.00000 0.00000 0.00000 0.00000 0.00000 0.00000 0.00000 0.00000 0.00000 0.00000 0.00000 0.00000 0.00000 0.00000 0.00000 0.00000 0.00000 0.00000 0.00000 0.00000 0.00000 0.00000
0.00000 0.00000 0.00000 0.00000 0.00000 0.00000 0.00000 0.00000 0.00000 0.00000 0.00000 0.00000 0.00000 0.00000 0.00000 0.00000 0.00000 0.00000 0.00000 0.00000 0.00000 0.00000 0.00000 0.00000 0.00000 0.00000 0.00000 0.00000 0.00000 0.00000 0.00000 0.00000 0.00000 0.00000 0.00000 0.00000 0.00000 0.00000 0.00000 0.00000 0.00000 0.00000 0.00000 0.00000 0.00000 0.03760 0.11285 0.18734 0.26265 0.33958 0.41622 0.49128 0.56671 0.64448 0.72411 0.76220 0.76098 0.76305 0.76784 0.76870 0.76715 0.76873 0.77325 0.77542 0.77397 0.77588 0.77862 0.78155 0.78185 0.78557 0.78444 0.78453 0.78991 0.79321 0.79174 0.75384 0.67825 0.60052 0.51981 0.44179 0.36298 0.28234 0.20183 0.12177 0.04077 0.00000 0.00000 0.00000 0.00000 0.00000 0.00000 0.00000 0.00000 0.00000 0.00000 0.00000 0.00000 0.00000 0.00000 0.00000 0.00000 0.00000 0.00000 0.00000 0.00000 0.00000 0.00000 0.00000 0.00000 0.00000 0.00000 0.00000 0.00000 0.00000 0.00000 0.00000 0.00000 0.00000 0.00000 0.00000 0.00000 0.00000 0.00000 0.00000 0.00000 0.00000 0.00000 0.00000 0.00000 0.00000 0.00000 0.00000 0.00000 0.00000 0.00000 0.00000 0.00000 0.00000 0.00000 0.00000 0.00000 0.00000 0.00000 0.00000 0.00000 0.00000 0.00000 0.00000 0.00000 0.00000 0.00000 0.00000 0.00000 0.00000 0.00000 0.00000 0.00000 0.00000 0.00000 0.00000 0.00000 0.00000 0.00000 0.00000 0.00000 0.00000 0.00000 0.00000 0.00000 0.00000 0.00000 0.00000 0.00000 0.00000 0.00000 0.00000 0.00000 0.00000 0.00000 0.00000 0.00000 0.00000 0.00000 0.00000 0.00000 0.00000 0.00000 0.00000 0.00000 0.00000 0.00000 0.00000 0.00000 0.00000 0.00000 0.00000 0.00000 0.00000 0.00000 0.00000 0.00000 0.00000 0.00000 0.00000 0.00000 0.00000 0.00000 0.00000 0.00000 0.00000
0.00000 0.00000 0.00000 0.00000 0.00000 0.00000 0.00000 0.00000 0.00000 0.00000 0.00000 0.00000 0.00000 0.00000 0.00000 0.00000 0.00000 0.00000 0.00000 0.00000 0.00000 0.00000 0.00000 0.00000 0.00000 0.00000 0.00000 0.00000 0.00000 0.00000 0.00000 0.00000 0.00000 0.00000 0.00000 0.00000 0.00000 0.00000 0.00000 0.00000 0.00000 0.00000 0.00000 0.00000 0.00000 0.03752 0.11302 0.18765 0.26263 0.34008 0.41731 0.49120 0.56668 0.64675 0.72532 0.76153 0.76165 0.76666 0.76864 0.76738 0.76833 0.77219 0.77427 0.77441 0.77571 0.77665 0.78092 0.78205 0.78248 0.78328 0.78695 0.78932 0.78991 0.79131 0.79448 0.75708 0.67898 0.59974 0.52186 0.44266 0.36295 0.28314 0.20274 0.12169 0.04069 0.00000 0.00000 0.00000 0.00000 0.00000 0.00000 0.00000 0.00000 0.00000 0.00000 0.00000 0.00000 0.00000 0.00000 0.00000 0.00000 0.00000 0.00000 0.00000 0.00000 0.00000 0.00000 0.00000 0.00000 0.00000 0.00000 0.00000 0.00000 0.00000 0.00000 0.00000 0.00000 0.00000 0.00000 0.00000 0.00000 0.00000 0.00000 0.00000 0.00000 0.00000 0.00000 0.00000 0.00000 0.00000 0.00000 0.00000 0.00000 0.00000 0.00000 0.00000 0.00000 0.00000 0.00000 0.00000 0.00000 0.00000 0.00000 0.00000 0.00000 0.00000 0.00000 0.00000 0.00000 0.00000 0.00000 0.00000 0.00000 0.00000 0.00000 0.00000 0.00000 0.00000 0.00000 0.00000 0.00000 0.00000 0.00000 0.00000 0.00000 0.00000 0.00000 0.00000 0.00000 0.00000 0.00000 0.00000 0.00000 0.00000 0.00000 0.00000 0.00000 0.00000 0.00000 0.00000 0.00000 0.00000 0.00000 0.00000 0.00000 0.00000 0.00000 0.00000 0.00000 0.00000 0.00000 0.00000 0.00000 0.00000 0.00000 0.00000 0.00000 0.00000 0.00000 0.00000 0.00000 0.00000 0.00000 0.00000 0.00000 0.00000 0.00000 0.00000 0.00000 0.00000
0.00000 0.00000 0.00000 0.00000 0.00000 0.00000 0.00000 0.00000 0.00000 0.00000 0.00000 0.00000 0.00000 0.00000 0.00000 0.00000 0.00000 0.00000 0.00000 0.00000 0.00000 0.00000 0.00000 0.00000 0.00000 0.00000 0.00000 0.00000 0.00000 0.00000 0.00000 0.00000 0.00000 0.00000 0.00000 0.00000 0.00000 0.00000 0.00000 0.00000 0.00000 0.00000 0.00000 0.00000 0.00000 0.03738 0.11237 0.18889 0.26472 0.33905 0.41508 0.49330 0.57123 0.64607 0.72204 0.76317 0.76717 0.76680 0.76635 0.76830 0.77201 0.77376 0.77362 0.77437 0.77697 0.78114 0.78090 0.78161 0.78302 0.78584 0.78869 0.79025 0.79028 0.79233 0.79658 0.75892 0.67855 0.60158 0.52315 0.44258 0.36294 0.28397 0.20354 0.12190 0.04070 0.00000 0.00000 0.00000 0.00000 0.00000 0.00000 0.00000 0.00000 0.00000 0.00000 0.00000 0.00000 0.00000 0.00000 0.00000 0.00000 0.00000 0.00000 0.00000 0.00000 0.00000 0.00000 0.00000 0.00000 0.00000 0.00000 0.00000 0.00000 0.00000 0.00000 0.00000 0.00000 0.00000 0.00000 0.00000 0.00000 0.00000 0.00000 0.00000 0.00000 0.00000 0.00000 0.00000 0.00000 0.00000 0.00000 0.00000 0.00000 0.00000 0.00000 0.00000 0.00000 0.00000 0.00000 0.00000 0.00000 0.00000 0.00000 0.00000 0.00000 0.00000 0.00000 0.00000 0.00000 0.00000 0.00000 0.00000 0.00000 0.00000 0.00000 0.00000 0.00000 0.00000 0.00000 0.00000 0.00000 0.00000 0.00000 0.00000 0.00000 0.00000 0.00000 0.00000 0.00000 0.00000 0.00000 0.00000 0.00000 0.00000 0.00000 0.00000 0.00000 0.00000 0.00000 0.00000 0.00000 0.00000 0.00000 0.00000 0.00000 0.00000 0.00000 0.00000 0.00000 0.00000 0.00000 0.00000 0.00000 0.00000 0.00000 0.00000 0.00000 0.00000 0.00000 0.00000 0.00000 0.00000 0.00000 0.00000 0.00000 0.00000 0.00000 0.00000 0.00000 0.00000
0.00000 0.00000 0.00000 0.00000 0.00000 0.00000 0.00000 0.00000 0.00000 0.00000 0.00000 0.00000 0.00000 0.00000 0.00000 0.00000 0.00000 0.00000 0.00000 0.00000 0.00000 0.00000 0.00000 0.00000 0.00000 0.00000 0.00000 0.00000 0.00000 0.00000 0.00000 0.00000 0.00000 0.00000 0.00000 0.00000 0.00000 0.00000 0.00000 0.00000 0.00000 0.00000 0.00000 0.00000 0.00000 0.03753 0.11257 0.18868 0.26517 0.33987 0.41496 0.49386 0.57226 0.64688 0.72217 0.76548 0.76823 0.76650 0.76666 0.77183 0.77366 0.77244 0.77389 0.77689 0.77957 0.78001 0.78208 0.78245 0.78523 0.78777 0.78992 0.78998 0.79141 0.79548 0.79815 0.75820 0.67971 0.60267 0.52460 0.44370 0.36348 0.28403 0.20337 0.12249 0.04088 0.00000 0.00000 0.00000 0.00000 0.00000 0.00000 0.00000 0.00000 0.00000 0.00000 0.00000 0.00000 0.00000 0.00000 0.00000 0.00000 0.00000 0.00000 0.00000 0.00000 0.00000 0.00000 0.00000 0.00000 0.00000 0.00000 0.00000 0.00000 0.00000 0.00000 0.00000 0.00000 0.00000 0.00000 0.00000 0.00000 0.00000 0.00000 0.00000 0.00000 0.00000 0.00000 0.00000 0.00000 0.00000 0.00000 0.00000 0.00000 0.00000 0.00000 0.00000 0.00000 0.00000 0.00000 0.00000 0.00000 0.00000 0.00000 0.00000 0.00000 0.00000 0.00000 0.00000 0.00000 0.00000 0.00000 0.00000 0.00000 0.00000 0.00000 0.00000 0.00000 0.00000 0.00000 0.00000 0.00000 0.00000 0.00000 0.00000 0.00000 0.00000 0.00000 0.00000 0.00000 0.00000 0.00000 0.00000 0.00000 0.00000 0.00000 0.00000 0.00000 0.00000 0.00000 0.00000 0.00000 0.00000 0.00000 0.00000 0.00000 0.00000 0.00000 0.00000 0.00000 0.00000 0.00000 0.00000 0.00000 0.00000 0.00000 0.00000 0.00000 0.00000 0.00000 0.00000 0.00000 0.00000 0.00000 0.00000 0.00000 0.00000 0.00000 0.00000 0.00000 0.00000
0.00000 0.00000 0.00000 0.00000 0.00000 0.00000 0.00000 0.00000 0.00000 0.00000 0.00000 0.00000 0.00000 0.00000 0.00000 0.00000 0.00000 0.00000 0.00000 0.00000 0.00000 0.00000 0.00000 0.00000 0.00000 0.00000 0.00000 0.00000 0.00000 0.00000 0.00000 0.00000 0.00000 0.00000 0.00000 0.00000 0.00000 0.00000 0.00000 0.00000 0.00000 0.00000 0.00000 0.00000 0.00000 0.03777 0.11337 0.18795 0.26377 0.34172 0.41859 0.49268 0.56927 0.64896 0.72846 0.76474 0.76515 0.76817 0.77129 0.77186 0.77299 0.77361 0.77552 0.77936 0.78032 0.77996 0.78153 0.78717 0.78754 0.78694 0.78891 0.79236 0.79518 0.79598 0.79693 0.76060 0.68270 0.60204 0.52346 0.44567 0.36529 0.28343 0.20336 0.12270 0.04105 0.00000 0.00000 0.00000 0.00000 0.00000 0.00000 0.00000 0.00000 0.00000 0.00000 0.00000 0.00000 0.00000 0.00000 0.00000 0.00000 0.00000 0.00000 0.00000 0.00000 0.00000 0.00000 0.00000 0.00000 0.00000 0.00000 0.00000 0.00000 0.00000 0.00000 0.00000 0.00000 0.00000 0.00000 0.00000 0.00000 0.00000 0.00000 0.00000 0.00000 0.00000 0.00000 0.00000 0.00000 0.00000 0.00000 0.00000 0.00000 0.00000 0.00000 0.00000 0.00000 0.00000 0.00000 0.00000 0.00000 0.00000 0.00000 0.00000 0.00000 0.00000 0.00000 0.00000 0.00000 0.00000 0.00000 0.00000 0.00000 0.00000 0.00000 0.00000 0.00000 0.00000 0.00000 0.00000 0.00000 0.00000 0.00000 0.00000 0.00000 0.00000 0.00000 0.00000 0.00000 0.00000 0.00000 0.00000 0.00000 0.00000 0.00000 0.00000 0.00000 0.00000 0.00000 0.00000 0.00000 0.00000 0.00000 0.00000 0.00000 0.00000 0.00000 0.00000 0.00000 0.00000 0.00000 0.00000 0.00000 0.00000 0.00000 0.00000 0.00000 0.00000 0.00000 0.00000 0.00000 0.00000 0.00000 0.00000 0.00000 0.00000 0.00000 0.00000 0.00000 0.00000
0.00000 0.00000 0.00000 0.00000 0.00000 0.00000 0.00000 0.00000 0.00000 0.00000 0.00000 0.00000 0.00000 0.00000 0.00000 0.00000 0.00000 0.00000 0.00000 0.00000 0.00000 0.00000 0.00000 0.00000 0.00000 0.00000 0.00000 0.00000 0.00000 0.00000 0.00000 0.00000 0.00000 0.00000 0.00000 0.00000 0.00000 0.00000 0.00000 0.00000 0.00000 0.00000 0.00000 0.00000 0.00000 0.03769 0.11348 0.18871 0.26385 0.34142 0.41914 0.49447 0.56933 0.64938 0.72917 0.76648 0.76519 0.77081 0.77304 0.77097 0.77211 0.77684 0.77882 0.77809 0.78001 0.78200 0.78469 0.78617 0.78909 0.78871 0.78940 0.79412 0.79709 0.79653 0.79727 0.76209 0.68479 0.60363 0.52290 0.44578 0.36595 0.28484 0.20367 0.12273 0.04103 0.00000 0.00000 0.00000 0.00000 0.00000 0.00000 0.00000 0.00000 0.00000 0.00000 0.00000 0.00000 0.00000 0.00000 0.00000 0.00000 0.00000 0.00000 0.00000 0.00000 0.00000 0.00000 0.00000 0.00000 0.00000 0.00000 0.00000 0.00000 0.00000 0.00000 0.00000 0.00000 0.00000 0.00000 0.00000 0.00000 0.00000 0.00000 0.00000 0.00000 0.00000 0.00000 0.00000 0.00000 0.00000 0.00000 0.00000 0.00000 0.00000 0.00000 0.00000 0.00000 0.00000 0.00000 0.00000 0.00000 0.00000 0.00000 0.00000 0.00000 0.00000 0.00000 0.00000 0.00000 0.00000 0.00000 0.00000 0.00000 0.00000 0.00000 0.00000 0.00000 0.00000 0.00000 0.00000 0.00000 0.00000 0.00000 0.00000 0.00000 0.00000 0.00000 0.00000 0.00000 0.00000 0.00000 0.00000 0.00000 0.00000 0.00000 0.00000 0.00000 0.00000 0.00000 0.00000 0.00000 0.00000 0.00000 0.00000 0.00000 0.00000 0.00000 0.00000 0.00000 0.00000 0.00000 0.00000 0.00000 0.00000 0.00000 0.00000 0.00000 0.00000 0.00000 0.00000 0.00000 0.00000 0.00000 0.00000 0.00000 0.00000 0.00000 0.00000 0.00000 0.00000
0.00000 0.00000 0.00000 0.00000 0.00000 0.00000 0.00000 0.00000 0.00000 0.00000 0.00000 0.00000 0.00000 0.00000 0.00000 0.00000 0.00000 0.00000 0.00000 0.00000 0.00000 0.00000 0.00000 0.00000 0.00000 0.00000 0.00000 0.00000 0.00000 0.00000 0.00000 0.00000 0.00000 0.00000 0.00000 0.00000 0.00000 0.00000 0.00000 0.00000 0.00000 0.00000 0.00000 0.00000 0.00000 0.03753 0.11288 0.18973 0.26611 0.34042 0.41688 0.49627 0.57481 0.64839 0.72554 0.76830 0.77156 0.76982 0.77180 0.77325 0.77432 0.77739 0.77980 0.77907 0.78006 0.78545 0.78659 0.78548 0.78761 0.79281 0.79378 0.79299 0.79562 0.79944 0.80150 0.76115 0.68342 0.60626 0.52633 0.44448 0.36563 0.28597 0.20467 0.12267 0.04102 0.00000 0.00000 0.00000 0.00000 0.00000 0.00000 0.00000 0.00000 0.00000 0.00000 0.00000 0.00000 0.00000 0.00000 0.00000 0.00000 0.00000 0.00000 0.00000 0.00000 0.00000 0.00000 0.00000 0.00000 0.00000 0.00000 0.00000 0.00000 0.00000 0.00000 0.00000 0.00000 0.00000 0.00000 0.00000 0.00000 0.00000 0.00000 0.00000 0.00000 0.00000 0.00000 0.00000 0.00000 0.00000 0.00000 0.00000 0.00000 0.00000 0.00000 0.00000 0.00000 0.00000 0.00000 0.00000 0.00000 0.00000 0.00000 0.00000 0.00000 0.00000 0.00000 0.00000 0.00000 0.00000 0.00000 0.00000 0.00000 0.00000 0.00000 0.00000 0.00000 0.00000 0.00000 0.00000 0.00000 0.00000 0.00000 0.00000 0.00000 0.00000 0.00000 0.00000 0.00000 0.00000 0.00000 0.00000 0.00000 0.00000 0.00000 0.00000 0.00000 0.00000 0.00000 0.00000 0.00000 0.00000 0.00000 0.00000 0.00000 0.00000 0.00000 0.00000 0.00000 0.00000 0.00000 0.00000 0.00000 0.00000 0.00000 0.00000 0.00000 0.00000 0.00000 0.00000 0.00000 0.00000 0.00000 0.00000 0.00000 0.00000 0.00000 0.00000 0.00000 0.00000
0.00000 0.00000 0.00000 0.00000 0.00000 0.00000 0.00000 0.00000 0.00000 0.00000 0.00000 0.00000 0.00000 0.00000 0.00000 0.00000 0.00000 0.00000 0.00000 0.00000 0.00000 0.00000 0.00000 0.00000 0.00000 0.00000 0.00000 0.00000 0.00000 0.00000 0.00000 0.00000 0.00000 0.00000 0.00000 0.00000 0.00000 0.00000 0.00000 0.00000 0.00000 0.00000 0.00000 0.00000 0.00000 0.03771 0.11285 0.18943 0.26644 0.34210 0.41701 0.49557 0.57501 0.65192 0.72594 0.76847 0.77233 0.77144 0.77054 0.77603 0.77810 0.77638 0.77799 0.78161 0.78416 0.78455 0.78665 0.78764 0.78955 0.79285 0.79561 0.79491 0.79550 0.80091 0.80390 0.76282 0.68289 0.60693 0.52784 0.44636 0.36555 0.28614 0.20506 0.12312 0.04112 0.00000 0.00000 0.00000 0.00000 0.00000 0.00000 0.00000 0.00000 0.00000 0.00000 0.00000 0.00000 0.00000 0.00000 0.00000 0.00000 0.00000 0.00000 0.00000 0.00000 0.00000 0.00000 0.00000 0.00000 0.00000 0.00000 0.00000 0.00000 0.00000 0.00000 0.00000 0.00000 0.00000 0.00000 0.00000 0.00000 0.00000 0.00000 0.00000 0.00000 0.00000 0.00000 0.00000 0.00000 0.00000 0.00000 0.00000 0.00000 0.00000 0.00000 0.00000 0.00000 0.00000 0.00000 0.00000 0.00000 0.00000 0.00000 0.00000 0.00000 0.00000 0.00000 0.00000 0.00000 0.00000 0.00000 0.00000 0.00000 0.00000 0.00000 0.00000 0.00000 0.00000 0.00000 0.00000 0.00000 0.00000 0.00000 0.00000 0.00000 0.00000 0.00000 0.00000 0.00000 0.00000 0.00000 0.00000 0.00000 0.00000 0.00000 0.00000 0.00000 0.00000 0.00000 0.00000 0.00000 0.00000 0.00000 0.00000 0.00000 0.00000 0.00000 0.00000 0.00000 0.00000 0.00000 0.00000 0.00000 0.00000 0.00000 0.00000 0.00000 0.00000 0.00000 0.00000 0.00000 0.00000 0.00000 0.00000 0.00000 0.00000 0.00000 0.00000 0.00000 0.00000
0.00000 0.00000 0.00000 0.00000 0.00000 0.00000 0.00000 0.00000 0.00000 0.00000 0.00000 0.00000 0.00000 0.00000 0.00000 0.00000 0.00000 0.00000 0.00000 0.00000 0.00000 0.00000 0.00000 0.00000 0.00000 0.00000 0.00000 0.00000 0.00000 0.00000 0.00000 0.00000 0.00000 0.00000 0.00000 0.00000 0.00000 0.00000 0.00000 0.00000 0.00000 0.00000 0.00000 0.00000 0.00000 0.03781 0.11391 0.18887 0.26494 0.34320 0.42101 0.49486 0.57169 0.65301 0.73299 0.76786 0.76938 0.77330 0.77361 0.77528 0.77892 0.77855 0.77856 0.78332 0.78571 0.78479 0.78640 0.79167 0.79239 0.79142 0.79450 0.79860 0.79970 0.79936 0.80279 0.76626 0.68656 0.60536 0.52738 0.44848 0.36734 0.28561 0.20493 0.12363 0.04127 0.00000 0.00000 0.00000 0.00000 0.00000 0.00000 0.00000 0.00000 0.00000 0.00000 0.00000 0.00000 0.00000 0.00000 0.00000 0.00000 0.00000 0.00000 0.00000 0.00000 0.00000 0.00000 0.00000 0.00000 0.00000 0.00000 0.00000 0.00000 0.00000 0.00000 0.00000 0.00000 0.00000 0.00000 0.00000 0.00000 0.00000 0.00000 0.00000 0.00000 0.00000 0.00000 0.00000 0.00000 0.00000 0.00000 0.00000 0.00000 0.00000 0.00000 0.00000 0.00000 0.00000 0.00000 0.00000 0.00000 0.00000 0.00000 0.00000 0.00000 0.00000 0.00000 0.00000 0.00000 0.00000 0.00000 0.00000 0.00000 0.00000 0.00000 0.00000 0.00000 0.00000 0.00000 0.00000 0.00000 0.00000 0.00000 0.00000 0.00000 0.00000 0.00000 0.00000 0.00000 0.00000 0.00000 0.00000 0.00000 0.00000 0.00000 0.00000 0.00000 0.00000 0.00000 0.00000 0.00000 0.00000 0.00000 0.00000 0.00000 0.00000 0.00000 0.00000 0.00000 0.00000 0.00000 0.00000 0.00000 0.00000 0.00000 0.00000 0.00000 0.00000 0.00000 0.00000 0.00000 0.00000 0.00000 0.00000 0.00000 0.00000 0.00000 0.00000 0.00000 0.00000
0.00000 0.00000 0.00000 0.00000 0.00000 0.00000 0.00000 0.00000 0.00000 0.00000 0.00000 0.00000 0.00000 0.00000 0.00000 0.00000 0.00000 0.00000 0.00000 0.00000 0.00000 0.00000 0.00000 0.00000 0.00000 0.00000 0.00000 0.00000 0.00000 0.00000 0.00000 0.00000 0.00000 0.00000 0.00000 0.00000 0.00000 0.00000 0.00000 0.00000 0.00000 0.00000 0.00000 0.00000 0.00000 0.03785 0.11401 0.18979 0.26488 0.34255 0.42118 0.49826 0.57239 0.65081 0.73294 0.77368 0.76942 0.77242 0.77738 0.77555 0.77620 0.78041 0.78351 0.78311 0.78431 0.78666 0.78972 0.79177 0.79351 0.79318 0.79464 0.79980 0.80216 0.80098 0.80199 0.76752 0.68897 0.60706 0.52682 0.44898 0.36856 0.28642 0.20493 0.12368 0.04138 0.00000 0.00000 0.00000 0.00000 0.00000 0.00000 0.00000 0.00000 0.00000 0.00000 0.00000 0.00000 0.00000 0.00000 0.00000 0.00000 0.00000 0.00000 0.00000 0.00000 0.00000 0.00000 0.00000 0.00000 0.00000 0.00000 0.00000 0.00000 0.00000 0.00000 0.00000 0.00000 0.00000 0.00000 0.00000 0.00000 0.00000 0.00000 0.00000 0.00000 0.00000 0.00000 0.00000 0.00000 0.00000 0.00000 0.00000 0.00000 0.00000 0.00000 0.00000 0.00000 0.00000 0.00000 0.00000 0.00000 0.00000 0.00000 0.00000 0.00000 0.00000 0.00000 0.00000 0.00000 0.00000 0.00000 0.00000 0.00000 0.00000 0.00000 0.00000 0.00000 0.00000 0.00000 0.00000 0.00000 0.00000 0.00000 0.00000 0.00000 0.00000 0.00000 0.00000 0.00000 0.00000 0.00000 0.00000 0.00000 0.00000 0.00000 0.00000 0.00000 0.00000 0.00000 0.00000 0.00000 0.00000 0.00000 0.00000 0.00000 0.00000 0.00000 0.00000 0.00000 0.00000 0.00000 0.00000 0.00000 0.00000 0.00000 0.00000 0.00000 0.00000 0.00000 0.00000 0.00000 0.00000 0.00000 0.00000 0.00000 0.00000 0.00000 0.00000 0.00000 0.00000
0.00000 0.00000 0.00000 0.00000 0.00000 0.00000 0.00000 0.00000 0.00000 0.00000 0.00000 0.00000 0.00000 0.00000 0.00000 0.00000 0.00000 0.00000 0.00000 0.00000 0.00000 0.00000 0.00000 0.00000 0.00000 0.00000 0.00000 0.00000 0.00000 0.00000 0.00000 0.00000 0.00000 0.00000 0.00000 0.00186 0.00559 0.00938 0.01312 0.01682 0.02069 0.02453 0.02817 0.03201 0.03603 0.07372 0.14554 0.21878 0.29222 0.36301 0.43580 0.51239 0.58695 0.65701 0.73098 0.77348 0.77436 0.77313 0.77682 0.77850 0.77689 0.78107 0.78456 0.78431 0.78521 0.78748 0.78491 0.78107 0.77991 0.77949 0.77564 0.77183 0.77175 0.77068 0.76718 0.72728 0.65423 0.57967 0.50262 0.42549 0.34999 0.27342 0.19546 0.11739 0.03928 0.00000 0.00000 0.00000 0.00000 0.00000 0.00000 0.00000 0.00000 0.00000 0.00000 0.00000 0.00000 0.00000 0.00000 0.00000 0.00000 0.00000 0.00000 0.00000 0.00000 0.00000 0.00000 0.00000 0.00000 0.00000 0.00000 0.00000 0.00000 0.00000 0.00000 0.00000 0.00000 0.00000 0.00000 0.00000 0.00000 0.00000 0.00000 0.00000 0.00000 0.00000 0.00000 0.00000 0.00000 0.00000 0.00000 0.00000 0.00000 0.00000 0.00000 0.00000 0.00000 0.00000 0.00000 0.00000 0.00000 0.00000 0.00000 0.00000 0.00000 0.00000 0.00000 0.00000 0.00000 0.00000 0.00000 0.00000 0.00000 0.00000 0.00000 0.00000 0.00000 0.00000 0.00000 0.00000 0.00000 0.00000 0.00000 0.00000 0.00000 0.00000 0.00000 0.00000 0.00000 0.00000 0.00000 0.00000 0.00000 0.00000 0.00000 0.00000 0.00000 0.00000 0.00000 0.00000 0.00000 0.00000 0.00000 0.00000 0.00000 0.00000 0.00000 0.00000 0.00000 0.00000 0.00000 0.00000 0.00000 0.00000 0.00000 0.00000 0.00000 0.00000 0.00000 0.00000 0.00000 0.00000 0.00000 0.00000 0.00000 0.00000 0.00000 0.00000 0.00000 0.00000
0.00000 0.00000 0.00000 0.00000 0.00000 0.00000 0.00000 0.00000 0.00000 0.00000 0.00000 0.00000 0.00000 0.00000 0.00000 0.00000 0.00000 0.00000 0.00000 0.00000 0.00000 0.00000 0.00000 0.00000 0.00000 0.00000 0.00000 0.00000 0.00000 0.00000 0.00000 0.00000 0.00000 0.00000 0.00000 0.00561 0.01680 0.02801 0.03939 0.05085 0.06207 0.07327 0.08464 0.09651 0.10816 0.14586 0.20973 0.27574 0.34228 0.40743 0.47049 0.53669 0.60686 0.67399 0.73585 0.76943 0.77660 0.77690 0.77478 0.77794 0.78281 0.78227 0.78219 0.78522 0.78956 0.78488 0.77293 0.76182 0.75353 0.74516 0.73409 0.72095 0.71054 0.70372 0.69355 0.65192 0.58435 0.51948 0.45160 0.38154 0.31274 0.24495 0.17553 0.10521 0.03515 0.00000 0.00000 0.00000 0.00000 0.00000 0.00000 0.00000 0.00000 0.00000 0.00000 0.00000 0.00000 0.00000 0.00000 0.00000 0.00000 0.00000 0.00000 0.00000 0.00000 0.00000 0.00000 0.00000 0.00000 0.00000 0.00000 0.00000 0.00000 0.00000 0.00000 0.00000 0.00000 0.00000 0.00000 0.00000 0.00000 0.00000 0.00000 0.00000 0.00000 0.00000 0.00000 0.00000 0.00000 0.00000 0.00000 0.00000 0.00000 0.00000 0.00000 0.00000 0.00000 0.00000 0.00000 0.00000 0.00000 0.00000 0.00000 0.00000 0.00000 0.00000 0.00000 0.00000 0.00000 0.00000 0.00000 0.00000 0.00000 0.00000 0.00000 0.00000 0.00000 0.00000 0.00000 0.00000 0.00000 0.00000 0.00000 0.00000 0.00000 0.00000 0.00000 0.00000 0.00000 0.00000 0.00000 0.00000 0.00000 0.00000 0.00000 0.00000 0.00000 0.00000 0.00000 0.00000 0.00000 0.00000 0.00000 0.00000 0.00000 0.00000 0.00000 0.00000 0.00000 0.00000 0.00000 0.00000 0.00000 0.00000 0.00000 0.00000 0.00000 0.00000 0.00000 0.00000 0.00000 0.00000 0.00000 0.00000 0.00000 0.00000 0.00000 0.00000 0.00000 0.00000
0.00000 0.00000 0.00000 0.00000 0.00000 0.00000 0.00000 0.00000 0.00000 0.00000 0.00000 0.00000 0.00000 0.00000 0.00000 0.00000 0.00000 0.00000 0.00000 0.00000 0.00000 0.00000 0.00000 0.00000 0.00000 0.00000 0.00000 0.00000 0.00000 0.00000 0.00000 0.00000 0.00000 0.00000 0.00000 0.00936 0.02816 0.04673 0.06562 0.08476 0.10344 0.12224 0.14192 0.16082 0.17939 0.21827 0.27648 0.33239 0.38982 0.45029 0.50933 0.56398 0.62272 0.68620 0.74427 0.77120 0.77425 0.77886 0.77698 0.77870 0.78271 0.78410 0.78406 0.78699 0.78896 0.78115 0.76347 0.74530 0.72537 0.70771 0.69124 0.67237 0.65227 0.63360 0.61694 0.57821 0.51732 0.45719 0.39852 0.33835 0.27692 0.21575 0.15484 0.09321 0.03112 0.00000 0.00000 0.00000 0.00000 0.00000 0.00000 0.00000 0.00000 0.00000 0.00000 0.00000 0.00000 0.00000 0.00000 0.00000 0.00000 0.00000 0.00000 0.00000 0.00000 0.00000 0.00000 0.00000 0.00000 0.00000 0.00000 0.00000 0.00000 0.00000 0.00000 0.00000 0.00000 0.00000 0.00000 0.00000 0.00000 0.00000 0.00000 0.00000 0.00000 0.00000 0.00000 0.00000 0.00000 0.00000 0.00000 0.00000 0.00000 0.00000 0.00000 0.00000 0.00000 0.00000 0.00000 0.00000 0.00000 0.00000 0.00000 0.00000 0.00000 0.00000 0.00000 0.00000 0.00000 0.00000 0.00000 0.00000 0.00000 0.00000 0.00000 0.00000 0.00000 0.00000 0.00000 0.00000 0.00000 0.00000 0.00000 0.00000 0.00000 0.00000 0.00000 0.00000 0.00000 0.00000 0.00000 0.00000 0.00000 0.00000 0.00000 0.00000 0.00000 0.00000 0.00000 0.00000 0.00000 0.00000 0.00000 0.00000 0.00000 0.00000 0.00000 0.00000 0.00000 0.00000 0.00000 0.00000 0.00000 0.00000 0.00000 0.00000 0.00000 0.00000 0.00000 0.00000 0.00000 0.00000 0.00000 0.00000 0.00000 0.00000 0.00000 0.00000 0.00000 0.00000
0.00000 0.00000 0.00000 0.00000 0.00000 0.00000 0.00000 0.00000 0.00000 0.00000 0.00000 0.00000 0.00000 0.00000 0.00000 0.00000 0.00000 0.00000 0.00000 0.00000 0.00000 0.00000 0.00000 0.00000 0.00000 0.00000 0.00000 0.00000 0.00000 0.00000 0.00000 0.00000 0.00000 0.00000 0.00000 0.01307 0.03935 0.06586 0.09209 0.11810 0.14483 0.17230 0.19896 0.22490 0.25111 0.29095 0.34188 0.39104 0.43929 0.49076 0.54456 0.59579 0.64260 0.69321 0.75028 0.77676 0.77384 0.77578 0.78206 0.78185 0.78034 0.78321 0.78870 0.79023 0.78807 0.77569 0.75461 0.72818 0.69911 0.67099 0.64603 0.62183 0.59487 0.56580 0.53881 0.50214 0.45059 0.39690 0.34467 0.29379 0.24107 0.18725 0.13407 0.08096 0.02706 0.00000 0.00000 0.00000 0.00000 0.00000 0.00000 0.00000 0.00000 0.00000 0.00000 0.00000 0.00000 0.00000 0.00000 0.00000 0.00000 0.00000 0.00000 0.00000 0.00000 0.00000 0.00000 0.00000 0.00000 0.00000 0.00000 0.00000 0.00000 0.00000 0.00000 0.00000 0.00000 0.00000 0.00000 0.00000 0.00000 0.00000 0.00000 0.00000 0.00000 0.00000 0.00000 0.00000 0.00000 0.00000 0.00000 0.00000 0.00000 0.00000 0.00000 0.00000 0.00000 0.00000 0.00000 0.00000 0.00000 0.00000 0.00000 0.00000 0.00000 0.00000 0.00000 0.00000 0.00000 0.00000 0.00000 0.00000 0.00000 0.00000 0.00000 0.00000 0.00000 0.00000 0.00000 0.00000 0.00000 0.00000 0.00000 0.00000 0.00000 0.00000 0.00000 0.00000 0.00000 0.00000 0.00000 0.00000 0.00000 0.00000 0.00000 0.00000 0.00000 0.00000 0.00000 0.00000 0.00000 0.00000 0.00000 0.00000 0.00000 0.00000 0.00000 0.00000 0.00000 0.00000 0.00000 0.00000 0.00000 0.00000 0.00000 0.00000 0.00000 0.00000 0.00000 0.00000 0.00000 0.00000 0.00000 0.00000 0.00000 0.00000 0.00000 0.00000 0.00000 0.00000
0.00000 0.00000 0.00000 0.00000 0.00000 0.00000 0.00000 0.00000 0.00000 0.00000 0.00000 0.00000 0.00000 0.00000 0.00000 0.00000 0.00000 0.00000 0.00000 0.00000 0.00000 0.00000 0.00000 0.00000 0.00000 0.00000 0.00000 0.00000 0.00000 0.00000 0.00000 0.00000 0.00000 0.00000 0.00000 0.01683 0.05048 0.08462 0.11876 0.15229 0.18675 0.22124 0.25501 0.28984 0.32544 0.36267 0.40465 0.44943 0.49334 0.53264 0.57577 0.62351 0.66686 0.70587 0.75110 0.77872 0.77716 0.77653 0.78029 0.78431 0.78351 0.78452 0.78671 0.79056 0.79242 0.77420 0.73860 0.70889 0.67458 0.63765 0.60190 0.56872 0.53531 0.49962 0.46319 0.42397 0.38156 0.33748 0.29250 0.24810 0.20408 0.15912 0.11378 0.06846 0.02291 0.00000 0.00000 0.00000 0.00000 0.00000 0.00000 0.00000 0.00000 0.00000 0.00000 0.00000 0.00000 0.00000 0.00000 0.00000 0.00000 0.00000 0.00000 0.00000 0.00000 0.00000 0.00000 0.00000 0.00000 0.00000 0.00000 0.00000 0.00000 0.00000 0.00000 0.00000 0.00000 0.00000 0.00000 0.00000 0.00000 0.00000 0.00000 0.00000 0.00000 0.00000 0.00000 0.00000 0.00000 0.00000 0.00000 0.00000 0.00000 0.00000 0.00000 0.00000 0.00000 0.00000 0.00000 0.00000 0.00000 0.00000 0.00000 0.00000 0.00000 0.00000 0.00000 0.00000 0.00000 0.00000 0.00000 0.00000 0.00000 0.00000 0.00000 0.00000 0.00000 0.00000 0.00000 0.00000 0.00000 0.00000 0.00000 0.00000 0.00000 0.00000 0.00000 0.00000 0.00000 0.00000 0.00000 0.00000 0.00000 0.00000 0.00000 0.00000 0.00000 0.00000 0.00000 0.00000 0.00000 0.00000 0.00000 0.00000 0.00000 0.00000 0.00000 0.00000 0.00000 0.00000 0.00000 0.00000 0.00000 0.00000 0.00000 0.00000 0.00000 0.00000 0.00000 0.00000 0.00000 0.00000 0.00000 0.00000 0.00000 0.00000 0.00000 0.00000 0.00000 0.00000
0.00000 0.00000 0.00000 0.00000 0.00000 0.00000 0.00000 0.00000 0.00000 0.00000 0.00000 0.00000 0.00000 0.00000 0.00000 0.00000 0.00000 0.00000 0.00000 0.00000 0.00000 0.00000 0.00000 0.00000 0.00000 0.00000 0.00000 0.00000 0.00000 0.00000 0.00000 0.00000 0.00000 0.00000 0.00000 0.02066 0.06195 0.10303 0.14479 0.18745 0.22893 0.26958 0.31140 0.35582 0.39864 0.43557 0.46902 0.50653 0.54378 0.57830 0.61082 0.64672 0.68700 0.72323 0.75539 0.77446 0.78069 0.78076 0.77900 0.78190 0.78784 0.78849 0.78606 0.78713 0.79502 0.77407 0.72777 0.68559 0.64690 0.60390 0.56062 0.51642 0.47347 0.43188 0.38842 0.34737 0.31140 0.27673 0.24052 0.20328 0.16668 0.13052 0.09346 0.05605 0.01874 0.00000 0.00000 0.00000 0.00000 0.00000 0.00000 0.00000 0.00000 0.00000 0.00000 0.00000 0.00000 0.00000 0.00000 0.00000 0.00000 0.00000 0.00000 0.00000 0.00000 0.00000 0.00000 0.00000 0.00000 0.00000 0.00000 0.00000 0.00000 0.00000 0.00000 0.00000 0.00000 0.00000 0.00000 0.00000 0.00000 0.00000 0.00000 0.00000 0.00000 0.00000 0.00000 0.00000 0.00000 0.00000 0.00000 0.00000 0.00000 0.00000 0.00000 0.00000 0.00000 0.00000 0.00000 0.00000 0.00000 0.00000 0.00000 0.00000 0.00000 0.00000 0.00000 0.00000 0.00000 0.00000 0.00000 0.00000 0.00000 0.00000 0.00000 0.00000 0.00000 0.00000 0.00000 0.00000 0.00000 0.00000 0.00000 0.00000 0.00000 0.00000 0.00000 0.00000 0.00000 0.00000 0.00000 0.00000 0.00000 0.00000 0.00000 0.00000 0.00000 0.00000 0.00000 0.00000 0.00000 0.00000 0.00000 0.00000 0.00000 0.00000 0.00000 0.00000 0.00000 0.00000 0.00000 0.00000 0.00000 0.00000 0.00000 0.00000 0.00000 0.00000 0.00000 0.00000 0.00000 0.00000 0.00000 0.00000 0.00000 0.00000 0.00000 0.00000 0.00000 0.00000
0.00000 0.00000 0.00000 0.00000 0.00000 0.00000 0.00000 0.00000 0.00000 0.00000 0.00000 0.00000 0.00000 0.00000 0.00000 0.00000 0.00000 0.00000 0.00000 0.00000 0.00000 0.00000 0.00000 0.00000 0.00000 0.00000 0.00000 0.00000 0.00000 0.00000 0.00000 0.00000 0.00000 0.00000 0.00000 0.02441 0.07357 0.12217 0.17103 0.22101 0.27064 0.31971 0.37010 0.41949 0.46915 0.50958 0.53798 0.56269 0.59016 0.62224 0.65079 0.67385 0.70278 0.73653 0.76291 0.77447 0.77826 0.78406 0.78254 0.78216 0.78500 0.79017 0.79073 0.78982 0.78963 0.77175 0.72085 0.66669 0.61643 0.56886 0.51820 0.46562 0.41361 0.36266 0.31167 0.27130 0.24280 0.21487 0.18726 0.15877 0.13000 0.10142 0.07276 0.04375 0.01461 0.00000 0.00000 0.00000 0.00000 0.00000 0.00000 0.00000 0.00000 0.00000 0.00000 0.00000 0.00000 0.00000 0.00000 0.00000 0.00000 0.00000 0.00000 0.00000 0.00000 0.00000 0.00000 0.00000 0.00000 0.00000 0.00000 0.00000 0.00000 0.00000 0.00000 0.00000 0.00000 0.00000 0.00000 0.00000 0.00000 0.00000 0.00000 0.00000 0.00000 0.00000 0.00000 0.00000 0.00000 0.00000 0.00000 0.00000 0.00000 0.00000 0.00000 0.00000 0.00000 0.00000 0.00000 0.00000 0.00000 0.00000 0.00000 0.00000 0.00000 0.00000 0.00000 0.00000 0.00000 0.00000 0.00000 0.00000 0.00000 0.00000 0.00000 0.00000 0.00000 0.00000 0.00000 0.00000 0.00000 0.00000 0.00000 0.00000 0.00000 0.00000 0.00000 0.00000 0.00000 0.00000 0.00000 0.00000 0.00000 0.00000 0.00000 0.00000 0.00000 0.00000 0.00000 0.00000 0.00000 0.00000 0.00000 0.00000 0.00000 0.00000 0.00000 0.00000 0.00000 0.00000 0.00000 0.00000 0.00000 0.00000 0.00000 0.00000 0.00000 0.00000 0.00000 0.00000 0.00000 0.00000 0.00000 0.00000 0.00000 0.00000 0.00000 0.00000 0.00000 0.00000
0.00000 0.00000 0.00000 0.00000 0.00000 0.00000 0.00000 0.00000 0.00000 0.00000 0.00000 0.00000 0.00000 0.00000 0.00000 0.00000 0.00000 0.00000 0.00000 0.00000 0.00000 0.00000 0.00000 0.00000 0.00000 0.00000 0.00000 0.00000 0.00000 0.00000 0.00000 0.00000 0.00000 0.00000 0.00000 0.02811 0.08458 0.14170 0.19832 0.25401 0.31138 0.37112 0.42844 0.48375 0.54052 0.58350 0.60440 0.62198 0.64042 0.66299 0.68587 0.70516 0.72350 0.74464 0.76879 0.77888 0.77796 0.78108 0.78621 0.78585 0.78433 0.78723 0.79376 0.79351 0.79184 0.76415 0.71044 0.65014 0.59040 0.53188 0.47319 0.41444 0.35486 0.29413 0.23364 0.19425 0.17432 0.15373 0.13346 0.11368 0.09327 0.07251 0.05193 0.03134 0.01047 0.00000 0.00000 0.00000 0.00000 0.00000 0.00000 0.00000 0.00000 0.00000 0.00000 0.00000 0.00000 0.00000 0.00000 0.00000 0.00000 0.00000 0.00000 0.00000 0.00000 0.00000 0.00000 0.00000 0.00000 0.00000 0.00000 0.00000 0.00000 0.00000 0.00000 0.00000 0.00000 0.00000 0.00000 0.00000 0.00000 0.00000 0.00000 0.00000 0.00000 0.00000 0.00000 0.00000 0.00000 0.00000 0.00000 0.00000 0.00000 0.00000 0.00000 0.00000 0.00000 0.00000 0.00000 0.00000 0.00000 0.00000 0.00000 0.00000 0.00000 0.00000 0.00000 0.00000 0.00000 0.00000 0.00000 0.00000 0.00000 0.00000 0.00000 0.00000 0.00000 0.00000 0.00000 0.00000 0.00000 0.00000 0.00000 0.00000 0.00000 0.00000 0.00000 0.00000 0.00000 0.00000 0.00000 0.00000 0.00000 0.00000 0.00000 0.00000 0.00000 0.00000 0.00000 0.00000 0.00000 0.00000 0.00000 0.00000 0.00000 0.00000 0.00000 0.00000 0.00000 0.00000 0.00000 0.00000 0.00000 0.00000 0.00000 0.00000 0.00000 0.00000 0.00000 0.00000 0.00000 0.00000 0.00000 0.00000 0.00000 0.00000 0.00000 0.00000 0.00000 0.00000
0.00000 0.00000 0.00000 0.00000 0.00000 0.00000 0.00000 0.00000 0.00000 0.00000 0.00000 0.00000 0.00000 0.00000 0.00000 0.00000 0.00000 0.00000 0.00000 0.00000 0.00000 0.00000 0.00000 0.00000 0.00000 0.00000 0.00000 0.00000 0.00000 0.00000 0.00000 0.00000 0.00000 0.00000 0.00000 0.03194 0.09558 0.16040 0.22552 0.28908 0.35368 0.41937 0.48491 0.55032 0.61665 0.65393 0.66693 0.68232 0.69513 0.70382 0.71751 0.73484 0.74638 0.75581 0.77096 0.78226 0.78112 0.78010 0.78393 0.78924 0.78871 0.78767 0.78961 0.79655 0.79666 0.76096 0.69508 0.63286 0.56517 0.49613 0.42890 0.36236 0.29475 0.22578 0.15678 0.11644 0.10476 0.09258 0.08029 0.06814 0.05602 0.04366 0.03123 0.01880 0.00629 0.00000 0.00000 0.00000 0.00000 0.00000 0.00000 0.00000 0.00000 0.00000 0.00000 0.00000 0.00000 0.00000 0.00000 0.00000 0.00000 0.00000 0.00000 0.00000 0.00000 0.00000 0.00000 0.00000 0.00000 0.00000 0.00000 0.00000 0.00000 0.00000 0.00000 0.00000 0.00000 0.00000 0.00000 0.00000 0.00000 0.00000 0.00000 0.00000 0.00000 0.00000 0.00000 0.00000 0.00000 0.00000 0.00000 0.00000 0.00000 0.00000 0.00000 0.00000 0.00000 0.00000 0.00000 0.00000 0.00000 0.00000 0.00000 0.00000 0.00000 0.00000 0.00000 0.00000 0.00000 0.00000 0.00000 0.00000 0.00000 0.00000 0.00000 0.00000 0.00000 0.00000 0.00000 0.00000 0.00000 0.00000 0.00000 0.00000 0.00000 0.00000 0.00000 0.00000 0.00000 0.00000 0.00000 0.00000 0.00000 0.00000 0.00000 0.00000 0.00000 0.00000 0.00000 0.00000 0.00000 0.00000 0.00000 0.00000 0.00000 0.00000 0.00000 0.00000 0.00000 0.00000 0.00000 0.00000 0.00000 0.00000 0.00000 0.00000 0.00000 0.00000 0.00000 0.00000 0.00000 0.00000 0.00000 0.00000 0.00000 0.00000 0.00000 0.00000 0.00000 0.00000
0.00000 0.00000 0.00000 0.00000 0.00000 0.00000 0.00000 0.00000 0.00000 0.00000 0.00000 0.00000 0.00000 0.00000 0.00000 0.00000 0.00000 0.00000 0.00000 0.00000 0.00000 0.00000 0.00000 0.00000 0.00000 0.00000 0.00000 0.00000 0.00000 0.00000 0.00000 0.00000 0.00000 0.00000 0.00000 0.03578 0.10750 0.17873 0.25099 0.32492 0.39720 0.46737 0.54010 0.61805 0.69159 0.72705 0.73098 0.74089 0.74668 0.74860 0.75318 0.76043 0.76712 0.77075 0.77556 0.78039 0.78355 0.78356 0.78323 0.78722 0.79157 0.79108 0.79015 0.79371 0.79905 0.76029 0.68484 0.61135 0.53721 0.46166 0.38611 0.30992 0.23331 0.15701 0.07978 0.03889 0.03483 0.03093 0.02689 0.02275 0.01865 0.01459 0.01045 0.00627 0.00210 0.00000 0.00000 0.00000 0.00000 0.00000 0.00000 0.00000 0.00000 0.00000 0.00000 0.00000 0.00000 0.00000 0.00000 0.00000 0.00000 0.00000 0.00000 0.00000 0.00000 0.00000 0.00000 0.00000 0.00000 0.00000 0.00000 0.00000 0.00000 0.00000 0.00000 0.00000 0.00000 0.00000 0.00000 0.00000 0.00000 0.00000 0.00000 0.00000 0.00000 0.00000 0.00000 0.00000 0.00000 0.00000 0.00000 0.00000 0.00000 0.00000 0.00000 0.00000 0.00000 0.00000 0.00000 0.00000 0.00000 0.00000 0.00000 0.00000 0.00000 0.00000 0.00000 0.00000 0.00000 0.00000 0.00000 0.00000 0.00000 0.00000 0.00000 0.00000 0.00000 0.00000 0.00000 0.00000 0.00000 0.00000 0.00000 0.00000 0.00000 0.00000 0.00000 0.00000 0.00000 0.00000 0.00000 0.00000 0.00000 0.00000 0.00000 0.00000 0.00000 0.00000 0.00000 0.00000 0.00000 0.00000 0.00000 0.00000 0.00000 0.00000 0.00000 0.00000 0.00000 0.00000 0.00000 0.00000 0.00000 0.00000 0.00000 0.00000 0.00000 0.00000 0.00000 0.00000 0.00000 0.00000 0.00000 0.00000 0.00000 0.00000 0.00000 0.00000 0.00000 0.00000
0.00000 0.00000 0.00000 0.00000 0.00000 0.00000 0.00000 0.00000 0.00000 0.00000 0.00000 0.00000 0.00000 0.00000 0.00000 0.00000 0.00000 0.00000 0.00000 0.00000 0.00000 0.00000 0.00000 0.00000 0.00000 0.00000 0.00000 0.00000 0.00000 0.00000 0.00000 0.00000 0.00000 0.00000 0.00000 0.03769 0.11368 0.18871 0.26392 0.34146 0.41885 0.49399 0.57086 0.64828 0.72683 0.76676 0.76785 0.76667 0.76970 0.77369 0.77368 0.77241 0.77604 0.78021 0.77947 0.77701 0.77713 0.77719 0.77296 0.76820 0.76786 0.76889 0.76484 0.75921 0.75803 0.72404 0.64800 0.57094 0.49645 0.42265 0.34670 0.26973 0.19306 0.11627 0.03895 0.00000 0.00000 0.00000 0.00000 0.00000 0.00000 0.00000 0.00000 0.00000 0.00000 0.00000 0.00000 0.00000 0.00000 0.00000 0.00000 0.00000 0.00000 0.00000 0.00000 0.00000 0.00000 0.00000 0.00000 0.00000 0.00000 0.00000 0.00000 0.00000 0.00000 0.00000 0.00000 0.00000 0.00000 0.00000 0.00000 0.00000 0.00000 0.00000 0.00000 0.00000 0.00000 0.00000 0.00000 0.00000 0.00000 0.00000 0.00000 0.00000 0.00000 0.00000 0.00000 0.00000 0.00000 0.00000 0.00000 0.00000 0.00000 0.00000 0.00000 0.00000 0.00000 0.00000 0.00000 0.00000 0.00000 0.00000 0.00000 0.00000 0.00000 0.00000 0.00000 0.00000 0.00000 0.00000 0.00000 0.00000 0.00000 0.00000 0.00000 0.00000 0.00000 0.00000 0.00000 0.00000 0.00000 0.00000 0.00000 0.00000 0.00000 0.00000 0.00000 0.00000 0.00000 0.00000 0.00000 0.00000 0.00000 0.00000 0.00000 0.00000 0.00000 0.00000 0.00000 0.00000 0.00000 0.00000 0.00000 0.00000 0.00000 0.00000 0.00000 0.00000 0.00000 0.00000 0.00000 0.00000 0.00000 0.00000 0.00000 0.00000 0.00000 0.00000 0.00000 0.00000 0.00000 0.00000 0.00000 0.00000 0.00000 0.00000 0.00000 0.00000 0.00000 0.00000
0.00000 0.00000 0.00000 0.00000 0.00000 0.00000 0.00000 0.00000 0.00000 0.00000 0.00000 0.00000 0.00000 0.00000 0.00000 0.00000 0.00000 0.00000 0.00000 0.00000 0.00000 0.00000 0.00000 0.00000 0.00000 0.00000 0.00000 0.00000 0.00000 0.00000 0.00000 0.00000 0.00000 0.00000 0.00000 0.03768 0.11317 0.18947 0.26553 0.34023 0.41700 0.49686 0.57359 0.64713 0.72420 0.76966 0.77079 0.76775 0.76903 0.77400 0.77561 0.77440 0.77660 0.77963 0.78149 0.77559 0.76535 0.75699 0.74743 0.73566 0.72407 0.71606 0.70710 0.69489 0.68336 0.64657 0.58049 0.51277 0.44552 0.37816 0.30999 0.24196 0.17341 0.10424 0.03477 0.00000 0.00000 0.00000 0.00000 0.00000 0.00000 0.00000 0.00000 0.00000 0.00000 0.00000 0.00000 0.00000 0.00000 0.00000 0.00000 0.00000 0.00000 0.00000 0.00000 0.00000 0.00000 0.00000 0.00000 0.00000 0.00000 0.00000 0.00000 0.00000 0.00000 0.00000 0.00000 0.00000 0.00000 0.00000 0.00000 0.00000 0.00000 0.00000 0.00000 0.00000 0.00000 0.00000 0.00000 0.00000 0.00000 0.00000 0.00000 0.00000 0.00000 0.00000 0.00000 0.00000 0.00000 0.00000 0.00000 0.00000 0.00000 0.00000 0.00000 0.00000 0.00000 0.00000 0.00000 0.00000 0.00000 0.00000 0.00000 0.00000 0.00000 0.00000 0.00000 0.00000 0.00000 0.00000 0.00000 0.00000 0.00000 0.00000 0.00000 0.00000 0.00000 0.00000 0.00000 0.00000 0.00000 0.00000 0.00000 0.00000 0.00000 0.00000 0.00000 0.00000 0.00000 0.00000 0.00000 0.00000 0.00000 0.00000 0.00000 0.00000 0.00000 0.00000 0.00000 0.00000 0.00000 0.00000 0.00000 0.00000 0.00000 0.00000 0.00000 0.00000 0.00000 0.00000 0.00000 0.00000 0.00000 0.00000 0.00000 0.00000 0.00000 0.00000 0.00000 0.00000 0.00000 0.00000 0.00000 0.00000 0.00000 0.00000 0.00000 0.00000 0.00000 0.00000
0.00000 0.00000 0.00000 0.00000 0.00000 0.00000 0.00000 0.00000 0.00000 0.00000 0.00000 0.00000 0.00000 0.00000 0.00000 0.00000 0.00000 0.00000 0.00000 0.00000 0.00000 0.00000 0.00000 0.00000 0.00000 0.00000 0.00000 0.00000 0.00000 0.00000 0.00000 0.00000 0.00000 0.00000 0.00000 0.03772 0.11290 0.18956 0.26653 0.34137 0.41725 0.49593 0.57422 0.64983 0.72710 0.76704 0.76990 0.77150 0.77158 0.77183 0.77558 0.77821 0.77758 0.77829 0.78222 0.77520 0.75523 0.73601 0.71994 0.70311 0.68352 0.66303 0.64641 0.63013 0.61039 0.56957 0.51169 0.45418 0.39433 0.33369 0.27379 0.21390 0.15334 0.09211 0.03077 0.00000 0.00000 0.00000 0.00000 0.00000 0.00000 0.00000 0.00000 0.00000 0.00000 0.00000 0.00000 0.00000 0.00000 0.00000 0.00000 0.00000 0.00000 0.00000 0.00000 0.00000 0.00000 0.00000 0.00000 0.00000 0.00000 0.00000 0.00000 0.00000 0.00000 0.00000 0.00000 0.00000 0.00000 0.00000 0.00000 0.00000 0.00000 0.00000 0.00000 0.00000 0.00000 0.00000 0.00000 0.00000 0.00000 0.00000 0.00000 0.00000 0.00000 0.00000 0.00000 0.00000 0.00000 0.00000 0.00000 0.00000 0.00000 0.00000 0.00000 0.00000 0.00000 0.00000 0.00000 0.00000 0.00000 0.00000 0.00000 0.00000 0.00000 0.00000 0.00000 0.00000 0.00000 0.00000 0.00000 0.00000 0.00000 0.00000 0.00000 0.00000 0.00000 0.00000 0.00000 0.00000 0.00000 0.00000 0.00000 0.00000 0.00000 0.00000 0.00000 0.00000 0.00000 0.00000 0.00000 0.00000 0.00000 0.00000 0.00000 0.00000 0.00000 0.00000 0.00000 0.00000 0.00000 0.00000 0.00000 0.00000 0.00000 0.00000 0.00000 0.00000 0.00000 0.00000 0.00000 0.00000 0.00000 0.00000 0.00000 0.00000 0.00000 0.00000 0.00000 0.00000 0.00000 0.00000 0.00000 0.00000 0.00000 0.00000 0.00000 0.00000 0.00000 0.00000
0.00000 0.00000 0.00000 0.00000 0.00000 0.00000 0.00000 0.00000 0.00000 0.00000 0.00000 0.00000 0.00000 0.00000 0.00000 0.00000 0.00000 0.00000 0.00000 0.00000 0.00000 0.00000 0.00000 0.00000 0.00000 0.00000 0.00000 0.00000 0.00000 0.00000 0.00000 0.00000 0.00000 0.00000 0.00000 0.03778 0.11366 0.18915 0.26531 0.34317 0.41967 0.49401 0.57176 0.65331 0.73072 0.76628 0.76776 0.77325 0.77443 0.77296 0.77523 0.77861 0.77985 0.77968 0.78239 0.77156 0.74539 0.71806 0.69222 0.66764 0.64133 0.61383 0.58694 0.56181 0.53507 0.49554 0.44448 0.39363 0.34181 0.28998 0.23806 0.18564 0.13275 0.07996 0.02676 0.00000 0.00000 0.00000 0.00000 0.00000 0.00000 0.00000 0.00000 0.00000 0.00000 0.00000 0.00000 0.00000 0.00000 0.00000 0.00000 0.00000 0.00000 0.00000 0.00000 0.00000 0.00000 0.00000 0.00000 0.00000 0.00000 0.00000 0.00000 0.00000 0.00000 0.00000 0.00000 0.00000 0.00000 0.00000 0.00000 0.00000 0.00000 0.00000 0.00000 0.00000 0.00000 0.00000 0.00000 0.00000 0.00000 0.00000 0.00000 0.00000 0.00000 0.00000 0.00000 0.00000 0.00000 0.00000 0.00000 0.00000 0.00000 0.00000 0.00000 0.00000 0.00000 0.00000 0.00000 0.00000 0.00000 0.00000 0.00000 0.00000 0.00000 0.00000 0.00000 0.00000 0.00000 0.00000 0.00000 0.00000 0.00000 0.00000 0.00000 0.00000 0.00000 0.00000 0.00000 0.00000 0.00000 0.00000 0.00000 0.00000 0.00000 0.00000 0.00000 0.00000 0.00000 0.00000 0.00000 0.00000 0.00000 0.00000 0.00000 0.00000 0.00000 0.00000 0.00000 0.00000 0.00000 0.00000 0.00000 0.00000 0.00000 0.00000 0.00000 0.00000 0.00000 0.00000 0.00000 0.00000 0.00000 0.00000 0.00000 0.00000 0.00000 0.00000 0.00000 0.00000 0.00000 0.00000 0.00000 0.00000 0.00000 0.00000 0.00000 0.00000 0.00000 0.00000
0.00000 0.00000 0.00000 0.00000 0.00000 0.00000 0.00000 0.00000 0.00000 0.00000 0.00000 0.00000 0.00000 0.00000 0.00000 0.00000 0.00000 0.00000 0.00000 0.00000 0.00000 0.00000 0.00000 0.00000 0.00000 0.00000 0.00000 0.00000 0.00000 0.00000 0.00000 0.00000 0.00000 0.00000 0.00000 0.03785 0.11409 0.18937 0.26502 0.34318 0.42102 0.49581 0.57227 0.65261 0.73153 0.76888 0.76963 0.77236 0.77500 0.77591 0.77581 0.77755 0.78131 0.78303 0.78259 0.76655 0.73489 0.70130 0.66582 0.63091 0.59819 0.56443 0.52896 0.49291 0.45903 0.42091 0.37721 0.33285 0.28942 0.24607 0.20187 0.15718 0.11258 0.06774 0.02267 0.00000 0.00000 0.00000 0.00000 0.00000 0.00000 0.00000 0.00000 0.00000 0.00000 0.00000 0.00000 0.00000 0.00000 0.00000 0.00000 0.00000 0.00000 0.00000 0.00000 0.00000 0.00000 0.00000 0.00000 0.00000 0.00000 0.00000 0.00000 0.00000 0.00000 0.00000 0.00000 0.00000 0.00000 0.00000 0.00000 0.00000 0.00000 0.00000 0.00000 0.00000 0.00000 0.00000 0.00000 0.00000 0.00000 0.00000 0.00000 0.00000 0.00000 0.00000 0.00000 0.00000 0.00000 0.00000 0.00000 0.00000 0.00000 0.00000 0.00000 0.00000 0.00000 0.00000 0.00000 0.00000 0.00000 0.00000 0.00000 0.00000 0.00000 0.00000 0.00000 0.00000 0.00000 0.00000 0.00000 0.00000 0.00000 0.00000 0.00000 0.00000 0.00000 0.00000 0.00000 0.00000 0.00000 0.00000 0.00000 0.00000 0.00000 0.00000 0.00000 0.00000 0.00000 0.00000 0.00000 0.00000 0.00000 0.00000 0.00000 0.00000 0.00000 0.00000 0.00000 0.00000 0.00000 0.00000 0.00000 0.00000 0.00000 0.00000 0.00000 0.00000 0.00000 0.00000 0.00000 0.00000 0.00000 0.00000 0.00000 0.00000 0.00000 0.00000 0.00000 0.00000 0.00000 0.00000 0.00000 0.00000 0.00000 0.00000 0.00000 0.00000 0.00000 0.00000
0.00000 0.00000 0.00000 0.00000 0.00000 0.00000 0.00000 0.00000 0.00000 0.00000 0.00000 0.00000 0.00000 0.00000 0.00000 0.00000 0.00000 0.00000 0.00000 0.00000 0.00000 0.00000 0.00000 0.00000 0.00000 0.00000 0.00000 0.00000 0.00000 0.00000 0.00000 0.00000 0.00000 0.00000 0.00000 0.03786 0.11359 0.19012 0.26666 0.34203 0.41930 0.49874 0.57546 0.65002 0.72945 0.77255 0.77280 0.77173 0.77443 0.77747 0.77814 0.77844 0.78130 0.78391 0.78489 0.76365 0.72303 0.68232 0.63973 0.59651 0.55457 0.51306 0.46983 0.42637 0.38342 0.34460 0.30880 0.27308 0.23746 0.20154 0.16514 0.12883 0.09238 0.05560 0.01853 0.00000 0.00000 0.00000 0.00000 0.00000 0.00000 0.00000 0.00000 0.00000 0.00000 0.00000 0.00000 0.00000 0.00000 0.00000 0.00000 0.00000 0.00000 0.00000 0.00000 0.00000 0.00000 0.00000 0.00000 0.00000 0.00000 0.00000 0.00000 0.00000 0.00000 0.00000 0.00000 0.00000 0.00000 0.00000 0.00000 0.00000 0.00000 0.00000 0.00000 0.00000 0.00000 0.00000 0.00000 0.00000 0.00000 0.00000 0.00000 0.00000 0.00000 0.00000 0.00000 0.00000 0.00000 0.00000 0.00000 0.00000 0.00000 0.00000 0.00000 0.00000 0.00000 0.00000 0.00000 0.00000 0.00000 0.00000 0.00000 0.00000 0.00000 0.00000 0.00000 0.00000 0.00000 0.00000 0.00000 0.00000 0.00000 0.00000 0.00000 0.00000 0.00000 0.00000 0.00000 0.00000 0.00000 0.00000 0.00000 0.00000 0.00000 0.00000 0.00000 0.00000 0.00000 0.00000 0.00000 0.00000 0.00000 0.00000 0.00000 0.00000 0.00000 0.00000 0.00000 0.00000 0.00000 0.00000 0.00000 0.00000 0.00000 0.00000 0.00000 0.00000 0.00000 0.00000 0.00000 0.00000 0.00000 0.00000 0.00000 0.00000 0.00000 0.00000 0.00000 0.00000 0.00000 0.00000 0.00000 0.00000 0.00000 0.00000 0.00000 0.00000 0.00000 0.00000
0.00000 0.00000 0.00000 0.00000 0.00000 0.00000 0.00000 0.00000 0.00000 0.00000 0.00000 0.00000 0.00000 0.00000 0.00000 0.00000 0.00000 0.00000 0.00000 0.00000 0.00000 0.00000 0.00000 0.00000 0.00000 0.00000 0.00000 0.00000 0.00000 0.00000 0.00000 0.00000 0.00000 0.00000 0.00000 0.03788 0.11344 0.19038 0.26761 0.34267 0.41887 0.49877 0.57738 0.65187 0.72914 0.77360 0.77454 0.77307 0.77424 0.77785 0.78023 0.78084 0.78087 0.78320 0.78694 0.76271 0.71134 0.66171 0.61329 0.56302 0.51161 0.46050 0.41049 0.35962 0.30783 0.26777 0.24044 0.21307 0.18508 0.15677 0.12863 0.10043 0.07194 0.04327 0.01447 0.00000 0.00000 0.00000 0.00000 0.00000 0.00000 0.00000 0.00000 0.00000 0.00000 0.00000 0.00000 0.00000 0.00000 0.00000 0.00000 0.00000 0.00000 0.00000 0.00000 0.00000 0.00000 0.00000 0.00000 0.00000 0.00000 0.00000 0.00000 0.00000 0.00000 0.00000 0.00000 0.00000 0.00000 0.00000 0.00000 0.00000 0.00000 0.00000 0.00000 0.00000 0.00000 0.00000 0.00000 0.00000 0.00000 0.00000 0.00000 0.00000 0.00000 0.00000 0.00000 0.00000 0.00000 0.00000 0.00000 0.00000 0.00000 0.00000 0.00000 0.00000 0.00000 0.00000 0.00000 0.00000 0.00000 0.00000 0.00000 0.00000 0.00000 0.00000 0.00000 0.00000 0.00000 0.00000 0.00000 0.00000 0.00000 0.00000 0.00000 0.00000 0.00000 0.00000 0.00000 0.00000 0.00000 0.00000 0.00000 0.00000 0.00000 0.00000 0.00000 0.00000 0.00000 0.00000 0.00000 0.00000 0.00000 0.00000 0.00000 0.00000 0.00000 0.00000 0.00000 0.00000 0.00000 0.00000 0.00000 0.00000 0.00000 0.00000 0.00000 0.00000 0.00000 0.00000 0.00000 0.00000 0.00000 0.00000 0.00000 0.00000 0.00000 0.00000 0.00000 0.00000 0.00000 0.00000 0.00000 0.00000 0.00000 0.00000 0.00000 0.00000 0.00000 0.00000
0.00000 0.00000 0.00000 0.00000 0.00000 0.00000 0.00000 0.00000 0.00000 0.00000 0.00000 0.00000 0.00000 0.00000 0.00000 0.00000 0.00000 0.00000 0.00000 0.00000 0.00000 0.00000 0.00000 0.00000 0.00000 0.00000 0.00000 0.00000 0.00000 0.00000 0.00000 0.00000 0.00000 0.00000 0.00000 0.03794 0.11424 0.19012 0.26655 0.34444 0.42127 0.49657 0.57580 0.65600 0.73231 0.77012 0.77481 0.77660 0.77590 0.77724 0.78079 0.78254 0.78296 0.78392 0.78693 0.76003 0.70154 0.64267 0.58550 0.52808 0.46881 0.40940 0.35069 0.29170 0.23161 0.19171 0.17213 0.15235 0.13225 0.11220 0.09215 0.07188 0.05138 0.03091 0.01036 0.00000 0.00000 0.00000 0.00000 0.00000 0.00000 0.00000 0.00000 0.00000 0.00000 0.00000 0.00000 0.00000 0.00000 0.00000 0.00000 0.00000 0.00000 0.00000 0.00000 0.00000 0.00000 0.00000 0.00000 0.00000 0.00000 0.00000 0.00000 0.00000 0.00000 0.00000 0.00000 0.00000 0.00000 0.00000 0.00000 0.00000 0.00000 0.00000 0.00000 0.00000 0.00000 0.00000 0.00000 0.00000 0.00000 0.00000 0.00000 0.00000 0.00000 0.00000 0.00000 0.00000 0.00000 0.00000 0.00000 0.00000 0.00000 0.00000 0.00000 0.00000 0.00000 0.00000 0.00000 0.00000 0.00000 0.00000 0.00000 0.00000 0.00000 0.00000 0.00000 0.00000 0.00000 0.00000 0.00000 0.00000 0.00000 0.00000 0.00000 0.00000 0.00000 0.00000 0.00000 0.00000 0.00000 0.00000 0.00000 0.00000 0.00000 0.00000 0.00000 0.00000 0.00000 0.00000 0.00000 0.00000 0.00000 0.00000 0.00000 0.00000 0.00000 0.00000 0.00000 0.00000 0.00000 0.00000 0.00000 0.00000 0.00000 0.00000 0.00000 0.00000 0.00000 0.00000 0.00000 0.00000 0.00000 0.00000 0.00000 0.00000 0.00000 0.00000 0.00000 0.00000 0.00000 0.00000 0.00000 0.00000 0.00000 0.00000 0.00000 0.00000 0.00000 0.00000
0.00000 0.00000 0.00000 0.00000 0.00000 0.00000 0.00000 0.00000 0.00000 0.00000 0.00000 0.00000 0.00000 0.00000 0.00000 0.00000 0.00000 0.00000 0.00000 0.00000 0.00000 0.00000 0.00000 0.00000 0.00000 0.00000 0.00000 0.00000 0.00000 0.00000 0.00000 0.00000 0.00000 0.00000 0.00000 0.03798 0.11451 0.19034 0.26632 0.34468 0.42293 0.49773 0.57429 0.65666 0.73563 0.77067 0.77246 0.77905 0.77935 0.77828 0.77939 0.78269 0.78569 0.78640 0.78646 0.75528 0.69155 0.62527 0.55794 0.49164 0.42589 0.35875 0.29096 0.22311 0.15536 0.11539 0.10346 0.09141 0.07945 0.06751 0.05537 0.04315 0.03091 0.01859 0.00621 0.00000 0.00000 0.00000 0.00000 0.00000 0.00000 0.00000 0.00000 0.00000 0.00000 0.00000 0.00000 0.00000 0.00000 0.00000 0.00000 0.00000 0.00000 0.00000 0.00000 0.00000 0.00000 0.00000 0.00000 0.00000 0.00000 0.00000 0.00000 0.00000 0.00000 0.00000 0.00000 0.00000 0.00000 0.00000 0.00000 0.00000 0.00000 0.00000 0.00000 0.00000 0.00000 0.00000 0.00000 0.00000 0.00000 0.00000 0.00000 0.00000 0.00000 0.00000 0.00000 0.00000 0.00000 0.00000 0.00000 0.00000 0.00000 0.00000 0.00000 0.00000 0.00000 0.00000 0.00000 0.00000 0.00000 0.00000 0.00000 0.00000 0.00000 0.00000 0.00000 0.00000 0.00000 0.00000 0.00000 0.00000 0.00000 0.00000 0.00000 0.00000 0.00000 0.00000 0.00000 0.00000 0.00000 0.00000 0.00000 0.00000 0.00000 0.00000 0.00000 0.00000 0.00000 0.00000 0.00000 0.00000 0.00000 0.00000 0.00000 0.00000 0.00000 0.00000 0.00000 0.00000 0.00000 0.00000 0.00000 0.00000 0.00000 0.00000 0.00000 0.00000 0.00000 0.00000 0.00000 0.00000 0.00000 0.00000 0.00000 0.00000 0.00000 0.00000 0.00000 0.00000 0.00000 0.00000 0.00000 0.00000 0.00000 0.00000 0.00000 0.00000 0.00000 0.00000
0.00000 0.00000 0.00000 0.00000 0.00000 0.00000 0.00000 0.00000 0.00000 0.00000 0.00000 0.00000 0.00000 0.00000 0.00000 0.00000 0.00000 0.00000 0.00000 0.00000 0.00000 0.00000 0.00000 0.00000 0.00000 0.00000 0.00000 0.00000 0.00000 0.00000 0.00000 0.00000 0.00000 0.00000 0.00000 0.03803 0.11401 0.19084 0.26799 0.34394 0.42168 0.50068 0.57703 0.65327 0.73547 0.77585 0.77346 0.77574 0.78122 0.78130 0.78049 0.78266 0.78614 0.78821 0.78860 0.75197 0.67955 0.60668 0.53154 0.45628 0.38201 0.30724 0.23114 0.15503 0.07881 0.03852 0.03451 0.03053 0.02656 0.02253 0.01846 0.01440 0.01033 0.00622 0.00207 0.00000 0.00000 0.00000 0.00000 0.00000 0.00000 0.00000 0.00000 0.00000 0.00000 0.00000 0.00000 0.00000 0.00000 0.00000 0.00000 0.00000 0.00000 0.00000 0.00000 0.00000 0.00000 0.00000 0.00000 0.00000 0.00000 0.00000 0.00000 0.00000 0.00000 0.00000 0.00000 0.00000 0.00000 0.00000 0.00000 0.00000 0.00000 0.00000 0.00000 0.00000 0.00000 0.00000 0.00000 0.00000 0.00000 0.00000 0.00000 0.00000 0.00000 0.00000 0.00000 0.00000 0.00000 0.00000 0.00000 0.00000 0.00000 0.00000 0.00000 0.00000 0.00000 0.00000 0.00000 0.00000 0.00000 0.00000 0.00000 0.00000 0.00000 0.00000 0.00000 0.00000 0.00000 0.00000 0.00000 0.00000 0.00000 0.00000 0.00000 0.00000 0.00000 0.00000 0.00000 0.00000 0.00000 0.00000 0.00000 0.00000 0.00000 0.00000 0.00000 0.00000 0.00000 0.00000 0.00000 0.00000 0.00000 0.00000 0.00000 0.00000 0.00000 0.00000 0.00000 0.00000 0.00000 0.00000 0.00000 0.00000 0.00000 0.00000 0.00000 0.00000 0.00000 0.00000 0.00000 0.00000 0.00000 0.00000 0.00000 0.00000 0.00000 0.00000 0.00000 0.00000 0.00000 0.00000 0.00000 0.00000 0.00000 0.00000 0.00000 0.00000 0.00000 0.00000
0.00000 0.00000 0.00000 0.00000 0.00000 0.00000 0.00000 0.00000 0.00000 0.00000 0.00000 0.00000 0.00000 0.00000 0.00000 0.00000 0.00000 0.00000 0.00000 0.00000 0.00000 0.00000 0.00000 0.00000 0.00000 0.00000 0.00000 0.00000 0.00000 0.00000 0.00000 0.00000 0.00000 0.00000 0.00000 0.03812 0.11404 0.19099 0.26845 0.34469 0.42090 0.50072 0.58028 0.65447 0.73177 0.77756 0.77880 0.77573 0.77775 0.78258 0.78457 0.78440 0.78491 0.78758 0.79134 0.75265 0.67353 0.59597 0.51899 0.43993 0.36026 0.28088 0.20146 0.12117 0.04046 0.00000 0.00000 0.00000 0.00000 0.00000 0.00000 0.00000 0.00000 0.00000 0.00000 0.00000 0.00000 0.00000 0.00000 0.00000 0.00000 0.00000 0.00000 0.00000 0.00000 0.00000 0.00000 0.00000 0.00000 0.00000 0.00000 0.00000 0.00000 0.00000 0.00000 0.00000 0.00000 0.00000 0.00000 0.00000 0.00000 0.00000 0.00000 0.00000 0.00000 0.00000 0.00000 0.00000 0.00000 0.00000 0.00000 0.00000 0.00000 0.00000 0.00000 0.00000 0.00000 0.00000 0.00000 0.00000 0.00000 0.00000 0.00000 0.00000 0.00000 0.00000 0.00000 0.00000 0.00000 0.00000 0.00000 0.00000 0.00000 0.00000 0.00000 0.00000 0.00000 0.00000 0.00000 0.00000 0.00000 0.00000 0.00000 0.00000 0.00000 0.00000 0.00000 0.00000 0.00000 0.00000 0.00000 0.00000 0.00000 0.00000 0.00000 0.00000 0.00000 0.00000 0.00000 0.00000 0.00000 0.00000 0.00000 0.00000 0.00000 0.00000 0.00000 0.00000 0.00000 0.00000 0.00000 0.00000 0.00000 0.00000 0.00000 0.00000 0.00000 0.00000 0.00000 0.00000 0.00000 0.00000 0.00000 0.00000 0.00000 0.00000 0.00000 0.00000 0.00000 0.00000 0.00000 0.00000 0.00000 0.00000 0.00000 0.00000 0.00000 0.00000 0.00000 0.00000 0.00000 0.00000 0.00000 0.00000 0.00000 0.00000 0.00000 0.00000 0.00000 0.00000
0.00000 0.00000 0.00000 0.00000 0.00000 0.00000 0.00000 0.00000 0.00000 0.00000 0.00000 0.00000 0.00000 0.00000 0.00000 0.00000 0.00000 0.00000 0.00000 0.00000 0.00000 0.00000 0.00000 0.00000 0.00000 0.00000 0.00000 0.00000 0.00000 0.00000 0.00000 0.00000 0.00000 0.00000 0.00000 0.03809 0.11491 0.19114 0.26769 0.34548 0.42308 0.49959 0.57928 0.65819 0.73351 0.77419 0.78024 0.78002 0.77780 0.78129 0.78581 0.78672 0.78638 0.78806 0.79127 0.75450 0.67536 0.59644 0.51890 0.44099 0.36106 0.28118 0.20160 0.12141 0.04051 0.00000 0.00000 0.00000 0.00000 0.00000 0.00000 0.00000 0.00000 0.00000 0.00000 0.00000 0.00000 0.00000 0.00000 0.00000 0.00000 0.00000 0.00000 0.00000 0.00000 0.00000 0.00000 0.00000 0.00000 0.00000 0.00000 0.00000 0.00000 0.00000 0.00000 0.00000 0.00000 0.00000 0.00000 0.00000 0.00000 0.00000 0.00000 0.00000 0.00000 0.00000 0.00000 0.00000 0.00000 0.00000 0.00000 0.00000 0.00000 0.00000 0.00000 0.00000 0.00000 0.00000 0.00000 0.00000 0.00000 0.00000 0.00000 0.00000 0.00000 0.00000 0.00000 0.00000 0.00000 0.00000 0.00000 0.00000 0.00000 0.00000 0.00000 0.00000 0.00000 0.00000 0.00000 0.00000 0.00000 0.00000 0.00000 0.00000 0.00000 0.00000 0.00000 0.00000 0.00000 0.00000 0.00000 0.00000 0.00000 0.00000 0.00000 0.00000 0.00000 0.00000 0.00000 0.00000 0.00000 0.00000 0.00000 0.00000 0.00000 0.00000 0.00000 0.00000 0.00000 0.00000 0.00000 0.00000 0.00000 0.00000 0.00000 0.00000 0.00000 0.00000 0.00000 0.00000 0.00000 0.00000 0.00000 0.00000 0.00000 0.00000 0.00000 0.00000 0.00000 0.00000 0.00000 0.00000 0.00000 0.00000 0.00000 0.00000 0.00000 0.00000 0.00000 0.00000 0.00000 0.00000 0.00000 0.00000 0.00000 0.00000 0.00000 0.00000 0.00000 0.00000
0.00000 0.00000 0.00000 0.00000 0.00000 0.00000 0.00000 0.00000 0.00000 0.00000 0.00000 0.00000 0.00000 0.00000 0.00000 0.00000 0.00000 0.00000 0.00000 0.00000 0.00000 0.00000 0.00000 0.00000 0.00000 0.00000 0.00000 0.00000 0.00000 0.00000 0.00000 0.00000 0.00000 0.00000 0.00000 0.03808 0.11488 0.19178 0.26784 0.34553 0.42409 0.50109 0.57710 0.65840 0.73899 0.77512 0.77574 0.78129 0.78359 0.78247 0.78323 0.78651 0.79022 0.79057 0.79064 0.75334 0.67767 0.59868 0.51906 0.44044 0.36205 0.28208 0.20177 0.12138 0.04060 0.00000 0.00000 0.00000 0.00000 0.00000 0.00000 0.00000 0.00000 0.00000 0.00000 0.00000 0.00000 0.00000 0.00000 0.00000 0.00000 0.00000 0.00000 0.00000 0.00000 0.00000 0.00000 0.00000 0.00000 0.00000 0.00000 0.00000 0.00000 0.00000 0.00000 0.00000 0.00000 0.00000 0.00000 0.00000 0.00000 0.00000 0.00000 0.00000 0.00000 0.00000 0.00000 0.00000 0.00000 0.00000 0.00000 0.00000 0.00000 0.00000 0.00000 0.00000 0.00000 0.00000 0.00000 0.00000 0.00000 0.00000 0.00000 0.00000 0.00000 0.00000 0.00000 0.00000 0.00000 0.00000 0.00000 0.00000 0.00000 0.00000 0.00000 0.00000 0.00000 0.00000 0.00000 0.00000 0.00000 0.00000 0.00000 0.00000 0.00000 0.00000 0.00000 0.00000 0.00000 0.00000 0.00000 0.00000 0.00000 0.00000 0.00000 0.00000 0.00000 0.00000 0.00000 0.00000 0.00000 0.00000 0.00000 0.00000 0.00000 0.00000 0.00000 0.00000 0.00000 0.00000 0.00000 0.00000 0.00000 0.00000 0.00000 0.00000 0.00000 0.00000 0.00000 0.00000 0.00000 0.00000 0.00000 0.00000 0.00000 0.00000 0.00000 0.00000 0.00000 0.00000 0.00000 0.00000 0.00000 0.00000 0.00000 0.00000 0.00000 0.00000 0.00000 0.00000 0.00000 0.00000 0.00000 0.00000 0.00000 0.00000 0.00000 0.00000 0.00000 0.00000
0.00000 0.00000 0.00000 0.00000 0.00000 0.00000 0.00000 0.00000 0.00000 0.00000 0.00000 0.00000 0.00000 0.00000 0.00000 0.00000 0.00000 0.00000 0.00000 0.00000 0.00000 0.00000 0.00000 0.00000 0.00000 0.00000 0.00000 0.00000 0.00000 0.00000 0.00000 0.00000 0.00000 0.00000 0.00000 0.03822 0.11438 0.19148 0.26951 0.34607 0.42355 0.50166 0.57908 0.65777 0.73882 0.77819 0.77647 0.78006 0.78485 0.78497 0.78404 0.78671 0.79041 0.79256 0.79257 0.75393 0.67724 0.60031 0.52043 0.44076 0.36202 0.28282 0.20215 0.12150 0.04066 0.00000 0.00000 0.00000 0.00000 0.00000 0.00000 0.00000 0.00000 0.00000 0.00000 0.00000 0.00000 0.00000 0.00000 0.00000 0.00000 0.00000 0.00000 0.00000 0.00000 0.00000 0.00000 0.00000 0.00000 0.00000 0.00000 0.00000 0.00000 0.00000 0.00000 0.00000 0.00000 0.00000 0.00000 0.00000 0.00000 0.00000 0.00000 0.00000 0.00000 0.00000 0.00000 0.00000 0.00000 0.00000 0.00000 0.00000 0.00000 0.00000 0.00000 0.00000 0.00000 0.00000 0.00000 0.00000 0.00000 0.00000 0.00000 0.00000 0.00000 0.00000 0.00000 0.00000 0.00000 0.00000 0.00000 0.00000 0.00000 0.00000 0.00000 0.00000 0.00000 0.00000 0.00000 0.00000 0.00000 0.00000 0.00000 0.00000 0.00000 0.00000 0.00000 0.00000 0.00000 0.00000 0.00000 0.00000 0.00000 0.00000 0.00000 0.00000 0.00000 0.00000 0.00000 0.00000 0.00000 0.00000 0.00000 0.00000 0.00000 0.00000 0.00000 0.00000 0.00000 0.00000 0.00000 0.00000 0.00000 0.00000 0.00000 0.00000 0.00000 0.00000 0.00000 0.00000 0.00000 0.00000 0.00000 0.00000 0.00000 0.00000 0.00000 0.00000 0.00000 0.00000 0.00000 0.00000 0.00000 0.00000 0.00000 0.00000 0.00000 0.00000 0.00000 0.00000 0.00000 0.00000 0.00000 0.00000 0.00000 0.00000 0.00000 0.00000 0.00000 0.00000
0.00000 0.00000 0.00000 0.00000 0.00000 0.00000 0.00000 0.00000 0.00000 0.00000 0.00000 0.00000 0.00000 0.00000 0.00000 0.00000 0.00000 0.00000 0.00000 0.00000 0.00000 0.00000 0.00000 0.00000 0.00000 0.00000 0.00000 0.00000 0.00000 0.00000 0.00000 0.00000 0.00000 0.00000 0.00000 0.03834 0.11472 0.19124 0.26920 0.34751 0.42351 0.50156 0.58160 0.65937 0.73575 0.77888 0.78216 0.78132 0.78138 0.78528 0.78898 0.78894 0.78877 0.79146 0.79617 0.75684 0.67705 0.59917 0.52229 0.44236 0.36219 0.28255 0.20273 0.12183 0.04068 0.00000 0.00000 0.00000 0.00000 0.00000 0.00000 0.00000 0.00000 0.00000 0.00000 0.00000 0.00000 0.00000 0.00000 0.00000 0.00000 0.00000 0.00000 0.00000 0.00000 0.00000 0.00000 0.00000 0.00000 0.00000 0.00000 0.00000 0.00000 0.00000 0.00000 0.00000 0.00000 0.00000 0.00000 0.00000 0.00000 0.00000 0.00000 0.00000 0.00000 0.00000 0.00000 0.00000 0.00000 0.00000 0.00000 0.00000 0.00000 0.00000 0.00000 0.00000 0.00000 0.00000 0.00000 0.00000 0.00000 0.00000 0.00000 0.00000 0.00000 0.00000 0.00000 0.00000 0.00000 0.00000 0.00000 0.00000 0.00000 0.00000 0.00000 0.00000 0.00000 0.00000 0.00000 0.00000 0.00000 0.00000 0.00000 0.00000 0.00000 0.00000 0.00000 0.00000 0.00000 0.00000 0.00000 0.00000 0.00000 0.00000 0.00000 0.00000 0.00000 0.00000 0.00000 0.00000 0.00000 0.00000 0.00000 0.00000 0.00000 0.00000 0.00000 0.00000 0.00000 0.00000 0.00000 0.00000 0.00000 0.00000 0.00000 0.00000 0.00000 0.00000 0.00000 0.00000 0.00000 0.00000 0.00000 0.00000 0.00000 0.00000 0.00000 0.00000 0.00000 0.00000 0.00000 0.00000 0.00000 0.00000 0.00000 0.00000 0.00000 0.00000 0.00000 0.00000 0.00000 0.00000 0.00000 0.00000 0.00000 0.00000 0.00000 0.00000 0.00000 0.00000
0.00000 0.00000 0.00000 0.00000 0.00000 0.00000 0.00000 0.00000 0.00000 0.00000 0.00000 0.00000 0.00000 0.00000 0.00000 0.00000 0.00000 0.00000 0.00000 0.00000 0.00000 0.00000 0.00000 0.00000 0.00000 0.00000 0.00000 0.00000 0.00000 0.00000 0.00000 0.00000 0.00000 0.00000 0.00000 0.03822 0.11535 0.19223 0.26852 0.34636 0.42507 0.50317 0.58157 0.65945 0.73735 0.77949 0.78276 0.78284 0.78248 0.78567 0.78943 0.79041 0.79048 0.79221 0.79551 0.75863 0.67902 0.59962 0.52171 0.44372 0.36311 0.28272 0.20274 0.12214 0.04076 0.00000 0.00000 0.00000 0.00000 0.00000 0.00000 0.00000 0.00000 0.00000 0.00000 0.00000 0.00000 0.00000 0.00000 0.00000 0.00000 0.00000 0.00000 0.00000 0.00000 0.00000 0.00000 0.00000 0.00000 0.00000 0.00000 0.00000 0.00000 0.00000 0.00000 0.00000 0.00000 0.00000 0.00000 0.00000 0.00000 0.00000 0.00000 0.00000 0.00000 0.00000 0.00000 0.00000 0.00000 0.00000 0.00000 0.00000 0.00000 0.00000 0.00000 0.00000 0.00000 0.00000 0.00000 0.00000 0.00000 0.00000 0.00000 0.00000 0.00000 0.00000 0.00000 0.00000 0.00000 0.00000 0.00000 0.00000 0.00000 0.00000 0.00000 0.00000 0.00000 0.00000 0.00000 0.00000 0.00000 0.00000 0.00000 0.00000 0.00000 0.00000 0.00000 0.00000 0.00000 0.00000 0.00000 0.00000 0.00000 0.00000 0.00000 0.00000 0.00000 0.00000 0.00000 0.00000 0.00000 0.00000 0.00000 0.00000 0.00000 0.00000 0.00000 0.00000 0.00000 0.00000 0.00000 0.00000 0.00000 0.00000 0.00000 0.00000 0.00000 0.00000 0.00000 0.00000 0.00000 0.00000 0.00000 0.00000 0.00000 0.00000 0.00000 0.00000 0.00000 0.00000 0.00000 0.00000 0.00000 0.00000 0.00000 0.00000 0.00000 0.00000 0.00000 0.00000 0.00000 0.00000 0.00000 0.00000 0.00000 0.00000 0.00000 0.00000 0.00000 0.00000
0.00000 0.00000 0.00000 0.00000 0.00000 0.00000 0.00000 0.00000 0.00000 0.00000 0.00000 0.00000 0.00000 0.00000 0.00000 0.00000 0.00000 0.00000 0.00000 0.00000 0.00000 0.00000 0.00000 0.00000 0.00000 0.00000 0.00000 0.00000 0.00000 0.00000 0.00000 0.00000 0.00000 0.00000 0.00000 0.03815 0.11517 0.19284 0.26952 0.34584 0.42508 0.50463 0.58121 0.65991 0.74091 0.78086 0.78015 0.78364 0.78711 0.78749 0.78688 0.79014 0.79455 0.79509 0.79444 0.75721 0.68204 0.60207 0.52161 0.44286 0.36451 0.28366 0.20280 0.12212 0.04086 0.00000 0.00000 0.00000 0.00000 0.00000 0.00000 0.00000 0.00000 0.00000 0.00000 0.00000 0.00000 0.00000 0.00000 0.00000 0.00000 0.00000 0.00000 0.00000 0.00000 0.00000 0.00000 0.00000 0.00000 0.00000 0.00000 0.00000 0.00000 0.00000 0.00000 0.00000 0.00000 0.00000 0.00000 0.00000 0.00000 0.00000 0.00000 0.00000 0.00000 0.00000 0.00000 0.00000 0.00000 0.00000 0.00000 0.00000 0.00000 0.00000 0.00000 0.00000 0.00000 0.00000 0.00000 0.00000 0.00000 0.00000 0.00000 0.00000 0.00000 0.00000 0.00000 0.00000 0.00000 0.00000 0.00000 0.00000 0.00000 0.00000 0.00000 0.00000 0.00000 0.00000 0.00000 0.00000 0.00000 0.00000 0.00000 0.00000 0.00000 0.00000 0.00000 0.00000 0.00000 0.00000 0.00000 0.00000 0.00000 0.00000 0.00000 0.00000 0.00000 0.00000 0.00000 0.00000 0.00000 0.00000 0.00000 0.00000 0.00000 0.00000 0.00000 0.00000 0.00000 0.00000 0.00000 0.00000 0.00000 0.00000 0.00000 0.00000 0.00000 0.00000 0.00000 0.00000 0.00000 0.00000 0.00000 0.00000 0.00000 0.00000 0.00000 0.00000 0.00000 0.00000 0.00000 0.00000 0.00000 0.00000 0.00000 0.00000 0.00000 0.00000 0.00000 0.00000 0.00000 0.00000 0.00000 0.00000 0.00000 0.00000 0.00000 0.00000 0.00000 0.00000
0.00000 0.00000 0.00000 0.00000 0.00000 0.00000 0.00000 0.00000 0.00000 0.00000 0.00000 0.00000 0.00000 0.00000 0.00000 0.00000 0.00000 0.00000 0.00000 0.00000 0.00000 0.00000 0.00000 0.00000 0.00000 0.00000 0.00000 0.00000 0.00000 0.00000 0.00000 0.00000 0.00000 0.00000 0.00000 0.03845 0.11484 0.19196 0.27038 0.34828 0.42517 0.50297 0.58216 0.66242 0.74170 0.78055 0.78152 0.78504 0.78792 0.78808 0.78868 0.79124 0.79441 0.79604 0.79690 0.75811 0.68085 0.60361 0.52341 0.44302 0.36398 0.28458 0.20334 0.12214 0.04089 0.00000 0.00000 0.00000 0.00000 0.00000 0.00000 0.00000 0.00000 0.00000 0.00000 0.00000 0.00000 0.00000 0.00000 0.00000 0.00000 0.00000 0.00000 0.00000 0.00000 0.00000 0.00000 0.00000 0.00000 0.00000 0.00000 0.00000 0.00000 0.00000 0.00000 0.00000 0.00000 0.00000 0.00000 0.00000 0.00000 0.00000 0.00000 0.00000 0.00000 0.00000 0.00000 0.00000 0.00000 0.00000 0.00000 0.00000 0.00000 0.00000 0.00000 0.00000 0.00000 0.00000 0.00000 0.00000 0.00000 0.00000 0.00000 0.00000 0.00000 0.00000 0.00000 0.00000 0.00000 0.00000 0.00000 0.00000 0.00000 0.00000 0.00000 0.00000 0.00000 0.00000 0.00000 0.00000 0.00000 0.00000 0.00000 0.00000 0.00000 0.00000 0.00000 0.00000 0.00000 0.00000 0.00000 0.00000 0.00000 0.00000 0.00000 0.00000 0.00000 0.00000 0.00000 0.00000 0.00000 0.00000 0.00000 0.00000 0.00000 0.00000 0.00000 0.00000 0.00000 0.00000 0.00000 0.00000 0.00000 0.00000 0.00000 0.00000 0.00000 0.00000 0.00000 0.00000 0.00000 0.00000 0.00000 0.00000 0.00000 0.00000 0.00000 0.00000 0.00000 0.00000 0.00000 0.00000 0.00000 0.00000 0.00000 0.00000 0.00000 0.00000 0.00000 0.00000 0.00000 0.00000 0.00000 0.00000 0.00000 0.00000 0.00000 0.00000 0.00000 0.00000
0.00000 0.00000 0.00000 0.00000 0.00000 0.00000 0.00000 0.00000 0.00000 0.00000 0.00000 0.00000 0.00000 0.00000 0.00000 0.00000 0.00000 0.00000 0.00000 0.00000 0.00000 0.00000 0.00000 0.00000 0.00000 0.00000 0.00000 0.00000 0.00000 0.00000 0.00000 0.00000 0.00000 0.00000 0.00000 0.03851 0.11539 0.19180 0.26986 0.34899 0.42632 0.50299 0.58300 0.66351 0.74122 0.78172 0.78477 0.78632 0.78582 0.78887 0.79229 0.79343 0.79253 0.79553 0.80010 0.76113 0.68009 0.60235 0.52565 0.44492 0.36378 0.28415 0.20407 0.12252 0.04088 0.00000 0.00000 0.00000 0.00000 0.00000 0.00000 0.00000 0.00000 0.00000 0.00000 0.00000 0.00000 0.00000 0.00000 0.00000 0.00000 0.00000 0.00000 0.00000 0.00000 0.00000 0.00000 0.00000 0.00000 0.00000 0.00000 0.00000 0.00000 0.00000 0.00000 0.00000 0.00000 0.00000 0.00000 0.00000 0.00000 0.00000 0.00000 0.00000 0.00000 0.00000 0.00000 0.00000 0.00000 0.00000 0.00000 0.00000 0.00000 0.00000 0.00000 0.00000 0.00000 0.00000 0.00000 0.00000 0.00000 0.00000 0.00000 0.00000 0.00000 0.00000 0.00000 0.00000 0.00000 0.00000 0.00000 0.00000 0.00000 0.00000 0.00000 0.00000 0.00000 0.00000 0.00000 0.00000 0.00000 0.00000 0.00000 0.00000 0.00000 0.00000 0.00000 0.00000 0.00000 0.00000 0.00000 0.00000 0.00000 0.00000 0.00000 0.00000 0.00000 0.00000 0.00000 0.00000 0.00000 0.00000 0.00000 0.00000 0.00000 0.00000 0.00000 0.00000 0.00000 0.00000 0.00000 0.00000 0.00000 0.00000 0.00000 0.00000 0.00000 0.00000 0.00000 0.00000 0.00000 0.00000 0.00000 0.00000 0.00000 0.00000 0.00000 0.00000 0.00000 0.00000 0.00000 0.00000 0.00000 0.00000 0.00000 0.00000 0.00000 0.00000 0.00000 0.00000 0.00000 0.00000 0.00000 0.00000 0.00000 0.00000 0.00000 0.00000 0.00000 0.00000
0.00000 0.00000 0.00000 0.00000 0.00000 0.00000 0.00000 0.00000 0.00000 0.00000 0.00000 0.00000 0.00000 0.00000 0.00000 0.00000 0.00000 0.00000 0.00000 0.00000 0.00000 0.00000 0.00000 0.00000 0.00000 0.00000 0.00000 0.00000 0.00000 0.00000 0.00000 0.00000 0.00000 0.00000 0.00000 0.03830 0.11571 0.19340 0.26996 0.34739 0.42678 0.50625 0.58411 0.66176 0.74181 0.78456 0.78623 0.78577 0.78718 0.79050 0.79322 0.79359 0.79492 0.79700 0.79965 0.76193 0.68293 0.60289 0.52447 0.44621 0.36532 0.28408 0.20385 0.12285 0.04100 0.00000 0.00000 0.00000 0.00000 0.00000 0.00000 0.00000 0.00000 0.00000 0.00000 0.00000 0.00000 0.00000 0.00000 0.00000 0.00000 0.00000 0.00000 0.00000 0.00000 0.00000 0.00000 0.00000 0.00000 0.00000 0.00000 0.00000 0.00000 0.00000 0.00000 0.00000 0.00000 0.00000 0.00000 0.00000 0.00000 0.00000 0.00000 0.00000 0.00000 0.00000 0.00000 0.00000 0.00000 0.00000 0.00000 0.00000 0.00000 0.00000 0.00000 0.00000 0.00000 0.00000 0.00000 0.00000 0.00000 0.00000 0.00000 0.00000 0.00000 0.00000 0.00000 0.00000 0.00000 0.00000 0.00000 0.00000 0.00000 0.00000 0.00000 0.00000 0.00000 0.00000 0.00000 0.00000 0.00000 0.00000 0.00000 0.00000 0.00000 0.00000 0.00000 0.00000 0.00000 0.00000 0.00000 0.00000 0.00000 0.00000 0.00000 0.00000 0.00000 0.00000 0.00000 0.00000 0.00000 0.00000 0.00000 0.00000 0.00000 0.00000 0.00000 0.00000 0.00000 0.00000 0.00000 0.00000 0.00000 0.00000 0.00000 0.00000 0.00000 0.00000 0.00000 0.00000 0.00000 0.00000 0.00000 0.00000 0.00000 0.00000 0.00000 0.00000 0.00000 0.00000 0.00000 0.00000 0.00000 0.00000 0.00000 0.00000 0.00000 0.00000 0.00000 0.00000 0.00000 0.00000 0.00000 0.00000 0.00000 0.00000 0.00000 0.00000 0.00000 0.00000
0.00000 0.00000 0.00000 0.00000 0.00000 0.00000 0.00000 0.00000 0.00000 0.00000 0.00000 0.00000 0.00000 0.00000 0.00000 0.00000 0.00000 0.00000 0.00000 0.00000 0.00000 0.00000 0.00000 0.00000 0.00000 0.00000 0.00000 0.00000 0.00000 0.00000 0.00000 0.00000 0.00000 0.00000 0.00000 0.03832 0.11546 0.19357 0.27112 0.34755 0.42633 0.50688 0.58519 0.66274 0.74312 0.78349 0.77979 0.77757 0.77604 0.77395 0.76997 0.76846 0.76775 0.76546 0.76076 0.72314 0.65088 0.57529 0.49769 0.42299 0.34835 0.27111 0.19351 0.11670 0.03903 0.00000 0.00000 0.00000 0.00000 0.00000 0.00000 0.00000 0.00000 0.00000 0.00000 0.00000 0.00000 0.00000 0.00000 0.00000 0.00000 0.00000 0.00000 0.00000 0.00000 0.00000 0.00000 0.00000 0.00000 0.00000 0.00000 0.00000 0.00000 0.00000 0.00000 0.00000 0.00000 0.00000 0.00000 0.00000 0.00000 0.00000 0.00000 0.00000 0.00000 0.00000 0.00000 0.00000 0.00000 0.00000 0.00000 0.00000 0.00000 0.00000 0.00000 0.00000 0.00000 0.00000 0.00000 0.00000 0.00000 0.00000 0.00000 0.00000 0.00000 0.00000 0.00000 0.00000 0.00000 0.00000 0.00000 0.00000 0.00000 0.00000 0.00000 0.00000 0.00000 0.00000 0.00000 0.00000 0.00000 0.00000 0.00000 0.00000 0.00000 0.00000 0.00000 0.00000 0.00000 0.00000 0.00000 0.00000 0.00000 0.00000 0.00000 0.00000 0.00000 0.00000 0.00000 0.00000 0.00000 0.00000 0.00000 0.00000 0.00000 0.00000 0.00000 0.00000 0.00000 0.00000 0.00000 0.00000 0.00000 0.00000 0.00000 0.00000 0.00000 0.00000 0.00000 0.00000 0.00000 0.00000 0.00000 0.00000 0.00000 0.00000 0.00000 0.00000 0.00000 0.00000 0.00000 0.00000 0.00000 0.00000 0.00000 0.00000 0.00000 0.00000 0.00000 0.00000 0.00000 0.00000 0.00000 0.00000 0.00000 0.00000 0.00000 0.00000 0.00000 0.00000
0.00000 0.00000 0.00000 0.00000 0.00000 0.00000 0.00000 0.00000 0.00000 0.00000 0.00000 0.00000 0.00000 0.00000 0.00000 0.00000 0.00000 0.00000 0.00000 0.00000 0.00000 0.00000 0.00000 0.00000 0.00000 0.00000 0.00000 0.00000 0.00000 0.00000 0.00000 0.00000 0.00000 0.00000 0.00000 0.03863 0.11555 0.19255 0.27120 0.35014 0.42743 0.50491 0.58517 0.66620 0.74535 0.77785 0.76820 0.76019 0.75031 0.73784 0.72756 0.71858 0.70866 0.69747 0.68721 0.64845 0.58168 0.51543 0.44769 0.37849 0.31099 0.24324 0.17397 0.10433 0.03494 0.00000 0.00000 0.00000 0.00000 0.00000 0.00000 0.00000 0.00000 0.00000 0.00000 0.00000 0.00000 0.00000 0.00000 0.00000 0.00000 0.00000 0.00000 0.00000 0.00000 0.00000 0.00000 0.00000 0.00000 0.00000 0.00000 0.00000 0.00000 0.00000 0.00000 0.00000 0.00000 0.00000 0.00000 0.00000 0.00000 0.00000 0.00000 0.00000 0.00000 0.00000 0.00000 0.00000 0.00000 0.00000 0.00000 0.00000 0.00000 0.00000 0.00000 0.00000 0.00000 0.00000 0.00000 0.00000 0.00000 0.00000 0.00000 0.00000 0.00000 0.00000 0.00000 0.00000 0.00000 0.00000 0.00000 0.00000 0.00000 0.00000 0.00000 0.00000 0.00000 0.00000 0.00000 0.00000 0.00000 0.00000 0.00000 0.00000 0.00000 0.00000 0.00000 0.00000 0.00000 0.00000 0.00000 0.00000 0.00000 0.00000 0.00000 0.00000 0.00000 0.00000 0.00000 0.00000 0.00000 0.00000 0.00000 0.00000 0.00000 0.00000 0.00000 0.00000 0.00000 0.00000 0.00000 0.00000 0.00000 0.00000 0.00000 0.00000 0.00000 0.00000 0.00000 0.00000 0.00000 0.00000 0.00000 0.00000 0.00000 0.00000 0.00000 0.00000 0.00000 0.00000 0.00000 0.00000 0.00000 0.00000 0.00000 0.00000 0.00000 0.00000 0.00000 0.00000 0.00000 0.00000 0.00000 0.00000 0.00000 0.00000 0.00000 0.00000 0.00000 0.00000
0.00000 0.00000 0.00000 0.00000 0.00000 0.00000 0.00000 0.00000 0.00000 0.00000 0.00000 0.00000 0.00000 0.00000 0.00000 0.00000 0.00000 0.00000 0.00000 0.00000 0.00000 0.00000 0.00000 0.00000 0.00000 0.00000 0.00000 0.00000 0.00000 0.00000 0.00000 0.00000 0.00000 0.00000 0.00000 0.03866 0.11602 0.19283 0.27070 0.35035 0.42891 0.50574 0.58487 0.66687 0.74625 0.77597 0.75785 0.74080 0.72211 0.70401 0.68592 0.66783 0.64831 0.62973 0.61269 0.57400 0.51314 0.45413 0.39615 0.33580 0.27405 0.21426 0.15383 0.09242 0.03082 0.00000 0.00000 0.00000 0.00000 0.00000 0.00000 0.00000 0.00000 0.00000 0.00000 0.00000 0.00000 0.00000 0.00000 0.00000 0.00000 0.00000 0.00000 0.00000 0.00000 0.00000 0.00000 0.00000 0.00000 0.00000 0.00000 0.00000 0.00000 0.00000 0.00000 0.00000 0.00000 0.00000 0.00000 0.00000 0.00000 0.00000 0.00000 0.00000 0.00000 0.00000 0.00000 0.00000 0.00000 0.00000 0.00000 0.00000 0.00000 0.00000 0.00000 0.00000 0.00000 0.00000 0.00000 0.00000 0.00000 0.00000 0.00000 0.00000 0.00000 0.00000 0.00000 0.00000 0.00000 0.00000 0.00000 0.00000 0.00000 0.00000 0.00000 0.00000 0.00000 0.00000 0.00000 0.00000 0.00000 0.00000 0.00000 0.00000 0.00000 0.00000 0.00000 0.00000 0.00000 0.00000 0.00000 0.00000 0.00000 0.00000 0.00000 0.00000 0.00000 0.00000 0.00000 0.00000 0.00000 0.00000 0.00000 0.00000 0.00000 0.00000 0.00000 0.00000 0.00000 0.00000 0.00000 0.00000 0.00000 0.00000 0.00000 0.00000 0.00000 0.00000 0.00000 0.00000 0.00000 0.00000 0.00000 0.00000 0.00000 0.00000 0.00000 0.00000 0.00000 0.00000 0.00000 0.00000 0.00000 0.00000 0.00000 0.00000 0.00000 0.00000 0.00000 0.00000 0.00000 0.00000 0.00000 0.00000 0.00000 0.00000 0.00000 0.00000 0.00000 0.00000
0.00000 0.00000 0.00000 0.00000 0.00000 0.00000 0.00000 0.00000 0.00000 0.00000 0.00000 0.00000 0.00000 0.00000 0.00000 0.00000 0.00000 0.00000 0.00000 0.00000 0.00000 0.00000 0.00000 0.00000 0.00000 0.00000 0.00000 0.00000 0.00000 0.00000 0.00000 0.00000 0.00000 0.00000 0.00000 0.03845 0.11593 0.19432 0.27168 0.34878 0.42844 0.50881 0.58725 0.66471 0.74566 0.77504 0.74900 0.72014 0.69406 0.67004 0.64403 0.61567 0.58941 0.56354 0.53637 0.49751 0.44662 0.39432 0.34254 0.29153 0.23912 0.18551 0.13312 0.08025 0.02681 0.00000 0.00000 0.00000 0.00000 0.00000 0.00000 0.00000 0.00000 0.00000 0.00000 0.00000 0.00000 0.00000 0.00000 0.00000 0.00000 0.00000 0.00000 0.00000 0.00000 0.00000 0.00000 0.00000 0.00000 0.00000 0.00000 0.00000 0.00000 0.00000 0.00000 0.00000 0.00000 0.00000 0.00000 0.00000 0.00000 0.00000 0.00000 0.00000 0.00000 0.00000 0.00000 0.00000 0.00000 0.00000 0.00000 0.00000 0.00000 0.00000 0.00000 0.00000 0.00000 0.00000 0.00000 0.00000 0.00000 0.00000 0.00000 0.00000 0.00000 0.00000 0.00000 0.00000 0.00000 0.00000 0.00000 0.00000 0.00000 0.00000 0.00000 0.00000 0.00000 0.00000 0.00000 0.00000 0.00000 0.00000 0.00000 0.00000 0.00000 0.00000 0.00000 0.00000 0.00000 0.00000 0.00000 0.00000 0.00000 0.00000 0.00000 0.00000 0.00000 0.00000 0.00000 0.00000 0.00000 0.00000 0.00000 0.00000 0.00000 0.00000 0.00000 0.00000 0.00000 0.00000 0.00000 0.00000 0.00000 0.00000 0.00000 0.00000 0.00000 0.00000 0.00000 0.00000 0.00000 0.00000 0.00000 0.00000 0.00000 0.00000 0.00000 0.00000 0.00000 0.00000 0.00000 0.00000 0.00000 0.00000 0.00000 0.00000 0.00000 0.00000 0.00000 0.00000 0.00000 0.00000 0.00000 0.00000 0.00000 0.00000 0.00000 0.00000 0.00000 0.00000
0.00000 0.00000 0.00000 0.00000 0.00000 0.00000 0.00000 0.00000 0.00000 0.00000 0.00000 0.00000 0.00000 0.00000 0.00000 0.00000 0.00000 0.00000 0.00000 0.00000 0.00000 0.00000 0.00000 0.00000 0.00000 0.00000 0.00000 0.00000 0.00000 0.00000 0.00000 0.00000 0.00000 0.00000 0.00000 0.03854 0.11588 0.19418 0.27265 0.34963 0.42777 0.50903 0.58877 0.66658 0.74570 0.77102 0.73756 0.70343 0.66797 0.63406 0.59986 0.56493 0.53074 0.49610 0.46032 0.42079 0.37863 0.33502 0.28983 0.24610 0.20263 0.15792 0.11261 0.06790 0.02270 0.00000 0.00000 0.00000 0.00000 0.00000 0.00000 0.00000 0.00000 0.00000 0.00000 0.00000 0.00000 0.00000 0.00000 0.00000 0.00000 0.00000 0.00000 0.00000 0.00000 0.00000 0.00000 0.00000 0.00000 0.00000 0.00000 0.00000 0.00000 0.00000 0.00000 0.00000 0.00000 0.00000 0.00000 0.00000 0.00000 0.00000 0.00000 0.00000 0.00000 0.00000 0.00000 0.00000 0.00000 0.00000 0.00000 0.00000 0.00000 0.00000 0.00000 0.00000 0.00000 0.00000 0.00000 0.00000 0.00000 0.00000 0.00000 0.00000 0.00000 0.00000 0.00000 0.00000 0.00000 0.00000 0.00000 0.00000 0.00000 0.00000 0.00000 0.00000 0.00000 0.00000 0.00000 0.00000 0.00000 0.00000 0.00000 0.00000 0.00000 0.00000 0.00000 0.00000 0.00000 0.00000 0.00000 0.00000 0.00000 0.00000 0.00000 0.00000 0.00000 0.00000 0.00000 0.00000 0.00000 0.00000 0.00000 0.00000 0.00000 0.00000 0.00000 0.00000 0.00000 0.00000 0.00000 0.00000 0.00000 0.00000 0.00000 0.00000 0.00000 0.00000 0.00000 0.00000 0.00000 0.00000 0.00000 0.00000 0.00000 0.00000 0.00000 0.00000 0.00000 0.00000 0.00000 0.00000 0.00000 0.00000 0.00000 0.00000 0.00000 0.00000 0.00000 0.00000 0.00000 0.00000 0.00000 0.00000 0.00000 0.00000 0.00000 0.00000 0.00000 0.00000
0.00000 0.00000 0.00000 0.00000 0.00000 0.00000 0.00000 0.00000 0.00000 0.00000 0.00000 0.00000 0.00000 0.00000 0.00000 0.00000 0.00000 0.00000 0.00000 0.00000 0.00000 0.00000 0.00000 0.00000 0.00000 0.00000 0.00000 0.00000 0.00000 0.00000 0.00000 0.00000 0.00000 0.00000 0.00000 0.03882 0.11642 0.19335 0.27193 0.35194 0.43008 0.50724 0.58780 0.66951 0.74925 0.76579 0.72436 0.68504 0.64357 0.59812 0.55569 0.51467 0.47129 0.42766 0.38490 0.34544 0.30929 0.27418 0.23855 0.20151 0.16530 0.12936 0.09266 0.05553 0.01858 0.00000 0.00000 0.00000 0.00000 0.00000 0.00000 0.00000 0.00000 0.00000 0.00000 0.00000 0.00000 0.00000 0.00000 0.00000 0.00000 0.00000 0.00000 0.00000 0.00000 0.00000 0.00000 0.00000 0.00000 0.00000 0.00000 0.00000 0.00000 0.00000 0.00000 0.00000 0.00000 0.00000 0.00000 0.00000 0.00000 0.00000 0.00000 0.00000 0.00000 0.00000 0.00000 0.00000 0.00000 0.00000 0.00000 0.00000 0.00000 0.00000 0.00000 0.00000 0.00000 0.00000 0.00000 0.00000 0.00000 0.00000 0.00000 0.00000 0.00000 0.00000 0.00000 0.00000 0.00000 0.00000 0.00000 0.00000 0.00000 0.00000 0.00000 0.00000 0.00000 0.00000 0.00000 0.00000 0.00000 0.00000 0.00000 0.00000 0.00000 0.00000 0.00000 0.00000 0.00000 0.00000 0.00000 0.00000 0.00000 0.00000 0.00000 0.00000 0.00000 0.00000 0.00000 0.00000 0.00000 0.00000 0.00000 0.00000 0.00000 0.00000 0.00000 0.00000 0.00000 0.00000 0.00000 0.00000 0.00000 0.00000 0.00000 0.00000 0.00000 0.00000 0.00000 0.00000 0.00000 0.00000 0.00000 0.00000 0.00000 0.00000 0.00000 0.00000 0.00000 0.00000 0.00000 0.00000 0.00000 0.00000 0.00000 0.00000 0.00000 0.00000 0.00000 0.00000 0.00000 0.00000 0.00000 0.00000 0.00000 0.00000 0.00000 0.00000 0.00000 0.00000
0.00000 0.00000 0.00000 0.00000 0.00000 0.00000 0.00000 0.00000 0.00000 0.00000 0.00000 0.00000 0.00000 0.00000 0.00000 0.00000 0.00000 0.00000 0.00000 0.00000 0.00000 0.00000 0.00000 0.00000 0.00000 0.00000 0.00000 0.00000 0.00000 0.00000 0.00000 0.00000 0.00000 0.00000 0.00000 0.03870 0.11659 0.19421 0.27165 0.35143 0.43137 0.50905 0.58707 0.66915 0.75074 0.76561 0.71337 0.66351 0.61520 0.56483 0.51317 0.46242 0.41146 0.35962 0.30880 0.26923 0.24093 0.21294 0.18569 0.15754 0.12869 0.10045 0.07208 0.04334 0.01447 0.00000 0.00000 0.00000 0.00000 0.00000 0.00000 0.00000 0.00000 0.00000 0.00000 0.00000 0.00000 0.00000 0.00000 0.00000 0.00000 0.00000 0.00000 0.00000 0.00000 0.00000 0.00000 0.00000 0.00000 0.00000 0.00000 0.00000 0.00000 0.00000 0.00000 0.00000 0.00000 0.00000 0.00000 0.00000 0.00000 0.00000 0.00000 0.00000 0.00000 0.00000 0.00000 0.00000 0.00000 0.00000 0.00000 0.00000 0.00000 0.00000 0.00000 0.00000 0.00000 0.00000 0.00000 0.00000 0.00000 0.00000 0.00000 0.00000 0.00000 0.00000 0.00000 0.00000 0.00000 0.00000 0.00000 0.00000 0.00000 0.00000 0.00000 0.00000 0.00000 0.00000 0.00000 0.00000 0.00000 0.00000 0.00000 0.00000 0.00000 0.00000 0.00000 0.00000 0.00000 0.00000 0.00000 0.00000 0.00000 0.00000 0.00000 0.00000 0.00000 0.00000 0.00000 0.00000 0.00000 0.00000 0.00000 0.00000 0.00000 0.00000 0.00000 0.00000 0.00000 0.00000 0.00000 0.00000 0.00000 0.00000 0.00000 0.00000 0.00000 0.00000 0.00000 0.00000 0.00000 0.00000 0.00000 0.00000 0.00000 0.00000 0.00000 0.00000 0.00000 0.00000 0.00000 0.00000 0.00000 0.00000 0.00000 0.00000 0.00000 0.00000 0.00000 0.00000 0.00000 0.00000 0.00000 0.00000 0.00000 0.00000 0.00000 0.00000 0.00000 0.00000
0.00000 0.00000 0.00000 0.00000 0.00000 0.00000 0.00000 0.00000 0.00000 0.00000 0.00000 0.00000 0.00000 0.00000 0.00000 0.00000 0.00000 0.00000 0.00000 0.00000 0.00000 0.00000 0.00000 0.00000 0.00000 0.00000 0.00000 0.00000 0.00000 0.00000 0.00000 0.00000 0.00000 0.00000 0.00000 0.03863 0.11619 0.19529 0.27350 0.35028 0.43007 0.51137 0.59029 0.66795 0.74939 0.76321 0.70492 0.64421 0.58554 0.52986 0.47034 0.41039 0.35164 0.29241 0.23193 0.19227 0.17278 0.15253 0.13225 0.11260 0.09243 0.07182 0.05142 0.03101 0.01036 0.00000 0.00000 0.00000 0.00000 0.00000 0.00000 0.00000 0.00000 0.00000 0.00000 0.00000 0.00000 0.00000 0.00000 0.00000 0.00000 0.00000 0.00000 0.00000 0.00000 0.00000 0.00000 0.00000 0.00000 0.00000 0.00000 0.00000 0.00000 0.00000 0.00000 0.00000 0.00000 0.00000 0.00000 0.00000 0.00000 0.00000 0.00000 0.00000 0.00000 0.00000 0.00000 0.00000 0.00000 0.00000 0.00000 0.00000 0.00000 0.00000 0.00000 0.00000 0.00000 0.00000 0.00000 0.00000 0.00000 0.00000 0.00000 0.00000 0.00000 0.00000 0.00000 0.00000 0.00000 0.00000 0.00000 0.00000 0.00000 0.00000 0.00000 0.00000 0.00000 0.00000 0.00000 0.00000 0.00000 0.00000 0.00000 0.00000 0.00000 0.00000 0.00000 0.00000 0.00000 0.00000 0.00000 0.00000 0.00000 0.00000 0.00000 0.00000 0.00000 0.00000 0.00000 0.00000 0.00000 0.00000 0.00000 0.00000 0.00000 0.00000 0.00000 0.00000 0.00000 0.00000 0.00000 0.00000 0.00000 0.00000 0.00000 0.00000 0.00000 0.00000 0.00000 0.00000 0.00000 0.00000 0.00000 0.00000 0.00000 0.00000 0.00000 0.00000 0.00000 0.00000 0.00000 0.00000 0.00000 0.00000 0.00000 0.00000 0.00000 0.00000 0.00000 0.00000 0.00000 0.00000 0.00000 0.00000 0.00000 0.00000 0.00000 0.00000 0.00000 0.00000
0.00000 0.00000 0.00000 0.00000 0.00000 0.00000 0.00000 0.00000 0.00000 0.00000 0.00000 0.00000 0.00000 0.00000 0.00000 0.00000 0.00000 0.00000 0.00000 0.00000 0.00000 0.00000 0.00000 0.00000 0.00000 0.00000 0.00000 0.00000 0.00000 0.00000 0.00000 0.00000 0.00000 0.00000 0.00000 0.03887 0.11643 0.19459 0.27393 0.35232 0.42933 0.51030 0.59193 0.67101 0.74880 0.75733 0.69403 0.62763 0.55937 0.49243 0.42688 0.35893 0.29177 0.22399 0.15562 0.11534 0.10374 0.09178 0.07955 0.06745 0.05549 0.04324 0.03093 0.01861 0.00622 0.00000 0.00000 0.00000 0.00000 0.00000 0.00000 0.00000 0.00000 0.00000 0.00000 0.00000 0.00000 0.00000 0.00000 0.00000 0.00000 0.00000 0.00000 0.00000 0.00000 0.00000 0.00000 0.00000 0.00000 0.00000 0.00000 0.00000 0.00000 0.00000 0.00000 0.00000 0.00000 0.00000 0.00000 0.00000 0.00000 0.00000 0.00000 0.00000 0.00000 0.00000 0.00000 0.00000 0.00000 0.00000 0.00000 0.00000 0.00000 0.00000 0.00000 0.00000 0.00000 0.00000 0.00000 0.00000 0.00000 0.00000 0.00000 0.00000 0.00000 0.00000 0.00000 0.00000 0.00000 0.00000 0.00000 0.00000 0.00000 0.00000 0.00000 0.00000 0.00000 0.00000 0.00000 0.00000 0.00000 0.00000 0.00000 0.00000 0.00000 0.00000 0.00000 0.00000 0.00000 0.00000 0.00000 0.00000 0.00000 0.00000 0.00000 0.00000 0.00000 0.00000 0.00000 0.00000 0.00000 0.00000 0.00000 0.00000 0.00000 0.00000 0.00000 0.00000 0.00000 0.00000 0.00000 0.00000 0.00000 0.00000 0.00000 0.00000 0.00000 0.00000 0.00000 0.00000 0.00000 0.00000 0.00000 0.00000 0.00000 0.00000 0.00000 0.00000 0.00000 0.00000 0.00000 0.00000 0.00000 0.00000 0.00000 0.00000 0.00000 0.00000 0.00000 0.00000 0.00000 0.00000 0.00000 0.00000 0.00000 0.00000 0.00000 0.00000 0.00000 0.00000
0.00000 0.00000 0.00000 0.00000 0.00000 0.00000 0.00000 0.00000 0.00000 0.00000 0.00000 0.00000 0.00000 0.00000 0.00000 0.00000 0.00000 0.00000 0.00000 0.00000 0.00000 0.00000 0.00000 0.00000 0.00000 0.00000 0.00000 0.00000 0.00000 0.00000 0.00000 0.00000 0.00000 0.00000 0.00000 0.03892 0.11708 0.19426 0.27295 0.35365 0.43237 0.50940 0.59070 0.67290 0.75143 0.75350 0.68129 0.60879 0.53250 0.45717 0.38279 0.30797 0.23138 0.15536 0.07904 0.03857 0.03452 0.03061 0.02662 0.02253 0.01846 0.01444 0.01033 0.00621 0.00208 0.00000 0.00000 0.00000 0.00000 0.00000 0.00000 0.00000 0.00000 0.00000 0.00000 0.00000 0.00000 0.00000 0.00000 0.00000 0.00000 0.00000 0.00000 0.00000 0.00000 0.00000 0.00000 0.00000 0.00000 0.00000 0.00000 0.00000 0.00000 0.00000 0.00000 0.00000 0.00000 0.00000 0.00000 0.00000 0.00000 0.00000 0.00000 0.00000 0.00000 0.00000 0.00000 0.00000 0.00000 0.00000 0.00000 0.00000 0.00000 0.00000 0.00000 0.00000 0.00000 0.00000 0.00000 0.00000 0.00000 0.00000 0.00000 0.00000 0.00000 0.00000 0.00000 0.00000 0.00000 0.00000 0.00000 0.00000 0.00000 0.00000 0.00000 0.00000 0.00000 0.00000 0.00000 0.00000 0.00000 0.00000 0.00000 0.00000 0.00000 0.00000 0.00000 0.00000 0.00000 0.00000 0.00000 0.00000 0.00000 0.00000 0.00000 0.00000 0.00000 0.00000 0.00000 0.00000 0.00000 0.00000 0.00000 0.00000 0.00000 0.00000 0.00000 0.00000 0.00000 0.00000 0.00000 0.00000 0.00000 0.00000 0.00000 0.00000 0.00000 0.00000 0.00000 0.00000 0.00000 0.00000 0.00000 0.00000 0.00000 0.00000 0.00000 0.00000 0.00000 0.00000 0.00000 0.00000 0.00000 0.00000 0.00000 0.00000 0.00000 0.00000 0.00000 0.00000 0.00000 0.00000 0.00000 0.00000 0.00000 0.00000 0.00000 0.00000 0.00000 0.00000
0.00000 0.00000 0.00000 0.00000 0.00000 0.00000 0.00000 0.00000 0.00000 0.00000 0.00000 0.00000 0.00000 0.00000 0.00000 0.00000 0.00000 0.00000 0.00000 0.00000 0.00000 0.00000 0.00000 0.00000 0.00000 0.00000 0.00000 0.00000 0.00000 0.00000 0.00000 0.00000 0.00000 0.00000 0.00000 0.03686 0.11105 0.18592 0.25931 0.33456 0.41159 0.48697 0.56007 0.63768 0.71675 0.71672 0.64112 0.56753 0.49428 0.41825 0.34305 0.26768 0.19163 0.11510 0.03853 0.00000 0.00000 0.00000 0.00000 0.00000 0.00000 0.00000 0.00000 0.00000 0.00000 0.00000 0.00000 0.00000 0.00000 0.00000 0.00000 0.00000 0.00000 0.00000 0.00000 0.00000 0.00000 0.00000 0.00000 0.00000 0.00000 0.00000 0.00000 0.00000 0.00000 0.00000 0.00000 0.00000 0.00000 0.00000 0.00000 0.00000 0.00000 0.00000 0.00000 0.00000 0.00000 0.00000 0.00000 0.00000 0.00000 0.00000 0.00000 0.00000 0.00000 0.00000 0.00000 0.00000 0.00000 0.00000 0.00000 0.00000 0.00000 0.00000 0.00000 0.00000 0.00000 0.00000 0.00000 0.00000 0.00000 0.00000 0.00000 0.00000 0.00000 0.00000 0.00000 0.00000 0.00000 0.00000 0.00000 0.00000 0.00000 0.00000 0.00000 0.00000 0.00000 0.00000 0.00000 0.00000 0.00000 0.00000 0.00000 0.00000 0.00000 0.00000 0.00000 0.00000 0.00000 0.00000 0.00000 0.00000 0.00000 0.00000 0.00000 0.00000 0.00000 0.00000 0.00000 0.00000 0.00000 0.00000 0.00000 0.00000 0.00000 0.00000 0.00000 0.00000 0.00000 0.00000 0.00000 0.00000 0.00000 0.00000 0.00000 0.00000 0.00000 0.00000 0.00000 0.00000 0.00000 0.00000 0.00000 0.00000 0.00000 0.00000 0.00000 0.00000 0.00000 0.00000 0.00000 0.00000 0.00000 0.00000 0.00000 0.00000 0.00000 0.00000 0.00000 0.00000 0.00000 0.00000 0.00000 0.00000 0.00000 0.00000 0.00000 0.00000 0.00000 0.00000
0.00000 0.00000 0.00000 0.00000 0.00000 0.00000 0.00000 0.00000 0.00000 0.00000 0.00000 0.00000 0.00000 0.00000 0.00000 0.00000 0.00000 0.00000 0.00000 0.00000 0.00000 0.00000 0.00000 0.00000 0.00000 0.00000 0.00000 0.00000 0.00000 0.00000 0.00000 0.00000 0.00000 0.00000 0.00000 0.03304 0.09925 0.16648 0.23360 0.29884 0.36719 0.43675 0.50340 0.57010 0.64098 0.64345 0.57429 0.50777 0.44238 0.37571 0.30698 0.23938 0.17185 0.10333 0.03444 0.00000 0.00000 0.00000 0.00000 0.00000 0.00000 0.00000 0.00000 0.00000 0.00000 0.00000 0.00000 0.00000 0.00000 0.00000 0.00000 0.00000 0.00000 0.00000 0.00000 0.00000 0.00000 0.00000 0.00000 0.00000 0.00000 0.00000 0.00000 0.00000 0.00000 0.00000 0.00000 0.00000 0.00000 0.00000 0.00000 0.00000 0.00000 0.00000 0.00000 0.00000 0.00000 0.00000 0.00000 0.00000 0.00000 0.00000 0.00000 0.00000 0.00000 0.00000 0.00000 0.00000 0.00000 0.00000 0.00000 0.00000 0.00000 0.00000 0.00000 0.00000 0.00000 0.00000 0.00000 0.00000 0.00000 0.00000 0.00000 0.00000 0.00000 0.00000 0.00000 0.00000 0.00000 0.00000 0.00000 0.00000 0.00000 0.00000 0.00000 0.00000 0.00000 0.00000 0.00000 0.00000 0.00000 0.00000 0.00000 0.00000 0.00000 0.00000 0.00000 0.00000 0.00000 0.00000 0.00000 0.00000 0.00000 0.00000 0.00000 0.00000 0.00000 0.00000 0.00000 0.00000 0.00000 0.00000 0.00000 0.00000 0.00000 0.00000 0.00000 0.00000 0.00000 0.00000 0.00000 0.00000 0.00000 0.00000 0.00000 0.00000 0.00000 0.00000 0.00000 0.00000 0.00000 0.00000 0.00000 0.00000 0.00000 0.00000 0.00000 0.00000 0.00000 0.00000 0.00000 0.00000 0.00000 0.00000 0.00000 0.00000 0.00000 0.00000 0.00000 0.00000 0.00000 0.00000 0.00000 0.00000 0.00000 0.00000 0.00000 0.00000 0.00000 0.00000
0.00000 0.00000 0.00000 0.00000 0.00000 0.00000 0.00000 0.00000 0.00000 0.00000 0.00000 0.00000 0.00000 0.00000 0.00000 0.00000 0.00000 0.00000 0.00000 0.00000 0.00000 0.00000 0.00000 0.00000 0.00000 0.00000 0.00000 0.00000 0.00000 0.00000 0.00000 0.00000 0.00000 0.00000 0.00000 0.02933 0.08791 0.14636 0.20594 0.26604 0.32352 0.38383 0.44562 0.50546 0.56424 0.56690 0.50938 0.44901 0.39002 0.33146 0.27183 0.21153 0.15165 0.09129 0.03046 0.00000 0.00000 0.00000 0.00000 0.00000 0.00000 0.00000 0.00000 0.00000 0.00000 0.00000 0.00000 0.00000 0.00000 0.00000 0.00000 0.00000 0.00000 0.00000 0.00000 0.00000 0.00000 0.00000 0.00000 0.00000 0.00000 0.00000 0.00000 0.00000 0.00000 0.00000 0.00000 0.00000 0.00000 0.00000 0.00000 0.00000 0.00000 0.00000 0.00000 0.00000 0.00000 0.00000 0.00000 0.00000 0.00000 0.00000 0.00000 0.00000 0.00000 0.00000 0.00000 0.00000 0.00000 0.00000 0.00000 0.00000 0.00000 0.00000 0.00000 0.00000 0.00000 0.00000 0.00000 0.00000 0.00000 0.00000 0.00000 0.00000 0.00000 0.00000 0.00000 0.00000 0.00000 0.00000 0.00000 0.00000 0.00000 0.00000 0.00000 0.00000 0.00000 0.00000 0.00000 0.00000 0.00000 0.00000 0.00000 0.00000 0.00000 0.00000 0.00000 0.00000 0.00000 0.00000 0.00000 0.00000 0.00000 0.00000 0.00000 0.00000 0.00000 0.00000 0.00000 0.00000 0.00000 0.00000 0.00000 0.00000 0.00000 0.00000 0.00000 0.00000 0.00000 0.00000 0.00000 0.00000 0.00000 0.00000 0.00000 0.00000 0.00000 0.00000 0.00000 0.00000 0.00000 0.00000 0.00000 0.00000 0.00000 0.00000 0.00000 0.00000 0.00000 0.00000 0.00000 0.00000 0.00000 0.00000 0.00000 0.00000 0.00000 0.00000 0.00000 0.00000 0.00000 0.00000 0.00000 0.00000 0.00000 0.00000 0.00000 0.00000 0.00000 0.00000
0.00000 0.00000 0.00000 0.00000 0.00000 0.00000 0.00000 0.00000 0.00000 0.00000 0.00000 0.00000 0.00000 0.00000 0.00000 0.00000 0.00000 0.00000 0.00000 0.00000 0.00000 0.00000 0.00000 0.00000 0.00000 0.00000 0.00000 0.00000 0.00000 0.00000 0.00000 0.00000 0.00000 0.00000 0.00000 0.02536 0.07643 0.12693 0.17820 0.23062 0.28239 0.33227 0.38571 0.43919 0.48970 0.49065 0.44160 0.39098 0.33811 0.28682 0.23599 0.18399 0.13139 0.07907 0.02648 0.00000 0.00000 0.00000 0.00000 0.00000 0.00000 0.00000 0.00000 0.00000 0.00000 0.00000 0.00000 0.00000 0.00000 0.00000 0.00000 0.00000 0.00000 0.00000 0.00000 0.00000 0.00000 0.00000 0.00000 0.00000 0.00000 0.00000 0.00000 0.00000 0.00000 0.00000 0.00000 0.00000 0.00000 0.00000 0.00000 0.00000 0.00000 0.00000 0.00000 0.00000 0.00000 0.00000 0.00000 0.00000 0.00000 0.00000 0.00000 0.00000 0.00000 0.00000 0.00000 0.00000 0.00000 0.00000 0.00000 0.00000 0.00000 0.00000 0.00000 0.00000 0.00000 0.00000 0.00000 0.00000 0.00000 0.00000 0.00000 0.00000 0.00000 0.00000 0.00000 0.00000 0.00000 0.00000 0.00000 0.00000 0.00000 0.00000 0.00000 0.00000 0.00000 0.00000 0.00000 0.00000 0.00000 0.00000 0.00000 0.00000 0.00000 0.00000 0.00000 0.00000 0.00000 0.00000 0.00000 0.00000 0.00000 0.00000 0.00000 0.00000 0.00000 0.00000 0.00000 0.00000 0.00000 0.00000 0.00000 0.00000 0.00000 0.00000 0.00000 0.00000 0.00000 0.00000 0.00000 0.00000 0.00000 0.00000 0.00000 0.00000 0.00000 0.00000 0.00000 0.00000 0.00000 0.00000 0.00000 0.00000 0.00000 0.00000 0.00000 0.00000 0.00000 0.00000 0.00000 0.00000 0.00000 0.00000 0.00000 0.00000 0.00000 0.00000 0.00000 0.00000 0.00000 0.00000 0.00000 0.00000 0.00000 0.00000 0.00000 0.00000 0.00000 0.00000
0.00000 0.00000 0.00000 0.00000 0.00000 0.00000 0.00000 0.00000 0.00000 0.00000 0.00000 0.00000 0.00000 0.00000 0.00000 0.00000 0.00000 0.00000 0.00000 0.00000 0.00000 0.00000 0.00000 0.00000 0.00000 0.00000 0.00000 0.00000 0.00000 0.00000 0.00000 0.00000 0.00000 0.00000 0.00000 0.02141 0.06447 0.10828 0.15116 0.19431 0.23886 0.28375 0.32593 0.37078 0.41649 0.41598 0.37301 0.33080 0.28741 0.24309 0.19957 0.15592 0.11145 0.06699 0.02242 0.00000 0.00000 0.00000 0.00000 0.00000 0.00000 0.00000 0.00000 0.00000 0.00000 0.00000 0.00000 0.00000 0.00000 0.00000 0.00000 0.00000 0.00000 0.00000 0.00000 0.00000 0.00000 0.00000 0.00000 0.00000 0.00000 0.00000 0.00000 0.00000 0.00000 0.00000 0.00000 0.00000 0.00000 0.00000 0.00000 0.00000 0.00000 0.00000 0.00000 0.00000 0.00000 0.00000 0.00000 0.00000 0.00000 0.00000 0.00000 0.00000 0.00000 0.00000 0.00000 0.00000 0.00000 0.00000 0.00000 0.00000 0.00000 0.00000 0.00000 0.00000 0.00000 0.00000 0.00000 0.00000 0.00000 0.00000 0.00000 0.00000 0.00000 0.00000 0.00000 0.00000 0.00000 0.00000 0.00000 0.00000 0.00000 0.00000 0.00000 0.00000 0.00000 0.00000 0.00000 0.00000 0.00000 0.00000 0.00000 0.00000 0.00000 0.00000 0.00000 0.00000 0.00000 0.00000 0.00000 0.00000 0.00000 0.00000 0.00000 0.00000 0.00000 0.00000 0.00000 0.00000 0.00000 0.00000 0.00000 0.00000 0.00000 0.00000 0.00000 0.00000 0.00000 0.00000 0.00000 0.00000 0.00000 0.00000 0.00000 0.00000 0.00000 0.00000 0.00000 0.00000 0.00000 0.00000 0.00000 0.00000 0.00000 0.00000 0.00000 0.00000 0.00000 0.00000 0.00000 0.00000 0.00000 0.00000 0.00000 0.00000 0.00000 0.00000 0.00000 0.00000 0.00000 0.00000 0.00000 0.00000 0.00000 0.00000 0.00000 0.00000 0.00000 0.00000
0.00000 0.00000 0.00000 0.00000 0.00000 0.00000 0.00000 0.00000 0.00000 0.00000 0.00000 0.00000 0.00000 0.00000 0.00000 0.00000 0.00000 0.00000 0.00000 0.00000 0.00000 0.00000 0.00000 0.00000 0.00000 0.00000 0.00000 0.00000 0.00000 0.00000 0.00000 0.00000 0.00000 0.00000 0.00000 0.01760 0.05273 0.08836 0.12430 0.15903 0.19492 0.23185 0.26802 0.30314 0.34043 0.34195 0.30537 0.27007 0.23529 0.19973 0.16333 0.12732 0.09147 0.05494 0.01832 0.00000 0.00000 0.00000 0.00000 0.00000 0.00000 0.00000 0.00000 0.00000 0.00000 0.00000 0.00000 0.00000 0.00000 0.00000 0.00000 0.00000 0.00000 0.00000 0.00000 0.00000 0.00000 0.00000 0.00000 0.00000 0.00000 0.00000 0.00000 0.00000 0.00000 0.00000 0.00000 0.00000 0.00000 0.00000 0.00000 0.00000 0.00000 0.00000 0.00000 0.00000 0.00000 0.00000 0.00000 0.00000 0.00000 0.00000 0.00000 0.00000 0.00000 0.00000 0.00000 0.00000 0.00000 0.00000 0.00000 0.00000 0.00000 0.00000 0.00000 0.00000 0.00000 0.00000 0.00000 0.00000 0.00000 0.00000 0.00000 0.00000 0.00000 0.00000 0.00000 0.00000 0.00000 0.00000 0.00000 0.00000 0.00000 0.00000 0.00000 0.00000 0.00000 0.00000 0.00000 0.00000 0.00000 0.00000 0.00000 0.00000 0.00000 0.00000 0.00000 0.00000 0.00000 0.00000 0.00000 0.00000 0.00000 0.00000 0.00000 0.00000 0.00000 0.00000 0.00000 0.00000 0.00000 0.00000 0.00000 0.00000 0.00000 0.00000 0.00000 0.00000 0.00000 0.00000 0.00000 0.00000 0.00000 0.00000 0.00000 0.00000 0.00000 0.00000 0.00000 0.00000 0.00000 0.00000 0.00000 0.00000 0.00000 0.00000 0.00000 0.00000 0.00000 0.00000 0.00000 0.00000 0.00000 0.00000 0.00000 0.00000 0.00000 0.00000 0.00000 0.00000 0.00000 0.00000 0.00000 0.00000 0.00000 0.00000 0.00000 0.00000 0.00000 0.00000
0.00000 0.00000 0.00000 0.00000 0.00000 0.00000 0.00000 0.00000 0.00000 0.00000 0.00000 0.00000 0.00000 0.00000 0.00000 0.00000 0.00000 0.00000 0.00000 0.00000 0.00000 0.00000 0.00000 0.00000 0.00000 0.00000 0.00000 0.00000 0.00000 0.00000 0.00000 0.00000 0.00000 0.00000 0.00000 0.01376 0.04129 0.06850 0.09636 0.12465 0.15195 0.17972 0.20865 0.23655 0.26465 0.26586 0.23866 0.21033 0.18288 0.15553 0.12740 0.09921 0.07111 0.04286 0.01428 0.00000 0.00000 0.00000 0.00000 0.00000 0.00000 0.00000 0.00000 0.00000 0.00000 0.00000 0.00000 0.00000 0.00000 0.00000 0.00000 0.00000 0.00000 0.00000 0.00000 0.00000 0.00000 0.00000 0.00000 0.00000 0.00000 0.00000 0.00000 0.00000 0.00000 0.00000 0.00000 0.00000 0.00000 0.00000 0.00000 0.00000 0.00000 0.00000 0.00000 0.00000 0.00000 0.00000 0.00000 0.00000 0.00000 0.00000 0.00000 0.00000 0.00000 0.00000 0.00000 0.00000 0.00000 0.00000 0.00000 0.00000 0.00000 0.00000 0.00000 0.00000 0.00000 0.00000 0.00000 0.00000 0.00000 0.00000 0.00000 0.00000 0.00000 0.00000 0.00000 0.00000 0.00000 0.00000 0.00000 0.00000 0.00000 0.00000 0.00000 0.00000 0.00000 0.00000 0.00000 0.00000 0.00000 0.00000 0.00000 0.00000 0.00000 0.00000 0.00000 0.00000 0.00000 0.00000 0.00000 0.00000 0.00000 0.00000 0.00000 0.00000 0.00000 0.00000 0.00000 0.00000 0.00000 0.00000 0.00000 0.00000 0.00000 0.00000 0.00000 0.00000 0.00000 0.00000 0.00000 0.00000 0.00000 0.00000 0.00000 0.00000 0.00000 0.00000 0.00000 0.00000 0.00000 0.00000 0.00000 0.00000 0.00000 0.00000 0.00000 0.00000 0.00000 0.00000 0.00000 0.00000 0.00000 0.00000 0.00000 0.00000 0.00000 0.00000 0.00000 0.00000 0.00000 0.00000 0.00000 0.00000 0.00000 0.00000 0.00000 0.00000 0.00000 0.00000
0.00000 0.00000 0.00000 0.00000 0.00000 0.00000 0.00000 0.00000 0.00000 0.00000 0.00000 0.00000 0.00000 0.00000 0.00000 0.00000 0.00000 0.00000 0.00000 0.00000 0.00000 0.00000 0.00000 0.00000 0.00000 0.00000 0.00000 0.00000 0.00000 0.00000 0.00000 0.00000 0.00000 0.00000 0.00000 0.00978 0.02952 0.04911 0.06868 0.08889 0.10906 0.12851 0.14854 0.16946 0.18937 0.18960 0.17035 0.15091 0.13076 0.11083 0.09113 0.07105 0.05079 0.03055 0.01025 0.00000 0.00000 0.00000 0.00000 0.00000 0.00000 0.00000 0.00000 0.00000 0.00000 0.00000 0.00000 0.00000 0.00000 0.00000 0.00000 0.00000 0.00000 0.00000 0.00000 0.00000 0.00000 0.00000 0.00000 0.00000 0.00000 0.00000 0.00000 0.00000 0.00000 0.00000 0.00000 0.00000 0.00000 0.00000 0.00000 0.00000 0.00000 0.00000 0.00000 0.00000 0.00000 0.00000 0.00000 0.00000 0.00000 0.00000 0.00000 0.00000 0.00000 0.00000 0.00000 0.00000 0.00000 0.00000 0.00000 0.00000 0.00000 0.00000 0.00000 0.00000 0.00000 0.00000 0.00000 0.00000 0.00000 0.00000 0.00000 0.00000 0.00000 0.00000 0.00000 0.00000 0.00000 0.00000 0.00000 0.00000 0.00000 0.00000 0.00000 0.00000 0.00000 0.00000 0.00000 0.00000 0.00000 0.00000 0.00000 0.00000 0.00000 0.00000 0.00000 0.00000 0.00000 0.00000 0.00000 0.00000 0.00000 0.00000 0.00000 0.00000 0.00000 0.00000 0.00000 0.00000 0.00000 0.00000 0.00000 0.00000 0.00000 0.00000 0.00000 0.00000 0.00000 0.00000 0.00000 0.00000 0.00000 0.00000 0.00000 0.00000 0.00000 0.00000 0.00000 0.00000 0.00000 0.00000 0.00000 0.00000 0.00000 0.00000 0.00000 0.00000 0.00000 0.00000 0.00000 0.00000 0.00000 0.00000 0.00000 0.00000 0.00000 0.00000 0.00000 0.00000 0.00000 0.00000 0.00000 0.00000 0.00000 0.00000 0.00000 0.00000 0.00000 0.00000
0.00000 0.00000 0.00000 0.00000 0.00000 0.00000 0.00000 0.00000 0.00000 0.00000 0.00000 0.00000 0.00000 0.00000 0.00000 0.00000 0.00000 0.00000 0.00000 0.00000 0.00000 0.00000 0.00000 0.00000 0.00000 0.00000 0.00000 0.00000 0.00000 0.00000 0.00000 0.00000 0.00000 0.00000 0.00000 0.00586 0.01763 0.02957 0.04143 0.05324 0.06537 0.07740 0.08936 0.10163 0.11402 0.11389 0.10221 0.09062 0.07868 0.06661 0.05468 0.04274 0.03053 0.01835 0.00614 0.00000 0.00000 0.00000 0.00000 0.00000 0.00000 0.00000 0.00000 0.00000 0.00000 0.00000 0.00000 0.00000 0.00000 0.00000 0.00000 0.00000 0.00000 0.00000 0.00000 0.00000 0.00000 0.00000 0.00000 0.00000 0.00000 0.00000 0.00000 0.00000 0.00000 0.00000 0.00000 0.00000 0.00000 0.00000 0.00000 0.00000 0.00000 0.00000 0.00000 0.00000 0.00000 0.00000 0.00000 0.00000 0.00000 0.00000 0.00000 0.00000 0.00000 0.00000 0.00000 0.00000 0.00000 0.00000 0.00000 0.00000 0.00000 0.00000 0.00000 0.00000 0.00000 0.00000 0.00000 0.00000 0.00000 0.00000 0.00000 0.00000 0.00000 0.00000 0.00000 0.00000 0.00000 0.00000 0.00000 0.00000 0.00000 0.00000 0.00000 0.00000 0.00000 0.00000 0.00000 0.00000 0.00000 0.00000 0.00000 0.00000 0.00000 0.00000 0.00000 0.00000 0.00000 0.00000 0.00000 0.00000 0.00000 0.00000 0.00000 0.00000 0.00000 0.00000 0.00000 0.00000 0.00000 0.00000 0.00000 0.00000 0.00000 0.00000 0.00000 0.00000 0.00000 0.00000 0.00000 0.00000 0.00000 0.00000 0.00000 0.00000 0.00000 0.00000 0.00000 0.00000 0.00000 0.00000 0.00000 0.00000 0.00000 0.00000 0.00000 0.00000 0.00000 0.00000 0.00000 0.00000 0.00000 0.00000 0.00000 0.00000 0.00000 0.00000 0.00000 0.00000 0.00000 0.00000 0.00000 0.00000 0.00000 0.00000 0.00000 0.00000 0.00000 0.00000
0.00000 0.00000 0.00000 0.00000 0.00000 0.00000 0.00000 0.00000 0.00000 0.00000 0.00000 0.00000 0.00000 0.00000 0.00000 0.00000 0.00000 0.00000 0.00000 0.00000 0.00000 0.00000 0.00000 0.00000 0.00000 0.00000 0.00000 0.00000 0.00000 0.00000 0.00000 0.00000 0.00000 0.00000 0.00000 0.00197 0.00587 0.00984 0.01383 0.01777 0.02173 0.02583 0.02986 0.03386 0.03794 0.03811 0.03412 0.03016 0.02623 0.02227 0.01824 0.01421 0.01020 0.00613 0.00204 0.00000 0.00000 0.00000 0.00000 0.00000 0.00000 0.00000 0.00000 0.00000 0.00000 0.00000 0.00000 0.00000 0.00000 0.00000 0.00000 0.00000 0.00000 0.00000 0.00000 0.00000 0.00000 0.00000 0.00000 0.00000 0.00000 0.00000 0.00000 0.00000 0.00000 0.00000 0.00000 0.00000 0.00000 0.00000 0.00000 0.00000 0.00000 0.00000 0.00000 0.00000 0.00000 0.00000 0.00000 0.00000 0.00000 0.00000 0.00000 0.00000 0.00000 0.00000 0.00000 0.00000 0.00000 0.00000 0.00000 0.00000 0.00000 0.00000 0.00000 0.00000 0.00000 0.00000 0.00000 0.00000 0.00000 0.00000 0.00000 0.00000 0.00000 0.00000 0.00000 0.00000 0.00000 0.00000 0.00000 0.00000 0.00000 0.00000 0.00000 0.00000 0.00000 0.00000 0.00000 0.00000 0.00000 0.00000 0.00000 0.00000 0.00000 0.00000 0.00000 0.00000 0.00000 0.00000 0.00000 0.00000 0.00000 0.00000 0.00000 0.00000 0.00000 0.00000 0.00000 0.00000 0.00000 0.00000 0.00000 0.00000 0.00000 0.00000 0.00000 0.00000 0.00000 0.00000 0.00000 0.00000 0.00000 0.00000 0.00000 0.00000 0.00000 0.00000 0.00000 0.00000 0.00000 0.00000 0.00000 0.00000 0.00000 0.00000 0.00000 0.00000 0.00000 0.00000 0.00000 0.00000 0.00000 0.00000 0.00000 0.00000 0.00000 0.00000 0.00000 0.00000 0.00000 0.00000 0.00000 0.00000 0.00000 0.00000 0.00000 0.00000 0.00000 0.00000
0.00000 0.00000 0.00000 0.00000 0.00000 0.00000 0.00000 0.00000 0.00000 0.00000 0.00000 0.00000 0.00000 0.00000 0.00000 0.00000 0.00000 0.00000 0.00000 0.00000 0.00000 0.00000 0.00000 0.00000 0.00000 0.00000 0.00000 0.00000 0.00000 0.00000 0.00000 0.00000 0.00000 0.00000 0.00000 0.00000 0.00000 0.00000 0.00000 0.00000 0.00000 0.00000 0.00000 0.00000 0.00000 0.00000 0.00000 0.00000 0.00000 0.00000 0.00000 0.00000 0.00000 0.00000 0.00000 0.00000 0.00000 0.00000 0.00000 0.00000 0.00000 0.00000 0.00000 0.00000 0.00000 0.00000 0.00000 0.00000 0.00000 0.00000 0.00000 0.00000 0.00000 0.00000 0.00000 0.00000 0.00000 0.00000 0.00000 0.00000 0.00000 0.00000 0.00000 0.00000 0.00000 0.00000 0.00000 0.00000 0.00000 0.00000 0.00000 0.00000 0.00000 0.00000 0.00000 0.00000 0.00000 0.00000 0.00000 0.00000 0.00000 0.00000 0.00000 0.00000 0.00000 0.00000 0.00000 0.00000 0.00000 0.00000 0.00000 0.00000 0.00000 0.00000 0.00000 0.00000 0.00000 0.00000 0.00000 0.00000 0.00000 0.00000 0.00000 0.00000 0.00000 0.00000 0.00000 0.00000 0.00000 0.00000 0.00000 0.00000 0.00000 0.00000 0.00000 0.00000 0.00000 0.00000 0.00000 0.00000 0.00000 0.00000 0.00000 0.00000 0.00000 0.00000 0.00000 0.00000 0.00000 0.00000 0.00000 0.00000 0.00000 0.00000 0.00000 0.00000 0.00000 0.00000 0.00000 0.00000 0.00000 0.00000 0.00000 0.00000 0.00000 0.00000 0.00000 0.00000 0.00000 0.00000 0.00000 0.00000 0.00000 0.00000 0.00000 0.00000 0.00000 0.00000 0.00000 0.00000 0.00000 0.00000 0.00000 0.00000 0.00000 0.00000 0.00000 0.00000 0.00000 0.00000 0.00000 0.00000 0.00000 0.00000 0.00000 0.00000 0.00000 0.00000 0.00000 0.00000 0.00000 0.00000 0.00000 0.00000 0.00000 0.00000 0.00000 0.00000 0.00000 0.00000
0.00000 0.00000 0.00000 0.00000 0.00000 0.00000 0.00000 0.00000 0.00000 0.00000 0.00000 0.00000 0.00000 0.00000 0.00000 0.00000 0.00000 0.00000 0.00000 0.00000 0.00000 0.00000 0.00000 0.00000 0.00000 0.00000 0.00000 0.00000 0.00000 0.00000 0.00000 0.00000 0.00000 0.00000 0.00000 0.00000 0.00000 0.00000 0.00000 0.00000 0.00000 0.00000 0.00000 0.00000 0.00000 0.00000 0.00000 0.00000 0.00000 0.00000 0.00000 0.00000 0.00000 0.00000 0.00000 0.00000 0.00000 0.00000 0.00000 0.00000 0.00000 0.00000 0.00000 0.00000 0.00000 0.00000 0.00000 0.00000 0.00000 0.00000 0.00000 0.00000 0.00000 0.00000 0.00000 0.00000 0.00000 0.00000 0.00000 0.00000 0.00000 0.00000 0.00000 0.00000 0.00000 0.00000 0.00000 0.00000 0.00000 0.00000 0.00000 0.00000 0.00000 0.00000 0.00000 0.00000 0.00000 0.00000 0.00000 0.00000 0.00000 0.00000 0.00000 0.00000 0.00000 0.00000 0.00000 0.00000 0.00000 0.00000 0.00000 0.00000 0.00000 0.00000 0.00000 0.00000 0.00000 0.00000 0.00000 0.00000 0.00000 0.00000 0.00000 0.00000 0.00000 0.00000 0.00000 0.00000 0.00000 0.00000 0.00000 0.00000 0.00000 0.00000 0.00000 0.00000 0.00000 0.00000 0.00000 0.00000 0.00000 0.00000 0.00000 0.00000 0.00000 0.00000 0.00000 0.00000 0.00000 0.00000 0.00000 0.00000 0.00000 0.00000 0.00000 0.00000 0.00000 0.00000 0.00000 0.00000 0.00000 0.00000 0.00000 0.00000 0.00000 0.00000 0.00000 0.00000 0.00000 0.00000 0.00000 0.00000 0.00000 0.00000 0.00000 0.00000 0.00000 0.00000 0.00000 0.00000 0.00000 0.00000 0.00000 0.00000 0.00000 0.00000 0.00000 0.00000 0.00000 0.00000 0.00000 0.00000 0.00000 0.00000 0.00000 0.00000 0.00000 0.00000 0.00000 0.00000 0.00000 0.00000 0.00000 0.00000 0.00000 0.00000 0.00000 0.00000 0.00000 0.00000
0.00000 0.00000 0.00000 0.00000 0.00000 0.00000 0.00000 0.00000 0.00000 0.00000 0.00000 0.00000 0.00000 0.00000 0.00000 0.00000 0.00000 0.00000 0.00000 0.00000 0.00000 0.00000 0.00000 0.00000 0.00000 0.00000 0.00000 0.00000 0.00000 0.00000 0.00000 0.00000 0.00000 0.00000 0.00000 0.00000 0.00000 0.00000 0.00000 0.00000 0.00000 0.00000 0.00000 0.00000 0.00000 0.00000 0.00000 0.00000 0.00000 0.00000 0.00000 0.00000 0.00000 0.00000 0.00000 0.00000 0.00000 0.00000 0.00000 0.00000 0.00000 0.00000 0.00000 0.00000 0.00000 0.00000 0.00000 0.00000 0.00000 0.00000 0.00000 0.00000 0.00000 0.00000 0.00000 0.00000 0.00000 0.00000 0.00000 0.00000 0.00000 0.00000 0.00000 0.00000 0.00000 0.00000 0.00000 0.00000 0.00000 0.00000 0.00000 0.00000 0.00000 0.00000 0.00000 0.00000 0.00000 0.00000 0.00000 0.00000 0.00000 0.00000 0.00000 0.00000 0.00000 0.00000 0.00000 0.00000 0.00000 0.00000 0.00000 0.00000 0.00000 0.00000 0.00000 0.00000 0.00000 0.00000 0.00000 0.00000 0.00000 0.00000 0.00000 0.00000 0.00000 0.00000 0.00000 0.00000 0.00000 0.00000 0.00000 0.00000 0.00000 0.00000 0.00000 0.00000 0.00000 0.00000 0.00000 0.00000 0.00000 0.00000 0.00000 0.00000 0.00000 0.00000 0.00000 0.00000 0.00000 0.00000 0.00000 0.00000 0.00000 0.00000 0.00000 0.00000 0.00000 0.00000 0.00000 0.00000 0.00000 0.00000 0.00000 0.00000 0.00000 0.00000 0.00000 0.00000 0.00000 0.00000 0.00000 0.00000 0.00000 0.00000 0.00000 0.00000 0.00000 0.00000 0.00000 0.00000 0.00000 0.00000 0.00000 0.00000 0.00000 0.00000 0.00000 0.00000 0.00000 0.00000 0.00000 0.00000 0.00000 0.00000 0.00000 0.00000 0.00000 0.00000 0.00000 0.00000 0.00000 0.00000 0.00000 0.00000 0.00000 0.00000 0.00000 0.00000 0.00000 0.00000
0.00000 0.00000 0.00000 0.00000 0.00000 0.00000 0.00000 0.00000 0.00000 0.00000 0.00000 0.00000 0.00000 0.00000 0.00000 0.00000 0.00000 0.00000 0.00000 0.00000 0.00000 0.00000 0.00000 0.00000 0.00000 0.00000 0.00000 0.00000 0.00000 0.00000 0.00000 0.00000 0.00000 0.00000 0.00000 0.00000 0.00000 0.00000 0.00000 0.00000 0.00000 0.00000 0.00000 0.00000 0.00000 0.00000 0.00000 0.00000 0.00000 0.00000 0.00000 0.00000 0.00000 0.00000 0.00000 0.00000 0.00000 0.00000 0.00000 0.00000 0.00000 0.00000 0.00000 0.00000 0.00000 0.00000 0.00000 0.00000 0.00000 0.00000 0.00000 0.00000 0.00000 0.00000 0.00000 0.00000 0.00000 0.00000 0.00000 0.00000 0.00000 0.00000 0.00000 0.00000 0.00000 0.00000 0.00000 0.00000 0.00000 0.00000 0.00000 0.00000 0.00000 0.00000 0.00000 0.00000 0.00000 0.00000 0.00000 0.00000 0.00000 0.00000 0.00000 0.00000 0.00000 0.00000 0.00000 0.00000 0.00000 0.00000 0.00000 0.00000 0.00000 0.00000 0.00000 0.00000 0.00000 0.00000 0.00000 0.00000 0.00000 0.00000 0.00000 0.00000 0.00000 0.00000 0.00000 0.00000 0.00000 0.00000 0.00000 0.00000 0.00000 0.00000 0.00000 0.00000 0.00000 0.00000 0.00000 0.00000 0.00000 0.00000 0.00000 0.00000 0.00000 0.00000 0.00000 0.00000 0.00000 0.00000 0.00000 0.00000 0.00000 0.00000 0.00000 0.00000 0.00000 0.00000 0.00000 0.00000 0.00000 0.00000 0.00000 0.00000 0.00000 0.00000 0.00000 0.00000 0.00000 0.00000 0.00000 0.00000 0.00000 0.00000 0.00000 0.00000 0.00000 0.00000 0.00000 0.00000 0.00000 0.00000 0.00000 0.00000 0.00000 0.00000 0.00000 0.00000 0.00000 0.00000 0.00000 0.00000 0.00000 0.00000 0.00000 0.00000 0.00000 0.00000 0.00000 0.00000 0.00000 0.00000 0.00000 0.00000 0.00000 0.00000 0.00000 0.00000 0.00000 0.00000
0.00000 0.00000 0.00000 0.00000 0.00000 0.00000 0.00000 0.00000 0.00000 0.00000 0.00000 0.00000 0.00000 0.00000 0.00000 0.00000 0.00000 0.00000 0.00000 0.00000 0.00000 0.00000 0.00000 0.00000 0.00000 0.00000 0.00000 0.00000 0.00000 0.00000 0.00000 0.00000 0.00000 0.00000 0.00000 0.00000 0.00000 0.00000 0.00000 0.00000 0.00000 0.00000 0.00000 0.00000 0.00000 0.00000 0.00000 0.00000 0.00000 0.00000 0.00000 0.00000 0.00000 0.00000 0.00000 0.00000 0.00000 0.00000 0.00000 0.00000 0.00000 0.00000 0.00000 0.00000 0.00000 0.00000 0.00000 0.00000 0.00000 0.00000 0.00000 0.00000 0.00000 0.00000 0.00000 0.00000 0.00000 0.00000 0.00000 0.00000 0.00000 0.00000 0.00000 0.00000 0.00000 0.00000 0.00000 0.00000 0.00000 0.00000 0.00000 0.00000 0.00000 0.00000 0.00000 0.00000 0.00000 0.00000 0.00000 0.00000 0.00000 0.00000 0.00000 0.00000 0.00000 0.00000 0.00000 0.00000 0.00000 0.00000 0.00000 0.00000 0.00000 0.00000 0.00000 0.00000 0.00000 0.00000 0.00000 0.00000 0.00000 0.00000 0.00000 0.00000 0.00000 0.00000 0.00000 0.00000 0.00000 0.00000 0.00000 0.00000 0.00000 0.00000 0.00000 0.00000 0.00000 0.00000 0.00000 0.00000 0.00000 0.00000 0.00000 0.00000 0.00000 0.00000 0.00000 0.00000 0.00000 0.00000 0.00000 0.00000 0.00000 0.00000 0.00000 0.00000 0.00000 0.00000 0.00000 0.00000 0.00000 0.00000 0.00000 0.00000 0.00000 0.00000 0.00000 0.00000 0.00000 0.00000 0.00000 0.00000 0.00000 0.00000 0.00000 0.00000 0.00000 0.00000 0.00000 0.00000 0.00000 0.00000 0.00000 0.00000 0.00000 0.00000 0.00000 0.00000 0.00000 0.00000 0.00000 0.00000 0.00000 0.00000 0.00000 0.00000 0.00000 0.00000 0.00000 0.00000 0.00000 0.00000 0.00000 0.00000 0.00000 0.00000 0.00000 0.00000 0.00000 0.00000
0.00000 0.00000 0.00000 0.00000 0.00000 0.00000 0.00000 0.00000 0.00000 0.00000 0.00000 0.00000 0.00000 0.00000 0.00000 0.00000 0.00000 0.00000 0.00000 0.00000 0.00000 0.00000 0.00000 0.00000 0.00000 0.00000 0.00000 0.00000 0.00000 0.00000 0.00000 0.00000 0.00000 0.00000 0.00000 0.00000 0.00000 0.00000 0.00000 0.00000 0.00000 0.00000 0.00000 0.00000 0.00000 0.00000 0.00000 0.00000 0.00000 0.00000 0.00000 0.00000 0.00000 0.00000 0.00000 0.00000 0.00000 0.00000 0.00000 0.00000 0.00000 0.00000 0.00000 0.00000 0.00000 0.00000 0.00000 0.00000 0.00000 0.00000 0.00000 0.00000 0.00000 0.00000 0.00000 0.00000 0.00000 0.00000 0.00000 0.00000 0.00000 0.00000 0.00000 0.00000 0.00000 0.00000 0.00000 0.00000 0.00000 0.00000 0.00000 0.00000 0.00000 0.00000 0.00000 0.00000 0.00000 0.00000 0.00000 0.00000 0.00000 0.00000 0.00000 0.00000 0.00000 0.00000 0.00000 0.00000 0.00000 0.00000 0.00000 0.00000 0.00000 0.00000 0.00000 0.00000 0.00000 0.00000 0.00000 0.00000 0.00000 0.00000 0.00000 0.00000 0.00000 0.00000 0.00000 0.00000 0.00000 0.00000 0.00000 0.00000 0.00000 0.00000 0.00000 0.00000 0.00000 0.00000 0.00000 0.00000 0.00000 0.00000 0.00000 0.00000 0.00000 0.00000 0.00000 0.00000 0.00000 0.00000 0.00000 0.00000 0.00000 0.00000 0.00000 0.00000 0.00000 0.00000 0.00000 0.00000 0.00000 0.00000 0.00000 0.00000 0.00000 0.00000 0.00000 0.00000 0.00000 0.00000 0.00000 0.00000 0.00000 0.00000 0.00000 0.00000 0.00000 0.00000 0.00000 0.00000 0.00000 0.00000 0.00000 0.00000 0.00000 0.00000 0.00000 0.00000 0.00000 0.00000 0.00000 0.00000 0.00000 0.00000 0.00000 0.00000 0.00000 0.00000 0.00000 0.00000 0.00000 0.00000 0.00000 0.00000 0.00000 0.00000 0.00000 0.00000 0.00000 0.00000
0.00000 0.00000 0.00000 0.00000 0.00000 0.00000 0.00000 0.00000 0.00000 0.00000 0.00000 0.00000 0.00000 0.00000 0.00000 0.00000 0.00000 0.00000 0.00000 0.00000 0.00000 0.00000 0.00000 0.00000 0.00000 0.00000 0.00000 0.00000 0.00000 0.00000 0.00000 0.00000 0.00000 0.00000 0.00000 0.00000 0.00000 0.00000 0.00000 0.00000 0.00000 0.00000 0.00000 0.00000 0.00000 0.00000 0.00000 0.00000 0.00000 0.00000 0.00000 0.00000 0.00000 0.00000 0.00000 0.00000 0.00000 0.00000 0.00000 0.00000 0.00000 0.00000 0.00000 0.00000 0.00000 0.00000 0.00000 0.00000 0.00000 0.00000 0.00000 0.00000 0.00000 0.00000 0.00000 0.00000 0.00000 0.00000 0.00000 0.00000 0.00000 0.00000 0.00000 0.00000 0.00000 0.00000 0.00000 0.00000 0.00000 0.00000 0.00000 0.00000 0.00000 0.00000 0.00000 0.00000 0.00000 0.00000 0.00000 0.00000 0.00000 0.00000 0.00000 0.00000 0.00000 0.00000 0.00000 0.00000 0.00000 0.00000 0.00000 0.00000 0.00000 0.00000 0.00000 0.00000 0.00000 0.00000 0.00000 0.00000 0.00000 0.00000 0.00000 0.00000 0.00000 0.00000 0.00000 0.00000 0.00000 0.00000 0.00000 0.00000 0.00000 0.00000 0.00000 0.00000 0.00000 0.00000 0.00000 0.00000 0.00000 0.00000 0.00000 0.00000 0.00000 0.00000 0.00000 0.00000 0.00000 0.00000 0.00000 0.00000 0.00000 0.00000 0.00000 0.00000 0.00000 0.00000 0.00000 0.00000 0.00000 0.00000 0.00000 0.00000 0.00000 0.00000 0.00000 0.00000 0.00000 0.00000 0.00000 0.00000 0.00000 0.00000 0.00000 0.00000 0.00000 0.00000 0.00000 0.00000 0.00000 0.00000 0.00000 0.00000 0.00000 0.00000 0.00000 0.00000 0.00000 0.00000 0.00000 0.00000 0.00000 0.00000 0.00000 0.00000 0.00000 0.00000 0.00000 0.00000 0.00000 0.00000 0.00000 0.00000 0.00000 0.00000 0.00000 0.00000 0.00000 0.00000
0.00000 0.00000 0.00000 0.00000 0.00000 0.00000 0.00000 0.00000 0.00000 0.00000 0.00000 0.00000 0.00000 0.00000 0.00000 0.00000 0.00000 0.00000 0.00000 0.00000 0.00000 0.00000 0.00000 0.00000 0.00000 0.00000 0.00000 0.00000 0.00000 0.00000 0.00000 0.00000 0.00000 0.00000 0.00000 0.00000 0.00000 0.00000 0.00000 0.00000 0.00000 0.00000 0.00000 0.00000 0.00000 0.00000 0.00000 0.00000 0.00000 0.00000 0.00000 0.00000 0.00000 0.00000 0.00000 0.00000 0.00000 0.00000 0.00000 0.00000 0.00000 0.00000 0.00000 0.00000 0.00000 0.00000 0.00000 0.00000 0.00000 0.00000 0.00000 0.00000 0.00000 0.00000 0.00000 0.00000 0.00000 0.00000 0.00000 0.00000 0.00000 0.00000 0.00000 0.00000 0.00000 0.00000 0.00000 0.00000 0.00000 0.00000 0.00000 0.00000 0.00000 0.00000 0.00000 0.00000 0.00000 0.00000 0.00000 0.00000 0.00000 0.00000 0.00000 0.00000 0.00000 0.00000 0.00000 0.00000 0.00000 0.00000 0.00000 0.00000 0.00000 0.00000 0.00000 0.00000 0.00000 0.00000 0.00000 0.00000 0.00000 0.00000 0.00000 0.00000 0.00000 0.00000 0.00000 0.00000 0.00000 0.00000 0.00000 0.00000 0.00000 0.00000 0.00000 0.00000 0.00000 0.00000 0.00000 0.00000 0.00000 0.00000 0.00000 0.00000 0.00000 0.00000 0.00000 0.00000 0.00000 0.00000 0.00000 0.00000 0.00000 0.00000 0.00000 0.00000 0.00000 0.00000 0.00000 0.00000 0.00000 0.00000 0.00000 0.00000 0.00000 0.00000 0.00000 0.00000 0.00000 0.00000 0.00000 0.00000 0.00000 0.00000 0.00000 0.00000 0.00000 0.00000 0.00000 0.00000 0.00000 0.00000 0.00000 0.00000 0.00000 0.00000 0.00000 0.00000 0.00000 0.00000 0.00000 0.00000 0.00000 0.00000 0.00000 0.00000 0.00000 0.00000 0.00000 0.00000 0.00000 0.00000 0.00000 0.00000 0.00000 0.00000 0.00000 0.00000 0.00000 0.00000
0.00000 0.00000 0.00000 0.00000 0.00000 0.00000 0.00000 0.00000 0.00000 0.00000 0.00000 0.00000 0.00000 0.00000 0.00000 0.00000 0.00000 0.00000 0.00000 0.00000 0.00000 0.00000 0.00000 0.00000 0.00000 0.00000 0.00000 0.00000 0.00000 0.00000 0.00000 0.00000 0.00000 0.00000 0.00000 0.00000 0.00000 0.00000 0.00000 0.00000 0.00000 0.00000 0.00000 0.00000 0.00000 0.00000 0.00000 0.00000 0.00000 0.00000 0.00000 0.00000 0.00000 0.00000 0.00000 0.00000 0.00000 0.00000 0.00000 0.00000 0.00000 0.00000 0.00000 0.00000 0.00000 0.00000 0.00000 0.00000 0.00000 0.00000 0.00000 0.00000 0.00000 0.00000 0.00000 0.00000 0.00000 0.00000 0.00000 0.00000 0.00000 0.00000 0.00000 0.00000 0.00000 0.00000 0.00000 0.00000 0.00000 0.00000 0.00000 0.00000 0.00000 0.00000 0.00000 0.00000 0.00000 0.00000 0.00000 0.00000 0.00000 0.00000 0.00000 0.00000 0.00000 0.00000 0.00000 0.00000 0.00000 0.00000 0.00000 0.00000 0.00000 0.00000 0.00000 0.00000 0.00000 0.00000 0.00000 0.00000 0.00000 0.00000 0.00000 0.00000 0.00000 0.00000 0.00000 0.00000 0.00000 0.00000 0.00000 0.00000 0.00000 0.00000 0.00000 0.00000 0.00000 0.00000 0.00000 0.00000 0.00000 0.00000 0.00000 0.00000 0.00000 0.00000 0.00000 0.00000 0.00000 0.00000 0.00000 0.00000 0.00000 0.00000 0.00000 0.00000 0.00000 0.00000 0.00000 0.00000 0.00000 0.00000 0.00000 0.00000 0.00000 0.00000 0.00000 0.00000 0.00000 0.00000 0.00000 0.00000 0.00000 0.00000 0.00000 0.00000 0.00000 0.00000 0.00000 0.00000 0.00000 0.00000 0.00000 0.00000 0.00000 0.00000 0.00000 0.00000 0.00000 0.00000 0.00000 0.00000 0.00000 0.00000 0.00000 0.00000 0.00000 0.00000 0.00000 0.00000 0.00000 0.00000 0.00000 0.00000 0.00000 0.00000 0.00000 0.00000 0.00000 0.00000
0.00000 0.00000 0.00000 0.00000 0.00000 0.00000 0.00000 0.00000 0.00000 0.00000 0.00000 0.00000 0.00000 0.00000 0.00000 0.00000 0.00000 0.00000 0.00000 0.00000 0.00000 0.00000 0.00000 0.00000 0.00000 0.00000 0.00000 0.00000 0.00000 0.00000 0.00000 0.00000 0.00000 0.00000 0.00000 0.00000 0.00000 0.00000 0.00000 0.00000 0.00000 0.00000 0.00000 0.00000 0.00000 0.00000 0.00000 0.00000 0.00000 0.00000 0.00000 0.00000 0.00000 0.00000 0.00000 0.00000 0.00000 0.00000 0.00000 0.00000 0.00000 0.00000 0.00000 0.00000 0.00000 0.00000 0.00000 0.00000 0.00000 0.00000 0.00000 0.00000 0.00000 0.00000 0.00000 0.00000 0.00000 0.00000 0.00000 0.00000 0.00000 0.00000 0.00000 0.00000 0.00000 0.00000 0.00000 0.00000 0.00000 0.00000 0.00000 0.00000 0.00000 0.00000 0.00000 0.00000 0.00000 0.00000 0.00000 0.00000 0.00000 0.00000 0.00000 0.00000 0.00000 0.00000 0.00000 0.00000 0.00000 0.00000 0.00000 0.00000 0.00000 0.00000 0.00000 0.00000 0.00000 0.00000 0.00000 0.00000 0.00000 0.00000 0.00000 0.00000 0.00000 0.00000 0.00000 0.00000 0.00000 0.00000 0.00000 0.00000 0.00000 0.00000 0.00000 0.00000 0.00000 0.00000 0.00000 0.00000 0.00000 0.00000 0.00000 0.00000 0.00000 0.00000 0.00000 0.00000 0.00000 0.00000 0.00000 0.00000 0.00000 0.00000 0.00000 0.00000 0.00000 0.00000 0.00000 0.00000 0.00000 0.00000 0.00000 0.00000 0.00000 0.00000 0.00000 0.00000 0.00000 0.00000 0.00000 0.00000 0.00000 0.00000 0.00000 0.00000 0.00000 0.00000 0.00000 0.00000 0.00000 0.00000 0.00000 0.00000 0.00000 0.00000 0.00000 0.00000 0.00000 0.00000 0.00000 0.00000 0.00000 0.00000 0.00000 0.00000 0.00000 0.00000 0.00000 0.00000 0.00000 0.00000 0.00000 0.00000 0.00000 0.00000 0.00000 0.00000 0.00000 0.00000
0.00000 0.00000 0.00000 0.00000 0.00000 0.00000 0.00000 0.00000 0.00000 0.00000 0.00000 0.00000 0.00000 0.00000 0.00000 0.00000 0.00000 0.00000 0.00000 0.00000 0.00000 0.00000 0.00000 0.00000 0.00000 0.00000 0.00000 0.00000 0.00000 0.00000 0.00000 0.00000 0.00000 0.00000 0.00000 0.00000 0.00000 0.00000 0.00000 0.00000 0.00000 0.00000 0.00000 0.00000 0.00000 0.00000 0.00000 0.00000 0.00000 0.00000 0.00000 0.00000 0.00000 0.00000 0.00000 0.00000 0.00000 0.00000 0.00000 0.00000 0.00000 0.00000 0.00000 0.00000 0.00000 0.00000 0.00000 0.00000 0.00000 0.00000 0.00000 0.00000 0.00000 0.00000 0.00000 0.00000 0.00000 0.00000 0.00000 0.00000 0.00000 0.00000 0.00000 0.00000 0.00000 0.00000 0.00000 0.00000 0.00000 0.00000 0.00000 0.00000 0.00000 0.00000 0.00000 0.00000 0.00000 0.00000 0.00000 0.00000 0.00000 0.00000 0.00000 0.00000 0.00000 0.00000 0.00000 0.00000 0.00000 0.00000 0.00000 0.00000 0.00000 0.00000 0.00000 0.00000 0.00000 0.00000 0.00000 0.00000 0.00000 0.00000 0.00000 0.00000 0.00000 0.00000 0.00000 0.00000 0.00000 0.00000 0.00000 0.00000 0.00000 0.00000 0.00000 0.00000 0.00000 0.00000 0.00000 0.00000 0.00000 0.00000 0.00000 0.00000 0.00000 0.00000 0.00000 0.00000 0.00000 0.00000 0.00000 0.00000 0.00000 0.00000 0.00000 0.00000 0.00000 0.00000 0.00000 0.00000 0.00000 0.00000 0.00000 0.00000 0.00000 0.00000 0.00000 0.00000 0.00000 0.00000 0.00000 0.00000 0.00000 0.00000 0.00000 0.00000 0.00000 0.00000 0.00000 0.00000 0.00000 0.00000 0.00000 0.00000 0.00000 0.00000 0.00000 0.00000 0.00000 0.00000 0.00000 0.00000 0.00000 0.00000 0.00000 0.00000 0.00000 0.00000 0.00000 0.00000 0.00000 0.00000 0.00000 0.00000 0.00000 0.00000 0.00000 0.00000 0.00000 0.00000
0.00000 0.00000 0.00000 0.00000 0.00000 0.00000 0.00000 0.00000 0.00000 0.00000 0.00000 0.00000 0.00000 0.00000 0.00000 0.00000 0.00000 0.00000 0.00000 0.00000 0.00000 0.00000 0.00000 0.00000 0.00000 0.00000 0.00000 0.00000 0.00000 0.00000 0.00000 0.00000 0.00000 0.00000 0.00000 0.00000 0.00000 0.00000 0.00000 0.00000 0.00000 0.00000 0.00000 0.00000 0.00000 0.00000 0.00000 0.00000 0.00000 0.00000 0.00000 0.00000 0.00000 0.00000 0.00000 0.00000 0.00000 0.00000 0.00000 0.00000 0.00000 0.00000 0.00000 0.00000 0.00000 0.00000 0.00000 0.00000 0.00000 0.00000 0.00000 0.00000 0.00000 0.00000 0.00000 0.00000 0.00000 0.00000 0.00000 0.00000 0.00000 0.00000 0.00000 0.00000 0.00000 0.00000 0.00000 0.00000 0.00000 0.00000 0.00000 0.00000 0.00000 0.00000 0.00000 0.00000 0.00000 0.00000 0.00000 0.00000 0.00000 0.00000 0.00000 0.00000 0.00000 0.00000 0.00000 0.00000 0.00000 0.00000 0.00000 0.00000 0.00000 0.00000 0.00000 0.00000 0.00000 0.00000 0.00000 0.00000 0.00000 0.00000 0.00000 0.00000 0.00000 0.00000 0.00000 0.00000 0.00000 0.00000 0.00000 0.00000 0.00000 0.00000 0.00000 0.00000 0.00000 0.00000 0.00000 0.00000 0.00000 0.00000 0.00000 0.00000 0.00000 0.00000 0.00000 0.00000 0.00000 0.00000 0.00000 0.00000 0.00000 0.00000 0.00000 0.00000 0.00000 0.00000 0.00000 0.00000 0.00000 0.00000 0.00000 0.00000 0.00000 0.00000 0.00000 0.00000 0.00000 0.00000 0.00000 0.00000 0.00000 0.00000 0.00000 0.00000 0.00000 0.00000 0.00000 0.00000 0.00000 0.00000 0.00000 0.00000 0.00000 0.00000 0.00000 0.00000 0.00000 0.00000 0.00000 0.00000 0.00000 0.00000 0.00000 0.00000 0.00000 0.00000 0.00000 0.00000 0.00000 0.00000 0.00000 0.00000 0.00000 0.00000 0.00000 0.00000 0.00000 0.00000
0.00000 0.00000 0.00000 0.00000 0.00000 0.00000 0.00000 0.00000 0.00000 0.00000 0.00000 0.00000 0.00000 0.00000 0.00000 0.00000 0.00000 0.00000 0.00000 0.00000 0.00000 0.00000 0.00000 0.00000 0.00000 0.00000 0.00000 0.00000 0.00000 0.00000 0.00000 0.00000 0.00000 0.00000 0.00000 0.00000 0.00000 0.00000 0.00000 0.00000 0.00000 0.00000 0.00000 0.00000 0.00000 0.00000 0.00000 0.00000 0.00000 0.00000 0.00000 0.00000 0.00000 0.00000 0.00000 0.00000 0.00000 0.00000 0.00000 0.00000 0.00000 0.00000 0.00000 0.00000 0.00000 0.00000 0.00000 0.00000 0.00000 0.00000 0.00000 0.00000 0.00000 0.00000 0.00000 0.00000 0.00000 0.00000 0.00000 0.00000 0.00000 0.00000 0.00000 0.00000 0.00000 0.00000 0.00000 0.00000 0.00000 0.00000 0.00000 0.00000 0.00000 0.00000 0.00000 0.00000 0.00000 0.00000 0.00000 0.00000 0.00000 0.00000 0.00000 0.00000 0.00000 0.00000 0.00000 0.00000 0.00000 0.00000 0.00000 0.00000 0.00000 0.00000 0.00000 0.00000 0.00000 0.00000 0.00000 0.00000 0.00000 0.00000 0.00000 0.00000 0.00000 0.00000 0.00000 0.00000 0.00000 0.00000 0.00000 0.00000 0.00000 0.00000 0.00000 0.00000 0.00000 0.00000 0.00000 0.00000 0.00000 0.00000 0.00000 0.00000 0.00000 0.00000 0.00000 0.00000 0.00000 0.00000 0.00000 0.00000 0.00000 0.00000 0.00000 0.00000 0.00000 0.00000 0.00000 0.00000 0.00000 0.00000 0.00000 0.00000 0.00000 0.00000 0.00000 0.00000 0.00000 0.00000 0.00000 0.00000 0.00000 0.00000 0.00000 0.00000 0.00000 0.00000 0.00000 0.00000 0.00000 0.00000 0.00000 0.00000 0.00000 0.00000 0.00000 0.00000 0.00000 0.00000 0.00000 0.00000 0.00000 0.00000 0.00000 0.00000 0.00000 0.00000 0.00000 0.00000 0.00000 0.00000 0.00000 0.00000 0.00000 0.00000 0.00000 0.00000 0.00000 0.00000
0.00000 0.00000 0.00000 0.00000 0.00000 0.00000 0.00000 0.00000 0.00000 0.00000 0.00000 0.00000 0.00000 0.00000 0.00000 0.00000 0.00000 0.00000 0.00000 0.00000 0.00000 0.00000 0.00000 0.00000 0.00000 0.00000 0.00000 0.00000 0.00000 0.00000 0.00000 0.00000 0.00000 0.00000 0.00000 0.00000 0.00000 0.00000 0.00000 0.00000 0.00000 0.00000 0.00000 0.00000 0.00000 0.00000 0.00000 0.00000 0.00000 0.00000 0.00000 0.00000 0.00000 0.00000 0.00000 0.00000 0.00000 0.00000 0.00000 0.00000 0.00000 0.00000 0.00000 0.00000 0.00000 0.00000 0.00000 0.00000 0.00000 0.00000 0.00000 0.00000 0.00000 0.00000 0.00000 0.00000 0.00000 0.00000 0.00000 0.00000 0.00000 0.00000 0.00000 0.00000 0.00000 0.00000 0.00000 0.00000 0.00000 0.00000 0.00000 0.00000 0.00000 0.00000 0.00000 0.00000 0.00000 0.00000 0.00000 0.00000 0.00000 0.00000 0.00000 0.00000 0.00000 0.00000 0.00000 0.00000 0.00000 0.00000 0.00000 0.00000 0.00000 0.00000 0.00000 0.00000 0.00000 0.00000 0.00000 0.00000 0.00000 0.00000 0.00000 0.00000 0.00000 0.00000 0.00000 0.00000 0.00000 0.00000 0.00000 0.00000 0.00000 0.00000 0.00000 0.00000 0.00000 0.00000 0.00000 0.00000 0.00000 0.00000 0.00000 0.00000 0.00000 0.00000 0.00000 0.00000 0.00000 0.00000 0.00000 0.00000 0.00000 0.00000 0.00000 0.00000 0.00000 0.00000 0.00000 0.00000 0.00000 0.00000 0.00000 0.00000 0.00000 0.00000 0.00000 0.00000 0.00000 0.00000 0.00000 0.00000 0.00000 0.00000 0.00000 0.00000 0.00000 0.00000 0.00000 0.00000 0.00000 0.00000 0.00000 0.00000 0.00000 0.00000 0.00000 0.00000 0.00000 0.00000 0.00000 0.00000 0.00000 0.00000 0.00000 0.00000 0.00000 0.00000 0.00000 0.00000 0.00000 0.00000 0.00000 0.00000 0.00000 0.00000 0.00000 0.00000 0.00000 0.00000
0.00000 0.00000 0.00000 0.00000 0.00000 0.00000 0.00000 0.00000 0.00000 0.00000 0.00000 0.00000 0.00000 0.00000 0.00000 0.00000 0.00000 0.00000 0.00000 0.00000 0.00000 0.00000 0.00000 0.00000 0.00000 0.00000 0.00000 0.00000 0.00000 0.00000 0.00000 0.00000 0.00000 0.00000 0.00000 0.00000 0.00000 0.00000 0.00000 0.00000 0.00000 0.00000 0.00000 0.00000 0.00000 0.00000 0.00000 0.00000 0.00000 0.00000 0.00000 0.00000 0.00000 0.00000 0.00000 0.00000 0.00000 0.00000 0.00000 0.00000 0.00000 0.00000 0.00000 0.00000 0.00000 0.00000 0.00000 0.00000 0.00000 0.00000 0.00000 0.00000 0.00000 0.00000 0.00000 0.00000 0.00000 0.00000 0.00000 0.00000 0.00000 0.00000 0.00000 0.00000 0.00000 0.00000 0.00000 0.00000 0.00000 0.00000 0.00000 0.00000 0.00000 0.00000 0.00000 0.00000 0.00000 0.00000 0.00000 0.00000 0.00000 0.00000 0.00000 0.00000 0.00000 0.00000 0.00000 0.00000 0.00000 0.00000 0.00000 0.00000 0.00000 0.00000 0.00000 0.00000 0.00000 0.00000 0.00000 0.00000 0.00000 0.00000 0.00000 0.00000 0.00000 0.00000 0.00000 0.00000 0.00000 0.00000 0.00000 0.00000 0.00000 0.00000 0.00000 0.00000 0.00000 0.00000 0.00000 0.00000 0.00000 0.00000 0.00000 0.00000 0.00000 0.00000 0.00000 0.00000 0.00000 0.00000 0.00000 0.00000 0.00000 0.00000 0.00000 0.00000 0.00000 0.00000 0.00000 0.00000 0.00000 0.00000 0.00000 0.00000 0.00000 0.00000 0.00000 0.00000 0.00000 0.00000 0.00000 0.00000 0.00000 0.00000 0.00000 0.00000 0.00000 0.00000 0.00000 0.00000 0.00000 0.00000 0.00000 0.00000 0.00000 0.00000 0.00000 0.00000 0.00000 0.00000 0.00000 0.00000 0.00000 0.00000 0.00000 0.00000 0.00000 0.00000 0.00000 0.00000 0.00000 0.00000 0.00000 0.00000 0.00000 0.00000 0.00000 0.00000 0.00000 0.00000
0.00000 0.00000 0.00000 0.00000 0.00000 0.00000 0.00000 0.00000 0.00000 0.00000 0.00000 0.00000 0.00000 0.00000 0.00000 0.00000 0.00000 0.00000 0.00000 0.00000 0.00000 0.00000 0.00000 0.00000 0.00000 0.00000 0.00000 0.00000 0.00000 0.00000 0.00000 0.00000 0.00000 0.00000 0.00000 0.00000 0.00000 0.00000 0.00000 0.00000 0.00000 0.00000 0.00000 0.00000 0.00000 0.00000 0.00000 0.00000 0.00000 0.00000 0.00000 0.00000 0.00000 0.00000 0.00000 0.00000 0.00000 0.00000 0.00000 0.00000 0.00000 0.00000 0.00000 0.00000 0.00000 0.00000 0.00000 0.00000 0.00000 0.00000 0.00000 0.00000 0.00000 0.00000 0.00000 0.00000 0.00000 0.00000 0.00000 0.00000 0.00000 0.00000 0.00000 0.00000 0.00000 0.00000 0.00000 0.00000 0.00000 0.00000 0.00000 0.00000 0.00000 0.00000 0.00000 0.00000 0.00000 0.00000 0.00000 0.00000 0.00000 0.00000 0.00000 0.00000 0.00000 0.00000 0.00000 0.00000 0.00000 0.00000 0.00000 0.00000 0.00000 0.00000 0.00000 0.00000 0.00000 0.00000 0.00000 0.00000 0.00000 0.00000 0.00000 0.00000 0.00000 0.00000 0.00000 0.00000 0.00000 0.00000 0.00000 0.00000 0.00000 0.00000 0.00000 0.00000 0.00000 0.00000 0.00000 0.00000 0.00000 0.00000 0.00000 0.00000 0.00000 0.00000 0.00000 0.00000 0.00000 0.00000 0.00000 0.00000 0.00000 0.00000 0.00000 0.00000 0.00000 0.00000 0.00000 0.00000 0.00000 0.00000 0.00000 0.00000 0.00000 0.00000 0.00000 0.00000 0.00000 0.00000 0.00000 0.00000 0.00000 0.00000 0.00000 0.00000 0.00000 0.00000 0.00000 0.00000 0.00000 0.00000 0.00000 0.00000 0.00000 0.00000 0.00000 0.00000 0.00000 0.00000 0.00000 0.00000 0.00000 0.00000 0.00000 0.00000 0.00000 0.00000 0.00000 0.00000 0.00000 0.00000 0.00000 0.00000 0.00000 0.00000 0.00000 0.00000 0.00000 0.00000
0.00000 0.00000 0.00000 0.00000 0.00000 0.00000 0.00000 0.00000 0.00000 0.00000 0.00000 0.00000 0.00000 0.00000 0.00000 0.00000 0.00000 0.00000 0.00000 0.00000 0.00000 0.00000 0.00000 0.00000 0.00000 0.00000 0.00000 0.00000 0.00000 0.00000 0.00000 0.00000 0.00000 0.00000 0.00000 0.00000 0.00000 0.00000 0.00000 0.00000 0.00000 0.00000 0.00000 0.00000 0.00000 0.00000 0.00000 0.00000 0.00000 0.00000 0.00000 0.00000 0.00000 0.00000 0.00000 0.00000 0.00000 0.00000 0.00000 0.00000 0.00000 0.00000 0.00000 0.00000 0.00000 0.00000 0.00000 0.00000 0.00000 0.00000 0.00000 0.00000 0.00000 0.00000 0.00000 0.00000 0.00000 0.00000 0.00000 0.00000 0.00000 0.00000 0.00000 0.00000 0.00000 0.00000 0.00000 0.00000 0.00000 0.00000 0.00000 0.00000 0.00000 0.00000 0.00000 0.00000 0.00000 0.00000 0.00000 0.00000 0.00000 0.00000 0.00000 0.00000 0.00000 0.00000 0.00000 0.00000 0.00000 0.00000 0.00000 0.00000 0.00000 0.00000 0.00000 0.00000 0.00000 0.00000 0.00000 0.00000 0.00000 0.00000 0.00000 0.00000 0.00000 0.00000 0.00000 0.00000 0.00000 0.00000 0.00000 0.00000 0.00000 0.00000 0.00000 0.00000 0.00000 0.00000 0.00000 0.00000 0.00000 0.00000 0.00000 0.00000 0.00000 0.00000 0.00000 0.00000 0.00000 0.00000 0.00000 0.00000 0.00000 0.00000 0.00000 0.00000 0.00000 0.00000 0.00000 0.00000 0.00000 0.00000 0.00000 0.00000 0.00000 0.00000 0.00000 0.00000 0.00000 0.00000 0.00000 0.00000 0.00000 0.00000 0.00000 0.00000 0.00000 0.00000 0.00000 0.00000 0.00000 0.00000 0.00000 0.00000 0.00000 0.00000 0.00000 0.00000 0.00000 0.00000 0.00000 0.00000 0.00000 0.00000 0.00000 0.00000 0.00000 0.00000 0.00000 0.00000 0.00000 0.00000 0.00000 0.00000 0.00000 0.00000 0.00000 0.00000 0.00000 0.00000
0.00000 0.00000 0.00000 0.00000 0.00000 0.00000 0.00000 0.00000 0.00000 0.00000 0.00000 0.00000 0.00000 0.00000 0.00000 0.00000 0.00000 0.00000 0.00000 0.00000 0.00000 0.00000 0.00000 0.00000 0.00000 0.00000 0.00000 0.00000 0.00000 0.00000 0.00000 0.00000 0.00000 0.00000 0.00000 0.00000 0.00000 0.00000 0.00000 0.00000 0.00000 0.00000 0.00000 0.00000 0.00000 0.00000 0.00000 0.00000 0.00000 0.00000 0.00000 0.00000 0.00000 0.00000 0.00000 0.00000 0.00000 0.00000 0.00000 0.00000 0.00000 0.00000 0.00000 0.00000 0.00000 0.00000 0.00000 0.00000 0.00000 0.00000 0.00000 0.00000 0.00000 0.00000 0.00000 0.00000 0.00000 0.00000 0.00000 0.00000 0.00000 0.00000 0.00000 0.00000 0.00000 0.00000 0.00000 0.00000 0.00000 0.00000 0.00000 0.00000 0.00000 0.00000 0.00000 0.00000 0.00000 0.00000 0.00000 0.00000 0.00000 0.00000 0.00000 0.00000 0.00000 0.00000 0.00000 0.00000 0.00000 0.00000 0.00000 0.00000 0.00000 0.00000 0.00000 0.00000 0.00000 0.00000 0.00000 0.00000 0.00000 0.00000 0.00000 0.00000 0.00000 0.00000 0.00000 0.00000 0.00000 0.00000 0.00000 0.00000 0.00000 0.00000 0.00000 0.00000 0.00000 0.00000 0.00000 0.00000 0.00000 0.00000 0.00000 0.00000 0.00000 0.00000 0.00000 0.00000 0.00000 0.00000 0.00000 0.00000 0.00000 0.00000 0.00000 0.00000 0.00000 0.00000 0.00000 0.00000 0.00000 0.00000 0.00000 0.00000 0.00000 0.00000 0.00000 0.00000 0.00000 0.00000 0.00000 0.00000 0.00000 0.00000 0.00000 0.00000 0.00000 0.00000 0.00000 0.00000 0.00000 0.00000 0.00000 0.00000 0.00000 0.00000 0.00000 0.00000 0.00000 0.00000 0.00000 0.00000 0.00000 0.00000 0.00000 0.00000 0.00000 0.00000 0.00000 0.00000 0.00000 0.00000 0.00000 0.00000 0.00000 0.00000 0.00000 0.00000 0.00000 0.00000
0.00000 0.00000 0.00000 0.00000 0.00000 0.00000 0.00000 0.00000 0.00000 0.00000 0.00000 0.00000 0.00000 0.00000 0.00000 0.00000 0.00000 0.00000 0.00000 0.00000 0.00000 0.00000 0.00000 0.00000 0.00000 0.00000 0.00000 0.00000 0.00000 0.00000 0.00000 0.00000 0.00000 0.00000 0.00000 0.00000 0.00000 0.00000 0.00000 0.00000 0.00000 0.00000 0.00000 0.00000 0.00000 0.00000 0.00000 0.00000 0.00000 0.00000 0.00000 0.00000 0.00000 0.00000 0.00000 0.00000 0.00000 0.00000 0.00000 0.00000 0.00000 0.00000 0.00000 0.00000 0.00000 0.00000 0.00000 0.00000 0.00000 0.00000 0.00000 0.00000 0.00000 0.00000 0.00000 0.00000 0.00000 0.00000 0.00000 0.00000 0.00000 0.00000 0.00000 0.00000 0.00000 0.00000 0.00000 0.00000 0.00000 0.00000 0.00000 0.00000 0.00000 0.00000 0.00000 0.00000 0.00000 0.00000 0.00000 0.00000 0.00000 0.00000 0.00000 0.00000 0.00000 0.00000 0.00000 0.00000 0.00000 0.00000 0.00000 0.00000 0.00000 0.00000 0.00000 0.00000 0.00000 0.00000 0.00000 0.00000 0.00000 0.00000 0.00000 0.00000 0.00000 0.00000 0.00000 0.00000 0.00000 0.00000 0.00000 0.00000 0.00000 0.00000 0.00000 0.00000 0.00000 0.00000 0.00000 0.00000 0.00000 0.00000 0.00000 0.00000 0.00000 0.00000 0.00000 0.00000 0.00000 0.00000 0.00000 0.00000 0.00000 0.00000 0.00000 0.00000 0.00000 0.00000 0.00000 0.00000 0.00000 0.00000 0.00000 0.00000 0.00000 0.00000 0.00000 0.00000 0.00000 0.00000 0.00000 0.00000 0.00000 0.00000 0.00000 0.00000 0.00000 0.00000 0.00000 0.00000 0.00000 0.00000 0.00000 0.00000 0.00000 0.00000 0.00000 0.00000 0.00000 0.00000 0.00000 0.00000 0.00000 0.00000 0.00000 0.00000 0.00000 0.00000 0.00000 0.00000 0.00000 0.00000 0.00000 0.00000 0.00000 0.00000 0.00000 0.00000 0.00000 0.00000
0.00000 0.00000 0.00000 0.00000 0.00000 0.00000 0.00000 0.00000 0.00000 0.00000 0.00000 0.00000 0.00000 0.00000 0.00000 0.00000 0.00000 0.00000 0.00000 0.00000 0.00000 0.00000 0.00000 0.00000 0.00000 0.00000 0.00000 0.00000 0.00000 0.00000 0.00000 0.00000 0.00000 0.00000 0.00000 0.00000 0.00000 0.00000 0.00000 0.00000 0.00000 0.00000 0.00000 0.00000 0.00000 0.00000 0.00000 0.00000 0.00000 0.00000 0.00000 0.00000 0.00000 0.00000 0.00000 0.00000 0.00000 0.00000 0.00000 0.00000 0.00000 0.00000 0.00000 0.00000 0.00000 0.00000 0.00000 0.00000 0.00000 0.00000 0.00000 0.00000 0.00000 0.00000 0.00000 0.00000 0.00000 0.00000 0.00000 0.00000 0.00000 0.00000 0.00000 0.00000 0.00000 0.00000 0.00000 0.00000 0.00000 0.00000 0.00000 0.00000 0.00000 0.00000 0.00000 0.00000 0.00000 0.00000 0.00000 0.00000 0.00000 0.00000 0.00000 0.00000 0.00000 0.00000 0.00000 0.00000 0.00000 0.00000 0.00000 0.00000 0.00000 0.00000 0.00000 0.00000 0.00000 0.00000 0.00000 0.00000 0.00000 0.00000 0.00000 0.00000 0.00000 0.00000 0.00000 0.00000 0.00000 0.00000 0.00000 0.00000 0.00000 0.00000 0.00000 0.00000 0.00000 0.00000 0.00000 0.00000 0.00000 0.00000 0.00000 0.00000 0.00000 0.00000 0.00000 0.00000 0.00000 0.00000 0.00000 0.00000 0.00000 0.00000 0.00000 0.00000 0.00000 0.00000 0.00000 0.00000 0.00000 0.00000 0.00000 0.00000 0.00000 0.00000 0.00000 0.00000 0.00000 0.00000 0.00000 0.00000 0.00000 0.00000 0.00000 0.00000 0.00000 0.00000 0.00000 0.00000 0.00000 0.00000 0.00000 0.00000 0.00000 0.00000 0.00000 0.00000 0.00000 0.00000 0.00000 0.00000 0.00000 0.00000 0.00000 0.00000 0.00000 0.00000 0.00000 0.00000 0.00000 0.00000 0.00000 0.00000 0.00000 0.00000 0.00000 0.00000 0.00000 0.00000
0.00000 0.00000 0.00000 0.00000 0.00000 0.00000 0.00000 0.00000 0.00000 0.00000 0.00000 0.00000 0.00000 0.00000 0.00000 0.00000 0.00000 0.00000 0.00000 0.00000 0.00000 0.00000 0.00000 0.00000 0.00000 0.00000 0.00000 0.00000 0.00000 0.00000 0.00000 0.00000 0.00000 0.00000 0.00000 0.00000 0.00000 0.00000 0.00000 0.00000 0.00000 0.00000 0.00000 0.00000 0.00000 0.00000 0.00000 0.00000 0.00000 0.00000 0.00000 0.00000 0.00000 0.00000 0.00000 0.00000 0.00000 0.00000 0.00000 0.00000 0.00000 0.00000 0.00000 0.00000 0.00000 0.00000 0.00000 0.00000 0.00000 0.00000 0.00000 0.00000 0.00000 0.00000 0.00000 0.00000 0.00000 0.00000 0.00000 0.00000 0.00000 0.00000 0.00000 0.00000 0.00000 0.00000 0.00000 0.00000 0.00000 0.00000 0.00000 0.00000 0.00000 0.00000 0.00000 0.00000 0.00000 0.00000 0.00000 0.00000 0.00000 0.00000 0.00000 0.00000 0.00000 0.00000 0.00000 0.00000 0.00000 0.00000 0.00000 0.00000 0.00000 0.00000 0.00000 0.00000 0.00000 0.00000 0.00000 0.00000 0.00000 0.00000 0.00000 0.00000 0.00000 0.00000 0.00000 0.00000 0.00000 0.00000 0.00000 0.00000 0.00000 0.00000 0.00000 0.00000 0.00000 0.00000 0.00000 0.00000 0.00000 0.00000 0.00000 0.00000 0.00000 0.00000 0.00000 0.00000 0.00000 0.00000 0.00000 0.00000 0.00000 0.00000 0.00000 0.00000 0.00000 0.00000 0.00000 0.00000 0.00000 0.00000 0.00000 0.00000 0.00000 0.00000 0.00000 0.00000 0.00000 0.00000 0.00000 0.00000 0.00000 0.00000 0.00000 0.00000 0.00000 0.00000 0.00000 0.00000 0.00000 0.00000 0.00000 0.00000 0.00000 0.00000 0.00000 0.00000 0.00000 0.00000 0.00000 0.00000 0.00000 0.00000 0.00000 0.00000 0.00000 0.00000 0.00000 0.00000 0.00000 0.00000 0.00000 0.00000 0.00000 0.00000 0.00000 0.00000 0.00000 0.00000
0.00000 0.00000 0.00000 0.00000 0.00000 0.00000 0.00000 0.00000 0.00000 0.00000 0.00000 0.00000 0.00000 0.00000 0.00000 0.00000 0.00000 0.00000 0.00000 0.00000 0.00000 0.00000 0.00000 0.00000 0.00000 0.00000 0.00000 0.00000 0.00000 0.00000 0.00000 0.00000 0.00000 0.00000 0.00000 0.00000 0.00000 0.00000 0.00000 0.00000 0.00000 0.00000 0.00000 0.00000 0.00000 0.00000 0.00000 0.00000 0.00000 0.00000 0.00000 0.00000 0.00000 0.00000 0.00000 0.00000 0.00000 0.00000 0.00000 0.00000 0.00000 0.00000 0.00000 0.00000 0.00000 0.00000 0.00000 0.00000 0.00000 0.00000 0.00000 0.00000 0.00000 0.00000 0.00000 0.00000 0.00000 0.00000 0.00000 0.00000 0.00000 0.00000 0.00000 0.00000 0.00000 0.00000 0.00000 0.00000 0.00000 0.00000 0.00000 0.00000 0.00000 0.00000 0.00000 0.00000 0.00000 0.00000 0.00000 0.00000 0.00000 0.00000 0.00000 0.00000 0.00000 0.00000 0.00000 0.00000 0.00000 0.00000 0.00000 0.00000 0.00000 0.00000 0.00000 0.00000 0.00000 0.00000 0.00000 0.00000 0.00000 0.00000 0.00000 0.00000 0.00000 0.00000 0.00000 0.00000 0.00000 0.00000 0.00000 0.00000 0.00000 0.00000 0.00000 0.00000 0.00000 0.00000 0.00000 0.00000 0.00000 0.00000 0.00000 0.00000 0.00000 0.00000 0.00000 0.00000 0.00000 0.00000 0.00000 0.00000 0.00000 0.00000 0.00000 0.00000 0.00000 0.00000 0.00000 0.00000 0.00000 0.00000 0.00000 0.00000 0.00000 0.00000 0.00000 0.00000 0.00000 0.00000 0.00000 0.00000 0.00000 0.00000 0.00000 0.00000 0.00000 0.00000 0.00000 0.00000 0.00000 0.00000 0.00000 0.00000 0.00000 0.00000 0.00000 0.00000 0.00000 0.00000 0.00000 0.00000 0.00000 0.00000 0.00000 0.00000 0.00000 0.00000 0.00000 0.00000 0.00000 0.00000 0.00000 0.00000 0.00000 0.00000 0.00000 0.00000 0.00000 0.00000
0.00000 0.00000 0.00000 0.00000 0.00000 0.00000 0.00000 0.00000 0.00000 0.00000 0.00000 0.00000 0.00000 0.00000 0.00000 0.00000 0.00000 0.00000 0.00000 0.00000 0.00000 0.00000 0.00000 0.00000 0.00000 0.00000 0.00000 0.00000 0.00000 0.00000 0.00000 0.00000 0.00000 0.00000 0.00000 0.00000 0.00000 0.00000 0.00000 0.00000 0.00000 0.00000 0.00000 0.00000 0.00000 0.00000 0.00000 0.00000 0.00000 0.00000 0.00000 0.00000 0.00000 0.00000 0.00000 0.00000 0.00000 0.00000 0.00000 0.00000 0.00000 0.00000 0.00000 0.00000 0.00000 0.00000 0.00000 0.00000 0.00000 0.00000 0.00000 0.00000 0.00000 0.00000 0.00000 0.00000 0.00000 0.00000 0.00000 0.00000 0.00000 0.00000 0.00000 0.00000 0.00000 0.00000 0.00000 0.00000 0.00000 0.00000 0.00000 0.00000 0.00000 0.00000 0.00000 0.00000 0.00000 0.00000 0.00000 0.00000 0.00000 0.00000 0.00000 0.00000 0.00000 0.00000 0.00000 0.00000 0.00000 0.00000 0.00000 0.00000 0.00000 0.00000 0.00000 0.00000 0.00000 0.00000 0.00000 0.00000 0.00000 0.00000 0.00000 0.00000 0.00000 0.00000 0.00000 0.00000 0.00000 0.00000 0.00000 0.00000 0.00000 0.00000 0.00000 0.00000 0.00000 0.00000 0.00000 0.00000 0.00000 0.00000 0.00000 0.00000 0.00000 0.00000 0.00000 0.00000 0.00000 0.00000 0.00000 0.00000 0.00000 0.00000 0.00000 0.00000 0.00000 0.00000 0.00000 0.00000 0.00000 0.00000 0.00000 0.00000 0.00000 0.00000 0.00000 0.00000 0.00000 0.00000 0.00000 0.00000 0.00000 0.00000 0.00000 0.00000 0.00000 0.00000 0.00000 0.00000 0.00000 0.00000 0.00000 0.00000 0.00000 0.00000 0.00000 0.00000 0.00000 0.00000 0.00000 0.00000 0.00000 0.00000 0.00000 0.00000 0.00000 0.00000 0.00000 0.00000 0.00000 0.00000 0.00000 0.00000 0.00000 0.00000 0.00000 0.00000 0.00000 0.00000
0.00000 0.00000 0.00000 0.00000 0.00000 0.00000 0.00000 0.00000 0.00000 0.00000 0.00000 0.00000 0.00000 0.00000 0.00000 0.00000 0.00000 0.00000 0.00000 0.00000 0.00000 0.00000 0.00000 0.00000 0.00000 0.00000 0.00000 0.00000 0.00000 0.00000 0.00000 0.00000 0.00000 0.00000 0.00000 0.00000 0.00000 0.00000 0.00000 0.00000 0.00000 0.00000 0.00000 0.00000 0.00000 0.00000 0.00000 0.00000 0.00000 0.00000 0.00000 0.00000 0.00000 0.00000 0.00000 0.00000 0.00000 0.00000 0.00000 0.00000 0.00000 0.00000 0.00000 0.00000 0.00000 0.00000 0.00000 0.00000 0.00000 0.00000 0.00000 0.00000 0.00000 0.00000 0.00000 0.00000 0.00000 0.00000 0.00000 0.00000 0.00000 0.00000 0.00000 0.00000 0.00000 0.00000 0.00000 0.00000 0.00000 0.00000 0.00000 0.00000 0.00000 0.00000 0.00000 0.00000 0.00000 0.00000 0.00000 0.00000 0.00000 0.00000 0.00000 0.00000 0.00000 0.00000 0.00000 0.00000 0.00000 0.00000 0.00000 0.00000 0.00000 0.00000 0.00000 0.00000 0.00000 0.00000 0.00000 0.00000 0.00000 0.00000 0.00000 0.00000 0.00000 0.00000 0.00000 0.00000 0.00000 0.00000 0.00000 0.00000 0.00000 0.00000 0.00000 0.00000 0.00000 0.00000 0.00000 0.00000 0.00000 0.00000 0.00000 0.00000 0.00000 0.00000 0.00000 0.00000 0.00000 0.00000 0.00000 0.00000 0.00000 0.00000 0.00000 0.00000 0.00000 0.00000 0.00000 0.00000 0.00000 0.00000 0.00000 0.00000 0.00000 0.00000 0.00000 0.00000 0.00000 0.00000 0.00000 0.00000 0.00000 0.00000 0.00000 0.00000 0.00000 0.00000 0.00000 0.00000 0.00000 0.00000 0.00000 0.00000 0.00000 0.00000 0.00000 0.00000 0.00000 0.00000 0.00000 0.00000 0.00000 0.00000 0.00000 0.00000 0.00000 0.00000 0.00000 0.00000 0.00000 0.00000 0.00000 0.00000 0.00000 0.00000 0.00000 0.00000 0.00000 0.00000
0.00000 0.00000 0.00000 0.00000 0.00000 0.00000 0.00000 0.00000 0.00000 0.00000 0.00000 0.00000 0.00000 0.00000 0.00000 0.00000 0.00000 0.00000 0.00000 0.00000 0.00000 0.00000 0.00000 0.00000 0.00000 0.00000 0.00000 0.00000 0.00000 0.00000 0.00000 0.00000 0.00000 0.00000 0.00000 0.00000 0.00000 0.00000 0.00000 0.00000 0.00000 0.00000 0.00000 0.00000 0.00000 0.00000 0.00000 0.00000 0.00000 0.00000 0.00000 0.00000 0.00000 0.00000 0.00000 0.00000 0.00000 0.00000 0.00000 0.00000 0.00000 0.00000 0.00000 0.00000 0.00000 0.00000 0.00000 0.00000 0.00000 0.00000 0.00000 0.00000 0.00000 0.00000 0.00000 0.00000 0.00000 0.00000 0.00000 0.00000 0.00000 0.00000 0.00000 0.00000 0.00000 0.00000 0.00000 0.00000 0.00000 0.00000 0.00000 0.00000 0.00000 0.00000 0.00000 0.00000 0.00000 0.00000 0.00000 0.00000 0.00000 0.00000 0.00000 0.00000 0.00000 0.00000 0.00000 0.00000 0.00000 0.00000 0.00000 0.00000 0.00000 0.00000 0.00000 0.00000 0.00000 0.00000 0.00000 0.00000 0.00000 0.00000 0.00000 0.00000 0.00000 0.00000 0.00000 0.00000 0.00000 0.00000 0.00000 0.00000 0.00000 0.00000 0.00000 0.00000 0.00000 0.00000 0.00000 0.00000 0.00000 0.00000 0.00000 0.00000 0.00000 0.00000 0.00000 0.00000 0.00000 0.00000 0.00000 0.00000 0.00000 0.00000 0.00000 0.00000 0.00000 0.00000 0.00000 0.00000 0.00000 0.00000 0.00000 0.00000 0.00000 0.00000 0.00000 0.00000 0.00000 0.00000 0.00000 0.00000 0.00000 0.00000 0.00000 0.00000 0.00000 0.00000 0.00000 0.00000 0.00000 0.00000 0.00000 0.00000 0.00000 0.00000 0.00000 0.00000 0.00000 0.00000 0.00000 0.00000 0.00000 0.00000 0.00000 0.00000 0.00000 0.00000 0.00000 0.00000 0.00000 0.00000 0.00000 0.00000 0.00000 0.00000 0.00000 0.00000 0.00000 0.00000
