0.00000 0.00000 0.00000 0.00000 0.00000 0.00000 0.00000 0.00000 0.00000 0.00000 0.00000 0.00000 0.00000 0.00000 0.00000 0.00000 0.00000 0.00000 0.00000 0.00000 0.00000 0.00000 0.00000 0.00000 0.00000 0.00000 0.00000 0.00000 0.00000 0.00000 0.00000 0.00000 0.00000 0.00000 0.00000 0.00000 0.00000 0.00000 0.00000 0.00000 0.00000 0.00000 0.00000 0.00000 0.00000 0.00000 0.00000 0.00000 0.00000 0.00000 0.00000 0.00000 0.00000 0.00000 0.00000 0.00000 0.00000 0.00000 0.00000 0.00000 0.00000 0.00000 0.00000 0.00000 0.00000 0.00000 0.00000 0.00000 0.00000 0.00000 0.00000 0.00000 0.00000 0.00000 0.00000 0.00000 0.00000 0.00000 0.00000 0.00000 0.00000 0.00000 0.00000 0.00000 0.00000 0.00000 0.00000 0.00000 0.00000 0.00000 0.00000 0.00000 0.00000 0.00000 0.00000 0.00000 0.00000 0.00000 0.00000 0.00000 0.00000 0.00000 0.00000 0.00000 0.00000 0.00000 0.00000 0.00000 0.00000 0.00000 0.00000 0.00000 0.00000 0.00000 0.00000 0.00000 0.00000 0.00000 0.00000 0.00000 0.00000 0.00000 0.00000 0.00000 0.00000 0.00000 0.00000 0.00000 0.00000 0.00000 0.00000 0.00000 0.00000 0.00000 0.00000 0.00000 0.00000 0.00000 0.00000 0.00000 0.00000 0.00000 0.00000 0.00000 0.00000 0.00000 0.00000 0.00000 0.00000 0.00000 0.00000 0.00000 0.00000 0.00000 0.00000 0.00000 0.00000 0.00000 0.00000 0.00000 0.00000 0.00000 0.00000 0.00000 0.00000 0.00000 0.00000 0.00000 0.00000 0.00000 0.00000 0.00000 0.00000 0.00000 0.00000 0.00000 0.00000 0.00000 0.00000 0.00000 0.00000 0.00000 0.00000 0.00000 0.00000 0.00000 0.00000 0.00000 0.00000 0.00000 0.00000 0.00000 0.00000 0.00000 0.00000 0.00000 0.00000 0.00000 0.00000 0.00000 0.00000 0.00000 0.00000 0.00000 0.00000 0.00000 0.00000 0.00000 0.00000 0.00000 0.00000 0.00000 0.00000 0.00000 0.00000 0.00000 0.00000 0.00000 0.00000 0.00000 0.00000 0.00000 0.00000 0.00000 0.00000 0.00000 0.00000 0.00000 0.00000 0.00000 0.00000 0.00000 0.00000 0.00000 0.00000 0.00000 0.00000 0.00000 0.00000 0.00000 0.00000 0.00000 0.00000 0.00000 0.00000 0.00000 0.00000 0.00000 0.00000 0.00000 0.00000 0.00000 0.00000 0.00000 0.00000 0.00000 0.00000 0.00000 0.00000 0.00000 0.00000 0.00000 0.00000 0.00000 0.00000 0.00000 0.00000 0.00000 0.00000 0.00000 0.00000 0.00000 0.00000 0.00000 0.00000 0.00000 0.00000 0.00000 0.00000 0.00000
0.00000 0.00000 0.00000 0.00000 0.00000 0.00000 0.00000 0.00000 0.00000 0.00000 0.00000 0.00000 0.00000 0.00000 0.00000 0.00000 0.00000 0.00000 0.00000 0.00000 0.00000 0.00000 0.00000 0.00000 0.00000 0.00000 0.00000 0.00000 0.00000 0.00000 0.00000 0.00000 0.00000 0.00000 0.00000 0.00000 0.00000 0.00000 0.00000 0.00000 0.00000 0.00000 0.00000 0.00000 0.00000 0.00000 0.00000 0.00000 0.00000 0.00000 0.00000 0.00000 0.00000 0.00000 0.00000 0.00000 0.00000 0.00000 0.00000 0.00000 0.00000 0.00000 0.00000 0.00000 0.00000 0.00000 0.00000 0.00000 0.00000 0.00000 0.00000 0.00000 0.00000 0.00000 0.00000 0.00000 0.00000 0.00000 0.00000 0.00000 0.00000 0.00000 0.00000 0.00000 0.00000 0.00000 0.00000 0.00000 0.00000 0.00000 0.00000 0.00000 0.00000 0.00000 0.00000 0.00000 0.00000 0.00000 0.00000 0.00000 0.00000 0.00000 0.00000 0.00000 0.00000 0.00000 0.00000 0.00000 0.00000 0.00000 0.00000 0.00000 0.00000 0.00000 0.00000 0.00000 0.00000 0.00000 0.00000 0.00000 0.00000 0.00000 0.00000 0.00000 0.00000 0.00000 0.00000 0.00000 0.00000 0.00000 0.00000 0.00000 0.00000 0.00000 0.00000 0.00000 0.00000 0.00000 0.00000 0.00000 0.00000 0.00000 0.00000 0.00000 0.00000 0.00000 0.00000 0.00000 0.00000 0.00000 0.00000 0.00000 0.00000 0.00000 0.00000 0.00000 0.00000 0.00000 0.00000 0.00000 0.00000 0.00000 0.00000 0.00000 0.00000 0.00000 0.00000 0.00000 0.00000 0.00000 0.00000 0.00000 0.00000 0.00000 0.00000 0.00000 0.00000 0.00000 0.00000 0.00000 0.00000 0.00000 0.00000 0.00000 0.00000 0.00000 0.00000 0.00000 0.00000 0.00000 0.00000 0.00000 0.00000 0.00000 0.00000 0.00000 0.00000 0.00000 0.00000 0.00000 0.00000 0.00000 0.00000 0.00000 0.00000 0.00000 0.00000 0.00000 0.00000 0.00000 0.00000 0.00000 0.00000 0.00000 0.00000 0.00000 0.00000 0.00000 0.00000 0.00000 0.00000 0.00000 0.00000 0.00000 0.00000 0.00000 0.00000 0.00000 0.00000 0.00000 0.00000 0.00000 0.00000 0.00000 0.00000 0.00000 0.00000 0.00000 0.00000 0.00000 0.00000 0.00000 0.00000 0.00000 0.00000 0.00000 0.00000 0.00000 0.00000 0.00000 0.00000 0.00000 0.00000 0.00000 0.00000 0.00000 0.00000 0.00000 0.00000 0.00000 0.00000 0.00000 0.00000 0.00000 0.00000 0.00000 0.00000 0.00000 0.00000 0.00000 0.00000 0.00000 0.00000 0.00000 0.00000 0.00000 0.00000 0.00000 0.00000 0.00000
0.00000 0.00000 0.00000 0.00000 0.00000 0.00000 0.00000 0.00000 0.00000 0.00000 0.00000 0.00000 0.00000 0.00000 0.00000 0.00000 0.00000 0.00000 0.00000 0.00000 0.00000 0.00000 0.00000 0.00000 0.00000 0.00000 0.00000 0.00000 0.00000 0.00000 0.00000 0.00000 0.00000 0.00000 0.00000 0.00000 0.00000 0.00000 0.00000 0.00000 0.00000 0.00000 0.00000 0.00000 0.00000 0.00000 0.00000 0.00000 0.00000 0.00000 0.00000 0.00000 0.00000 0.00000 0.00000 0.00000 0.00000 0.00000 0.00000 0.00000 0.00000 0.00000 0.00000 0.00000 0.00000 0.00000 0.00000 0.00000 0.00000 0.00000 0.00000 0.00000 0.00000 0.00000 0.00000 0.00000 0.00000 0.00000 0.00000 0.00000 0.00000 0.00000 0.00000 0.00000 0.00000 0.00000 0.00000 0.00000 0.00000 0.00000 0.00000 0.00000 0.00000 0.00000 0.00000 0.00000 0.00000 0.00000 0.00000 0.00000 0.00000 0.00000 0.00000 0.00000 0.00000 0.00000 0.00000 0.00000 0.00000 0.00000 0.00000 0.00000 0.00000 0.00000 0.00000 0.00000 0.00000 0.00000 0.00000 0.00000 0.00000 0.00000 0.00000 0.00000 0.00000 0.00000 0.00000 0.00000 0.00000 0.00000 0.00000 0.00000 0.00000 0.00000 0.00000 0.00000 0.00000 0.00000 0.00000 0.00000 0.00000 0.00000 0.00000 0.00000 0.00000 0.00000 0.00000 0.00000 0.00000 0.00000 0.00000 0.00000 0.00000 0.00000 0.00000 0.00000 0.00000 0.00000 0.00000 0.00000 0.00000 0.00000 0.00000 0.00000 0.00000 0.00000 0.00000 0.00000 0.00000 0.00000 0.00000 0.00000 0.00000 0.00000 0.00000 0.00000 0.00000 0.00000 0.00000 0.00000 0.00000 0.00000 0.00000 0.00000 0.00000 0.00000 0.00000 0.00000 0.00000 0.00000 0.00000 0.00000 0.00000 0.00000 0.00000 0.00000 0.00000 0.00000 0.00000 0.00000 0.00000 0.00000 0.00000 0.00000 0.00000 0.00000 0.00000 0.00000 0.00000 0.00000 0.00000 0.00000 0.00000 0.00000 0.00000 0.00000 0.00000 0.00000 0.00000 0.00000 0.00000 0.00000 0.00000 0.00000 0.00000 0.00000 0.00000 0.00000 0.00000 0.00000 0.00000 0.00000 0.00000 0.00000 0.00000 0.00000 0.00000 0.00000 0.00000 0.00000 0.00000 0.00000 0.00000 0.00000 0.00000 0.00000 0.00000 0.00000 0.00000 0.00000 0.00000 0.00000 0.00000 0.00000 0.00000 0.00000 0.00000 0.00000 0.00000 0.00000 0.00000 0.00000 0.00000 0.00000 0.00000 0.00000 0.00000 0.00000 0.00000 0.00000 0.00000 0.00000 0.00000 0.00000 0.00000 0.00000 0.00000 0.00000 0.00000 0.00000
0.00000 0.00000 0.00000 0.00000 0.00000 0.00000 0.00000 0.00000 0.00000 0.00000 0.00000 0.00000 0.00000 0.00000 0.00000 0.00000 0.00000 0.00000 0.00000 0.00000 0.00000 0.00000 0.00000 0.00000 0.00000 0.00000 0.00000 0.00000 0.00000 0.00000 0.00000 0.00000 0.00000 0.00000 0.00000 0.00000 0.00000 0.00000 0.00000 0.00000 0.00000 0.00000 0.00000 0.00000 0.00000 0.00000 0.00000 0.00000 0.00000 0.00000 0.00000 0.00000 0.00000 0.00000 0.00000 0.00000 0.00000 0.00000 0.00000 0.00000 0.00000 0.00000 0.00000 0.00000 0.00000 0.00000 0.00000 0.00000 0.00000 0.00000 0.00000 0.00000 0.00000 0.00000 0.00000 0.00000 0.00000 0.00000 0.00000 0.00000 0.00000 0.00000 0.00000 0.00000 0.00000 0.00000 0.00000 0.00000 0.00000 0.00000 0.00000 0.00000 0.00000 0.00000 0.00000 0.00000 0.00000 0.00000 0.00000 0.00000 0.00000 0.00000 0.00000 0.00000 0.00000 0.00000 0.00000 0.00000 0.00000 0.00000 0.00000 0.00000 0.00000 0.00000 0.00000 0.00000 0.00000 0.00000 0.00000 0.00000 0.00000 0.00000 0.00000 0.00000 0.00000 0.00000 0.00000 0.00000 0.00000 0.00000 0.00000 0.00000 0.00000 0.00000 0.00000 0.00000 0.00000 0.00000 0.00000 0.00000 0.00000 0.00000 0.00000 0.00000 0.00000 0.00000 0.00000 0.00000 0.00000 0.00000 0.00000 0.00000 0.00000 0.00000 0.00000 0.00000 0.00000 0.00000 0.00000 0.00000 0.00000 0.00000 0.00000 0.00000 0.00000 0.00000 0.00000 0.00000 0.00000 0.00000 0.00000 0.00000 0.00000 0.00000 0.00000 0.00000 0.00000 0.00000 0.00000 0.00000 0.00000 0.00000 0.00000 0.00000 0.00000 0.00000 0.00000 0.00000 0.00000 0.00000 0.00000 0.00000 0.00000 0.00000 0.00000 0.00000 0.00000 0.00000 0.00000 0.00000 0.00000 0.00000 0.00000 0.00000 0.00000 0.00000 0.00000 0.00000 0.00000 0.00000 0.00000 0.00000 0.00000 0.00000 0.00000 0.00000 0.00000 0.00000 0.00000 0.00000 0.00000 0.00000 0.00000 0.00000 0.00000 0.00000 0.00000 0.00000 0.00000 0.00000 0.00000 0.00000 0.00000 0.00000 0.00000 0.00000 0.00000 0.00000 0.00000 0.00000 0.00000 0.00000 0.00000 0.00000 0.00000 0.00000 0.00000 0.00000 0.00000 0.00000 0.00000 0.00000 0.00000 0.00000 0.00000 0.00000 0.00000 0.00000 0.00000 0.00000 0.00000 0.00000 0.00000 0.00000 0.00000 0.00000 0.00000 0.00000 0.00000 0.00000 0.00000 0.00000 0.00000 0.00000 0.00000 0.00000 0.00000 0.00000 0.00000 0.00000
0.00000 0.00000 0.00000 0.00000 0.00000 0.00000 0.00000 0.00000 0.00000 0.00000 0.00000 0.00000 0.00000 0.00000 0.00000 0.00000 0.00000 0.00000 0.00000 0.00000 0.00000 0.00000 0.00000 0.00000 0.00000 0.00000 0.00000 0.00000 0.00000 0.00000 0.00000 0.00000 0.00000 0.00000 0.00000 0.00000 0.00000 0.00000 0.00000 0.00000 0.00000 0.00000 0.00000 0.00000 0.00000 0.00000 0.00000 0.00000 0.00000 0.00000 0.00000 0.00000 0.00000 0.00000 0.00000 0.00000 0.00000 0.00000 0.00000 0.00000 0.00000 0.00000 0.00000 0.00000 0.00000 0.00000 0.00000 0.00000 0.00000 0.00000 0.00000 0.00000 0.00000 0.00000 0.00000 0.00000 0.00000 0.00000 0.00000 0.00000 0.00000 0.00000 0.00000 0.00000 0.00000 0.00000 0.00000 0.00000 0.00000 0.00000 0.00000 0.00000 0.00000 0.00000 0.00000 0.00000 0.00000 0.00000 0.00000 0.00000 0.00000 0.00000 0.00000 0.00000 0.00000 0.00000 0.00000 0.00000 0.00000 0.00000 0.00000 0.00000 0.00000 0.00000 0.00000 0.00000 0.00000 0.00000 0.00000 0.00000 0.00000 0.00000 0.00000 0.00000 0.00000 0.00000 0.00000 0.00000 0.00000 0.00000 0.00000 0.00000 0.00000 0.00000 0.00000 0.00000 0.00000 0.00000 0.00000 0.00000 0.00000 0.00000 0.00000 0.00000 0.00000 0.00000 0.00000 0.00000 0.00000 0.00000 0.00000 0.00000 0.00000 0.00000 0.00000 0.00000 0.00000 0.00000 0.00000 0.00000 0.00000 0.00000 0.00000 0.00000 0.00000 0.00000 0.00000 0.00000 0.00000 0.00000 0.00000 0.00000 0.00000 0.00000 0.00000 0.00000 0.00000 0.00000 0.00000 0.00000 0.00000 0.00000 0.00000 0.00000 0.00000 0.00000 0.00000 0.00000 0.00000 0.00000 0.00000 0.00000 0.00000 0.00000 0.00000 0.00000 0.00000 0.00000 0.00000 0.00000 0.00000 0.00000 0.00000 0.00000 0.00000 0.00000 0.00000 0.00000 0.00000 0.00000 0.00000 0.00000 0.00000 0.00000 0.00000 0.00000 0.00000 0.00000 0.00000 0.00000 0.00000 0.00000 0.00000 0.00000 0.00000 0.00000 0.00000 0.00000 0.00000 0.00000 0.00000 0.00000 0.00000 0.00000 0.00000 0.00000 0.00000 0.00000 0.00000 0.00000 0.00000 0.00000 0.00000 0.00000 0.00000 0.00000 0.00000 0.00000 0.00000 0.00000 0.00000 0.00000 0.00000 0.00000 0.00000 0.00000 0.00000 0.00000 0.00000 0.00000 0.00000 0.00000 0.00000 0.00000 0.00000 0.00000 0.00000 0.00000 0.00000 0.00000 0.00000 0.00000 0.00000 0.00000 0.00000 0.00000 0.00000 0.00000 0.00000 0.00000
0.00000 0.00000 0.00000 0.00000 0.00000 0.00000 0.00000 0.00000 0.00000 0.00000 0.00000 0.00000 0.00000 0.00000 0.00000 0.00000 0.00000 0.00000 0.00000 0.00000 0.00000 0.00000 0.00000 0.00000 0.00000 0.00000 0.00000 0.00000 0.00000 0.00000 0.00000 0.00000 0.00000 0.00000 0.00000 0.00000 0.00000 0.00000 0.00000 0.00000 0.00000 0.00000 0.00000 0.00000 0.00000 0.00000 0.00000 0.00000 0.00000 0.00000 0.00000 0.00000 0.00000 0.00000 0.00000 0.00000 0.00000 0.00000 0.00000 0.00000 0.00000 0.00000 0.00000 0.00000 0.00000 0.00000 0.00000 0.00000 0.00000 0.00000 0.00000 0.00000 0.00000 0.00000 0.00000 0.00000 0.00000 0.00000 0.00000 0.00000 0.00000 0.00000 0.00000 0.00000 0.00000 0.00000 0.00000 0.00000 0.00000 0.00000 0.00000 0.00000 0.00000 0.00000 0.00000 0.00000 0.00000 0.00000 0.00000 0.00000 0.00000 0.00000 0.00000 0.00000 0.00000 0.00000 0.00000 0.00000 0.00000 0.00000 0.00000 0.00000 0.00000 0.00000 0.00000 0.00000 0.00000 0.00000 0.00000 0.00000 0.00000 0.00000 0.00000 0.00000 0.00000 0.00000 0.00000 0.00000 0.00000 0.00000 0.00000 0.00000 0.00000 0.00000 0.00000 0.00000 0.00000 0.00000 0.00000 0.00000 0.00000 0.00000 0.00000 0.00000 0.00000 0.00000 0.00000 0.00000 0.00000 0.00000 0.00000 0.00000 0.00000 0.00000 0.00000 0.00000 0.00000 0.00000 0.00000 0.00000 0.00000 0.00000 0.00000 0.00000 0.00000 0.00000 0.00000 0.00000 0.00000 0.00000 0.00000 0.00000 0.00000 0.00000 0.00000 0.00000 0.00000 0.00000 0.00000 0.00000 0.00000 0.00000 0.00000 0.00000 0.00000 0.00000 0.00000 0.00000 0.00000 0.00000 0.00000 0.00000 0.00000 0.00000 0.00000 0.00000 0.00000 0.00000 0.00000 0.00000 0.00000 0.00000 0.00000 0.00000 0.00000 0.00000 0.00000 0.00000 0.00000 0.00000 0.00000 0.00000 0.00000 0.00000 0.00000 0.00000 0.00000 0.00000 0.00000 0.00000 0.00000 0.00000 0.00000 0.00000 0.00000 0.00000 0.00000 0.00000 0.00000 0.00000 0.00000 0.00000 0.00000 0.00000 0.00000 0.00000 0.00000 0.00000 0.00000 0.00000 0.00000 0.00000 0.00000 0.00000 0.00000 0.00000 0.00000 0.00000 0.00000 0.00000 0.00000 0.00000 0.00000 0.00000 0.00000 0.00000 0.00000 0.00000 0.00000 0.00000 0.00000 0.00000 0.00000 0.00000 0.00000 0.00000 0.00000 0.00000 0.00000 0.00000 0.00000 0.00000 0.00000 0.00000 0.00000 0.00000 0.00000 0.00000 0.00000 0.00000
0.00000 0.00000 0.00000 0.00000 0.00000 0.00000 0.00000 0.00000 0.00000 0.00000 0.00000 0.00000 0.00000 0.00000 0.00000 0.00000 0.00000 0.00000 0.00000 0.00000 0.00000 0.00000 0.00000 0.00000 0.00000 0.00000 0.00000 0.00000 0.00000 0.00000 0.00000 0.00000 0.00000 0.00000 0.00000 0.00000 0.00000 0.00000 0.00000 0.00000 0.00000 0.00000 0.00000 0.00000 0.00000 0.00000 0.00000 0.00000 0.00000 0.00000 0.00000 0.00000 0.00000 0.00000 0.00000 0.00000 0.00000 0.00000 0.00000 0.00000 0.00000 0.00000 0.00000 0.00000 0.00000 0.00000 0.00000 0.00000 0.00000 0.00000 0.00000 0.00000 0.00000 0.00000 0.00000 0.00000 0.00000 0.00000 0.00000 0.00000 0.00000 0.00000 0.00000 0.00000 0.00000 0.00000 0.00000 0.00000 0.00000 0.00000 0.00000 0.00000 0.00000 0.00000 0.00000 0.00000 0.00000 0.00000 0.00000 0.00000 0.00000 0.00000 0.00000 0.00000 0.00000 0.00000 0.00000 0.00000 0.00000 0.00000 0.00000 0.00000 0.00000 0.00000 0.00000 0.00000 0.00000 0.00000 0.00000 0.00000 0.00000 0.00000 0.00000 0.00000 0.00000 0.00000 0.00000 0.00000 0.00000 0.00000 0.00000 0.00000 0.00000 0.00000 0.00000 0.00000 0.00000 0.00000 0.00000 0.00000 0.00000 0.00000 0.00000 0.00000 0.00000 0.00000 0.00000 0.00000 0.00000 0.00000 0.00000 0.00000 0.00000 0.00000 0.00000 0.00000 0.00000 0.00000 0.00000 0.00000 0.00000 0.00000 0.00000 0.00000 0.00000 0.00000 0.00000 0.00000 0.00000 0.00000 0.00000 0.00000 0.00000 0.00000 0.00000 0.00000 0.00000 0.00000 0.00000 0.00000 0.00000 0.00000 0.00000 0.00000 0.00000 0.00000 0.00000 0.00000 0.00000 0.00000 0.00000 0.00000 0.00000 0.00000 0.00000 0.00000 0.00000 0.00000 0.00000 0.00000 0.00000 0.00000 0.00000 0.00000 0.00000 0.00000 0.00000 0.00000 0.00000 0.00000 0.00000 0.00000 0.00000 0.00000 0.00000 0.00000 0.00000 0.00000 0.00000 0.00000 0.00000 0.00000 0.00000 0.00000 0.00000 0.00000 0.00000 0.00000 0.00000 0.00000 0.00000 0.00000 0.00000 0.00000 0.00000 0.00000 0.00000 0.00000 0.00000 0.00000 0.00000 0.00000 0.00000 0.00000 0.00000 0.00000 0.00000 0.00000 0.00000 0.00000 0.00000 0.00000 0.00000 0.00000 0.00000 0.00000 0.00000 0.00000 0.00000 0.00000 0.00000 0.00000 0.00000 0.00000 0.00000 0.00000 0.00000 0.00000 0.00000 0.00000 0.00000 0.00000 0.00000 0.00000 0.00000 0.00000 0.00000 0.00000 0.00000 0.00000
0.00000 0.00000 0.00000 0.00000 0.00000 0.00000 0.00000 0.00000 0.00000 0.00000 0.00000 0.00000 0.00000 0.00000 0.00000 0.00000 0.00000 0.00000 0.00000 0.00000 0.00000 0.00000 0.00000 0.00000 0.00000 0.00000 0.00000 0.00000 0.00000 0.00000 0.00000 0.00000 0.00000 0.00000 0.00000 0.00000 0.00000 0.00000 0.00000 0.00000 0.00000 0.00000 0.00000 0.00000 0.00000 0.00000 0.00000 0.00000 0.00000 0.00000 0.00000 0.00000 0.00000 0.00000 0.00000 0.00000 0.00000 0.00000 0.00000 0.00000 0.00000 0.00000 0.00000 0.00000 0.00000 0.00000 0.00000 0.00000 0.00000 0.00000 0.00000 0.00000 0.00000 0.00000 0.00000 0.00000 0.00000 0.00000 0.00000 0.00000 0.00000 0.00000 0.00000 0.00000 0.00000 0.00000 0.00000 0.00000 0.00000 0.00000 0.00000 0.00000 0.00000 0.00000 0.00000 0.00000 0.00000 0.00000 0.00000 0.00000 0.00000 0.00000 0.00000 0.00000 0.00000 0.00000 0.00000 0.00000 0.00000 0.00000 0.00000 0.00000 0.00000 0.00000 0.00000 0.00000 0.00000 0.00000 0.00000 0.00000 0.00000 0.00000 0.00000 0.00000 0.00000 0.00000 0.00000 0.00000 0.00000 0.00000 0.00000 0.00000 0.00000 0.00000 0.00000 0.00000 0.00000 0.00000 0.00000 0.00000 0.00000 0.00000 0.00000 0.00000 0.00000 0.00000 0.00000 0.00000 0.00000 0.00000 0.00000 0.00000 0.00000 0.00000 0.00000 0.00000 0.00000 0.00000 0.00000 0.00000 0.00000 0.00000 0.00000 0.00000 0.00000 0.00000 0.00000 0.00000 0.00000 0.00000 0.00000 0.00000 0.00000 0.00000 0.00000 0.00000 0.00000 0.00000 0.00000 0.00000 0.00000 0.00000 0.00000 0.00000 0.00000 0.00000 0.00000 0.00000 0.00000 0.00000 0.00000 0.00000 0.00000 0.00000 0.00000 0.00000 0.00000 0.00000 0.00000 0.00000 0.00000 0.00000 0.00000 0.00000 0.00000 0.00000 0.00000 0.00000 0.00000 0.00000 0.00000 0.00000 0.00000 0.00000 0.00000 0.00000 0.00000 0.00000 0.00000 0.00000 0.00000 0.00000 0.00000 0.00000 0.00000 0.00000 0.00000 0.00000 0.00000 0.00000 0.00000 0.00000 0.00000 0.00000 0.00000 0.00000 0.00000 0.00000 0.00000 0.00000 0.00000 0.00000 0.00000 0.00000 0.00000 0.00000 0.00000 0.00000 0.00000 0.00000 0.00000 0.00000 0.00000 0.00000 0.00000 0.00000 0.00000 0.00000 0.00000 0.00000 0.00000 0.00000 0.00000 0.00000 0.00000 0.00000 0.00000 0.00000 0.00000 0.00000 0.00000 0.00000 0.00000 0.00000 0.00000 0.00000 0.00000 0.00000 0.00000 0.00000
0.00000 0.00000 0.00000 0.00000 0.00000 0.00000 0.00000 0.00000 0.00000 0.00000 0.00000 0.00000 0.00000 0.00000 0.00000 0.00000 0.00000 0.00000 0.00000 0.00000 0.00000 0.00000 0.00000 0.00000 0.00000 0.00000 0.00000 0.00000 0.00000 0.00000 0.00000 0.00000 0.00000 0.00000 0.00000 0.00000 0.00000 0.00000 0.00000 0.00000 0.00000 0.00000 0.00000 0.00000 0.00000 0.00000 0.00000 0.00000 0.00000 0.00000 0.00000 0.00000 0.00000 0.00000 0.00000 0.00000 0.00000 0.00000 0.00000 0.00000 0.00000 0.00000 0.00000 0.00000 0.00000 0.00000 0.00000 0.00000 0.00000 0.00000 0.00000 0.00000 0.00000 0.00000 0.00000 0.00000 0.00000 0.00000 0.00000 0.00000 0.00000 0.00000 0.00000 0.00000 0.00000 0.00000 0.00000 0.00000 0.00000 0.00000 0.00000 0.00000 0.00000 0.00000 0.00000 0.00000 0.00000 0.00000 0.00000 0.00000 0.00000 0.00000 0.00000 0.00000 0.00000 0.00000 0.00000 0.00000 0.00000 0.00000 0.00000 0.00000 0.00000 0.00000 0.00000 0.00000 0.00000 0.00000 0.00000 0.00000 0.00000 0.00000 0.00000 0.00000 0.00000 0.00000 0.00000 0.00000 0.00000 0.00000 0.00000 0.00000 0.00000 0.00000 0.00000 0.00000 0.00000 0.00000 0.00000 0.00000 0.00000 0.00000 0.00000 0.00000 0.00000 0.00000 0.00000 0.00000 0.00000 0.00000 0.00000 0.00000 0.00000 0.00000 0.00000 0.00000 0.00000 0.00000 0.00000 0.00000 0.00000 0.00000 0.00000 0.00000 0.00000 0.00000 0.00000 0.00000 0.00000 0.00000 0.00000 0.00000 0.00000 0.00000 0.00000 0.00000 0.00000 0.00000 0.00000 0.00000 0.00000 0.00000 0.00000 0.00000 0.00000 0.00000 0.00000 0.00000 0.00000 0.00000 0.00000 0.00000 0.00000 0.00000 0.00000 0.00000 0.00000 0.00000 0.00000 0.00000 0.00000 0.00000 0.00000 0.00000 0.00000 0.00000 0.00000 0.00000 0.00000 0.00000 0.00000 0.00000 0.00000 0.00000 0.00000 0.00000 0.00000 0.00000 0.00000 0.00000 0.00000 0.00000 0.00000 0.00000 0.00000 0.00000 0.00000 0.00000 0.00000 0.00000 0.00000 0.00000 0.00000 0.00000 0.00000 0.00000 0.00000 0.00000 0.00000 0.00000 0.00000 0.00000 0.00000 0.00000 0.00000 0.00000 0.00000 0.00000 0.00000 0.00000 0.00000 0.00000 0.00000 0.00000 0.00000 0.00000 0.00000 0.00000 0.00000 0.00000 0.00000 0.00000 0.00000 0.00000 0.00000 0.00000 0.00000 0.00000 0.00000 0.00000 0.00000 0.00000 0.00000 0.00000 0.00000 0.00000 0.00000 0.00000 0.00000 0.00000
0.00000 0.00000 0.00000 0.00000 0.00000 0.00000 0.00000 0.00000 0.00000 0.00000 0.00000 0.00000 0.00000 0.00000 0.00000 0.00000 0.00000 0.00000 0.00000 0.00000 0.00000 0.00000 0.00000 0.00000 0.00000 0.00000 0.00000 0.00000 0.00000 0.00000 0.00000 0.00000 0.00000 0.00000 0.00000 0.00000 0.00000 0.00000 0.00000 0.00000 0.00000 0.00000 0.00000 0.00000 0.00000 0.00000 0.00000 0.00000 0.00000 0.00000 0.00000 0.00000 0.00000 0.00000 0.00000 0.00000 0.00000 0.00000 0.00000 0.00000 0.00000 0.00000 0.00000 0.00000 0.00000 0.00000 0.00000 0.00000 0.00000 0.00000 0.00000 0.00000 0.00000 0.00000 0.00000 0.00000 0.00000 0.00000 0.00000 0.00000 0.00000 0.00000 0.00000 0.00000 0.00000 0.00000 0.00000 0.00000 0.00000 0.00000 0.00000 0.00000 0.00000 0.00000 0.00000 0.00000 0.00000 0.00000 0.00000 0.00000 0.00000 0.00000 0.00000 0.00000 0.00000 0.00000 0.00000 0.00000 0.00000 0.00000 0.00000 0.00000 0.00000 0.00000 0.00000 0.00000 0.00000 0.00000 0.00000 0.00000 0.00000 0.00000 0.00000 0.00000 0.00000 0.00000 0.00000 0.00000 0.00000 0.00000 0.00000 0.00000 0.00000 0.00000 0.00000 0.00000 0.00000 0.00000 0.00000 0.00000 0.00000 0.00000 0.00000 0.00000 0.00000 0.00000 0.00000 0.00000 0.00000 0.00000 0.00000 0.00000 0.00000 0.00000 0.00000 0.00000 0.00000 0.00000 0.00000 0.00000 0.00000 0.00000 0.00000 0.00000 0.00000 0.00000 0.00000 0.00000 0.00000 0.00000 0.00000 0.00000 0.00000 0.00000 0.00000 0.00000 0.00000 0.00000 0.00000 0.00000 0.00000 0.00000 0.00000 0.00000 0.00000 0.00000 0.00000 0.00000 0.00000 0.00000 0.00000 0.00000 0.00000 0.00000 0.00000 0.00000 0.00000 0.00000 0.00000 0.00000 0.00000 0.00000 0.00000 0.00000 0.00000 0.00000 0.00000 0.00000 0.00000 0.00000 0.00000 0.00000 0.00000 0.00000 0.00000 0.00000 0.00000 0.00000 0.00000 0.00000 0.00000 0.00000 0.00000 0.00000 0.00000 0.00000 0.00000 0.00000 0.00000 0.00000 0.00000 0.00000 0.00000 0.00000 0.00000 0.00000 0.00000 0.00000 0.00000 0.00000 0.00000 0.00000 0.00000 0.00000 0.00000 0.00000 0.00000 0.00000 0.00000 0.00000 0.00000 0.00000 0.00000 0.00000 0.00000 0.00000 0.00000 0.00000 0.00000 0.00000 0.00000 0.00000 0.00000 0.00000 0.00000 0.00000 0.00000 0.00000 0.00000 0.00000 0.00000 0.00000 0.00000 0.00000 0.00000 0.00000 0.00000 0.00000 0.00000 0.00000
0.00000 0.00000 0.00000 0.00000 0.00000 0.00000 0.00000 0.00000 0.00000 0.00000 0.00000 0.00000 0.00000 0.00000 0.00000 0.00000 0.00000 0.00000 0.00000 0.00000 0.00000 0.00000 0.00000 0.00000 0.00000 0.00000 0.00000 0.00000 0.00000 0.00000 0.00000 0.00000 0.00000 0.00000 0.00000 0.00000 0.00000 0.00000 0.00000 0.00000 0.00000 0.00000 0.00000 0.00000 0.00000 0.00000 0.00000 0.00000 0.00000 0.00000 0.00000 0.00000 0.00000 0.00000 0.00000 0.00000 0.00000 0.00000 0.00000 0.00000 0.00000 0.00000 0.00000 0.00000 0.00000 0.00000 0.00000 0.00000 0.00000 0.00000 0.00000 0.00000 0.00000 0.00000 0.00000 0.00000 0.00000 0.00000 0.00000 0.00000 0.00000 0.00000 0.00000 0.00000 0.00000 0.00000 0.00000 0.00000 0.00000 0.00000 0.00000 0.00000 0.00000 0.00000 0.00000 0.00000 0.00000 0.00000 0.00000 0.00000 0.00000 0.00000 0.00000 0.00000 0.00000 0.00000 0.00000 0.00000 0.00000 0.00000 0.00000 0.00000 0.00000 0.00000 0.00000 0.00000 0.00000 0.00000 0.00000 0.00000 0.00000 0.00000 0.00000 0.00000 0.00000 0.00000 0.00000 0.00000 0.00000 0.00000 0.00000 0.00000 0.00000 0.00000 0.00000 0.00000 0.00000 0.00000 0.00000 0.00000 0.00000 0.00000 0.00000 0.00000 0.00000 0.00000 0.00000 0.00000 0.00000 0.00000 0.00000 0.00000 0.00000 0.00000 0.00000 0.00000 0.00000 0.00000 0.00000 0.00000 0.00000 0.00000 0.00000 0.00000 0.00000 0.00000 0.00000 0.00000 0.00000 0.00000 0.00000 0.00000 0.00000 0.00000 0.00000 0.00000 0.00000 0.00000 0.00000 0.00000 0.00000 0.00000 0.00000 0.00000 0.00000 0.00000 0.00000 0.00000 0.00000 0.00000 0.00000 0.00000 0.00000 0.00000 0.00000 0.00000 0.00000 0.00000 0.00000 0.00000 0.00000 0.00000 0.00000 0.00000 0.00000 0.00000 0.00000 0.00000 0.00000 0.00000 0.00000 0.00000 0.00000 0.00000 0.00000 0.00000 0.00000 0.00000 0.00000 0.00000 0.00000 0.00000 0.00000 0.00000 0.00000 0.00000 0.00000 0.00000 0.00000 0.00000 0.00000 0.00000 0.00000 0.00000 0.00000 0.00000 0.00000 0.00000 0.00000 0.00000 0.00000 0.00000 0.00000 0.00000 0.00000 0.00000 0.00000 0.00000 0.00000 0.00000 0.00000 0.00000 0.00000 0.00000 0.00000 0.00000 0.00000 0.00000 0.00000 0.00000 0.00000 0.00000 0.00000 0.00000 0.00000 0.00000 0.00000 0.00000 0.00000 0.00000 0.00000 0.00000 0.00000 0.00000 0.00000 0.00000 0.00000 0.00000 0.00000 0.00000
0.00000 0.00000 0.00000 0.00000 0.00000 0.00000 0.00000 0.00000 0.00000 0.00000 0.00000 0.00000 0.00000 0.00000 0.00000 0.00000 0.00000 0.00000 0.00000 0.00000 0.00000 0.00000 0.00000 0.00000 0.00000 0.00000 0.00000 0.00000 0.00000 0.00000 0.00000 0.00000 0.00000 0.00000 0.00000 0.00000 0.00000 0.00000 0.00000 0.00000 0.00000 0.00000 0.00000 0.00000 0.00000 0.00000 0.00000 0.00000 0.00000 0.00000 0.00000 0.00000 0.00000 0.00000 0.00000 0.00000 0.00000 0.00000 0.00000 0.00000 0.00000 0.00000 0.00000 0.00000 0.00000 0.00000 0.00000 0.00000 0.00000 0.00000 0.00000 0.00000 0.00000 0.00000 0.00000 0.00000 0.00000 0.00000 0.00000 0.00000 0.00000 0.00000 0.00000 0.00000 0.00000 0.00000 0.00000 0.00000 0.00000 0.00000 0.00000 0.00000 0.00000 0.00000 0.00000 0.00000 0.00000 0.00000 0.00000 0.00000 0.00000 0.00000 0.00000 0.00000 0.00000 0.00000 0.00000 0.00000 0.00000 0.00000 0.00000 0.00000 0.00000 0.00000 0.00000 0.00000 0.00000 0.00000 0.00000 0.00000 0.00000 0.00000 0.00000 0.00000 0.00000 0.00000 0.00000 0.00000 0.00000 0.00000 0.00000 0.00000 0.00000 0.00000 0.00000 0.00000 0.00000 0.00000 0.00000 0.00000 0.00000 0.00000 0.00000 0.00000 0.00000 0.00000 0.00000 0.00000 0.00000 0.00000 0.00000 0.00000 0.00000 0.00000 0.00000 0.00000 0.00000 0.00000 0.00000 0.00000 0.00000 0.00000 0.00000 0.00000 0.00000 0.00000 0.00000 0.00000 0.00000 0.00000 0.00000 0.00000 0.00000 0.00000 0.00000 0.00000 0.00000 0.00000 0.00000 0.00000 0.00000 0.00000 0.00000 0.00000 0.00000 0.00000 0.00000 0.00000 0.00000 0.00000 0.00000 0.00000 0.00000 0.00000 0.00000 0.00000 0.00000 0.00000 0.00000 0.00000 0.00000 0.00000 0.00000 0.00000 0.00000 0.00000 0.00000 0.00000 0.00000 0.00000 0.00000 0.00000 0.00000 0.00000 0.00000 0.00000 0.00000 0.00000 0.00000 0.00000 0.00000 0.00000 0.00000 0.00000 0.00000 0.00000 0.00000 0.00000 0.00000 0.00000 0.00000 0.00000 0.00000 0.00000 0.00000 0.00000 0.00000 0.00000 0.00000 0.00000 0.00000 0.00000 0.00000 0.00000 0.00000 0.00000 0.00000 0.00000 0.00000 0.00000 0.00000 0.00000 0.00000 0.00000 0.00000 0.00000 0.00000 0.00000 0.00000 0.00000 0.00000 0.00000 0.00000 0.00000 0.00000 0.00000 0.00000 0.00000 0.00000 0.00000 0.00000 0.00000 0.00000 0.00000 0.00000 0.00000 0.00000 0.00000 0.00000 0.00000
0.00000 0.00000 0.00000 0.00000 0.00000 0.00000 0.00000 0.00000 0.00000 0.00000 0.00000 0.00000 0.00000 0.00000 0.00000 0.00000 0.00000 0.00000 0.00000 0.00000 0.00000 0.00000 0.00000 0.00000 0.00000 0.00000 0.00000 0.00000 0.00000 0.00000 0.00000 0.00000 0.00000 0.00000 0.00000 0.00000 0.00000 0.00000 0.00000 0.00000 0.00000 0.00000 0.00000 0.00000 0.00000 0.00000 0.00000 0.00000 0.00000 0.00000 0.00000 0.00000 0.00000 0.00000 0.00000 0.00000 0.00000 0.00000 0.00000 0.00000 0.00000 0.00000 0.00000 0.00000 0.00000 0.00000 0.00000 0.00000 0.00000 0.00000 0.00000 0.00000 0.00000 0.00000 0.00000 0.00000 0.00000 0.00000 0.00000 0.00000 0.00000 0.00000 0.00000 0.00000 0.00000 0.00000 0.00000 0.00000 0.00000 0.00000 0.00000 0.00000 0.00000 0.00000 0.00000 0.00000 0.00000 0.00000 0.00000 0.00000 0.00000 0.00000 0.00000 0.00000 0.00000 0.00000 0.00000 0.00000 0.00000 0.00000 0.00000 0.00000 0.00000 0.00000 0.00000 0.00000 0.00000 0.00000 0.00000 0.00000 0.00000 0.00000 0.00000 0.00000 0.00000 0.00000 0.00000 0.00000 0.00000 0.00000 0.00000 0.00000 0.00000 0.00000 0.00000 0.00000 0.00000 0.00000 0.00000 0.00000 0.00000 0.00000 0.00000 0.00000 0.00000 0.00000 0.00000 0.00000 0.00000 0.00000 0.00000 0.00000 0.00000 0.00000 0.00000 0.00000 0.00000 0.00000 0.00000 0.00000 0.00000 0.00000 0.00000 0.00000 0.00000 0.00000 0.00000 0.00000 0.00000 0.00000 0.00000 0.00000 0.00000 0.00000 0.00000 0.00000 0.00000 0.00000 0.00000 0.00000 0.00000 0.00000 0.00000 0.00000 0.00000 0.00000 0.00000 0.00000 0.00000 0.00000 0.00000 0.00000 0.00000 0.00000 0.00000 0.00000 0.00000 0.00000 0.00000 0.00000 0.00000 0.00000 0.00000 0.00000 0.00000 0.00000 0.00000 0.00000 0.00000 0.00000 0.00000 0.00000 0.00000 0.00000 0.00000 0.00000 0.00000 0.00000 0.00000 0.00000 0.00000 0.00000 0.00000 0.00000 0.00000 0.00000 0.00000 0.00000 0.00000 0.00000 0.00000 0.00000 0.00000 0.00000 0.00000 0.00000 0.00000 0.00000 0.00000 0.00000 0.00000 0.00000 0.00000 0.00000 0.00000 0.00000 0.00000 0.00000 0.00000 0.00000 0.00000 0.00000 0.00000 0.00000 0.00000 0.00000 0.00000 0.00000 0.00000 0.00000 0.00000 0.00000 0.00000 0.00000 0.00000 0.00000 0.00000 0.00000 0.00000 0.00000 0.00000 0.00000 0.00000 0.00000 0.00000 0.00000 0.00000 0.00000 0.00000 0.00000
0.00000 0.00000 0.00000 0.00000 0.00000 0.00000 0.00000 0.00000 0.00000 0.00000 0.00000 0.00000 0.00000 0.00000 0.00000 0.00000 0.00000 0.00000 0.00000 0.00000 0.00000 0.00000 0.00000 0.00000 0.00000 0.00000 0.00000 0.00000 0.00000 0.00000 0.00000 0.00000 0.00000 0.00000 0.00000 0.00000 0.00000 0.00000 0.00000 0.00000 0.00000 0.00000 0.00000 0.00000 0.00000 0.00000 0.00000 0.00000 0.00000 0.00000 0.00000 0.00000 0.00000 0.00000 0.00000 0.00000 0.00000 0.00000 0.00000 0.00000 0.00000 0.00000 0.00000 0.00000 0.00000 0.00000 0.00000 0.00000 0.00000 0.00000 0.00000 0.00000 0.00000 0.00000 0.00000 0.00000 0.00000 0.00000 0.00000 0.00000 0.00000 0.00000 0.00000 0.00000 0.00000 0.00000 0.00000 0.00000 0.00000 0.00000 0.00000 0.00000 0.00000 0.00000 0.00000 0.00000 0.00000 0.00000 0.00000 0.00000 0.00000 0.00000 0.00000 0.00000 0.00000 0.00000 0.00000 0.00000 0.00000 0.00000 0.00000 0.00000 0.00000 0.00000 0.00000 0.00000 0.00000 0.00000 0.00000 0.00000 0.00000 0.00000 0.00000 0.00000 0.00000 0.00000 0.00000 0.00000 0.00000 0.00000 0.00000 0.00000 0.00000 0.00000 0.00000 0.00000 0.00000 0.00000 0.00000 0.00000 0.00000 0.00000 0.00000 0.00000 0.00000 0.00000 0.00000 0.00000 0.00000 0.00000 0.00000 0.00000 0.00000 0.00000 0.00000 0.00000 0.00000 0.00000 0.00000 0.00000 0.00000 0.00000 0.00000 0.00000 0.00000 0.00000 0.00000 0.00000 0.00000 0.00000 0.00000 0.00000 0.00000 0.00000 0.00000 0.00000 0.00000 0.00000 0.00000 0.00000 0.00000 0.00000 0.00000 0.00000 0.00000 0.00000 0.00000 0.00000 0.00000 0.00000 0.00000 0.00000 0.00000 0.00000 0.00000 0.00000 0.00000 0.00000 0.00000 0.00000 0.00000 0.00000 0.00000 0.00000 0.00000 0.00000 0.00000 0.00000 0.00000 0.00000 0.00000 0.00000 0.00000 0.00000 0.00000 0.00000 0.00000 0.00000 0.00000 0.00000 0.00000 0.00000 0.00000 0.00000 0.00000 0.00000 0.00000 0.00000 0.00000 0.00000 0.00000 0.00000 0.00000 0.00000 0.00000 0.00000 0.00000 0.00000 0.00000 0.00000 0.00000 0.00000 0.00000 0.00000 0.00000 0.00000 0.00000 0.00000 0.00000 0.00000 0.00000 0.00000 0.00000 0.00000 0.00000 0.00000 0.00000 0.00000 0.00000 0.00000 0.00000 0.00000 0.00000 0.00000 0.00000 0.00000 0.00000 0.00000 0.00000 0.00000 0.00000 0.00000 0.00000 0.00000 0.00000 0.00000 0.00000 0.00000 0.00000 0.00000
0.00000 0.00000 0.00000 0.00000 0.00000 0.00000 0.00000 0.00000 0.00000 0.00000 0.00000 0.00000 0.00000 0.00000 0.00000 0.00000 0.00000 0.00000 0.00000 0.00000 0.00000 0.00000 0.00000 0.00000 0.00000 0.00000 0.00000 0.00000 0.00000 0.00000 0.00000 0.00000 0.00000 0.00000 0.00000 0.00000 0.00000 0.00000 0.00000 0.00000 0.00000 0.00000 0.00000 0.00000 0.00000 0.00000 0.00000 0.00000 0.00000 0.00000 0.00000 0.00000 0.00000 0.00000 0.00000 0.00000 0.00000 0.00000 0.00000 0.00000 0.00000 0.00000 0.00000 0.00000 0.00000 0.00000 0.00000 0.00000 0.00000 0.00000 0.00000 0.00000 0.00000 0.00000 0.00000 0.00000 0.00000 0.00000 0.00000 0.00000 0.00000 0.00000 0.00000 0.00000 0.00000 0.00000 0.00000 0.00000 0.00000 0.00000 0.00000 0.00000 0.00000 0.00000 0.00000 0.00000 0.00000 0.00000 0.00000 0.00000 0.00000 0.00000 0.00000 0.00000 0.00000 0.00000 0.00000 0.00000 0.00000 0.00000 0.00000 0.00000 0.00000 0.00000 0.00000 0.00000 0.00000 0.00000 0.00000 0.00000 0.00000 0.00000 0.00000 0.00000 0.00000 0.00000 0.00000 0.00000 0.00000 0.00000 0.00000 0.00000 0.00000 0.00000 0.00000 0.00000 0.00000 0.00000 0.00000 0.00000 0.00000 0.00000 0.00000 0.00000 0.00000 0.00000 0.00000 0.00000 0.00000 0.00000 0.00000 0.00000 0.00000 0.00000 0.00000 0.00000 0.00000 0.00000 0.00000 0.00000 0.00000 0.00000 0.00000 0.00000 0.00000 0.00000 0.00000 0.00000 0.00000 0.00000 0.00000 0.00000 0.00000 0.00000 0.00000 0.00000 0.00000 0.00000 0.00000 0.00000 0.00000 0.00000 0.00000 0.00000 0.00000 0.00000 0.00000 0.00000 0.00000 0.00000 0.00000 0.00000 0.00000 0.00000 0.00000 0.00000 0.00000 0.00000 0.00000 0.00000 0.00000 0.00000 0.00000 0.00000 0.00000 0.00000 0.00000 0.00000 0.00000 0.00000 0.00000 0.00000 0.00000 0.00000 0.00000 0.00000 0.00000 0.00000 0.00000 0.00000 0.00000 0.00000 0.00000 0.00000 0.00000 0.00000 0.00000 0.00000 0.00000 0.00000 0.00000 0.00000 0.00000 0.00000 0.00000 0.00000 0.00000 0.00000 0.00000 0.00000 0.00000 0.00000 0.00000 0.00000 0.00000 0.00000 0.00000 0.00000 0.00000 0.00000 0.00000 0.00000 0.00000 0.00000 0.00000 0.00000 0.00000 0.00000 0.00000 0.00000 0.00000 0.00000 0.00000 0.00000 0.00000 0.00000 0.00000 0.00000 0.00000 0.00000 0.00000 0.00000 0.00000 0.00000 0.00000 0.00000 0.00000 0.00000 0.00000 0.00000
0.00000 0.00000 0.00000 0.00000 0.00000 0.00000 0.00000 0.00000 0.00000 0.00000 0.00000 0.00000 0.00000 0.00000 0.00000 0.00000 0.00000 0.00000 0.00000 0.00000 0.00000 0.00000 0.00000 0.00000 0.00000 0.00000 0.00000 0.00000 0.00000 0.00000 0.00000 0.00000 0.00000 0.00000 0.00000 0.00000 0.00000 0.00000 0.00000 0.00000 0.00000 0.00000 0.00000 0.00000 0.00000 0.00000 0.00000 0.00000 0.00000 0.00000 0.00000 0.00000 0.00000 0.00000 0.00000 0.00000 0.00000 0.00000 0.00000 0.00000 0.00000 0.00000 0.00000 0.00000 0.00000 0.00000 0.00000 0.00000 0.00000 0.00000 0.00000 0.00000 0.00000 0.00000 0.00000 0.00000 0.00000 0.00000 0.00000 0.00000 0.00000 0.00000 0.00000 0.00000 0.00000 0.00000 0.00000 0.00000 0.00000 0.00000 0.00000 0.00000 0.00000 0.00000 0.00000 0.00000 0.00000 0.00000 0.00000 0.00000 0.00000 0.00000 0.00000 0.00000 0.00000 0.00000 0.00000 0.00000 0.00000 0.00000 0.00000 0.00000 0.00000 0.00000 0.00000 0.00000 0.00000 0.00000 0.00000 0.00000 0.00000 0.00000 0.00000 0.00000 0.00000 0.00000 0.00000 0.00000 0.00000 0.00000 0.00000 0.00000 0.00000 0.00000 0.00000 0.00183 0.00549 0.00920 0.01287 0.01645 0.02011 0.02391 0.02758 0.03107 0.03472 0.03496 0.03128 0.02741 0.02377 0.02024 0.01652 0.01280 0.00918 0.00552 0.00183 0.00000 0.00000 0.00000 0.00000 0.00000 0.00000 0.00000 0.00000 0.00000 0.00000 0.00000 0.00000 0.00000 0.00000 0.00000 0.00000 0.00000 0.00000 0.00000 0.00000 0.00000 0.00000 0.00000 0.00000 0.00000 0.00000 0.00000 0.00000 0.00000 0.00000 0.00000 0.00000 0.00000 0.00000 0.00000 0.00000 0.00000 0.00000 0.00000 0.00000 0.00000 0.00000 0.00000 0.00000 0.00000 0.00000 0.00000 0.00000 0.00000 0.00000 0.00000 0.00000 0.00000 0.00000 0.00000 0.00000 0.00000 0.00000 0.00000 0.00000 0.00000 0.00000 0.00000 0.00000 0.00000 0.00000 0.00000 0.00000 0.00000 0.00000 0.00000 0.00000 0.00000 0.00000 0.00000 0.00000 0.00000 0.00000 0.00000 0.00000 0.00000 0.00000 0.00000 0.00000 0.00000 0.00000 0.00000 0.00000 0.00000 0.00000 0.00000 0.00000 0.00000 0.00000 0.00000 0.00000 0.00000 0.00000 0.00000 0.00000 0.00000 0.00000 0.00000 0.00000 0.00000 0.00000 0.00000 0.00000 0.00000 0.00000 0.00000 0.00000 0.00000 0.00000 0.00000 0.00000 0.00000 0.00000 0.00000 0.00000 0.00000 0.00000 0.00000 0.00000 0.00000
0.00000 0.00000 0.00000 0.00000 0.00000 0.00000 0.00000 0.00000 0.00000 0.00000 0.00000 0.00000 0.00000 0.00000 0.00000 0.00000 0.00000 0.00000 0.00000 0.00000 0.00000 0.00000 0.00000 0.00000 0.00000 0.00000 0.00000 0.00000 0.00000 0.00000 0.00000 0.00000 0.00000 0.00000 0.00000 0.00000 0.00000 0.00000 0.00000 0.00000 0.00000 0.00000 0.00000 0.00000 0.00000 0.00000 0.00000 0.00000 0.00000 0.00000 0.00000 0.00000 0.00000 0.00000 0.00000 0.00000 0.00000 0.00000 0.00000 0.00000 0.00000 0.00000 0.00000 0.00000 0.00000 0.00000 0.00000 0.00000 0.00000 0.00000 0.00000 0.00000 0.00000 0.00000 0.00000 0.00000 0.00000 0.00000 0.00000 0.00000 0.00000 0.00000 0.00000 0.00000 0.00000 0.00000 0.00000 0.00000 0.00000 0.00000 0.00000 0.00000 0.00000 0.00000 0.00000 0.00000 0.00000 0.00000 0.00000 0.00000 0.00000 0.00000 0.00000 0.00000 0.00000 0.00000 0.00000 0.00000 0.00000 0.00000 0.00000 0.00000 0.00000 0.00000 0.00000 0.00000 0.00000 0.00000 0.00000 0.00000 0.00000 0.00000 0.00000 0.00000 0.00000 0.00000 0.00000 0.00000 0.00000 0.00000 0.00000 0.00000 0.00000 0.00000 0.00000 0.00552 0.01654 0.02743 0.03842 0.04959 0.06061 0.07135 0.08230 0.09355 0.10467 0.10450 0.09334 0.08235 0.07153 0.06069 0.04952 0.03837 0.02748 0.01656 0.00552 0.00000 0.00000 0.00000 0.00000 0.00000 0.00000 0.00000 0.00000 0.00000 0.00000 0.00000 0.00000 0.00000 0.00000 0.00000 0.00000 0.00000 0.00000 0.00000 0.00000 0.00000 0.00000 0.00000 0.00000 0.00000 0.00000 0.00000 0.00000 0.00000 0.00000 0.00000 0.00000 0.00000 0.00000 0.00000 0.00000 0.00000 0.00000 0.00000 0.00000 0.00000 0.00000 0.00000 0.00000 0.00000 0.00000 0.00000 0.00000 0.00000 0.00000 0.00000 0.00000 0.00000 0.00000 0.00000 0.00000 0.00000 0.00000 0.00000 0.00000 0.00000 0.00000 0.00000 0.00000 0.00000 0.00000 0.00000 0.00000 0.00000 0.00000 0.00000 0.00000 0.00000 0.00000 0.00000 0.00000 0.00000 0.00000 0.00000 0.00000 0.00000 0.00000 0.00000 0.00000 0.00000 0.00000 0.00000 0.00000 0.00000 0.00000 0.00000 0.00000 0.00000 0.00000 0.00000 0.00000 0.00000 0.00000 0.00000 0.00000 0.00000 0.00000 0.00000 0.00000 0.00000 0.00000 0.00000 0.00000 0.00000 0.00000 0.00000 0.00000 0.00000 0.00000 0.00000 0.00000 0.00000 0.00000 0.00000 0.00000 0.00000 0.00000 0.00000 0.00000 0.00000
0.00000 0.00000 0.00000 0.00000 0.00000 0.00000 0.00000 0.00000 0.00000 0.00000 0.00000 0.00000 0.00000 0.00000 0.00000 0.00000 0.00000 0.00000 0.00000 0.00000 0.00000 0.00000 0.00000 0.00000 0.00000 0.00000 0.00000 0.00000 0.00000 0.00000 0.00000 0.00000 0.00000 0.00000 0.00000 0.00000 0.00000 0.00000 0.00000 0.00000 0.00000 0.00000 0.00000 0.00000 0.00000 0.00000 0.00000 0.00000 0.00000 0.00000 0.00000 0.00000 0.00000 0.00000 0.00000 0.00000 0.00000 0.00000 0.00000 0.00000 0.00000 0.00000 0.00000 0.00000 0.00000 0.00000 0.00000 0.00000 0.00000 0.00000 0.00000 0.00000 0.00000 0.00000 0.00000 0.00000 0.00000 0.00000 0.00000 0.00000 0.00000 0.00000 0.00000 0.00000 0.00000 0.00000 0.00000 0.00000 0.00000 0.00000 0.00000 0.00000 0.00000 0.00000 0.00000 0.00000 0.00000 0.00000 0.00000 0.00000 0.00000 0.00000 0.00000 0.00000 0.00000 0.00000 0.00000 0.00000 0.00000 0.00000 0.00000 0.00000 0.00000 0.00000 0.00000 0.00000 0.00000 0.00000 0.00000 0.00000 0.00000 0.00000 0.00000 0.00000 0.00000 0.00000 0.00000 0.00000 0.00000 0.00000 0.00000 0.00000 0.00000 0.00000 0.00000 0.00918 0.02755 0.04569 0.06394 0.08262 0.10104 0.11877 0.13690 0.15598 0.17459 0.17353 0.15519 0.13777 0.11931 0.10039 0.08235 0.06433 0.04579 0.02740 0.00917 0.00000 0.00000 0.00000 0.00000 0.00000 0.00000 0.00000 0.00000 0.00000 0.00000 0.00000 0.00000 0.00000 0.00000 0.00000 0.00000 0.00000 0.00000 0.00000 0.00000 0.00000 0.00000 0.00000 0.00000 0.00000 0.00000 0.00000 0.00000 0.00000 0.00000 0.00000 0.00000 0.00000 0.00000 0.00000 0.00000 0.00000 0.00000 0.00000 0.00000 0.00000 0.00000 0.00000 0.00000 0.00000 0.00000 0.00000 0.00000 0.00000 0.00000 0.00000 0.00000 0.00000 0.00000 0.00000 0.00000 0.00000 0.00000 0.00000 0.00000 0.00000 0.00000 0.00000 0.00000 0.00000 0.00000 0.00000 0.00000 0.00000 0.00000 0.00000 0.00000 0.00000 0.00000 0.00000 0.00000 0.00000 0.00000 0.00000 0.00000 0.00000 0.00000 0.00000 0.00000 0.00000 0.00000 0.00000 0.00000 0.00000 0.00000 0.00000 0.00000 0.00000 0.00000 0.00000 0.00000 0.00000 0.00000 0.00000 0.00000 0.00000 0.00000 0.00000 0.00000 0.00000 0.00000 0.00000 0.00000 0.00000 0.00000 0.00000 0.00000 0.00000 0.00000 0.00000 0.00000 0.00000 0.00000 0.00000 0.00000 0.00000 0.00000 0.00000 0.00000 0.00000
0.00000 0.00000 0.00000 0.00000 0.00000 0.00000 0.00000 0.00000 0.00000 0.00000 0.00000 0.00000 0.00000 0.00000 0.00000 0.00000 0.00000 0.00000 0.00000 0.00000 0.00000 0.00000 0.00000 0.00000 0.00000 0.00000 0.00000 0.00000 0.00000 0.00000 0.00000 0.00000 0.00000 0.00000 0.00000 0.00000 0.00000 0.00000 0.00000 0.00000 0.00000 0.00000 0.00000 0.00000 0.00000 0.00000 0.00000 0.00000 0.00000 0.00000 0.00000 0.00000 0.00000 0.00000 0.00000 0.00000 0.00000 0.00000 0.00000 0.00000 0.00000 0.00000 0.00000 0.00000 0.00000 0.00000 0.00000 0.00000 0.00000 0.00000 0.00000 0.00000 0.00000 0.00000 0.00000 0.00000 0.00000 0.00000 0.00000 0.00000 0.00000 0.00000 0.00000 0.00000 0.00000 0.00000 0.00000 0.00000 0.00000 0.00000 0.00000 0.00000 0.00000 0.00000 0.00000 0.00000 0.00000 0.00000 0.00000 0.00000 0.00000 0.00000 0.00000 0.00000 0.00000 0.00000 0.00000 0.00000 0.00000 0.00000 0.00000 0.00000 0.00000 0.00000 0.00000 0.00000 0.00000 0.00000 0.00000 0.00000 0.00000 0.00000 0.00000 0.00000 0.00000 0.00000 0.00000 0.00000 0.00000 0.00000 0.00000 0.00000 0.00000 0.00000 0.00000 0.01279 0.03834 0.06424 0.09000 0.11512 0.14050 0.16679 0.19282 0.21784 0.24265 0.24322 0.21839 0.19272 0.16633 0.14054 0.11543 0.09006 0.06416 0.03833 0.01281 0.00000 0.00000 0.00000 0.00000 0.00000 0.00000 0.00000 0.00000 0.00000 0.00000 0.00000 0.00000 0.00000 0.00000 0.00000 0.00000 0.00000 0.00000 0.00000 0.00000 0.00000 0.00000 0.00000 0.00000 0.00000 0.00000 0.00000 0.00000 0.00000 0.00000 0.00000 0.00000 0.00000 0.00000 0.00000 0.00000 0.00000 0.00000 0.00000 0.00000 0.00000 0.00000 0.00000 0.00000 0.00000 0.00000 0.00000 0.00000 0.00000 0.00000 0.00000 0.00000 0.00000 0.00000 0.00000 0.00000 0.00000 0.00000 0.00000 0.00000 0.00000 0.00000 0.00000 0.00000 0.00000 0.00000 0.00000 0.00000 0.00000 0.00000 0.00000 0.00000 0.00000 0.00000 0.00000 0.00000 0.00000 0.00000 0.00000 0.00000 0.00000 0.00000 0.00000 0.00000 0.00000 0.00000 0.00000 0.00000 0.00000 0.00000 0.00000 0.00000 0.00000 0.00000 0.00000 0.00000 0.00000 0.00000 0.00000 0.00000 0.00000 0.00000 0.00000 0.00000 0.00000 0.00000 0.00000 0.00000 0.00000 0.00000 0.00000 0.00000 0.00000 0.00000 0.00000 0.00000 0.00000 0.00000 0.00000 0.00000 0.00000 0.00000 0.00000 0.00000 0.00000
0.00000 0.00000 0.00000 0.00000 0.00000 0.00000 0.00000 0.00000 0.00000 0.00000 0.00000 0.00000 0.00000 0.00000 0.00000 0.00000 0.00000 0.00000 0.00000 0.00000 0.00000 0.00000 0.00000 0.00000 0.00000 0.00000 0.00000 0.00000 0.00000 0.00000 0.00000 0.00000 0.00000 0.00000 0.00000 0.00000 0.00000 0.00000 0.00000 0.00000 0.00000 0.00000 0.00000 0.00000 0.00000 0.00000 0.00000 0.00000 0.00000 0.00000 0.00000 0.00000 0.00000 0.00000 0.00000 0.00000 0.00000 0.00000 0.00000 0.00000 0.00000 0.00000 0.00000 0.00000 0.00000 0.00000 0.00000 0.00000 0.00000 0.00000 0.00000 0.00000 0.00000 0.00000 0.00000 0.00000 0.00000 0.00000 0.00000 0.00000 0.00000 0.00000 0.00000 0.00000 0.00000 0.00000 0.00000 0.00000 0.00000 0.00000 0.00000 0.00000 0.00000 0.00000 0.00000 0.00000 0.00000 0.00000 0.00000 0.00000 0.00000 0.00000 0.00000 0.00000 0.00000 0.00000 0.00000 0.00000 0.00000 0.00000 0.00000 0.00000 0.00000 0.00000 0.00000 0.00000 0.00000 0.00000 0.00000 0.00000 0.00000 0.00000 0.00000 0.00000 0.00000 0.00000 0.00000 0.00000 0.00000 0.00000 0.00000 0.00000 0.00000 0.00000 0.00000 0.01645 0.04928 0.08244 0.11561 0.14805 0.18054 0.21410 0.24783 0.27971 0.31177 0.31318 0.28061 0.24638 0.21367 0.18166 0.14827 0.11488 0.08239 0.04957 0.01646 0.00000 0.00000 0.00000 0.00000 0.00000 0.00000 0.00000 0.00000 0.00000 0.00000 0.00000 0.00000 0.00000 0.00000 0.00000 0.00000 0.00000 0.00000 0.00000 0.00000 0.00000 0.00000 0.00000 0.00000 0.00000 0.00000 0.00000 0.00000 0.00000 0.00000 0.00000 0.00000 0.00000 0.00000 0.00000 0.00000 0.00000 0.00000 0.00000 0.00000 0.00000 0.00000 0.00000 0.00000 0.00000 0.00000 0.00000 0.00000 0.00000 0.00000 0.00000 0.00000 0.00000 0.00000 0.00000 0.00000 0.00000 0.00000 0.00000 0.00000 0.00000 0.00000 0.00000 0.00000 0.00000 0.00000 0.00000 0.00000 0.00000 0.00000 0.00000 0.00000 0.00000 0.00000 0.00000 0.00000 0.00000 0.00000 0.00000 0.00000 0.00000 0.00000 0.00000 0.00000 0.00000 0.00000 0.00000 0.00000 0.00000 0.00000 0.00000 0.00000 0.00000 0.00000 0.00000 0.00000 0.00000 0.00000 0.00000 0.00000 0.00000 0.00000 0.00000 0.00000 0.00000 0.00000 0.00000 0.00000 0.00000 0.00000 0.00000 0.00000 0.00000 0.00000 0.00000 0.00000 0.00000 0.00000 0.00000 0.00000 0.00000 0.00000 0.00000 0.00000 0.00000
0.00000 0.00000 0.00000 0.00000 0.00000 0.00000 0.00000 0.00000 0.00000 0.00000 0.00000 0.00000 0.00000 0.00000 0.00000 0.00000 0.00000 0.00000 0.00000 0.00000 0.00000 0.00000 0.00000 0.00000 0.00000 0.00000 0.00000 0.00000 0.00000 0.00000 0.00000 0.00000 0.00000 0.00000 0.00000 0.00000 0.00000 0.00000 0.00000 0.00000 0.00000 0.00000 0.00000 0.00000 0.00000 0.00000 0.00000 0.00000 0.00000 0.00000 0.00000 0.00000 0.00000 0.00000 0.00000 0.00000 0.00000 0.00000 0.00000 0.00000 0.00000 0.00000 0.00000 0.00000 0.00000 0.00000 0.00000 0.00000 0.00000 0.00000 0.00000 0.00000 0.00000 0.00000 0.00000 0.00000 0.00000 0.00000 0.00000 0.00000 0.00000 0.00000 0.00000 0.00000 0.00000 0.00000 0.00000 0.00000 0.00000 0.00000 0.00000 0.00000 0.00000 0.00000 0.00000 0.00000 0.00000 0.00000 0.00000 0.00000 0.00000 0.00000 0.00000 0.00000 0.00000 0.00000 0.00000 0.00000 0.00000 0.00000 0.00000 0.00000 0.00000 0.00000 0.00000 0.00000 0.00000 0.00000 0.00000 0.00000 0.00000 0.00000 0.00000 0.00000 0.00000 0.00000 0.00000 0.00000 0.00000 0.00000 0.00000 0.00000 0.00000 0.00000 0.00000 0.02017 0.06058 0.10039 0.14036 0.18135 0.22205 0.26137 0.30059 0.34168 0.38344 0.38297 0.34074 0.30083 0.26210 0.22204 0.18086 0.14036 0.10064 0.06058 0.02016 0.00000 0.00000 0.00000 0.00000 0.00000 0.00000 0.00000 0.00000 0.00000 0.00000 0.00000 0.00000 0.00000 0.00000 0.00000 0.00000 0.00000 0.00000 0.00000 0.00000 0.00000 0.00000 0.00000 0.00000 0.00000 0.00000 0.00000 0.00000 0.00000 0.00000 0.00000 0.00000 0.00000 0.00000 0.00000 0.00000 0.00000 0.00000 0.00000 0.00000 0.00000 0.00000 0.00000 0.00000 0.00000 0.00000 0.00000 0.00000 0.00000 0.00000 0.00000 0.00000 0.00000 0.00000 0.00000 0.00000 0.00000 0.00000 0.00000 0.00000 0.00000 0.00000 0.00000 0.00000 0.00000 0.00000 0.00000 0.00000 0.00000 0.00000 0.00000 0.00000 0.00000 0.00000 0.00000 0.00000 0.00000 0.00000 0.00000 0.00000 0.00000 0.00000 0.00000 0.00000 0.00000 0.00000 0.00000 0.00000 0.00000 0.00000 0.00000 0.00000 0.00000 0.00000 0.00000 0.00000 0.00000 0.00000 0.00000 0.00000 0.00000 0.00000 0.00000 0.00000 0.00000 0.00000 0.00000 0.00000 0.00000 0.00000 0.00000 0.00000 0.00000 0.00000 0.00000 0.00000 0.00000 0.00000 0.00000 0.00000 0.00000 0.00000 0.00000 0.00000 0.00000
0.00000 0.00000 0.00000 0.00000 0.00000 0.00000 0.00000 0.00000 0.00000 0.00000 0.00000 0.00000 0.00000 0.00000 0.00000 0.00000 0.00000 0.00000 0.00000 0.00000 0.00000 0.00000 0.00000 0.00000 0.00000 0.00000 0.00000 0.00000 0.00000 0.00000 0.00000 0.00000 0.00000 0.00000 0.00000 0.00000 0.00000 0.00000 0.00000 0.00000 0.00000 0.00000 0.00000 0.00000 0.00000 0.00000 0.00000 0.00000 0.00000 0.00000 0.00000 0.00000 0.00000 0.00000 0.00000 0.00000 0.00000 0.00000 0.00000 0.00000 0.00000 0.00000 0.00000 0.00000 0.00000 0.00000 0.00000 0.00000 0.00000 0.00000 0.00000 0.00000 0.00000 0.00000 0.00000 0.00000 0.00000 0.00000 0.00000 0.00000 0.00000 0.00000 0.00000 0.00000 0.00000 0.00000 0.00000 0.00000 0.00000 0.00000 0.00000 0.00000 0.00000 0.00000 0.00000 0.00000 0.00000 0.00000 0.00000 0.00000 0.00000 0.00000 0.00000 0.00000 0.00000 0.00000 0.00000 0.00000 0.00000 0.00000 0.00000 0.00000 0.00000 0.00000 0.00000 0.00000 0.00000 0.00000 0.00000 0.00000 0.00000 0.00000 0.00000 0.00000 0.00000 0.00000 0.00000 0.00000 0.00000 0.00000 0.00000 0.00000 0.00000 0.00000 0.00000 0.02378 0.07150 0.11878 0.16583 0.21369 0.26227 0.30911 0.35511 0.40341 0.45252 0.45131 0.40300 0.35683 0.30908 0.26060 0.21382 0.16687 0.11875 0.07106 0.02380 0.00000 0.00000 0.00000 0.00000 0.00000 0.00000 0.00000 0.00000 0.00000 0.00000 0.00000 0.00000 0.00000 0.00000 0.00000 0.00000 0.00000 0.00000 0.00000 0.00000 0.00000 0.00000 0.00000 0.00000 0.00000 0.00000 0.00000 0.00000 0.00000 0.00000 0.00000 0.00000 0.00000 0.00000 0.00000 0.00000 0.00000 0.00000 0.00000 0.00000 0.00000 0.00000 0.00000 0.00000 0.00000 0.00000 0.00000 0.00000 0.00000 0.00000 0.00000 0.00000 0.00000 0.00000 0.00000 0.00000 0.00000 0.00000 0.00000 0.00000 0.00000 0.00000 0.00000 0.00000 0.00000 0.00000 0.00000 0.00000 0.00000 0.00000 0.00000 0.00000 0.00000 0.00000 0.00000 0.00000 0.00000 0.00000 0.00000 0.00000 0.00000 0.00000 0.00000 0.00000 0.00000 0.00000 0.00000 0.00000 0.00000 0.00000 0.00000 0.00000 0.00000 0.00000 0.00000 0.00000 0.00000 0.00000 0.00000 0.00000 0.00000 0.00000 0.00000 0.00000 0.00000 0.00000 0.00000 0.00000 0.00000 0.00000 0.00000 0.00000 0.00000 0.00000 0.00000 0.00000 0.00000 0.00000 0.00000 0.00000 0.00000 0.00000 0.00000 0.00000 0.00000
0.00000 0.00000 0.00000 0.00000 0.00000 0.00000 0.00000 0.00000 0.00000 0.00000 0.00000 0.00000 0.00000 0.00000 0.00000 0.00000 0.00000 0.00000 0.00000 0.00000 0.00000 0.00000 0.00000 0.00000 0.00000 0.00000 0.00000 0.00000 0.00000 0.00000 0.00000 0.00000 0.00000 0.00000 0.00000 0.00000 0.00000 0.00000 0.00000 0.00000 0.00000 0.00000 0.00000 0.00000 0.00000 0.00000 0.00000 0.00000 0.00000 0.00000 0.00000 0.00000 0.00000 0.00000 0.00000 0.00000 0.00000 0.00000 0.00000 0.00000 0.00000 0.00000 0.00000 0.00000 0.00000 0.00000 0.00000 0.00000 0.00000 0.00000 0.00000 0.00000 0.00000 0.00000 0.00000 0.00000 0.00000 0.00000 0.00000 0.00000 0.00000 0.00000 0.00000 0.00000 0.00000 0.00000 0.00000 0.00000 0.00000 0.00000 0.00000 0.00000 0.00000 0.00000 0.00000 0.00000 0.00000 0.00000 0.00000 0.00000 0.00000 0.00000 0.00000 0.00000 0.00000 0.00000 0.00000 0.00000 0.00000 0.00000 0.00000 0.00000 0.00000 0.00000 0.00000 0.00000 0.00000 0.00000 0.00000 0.00000 0.00000 0.00000 0.00000 0.00000 0.00000 0.00000 0.00000 0.00000 0.00000 0.00000 0.00000 0.00000 0.00000 0.00000 0.00000 0.02736 0.08196 0.13732 0.19255 0.24626 0.30041 0.35617 0.41226 0.46664 0.51871 0.51901 0.46724 0.41234 0.35507 0.30034 0.24705 0.19251 0.13697 0.08197 0.02741 0.00000 0.00000 0.00000 0.00000 0.00000 0.00000 0.00000 0.00000 0.00000 0.00000 0.00000 0.00000 0.00000 0.00000 0.00000 0.00000 0.00000 0.00000 0.00000 0.00000 0.00000 0.00000 0.00000 0.00000 0.00000 0.00000 0.00000 0.00000 0.00000 0.00000 0.00000 0.00000 0.00000 0.00000 0.00000 0.00000 0.00000 0.00000 0.00000 0.00000 0.00000 0.00000 0.00000 0.00000 0.00000 0.00000 0.00000 0.00000 0.00000 0.00000 0.00000 0.00000 0.00000 0.00000 0.00000 0.00000 0.00000 0.00000 0.00000 0.00000 0.00000 0.00000 0.00000 0.00000 0.00000 0.00000 0.00000 0.00000 0.00000 0.00000 0.00000 0.00000 0.00000 0.00000 0.00000 0.00000 0.00000 0.00000 0.00000 0.00000 0.00000 0.00000 0.00000 0.00000 0.00000 0.00000 0.00000 0.00000 0.00000 0.00000 0.00000 0.00000 0.00000 0.00000 0.00000 0.00000 0.00000 0.00000 0.00000 0.00000 0.00000 0.00000 0.00000 0.00000 0.00000 0.00000 0.00000 0.00000 0.00000 0.00000 0.00000 0.00000 0.00000 0.00000 0.00000 0.00000 0.00000 0.00000 0.00000 0.00000 0.00000 0.00000 0.00000 0.00000 0.00000
0.00000 0.00000 0.00000 0.00000 0.00000 0.00000 0.00000 0.00000 0.00000 0.00000 0.00000 0.00000 0.00000 0.00000 0.00000 0.00000 0.00000 0.00000 0.00000 0.00000 0.00000 0.00000 0.00000 0.00000 0.00000 0.00000 0.00000 0.00000 0.00000 0.00000 0.00000 0.00000 0.00000 0.00000 0.00000 0.00000 0.00000 0.00000 0.00000 0.00000 0.00000 0.00000 0.00000 0.00000 0.00000 0.00000 0.00000 0.00000 0.00000 0.00000 0.00000 0.00000 0.00000 0.00000 0.00000 0.00000 0.00000 0.00000 0.00000 0.00000 0.00000 0.00000 0.00000 0.00000 0.00000 0.00000 0.00000 0.00000 0.00000 0.00000 0.00000 0.00000 0.00000 0.00000 0.00000 0.00000 0.00000 0.00000 0.00000 0.00000 0.00000 0.00000 0.00000 0.00000 0.00000 0.00000 0.00000 0.00000 0.00000 0.00000 0.00000 0.00000 0.00000 0.00000 0.00000 0.00000 0.00000 0.00000 0.00000 0.00000 0.00000 0.00000 0.00000 0.00000 0.00000 0.00000 0.00000 0.00000 0.00000 0.00000 0.00000 0.00000 0.00000 0.00000 0.00000 0.00000 0.00000 0.00000 0.00000 0.00000 0.00000 0.00000 0.00000 0.00000 0.00000 0.00000 0.00000 0.00000 0.00000 0.00000 0.00000 0.00000 0.00000 0.00000 0.00000 0.03104 0.09288 0.15512 0.21791 0.27967 0.34025 0.40263 0.46663 0.52835 0.58822 0.58899 0.52784 0.46508 0.40334 0.34209 0.27916 0.21658 0.15536 0.09345 0.03101 0.00000 0.00000 0.00000 0.00000 0.00000 0.00000 0.00000 0.00000 0.00000 0.00000 0.00000 0.00000 0.00000 0.00000 0.00000 0.00000 0.00000 0.00000 0.00000 0.00000 0.00000 0.00000 0.00000 0.00000 0.00000 0.00000 0.00000 0.00000 0.00000 0.00000 0.00000 0.00000 0.00000 0.00000 0.00000 0.00000 0.00000 0.00000 0.00000 0.00000 0.00000 0.00000 0.00000 0.00000 0.00000 0.00000 0.00000 0.00000 0.00000 0.00000 0.00000 0.00000 0.00000 0.00000 0.00000 0.00000 0.00000 0.00000 0.00000 0.00000 0.00000 0.00000 0.00000 0.00000 0.00000 0.00000 0.00000 0.00000 0.00000 0.00000 0.00000 0.00000 0.00000 0.00000 0.00000 0.00000 0.00000 0.00000 0.00000 0.00000 0.00000 0.00000 0.00000 0.00000 0.00000 0.00000 0.00000 0.00000 0.00000 0.00000 0.00000 0.00000 0.00000 0.00000 0.00000 0.00000 0.00000 0.00000 0.00000 0.00000 0.00000 0.00000 0.00000 0.00000 0.00000 0.00000 0.00000 0.00000 0.00000 0.00000 0.00000 0.00000 0.00000 0.00000 0.00000 0.00000 0.00000 0.00000 0.00000 0.00000 0.00000 0.00000 0.00000 0.00000 0.00000
0.00000 0.00000 0.00000 0.00000 0.00000 0.00000 0.00000 0.00000 0.00000 0.00000 0.00000 0.00000 0.00000 0.00000 0.00000 0.00000 0.00000 0.00000 0.00000 0.00000 0.00000 0.00000 0.00000 0.00000 0.00000 0.00000 0.00000 0.00000 0.00000 0.00000 0.00000 0.00000 0.00000 0.00000 0.00000 0.00000 0.00000 0.00000 0.00000 0.00000 0.00000 0.00000 0.00000 0.00000 0.00000 0.00000 0.00000 0.00000 0.00000 0.00000 0.00000 0.00000 0.00000 0.00000 0.00000 0.00000 0.00000 0.00000 0.00000 0.00000 0.00000 0.00000 0.00000 0.00000 0.00000 0.00000 0.00000 0.00000 0.00000 0.00000 0.00000 0.00000 0.00000 0.00000 0.00000 0.00000 0.00000 0.00000 0.00000 0.00000 0.00000 0.00000 0.00000 0.00000 0.00000 0.00000 0.00000 0.00000 0.00000 0.00000 0.00000 0.00000 0.00000 0.00000 0.00000 0.00000 0.00000 0.00000 0.00000 0.00000 0.00000 0.00000 0.00000 0.00000 0.00000 0.00000 0.00000 0.00000 0.00000 0.00000 0.00000 0.00000 0.00000 0.00000 0.00000 0.00000 0.00000 0.00000 0.00000 0.00000 0.00000 0.00000 0.00000 0.00000 0.00000 0.00000 0.00000 0.00000 0.00000 0.00000 0.00000 0.00000 0.00000 0.00000 0.00000 0.03476 0.10442 0.17291 0.24196 0.31250 0.38256 0.45139 0.51844 0.58748 0.66054 0.66072 0.58710 0.51813 0.45199 0.38267 0.31125 0.24191 0.17361 0.10439 0.03466 0.00000 0.00000 0.00000 0.00000 0.00000 0.00000 0.00000 0.00000 0.00000 0.00000 0.00000 0.00000 0.00000 0.00000 0.00000 0.00000 0.00000 0.00000 0.00000 0.00000 0.00000 0.00000 0.00000 0.00000 0.00000 0.00000 0.00000 0.00000 0.00000 0.00000 0.00000 0.00000 0.00000 0.00000 0.00000 0.00000 0.00000 0.00000 0.00000 0.00000 0.00000 0.00000 0.00000 0.00000 0.00000 0.00000 0.00000 0.00000 0.00000 0.00000 0.00000 0.00000 0.00000 0.00000 0.00000 0.00000 0.00000 0.00000 0.00000 0.00000 0.00000 0.00000 0.00000 0.00000 0.00000 0.00000 0.00000 0.00000 0.00000 0.00000 0.00000 0.00000 0.00000 0.00000 0.00000 0.00000 0.00000 0.00000 0.00000 0.00000 0.00000 0.00000 0.00000 0.00000 0.00000 0.00000 0.00000 0.00000 0.00000 0.00000 0.00000 0.00000 0.00000 0.00000 0.00000 0.00000 0.00000 0.00000 0.00000 0.00000 0.00000 0.00000 0.00000 0.00000 0.00000 0.00000 0.00000 0.00000 0.00000 0.00000 0.00000 0.00000 0.00000 0.00000 0.00000 0.00000 0.00000 0.00000 0.00000 0.00000 0.00000 0.00000 0.00000 0.00000 0.00000
0.00000 0.00000 0.00000 0.00000 0.00000 0.00000 0.00000 0.00000 0.00000 0.00000 0.00000 0.00000 0.00000 0.00000 0.00000 0.00000 0.00000 0.00000 0.00000 0.00000 0.00000 0.00000 0.00000 0.00000 0.00000 0.00000 0.00000 0.00000 0.00000 0.00000 0.00000 0.00000 0.00000 0.00000 0.00000 0.00000 0.00000 0.00000 0.00000 0.00000 0.00000 0.00000 0.00000 0.00000 0.00000 0.00000 0.00000 0.00000 0.00000 0.00000 0.00000 0.00000 0.00000 0.00000 0.00000 0.00000 0.00000 0.00000 0.00000 0.00000 0.00000 0.00000 0.00000 0.00000 0.00000 0.00000 0.00000 0.00000 0.00000 0.00000 0.00000 0.00000 0.00000 0.00000 0.00000 0.00000 0.00000 0.00000 0.00000 0.00000 0.00000 0.00000 0.00000 0.00000 0.00000 0.00000 0.00000 0.00000 0.00000 0.00000 0.00000 0.00000 0.00000 0.00000 0.00000 0.00186 0.00557 0.00923 0.01293 0.01668 0.02033 0.02393 0.02767 0.03145 0.03506 0.03673 0.03672 0.03688 0.03690 0.03669 0.03663 0.03683 0.03682 0.03662 0.03662 0.03491 0.03119 0.02748 0.02380 0.02013 0.01648 0.01283 0.00914 0.00547 0.00183 0.00000 0.00000 0.00000 0.00000 0.00000 0.00000 0.00000 0.00000 0.00000 0.00000 0.03649 0.10965 0.18248 0.25479 0.32772 0.40177 0.47501 0.54573 0.61853 0.69255 0.69545 0.62544 0.55603 0.48633 0.41686 0.34864 0.27971 0.20946 0.14002 0.07125 0.03477 0.03097 0.02730 0.02378 0.02013 0.01639 0.01277 0.00916 0.00549 0.00182 0.00000 0.00000 0.00000 0.00000 0.00000 0.00000 0.00000 0.00000 0.00000 0.00000 0.00183 0.00552 0.00920 0.01282 0.01651 0.02028 0.02394 0.02756 0.03130 0.03502 0.03685 0.03691 0.03696 0.03688 0.03687 0.03699 0.03710 0.03703 0.03691 0.03696 0.03534 0.03162 0.02776 0.02412 0.02051 0.01673 0.01299 0.00933 0.00561 0.00186 0.00000 0.00000 0.00000 0.00000 0.00000 0.00000 0.00000 0.00000 0.00000 0.00000 0.00000 0.00000 0.00000 0.00000 0.00000 0.00000 0.00000 0.00000 0.00000 0.00000 0.00000 0.00000 0.00000 0.00000 0.00000 0.00000 0.00000 0.00000 0.00000 0.00000 0.00000 0.00000 0.00000 0.00000 0.00000 0.00000 0.00000 0.00000 0.00000 0.00000 0.00000 0.00000 0.00000 0.00000 0.00000 0.00000 0.00000 0.00000 0.00000 0.00000 0.00000 0.00000 0.00000 0.00000 0.00000 0.00000 0.00000 0.00000 0.00000 0.00000 0.00000 0.00000 0.00000 0.00000 0.00000 0.00000 0.00000 0.00000 0.00000 0.00000 0.00000 0.00000 0.00000 0.00000 0.00000
0.00000 0.00000 0.00000 0.00000 0.00000 0.00000 0.00000 0.00000 0.00000 0.00000 0.00000 0.00000 0.00000 0.00000 0.00000 0.00000 0.00000 0.00000 0.00000 0.00000 0.00000 0.00000 0.00000 0.00000 0.00000 0.00000 0.00000 0.00000 0.00000 0.00000 0.00000 0.00000 0.00000 0.00000 0.00000 0.00000 0.00000 0.00000 0.00000 0.00000 0.00000 0.00000 0.00000 0.00000 0.00000 0.00000 0.00000 0.00000 0.00000 0.00000 0.00000 0.00000 0.00000 0.00000 0.00000 0.00000 0.00000 0.00000 0.00000 0.00000 0.00000 0.00000 0.00000 0.00000 0.00000 0.00000 0.00000 0.00000 0.00000 0.00000 0.00000 0.00000 0.00000 0.00000 0.00000 0.00000 0.00000 0.00000 0.00000 0.00000 0.00000 0.00000 0.00000 0.00000 0.00000 0.00000 0.00000 0.00000 0.00000 0.00000 0.00000 0.00000 0.00000 0.00000 0.00000 0.00555 0.01671 0.02769 0.03872 0.05004 0.06108 0.07175 0.08280 0.09430 0.10511 0.11016 0.11047 0.11033 0.11011 0.11034 0.11035 0.11014 0.11017 0.10994 0.10978 0.10469 0.09373 0.08220 0.07116 0.06057 0.04954 0.03829 0.02736 0.01650 0.00548 0.00000 0.00000 0.00000 0.00000 0.00000 0.00000 0.00000 0.00000 0.00000 0.00000 0.03635 0.10903 0.18276 0.25601 0.32748 0.39974 0.47333 0.54816 0.62119 0.69023 0.69535 0.63789 0.57576 0.51023 0.44867 0.38924 0.32727 0.26366 0.20174 0.14064 0.10426 0.09283 0.08186 0.07130 0.06037 0.04915 0.03827 0.02747 0.01644 0.00547 0.00000 0.00000 0.00000 0.00000 0.00000 0.00000 0.00000 0.00000 0.00000 0.00000 0.00550 0.01656 0.02750 0.03844 0.04969 0.06084 0.07154 0.08251 0.09416 0.10530 0.11019 0.11029 0.11099 0.11099 0.11044 0.11068 0.11126 0.11105 0.11077 0.11112 0.10576 0.09451 0.08364 0.07245 0.06110 0.05017 0.03917 0.02793 0.01673 0.00560 0.00000 0.00000 0.00000 0.00000 0.00000 0.00000 0.00000 0.00000 0.00000 0.00000 0.00000 0.00000 0.00000 0.00000 0.00000 0.00000 0.00000 0.00000 0.00000 0.00000 0.00000 0.00000 0.00000 0.00000 0.00000 0.00000 0.00000 0.00000 0.00000 0.00000 0.00000 0.00000 0.00000 0.00000 0.00000 0.00000 0.00000 0.00000 0.00000 0.00000 0.00000 0.00000 0.00000 0.00000 0.00000 0.00000 0.00000 0.00000 0.00000 0.00000 0.00000 0.00000 0.00000 0.00000 0.00000 0.00000 0.00000 0.00000 0.00000 0.00000 0.00000 0.00000 0.00000 0.00000 0.00000 0.00000 0.00000 0.00000 0.00000 0.00000 0.00000 0.00000 0.00000 0.00000 0.00000
0.00000 0.00000 0.00000 0.00000 0.00000 0.00000 0.00000 0.00000 0.00000 0.00000 0.00000 0.00000 0.00000 0.00000 0.00000 0.00000 0.00000 0.00000 0.00000 0.00000 0.00000 0.00000 0.00000 0.00000 0.00000 0.00000 0.00000 0.00000 0.00000 0.00000 0.00000 0.00000 0.00000 0.00000 0.00000 0.00000 0.00000 0.00000 0.00000 0.00000 0.00000 0.00000 0.00000 0.00000 0.00000 0.00000 0.00000 0.00000 0.00000 0.00000 0.00000 0.00000 0.00000 0.00000 0.00000 0.00000 0.00000 0.00000 0.00000 0.00000 0.00000 0.00000 0.00000 0.00000 0.00000 0.00000 0.00000 0.00000 0.00000 0.00000 0.00000 0.00000 0.00000 0.00000 0.00000 0.00000 0.00000 0.00000 0.00000 0.00000 0.00000 0.00000 0.00000 0.00000 0.00000 0.00000 0.00000 0.00000 0.00000 0.00000 0.00000 0.00000 0.00000 0.00000 0.00000 0.00924 0.02774 0.04631 0.06461 0.08294 0.10163 0.12013 0.13801 0.15616 0.17505 0.18444 0.18410 0.18350 0.18323 0.18388 0.18411 0.18305 0.18281 0.18383 0.18369 0.17358 0.15533 0.13749 0.11904 0.10052 0.08218 0.06400 0.04571 0.02737 0.00911 0.00000 0.00000 0.00000 0.00000 0.00000 0.00000 0.00000 0.00000 0.00000 0.00000 0.03641 0.10921 0.18206 0.25481 0.32822 0.40091 0.47249 0.54505 0.62028 0.69296 0.69986 0.64519 0.59201 0.53791 0.48286 0.42725 0.37275 0.31919 0.26471 0.20919 0.17269 0.15514 0.13702 0.11828 0.10007 0.08226 0.06399 0.04548 0.02731 0.00916 0.00000 0.00000 0.00000 0.00000 0.00000 0.00000 0.00000 0.00000 0.00000 0.00000 0.00918 0.02740 0.04574 0.06442 0.08272 0.10069 0.11931 0.13823 0.15630 0.17451 0.18424 0.18429 0.18399 0.18435 0.18492 0.18460 0.18419 0.18460 0.18549 0.18543 0.17533 0.15709 0.13948 0.12062 0.10178 0.08370 0.06526 0.04639 0.02784 0.00934 0.00000 0.00000 0.00000 0.00000 0.00000 0.00000 0.00000 0.00000 0.00000 0.00000 0.00000 0.00000 0.00000 0.00000 0.00000 0.00000 0.00000 0.00000 0.00000 0.00000 0.00000 0.00000 0.00000 0.00000 0.00000 0.00000 0.00000 0.00000 0.00000 0.00000 0.00000 0.00000 0.00000 0.00000 0.00000 0.00000 0.00000 0.00000 0.00000 0.00000 0.00000 0.00000 0.00000 0.00000 0.00000 0.00000 0.00000 0.00000 0.00000 0.00000 0.00000 0.00000 0.00000 0.00000 0.00000 0.00000 0.00000 0.00000 0.00000 0.00000 0.00000 0.00000 0.00000 0.00000 0.00000 0.00000 0.00000 0.00000 0.00000 0.00000 0.00000 0.00000 0.00000 0.00000 0.00000
0.00000 0.00000 0.00000 0.00000 0.00000 0.00000 0.00000 0.00000 0.00000 0.00000 0.00000 0.00000 0.00000 0.00000 0.00000 0.00000 0.00000 0.00000 0.00000 0.00000 0.00000 0.00000 0.00000 0.00000 0.00000 0.00000 0.00000 0.00000 0.00000 0.00000 0.00000 0.00000 0.00000 0.00000 0.00000 0.00000 0.00000 0.00000 0.00000 0.00000 0.00000 0.00000 0.00000 0.00000 0.00000 0.00000 0.00000 0.00000 0.00000 0.00000 0.00000 0.00000 0.00000 0.00000 0.00000 0.00000 0.00000 0.00000 0.00000 0.00000 0.00000 0.00000 0.00000 0.00000 0.00000 0.00000 0.00000 0.00000 0.00000 0.00000 0.00000 0.00000 0.00000 0.00000 0.00000 0.00000 0.00000 0.00000 0.00000 0.00000 0.00000 0.00000 0.00000 0.00000 0.00000 0.00000 0.00000 0.00000 0.00000 0.00000 0.00000 0.00000 0.00000 0.00000 0.00000 0.01297 0.03871 0.06482 0.09074 0.11598 0.14157 0.16822 0.19393 0.21854 0.24401 0.25774 0.25720 0.25770 0.25768 0.25638 0.25633 0.25709 0.25669 0.25646 0.25675 0.24311 0.21717 0.19248 0.16689 0.14034 0.11475 0.08975 0.06411 0.03822 0.01275 0.00000 0.00000 0.00000 0.00000 0.00000 0.00000 0.00000 0.00000 0.00000 0.00000 0.03652 0.10957 0.18149 0.25396 0.32826 0.40156 0.47346 0.54428 0.61714 0.69341 0.70584 0.65470 0.60772 0.56413 0.51644 0.46617 0.41914 0.37429 0.32681 0.27774 0.24144 0.21732 0.19182 0.16532 0.13993 0.11512 0.08952 0.06369 0.03827 0.01279 0.00000 0.00000 0.00000 0.00000 0.00000 0.00000 0.00000 0.00000 0.00000 0.00000 0.01282 0.03837 0.06415 0.09009 0.11549 0.14084 0.16731 0.19348 0.21827 0.24381 0.25830 0.25838 0.25695 0.25744 0.25884 0.25867 0.25755 0.25833 0.25944 0.25902 0.24570 0.22025 0.19431 0.16876 0.14315 0.11689 0.09076 0.06511 0.03914 0.01302 0.00000 0.00000 0.00000 0.00000 0.00000 0.00000 0.00000 0.00000 0.00000 0.00000 0.00000 0.00000 0.00000 0.00000 0.00000 0.00000 0.00000 0.00000 0.00000 0.00000 0.00000 0.00000 0.00000 0.00000 0.00000 0.00000 0.00000 0.00000 0.00000 0.00000 0.00000 0.00000 0.00000 0.00000 0.00000 0.00000 0.00000 0.00000 0.00000 0.00000 0.00000 0.00000 0.00000 0.00000 0.00000 0.00000 0.00000 0.00000 0.00000 0.00000 0.00000 0.00000 0.00000 0.00000 0.00000 0.00000 0.00000 0.00000 0.00000 0.00000 0.00000 0.00000 0.00000 0.00000 0.00000 0.00000 0.00000 0.00000 0.00000 0.00000 0.00000 0.00000 0.00000 0.00000 0.00000
0.00000 0.00000 0.00000 0.00000 0.00000 0.00000 0.00000 0.00000 0.00000 0.00000 0.00000 0.00000 0.00000 0.00000 0.00000 0.00000 0.00000 0.00000 0.00000 0.00000 0.00000 0.00000 0.00000 0.00000 0.00000 0.00000 0.00000 0.00000 0.00000 0.00000 0.00000 0.00000 0.00000 0.00000 0.00000 0.00000 0.00000 0.00000 0.00000 0.00000 0.00000 0.00000 0.00000 0.00000 0.00000 0.00000 0.00000 0.00000 0.00000 0.00000 0.00000 0.00000 0.00000 0.00000 0.00000 0.00000 0.00000 0.00000 0.00000 0.00000 0.00000 0.00000 0.00000 0.00000 0.00000 0.00000 0.00000 0.00000 0.00000 0.00000 0.00000 0.00000 0.00000 0.00000 0.00000 0.00000 0.00000 0.00000 0.00000 0.00000 0.00000 0.00000 0.00000 0.00000 0.00000 0.00000 0.00000 0.00000 0.00000 0.00000 0.00000 0.00000 0.00000 0.00000 0.00000 0.01665 0.04978 0.08306 0.11659 0.14946 0.18204 0.21540 0.24918 0.28153 0.31365 0.33095 0.33130 0.32992 0.33059 0.33016 0.32922 0.33032 0.33069 0.32858 0.32842 0.31370 0.28032 0.24618 0.21344 0.18114 0.14800 0.11478 0.08203 0.04937 0.01643 0.00000 0.00000 0.00000 0.00000 0.00000 0.00000 0.00000 0.00000 0.00000 0.00000 0.03642 0.10902 0.18183 0.25504 0.32702 0.39892 0.47343 0.54712 0.61706 0.68907 0.70827 0.66860 0.62671 0.58606 0.54741 0.50808 0.46761 0.42672 0.38716 0.34789 0.31149 0.27803 0.24538 0.21328 0.18057 0.14722 0.11450 0.08220 0.04935 0.01635 0.00000 0.00000 0.00000 0.00000 0.00000 0.00000 0.00000 0.00000 0.00000 0.00000 0.01642 0.04957 0.08259 0.11505 0.14818 0.18213 0.21473 0.24703 0.28106 0.31515 0.33042 0.33032 0.33186 0.33189 0.33081 0.33130 0.33288 0.33259 0.33143 0.33224 0.31705 0.28335 0.24920 0.21714 0.18402 0.14984 0.11663 0.08381 0.05032 0.01669 0.00000 0.00000 0.00000 0.00000 0.00000 0.00000 0.00000 0.00000 0.00000 0.00000 0.00000 0.00000 0.00000 0.00000 0.00000 0.00000 0.00000 0.00000 0.00000 0.00000 0.00000 0.00000 0.00000 0.00000 0.00000 0.00000 0.00000 0.00000 0.00000 0.00000 0.00000 0.00000 0.00000 0.00000 0.00000 0.00000 0.00000 0.00000 0.00000 0.00000 0.00000 0.00000 0.00000 0.00000 0.00000 0.00000 0.00000 0.00000 0.00000 0.00000 0.00000 0.00000 0.00000 0.00000 0.00000 0.00000 0.00000 0.00000 0.00000 0.00000 0.00000 0.00000 0.00000 0.00000 0.00000 0.00000 0.00000 0.00000 0.00000 0.00000 0.00000 0.00000 0.00000 0.00000 0.00000
0.00000 0.00000 0.00000 0.00000 0.00000 0.00000 0.00000 0.00000 0.00000 0.00000 0.00000 0.00000 0.00000 0.00000 0.00000 0.00000 0.00000 0.00000 0.00000 0.00000 0.00000 0.00000 0.00000 0.00000 0.00000 0.00000 0.00000 0.00000 0.00000 0.00000 0.00000 0.00000 0.00000 0.00000 0.00000 0.00000 0.00000 0.00000 0.00000 0.00000 0.00000 0.00000 0.00000 0.00000 0.00000 0.00000 0.00000 0.00000 0.00000 0.00000 0.00000 0.00000 0.00000 0.00000 0.00000 0.00000 0.00000 0.00000 0.00000 0.00000 0.00000 0.00000 0.00000 0.00000 0.00000 0.00000 0.00000 0.00000 0.00000 0.00000 0.00000 0.00000 0.00000 0.00000 0.00000 0.00000 0.00000 0.00000 0.00000 0.00000 0.00000 0.00000 0.00000 0.00000 0.00000 0.00000 0.00000 0.00000 0.00000 0.00000 0.00000 0.00000 0.00000 0.00000 0.00000 0.02031 0.06109 0.10133 0.14164 0.18292 0.22346 0.26268 0.30276 0.34438 0.38484 0.40387 0.40413 0.40290 0.40246 0.40439 0.40401 0.40189 0.40233 0.40276 0.40196 0.38234 0.34238 0.30074 0.26037 0.22142 0.18112 0.14000 0.10001 0.06032 0.02008 0.00000 0.00000 0.00000 0.00000 0.00000 0.00000 0.00000 0.00000 0.00000 0.00000 0.03625 0.10873 0.18211 0.25520 0.32678 0.39841 0.47210 0.54668 0.61866 0.68822 0.70848 0.67981 0.64661 0.61037 0.57781 0.54889 0.51573 0.48016 0.44749 0.41778 0.38111 0.33899 0.29913 0.26095 0.22079 0.17965 0.13979 0.10033 0.06019 0.02003 0.00000 0.00000 0.00000 0.00000 0.00000 0.00000 0.00000 0.00000 0.00000 0.00000 0.02008 0.06048 0.10073 0.14056 0.18119 0.22232 0.26228 0.30160 0.34327 0.38469 0.40366 0.40341 0.40529 0.40551 0.40371 0.40464 0.40652 0.40623 0.40469 0.40570 0.38722 0.34616 0.30523 0.26431 0.22364 0.18378 0.14306 0.10192 0.06118 0.02048 0.00000 0.00000 0.00000 0.00000 0.00000 0.00000 0.00000 0.00000 0.00000 0.00000 0.00000 0.00000 0.00000 0.00000 0.00000 0.00000 0.00000 0.00000 0.00000 0.00000 0.00000 0.00000 0.00000 0.00000 0.00000 0.00000 0.00000 0.00000 0.00000 0.00000 0.00000 0.00000 0.00000 0.00000 0.00000 0.00000 0.00000 0.00000 0.00000 0.00000 0.00000 0.00000 0.00000 0.00000 0.00000 0.00000 0.00000 0.00000 0.00000 0.00000 0.00000 0.00000 0.00000 0.00000 0.00000 0.00000 0.00000 0.00000 0.00000 0.00000 0.00000 0.00000 0.00000 0.00000 0.00000 0.00000 0.00000 0.00000 0.00000 0.00000 0.00000 0.00000 0.00000 0.00000 0.00000
0.00000 0.00000 0.00000 0.00000 0.00000 0.00000 0.00000 0.00000 0.00000 0.00000 0.00000 0.00000 0.00000 0.00000 0.00000 0.00000 0.00000 0.00000 0.00000 0.00000 0.00000 0.00000 0.00000 0.00000 0.00000 0.00000 0.00000 0.00000 0.00000 0.00000 0.00000 0.00000 0.00000 0.00000 0.00000 0.00000 0.00000 0.00000 0.00000 0.00000 0.00000 0.00000 0.00000 0.00000 0.00000 0.00000 0.00000 0.00000 0.00000 0.00000 0.00000 0.00000 0.00000 0.00000 0.00000 0.00000 0.00000 0.00000 0.00000 0.00000 0.00000 0.00000 0.00000 0.00000 0.00000 0.00000 0.00000 0.00000 0.00000 0.00000 0.00000 0.00000 0.00000 0.00000 0.00000 0.00000 0.00000 0.00000 0.00000 0.00000 0.00000 0.00000 0.00000 0.00000 0.00000 0.00000 0.00000 0.00000 0.00000 0.00000 0.00000 0.00000 0.00000 0.00000 0.00000 0.02404 0.07218 0.11974 0.16730 0.21572 0.26396 0.31059 0.35748 0.40659 0.45493 0.47621 0.47595 0.47805 0.47672 0.47544 0.47670 0.47514 0.47421 0.47654 0.47646 0.44983 0.40254 0.35688 0.30871 0.26016 0.21319 0.16624 0.11835 0.07084 0.02370 0.00000 0.00000 0.00000 0.00000 0.00000 0.00000 0.00000 0.00000 0.00000 0.00000 0.03625 0.10920 0.18174 0.25345 0.32682 0.40061 0.47155 0.54292 0.61793 0.69147 0.71254 0.68645 0.66321 0.63810 0.61147 0.58558 0.56137 0.53617 0.51024 0.48447 0.44878 0.40183 0.35449 0.30685 0.25967 0.21301 0.16585 0.11799 0.07075 0.02372 0.00000 0.00000 0.00000 0.00000 0.00000 0.00000 0.00000 0.00000 0.00000 0.00000 0.02381 0.07108 0.11848 0.16691 0.21451 0.26112 0.30945 0.35839 0.40462 0.45186 0.47806 0.47883 0.47655 0.47643 0.47945 0.47954 0.47755 0.47830 0.48059 0.48005 0.45489 0.40896 0.36122 0.31152 0.26415 0.21728 0.16899 0.12017 0.07224 0.02422 0.00000 0.00000 0.00000 0.00000 0.00000 0.00000 0.00000 0.00000 0.00000 0.00000 0.00000 0.00000 0.00000 0.00000 0.00000 0.00000 0.00000 0.00000 0.00000 0.00000 0.00000 0.00000 0.00000 0.00000 0.00000 0.00000 0.00000 0.00000 0.00000 0.00000 0.00000 0.00000 0.00000 0.00000 0.00000 0.00000 0.00000 0.00000 0.00000 0.00000 0.00000 0.00000 0.00000 0.00000 0.00000 0.00000 0.00000 0.00000 0.00000 0.00000 0.00000 0.00000 0.00000 0.00000 0.00000 0.00000 0.00000 0.00000 0.00000 0.00000 0.00000 0.00000 0.00000 0.00000 0.00000 0.00000 0.00000 0.00000 0.00000 0.00000 0.00000 0.00000 0.00000 0.00000 0.00000
0.00000 0.00000 0.00000 0.00000 0.00000 0.00000 0.00000 0.00000 0.00000 0.00000 0.00000 0.00000 0.00000 0.00000 0.00000 0.00000 0.00000 0.00000 0.00000 0.00000 0.00000 0.00000 0.00000 0.00000 0.00000 0.00000 0.00000 0.00000 0.00000 0.00000 0.00000 0.00000 0.00000 0.00000 0.00000 0.00000 0.00000 0.00000 0.00000 0.00000 0.00000 0.00000 0.00000 0.00000 0.00000 0.00000 0.00000 0.00000 0.00000 0.00000 0.00000 0.00000 0.00000 0.00000 0.00000 0.00000 0.00000 0.00000 0.00000 0.00000 0.00000 0.00000 0.00000 0.00000 0.00000 0.00000 0.00000 0.00000 0.00000 0.00000 0.00000 0.00000 0.00000 0.00000 0.00000 0.00000 0.00000 0.00000 0.00000 0.00000 0.00000 0.00000 0.00000 0.00000 0.00000 0.00000 0.00000 0.00000 0.00000 0.00000 0.00000 0.00000 0.00000 0.00000 0.00000 0.02764 0.08288 0.13863 0.19370 0.24791 0.30298 0.35922 0.41411 0.46758 0.52228 0.55028 0.54995 0.55045 0.55025 0.54754 0.54762 0.54991 0.54889 0.54727 0.54813 0.51982 0.46446 0.41116 0.35627 0.29986 0.24530 0.19181 0.13685 0.08166 0.02723 0.00000 0.00000 0.00000 0.00000 0.00000 0.00000 0.00000 0.00000 0.00000 0.00000 0.03636 0.10913 0.18131 0.25321 0.32643 0.40034 0.47222 0.54237 0.61519 0.69145 0.71829 0.69612 0.67799 0.66432 0.64587 0.62398 0.60566 0.59173 0.57334 0.55186 0.51554 0.46451 0.40981 0.35299 0.29873 0.24601 0.19136 0.13603 0.08163 0.02729 0.00000 0.00000 0.00000 0.00000 0.00000 0.00000 0.00000 0.00000 0.00000 0.00000 0.02743 0.08208 0.13676 0.19217 0.24731 0.30080 0.35619 0.41288 0.46815 0.52131 0.54951 0.55133 0.55098 0.55031 0.55204 0.55247 0.55055 0.55151 0.55434 0.55407 0.52438 0.46964 0.41612 0.36123 0.30531 0.24923 0.19412 0.13930 0.08357 0.02778 0.00000 0.00000 0.00000 0.00000 0.00000 0.00000 0.00000 0.00000 0.00000 0.00000 0.00000 0.00000 0.00000 0.00000 0.00000 0.00000 0.00000 0.00000 0.00000 0.00000 0.00000 0.00000 0.00000 0.00000 0.00000 0.00000 0.00000 0.00000 0.00000 0.00000 0.00000 0.00000 0.00000 0.00000 0.00000 0.00000 0.00000 0.00000 0.00000 0.00000 0.00000 0.00000 0.00000 0.00000 0.00000 0.00000 0.00000 0.00000 0.00000 0.00000 0.00000 0.00000 0.00000 0.00000 0.00000 0.00000 0.00000 0.00000 0.00000 0.00000 0.00000 0.00000 0.00000 0.00000 0.00000 0.00000 0.00000 0.00000 0.00000 0.00000 0.00000 0.00000 0.00000 0.00000 0.00000
0.00000 0.00000 0.00000 0.00000 0.00000 0.00000 0.00000 0.00000 0.00000 0.00000 0.00000 0.00000 0.00000 0.00000 0.00000 0.00000 0.00000 0.00000 0.00000 0.00000 0.00000 0.00000 0.00000 0.00000 0.00000 0.00000 0.00000 0.00000 0.00000 0.00000 0.00000 0.00000 0.00000 0.00000 0.00000 0.00000 0.00000 0.00000 0.00000 0.00000 0.00000 0.00000 0.00000 0.00000 0.00000 0.00000 0.00000 0.00000 0.00000 0.00000 0.00000 0.00000 0.00000 0.00000 0.00000 0.00000 0.00000 0.00000 0.00000 0.00000 0.00000 0.00000 0.00000 0.00000 0.00000 0.00000 0.00000 0.00000 0.00000 0.00000 0.00000 0.00000 0.00000 0.00000 0.00000 0.00000 0.00000 0.00000 0.00000 0.00000 0.00000 0.00000 0.00000 0.00000 0.00000 0.00000 0.00000 0.00000 0.00000 0.00000 0.00000 0.00000 0.00000 0.00000 0.00000 0.03128 0.09392 0.15691 0.21952 0.28085 0.34285 0.40676 0.46953 0.52929 0.59053 0.62454 0.62427 0.62057 0.62147 0.62270 0.62092 0.62182 0.62260 0.61903 0.61845 0.59100 0.52797 0.46334 0.40213 0.34146 0.27846 0.21595 0.15484 0.09299 0.03083 0.00000 0.00000 0.00000 0.00000 0.00000 0.00000 0.00000 0.00000 0.00000 0.00000 0.03636 0.10845 0.18097 0.25461 0.32649 0.39757 0.47125 0.54505 0.61583 0.68735 0.71996 0.70938 0.69733 0.68637 0.67656 0.66536 0.65398 0.64344 0.63341 0.62194 0.58537 0.52414 0.46284 0.40107 0.33955 0.27755 0.21566 0.15457 0.09291 0.03081 0.00000 0.00000 0.00000 0.00000 0.00000 0.00000 0.00000 0.00000 0.00000 0.00000 0.03090 0.09325 0.15560 0.21686 0.27890 0.34241 0.40367 0.46592 0.53012 0.59253 0.62120 0.62191 0.62538 0.62588 0.62267 0.62278 0.62675 0.62663 0.62449 0.62619 0.59637 0.53219 0.46999 0.40922 0.34595 0.28194 0.21994 0.15783 0.09464 0.03142 0.00000 0.00000 0.00000 0.00000 0.00000 0.00000 0.00000 0.00000 0.00000 0.00000 0.00000 0.00000 0.00000 0.00000 0.00000 0.00000 0.00000 0.00000 0.00000 0.00000 0.00000 0.00000 0.00000 0.00000 0.00000 0.00000 0.00000 0.00000 0.00000 0.00000 0.00000 0.00000 0.00000 0.00000 0.00000 0.00000 0.00000 0.00000 0.00000 0.00000 0.00000 0.00000 0.00000 0.00000 0.00000 0.00000 0.00000 0.00000 0.00000 0.00000 0.00000 0.00000 0.00000 0.00000 0.00000 0.00000 0.00000 0.00000 0.00000 0.00000 0.00000 0.00000 0.00000 0.00000 0.00000 0.00000 0.00000 0.00000 0.00000 0.00000 0.00000 0.00000 0.00000 0.00000 0.00000
0.00000 0.00000 0.00000 0.00000 0.00000 0.00000 0.00000 0.00000 0.00000 0.00000 0.00000 0.00000 0.00000 0.00000 0.00000 0.00000 0.00000 0.00000 0.00000 0.00000 0.00000 0.00000 0.00000 0.00000 0.00000 0.00000 0.00000 0.00000 0.00000 0.00000 0.00000 0.00000 0.00000 0.00000 0.00000 0.00000 0.00000 0.00000 0.00000 0.00000 0.00000 0.00000 0.00000 0.00000 0.00000 0.00000 0.00000 0.00000 0.00000 0.00000 0.00000 0.00000 0.00000 0.00000 0.00000 0.00000 0.00000 0.00000 0.00000 0.00000 0.00000 0.00000 0.00000 0.00000 0.00000 0.00000 0.00000 0.00000 0.00000 0.00000 0.00000 0.00000 0.00000 0.00000 0.00000 0.00000 0.00000 0.00000 0.00000 0.00000 0.00000 0.00000 0.00000 0.00000 0.00000 0.00000 0.00000 0.00000 0.00000 0.00000 0.00000 0.00000 0.00000 0.00000 0.00000 0.03509 0.10499 0.17439 0.24451 0.31519 0.38426 0.45245 0.52218 0.59302 0.66236 0.69580 0.69478 0.69427 0.69487 0.69621 0.69508 0.69172 0.69329 0.69412 0.69262 0.65825 0.58919 0.51788 0.44874 0.38140 0.31169 0.24109 0.17227 0.10384 0.03459 0.00000 0.00000 0.00000 0.00000 0.00000 0.00000 0.00000 0.00000 0.00000 0.00000 0.03624 0.10852 0.18101 0.25421 0.32659 0.39717 0.46964 0.54502 0.61747 0.68585 0.72007 0.72127 0.71763 0.70944 0.70571 0.70687 0.70314 0.69525 0.69150 0.69254 0.65622 0.58358 0.51486 0.44925 0.38022 0.30918 0.24051 0.17272 0.10377 0.03448 0.00000 0.00000 0.00000 0.00000 0.00000 0.00000 0.00000 0.00000 0.00000 0.00000 0.03454 0.10384 0.17369 0.24296 0.31133 0.38164 0.45264 0.52079 0.58916 0.66093 0.69783 0.69563 0.69547 0.69745 0.69720 0.69690 0.69956 0.69972 0.69684 0.69781 0.66666 0.59682 0.52480 0.45446 0.38576 0.31686 0.24619 0.17529 0.10532 0.03529 0.00000 0.00000 0.00000 0.00000 0.00000 0.00000 0.00000 0.00000 0.00000 0.00000 0.00000 0.00000 0.00000 0.00000 0.00000 0.00000 0.00000 0.00000 0.00000 0.00000 0.00000 0.00000 0.00000 0.00000 0.00000 0.00000 0.00000 0.00000 0.00000 0.00000 0.00000 0.00000 0.00000 0.00000 0.00000 0.00000 0.00000 0.00000 0.00000 0.00000 0.00000 0.00000 0.00000 0.00000 0.00000 0.00000 0.00000 0.00000 0.00000 0.00000 0.00000 0.00000 0.00000 0.00000 0.00000 0.00000 0.00000 0.00000 0.00000 0.00000 0.00000 0.00000 0.00000 0.00000 0.00000 0.00000 0.00000 0.00000 0.00000 0.00000 0.00000 0.00000 0.00000 0.00000 0.00000
0.00000 0.00000 0.00000 0.00000 0.00000 0.00000 0.00000 0.00000 0.00000 0.00000 0.00000 0.00000 0.00000 0.00000 0.00000 0.00000 0.00000 0.00000 0.00000 0.00000 0.00000 0.00000 0.00000 0.00000 0.00000 0.00000 0.00000 0.00000 0.00000 0.00000 0.00000 0.00000 0.00000 0.00000 0.00000 0.00000 0.00000 0.00000 0.00000 0.00000 0.00000 0.00000 0.00000 0.00000 0.00000 0.00000 0.00000 0.00000 0.00000 0.00000 0.00000 0.00000 0.00000 0.00000 0.00000 0.00000 0.00000 0.00000 0.00000 0.00000 0.00000 0.00000 0.00000 0.00000 0.00000 0.00189 0.00568 0.00941 0.01316 0.01697 0.02074 0.02438 0.02811 0.03191 0.03564 0.03741 0.03737 0.03736 0.03738 0.03732 0.03722 0.03719 0.03725 0.03724 0.03708 0.03702 0.03714 0.03715 0.03693 0.03689 0.03706 0.03705 0.03682 0.03678 0.03692 0.07204 0.14177 0.21093 0.28078 0.35175 0.42140 0.48869 0.55752 0.62967 0.69970 0.73070 0.72969 0.73239 0.73184 0.73038 0.73065 0.72815 0.72764 0.73141 0.73084 0.69184 0.62298 0.55674 0.48597 0.41512 0.34737 0.27875 0.20849 0.13941 0.07100 0.03639 0.03617 0.03616 0.03638 0.03636 0.03614 0.03612 0.03635 0.03634 0.03610 0.07039 0.13985 0.20866 0.27620 0.34509 0.41536 0.48349 0.55114 0.62044 0.68975 0.72372 0.72387 0.72387 0.72319 0.72358 0.72462 0.72445 0.72305 0.72334 0.72494 0.69076 0.62047 0.55179 0.48402 0.41505 0.34602 0.27771 0.20843 0.13919 0.07083 0.03641 0.03623 0.03623 0.03636 0.03632 0.03637 0.03643 0.03632 0.03629 0.03646 0.07122 0.14002 0.20916 0.27931 0.34882 0.41755 0.48866 0.55741 0.62478 0.69634 0.73218 0.72776 0.72113 0.71820 0.71904 0.71581 0.70852 0.70570 0.70533 0.70083 0.66343 0.59568 0.52547 0.45408 0.38543 0.31659 0.24585 0.17506 0.10535 0.03527 0.00186 0.00555 0.00926 0.01304 0.01676 0.02039 0.02413 0.02802 0.03177 0.03533 0.03538 0.03186 0.02810 0.02426 0.02059 0.01692 0.01312 0.00936 0.00565 0.00189 0.00000 0.00000 0.00000 0.00000 0.00000 0.00000 0.00000 0.00000 0.00000 0.00000 0.00000 0.00000 0.00000 0.00000 0.00000 0.00000 0.00000 0.00000 0.00000 0.00000 0.00000 0.00000 0.00000 0.00000 0.00000 0.00000 0.00000 0.00000 0.00000 0.00000 0.00000 0.00000 0.00000 0.00000 0.00000 0.00000 0.00000 0.00000 0.00000 0.00000 0.00000 0.00000 0.00000 0.00000 0.00000 0.00000 0.00000 0.00000 0.00000 0.00000 0.00000 0.00000 0.00000 0.00000 0.00000
0.00000 0.00000 0.00000 0.00000 0.00000 0.00000 0.00000 0.00000 0.00000 0.00000 0.00000 0.00000 0.00000 0.00000 0.00000 0.00000 0.00000 0.00000 0.00000 0.00000 0.00000 0.00000 0.00000 0.00000 0.00000 0.00000 0.00000 0.00000 0.00000 0.00000 0.00000 0.00000 0.00000 0.00000 0.00000 0.00000 0.00000 0.00000 0.00000 0.00000 0.00000 0.00000 0.00000 0.00000 0.00000 0.00000 0.00000 0.00000 0.00000 0.00000 0.00000 0.00000 0.00000 0.00000 0.00000 0.00000 0.00000 0.00000 0.00000 0.00000 0.00000 0.00000 0.00000 0.00000 0.00000 0.00565 0.01699 0.02834 0.03954 0.05068 0.06198 0.07342 0.08449 0.09535 0.10654 0.11256 0.11236 0.11174 0.11165 0.11214 0.11203 0.11132 0.11122 0.11175 0.11167 0.11093 0.11088 0.11137 0.11127 0.11064 0.11060 0.11086 0.11087 0.11062 0.11035 0.14143 0.20436 0.26727 0.32866 0.38988 0.45288 0.51633 0.57772 0.63806 0.69953 0.73170 0.73283 0.73157 0.72836 0.72813 0.73104 0.73120 0.72860 0.72729 0.72883 0.69655 0.63413 0.57399 0.51153 0.44740 0.38603 0.32594 0.26374 0.20090 0.13930 0.10895 0.10902 0.10869 0.10844 0.10867 0.10887 0.10863 0.10844 0.10866 0.10862 0.13913 0.20091 0.26286 0.32309 0.38414 0.44780 0.50974 0.56774 0.62899 0.69463 0.72566 0.72079 0.72103 0.72555 0.72528 0.72090 0.72136 0.72569 0.72540 0.72134 0.69090 0.63327 0.57173 0.50711 0.44575 0.38680 0.32528 0.26218 0.20053 0.13950 0.10917 0.10894 0.10869 0.10869 0.10866 0.10903 0.10929 0.10915 0.10877 0.10892 0.14047 0.20248 0.26326 0.32532 0.38938 0.45188 0.51100 0.57385 0.63941 0.70032 0.72367 0.71478 0.70614 0.69384 0.68328 0.67325 0.66081 0.65045 0.64278 0.63179 0.59218 0.53016 0.47024 0.40838 0.34474 0.28138 0.21924 0.15748 0.09446 0.03136 0.00554 0.01671 0.02786 0.03889 0.05006 0.06139 0.07259 0.08368 0.09494 0.10629 0.10636 0.09512 0.08406 0.07307 0.06179 0.05043 0.03935 0.02822 0.01691 0.00562 0.00000 0.00000 0.00000 0.00000 0.00000 0.00000 0.00000 0.00000 0.00000 0.00000 0.00000 0.00000 0.00000 0.00000 0.00000 0.00000 0.00000 0.00000 0.00000 0.00000 0.00000 0.00000 0.00000 0.00000 0.00000 0.00000 0.00000 0.00000 0.00000 0.00000 0.00000 0.00000 0.00000 0.00000 0.00000 0.00000 0.00000 0.00000 0.00000 0.00000 0.00000 0.00000 0.00000 0.00000 0.00000 0.00000 0.00000 0.00000 0.00000 0.00000 0.00000 0.00000 0.00000 0.00000 0.00000
0.00000 0.00000 0.00000 0.00000 0.00000 0.00000 0.00000 0.00000 0.00000 0.00000 0.00000 0.00000 0.00000 0.00000 0.00000 0.00000 0.00000 0.00000 0.00000 0.00000 0.00000 0.00000 0.00000 0.00000 0.00000 0.00000 0.00000 0.00000 0.00000 0.00000 0.00000 0.00000 0.00000 0.00000 0.00000 0.00000 0.00000 0.00000 0.00000 0.00000 0.00000 0.00000 0.00000 0.00000 0.00000 0.00000 0.00000 0.00000 0.00000 0.00000 0.00000 0.00000 0.00000 0.00000 0.00000 0.00000 0.00000 0.00000 0.00000 0.00000 0.00000 0.00000 0.00000 0.00000 0.00000 0.00941 0.02822 0.04720 0.06603 0.08443 0.10306 0.12215 0.14091 0.15904 0.17747 0.18700 0.18708 0.18664 0.18618 0.18616 0.18636 0.18612 0.18552 0.18538 0.18569 0.18564 0.18481 0.18464 0.18525 0.18520 0.18406 0.18399 0.18477 0.18473 0.18378 0.21090 0.26653 0.32238 0.37676 0.42984 0.48466 0.54166 0.59669 0.64839 0.70182 0.73164 0.73246 0.73038 0.72870 0.72821 0.72879 0.73112 0.73000 0.72597 0.72548 0.70241 0.64644 0.58867 0.53559 0.48254 0.42599 0.37080 0.31808 0.26351 0.20781 0.18072 0.18171 0.18148 0.18045 0.18054 0.18155 0.18138 0.18031 0.18027 0.18138 0.20855 0.26144 0.31531 0.37123 0.42560 0.47832 0.53209 0.58736 0.64194 0.69589 0.72203 0.72163 0.72289 0.72403 0.72255 0.72096 0.72244 0.72453 0.72362 0.72121 0.69477 0.64317 0.58887 0.53254 0.47839 0.42575 0.37093 0.31654 0.26325 0.20843 0.18069 0.18121 0.18164 0.18168 0.18131 0.18110 0.18107 0.18179 0.18207 0.18144 0.20866 0.26397 0.31882 0.37289 0.42807 0.48287 0.53658 0.59279 0.64952 0.70300 0.71912 0.70277 0.68786 0.66955 0.64779 0.63000 0.61563 0.59716 0.57678 0.55981 0.52412 0.46826 0.41376 0.35981 0.30393 0.24800 0.19364 0.13870 0.08316 0.02765 0.00924 0.02783 0.04638 0.06470 0.08331 0.10243 0.12108 0.13902 0.15770 0.17748 0.17757 0.15807 0.13966 0.12182 0.10300 0.08396 0.06554 0.04701 0.02811 0.00936 0.00000 0.00000 0.00000 0.00000 0.00000 0.00000 0.00000 0.00000 0.00000 0.00000 0.00000 0.00000 0.00000 0.00000 0.00000 0.00000 0.00000 0.00000 0.00000 0.00000 0.00000 0.00000 0.00000 0.00000 0.00000 0.00000 0.00000 0.00000 0.00000 0.00000 0.00000 0.00000 0.00000 0.00000 0.00000 0.00000 0.00000 0.00000 0.00000 0.00000 0.00000 0.00000 0.00000 0.00000 0.00000 0.00000 0.00000 0.00000 0.00000 0.00000 0.00000 0.00000 0.00000 0.00000 0.00000
0.00000 0.00000 0.00000 0.00000 0.00000 0.00000 0.00000 0.00000 0.00000 0.00000 0.00000 0.00000 0.00000 0.00000 0.00000 0.00000 0.00000 0.00000 0.00000 0.00000 0.00000 0.00000 0.00000 0.00000 0.00000 0.00000 0.00000 0.00000 0.00000 0.00000 0.00000 0.00000 0.00000 0.00000 0.00000 0.00000 0.00000 0.00000 0.00000 0.00000 0.00000 0.00000 0.00000 0.00000 0.00000 0.00000 0.00000 0.00000 0.00000 0.00000 0.00000 0.00000 0.00000 0.00000 0.00000 0.00000 0.00000 0.00000 0.00000 0.00000 0.00000 0.00000 0.00000 0.00000 0.00000 0.01324 0.03954 0.06575 0.09220 0.11869 0.14457 0.17024 0.19652 0.22337 0.24911 0.26087 0.26073 0.26181 0.26151 0.25988 0.25970 0.26088 0.26067 0.25894 0.25877 0.25997 0.25984 0.25805 0.25796 0.25900 0.25899 0.25782 0.25725 0.25748 0.25807 0.28178 0.32826 0.37521 0.42401 0.47245 0.51852 0.56427 0.61200 0.66106 0.70870 0.73026 0.72803 0.72886 0.73142 0.73068 0.72712 0.72597 0.72888 0.72888 0.72651 0.70331 0.65648 0.60667 0.55985 0.51492 0.46699 0.41754 0.37052 0.32500 0.27782 0.25311 0.25262 0.25352 0.25396 0.25306 0.25241 0.25330 0.25360 0.25261 0.25254 0.27704 0.32337 0.36919 0.41755 0.46555 0.50983 0.55605 0.60635 0.65382 0.69642 0.71993 0.72421 0.72389 0.71965 0.72065 0.72440 0.72325 0.71979 0.72114 0.72442 0.70025 0.65058 0.60391 0.55928 0.51286 0.46447 0.41648 0.37012 0.32494 0.27741 0.25270 0.25289 0.25399 0.25423 0.25389 0.25382 0.25325 0.25352 0.25479 0.25475 0.27705 0.32439 0.37383 0.42152 0.46611 0.51359 0.56464 0.61195 0.65607 0.70455 0.71950 0.69279 0.66552 0.64120 0.61640 0.59093 0.56699 0.54127 0.51358 0.48860 0.45471 0.40713 0.35760 0.30984 0.26318 0.21615 0.16805 0.11951 0.07175 0.02408 0.01297 0.03874 0.06462 0.09097 0.11701 0.14260 0.16872 0.19522 0.22145 0.24743 0.24760 0.22185 0.19592 0.16967 0.14384 0.11809 0.09173 0.06535 0.03937 0.01317 0.00000 0.00000 0.00000 0.00000 0.00000 0.00000 0.00000 0.00000 0.00000 0.00000 0.00000 0.00000 0.00000 0.00000 0.00000 0.00000 0.00000 0.00000 0.00000 0.00000 0.00000 0.00000 0.00000 0.00000 0.00000 0.00000 0.00000 0.00000 0.00000 0.00000 0.00000 0.00000 0.00000 0.00000 0.00000 0.00000 0.00000 0.00000 0.00000 0.00000 0.00000 0.00000 0.00000 0.00000 0.00000 0.00000 0.00000 0.00000 0.00000 0.00000 0.00000 0.00000 0.00000 0.00000 0.00000
0.00000 0.00000 0.00000 0.00000 0.00000 0.00000 0.00000 0.00000 0.00000 0.00000 0.00000 0.00000 0.00000 0.00000 0.00000 0.00000 0.00000 0.00000 0.00000 0.00000 0.00000 0.00000 0.00000 0.00000 0.00000 0.00000 0.00000 0.00000 0.00000 0.00000 0.00000 0.00000 0.00000 0.00000 0.00000 0.00000 0.00000 0.00000 0.00000 0.00000 0.00000 0.00000 0.00000 0.00000 0.00000 0.00000 0.00000 0.00000 0.00000 0.00000 0.00000 0.00000 0.00000 0.00000 0.00000 0.00000 0.00000 0.00000 0.00000 0.00000 0.00000 0.00000 0.00000 0.00000 0.00000 0.01701 0.05099 0.08446 0.11816 0.15245 0.18618 0.21888 0.25226 0.28652 0.32025 0.33607 0.33519 0.33534 0.33574 0.33512 0.33405 0.33403 0.33437 0.33402 0.33300 0.33281 0.33318 0.33310 0.33154 0.33154 0.33271 0.33233 0.33058 0.33029 0.33129 0.35182 0.39088 0.42974 0.47061 0.51245 0.55216 0.58955 0.62896 0.67136 0.71243 0.72994 0.72758 0.72834 0.72996 0.73024 0.72804 0.72565 0.72585 0.72931 0.72842 0.70413 0.66510 0.62784 0.58549 0.54397 0.50644 0.46670 0.42444 0.38468 0.34668 0.32616 0.32448 0.32493 0.32643 0.32578 0.32417 0.32447 0.32609 0.32584 0.32408 0.34367 0.38524 0.42545 0.46315 0.50191 0.54330 0.58393 0.62244 0.66075 0.70097 0.72237 0.72261 0.72061 0.71948 0.72191 0.72360 0.72148 0.71928 0.72105 0.72403 0.70351 0.66042 0.62099 0.58477 0.54527 0.50288 0.46380 0.42542 0.38482 0.34494 0.32613 0.32643 0.32538 0.32488 0.32554 0.32655 0.32697 0.32579 0.32570 0.32676 0.34712 0.38651 0.42659 0.46703 0.50702 0.54771 0.58881 0.62787 0.66668 0.70896 0.71501 0.68154 0.64595 0.61391 0.58480 0.55208 0.51620 0.48422 0.45330 0.42003 0.38295 0.34331 0.30302 0.26250 0.22257 0.18226 0.14177 0.10116 0.06085 0.02033 0.01663 0.04979 0.08315 0.11690 0.15028 0.18298 0.21652 0.25141 0.28503 0.31696 0.31719 0.28583 0.25233 0.21759 0.18444 0.15181 0.11790 0.08398 0.05060 0.01692 0.00000 0.00000 0.00000 0.00000 0.00000 0.00000 0.00000 0.00000 0.00000 0.00000 0.00000 0.00000 0.00000 0.00000 0.00000 0.00000 0.00000 0.00000 0.00000 0.00000 0.00000 0.00000 0.00000 0.00000 0.00000 0.00000 0.00000 0.00000 0.00000 0.00000 0.00000 0.00000 0.00000 0.00000 0.00000 0.00000 0.00000 0.00000 0.00000 0.00000 0.00000 0.00000 0.00000 0.00000 0.00000 0.00000 0.00000 0.00000 0.00000 0.00000 0.00000 0.00000 0.00000 0.00000 0.00000
0.00000 0.00000 0.00000 0.00000 0.00000 0.00000 0.00000 0.00000 0.00000 0.00000 0.00000 0.00000 0.00000 0.00000 0.00000 0.00000 0.00000 0.00000 0.00000 0.00000 0.00000 0.00000 0.00000 0.00000 0.00000 0.00000 0.00000 0.00000 0.00000 0.00000 0.00000 0.00000 0.00000 0.00000 0.00000 0.00000 0.00000 0.00000 0.00000 0.00000 0.00000 0.00000 0.00000 0.00000 0.00000 0.00000 0.00000 0.00000 0.00000 0.00000 0.00000 0.00000 0.00000 0.00000 0.00000 0.00000 0.00000 0.00000 0.00000 0.00000 0.00000 0.00000 0.00000 0.00000 0.00000 0.02068 0.06223 0.10371 0.14452 0.18537 0.22695 0.26860 0.30889 0.34871 0.38970 0.41166 0.41112 0.40864 0.40835 0.41015 0.40981 0.40709 0.40690 0.40872 0.40841 0.40569 0.40549 0.40722 0.40715 0.40450 0.40416 0.40501 0.40586 0.40494 0.40312 0.41941 0.45387 0.48706 0.51794 0.54934 0.58320 0.61766 0.64965 0.67992 0.71158 0.72974 0.73125 0.72938 0.72615 0.72622 0.72923 0.72924 0.72570 0.72444 0.72713 0.70966 0.67546 0.64511 0.61183 0.57619 0.54365 0.51357 0.48083 0.44593 0.41275 0.39823 0.39879 0.39711 0.39603 0.39763 0.39840 0.39655 0.39583 0.39774 0.39772 0.41195 0.44493 0.47931 0.51005 0.54085 0.57585 0.60939 0.63838 0.67003 0.70648 0.72293 0.71872 0.71920 0.72301 0.72145 0.71854 0.72086 0.72325 0.72110 0.71900 0.70480 0.67365 0.64101 0.60824 0.57452 0.54245 0.51222 0.48008 0.44486 0.41257 0.39887 0.39898 0.39681 0.39707 0.39773 0.39876 0.39917 0.39908 0.39733 0.39768 0.41656 0.44942 0.47937 0.51220 0.54860 0.58159 0.61078 0.64396 0.68119 0.71341 0.70676 0.66781 0.63042 0.59014 0.54987 0.50953 0.46873 0.42928 0.39104 0.35066 0.31239 0.27967 0.24843 0.21550 0.18204 0.14845 0.11555 0.08312 0.04988 0.01654 0.02023 0.06112 0.10191 0.14202 0.18281 0.22465 0.26551 0.30564 0.34680 0.38846 0.38883 0.34787 0.30725 0.26680 0.22573 0.18445 0.14393 0.10314 0.06174 0.02054 0.00000 0.00000 0.00000 0.00000 0.00000 0.00000 0.00000 0.00000 0.00000 0.00000 0.00000 0.00000 0.00000 0.00000 0.00000 0.00000 0.00000 0.00000 0.00000 0.00000 0.00000 0.00000 0.00000 0.00000 0.00000 0.00000 0.00000 0.00000 0.00000 0.00000 0.00000 0.00000 0.00000 0.00000 0.00000 0.00000 0.00000 0.00000 0.00000 0.00000 0.00000 0.00000 0.00000 0.00000 0.00000 0.00000 0.00000 0.00000 0.00000 0.00000 0.00000 0.00000 0.00000 0.00000 0.00000
0.00000 0.00000 0.00000 0.00000 0.00000 0.00000 0.00000 0.00000 0.00000 0.00000 0.00000 0.00000 0.00000 0.00000 0.00000 0.00000 0.00000 0.00000 0.00000 0.00000 0.00000 0.00000 0.00000 0.00000 0.00000 0.00000 0.00000 0.00000 0.00000 0.00000 0.00000 0.00000 0.00000 0.00000 0.00000 0.00000 0.00000 0.00000 0.00000 0.00000 0.00000 0.00000 0.00000 0.00000 0.00000 0.00000 0.00000 0.00000 0.00000 0.00000 0.00000 0.00000 0.00000 0.00000 0.00000 0.00000 0.00000 0.00000 0.00000 0.00000 0.00000 0.00000 0.00000 0.00000 0.00000 0.02442 0.07322 0.12251 0.17129 0.21890 0.26742 0.31704 0.36551 0.41237 0.46015 0.48486 0.48542 0.48447 0.48260 0.48271 0.48341 0.48263 0.48120 0.48123 0.48116 0.48088 0.48002 0.47956 0.47959 0.47961 0.47787 0.47761 0.47873 0.47867 0.47684 0.48840 0.51521 0.54191 0.56608 0.58920 0.61491 0.64236 0.66821 0.69110 0.71442 0.72850 0.73053 0.72949 0.72634 0.72553 0.72741 0.72880 0.72672 0.72369 0.72436 0.71474 0.68676 0.65921 0.63684 0.61158 0.58295 0.55767 0.53491 0.50856 0.48091 0.46926 0.47103 0.46956 0.46773 0.46885 0.47053 0.46945 0.46740 0.46779 0.46984 0.48256 0.50542 0.52981 0.55723 0.58367 0.60674 0.63043 0.65725 0.68401 0.70798 0.71884 0.71926 0.72140 0.72185 0.71932 0.71788 0.72090 0.72268 0.72066 0.71831 0.70663 0.68521 0.65974 0.63074 0.60608 0.58404 0.55832 0.53119 0.50724 0.48283 0.46929 0.46882 0.46990 0.47101 0.47077 0.46932 0.46897 0.47040 0.47151 0.47086 0.48327 0.50918 0.53503 0.56090 0.58678 0.61150 0.63644 0.66392 0.69092 0.71530 0.70238 0.65655 0.61222 0.56519 0.51461 0.46783 0.42308 0.37535 0.32667 0.27979 0.24360 0.21821 0.19258 0.16671 0.14126 0.11587 0.09014 0.06438 0.03865 0.01288 0.02397 0.07208 0.12008 0.16777 0.21620 0.26540 0.31354 0.36034 0.40885 0.45999 0.46021 0.40966 0.36188 0.31572 0.26716 0.21765 0.16969 0.12180 0.07295 0.02427 0.00000 0.00000 0.00000 0.00000 0.00000 0.00000 0.00000 0.00000 0.00000 0.00000 0.00000 0.00000 0.00000 0.00000 0.00000 0.00000 0.00000 0.00000 0.00000 0.00000 0.00000 0.00000 0.00000 0.00000 0.00000 0.00000 0.00000 0.00000 0.00000 0.00000 0.00000 0.00000 0.00000 0.00000 0.00000 0.00000 0.00000 0.00000 0.00000 0.00000 0.00000 0.00000 0.00000 0.00000 0.00000 0.00000 0.00000 0.00000 0.00000 0.00000 0.00000 0.00000 0.00000 0.00000 0.00000
0.00000 0.00000 0.00000 0.00000 0.00000 0.00000 0.00000 0.00000 0.00000 0.00000 0.00000 0.00000 0.00000 0.00000 0.00000 0.00000 0.00000 0.00000 0.00000 0.00000 0.00000 0.00000 0.00000 0.00000 0.00000 0.00000 0.00000 0.00000 0.00000 0.00000 0.00000 0.00000 0.00000 0.00000 0.00000 0.00000 0.00000 0.00000 0.00000 0.00000 0.00000 0.00000 0.00000 0.00000 0.00000 0.00000 0.00000 0.00000 0.00000 0.00000 0.00000 0.00000 0.00000 0.00000 0.00000 0.00000 0.00000 0.00000 0.00000 0.00000 0.00000 0.00000 0.00000 0.00000 0.00000 0.02831 0.08446 0.14057 0.19738 0.25379 0.30867 0.36393 0.42058 0.47749 0.53213 0.55766 0.55722 0.55960 0.55928 0.55547 0.55521 0.55766 0.55712 0.55355 0.55333 0.55533 0.55521 0.55220 0.55138 0.55237 0.55358 0.55268 0.54953 0.54962 0.55174 0.56045 0.57593 0.59327 0.61307 0.63250 0.64909 0.66457 0.68262 0.70332 0.72185 0.72805 0.72586 0.72707 0.72923 0.72819 0.72488 0.72411 0.72716 0.72752 0.72374 0.71463 0.69862 0.67807 0.65881 0.64367 0.62553 0.60432 0.58528 0.56987 0.55243 0.54086 0.53957 0.54170 0.54274 0.54030 0.53899 0.54145 0.54223 0.53925 0.53886 0.55071 0.56809 0.58322 0.60283 0.62293 0.63831 0.65459 0.67599 0.69488 0.70908 0.71717 0.72153 0.72128 0.71770 0.72004 0.72185 0.71857 0.71764 0.72116 0.72181 0.71023 0.69374 0.67551 0.65617 0.64026 0.62353 0.60232 0.58409 0.56969 0.55205 0.53967 0.53985 0.54341 0.54367 0.54120 0.54123 0.54100 0.54148 0.54436 0.54433 0.55035 0.56863 0.59080 0.60926 0.62365 0.64214 0.66477 0.68266 0.69739 0.71651 0.70235 0.64727 0.59103 0.53631 0.48269 0.42914 0.37512 0.31994 0.26413 0.20959 0.17436 0.15606 0.13712 0.11876 0.10092 0.08286 0.06444 0.04581 0.02750 0.00923 0.02772 0.08271 0.13797 0.19448 0.25007 0.30438 0.36019 0.41770 0.47324 0.52803 0.52878 0.47409 0.41842 0.36251 0.30746 0.25212 0.19573 0.13966 0.08421 0.02814 0.00000 0.00000 0.00000 0.00000 0.00000 0.00000 0.00000 0.00000 0.00000 0.00000 0.00000 0.00000 0.00000 0.00000 0.00000 0.00000 0.00000 0.00000 0.00000 0.00000 0.00000 0.00000 0.00000 0.00000 0.00000 0.00000 0.00000 0.00000 0.00000 0.00000 0.00000 0.00000 0.00000 0.00000 0.00000 0.00000 0.00000 0.00000 0.00000 0.00000 0.00000 0.00000 0.00000 0.00000 0.00000 0.00000 0.00000 0.00000 0.00000 0.00000 0.00000 0.00000 0.00000 0.00000 0.00000
0.00000 0.00000 0.00000 0.00000 0.00000 0.00000 0.00000 0.00000 0.00000 0.00000 0.00000 0.00000 0.00000 0.00000 0.00000 0.00000 0.00000 0.00000 0.00000 0.00000 0.00000 0.00000 0.00000 0.00000 0.00000 0.00000 0.00000 0.00000 0.00000 0.00000 0.00000 0.00000 0.00000 0.00000 0.00000 0.00000 0.00000 0.00000 0.00000 0.00000 0.00000 0.00000 0.00000 0.00000 0.00000 0.00000 0.00000 0.00000 0.00000 0.00000 0.00000 0.00000 0.00000 0.00000 0.00000 0.00000 0.00000 0.00000 0.00000 0.00000 0.00000 0.00000 0.00000 0.00000 0.00000 0.03207 0.09609 0.15919 0.22276 0.28743 0.35079 0.41212 0.47542 0.54021 0.60355 0.63367 0.63137 0.63133 0.63285 0.63172 0.62919 0.62969 0.62984 0.62888 0.62849 0.62788 0.62622 0.62671 0.62767 0.62545 0.62466 0.62540 0.62431 0.62249 0.62361 0.62998 0.63877 0.64740 0.65956 0.67200 0.68209 0.69053 0.70011 0.71232 0.72509 0.72901 0.72539 0.72553 0.72840 0.72829 0.72479 0.72347 0.72600 0.72700 0.72361 0.71668 0.71000 0.69823 0.68329 0.67272 0.66513 0.65279 0.63890 0.62962 0.62082 0.61298 0.61104 0.61328 0.61469 0.61228 0.61041 0.61208 0.61393 0.61287 0.61028 0.61567 0.62902 0.64065 0.64855 0.65790 0.67096 0.68352 0.69196 0.70117 0.71429 0.72074 0.71845 0.71761 0.71852 0.72049 0.72066 0.71792 0.71785 0.72032 0.72120 0.71435 0.70145 0.69138 0.68426 0.67234 0.65886 0.64970 0.64062 0.62893 0.61749 0.61332 0.61360 0.61312 0.61359 0.61383 0.61262 0.61453 0.61560 0.61420 0.61393 0.62052 0.63216 0.64309 0.65318 0.66406 0.67697 0.68899 0.69825 0.70773 0.72100 0.69808 0.63606 0.57153 0.51007 0.45084 0.38925 0.32573 0.26424 0.20270 0.14077 0.10428 0.09323 0.08225 0.07155 0.06057 0.04944 0.03850 0.02756 0.01656 0.00552 0.03128 0.09380 0.15672 0.22003 0.28263 0.34461 0.40825 0.47334 0.53637 0.59678 0.59770 0.53819 0.47512 0.40977 0.34722 0.28574 0.22218 0.15825 0.09517 0.03183 0.00000 0.00000 0.00000 0.00000 0.00000 0.00000 0.00000 0.00000 0.00000 0.00000 0.00000 0.00000 0.00000 0.00000 0.00000 0.00000 0.00000 0.00000 0.00000 0.00000 0.00000 0.00000 0.00000 0.00000 0.00000 0.00000 0.00000 0.00000 0.00000 0.00000 0.00000 0.00000 0.00000 0.00000 0.00000 0.00000 0.00000 0.00000 0.00000 0.00000 0.00000 0.00000 0.00000 0.00000 0.00000 0.00000 0.00000 0.00000 0.00000 0.00000 0.00000 0.00000 0.00000 0.00000 0.00000
0.00000 0.00000 0.00000 0.00000 0.00000 0.00000 0.00000 0.00000 0.00000 0.00000 0.00000 0.00000 0.00000 0.00000 0.00000 0.00000 0.00000 0.00000 0.00000 0.00000 0.00000 0.00000 0.00000 0.00000 0.00000 0.00000 0.00000 0.00000 0.00000 0.00000 0.00000 0.00000 0.00000 0.00000 0.00000 0.00000 0.00000 0.00000 0.00000 0.00000 0.00000 0.00000 0.00000 0.00000 0.00000 0.00000 0.00000 0.00000 0.00000 0.00000 0.00000 0.00000 0.00000 0.00000 0.00000 0.00000 0.00000 0.00000 0.00000 0.00000 0.00000 0.00000 0.00000 0.00000 0.00000 0.03565 0.10731 0.17876 0.24889 0.31943 0.39166 0.46290 0.53118 0.60090 0.67254 0.70930 0.70889 0.70421 0.70394 0.70669 0.70610 0.70140 0.70137 0.70420 0.70336 0.69997 0.69903 0.69978 0.70113 0.70054 0.69634 0.69611 0.69917 0.69863 0.69428 0.69578 0.70175 0.70570 0.70681 0.70801 0.71219 0.71863 0.72150 0.72142 0.72386 0.72823 0.72911 0.72672 0.72442 0.72490 0.72708 0.72636 0.72314 0.72294 0.72562 0.72272 0.71607 0.71465 0.71210 0.70538 0.70005 0.69949 0.69680 0.68985 0.68481 0.68559 0.68659 0.68379 0.68234 0.68479 0.68603 0.68275 0.68139 0.68476 0.68535 0.68316 0.68711 0.69403 0.69606 0.69661 0.70298 0.70815 0.70861 0.71089 0.71826 0.72025 0.71687 0.71840 0.72038 0.71674 0.71688 0.72102 0.72046 0.71677 0.71869 0.71910 0.71230 0.70899 0.70899 0.70265 0.69755 0.69802 0.69527 0.68741 0.68397 0.68691 0.68699 0.68287 0.68339 0.68674 0.68677 0.68635 0.68751 0.68456 0.68445 0.69068 0.69485 0.69420 0.69826 0.70658 0.71011 0.70997 0.71485 0.72263 0.72514 0.69013 0.62180 0.55507 0.48689 0.41740 0.34711 0.27801 0.20961 0.14092 0.07136 0.03460 0.03098 0.02750 0.02386 0.02017 0.01644 0.01280 0.00920 0.00553 0.00183 0.03483 0.10524 0.17550 0.24445 0.31467 0.38704 0.45729 0.52582 0.59696 0.66967 0.66948 0.59853 0.52925 0.45948 0.38830 0.31769 0.24816 0.17753 0.10612 0.03538 0.00000 0.00000 0.00000 0.00000 0.00000 0.00000 0.00000 0.00000 0.00000 0.00000 0.00000 0.00000 0.00000 0.00000 0.00000 0.00000 0.00000 0.00000 0.00000 0.00000 0.00000 0.00000 0.00000 0.00000 0.00000 0.00000 0.00000 0.00000 0.00000 0.00000 0.00000 0.00000 0.00000 0.00000 0.00000 0.00000 0.00000 0.00000 0.00000 0.00000 0.00000 0.00000 0.00000 0.00000 0.00000 0.00000 0.00000 0.00000 0.00000 0.00000 0.00000 0.00000 0.00000 0.00000 0.00000
0.00000 0.00000 0.00000 0.00000 0.00000 0.00000 0.00000 0.00000 0.00000 0.00000 0.00000 0.00000 0.00000 0.00000 0.00000 0.00000 0.00000 0.00000 0.00000 0.00000 0.00000 0.00000 0.00000 0.00000 0.00000 0.00000 0.00000 0.00000 0.00000 0.00000 0.00000 0.00000 0.00000 0.00000 0.00000 0.00000 0.00000 0.00000 0.00000 0.00000 0.00000 0.00000 0.00000 0.00000 0.00000 0.00000 0.00000 0.00000 0.00000 0.00000 0.00000 0.00000 0.00000 0.00000 0.00000 0.00000 0.00000 0.00000 0.00000 0.00000 0.00000 0.00000 0.00000 0.00000 0.00000 0.03562 0.10681 0.17866 0.24969 0.31923 0.39008 0.46255 0.53291 0.60071 0.67085 0.70886 0.71361 0.71626 0.71627 0.72100 0.72537 0.72723 0.72958 0.73391 0.73571 0.73711 0.73896 0.73681 0.73383 0.73512 0.73615 0.73336 0.73309 0.73422 0.73225 0.72971 0.73150 0.73276 0.73041 0.72813 0.72837 0.72923 0.72995 0.72852 0.72522 0.72551 0.72871 0.72798 0.72361 0.72324 0.72668 0.72658 0.72260 0.72180 0.72549 0.72495 0.72054 0.72096 0.72464 0.72288 0.71934 0.72104 0.72343 0.72042 0.71825 0.72132 0.72247 0.71883 0.71735 0.72045 0.72166 0.71894 0.71672 0.71828 0.72071 0.72023 0.71680 0.71625 0.71904 0.72065 0.71791 0.71592 0.71822 0.72002 0.71665 0.71627 0.72014 0.71965 0.71696 0.71642 0.71843 0.71991 0.71860 0.71651 0.71779 0.72040 0.71955 0.71795 0.71710 0.71909 0.72014 0.71917 0.71869 0.71991 0.72021 0.71935 0.72033 0.72154 0.71989 0.71937 0.72319 0.72364 0.71950 0.72098 0.72344 0.72328 0.72168 0.72203 0.72420 0.72535 0.72321 0.72212 0.72525 0.72729 0.72607 0.68925 0.62146 0.55444 0.48685 0.41675 0.34671 0.27824 0.20971 0.14079 0.07118 0.03641 0.03651 0.03665 0.03659 0.03651 0.03664 0.03672 0.03669 0.03664 0.03669 0.07172 0.14186 0.21166 0.28119 0.35193 0.42361 0.49358 0.56182 0.63311 0.70727 0.70561 0.62828 0.55512 0.48401 0.40977 0.33406 0.26011 0.18654 0.11197 0.03730 0.00000 0.00000 0.00000 0.00000 0.00000 0.00000 0.00000 0.00000 0.00000 0.00000 0.00000 0.00000 0.00000 0.00000 0.00000 0.00000 0.00000 0.00000 0.00000 0.00000 0.00000 0.00000 0.00000 0.00000 0.00000 0.00000 0.00000 0.00000 0.00000 0.00000 0.00000 0.00000 0.00000 0.00000 0.00000 0.00000 0.00000 0.00000 0.00000 0.00000 0.00000 0.00000 0.00000 0.00000 0.00000 0.00000 0.00000 0.00000 0.00000 0.00000 0.00000 0.00000 0.00000 0.00000 0.00000
0.00000 0.00000 0.00000 0.00000 0.00000 0.00000 0.00000 0.00000 0.00000 0.00000 0.00000 0.00000 0.00000 0.00000 0.00000 0.00000 0.00000 0.00000 0.00000 0.00000 0.00000 0.00000 0.00000 0.00000 0.00000 0.00000 0.00000 0.00000 0.00000 0.00000 0.00000 0.00000 0.00000 0.00000 0.00000 0.00000 0.00000 0.00000 0.00000 0.00000 0.00000 0.00000 0.00000 0.00000 0.00000 0.00000 0.00000 0.00000 0.00000 0.00000 0.00000 0.00000 0.00000 0.00000 0.00000 0.00000 0.00000 0.00000 0.00000 0.00000 0.00000 0.00000 0.00000 0.00000 0.00000 0.03202 0.09554 0.15894 0.22326 0.28700 0.34883 0.41148 0.47664 0.53990 0.59967 0.63620 0.64865 0.66047 0.67126 0.67811 0.68930 0.70302 0.71282 0.71986 0.73100 0.73763 0.73796 0.73679 0.73364 0.73307 0.73598 0.73581 0.73075 0.73054 0.73365 0.73314 0.72967 0.72840 0.72949 0.73134 0.73002 0.72624 0.72564 0.72934 0.72896 0.72526 0.72415 0.72615 0.72684 0.72485 0.72281 0.72350 0.72534 0.72386 0.72106 0.72246 0.72436 0.72170 0.71938 0.72217 0.72342 0.72001 0.71842 0.72112 0.72193 0.71910 0.71795 0.71999 0.72094 0.71833 0.71681 0.71936 0.72080 0.71723 0.71597 0.71945 0.71965 0.71562 0.71709 0.71965 0.71740 0.71513 0.71853 0.71880 0.71606 0.71745 0.71911 0.71642 0.71578 0.71965 0.71917 0.71534 0.71660 0.72019 0.71814 0.71566 0.71953 0.72025 0.71590 0.71878 0.72075 0.71651 0.71645 0.72144 0.72145 0.71715 0.71766 0.72230 0.72156 0.71842 0.72032 0.72143 0.71957 0.72244 0.72379 0.71944 0.72004 0.72466 0.72475 0.72073 0.72224 0.72618 0.72441 0.72227 0.72542 0.69622 0.63332 0.57148 0.50946 0.44810 0.38801 0.32666 0.26393 0.20161 0.14023 0.10973 0.10965 0.10960 0.10944 0.10943 0.11002 0.11018 0.10962 0.10965 0.11040 0.14182 0.20330 0.26592 0.33039 0.39328 0.45414 0.51739 0.58285 0.64553 0.70714 0.70306 0.63044 0.55570 0.48179 0.40916 0.33502 0.25976 0.18571 0.11210 0.03739 0.00000 0.00000 0.00000 0.00000 0.00000 0.00000 0.00000 0.00000 0.00000 0.00000 0.00000 0.00000 0.00000 0.00000 0.00000 0.00000 0.00000 0.00000 0.00000 0.00000 0.00000 0.00000 0.00000 0.00000 0.00000 0.00000 0.00000 0.00000 0.00000 0.00000 0.00000 0.00000 0.00000 0.00000 0.00000 0.00000 0.00000 0.00000 0.00000 0.00000 0.00000 0.00000 0.00000 0.00000 0.00000 0.00000 0.00000 0.00000 0.00000 0.00000 0.00000 0.00000 0.00000 0.00000 0.00000
0.00000 0.00000 0.00000 0.00000 0.00000 0.00000 0.00000 0.00000 0.00000 0.00000 0.00000 0.00000 0.00000 0.00000 0.00000 0.00000 0.00000 0.00000 0.00000 0.00000 0.00000 0.00000 0.00000 0.00000 0.00000 0.00000 0.00000 0.00000 0.00000 0.00000 0.00000 0.00000 0.00000 0.00000 0.00000 0.00000 0.00000 0.00000 0.00000 0.00000 0.00000 0.00000 0.00000 0.00000 0.00000 0.00000 0.00000 0.00000 0.00000 0.00000 0.00000 0.00000 0.00000 0.00000 0.00000 0.00000 0.00000 0.00000 0.00000 0.00000 0.00000 0.00000 0.00000 0.00000 0.00000 0.02824 0.08455 0.14016 0.19626 0.25310 0.30863 0.36293 0.41856 0.47599 0.53146 0.56571 0.58336 0.60439 0.62229 0.63822 0.65514 0.67580 0.69293 0.70951 0.72948 0.73765 0.73415 0.73480 0.73692 0.73436 0.73236 0.73363 0.73309 0.73044 0.73158 0.73284 0.72987 0.72764 0.72951 0.73008 0.72868 0.72761 0.72611 0.72583 0.72825 0.72770 0.72335 0.72301 0.72691 0.72633 0.72167 0.72144 0.72535 0.72458 0.72027 0.72051 0.72409 0.72252 0.71879 0.72032 0.72293 0.72006 0.71768 0.72068 0.72184 0.71794 0.71667 0.72035 0.72098 0.71724 0.71584 0.71874 0.72024 0.71819 0.71526 0.71617 0.71925 0.71948 0.71587 0.71479 0.71610 0.71929 0.71754 0.71500 0.71812 0.71868 0.71519 0.71530 0.71825 0.71867 0.71639 0.71521 0.71764 0.71944 0.71680 0.71517 0.71832 0.71930 0.71652 0.71679 0.71935 0.71879 0.71774 0.71765 0.71891 0.71998 0.71895 0.71761 0.72027 0.72204 0.71873 0.71819 0.72220 0.72248 0.71980 0.72005 0.72206 0.72356 0.72153 0.72042 0.72356 0.72548 0.72342 0.72229 0.72381 0.69827 0.64530 0.59093 0.53369 0.48000 0.42785 0.37391 0.31826 0.26312 0.20920 0.18286 0.18288 0.18189 0.18217 0.18327 0.18312 0.18240 0.18283 0.18360 0.18366 0.21078 0.26570 0.32154 0.37795 0.43299 0.48669 0.54286 0.60138 0.65691 0.70905 0.70093 0.63099 0.55719 0.48088 0.40713 0.33467 0.26070 0.18596 0.11154 0.03723 0.00000 0.00000 0.00000 0.00000 0.00000 0.00000 0.00000 0.00000 0.00000 0.00000 0.00000 0.00000 0.00000 0.00000 0.00000 0.00000 0.00000 0.00000 0.00000 0.00000 0.00000 0.00000 0.00000 0.00000 0.00000 0.00000 0.00000 0.00000 0.00000 0.00000 0.00000 0.00000 0.00000 0.00000 0.00000 0.00000 0.00000 0.00000 0.00000 0.00000 0.00000 0.00000 0.00000 0.00000 0.00000 0.00000 0.00000 0.00000 0.00000 0.00000 0.00000 0.00000 0.00000 0.00000 0.00000
0.00000 0.00000 0.00000 0.00000 0.00000 0.00000 0.00000 0.00000 0.00000 0.00000 0.00000 0.00000 0.00000 0.00000 0.00000 0.00000 0.00000 0.00000 0.00000 0.00000 0.00000 0.00000 0.00000 0.00000 0.00000 0.00000 0.00000 0.00000 0.00000 0.00000 0.00000 0.00000 0.00000 0.00000 0.00000 0.00000 0.00000 0.00000 0.00000 0.00000 0.00000 0.00000 0.00000 0.00000 0.00000 0.00000 0.00000 0.00000 0.00000 0.00000 0.00000 0.00000 0.00000 0.00000 0.00000 0.00000 0.00000 0.00000 0.00000 0.00000 0.00000 0.00000 0.00000 0.00000 0.00000 0.02433 0.07321 0.12204 0.17005 0.21806 0.26739 0.31601 0.36262 0.41022 0.46036 0.49701 0.52069 0.54586 0.57282 0.59904 0.62378 0.64639 0.67299 0.70047 0.72507 0.73586 0.73433 0.73402 0.73591 0.73573 0.73111 0.73061 0.73405 0.73344 0.72911 0.72870 0.73067 0.73094 0.72911 0.72642 0.72616 0.72957 0.72873 0.72436 0.72372 0.72736 0.72671 0.72325 0.72266 0.72468 0.72497 0.72246 0.72078 0.72269 0.72393 0.72113 0.71897 0.72167 0.72289 0.71951 0.71779 0.72067 0.72143 0.71839 0.71737 0.71944 0.71994 0.71774 0.71662 0.71825 0.71964 0.71724 0.71517 0.71755 0.71942 0.71642 0.71514 0.71766 0.71755 0.71577 0.71677 0.71685 0.71547 0.71801 0.71787 0.71426 0.71465 0.71856 0.71816 0.71416 0.71485 0.71885 0.71778 0.71440 0.71648 0.71897 0.71596 0.71580 0.71880 0.71717 0.71517 0.71957 0.71976 0.71570 0.71604 0.72075 0.72008 0.71646 0.71809 0.72158 0.71909 0.71787 0.72142 0.72001 0.71848 0.72277 0.72307 0.71888 0.72029 0.72432 0.72247 0.72032 0.72411 0.72579 0.72206 0.69906 0.65586 0.60741 0.56014 0.51454 0.46643 0.41834 0.37292 0.32649 0.27834 0.25464 0.25520 0.25525 0.25548 0.25618 0.25559 0.25518 0.25655 0.25703 0.25573 0.27974 0.32934 0.37735 0.42331 0.47162 0.52202 0.56994 0.61651 0.66550 0.71539 0.70188 0.62822 0.55600 0.48203 0.40690 0.33354 0.26074 0.18619 0.11126 0.03714 0.00000 0.00000 0.00000 0.00000 0.00000 0.00000 0.00000 0.00000 0.00000 0.00000 0.00000 0.00000 0.00000 0.00000 0.00000 0.00000 0.00000 0.00000 0.00000 0.00000 0.00000 0.00000 0.00000 0.00000 0.00000 0.00000 0.00000 0.00000 0.00000 0.00000 0.00000 0.00000 0.00000 0.00000 0.00000 0.00000 0.00000 0.00000 0.00000 0.00000 0.00000 0.00000 0.00000 0.00000 0.00000 0.00000 0.00000 0.00000 0.00000 0.00000 0.00000 0.00000 0.00000 0.00000 0.00000
0.00000 0.00000 0.00000 0.00000 0.00000 0.00000 0.00000 0.00000 0.00000 0.00000 0.00000 0.00000 0.00000 0.00000 0.00000 0.00000 0.00000 0.00000 0.00000 0.00000 0.00000 0.00000 0.00000 0.00000 0.00000 0.00000 0.00000 0.00000 0.00000 0.00000 0.00000 0.00000 0.00000 0.00000 0.00000 0.00000 0.00000 0.00000 0.00000 0.00000 0.00000 0.00000 0.00000 0.00000 0.00000 0.00000 0.00000 0.00000 0.00000 0.00000 0.00000 0.00000 0.00000 0.00000 0.00000 0.00000 0.00000 0.00000 0.00000 0.00000 0.00000 0.00000 0.00000 0.00000 0.00000 0.02058 0.06179 0.10321 0.14402 0.18446 0.22559 0.26728 0.30778 0.34696 0.38743 0.42639 0.45930 0.48995 0.52236 0.55829 0.59051 0.62103 0.65474 0.68865 0.71853 0.73482 0.73733 0.73510 0.73197 0.73332 0.73412 0.73128 0.73117 0.73267 0.73007 0.72774 0.73017 0.73075 0.72762 0.72643 0.72759 0.72693 0.72690 0.72697 0.72427 0.72305 0.72630 0.72611 0.72170 0.72109 0.72515 0.72439 0.71993 0.72005 0.72375 0.72225 0.71843 0.71966 0.72243 0.71984 0.71719 0.71984 0.72127 0.71749 0.71608 0.71980 0.72032 0.71614 0.71516 0.71881 0.71953 0.71627 0.71450 0.71658 0.71883 0.71776 0.71430 0.71420 0.71715 0.71848 0.71769 0.71371 0.71471 0.71782 0.71629 0.71421 0.71640 0.71738 0.71527 0.71432 0.71662 0.71784 0.71523 0.71396 0.71738 0.71862 0.71480 0.71436 0.71897 0.71835 0.71493 0.71559 0.71843 0.71869 0.71708 0.71600 0.71817 0.72027 0.71853 0.71629 0.71886 0.72128 0.72054 0.71797 0.71839 0.72168 0.72114 0.71891 0.72101 0.72350 0.72159 0.72028 0.72251 0.72365 0.72429 0.70459 0.66259 0.62309 0.58710 0.54762 0.50512 0.46515 0.42676 0.38833 0.34804 0.32661 0.32682 0.32895 0.32918 0.32737 0.32773 0.32984 0.32985 0.32834 0.32869 0.35044 0.39155 0.43139 0.47051 0.51182 0.55523 0.59577 0.63335 0.67475 0.71973 0.70361 0.62667 0.55321 0.48198 0.40867 0.33361 0.25912 0.18551 0.11173 0.03728 0.00000 0.00000 0.00000 0.00000 0.00000 0.00000 0.00000 0.00000 0.00000 0.00000 0.00000 0.00000 0.00000 0.00000 0.00000 0.00000 0.00000 0.00000 0.00000 0.00000 0.00000 0.00000 0.00000 0.00000 0.00000 0.00000 0.00000 0.00000 0.00000 0.00000 0.00000 0.00000 0.00000 0.00000 0.00000 0.00000 0.00000 0.00000 0.00000 0.00000 0.00000 0.00000 0.00000 0.00000 0.00000 0.00000 0.00000 0.00000 0.00000 0.00000 0.00000 0.00000 0.00000 0.00000 0.00000
0.00000 0.00000 0.00000 0.00000 0.00000 0.00000 0.00000 0.00000 0.00000 0.00000 0.00000 0.00000 0.00000 0.00000 0.00000 0.00000 0.00000 0.00000 0.00000 0.00000 0.00000 0.00000 0.00000 0.00000 0.00000 0.00000 0.00000 0.00000 0.00000 0.00000 0.00000 0.00000 0.00000 0.00000 0.00000 0.00000 0.00000 0.00000 0.00000 0.00000 0.00000 0.00000 0.00000 0.00000 0.00000 0.00000 0.00000 0.00000 0.00000 0.00000 0.00000 0.00000 0.00000 0.00000 0.00000 0.00000 0.00000 0.00000 0.00000 0.00000 0.00000 0.00000 0.00000 0.00000 0.00000 0.01691 0.05055 0.08401 0.11780 0.15149 0.18451 0.21740 0.25162 0.28502 0.31709 0.35404 0.39553 0.43557 0.47525 0.51494 0.55600 0.59746 0.63645 0.67435 0.71484 0.73536 0.73599 0.73518 0.73155 0.73103 0.73425 0.73379 0.72905 0.72875 0.73156 0.73087 0.72834 0.72703 0.72734 0.72889 0.72822 0.72452 0.72354 0.72766 0.72693 0.72238 0.72226 0.72567 0.72474 0.72104 0.72065 0.72355 0.72353 0.71997 0.71863 0.72184 0.72244 0.71871 0.71722 0.72051 0.72103 0.71757 0.71663 0.71917 0.71931 0.71690 0.71620 0.71766 0.71846 0.71675 0.71489 0.71618 0.71858 0.71680 0.71376 0.71508 0.71769 0.71734 0.71475 0.71386 0.71533 0.71767 0.71642 0.71346 0.71375 0.71782 0.71712 0.71291 0.71342 0.71773 0.71714 0.71312 0.71415 0.71767 0.71624 0.71404 0.71619 0.71690 0.71477 0.71675 0.71785 0.71497 0.71482 0.71904 0.71844 0.71485 0.71636 0.72009 0.71798 0.71583 0.71914 0.72094 0.71710 0.71876 0.72135 0.71850 0.71805 0.72236 0.72118 0.71852 0.72213 0.72400 0.71994 0.72021 0.72504 0.70833 0.67303 0.64242 0.61098 0.57671 0.54572 0.51489 0.48060 0.44736 0.41670 0.40057 0.39974 0.40071 0.40138 0.40046 0.40112 0.40238 0.40172 0.40132 0.40321 0.42002 0.45122 0.48501 0.52055 0.55335 0.58523 0.61930 0.65417 0.68687 0.72028 0.70185 0.62807 0.55319 0.48067 0.40839 0.33369 0.25877 0.18535 0.11173 0.03725 0.00000 0.00000 0.00000 0.00000 0.00000 0.00000 0.00000 0.00000 0.00000 0.00000 0.00000 0.00000 0.00000 0.00000 0.00000 0.00000 0.00000 0.00000 0.00000 0.00000 0.00000 0.00000 0.00000 0.00000 0.00000 0.00000 0.00000 0.00000 0.00000 0.00000 0.00000 0.00000 0.00000 0.00000 0.00000 0.00000 0.00000 0.00000 0.00000 0.00000 0.00000 0.00000 0.00000 0.00000 0.00000 0.00000 0.00000 0.00000 0.00000 0.00000 0.00000 0.00000 0.00000 0.00000 0.00000
0.00000 0.00000 0.00000 0.00000 0.00000 0.00000 0.00000 0.00000 0.00000 0.00000 0.00000 0.00000 0.00000 0.00000 0.00000 0.00000 0.00000 0.00000 0.00000 0.00000 0.00000 0.00000 0.00000 0.00000 0.00000 0.00000 0.00000 0.00000 0.00000 0.00000 0.00000 0.00000 0.00000 0.00000 0.00000 0.00000 0.00000 0.00000 0.00000 0.00000 0.00000 0.00000 0.00000 0.00000 0.00000 0.00000 0.00000 0.00000 0.00000 0.00000 0.00000 0.00000 0.00000 0.00000 0.00000 0.00000 0.00000 0.00000 0.00000 0.00000 0.00000 0.00000 0.00000 0.00000 0.00000 0.01314 0.03930 0.06532 0.09161 0.11783 0.14329 0.16905 0.19527 0.22176 0.24749 0.28300 0.33095 0.38055 0.42805 0.47361 0.52142 0.57113 0.61671 0.66331 0.71354 0.73570 0.73211 0.73343 0.73499 0.73185 0.73053 0.73262 0.73080 0.72817 0.73027 0.73111 0.72729 0.72581 0.72865 0.72818 0.72556 0.72549 0.72577 0.72408 0.72487 0.72560 0.72271 0.72103 0.72415 0.72423 0.72025 0.71969 0.72310 0.72210 0.71840 0.71910 0.72186 0.71962 0.71693 0.71906 0.72068 0.71719 0.71564 0.71911 0.71970 0.71543 0.71452 0.71848 0.71886 0.71487 0.71384 0.71687 0.71791 0.71578 0.71370 0.71425 0.71686 0.71725 0.71478 0.71265 0.71443 0.71713 0.71592 0.71294 0.71438 0.71631 0.71494 0.71339 0.71501 0.71627 0.71432 0.71320 0.71589 0.71718 0.71357 0.71281 0.71735 0.71775 0.71316 0.71349 0.71784 0.71784 0.71479 0.71421 0.71704 0.71877 0.71692 0.71465 0.71694 0.71984 0.71896 0.71598 0.71675 0.72002 0.72118 0.71785 0.71782 0.72105 0.72086 0.71854 0.72032 0.72169 0.72198 0.72211 0.72102 0.70859 0.68701 0.66202 0.63308 0.60816 0.58605 0.56191 0.53520 0.50851 0.48380 0.47363 0.47412 0.47189 0.47172 0.47488 0.47543 0.47289 0.47306 0.47637 0.47671 0.48775 0.51273 0.54024 0.56830 0.59373 0.61677 0.64324 0.67324 0.69954 0.72200 0.69841 0.62847 0.55567 0.48016 0.40566 0.33296 0.26014 0.18577 0.11106 0.03704 0.00000 0.00000 0.00000 0.00000 0.00000 0.00000 0.00000 0.00000 0.00000 0.00000 0.00000 0.00000 0.00000 0.00000 0.00000 0.00000 0.00000 0.00000 0.00000 0.00000 0.00000 0.00000 0.00000 0.00000 0.00000 0.00000 0.00000 0.00000 0.00000 0.00000 0.00000 0.00000 0.00000 0.00000 0.00000 0.00000 0.00000 0.00000 0.00000 0.00000 0.00000 0.00000 0.00000 0.00000 0.00000 0.00000 0.00000 0.00000 0.00000 0.00000 0.00000 0.00000 0.00000 0.00000 0.00000
0.00000 0.00000 0.00000 0.00000 0.00000 0.00000 0.00000 0.00000 0.00000 0.00000 0.00000 0.00000 0.00000 0.00000 0.00000 0.00000 0.00000 0.00000 0.00000 0.00000 0.00000 0.00000 0.00000 0.00000 0.00000 0.00000 0.00000 0.00000 0.00000 0.00000 0.00000 0.00000 0.00000 0.00000 0.00000 0.00000 0.00000 0.00000 0.00000 0.00000 0.00000 0.00000 0.00000 0.00000 0.00000 0.00000 0.00000 0.00000 0.00000 0.00000 0.00000 0.00000 0.00000 0.00000 0.00000 0.00000 0.00000 0.00000 0.00000 0.00000 0.00000 0.00000 0.00000 0.00000 0.00000 0.00935 0.02805 0.04677 0.06538 0.08394 0.10248 0.12087 0.13936 0.15814 0.17648 0.21301 0.26818 0.32400 0.37923 0.43339 0.48880 0.54370 0.59792 0.65301 0.70860 0.73493 0.73200 0.73221 0.73451 0.73363 0.72930 0.72886 0.73204 0.73118 0.72812 0.72740 0.72837 0.72840 0.72748 0.72530 0.72451 0.72692 0.72692 0.72264 0.72185 0.72578 0.72507 0.72049 0.72035 0.72408 0.72329 0.71899 0.71841 0.72228 0.72210 0.71775 0.71678 0.72064 0.72068 0.71665 0.71598 0.71915 0.71886 0.71588 0.71564 0.71752 0.71752 0.71575 0.71466 0.71561 0.71740 0.71617 0.71311 0.71394 0.71733 0.71662 0.71287 0.71275 0.71557 0.71698 0.71456 0.71221 0.71327 0.71680 0.71586 0.71180 0.71231 0.71668 0.71621 0.71183 0.71244 0.71662 0.71595 0.71245 0.71369 0.71599 0.71481 0.71440 0.71555 0.71442 0.71420 0.71708 0.71653 0.71351 0.71510 0.71848 0.71652 0.71414 0.71725 0.71936 0.71588 0.71575 0.71964 0.71906 0.71597 0.71928 0.72075 0.71756 0.72002 0.72195 0.71785 0.71832 0.72305 0.72328 0.71949 0.71177 0.69688 0.67748 0.65914 0.64372 0.62462 0.60472 0.58948 0.57269 0.55260 0.54385 0.54612 0.54568 0.54476 0.54622 0.54738 0.54659 0.54708 0.54788 0.54722 0.55731 0.57766 0.59508 0.61239 0.63257 0.65235 0.66979 0.68862 0.70890 0.72728 0.69859 0.62688 0.55505 0.48004 0.40535 0.33304 0.25992 0.18531 0.11101 0.03711 0.00000 0.00000 0.00000 0.00000 0.00000 0.00000 0.00000 0.00000 0.00000 0.00000 0.00000 0.00000 0.00000 0.00000 0.00000 0.00000 0.00000 0.00000 0.00000 0.00000 0.00000 0.00000 0.00000 0.00000 0.00000 0.00000 0.00000 0.00000 0.00000 0.00000 0.00000 0.00000 0.00000 0.00000 0.00000 0.00000 0.00000 0.00000 0.00000 0.00000 0.00000 0.00000 0.00000 0.00000 0.00000 0.00000 0.00000 0.00000 0.00000 0.00000 0.00000 0.00000 0.00000 0.00000 0.00000
0.00000 0.00000 0.00000 0.00000 0.00000 0.00000 0.00000 0.00000 0.00000 0.00000 0.00000 0.00000 0.00000 0.00000 0.00000 0.00000 0.00000 0.00000 0.00000 0.00000 0.00000 0.00000 0.00000 0.00000 0.00000 0.00000 0.00000 0.00000 0.00000 0.00000 0.00000 0.00000 0.00000 0.00000 0.00000 0.00000 0.00000 0.00000 0.00000 0.00000 0.00000 0.00000 0.00000 0.00000 0.00000 0.00000 0.00000 0.00000 0.00000 0.00000 0.00000 0.00000 0.00000 0.00000 0.00000 0.00000 0.00000 0.00000 0.00000 0.00000 0.00000 0.00000 0.00000 0.00000 0.00000 0.00561 0.01684 0.02807 0.03910 0.05025 0.06159 0.07271 0.08358 0.09444 0.10568 0.14304 0.20568 0.26735 0.33039 0.39404 0.45514 0.51645 0.58135 0.64243 0.70128 0.73372 0.73536 0.73222 0.72987 0.73286 0.73168 0.72852 0.73027 0.73140 0.72749 0.72591 0.72908 0.72890 0.72496 0.72436 0.72685 0.72567 0.72355 0.72435 0.72399 0.72188 0.72277 0.72384 0.72116 0.71966 0.72198 0.72197 0.71883 0.71868 0.72099 0.71951 0.71699 0.71839 0.71993 0.71694 0.71547 0.71844 0.71900 0.71486 0.71408 0.71802 0.71823 0.71383 0.71308 0.71684 0.71727 0.71401 0.71287 0.71464 0.71600 0.71546 0.71326 0.71217 0.71454 0.71634 0.71415 0.71157 0.71337 0.71558 0.71427 0.71220 0.71342 0.71500 0.71373 0.71236 0.71419 0.71551 0.71274 0.71195 0.71570 0.71649 0.71187 0.71189 0.71670 0.71697 0.71272 0.71252 0.71621 0.71753 0.71493 0.71312 0.71560 0.71837 0.71700 0.71423 0.71552 0.71868 0.71938 0.71640 0.71542 0.71854 0.72047 0.71959 0.71752 0.71832 0.72062 0.72066 0.71934 0.71932 0.72270 0.71782 0.70346 0.69305 0.68672 0.67655 0.66274 0.65128 0.64250 0.63429 0.62311 0.61530 0.61553 0.61908 0.61990 0.61700 0.61694 0.62098 0.62160 0.61849 0.61873 0.62772 0.63985 0.64988 0.65899 0.67076 0.68579 0.69720 0.70525 0.71633 0.73163 0.70167 0.62569 0.55137 0.47971 0.40761 0.33319 0.25820 0.18463 0.11154 0.03720 0.00000 0.00000 0.00000 0.00000 0.00000 0.00000 0.00000 0.00000 0.00000 0.00000 0.00000 0.00000 0.00000 0.00000 0.00000 0.00000 0.00000 0.00000 0.00000 0.00000 0.00000 0.00000 0.00000 0.00000 0.00000 0.00000 0.00000 0.00000 0.00000 0.00000 0.00000 0.00000 0.00000 0.00000 0.00000 0.00000 0.00000 0.00000 0.00000 0.00000 0.00000 0.00000 0.00000 0.00000 0.00000 0.00000 0.00000 0.00000 0.00000 0.00000 0.00000 0.00000 0.00000 0.00000 0.00000
0.00000 0.00000 0.00000 0.00000 0.00000 0.00000 0.00000 0.00000 0.00000 0.00000 0.00000 0.00000 0.00000 0.00000 0.00000 0.00000 0.00000 0.00000 0.00000 0.00000 0.00000 0.00000 0.00000 0.00000 0.00000 0.00000 0.00000 0.00000 0.00000 0.00000 0.00000 0.00000 0.00000 0.00000 0.00000 0.00000 0.00000 0.00000 0.00000 0.00000 0.00000 0.00000 0.00000 0.00000 0.00000 0.00000 0.00000 0.00000 0.00000 0.00000 0.00000 0.00000 0.00000 0.00000 0.00000 0.00000 0.00000 0.00000 0.00000 0.00000 0.00000 0.00000 0.00000 0.00000 0.00000 0.00187 0.00561 0.00934 0.01305 0.01674 0.02048 0.02424 0.02787 0.03148 0.03519 0.07237 0.14254 0.21209 0.28229 0.35304 0.42177 0.49040 0.56156 0.63137 0.69776 0.73283 0.73490 0.73248 0.72965 0.73029 0.73232 0.73134 0.72829 0.72778 0.72888 0.72843 0.72722 0.72589 0.72544 0.72622 0.72622 0.72337 0.72229 0.72504 0.72531 0.72073 0.72000 0.72388 0.72345 0.71863 0.71825 0.72234 0.72188 0.71709 0.71650 0.72074 0.72042 0.71582 0.71543 0.71920 0.71857 0.71487 0.71511 0.71763 0.71669 0.71448 0.71448 0.71565 0.71613 0.71496 0.71289 0.71346 0.71641 0.71558 0.71162 0.71199 0.71569 0.71580 0.71243 0.71107 0.71333 0.71575 0.71424 0.71079 0.71154 0.71560 0.71506 0.71068 0.71115 0.71559 0.71515 0.71095 0.71180 0.71520 0.71453 0.71246 0.71330 0.71374 0.71375 0.71510 0.71452 0.71240 0.71416 0.71691 0.71484 0.71254 0.71569 0.71783 0.71463 0.71372 0.71780 0.71833 0.71460 0.71596 0.71960 0.71745 0.71625 0.71931 0.71768 0.71698 0.72085 0.72139 0.71764 0.71845 0.72220 0.72005 0.71451 0.71325 0.71037 0.70443 0.70280 0.70206 0.69642 0.69156 0.69113 0.69030 0.68822 0.68880 0.69155 0.69164 0.69024 0.69075 0.69251 0.69366 0.69387 0.69440 0.69773 0.70491 0.70949 0.71095 0.71549 0.72189 0.72518 0.72746 0.73333 0.70082 0.62560 0.55106 0.47984 0.40728 0.33210 0.25808 0.18528 0.11127 0.03701 0.00000 0.00000 0.00000 0.00000 0.00000 0.00000 0.00000 0.00000 0.00000 0.00000 0.00000 0.00000 0.00000 0.00000 0.00000 0.00000 0.00000 0.00000 0.00000 0.00000 0.00000 0.00000 0.00000 0.00000 0.00000 0.00000 0.00000 0.00000 0.00000 0.00000 0.00000 0.00000 0.00000 0.00000 0.00000 0.00000 0.00000 0.00000 0.00000 0.00000 0.00000 0.00000 0.00000 0.00000 0.00000 0.00000 0.00000 0.00000 0.00000 0.00000 0.00000 0.00000 0.00000 0.00000 0.00000
0.00000 0.00000 0.00000 0.00000 0.00000 0.00000 0.00000 0.00000 0.00000 0.00000 0.00000 0.00000 0.00000 0.00000 0.00000 0.00000 0.00000 0.00000 0.00000 0.00000 0.00000 0.00000 0.00000 0.00000 0.00000 0.00000 0.00000 0.00000 0.00000 0.00000 0.00000 0.00000 0.00000 0.00000 0.00000 0.00000 0.00000 0.00000 0.00000 0.00000 0.00000 0.00000 0.00000 0.00000 0.00000 0.00192 0.00573 0.00954 0.01339 0.01717 0.02089 0.02467 0.02853 0.03229 0.03592 0.03775 0.03785 0.03782 0.03767 0.03757 0.03763 0.03764 0.03754 0.03743 0.03741 0.03746 0.03737 0.03728 0.03737 0.03731 0.03716 0.03709 0.03717 0.03718 0.03705 0.07198 0.14237 0.21291 0.28219 0.35120 0.42222 0.49192 0.55913 0.62945 0.70065 0.73268 0.73038 0.73323 0.73121 0.72883 0.73177 0.73172 0.72761 0.72620 0.72941 0.72924 0.72494 0.72422 0.72727 0.72658 0.72291 0.72296 0.72484 0.72332 0.72165 0.72274 0.72206 0.72023 0.72088 0.72160 0.71940 0.71847 0.72005 0.71951 0.71727 0.71773 0.71906 0.71697 0.71553 0.71764 0.71814 0.71448 0.71397 0.71754 0.71747 0.71293 0.71250 0.71667 0.71680 0.71253 0.71184 0.71498 0.71553 0.71342 0.71201 0.71239 0.71423 0.71494 0.71240 0.71056 0.71307 0.71502 0.71289 0.71075 0.71237 0.71413 0.71294 0.71129 0.71258 0.71407 0.71218 0.71113 0.71397 0.71496 0.71089 0.71074 0.71539 0.71573 0.71105 0.71108 0.71530 0.71629 0.71301 0.71170 0.71446 0.71696 0.71512 0.71260 0.71424 0.71745 0.71713 0.71425 0.71422 0.71750 0.71912 0.71708 0.71498 0.71632 0.71978 0.71981 0.71711 0.71687 0.72076 0.72137 0.71815 0.71817 0.72313 0.72343 0.71947 0.71965 0.72324 0.72535 0.72367 0.72150 0.72292 0.72680 0.72671 0.72362 0.72440 0.72846 0.72864 0.72535 0.72664 0.73059 0.73046 0.72882 0.72888 0.72981 0.73256 0.73328 0.73105 0.73054 0.73466 0.73623 0.73374 0.69619 0.62575 0.55410 0.47938 0.40445 0.33155 0.25942 0.18534 0.11074 0.03691 0.00000 0.00000 0.00000 0.00000 0.00000 0.00000 0.00000 0.00000 0.00000 0.00000 0.00000 0.00000 0.00000 0.00000 0.00000 0.00000 0.00000 0.00000 0.00000 0.00000 0.00000 0.00000 0.00000 0.00000 0.00000 0.00000 0.00000 0.00000 0.00000 0.00000 0.00000 0.00000 0.00000 0.00000 0.00000 0.00000 0.00000 0.00000 0.00000 0.00000 0.00000 0.00000 0.00000 0.00000 0.00000 0.00000 0.00000 0.00000 0.00000 0.00000 0.00000 0.00000 0.00000 0.00000 0.00000
0.00000 0.00000 0.00000 0.00000 0.00000 0.00000 0.00000 0.00000 0.00000 0.00000 0.00000 0.00000 0.00000 0.00000 0.00000 0.00000 0.00000 0.00000 0.00000 0.00000 0.00000 0.00000 0.00000 0.00000 0.00000 0.00000 0.00000 0.00000 0.00000 0.00000 0.00000 0.00000 0.00000 0.00000 0.00000 0.00000 0.00000 0.00000 0.00000 0.00000 0.00000 0.00000 0.00000 0.00000 0.00000 0.00575 0.01720 0.02861 0.04006 0.05148 0.06277 0.07406 0.08540 0.09670 0.10795 0.11346 0.11325 0.11312 0.11311 0.11307 0.11274 0.11242 0.11251 0.11267 0.11237 0.11193 0.11194 0.11184 0.11190 0.11200 0.11151 0.11119 0.11132 0.11150 0.11113 0.14208 0.20498 0.26832 0.32999 0.39132 0.45497 0.51802 0.57739 0.63893 0.70408 0.73375 0.73006 0.73209 0.73265 0.72971 0.72855 0.72916 0.72914 0.72843 0.72739 0.72622 0.72588 0.72611 0.72579 0.72388 0.72301 0.72441 0.72471 0.72125 0.72014 0.72326 0.72356 0.71872 0.71813 0.72204 0.72181 0.71676 0.71633 0.72057 0.72020 0.71529 0.71489 0.71912 0.71852 0.71407 0.71434 0.71768 0.71620 0.71331 0.71436 0.71595 0.71476 0.71344 0.71305 0.71361 0.71502 0.71427 0.71115 0.71158 0.71523 0.71465 0.71054 0.71046 0.71375 0.71465 0.71215 0.70984 0.71128 0.71458 0.71366 0.70964 0.71018 0.71453 0.71411 0.70966 0.71032 0.71441 0.71389 0.71063 0.71138 0.71319 0.71305 0.71312 0.71275 0.71149 0.71307 0.71534 0.71329 0.71111 0.71423 0.71635 0.71335 0.71200 0.71590 0.71702 0.71344 0.71357 0.71772 0.71706 0.71407 0.71631 0.71858 0.71627 0.71708 0.71915 0.71637 0.71670 0.71975 0.72048 0.71815 0.71936 0.72123 0.71980 0.72018 0.72352 0.72247 0.71992 0.72266 0.72530 0.72338 0.72230 0.72524 0.72680 0.72482 0.72422 0.72715 0.72899 0.72734 0.72604 0.72735 0.73122 0.73095 0.72815 0.72948 0.73328 0.73238 0.73040 0.73271 0.73555 0.73386 0.69592 0.62545 0.55368 0.47810 0.40413 0.33256 0.25905 0.18435 0.11074 0.03711 0.00000 0.00000 0.00000 0.00000 0.00000 0.00000 0.00000 0.00000 0.00000 0.00000 0.00000 0.00000 0.00000 0.00000 0.00000 0.00000 0.00000 0.00000 0.00000 0.00000 0.00000 0.00000 0.00000 0.00000 0.00000 0.00000 0.00000 0.00000 0.00000 0.00000 0.00000 0.00000 0.00000 0.00000 0.00000 0.00000 0.00000 0.00000 0.00000 0.00000 0.00000 0.00000 0.00000 0.00000 0.00000 0.00000 0.00000 0.00000 0.00000 0.00000 0.00000 0.00000 0.00000 0.00000 0.00000
0.00000 0.00000 0.00000 0.00000 0.00000 0.00000 0.00000 0.00000 0.00000 0.00000 0.00000 0.00000 0.00000 0.00000 0.00000 0.00000 0.00000 0.00000 0.00000 0.00000 0.00000 0.00000 0.00000 0.00000 0.00000 0.00000 0.00000 0.00000 0.00000 0.00000 0.00000 0.00000 0.00000 0.00000 0.00000 0.00000 0.00000 0.00000 0.00000 0.00000 0.00000 0.00000 0.00000 0.00000 0.00000 0.00955 0.02874 0.04779 0.06657 0.08554 0.10483 0.12367 0.14197 0.16071 0.18014 0.18941 0.18845 0.18808 0.18856 0.18853 0.18784 0.18723 0.18732 0.18766 0.18741 0.18654 0.18623 0.18678 0.18640 0.18570 0.18595 0.18604 0.18536 0.18478 0.18516 0.21309 0.26760 0.32201 0.37815 0.43339 0.48671 0.54160 0.59767 0.65083 0.70407 0.73353 0.73173 0.72926 0.73256 0.73204 0.72752 0.72652 0.73004 0.72949 0.72516 0.72444 0.72742 0.72691 0.72287 0.72252 0.72513 0.72432 0.72108 0.72143 0.72267 0.72121 0.72001 0.72079 0.71987 0.71864 0.71934 0.71940 0.71742 0.71716 0.71837 0.71728 0.71559 0.71659 0.71730 0.71471 0.71402 0.71679 0.71654 0.71222 0.71237 0.71634 0.71612 0.71131 0.71105 0.71519 0.71526 0.71145 0.71076 0.71308 0.71397 0.71281 0.71093 0.71036 0.71289 0.71412 0.71127 0.70936 0.71186 0.71354 0.71175 0.70998 0.71137 0.71296 0.71157 0.71023 0.71222 0.71342 0.71031 0.70982 0.71394 0.71437 0.70964 0.70968 0.71440 0.71489 0.71115 0.71026 0.71340 0.71552 0.71342 0.71103 0.71290 0.71615 0.71523 0.71223 0.71302 0.71666 0.71717 0.71402 0.71329 0.71691 0.71862 0.71743 0.71479 0.71495 0.71930 0.71991 0.71650 0.71607 0.72110 0.72152 0.71737 0.71770 0.72236 0.72334 0.72052 0.71944 0.72184 0.72518 0.72404 0.72129 0.72300 0.72687 0.72592 0.72315 0.72542 0.72862 0.72736 0.72572 0.72791 0.72842 0.72933 0.73094 0.72985 0.72830 0.73182 0.73388 0.73176 0.73052 0.73410 0.69965 0.62442 0.54973 0.47804 0.40636 0.33231 0.25751 0.18403 0.11113 0.03708 0.00000 0.00000 0.00000 0.00000 0.00000 0.00000 0.00000 0.00000 0.00000 0.00000 0.00000 0.00000 0.00000 0.00000 0.00000 0.00000 0.00000 0.00000 0.00000 0.00000 0.00000 0.00000 0.00000 0.00000 0.00000 0.00000 0.00000 0.00000 0.00000 0.00000 0.00000 0.00000 0.00000 0.00000 0.00000 0.00000 0.00000 0.00000 0.00000 0.00000 0.00000 0.00000 0.00000 0.00000 0.00000 0.00000 0.00000 0.00000 0.00000 0.00000 0.00000 0.00000 0.00000 0.00000 0.00000
0.00000 0.00000 0.00000 0.00000 0.00000 0.00000 0.00000 0.00000 0.00000 0.00000 0.00000 0.00000 0.00000 0.00000 0.00000 0.00000 0.00000 0.00000 0.00000 0.00000 0.00000 0.00000 0.00000 0.00000 0.00000 0.00000 0.00000 0.00000 0.00000 0.00000 0.00000 0.00000 0.00000 0.00000 0.00000 0.00000 0.00000 0.00000 0.00000 0.00000 0.00000 0.00000 0.00000 0.00000 0.00000 0.01337 0.04012 0.06688 0.09337 0.11976 0.14635 0.17294 0.19916 0.22520 0.25139 0.26457 0.26443 0.26396 0.26323 0.26290 0.26317 0.26316 0.26218 0.26137 0.26179 0.26193 0.26126 0.26109 0.26055 0.25989 0.26007 0.26042 0.25952 0.25856 0.25882 0.28342 0.33033 0.37693 0.42571 0.47419 0.51928 0.56582 0.61622 0.66361 0.70679 0.72997 0.73316 0.73114 0.72867 0.73003 0.72961 0.72825 0.72754 0.72662 0.72617 0.72635 0.72588 0.72393 0.72341 0.72439 0.72412 0.72155 0.72073 0.72279 0.72296 0.71898 0.71810 0.72164 0.72165 0.71663 0.71620 0.72032 0.72001 0.71497 0.71455 0.71885 0.71843 0.71359 0.71329 0.71751 0.71666 0.71247 0.71351 0.71609 0.71351 0.71202 0.71360 0.71405 0.71317 0.71268 0.71149 0.71164 0.71396 0.71341 0.70960 0.71010 0.71385 0.71352 0.70979 0.70921 0.71154 0.71356 0.71192 0.70867 0.70954 0.71352 0.71292 0.70858 0.70910 0.71351 0.71311 0.70899 0.70964 0.71281 0.71258 0.71097 0.71113 0.71097 0.71161 0.71359 0.71216 0.70990 0.71247 0.71491 0.71228 0.71045 0.71393 0.71554 0.71247 0.71172 0.71552 0.71604 0.71294 0.71371 0.71724 0.71571 0.71389 0.71665 0.71891 0.71540 0.71551 0.71879 0.71785 0.71691 0.71857 0.71907 0.71848 0.72076 0.72071 0.71824 0.72011 0.72362 0.72231 0.71989 0.72230 0.72519 0.72377 0.72185 0.72442 0.72729 0.72580 0.72365 0.72572 0.72945 0.72793 0.72572 0.72778 0.73156 0.73000 0.72787 0.73052 0.73355 0.73169 0.73026 0.73330 0.69906 0.62353 0.54936 0.47865 0.40608 0.33082 0.25726 0.18492 0.11097 0.03685 0.00000 0.00000 0.00000 0.00000 0.00000 0.00000 0.00000 0.00000 0.00000 0.00000 0.00000 0.00000 0.00000 0.00000 0.00000 0.00000 0.00000 0.00000 0.00000 0.00000 0.00000 0.00000 0.00000 0.00000 0.00000 0.00000 0.00000 0.00000 0.00000 0.00000 0.00000 0.00000 0.00000 0.00000 0.00000 0.00000 0.00000 0.00000 0.00000 0.00000 0.00000 0.00000 0.00000 0.00000 0.00000 0.00000 0.00000 0.00000 0.00000 0.00000 0.00000 0.00000 0.00000 0.00000 0.00000
0.00000 0.00000 0.00000 0.00000 0.00000 0.00000 0.00000 0.00000 0.00000 0.00000 0.00000 0.00000 0.00000 0.00000 0.00000 0.00000 0.00000 0.00000 0.00000 0.00000 0.00000 0.00000 0.00000 0.00000 0.00000 0.00000 0.00000 0.00000 0.00000 0.00000 0.00000 0.00000 0.00000 0.00000 0.00000 0.00000 0.00000 0.00000 0.00000 0.00000 0.00000 0.00000 0.00000 0.00000 0.00000 0.01724 0.05144 0.08567 0.12029 0.15437 0.18767 0.22158 0.25647 0.29026 0.32260 0.33908 0.34014 0.33993 0.33827 0.33740 0.33800 0.33838 0.33742 0.33593 0.33559 0.33689 0.33647 0.33453 0.33462 0.33534 0.33419 0.33299 0.33364 0.33389 0.33244 0.35175 0.39333 0.43391 0.47247 0.51239 0.55374 0.59288 0.63181 0.67321 0.71229 0.72992 0.73200 0.73228 0.72787 0.72684 0.73044 0.72987 0.72538 0.72465 0.72757 0.72716 0.72323 0.72258 0.72507 0.72471 0.72111 0.72075 0.72288 0.72207 0.71948 0.71977 0.72031 0.71913 0.71879 0.71896 0.71742 0.71689 0.71808 0.71749 0.71535 0.71557 0.71682 0.71550 0.71390 0.71500 0.71571 0.71273 0.71241 0.71583 0.71519 0.71078 0.71069 0.71497 0.71485 0.70990 0.70976 0.71374 0.71373 0.71036 0.70970 0.71135 0.71262 0.71209 0.70981 0.70864 0.71158 0.71290 0.71032 0.70855 0.71058 0.71213 0.71071 0.70920 0.71065 0.71198 0.70994 0.70920 0.71223 0.71284 0.70869 0.70848 0.71343 0.71340 0.70918 0.70887 0.71272 0.71405 0.71172 0.70950 0.71149 0.71479 0.71368 0.71042 0.71161 0.71556 0.71528 0.71169 0.71197 0.71637 0.71703 0.71339 0.71278 0.71732 0.71798 0.71592 0.71468 0.71552 0.71910 0.71963 0.71573 0.71576 0.72109 0.72140 0.71749 0.71747 0.72102 0.72317 0.72122 0.71929 0.72156 0.72507 0.72343 0.72122 0.72384 0.72694 0.72468 0.72366 0.72656 0.72675 0.72635 0.72905 0.72865 0.72594 0.72887 0.73174 0.73012 0.72822 0.73173 0.73418 0.73204 0.69408 0.62389 0.55244 0.47785 0.40322 0.33083 0.25853 0.18475 0.11044 0.03681 0.00000 0.00000 0.00000 0.00000 0.00000 0.00000 0.00000 0.00000 0.00000 0.00000 0.00000 0.00000 0.00000 0.00000 0.00000 0.00000 0.00000 0.00000 0.00000 0.00000 0.00000 0.00000 0.00000 0.00000 0.00000 0.00000 0.00000 0.00000 0.00000 0.00000 0.00000 0.00000 0.00000 0.00000 0.00000 0.00000 0.00000 0.00000 0.00000 0.00000 0.00000 0.00000 0.00000 0.00000 0.00000 0.00000 0.00000 0.00000 0.00000 0.00000 0.00000 0.00000 0.00000 0.00000 0.00000
0.00000 0.00000 0.00000 0.00000 0.00000 0.00000 0.00000 0.00000 0.00000 0.00000 0.00000 0.00000 0.00000 0.00000 0.00000 0.00000 0.00000 0.00000 0.00000 0.00000 0.00000 0.00000 0.00000 0.00000 0.00000 0.00000 0.00000 0.00000 0.00000 0.00000 0.00000 0.00000 0.00000 0.00000 0.00000 0.00000 0.00000 0.00000 0.00000 0.00000 0.00000 0.00000 0.00000 0.00000 0.00000 0.02106 0.06302 0.10470 0.14656 0.18854 0.22991 0.27090 0.31236 0.35418 0.39544 0.41506 0.41413 0.41414 0.41449 0.41375 0.41203 0.41146 0.41255 0.41231 0.41042 0.40959 0.41048 0.40947 0.40887 0.40951 0.40848 0.40680 0.40706 0.40797 0.40656 0.42145 0.45535 0.48940 0.52003 0.55162 0.58703 0.61995 0.64888 0.68105 0.71729 0.73271 0.72866 0.72930 0.73044 0.72866 0.72732 0.72699 0.72681 0.72664 0.72594 0.72385 0.72375 0.72485 0.72401 0.72141 0.72120 0.72286 0.72235 0.71919 0.71848 0.72123 0.72124 0.71666 0.71608 0.72008 0.71981 0.71480 0.71438 0.71855 0.71825 0.71334 0.71285 0.71715 0.71678 0.71198 0.71169 0.71589 0.71348 0.71104 0.71420 0.71431 0.71106 0.71114 0.71262 0.71193 0.71179 0.71206 0.71009 0.70988 0.71275 0.71242 0.70824 0.70873 0.71203 0.71250 0.70984 0.70790 0.70921 0.71254 0.71160 0.70759 0.70814 0.71252 0.71217 0.70766 0.70807 0.71234 0.71233 0.70881 0.70899 0.71098 0.71043 0.71126 0.71132 0.70919 0.71021 0.71355 0.71174 0.70894 0.71166 0.71395 0.71177 0.71021 0.71317 0.71462 0.71213 0.71170 0.71479 0.71484 0.71279 0.71418 0.71657 0.71437 0.71346 0.71690 0.71833 0.71490 0.71507 0.71818 0.71787 0.71762 0.71818 0.71740 0.71832 0.72142 0.72058 0.71774 0.71984 0.72344 0.72244 0.71966 0.72174 0.72535 0.72470 0.72150 0.72316 0.72731 0.72679 0.72360 0.72625 0.72940 0.72711 0.72564 0.72890 0.73152 0.72912 0.72790 0.73112 0.73356 0.73158 0.69385 0.62351 0.55203 0.47676 0.40292 0.33156 0.25846 0.18369 0.11032 0.03700 0.00000 0.00000 0.00000 0.00000 0.00000 0.00000 0.00000 0.00000 0.00000 0.00000 0.00000 0.00000 0.00000 0.00000 0.00000 0.00000 0.00000 0.00000 0.00000 0.00000 0.00000 0.00000 0.00000 0.00000 0.00000 0.00000 0.00000 0.00000 0.00000 0.00000 0.00000 0.00000 0.00000 0.00000 0.00000 0.00000 0.00000 0.00000 0.00000 0.00000 0.00000 0.00000 0.00000 0.00000 0.00000 0.00000 0.00000 0.00000 0.00000 0.00000 0.00000 0.00000 0.00000 0.00000 0.00000
0.00000 0.00000 0.00000 0.00000 0.00000 0.00000 0.00000 0.00000 0.00000 0.00000 0.00000 0.00000 0.00000 0.00000 0.00000 0.00000 0.00000 0.00000 0.00000 0.00000 0.00000 0.00000 0.00000 0.00000 0.00000 0.00000 0.00000 0.00000 0.00000 0.00000 0.00000 0.00000 0.00000 0.00000 0.00000 0.00000 0.00000 0.00000 0.00000 0.00000 0.00000 0.00000 0.00000 0.00000 0.00000 0.02479 0.07460 0.12412 0.17279 0.22194 0.27213 0.32113 0.36839 0.41702 0.46763 0.49178 0.48901 0.48818 0.48941 0.48941 0.48739 0.48587 0.48614 0.48728 0.48606 0.48368 0.48323 0.48518 0.48356 0.48149 0.48241 0.48293 0.48069 0.47928 0.48071 0.49365 0.51693 0.54189 0.56911 0.59390 0.61743 0.64383 0.66917 0.69255 0.71852 0.73237 0.72889 0.72730 0.73043 0.73032 0.72566 0.72474 0.72780 0.72762 0.72370 0.72269 0.72490 0.72501 0.72170 0.72056 0.72272 0.72260 0.71947 0.71893 0.72063 0.71983 0.71813 0.71827 0.71760 0.71700 0.71804 0.71733 0.71488 0.71505 0.71685 0.71587 0.71337 0.71351 0.71536 0.71484 0.71219 0.71210 0.71436 0.71253 0.71060 0.71372 0.71411 0.70971 0.70911 0.71356 0.71340 0.70854 0.70871 0.71247 0.71224 0.70902 0.70870 0.71000 0.71121 0.71160 0.70900 0.70737 0.71003 0.71140 0.70965 0.70807 0.70938 0.71082 0.70953 0.70858 0.71031 0.71085 0.70828 0.70856 0.71200 0.71172 0.70764 0.70795 0.71236 0.71222 0.70920 0.70843 0.71036 0.71325 0.71241 0.70889 0.70992 0.71421 0.71376 0.70982 0.71055 0.71519 0.71527 0.71110 0.71118 0.71614 0.71659 0.71284 0.71273 0.71637 0.71733 0.71635 0.71437 0.71472 0.71915 0.71946 0.71521 0.71550 0.72031 0.72121 0.71808 0.71733 0.72040 0.72301 0.72093 0.71928 0.72211 0.72500 0.72238 0.72187 0.72476 0.72439 0.72383 0.72739 0.72706 0.72386 0.72613 0.72967 0.72857 0.72606 0.72919 0.73200 0.72987 0.72831 0.73209 0.69755 0.62229 0.54800 0.47718 0.40513 0.33099 0.25670 0.18381 0.11073 0.03698 0.00000 0.00000 0.00000 0.00000 0.00000 0.00000 0.00000 0.00000 0.00000 0.00000 0.00000 0.00000 0.00000 0.00000 0.00000 0.00000 0.00000 0.00000 0.00000 0.00000 0.00000 0.00000 0.00000 0.00000 0.00000 0.00000 0.00000 0.00000 0.00000 0.00000 0.00000 0.00000 0.00000 0.00000 0.00000 0.00000 0.00000 0.00000 0.00000 0.00000 0.00000 0.00000 0.00000 0.00000 0.00000 0.00000 0.00000 0.00000 0.00000 0.00000 0.00000 0.00000 0.00000 0.00000 0.00000
0.00000 0.00000 0.00000 0.00000 0.00000 0.00000 0.00000 0.00000 0.00000 0.00000 0.00000 0.00000 0.00000 0.00000 0.00000 0.00000 0.00000 0.00000 0.00000 0.00000 0.00000 0.00000 0.00000 0.00000 0.00000 0.00000 0.00000 0.00000 0.00000 0.00000 0.00000 0.00000 0.00000 0.00000 0.00000 0.00000 0.00000 0.00000 0.00000 0.00000 0.00000 0.00000 0.00000 0.00000 0.00000 0.02860 0.08576 0.14313 0.19990 0.25607 0.31286 0.37011 0.42637 0.48155 0.53737 0.56602 0.56620 0.56456 0.56252 0.56238 0.56375 0.56269 0.55982 0.55902 0.56114 0.55995 0.55757 0.55878 0.55829 0.55557 0.55534 0.55699 0.55542 0.55276 0.55319 0.56383 0.57997 0.59623 0.61631 0.63512 0.64968 0.66679 0.68846 0.70603 0.71976 0.72876 0.73137 0.72958 0.72683 0.72722 0.72796 0.72685 0.72560 0.72403 0.72443 0.72531 0.72396 0.72116 0.72166 0.72340 0.72196 0.71911 0.71910 0.72115 0.72063 0.71697 0.71623 0.71958 0.71956 0.71472 0.71420 0.71824 0.71805 0.71344 0.71263 0.71667 0.71646 0.71180 0.71149 0.71548 0.71434 0.71050 0.71350 0.71417 0.71018 0.71000 0.71373 0.71215 0.70948 0.71077 0.71152 0.70970 0.71023 0.71144 0.70921 0.70821 0.71124 0.71154 0.70819 0.70725 0.70865 0.71158 0.71047 0.70666 0.70735 0.71156 0.71116 0.70659 0.70690 0.71159 0.71157 0.70700 0.70698 0.71098 0.71145 0.70863 0.70956 0.70962 0.70784 0.71090 0.71171 0.70783 0.70897 0.71216 0.71152 0.70907 0.71063 0.71290 0.71159 0.71016 0.71224 0.71359 0.71194 0.71198 0.71410 0.71343 0.71236 0.71479 0.71634 0.71328 0.71248 0.71692 0.71764 0.71482 0.71511 0.71717 0.71729 0.71847 0.71827 0.71632 0.71800 0.72148 0.72055 0.71759 0.71966 0.72338 0.72262 0.71945 0.72143 0.72519 0.72470 0.72154 0.72390 0.72715 0.72465 0.72360 0.72742 0.72940 0.72634 0.72562 0.72948 0.73143 0.72916 0.72816 0.73104 0.69690 0.62225 0.54794 0.47678 0.40495 0.32993 0.25651 0.18431 0.11082 0.03672 0.00000 0.00000 0.00000 0.00000 0.00000 0.00000 0.00000 0.00000 0.00000 0.00000 0.00000 0.00000 0.00000 0.00000 0.00000 0.00000 0.00000 0.00000 0.00000 0.00000 0.00000 0.00000 0.00000 0.00000 0.00000 0.00000 0.00000 0.00000 0.00000 0.00000 0.00000 0.00000 0.00000 0.00000 0.00000 0.00000 0.00000 0.00000 0.00000 0.00000 0.00000 0.00000 0.00000 0.00000 0.00000 0.00000 0.00000 0.00000 0.00000 0.00000 0.00000 0.00000 0.00000 0.00000 0.00000
0.00000 0.00000 0.00000 0.00000 0.00000 0.00000 0.00000 0.00000 0.00000 0.00000 0.00000 0.00000 0.00000 0.00000 0.00000 0.00000 0.00000 0.00000 0.00000 0.00000 0.00000 0.00000 0.00000 0.00000 0.00000 0.00000 0.00000 0.00000 0.00000 0.00000 0.00000 0.00000 0.00000 0.00000 0.00000 0.00000 0.00000 0.00000 0.00000 0.00000 0.00000 0.00000 0.00000 0.00000 0.00000 0.03253 0.09701 0.16150 0.22684 0.29123 0.35383 0.41773 0.48362 0.54747 0.60827 0.63940 0.64129 0.64096 0.63778 0.63645 0.63745 0.63775 0.63535 0.63350 0.63399 0.63505 0.63246 0.63046 0.63229 0.63231 0.62917 0.62747 0.62949 0.62945 0.62596 0.63026 0.64366 0.65406 0.66161 0.67277 0.68495 0.69391 0.70338 0.71577 0.72478 0.72831 0.73025 0.73037 0.72610 0.72506 0.72814 0.72818 0.72392 0.72268 0.72496 0.72548 0.72243 0.72054 0.72231 0.72301 0.72009 0.71839 0.72064 0.72059 0.71762 0.71737 0.71835 0.71736 0.71730 0.71696 0.71453 0.71498 0.71719 0.71564 0.71260 0.71327 0.71555 0.71467 0.71152 0.71097 0.71402 0.71453 0.71034 0.71115 0.71334 0.71103 0.70871 0.71211 0.71292 0.70849 0.70788 0.71216 0.71174 0.70728 0.70790 0.71157 0.71060 0.70749 0.70802 0.70857 0.70944 0.71040 0.70861 0.70725 0.70837 0.70989 0.70897 0.70770 0.70849 0.70926 0.70818 0.70856 0.71006 0.70849 0.70699 0.70944 0.71137 0.70913 0.70699 0.70877 0.71094 0.71095 0.71120 0.70810 0.70799 0.71246 0.71267 0.70842 0.70887 0.71368 0.71364 0.70931 0.70971 0.71478 0.71505 0.71058 0.71082 0.71550 0.71583 0.71287 0.71280 0.71471 0.71695 0.71689 0.71383 0.71401 0.71908 0.71933 0.71511 0.71533 0.71967 0.72106 0.71814 0.71723 0.72064 0.72300 0.72012 0.71950 0.72288 0.72398 0.72158 0.72427 0.72520 0.72209 0.72368 0.72759 0.72689 0.72416 0.72666 0.72976 0.72800 0.72619 0.72990 0.73208 0.72957 0.69208 0.62260 0.55064 0.47598 0.40194 0.33039 0.25771 0.18402 0.11018 0.03676 0.00000 0.00000 0.00000 0.00000 0.00000 0.00000 0.00000 0.00000 0.00000 0.00000 0.00000 0.00000 0.00000 0.00000 0.00000 0.00000 0.00000 0.00000 0.00000 0.00000 0.00000 0.00000 0.00000 0.00000 0.00000 0.00000 0.00000 0.00000 0.00000 0.00000 0.00000 0.00000 0.00000 0.00000 0.00000 0.00000 0.00000 0.00000 0.00000 0.00000 0.00000 0.00000 0.00000 0.00000 0.00000 0.00000 0.00000 0.00000 0.00000 0.00000 0.00000 0.00000 0.00000 0.00000 0.00000
0.00000 0.00000 0.00000 0.00000 0.00000 0.00000 0.00000 0.00000 0.00000 0.00000 0.00000 0.00000 0.00000 0.00000 0.00000 0.00000 0.00000 0.00000 0.00000 0.00000 0.00000 0.00000 0.00000 0.00000 0.00000 0.00000 0.00000 0.00000 0.00000 0.00000 0.00000 0.00000 0.00000 0.00000 0.00000 0.00000 0.00000 0.00000 0.00000 0.00000 0.00000 0.00000 0.00000 0.00000 0.00000 0.03633 0.10876 0.18046 0.25257 0.32521 0.39667 0.46698 0.53840 0.61067 0.68219 0.71587 0.71379 0.71384 0.71515 0.71338 0.71001 0.70966 0.71190 0.71018 0.70667 0.70714 0.70857 0.70493 0.70373 0.70646 0.70494 0.70110 0.70092 0.70321 0.70119 0.69983 0.70423 0.70928 0.70975 0.71149 0.71783 0.72112 0.72037 0.72311 0.73034 0.73051 0.72671 0.72751 0.72914 0.72702 0.72491 0.72463 0.72566 0.72541 0.72361 0.72125 0.72237 0.72397 0.72169 0.71894 0.71988 0.72156 0.71978 0.71726 0.71690 0.71905 0.71926 0.71523 0.71411 0.71751 0.71792 0.71416 0.71245 0.71584 0.71626 0.71216 0.71090 0.71481 0.71426 0.71035 0.71194 0.71374 0.71050 0.70932 0.71327 0.71212 0.70837 0.70963 0.71240 0.70958 0.70788 0.71058 0.71078 0.70760 0.70793 0.71080 0.70982 0.70656 0.70704 0.71075 0.71059 0.70588 0.70640 0.71067 0.71031 0.70569 0.70594 0.71060 0.71055 0.70571 0.70583 0.71058 0.71074 0.70640 0.70658 0.70996 0.70804 0.70765 0.71116 0.70975 0.70687 0.70892 0.71156 0.70916 0.70798 0.71050 0.71120 0.70923 0.70974 0.71194 0.71128 0.71017 0.71161 0.71240 0.71143 0.71253 0.71387 0.71205 0.71139 0.71518 0.71622 0.71266 0.71231 0.71652 0.71665 0.71517 0.71561 0.71597 0.71660 0.71892 0.71837 0.71597 0.71789 0.72136 0.72030 0.71755 0.72003 0.72313 0.72165 0.71955 0.72288 0.72497 0.72209 0.72160 0.72586 0.72722 0.72383 0.72351 0.72796 0.72939 0.72641 0.72590 0.72923 0.73133 0.73014 0.69210 0.62077 0.55030 0.47636 0.40193 0.33016 0.25782 0.18307 0.10998 0.03690 0.00000 0.00000 0.00000 0.00000 0.00000 0.00000 0.00000 0.00000 0.00000 0.00000 0.00000 0.00000 0.00000 0.00000 0.00000 0.00000 0.00000 0.00000 0.00000 0.00000 0.00000 0.00000 0.00000 0.00000 0.00000 0.00000 0.00000 0.00000 0.00000 0.00000 0.00000 0.00000 0.00000 0.00000 0.00000 0.00000 0.00000 0.00000 0.00000 0.00000 0.00000 0.00000 0.00000 0.00000 0.00000 0.00000 0.00000 0.00000 0.00000 0.00000 0.00000 0.00000 0.00000 0.00000 0.00000
0.00000 0.00000 0.00000 0.00000 0.00000 0.00000 0.00000 0.00000 0.00000 0.00000 0.00000 0.00000 0.00000 0.00000 0.00000 0.00000 0.00000 0.00000 0.00000 0.00000 0.00000 0.00000 0.00000 0.00000 0.00000 0.00000 0.00000 0.00000 0.00000 0.00000 0.00000 0.00000 0.00000 0.00000 0.00000 0.00000 0.00000 0.00000 0.00000 0.00000 0.00000 0.00000 0.00000 0.00000 0.00000 0.03616 0.10883 0.18116 0.25210 0.32379 0.39704 0.46862 0.53751 0.60844 0.68212 0.71942 0.71938 0.72169 0.72696 0.73079 0.73140 0.73340 0.73826 0.74212 0.74244 0.74288 0.74561 0.74456 0.74050 0.73921 0.74194 0.74138 0.73709 0.73571 0.73871 0.73811 0.73359 0.73288 0.73570 0.73420 0.73050 0.73177 0.73200 0.72963 0.72963 0.73023 0.72673 0.72598 0.72872 0.72829 0.72385 0.72293 0.72560 0.72605 0.72263 0.72055 0.72219 0.72347 0.72094 0.71821 0.72029 0.72117 0.71786 0.71622 0.71906 0.71807 0.71531 0.71663 0.71582 0.71496 0.71733 0.71539 0.71214 0.71348 0.71588 0.71358 0.71072 0.71154 0.71418 0.71402 0.70971 0.70957 0.71289 0.71183 0.70835 0.71030 0.71239 0.70938 0.70722 0.71054 0.71122 0.70756 0.70723 0.71045 0.70985 0.70669 0.70735 0.70949 0.70871 0.70817 0.70771 0.70714 0.70753 0.70879 0.70827 0.70681 0.70698 0.70826 0.70802 0.70758 0.70793 0.70723 0.70686 0.70930 0.70953 0.70622 0.70630 0.71025 0.71032 0.70762 0.70802 0.70877 0.70730 0.70990 0.71148 0.70762 0.70712 0.71185 0.71230 0.70791 0.70815 0.71322 0.71339 0.70880 0.70912 0.71420 0.71447 0.71038 0.71085 0.71439 0.71511 0.71379 0.71260 0.71323 0.71696 0.71732 0.71329 0.71346 0.71874 0.71920 0.71526 0.71523 0.71959 0.72102 0.71767 0.71724 0.72124 0.72298 0.71935 0.72009 0.72337 0.72133 0.72136 0.72542 0.72511 0.72242 0.72421 0.72750 0.72624 0.72432 0.72759 0.73008 0.72743 0.72635 0.73048 0.69697 0.62559 0.55626 0.48901 0.42011 0.34990 0.28026 0.21100 0.14150 0.07185 0.03498 0.03123 0.02762 0.02406 0.02035 0.01658 0.01292 0.00928 0.00557 0.00185 0.00000 0.00000 0.00000 0.00000 0.00000 0.00000 0.00000 0.00000 0.00000 0.00000 0.00000 0.00000 0.00000 0.00000 0.00000 0.00000 0.00000 0.00000 0.00000 0.00000 0.00000 0.00000 0.00000 0.00000 0.00000 0.00000 0.00000 0.00000 0.00000 0.00000 0.00000 0.00000 0.00000 0.00000 0.00000 0.00000 0.00000 0.00000 0.00000 0.00000 0.00000 0.00000 0.00000 0.00000 0.00000
0.00000 0.00000 0.00000 0.00000 0.00000 0.00000 0.00000 0.00000 0.00000 0.00000 0.00000 0.00000 0.00000 0.00000 0.00000 0.00000 0.00000 0.00000 0.00000 0.00000 0.00000 0.00000 0.00000 0.00000 0.00000 0.00000 0.00000 0.00000 0.00000 0.00000 0.00000 0.00000 0.00000 0.00000 0.00000 0.00000 0.00000 0.00000 0.00000 0.00000 0.00000 0.00000 0.00000 0.00000 0.00000 0.03234 0.09700 0.16199 0.22624 0.28963 0.35399 0.41867 0.48238 0.54514 0.60809 0.64549 0.65750 0.66747 0.67571 0.68652 0.69970 0.70935 0.71689 0.72831 0.74127 0.74398 0.74136 0.74387 0.74330 0.73920 0.73826 0.74096 0.73953 0.73568 0.73542 0.73753 0.73549 0.73270 0.73361 0.73420 0.73074 0.72955 0.73252 0.73134 0.72715 0.72806 0.72998 0.72708 0.72459 0.72581 0.72696 0.72504 0.72293 0.72188 0.72351 0.72413 0.72134 0.71908 0.72072 0.72209 0.71901 0.71718 0.71842 0.71913 0.71777 0.71655 0.71423 0.71552 0.71785 0.71672 0.71240 0.71392 0.71620 0.71341 0.71087 0.71361 0.71427 0.71082 0.71111 0.71299 0.71016 0.70911 0.71267 0.71180 0.70802 0.70872 0.71208 0.70958 0.70686 0.70966 0.71115 0.70710 0.70619 0.71015 0.71028 0.70583 0.70571 0.71006 0.71019 0.70515 0.70530 0.70986 0.70972 0.70483 0.70502 0.70963 0.70957 0.70477 0.70480 0.70970 0.70972 0.70487 0.70514 0.70960 0.70887 0.70566 0.70784 0.70964 0.70667 0.70623 0.71031 0.71071 0.70608 0.70720 0.71077 0.70943 0.70747 0.70973 0.71045 0.70881 0.70943 0.71115 0.71052 0.71032 0.71157 0.71113 0.71040 0.71303 0.71405 0.71109 0.71046 0.71508 0.71568 0.71257 0.71289 0.71566 0.71550 0.71578 0.71614 0.71516 0.71620 0.71898 0.71818 0.71600 0.71832 0.72102 0.71927 0.71777 0.72174 0.72279 0.71962 0.71971 0.72466 0.72501 0.72161 0.72147 0.72623 0.72734 0.72387 0.72369 0.72776 0.72927 0.72746 0.72636 0.72794 0.70030 0.63839 0.57390 0.51255 0.45333 0.39016 0.32710 0.26640 0.20445 0.14112 0.10455 0.09412 0.08300 0.07176 0.06087 0.04996 0.03880 0.02775 0.01668 0.00556 0.00000 0.00000 0.00000 0.00000 0.00000 0.00000 0.00000 0.00000 0.00000 0.00000 0.00000 0.00000 0.00000 0.00000 0.00000 0.00000 0.00000 0.00000 0.00000 0.00000 0.00000 0.00000 0.00000 0.00000 0.00000 0.00000 0.00000 0.00000 0.00000 0.00000 0.00000 0.00000 0.00000 0.00000 0.00000 0.00000 0.00000 0.00000 0.00000 0.00000 0.00000 0.00000 0.00000 0.00000 0.00000
0.00000 0.00000 0.00000 0.00000 0.00000 0.00000 0.00000 0.00000 0.00000 0.00000 0.00000 0.00000 0.00000 0.00000 0.00000 0.00000 0.00000 0.00000 0.00000 0.00000 0.00000 0.00000 0.00000 0.00000 0.00000 0.00000 0.00000 0.00000 0.00000 0.00000 0.00000 0.00000 0.00000 0.00000 0.00000 0.00000 0.00000 0.00000 0.00000 0.00000 0.00000 0.00000 0.00000 0.00000 0.00000 0.02866 0.08548 0.14227 0.19978 0.25652 0.31167 0.36802 0.42589 0.48218 0.53618 0.57259 0.59264 0.61165 0.62777 0.64458 0.66433 0.68336 0.69902 0.71603 0.73659 0.74528 0.74108 0.74026 0.74334 0.74214 0.73779 0.73668 0.73972 0.73894 0.73432 0.73327 0.73662 0.73564 0.73099 0.73093 0.73347 0.73112 0.72802 0.73021 0.72874 0.72706 0.72956 0.72816 0.72406 0.72372 0.72658 0.72623 0.72216 0.72080 0.72297 0.72393 0.72118 0.71835 0.72014 0.72159 0.71857 0.71610 0.71914 0.71917 0.71523 0.71616 0.71811 0.71444 0.71429 0.71575 0.71345 0.71328 0.71550 0.71295 0.71054 0.71292 0.71434 0.71047 0.70902 0.71111 0.71283 0.71097 0.70790 0.70961 0.71184 0.70961 0.70670 0.70909 0.71087 0.70815 0.70642 0.70868 0.70918 0.70711 0.70676 0.70817 0.70789 0.70687 0.70694 0.70700 0.70679 0.70749 0.70741 0.70615 0.70590 0.70730 0.70758 0.70640 0.70609 0.70658 0.70683 0.70763 0.70749 0.70540 0.70583 0.70935 0.70868 0.70502 0.70618 0.70966 0.70847 0.70648 0.70870 0.70820 0.70648 0.70964 0.71105 0.70666 0.70644 0.71158 0.71174 0.70728 0.70759 0.71275 0.71305 0.70843 0.70884 0.71339 0.71378 0.71100 0.71083 0.71277 0.71489 0.71505 0.71198 0.71197 0.71708 0.71735 0.71297 0.71331 0.71852 0.71911 0.71516 0.71518 0.71988 0.72094 0.71705 0.71764 0.72173 0.72110 0.71899 0.72240 0.72345 0.72075 0.72177 0.72535 0.72450 0.72245 0.72523 0.72786 0.72552 0.72449 0.72833 0.72995 0.72724 0.70036 0.64850 0.59332 0.53833 0.48512 0.43028 0.37499 0.32099 0.26641 0.21082 0.17427 0.15676 0.13832 0.11937 0.10120 0.08330 0.06484 0.04609 0.02768 0.00929 0.00000 0.00000 0.00000 0.00000 0.00000 0.00000 0.00000 0.00000 0.00000 0.00000 0.00000 0.00000 0.00000 0.00000 0.00000 0.00000 0.00000 0.00000 0.00000 0.00000 0.00000 0.00000 0.00000 0.00000 0.00000 0.00000 0.00000 0.00000 0.00000 0.00000 0.00000 0.00000 0.00000 0.00000 0.00000 0.00000 0.00000 0.00000 0.00000 0.00000 0.00000 0.00000 0.00000 0.00000 0.00000
0.00000 0.00000 0.00000 0.00000 0.00000 0.00000 0.00000 0.00000 0.00000 0.00000 0.00000 0.00000 0.00000 0.00000 0.00000 0.00000 0.00000 0.00000 0.00000 0.00000 0.00000 0.00000 0.00000 0.00000 0.00000 0.00000 0.00000 0.00000 0.00000 0.00000 0.00000 0.00000 0.00000 0.00000 0.00000 0.00000 0.00000 0.00000 0.00000 0.00000 0.00000 0.00000 0.00000 0.00000 0.00000 0.02482 0.07428 0.12323 0.17262 0.22212 0.27078 0.31917 0.36809 0.41663 0.46560 0.50296 0.52727 0.55260 0.58021 0.60573 0.62861 0.65436 0.68235 0.70660 0.72930 0.74365 0.74427 0.74072 0.73894 0.74153 0.74068 0.73674 0.73589 0.73826 0.73702 0.73361 0.73307 0.73469 0.73290 0.73097 0.73187 0.73089 0.72784 0.72925 0.73052 0.72631 0.72492 0.72774 0.72775 0.72428 0.72248 0.72340 0.72482 0.72360 0.72080 0.71964 0.72173 0.72235 0.71863 0.71725 0.71972 0.71960 0.71577 0.71629 0.71768 0.71588 0.71685 0.71689 0.71283 0.71216 0.71615 0.71515 0.71077 0.71191 0.71407 0.71197 0.71078 0.71172 0.71038 0.70949 0.71271 0.71114 0.70743 0.70814 0.71159 0.70959 0.70638 0.70848 0.71066 0.70697 0.70546 0.70935 0.70994 0.70522 0.70479 0.70934 0.70946 0.70439 0.70435 0.70908 0.70899 0.70396 0.70405 0.70875 0.70869 0.70392 0.70384 0.70864 0.70873 0.70379 0.70385 0.70882 0.70860 0.70409 0.70484 0.70882 0.70760 0.70480 0.70712 0.70939 0.70631 0.70497 0.70918 0.70992 0.70566 0.70654 0.70914 0.70810 0.70786 0.70975 0.70924 0.70827 0.70978 0.71036 0.70921 0.71064 0.71196 0.71006 0.70907 0.71312 0.71414 0.71074 0.71051 0.71450 0.71455 0.71301 0.71393 0.71462 0.71458 0.71623 0.71632 0.71488 0.71626 0.71869 0.71757 0.71631 0.71942 0.72051 0.71781 0.71813 0.72288 0.72263 0.71934 0.71957 0.72431 0.72518 0.72184 0.72152 0.72600 0.72728 0.72471 0.72417 0.72671 0.72926 0.72909 0.70305 0.65590 0.61284 0.56556 0.51569 0.46941 0.42424 0.37517 0.32724 0.28124 0.24471 0.21833 0.19291 0.16785 0.14186 0.11608 0.09048 0.06469 0.03881 0.01297 0.00000 0.00000 0.00000 0.00000 0.00000 0.00000 0.00000 0.00000 0.00000 0.00000 0.00000 0.00000 0.00000 0.00000 0.00000 0.00000 0.00000 0.00000 0.00000 0.00000 0.00000 0.00000 0.00000 0.00000 0.00000 0.00000 0.00000 0.00000 0.00000 0.00000 0.00000 0.00000 0.00000 0.00000 0.00000 0.00000 0.00000 0.00000 0.00000 0.00000 0.00000 0.00000 0.00000 0.00000 0.00000
0.00000 0.00000 0.00000 0.00000 0.00000 0.00000 0.00000 0.00000 0.00000 0.00000 0.00000 0.00000 0.00000 0.00000 0.00000 0.00000 0.00000 0.00000 0.00000 0.00000 0.00000 0.00000 0.00000 0.00000 0.00000 0.00000 0.00000 0.00000 0.00000 0.00000 0.00000 0.00000 0.00000 0.00000 0.00000 0.00000 0.00000 0.00000 0.00000 0.00000 0.00000 0.00000 0.00000 0.00000 0.00000 0.02091 0.06288 0.10468 0.14571 0.18725 0.22945 0.27072 0.31093 0.35184 0.39382 0.43156 0.46388 0.49582 0.53009 0.56458 0.59600 0.62747 0.66233 0.69602 0.72587 0.74121 0.74405 0.74298 0.73858 0.73762 0.74078 0.73977 0.73516 0.73418 0.73745 0.73650 0.73177 0.73081 0.73434 0.73295 0.72872 0.73029 0.73090 0.72772 0.72799 0.72857 0.72541 0.72461 0.72724 0.72603 0.72182 0.72157 0.72432 0.72410 0.72058 0.71876 0.72088 0.72184 0.71882 0.71655 0.71915 0.71923 0.71560 0.71574 0.71823 0.71452 0.71317 0.71693 0.71581 0.71233 0.71365 0.71345 0.71145 0.71284 0.71377 0.70992 0.70889 0.71285 0.71275 0.70879 0.70739 0.71036 0.71149 0.70883 0.70622 0.70857 0.71057 0.70800 0.70546 0.70756 0.70896 0.70723 0.70587 0.70679 0.70730 0.70668 0.70612 0.70618 0.70620 0.70646 0.70635 0.70559 0.70526 0.70625 0.70671 0.70546 0.70481 0.70589 0.70654 0.70599 0.70557 0.70518 0.70555 0.70727 0.70702 0.70433 0.70502 0.70857 0.70777 0.70430 0.70580 0.70932 0.70736 0.70604 0.70804 0.70566 0.70557 0.71010 0.71010 0.70586 0.70626 0.71131 0.71143 0.70692 0.70715 0.71204 0.71260 0.70888 0.70876 0.71202 0.71341 0.71267 0.71037 0.71089 0.71509 0.71550 0.71136 0.71147 0.71700 0.71726 0.71294 0.71324 0.71853 0.71903 0.71484 0.71527 0.72021 0.72007 0.71663 0.71930 0.72194 0.71924 0.71910 0.72328 0.72295 0.72035 0.72285 0.72574 0.72366 0.72252 0.72608 0.72854 0.72520 0.72497 0.72862 0.70794 0.66751 0.62983 0.58997 0.54823 0.50964 0.47141 0.43007 0.38917 0.35078 0.31457 0.28028 0.24757 0.21583 0.18279 0.14883 0.11589 0.08331 0.05005 0.01660 0.00000 0.00000 0.00000 0.00000 0.00000 0.00000 0.00000 0.00000 0.00000 0.00000 0.00000 0.00000 0.00000 0.00000 0.00000 0.00000 0.00000 0.00000 0.00000 0.00000 0.00000 0.00000 0.00000 0.00000 0.00000 0.00000 0.00000 0.00000 0.00000 0.00000 0.00000 0.00000 0.00000 0.00000 0.00000 0.00000 0.00000 0.00000 0.00000 0.00000 0.00000 0.00000 0.00000 0.00000 0.00000
0.00000 0.00000 0.00000 0.00000 0.00000 0.00000 0.00000 0.00000 0.00000 0.00000 0.00000 0.00000 0.00000 0.00000 0.00000 0.00000 0.00000 0.00000 0.00000 0.00000 0.00000 0.00000 0.00000 0.00000 0.00000 0.00000 0.00000 0.00000 0.00000 0.00000 0.00000 0.00000 0.00000 0.00000 0.00000 0.00000 0.00000 0.00000 0.00000 0.00000 0.00000 0.00000 0.00000 0.00000 0.00000 0.01709 0.05133 0.08562 0.11944 0.15316 0.18738 0.22102 0.25458 0.28871 0.32185 0.35835 0.40007 0.44162 0.48059 0.52062 0.56323 0.60363 0.64134 0.68240 0.72461 0.74255 0.73991 0.74187 0.74155 0.73799 0.73674 0.73899 0.73810 0.73448 0.73352 0.73551 0.73474 0.73171 0.73033 0.73168 0.73050 0.72974 0.73097 0.72719 0.72575 0.72889 0.72820 0.72367 0.72273 0.72542 0.72562 0.72254 0.72036 0.72091 0.72288 0.72206 0.71838 0.71785 0.72043 0.71984 0.71572 0.71621 0.71873 0.71651 0.71398 0.71601 0.71495 0.71259 0.71521 0.71577 0.71080 0.71053 0.71409 0.71327 0.71016 0.71015 0.71080 0.71049 0.71147 0.70994 0.70725 0.70819 0.71122 0.70938 0.70587 0.70732 0.71015 0.70737 0.70492 0.70812 0.70928 0.70494 0.70416 0.70851 0.70863 0.70376 0.70358 0.70825 0.70818 0.70314 0.70312 0.70794 0.70785 0.70294 0.70289 0.70769 0.70778 0.70292 0.70282 0.70780 0.70785 0.70289 0.70303 0.70796 0.70779 0.70344 0.70401 0.70806 0.70741 0.70404 0.70516 0.70870 0.70743 0.70453 0.70610 0.70869 0.70767 0.70844 0.70729 0.70619 0.70875 0.70976 0.70764 0.70814 0.71048 0.70942 0.70762 0.71087 0.71243 0.70951 0.70863 0.71275 0.71348 0.71101 0.71181 0.71358 0.71313 0.71362 0.71458 0.71394 0.71413 0.71622 0.71623 0.71508 0.71664 0.71810 0.71674 0.71692 0.72051 0.72002 0.71708 0.71828 0.72219 0.72280 0.72008 0.71939 0.72374 0.72522 0.72265 0.72201 0.72551 0.72726 0.72582 0.72450 0.72571 0.71315 0.68048 0.64503 0.61337 0.58399 0.54999 0.51590 0.48505 0.45344 0.41913 0.38256 0.34374 0.30296 0.26260 0.22274 0.18255 0.14179 0.10147 0.06098 0.02032 0.00000 0.00000 0.00000 0.00000 0.00000 0.00000 0.00000 0.00000 0.00000 0.00000 0.00000 0.00000 0.00000 0.00000 0.00000 0.00000 0.00000 0.00000 0.00000 0.00000 0.00000 0.00000 0.00000 0.00000 0.00000 0.00000 0.00000 0.00000 0.00000 0.00000 0.00000 0.00000 0.00000 0.00000 0.00000 0.00000 0.00000 0.00000 0.00000 0.00000 0.00000 0.00000 0.00000 0.00000 0.00000
0.00000 0.00000 0.00000 0.00000 0.00000 0.00000 0.00000 0.00000 0.00000 0.00000 0.00000 0.00000 0.00000 0.00000 0.00000 0.00000 0.00000 0.00000 0.00000 0.00000 0.00000 0.00000 0.00000 0.00000 0.00000 0.00000 0.00000 0.00000 0.00000 0.00000 0.00000 0.00000 0.00000 0.00000 0.00000 0.00000 0.00000 0.00000 0.00000 0.00000 0.00000 0.00000 0.00000 0.00000 0.00000 0.01335 0.03983 0.06635 0.09308 0.11941 0.14531 0.17168 0.19822 0.22441 0.25031 0.28695 0.33563 0.38501 0.43268 0.47919 0.52816 0.57760 0.62346 0.66973 0.72026 0.74403 0.73969 0.73849 0.74178 0.74068 0.73605 0.73505 0.73833 0.73736 0.73262 0.73185 0.73512 0.73389 0.72942 0.72938 0.73185 0.72848 0.72716 0.72989 0.72756 0.72471 0.72662 0.72646 0.72271 0.72261 0.72515 0.72373 0.72001 0.71970 0.72220 0.72182 0.71847 0.71711 0.71968 0.71939 0.71582 0.71572 0.71830 0.71585 0.71312 0.71610 0.71647 0.71175 0.71201 0.71452 0.71304 0.71197 0.71239 0.71008 0.70961 0.71265 0.71206 0.70772 0.70727 0.71113 0.71117 0.70764 0.70584 0.70872 0.71008 0.70722 0.70475 0.70723 0.70903 0.70664 0.70455 0.70609 0.70726 0.70620 0.70498 0.70533 0.70592 0.70569 0.70509 0.70499 0.70501 0.70519 0.70536 0.70482 0.70418 0.70493 0.70573 0.70479 0.70408 0.70483 0.70527 0.70521 0.70529 0.70453 0.70427 0.70622 0.70661 0.70418 0.70408 0.70732 0.70731 0.70460 0.70465 0.70668 0.70783 0.70839 0.70686 0.70512 0.70600 0.71000 0.70939 0.70577 0.70602 0.71057 0.71123 0.70742 0.70687 0.71073 0.71217 0.71059 0.70851 0.70989 0.71341 0.71370 0.70979 0.70970 0.71524 0.71547 0.71110 0.71145 0.71695 0.71715 0.71283 0.71312 0.71861 0.71884 0.71455 0.71594 0.72031 0.71819 0.71642 0.72120 0.72184 0.71819 0.72028 0.72386 0.72182 0.72029 0.72387 0.72631 0.72320 0.72294 0.72641 0.72750 0.72543 0.71441 0.69033 0.66252 0.63892 0.61656 0.58990 0.56269 0.53920 0.51563 0.48858 0.45146 0.40594 0.35895 0.30975 0.26227 0.21582 0.16814 0.11952 0.07175 0.02408 0.00000 0.00000 0.00000 0.00000 0.00000 0.00000 0.00000 0.00000 0.00000 0.00000 0.00000 0.00000 0.00000 0.00000 0.00000 0.00000 0.00000 0.00000 0.00000 0.00000 0.00000 0.00000 0.00000 0.00000 0.00000 0.00000 0.00000 0.00000 0.00000 0.00000 0.00000 0.00000 0.00000 0.00000 0.00000 0.00000 0.00000 0.00000 0.00000 0.00000 0.00000 0.00000 0.00000 0.00000 0.00000
0.00000 0.00000 0.00000 0.00000 0.00000 0.00000 0.00000 0.00000 0.00000 0.00000 0.00000 0.00000 0.00000 0.00000 0.00000 0.00000 0.00000 0.00000 0.00000 0.00000 0.00000 0.00000 0.00000 0.00000 0.00000 0.00000 0.00000 0.00000 0.00000 0.00000 0.00000 0.00000 0.00000 0.00000 0.00000 0.00000 0.00000 0.00000 0.00000 0.00000 0.00000 0.00000 0.00000 0.00000 0.00000 0.00953 0.02848 0.04735 0.06641 0.08522 0.10380 0.12279 0.14158 0.15977 0.17844 0.21652 0.27202 0.32701 0.38369 0.44008 0.49383 0.54872 0.60590 0.66071 0.71345 0.74206 0.74218 0.73950 0.73793 0.73964 0.73876 0.73551 0.73458 0.73637 0.73578 0.73237 0.73085 0.73271 0.73299 0.72998 0.72807 0.72858 0.72832 0.72851 0.72783 0.72413 0.72349 0.72673 0.72608 0.72153 0.72056 0.72280 0.72363 0.72119 0.71820 0.71886 0.72119 0.71970 0.71587 0.71667 0.71904 0.71679 0.71353 0.71571 0.71655 0.71332 0.71305 0.71529 0.71240 0.71032 0.71393 0.71396 0.70966 0.70891 0.71090 0.71161 0.71057 0.70837 0.70750 0.70901 0.71068 0.70846 0.70550 0.70678 0.70971 0.70780 0.70438 0.70647 0.70876 0.70543 0.70352 0.70732 0.70799 0.70348 0.70286 0.70737 0.70744 0.70255 0.70231 0.70708 0.70709 0.70204 0.70199 0.70688 0.70693 0.70193 0.70190 0.70675 0.70694 0.70193 0.70195 0.70703 0.70705 0.70216 0.70222 0.70697 0.70734 0.70297 0.70283 0.70710 0.70763 0.70386 0.70357 0.70734 0.70858 0.70629 0.70493 0.70444 0.70839 0.70931 0.70578 0.70561 0.70957 0.70905 0.70609 0.70849 0.71104 0.70855 0.70700 0.71082 0.71226 0.70946 0.70983 0.71210 0.71190 0.71145 0.71286 0.71286 0.71216 0.71380 0.71494 0.71395 0.71385 0.71568 0.71623 0.71577 0.71683 0.71730 0.71648 0.71777 0.71957 0.71970 0.71859 0.71843 0.72103 0.72291 0.72132 0.72007 0.72319 0.72521 0.72341 0.72231 0.72559 0.72752 0.72595 0.71554 0.69982 0.68441 0.66464 0.64523 0.62937 0.61345 0.59327 0.57467 0.55875 0.52193 0.46684 0.41302 0.35854 0.30259 0.24808 0.19358 0.13828 0.08286 0.02770 0.00000 0.00000 0.00000 0.00000 0.00000 0.00000 0.00000 0.00000 0.00000 0.00000 0.00000 0.00000 0.00000 0.00000 0.00000 0.00000 0.00000 0.00000 0.00000 0.00000 0.00000 0.00000 0.00000 0.00000 0.00000 0.00000 0.00000 0.00000 0.00000 0.00000 0.00000 0.00000 0.00000 0.00000 0.00000 0.00000 0.00000 0.00000 0.00000 0.00000 0.00000 0.00000 0.00000 0.00000 0.00000
0.00000 0.00000 0.00000 0.00000 0.00000 0.00000 0.00000 0.00000 0.00000 0.00000 0.00000 0.00000 0.00000 0.00000 0.00000 0.00000 0.00000 0.00000 0.00000 0.00000 0.00000 0.00000 0.00000 0.00000 0.00000 0.00000 0.00000 0.00000 0.00000 0.00000 0.00000 0.00000 0.00000 0.00000 0.00000 0.00000 0.00000 0.00000 0.00000 0.00000 0.00000 0.00000 0.00000 0.00000 0.00000 0.00570 0.01713 0.02847 0.03969 0.05108 0.06245 0.07359 0.08481 0.09594 0.10705 0.14466 0.20838 0.27100 0.33426 0.39865 0.46095 0.52208 0.58629 0.65014 0.70974 0.73942 0.74257 0.74162 0.73708 0.73589 0.73930 0.73834 0.73353 0.73264 0.73595 0.73484 0.73020 0.73006 0.73273 0.73054 0.72730 0.72952 0.72917 0.72533 0.72560 0.72757 0.72470 0.72294 0.72463 0.72346 0.72024 0.72121 0.72312 0.72124 0.71826 0.71817 0.72037 0.71930 0.71589 0.71603 0.71857 0.71650 0.71330 0.71509 0.71674 0.71291 0.71145 0.71449 0.71414 0.71040 0.71095 0.71037 0.71085 0.71263 0.71082 0.70755 0.70801 0.71106 0.71034 0.70688 0.70566 0.70884 0.70968 0.70636 0.70443 0.70732 0.70880 0.70562 0.70353 0.70608 0.70761 0.70520 0.70350 0.70502 0.70607 0.70477 0.70362 0.70454 0.70510 0.70413 0.70364 0.70442 0.70424 0.70374 0.70423 0.70414 0.70320 0.70398 0.70475 0.70375 0.70356 0.70445 0.70380 0.70386 0.70524 0.70462 0.70291 0.70463 0.70643 0.70467 0.70291 0.70528 0.70744 0.70580 0.70338 0.70466 0.70796 0.70803 0.70624 0.70499 0.70588 0.70885 0.70932 0.70638 0.70538 0.70907 0.71081 0.70900 0.70678 0.70865 0.71190 0.71201 0.70817 0.70812 0.71350 0.71376 0.70947 0.70975 0.71518 0.71532 0.71103 0.71158 0.71686 0.71708 0.71275 0.71348 0.71852 0.71853 0.71465 0.71867 0.72030 0.71624 0.71747 0.72184 0.72065 0.71830 0.72189 0.72413 0.72104 0.72055 0.72413 0.72647 0.72349 0.72328 0.72635 0.72005 0.70967 0.70194 0.69031 0.67740 0.66830 0.66055 0.64879 0.63594 0.62662 0.59282 0.52937 0.46629 0.40573 0.34437 0.28077 0.21832 0.15681 0.09429 0.03128 0.00000 0.00000 0.00000 0.00000 0.00000 0.00000 0.00000 0.00000 0.00000 0.00000 0.00000 0.00000 0.00000 0.00000 0.00000 0.00000 0.00000 0.00000 0.00000 0.00000 0.00000 0.00000 0.00000 0.00000 0.00000 0.00000 0.00000 0.00000 0.00000 0.00000 0.00000 0.00000 0.00000 0.00000 0.00000 0.00000 0.00000 0.00000 0.00000 0.00000 0.00000 0.00000 0.00000 0.00000 0.00000
0.00000 0.00000 0.00000 0.00000 0.00000 0.00000 0.00000 0.00000 0.00000 0.00000 0.00000 0.00000 0.00000 0.00000 0.00000 0.00000 0.00000 0.00000 0.00000 0.00000 0.00000 0.00000 0.00000 0.00000 0.00000 0.00000 0.00000 0.00000 0.00000 0.00000 0.00000 0.00000 0.00000 0.00000 0.00000 0.00000 0.00000 0.00000 0.00000 0.00000 0.00000 0.00000 0.00000 0.00000 0.00000 0.00190 0.00571 0.00949 0.01323 0.01702 0.02082 0.02449 0.02819 0.03206 0.03575 0.07301 0.14410 0.21574 0.28603 0.35557 0.42707 0.49812 0.56658 0.63632 0.70733 0.74124 0.73951 0.74017 0.73893 0.73675 0.73608 0.73719 0.73640 0.73321 0.73199 0.73371 0.73382 0.73040 0.72832 0.72988 0.73065 0.72832 0.72635 0.72565 0.72618 0.72674 0.72494 0.72172 0.72171 0.72432 0.72387 0.72017 0.71869 0.71985 0.72173 0.71965 0.71611 0.71719 0.71940 0.71696 0.71374 0.71585 0.71710 0.71376 0.71187 0.71494 0.71443 0.71071 0.71083 0.71393 0.71193 0.70848 0.71024 0.71224 0.71074 0.70717 0.70739 0.71009 0.71031 0.70675 0.70522 0.70731 0.70933 0.70750 0.70397 0.70527 0.70826 0.70630 0.70303 0.70555 0.70749 0.70392 0.70223 0.70618 0.70687 0.70243 0.70165 0.70606 0.70642 0.70166 0.70127 0.70585 0.70615 0.70103 0.70107 0.70586 0.70608 0.70098 0.70105 0.70590 0.70606 0.70109 0.70130 0.70603 0.70630 0.70177 0.70166 0.70578 0.70682 0.70294 0.70213 0.70571 0.70742 0.70464 0.70301 0.70476 0.70793 0.70778 0.70400 0.70365 0.70871 0.70880 0.70470 0.70588 0.70997 0.70766 0.70561 0.70903 0.71093 0.70791 0.70803 0.71067 0.71076 0.70947 0.71111 0.71172 0.71048 0.71146 0.71354 0.71290 0.71147 0.71327 0.71542 0.71465 0.71334 0.71475 0.71723 0.71691 0.71532 0.71646 0.71882 0.71920 0.71779 0.71919 0.72054 0.71943 0.72010 0.72276 0.72226 0.72023 0.72323 0.72542 0.72319 0.72234 0.72676 0.72611 0.71916 0.71568 0.71563 0.71394 0.70752 0.70378 0.70329 0.70039 0.69530 0.66027 0.59217 0.52088 0.45230 0.38459 0.31454 0.24386 0.17469 0.10519 0.03502 0.00000 0.00000 0.00000 0.00000 0.00000 0.00000 0.00000 0.00000 0.00000 0.00000 0.00000 0.00000 0.00000 0.00000 0.00000 0.00000 0.00000 0.00000 0.00000 0.00000 0.00000 0.00000 0.00000 0.00000 0.00000 0.00000 0.00000 0.00000 0.00000 0.00000 0.00000 0.00000 0.00000 0.00000 0.00000 0.00000 0.00000 0.00000 0.00000 0.00000 0.00000 0.00000 0.00000 0.00000 0.00000
0.00000 0.00000 0.00000 0.00000 0.00000 0.00000 0.00000 0.00000 0.00000 0.00000 0.00000 0.00000 0.00000 0.00000 0.00000 0.00000 0.00000 0.00000 0.00000 0.00000 0.00000 0.00000 0.00000 0.00000 0.00000 0.00195 0.00585 0.00974 0.01359 0.01749 0.02139 0.02519 0.02897 0.03285 0.03673 0.03853 0.03838 0.03844 0.03842 0.03830 0.03826 0.03824 0.03810 0.03810 0.03815 0.03611 0.03219 0.02845 0.02466 0.02078 0.01697 0.01321 0.00941 0.00564 0.00188 0.03750 0.11220 0.18722 0.26190 0.33520 0.40945 0.48489 0.55748 0.62957 0.70574 0.74241 0.73836 0.73720 0.74028 0.73906 0.73454 0.73335 0.73685 0.73591 0.73108 0.73074 0.73359 0.73193 0.72791 0.72874 0.73029 0.72739 0.72533 0.72706 0.72661 0.72358 0.72354 0.72343 0.72248 0.72315 0.72234 0.72036 0.71866 0.71991 0.72063 0.71869 0.71625 0.71692 0.71875 0.71662 0.71351 0.71492 0.71694 0.71397 0.71144 0.71351 0.71463 0.71149 0.71015 0.71133 0.71190 0.71220 0.70957 0.70767 0.70912 0.71077 0.70903 0.70686 0.70652 0.70844 0.70876 0.70613 0.70416 0.70718 0.70848 0.70467 0.70326 0.70639 0.70762 0.70387 0.70236 0.70527 0.70640 0.70351 0.70217 0.70445 0.70534 0.70299 0.70191 0.70418 0.70466 0.70248 0.70203 0.70385 0.70341 0.70270 0.70387 0.70305 0.70193 0.70366 0.70370 0.70232 0.70362 0.70450 0.70199 0.70240 0.70536 0.70478 0.70161 0.70315 0.70638 0.70498 0.70191 0.70379 0.70717 0.70604 0.70327 0.70422 0.70644 0.70704 0.70644 0.70541 0.70476 0.70735 0.70923 0.70765 0.70520 0.70716 0.71031 0.71040 0.70675 0.70681 0.71169 0.71220 0.70802 0.70805 0.71331 0.71357 0.70947 0.71014 0.71499 0.71499 0.71117 0.71223 0.71658 0.71691 0.71316 0.71512 0.71817 0.71647 0.71570 0.71911 0.71970 0.71698 0.71966 0.72161 0.71913 0.71882 0.72178 0.72422 0.72162 0.72067 0.72392 0.72581 0.72413 0.72493 0.72628 0.72540 0.72643 0.72924 0.72906 0.72704 0.72804 0.73181 0.73234 0.69292 0.62077 0.55068 0.47696 0.40251 0.33044 0.25794 0.18371 0.11011 0.03691 0.00000 0.00000 0.00000 0.00000 0.00000 0.00000 0.00000 0.00000 0.00000 0.00000 0.00000 0.00000 0.00000 0.00000 0.00000 0.00000 0.00000 0.00000 0.00000 0.00000 0.00000 0.00000 0.00000 0.00000 0.00000 0.00000 0.00000 0.00000 0.00000 0.00000 0.00000 0.00000 0.00000 0.00000 0.00000 0.00000 0.00000 0.00000 0.00000 0.00000 0.00000 0.00000 0.00000 0.00000 0.00000
0.00000 0.00000 0.00000 0.00000 0.00000 0.00000 0.00000 0.00000 0.00000 0.00000 0.00000 0.00000 0.00000 0.00000 0.00000 0.00000 0.00000 0.00000 0.00000 0.00000 0.00000 0.00000 0.00000 0.00000 0.00000 0.00587 0.01752 0.02914 0.04091 0.05247 0.06393 0.07559 0.08718 0.09845 0.10977 0.11561 0.11560 0.11505 0.11491 0.11502 0.11495 0.11458 0.11427 0.11419 0.11436 0.10847 0.09655 0.08519 0.07396 0.06234 0.05082 0.03963 0.02829 0.01688 0.00562 0.03759 0.11252 0.18649 0.26108 0.33643 0.40992 0.48242 0.55717 0.63173 0.70429 0.74039 0.73888 0.73823 0.73822 0.73794 0.73619 0.73426 0.73332 0.73462 0.73465 0.73107 0.72924 0.73100 0.73167 0.72853 0.72610 0.72710 0.72842 0.72650 0.72346 0.72319 0.72556 0.72443 0.72269 0.71993 0.72035 0.72048 0.72155 0.72057 0.71691 0.71709 0.71960 0.71769 0.71417 0.71578 0.71741 0.71424 0.71189 0.71484 0.71522 0.71115 0.71000 0.71371 0.71327 0.70862 0.70855 0.71235 0.71183 0.70680 0.70694 0.71066 0.71036 0.70546 0.70498 0.70852 0.70903 0.70575 0.70358 0.70538 0.70778 0.70645 0.70290 0.70402 0.70678 0.70474 0.70200 0.70456 0.70622 0.70279 0.70121 0.70472 0.70573 0.70183 0.70074 0.70441 0.70533 0.70128 0.70044 0.70442 0.70521 0.69999 0.70018 0.70460 0.70521 0.70056 0.70039 0.70523 0.70503 0.70043 0.70094 0.70451 0.70533 0.70201 0.70120 0.70430 0.70601 0.70346 0.70164 0.70387 0.70672 0.70567 0.70244 0.70292 0.70758 0.70767 0.70325 0.70336 0.70874 0.70737 0.70428 0.70739 0.70953 0.70611 0.70631 0.70957 0.70952 0.70736 0.70931 0.71078 0.70906 0.70907 0.71199 0.71204 0.70957 0.71076 0.71420 0.71370 0.71105 0.71229 0.71627 0.71573 0.71297 0.71385 0.71851 0.71802 0.71485 0.71572 0.71993 0.72014 0.71707 0.71881 0.72159 0.71924 0.71995 0.72303 0.72239 0.72010 0.72406 0.72583 0.72225 0.72245 0.72737 0.72828 0.72429 0.72504 0.72923 0.73018 0.72725 0.72844 0.73151 0.69380 0.62039 0.55022 0.47709 0.40210 0.32970 0.25789 0.18400 0.11004 0.03681 0.00000 0.00000 0.00000 0.00000 0.00000 0.00000 0.00000 0.00000 0.00000 0.00000 0.00000 0.00000 0.00000 0.00000 0.00000 0.00000 0.00000 0.00000 0.00000 0.00000 0.00000 0.00000 0.00000 0.00000 0.00000 0.00000 0.00000 0.00000 0.00000 0.00000 0.00000 0.00000 0.00000 0.00000 0.00000 0.00000 0.00000 0.00000 0.00000 0.00000 0.00000 0.00000 0.00000 0.00000 0.00000
0.00000 0.00000 0.00000 0.00000 0.00000 0.00000 0.00000 0.00000 0.00000 0.00000 0.00000 0.00000 0.00000 0.00000 0.00000 0.00000 0.00000 0.00000 0.00000 0.00000 0.00000 0.00000 0.00000 0.00000 0.00000 0.00977 0.02925 0.04864 0.06811 0.08742 0.10650 0.12583 0.14526 0.16422 0.18286 0.19245 0.19241 0.19211 0.19170 0.19138 0.19095 0.19105 0.19122 0.19030 0.18972 0.18059 0.16158 0.14186 0.12271 0.10403 0.08497 0.06582 0.04704 0.02821 0.00937 0.03744 0.11246 0.18683 0.26079 0.33583 0.41003 0.48259 0.55686 0.63155 0.70310 0.73888 0.74107 0.73898 0.73571 0.73541 0.73782 0.73702 0.73205 0.73176 0.73446 0.73297 0.72871 0.72922 0.73121 0.72900 0.72573 0.72670 0.72790 0.72579 0.72323 0.72308 0.72462 0.72501 0.72066 0.71991 0.72206 0.72171 0.71928 0.71794 0.71776 0.71832 0.71852 0.71620 0.71409 0.71549 0.71707 0.71431 0.71155 0.71310 0.71493 0.71233 0.70995 0.71109 0.71242 0.71081 0.70885 0.70852 0.70993 0.70991 0.70795 0.70740 0.70765 0.70755 0.70733 0.70678 0.70481 0.70594 0.70776 0.70445 0.70315 0.70655 0.70730 0.70262 0.70193 0.70572 0.70635 0.70210 0.70115 0.70468 0.70542 0.70174 0.70067 0.70407 0.70481 0.70130 0.70015 0.70365 0.70421 0.70134 0.70101 0.70281 0.70088 0.70234 0.70388 0.70156 0.70085 0.70364 0.70171 0.70096 0.70434 0.70434 0.70037 0.70131 0.70535 0.70449 0.70070 0.70222 0.70604 0.70472 0.70160 0.70314 0.70619 0.70541 0.70359 0.70429 0.70563 0.70585 0.70636 0.70625 0.70413 0.70572 0.70843 0.70882 0.70580 0.70553 0.70966 0.71079 0.70699 0.70644 0.71125 0.71200 0.70836 0.70861 0.71287 0.71301 0.71002 0.71099 0.71442 0.71448 0.71190 0.71320 0.71597 0.71599 0.71404 0.71595 0.71761 0.71647 0.71686 0.71862 0.71861 0.71795 0.71925 0.72143 0.72027 0.71902 0.72110 0.72452 0.72253 0.72103 0.72389 0.72545 0.72465 0.72550 0.72663 0.72599 0.72638 0.72896 0.73018 0.72778 0.72759 0.69508 0.62320 0.54753 0.47481 0.40387 0.33052 0.25627 0.18361 0.11061 0.03678 0.00000 0.00000 0.00000 0.00000 0.00000 0.00000 0.00000 0.00000 0.00000 0.00000 0.00000 0.00000 0.00000 0.00000 0.00000 0.00000 0.00000 0.00000 0.00000 0.00000 0.00000 0.00000 0.00000 0.00000 0.00000 0.00000 0.00000 0.00000 0.00000 0.00000 0.00000 0.00000 0.00000 0.00000 0.00000 0.00000 0.00000 0.00000 0.00000 0.00000 0.00000 0.00000 0.00000 0.00000 0.00000
0.00000 0.00000 0.00000 0.00000 0.00000 0.00000 0.00000 0.00000 0.00000 0.00000 0.00000 0.00000 0.00000 0.00000 0.00000 0.00000 0.00000 0.00000 0.00000 0.00000 0.00000 0.00000 0.00000 0.00000 0.00000 0.01363 0.04101 0.06822 0.09509 0.12217 0.14954 0.17626 0.20262 0.22957 0.25688 0.26960 0.26856 0.26828 0.26889 0.26833 0.26704 0.26692 0.26742 0.26690 0.26552 0.25218 0.22611 0.19891 0.17162 0.14543 0.11905 0.09213 0.06564 0.03952 0.01316 0.03737 0.11194 0.18725 0.26165 0.33447 0.40876 0.48427 0.55743 0.62912 0.70242 0.74024 0.74008 0.73844 0.73521 0.73560 0.73563 0.73545 0.73563 0.73199 0.73037 0.73198 0.73261 0.72907 0.72686 0.72829 0.72935 0.72663 0.72376 0.72461 0.72649 0.72426 0.72127 0.72161 0.72245 0.72090 0.72077 0.72161 0.71827 0.71674 0.71926 0.71910 0.71501 0.71514 0.71743 0.71530 0.71227 0.71453 0.71553 0.71164 0.70998 0.71363 0.71356 0.70889 0.70806 0.71223 0.71192 0.70682 0.70659 0.71071 0.71040 0.70519 0.70506 0.70915 0.70863 0.70422 0.70390 0.70675 0.70719 0.70515 0.70306 0.70370 0.70571 0.70496 0.70235 0.70323 0.70516 0.70322 0.70117 0.70334 0.70482 0.70208 0.70041 0.70287 0.70443 0.70186 0.69996 0.70220 0.70427 0.70198 0.69948 0.70214 0.70441 0.70134 0.69938 0.70292 0.70414 0.70033 0.70002 0.70293 0.70399 0.70144 0.70049 0.70271 0.70455 0.70258 0.70060 0.70266 0.70539 0.70416 0.70107 0.70228 0.70627 0.70596 0.70185 0.70242 0.70732 0.70712 0.70284 0.70563 0.70818 0.70392 0.70462 0.70873 0.70829 0.70517 0.70744 0.71000 0.70783 0.70672 0.71031 0.71127 0.70797 0.70829 0.71272 0.71282 0.70910 0.70992 0.71479 0.71462 0.71090 0.71160 0.71677 0.71654 0.71267 0.71344 0.71862 0.71869 0.71466 0.71564 0.72043 0.72003 0.71704 0.71950 0.72196 0.71898 0.72042 0.72367 0.72187 0.72032 0.72503 0.72619 0.72206 0.72271 0.72790 0.72848 0.72440 0.72565 0.73006 0.72968 0.72716 0.69350 0.62253 0.54757 0.47441 0.40390 0.33059 0.25603 0.18326 0.11059 0.03679 0.00000 0.00000 0.00000 0.00000 0.00000 0.00000 0.00000 0.00000 0.00000 0.00000 0.00000 0.00000 0.00000 0.00000 0.00000 0.00000 0.00000 0.00000 0.00000 0.00000 0.00000 0.00000 0.00000 0.00000 0.00000 0.00000 0.00000 0.00000 0.00000 0.00000 0.00000 0.00000 0.00000 0.00000 0.00000 0.00000 0.00000 0.00000 0.00000 0.00000 0.00000 0.00000 0.00000 0.00000 0.00000
0.00000 0.00000 0.00000 0.00000 0.00000 0.00000 0.00000 0.00000 0.00000 0.00000 0.00000 0.00000 0.00000 0.00000 0.00000 0.00000 0.00000 0.00000 0.00000 0.00000 0.00000 0.00000 0.00000 0.00000 0.00000 0.01753 0.05259 0.08766 0.12238 0.15704 0.19199 0.22668 0.26068 0.29495 0.32964 0.34679 0.34586 0.34493 0.34438 0.34484 0.34476 0.34298 0.34219 0.34299 0.34284 0.32395 0.28927 0.25592 0.22150 0.18644 0.15250 0.11878 0.08458 0.05058 0.01689 0.03749 0.11198 0.18657 0.26155 0.33511 0.40840 0.48327 0.55698 0.62946 0.70382 0.73927 0.73727 0.73830 0.73875 0.73471 0.73314 0.73464 0.73538 0.73339 0.72963 0.73041 0.73208 0.72996 0.72644 0.72718 0.72884 0.72691 0.72359 0.72361 0.72572 0.72509 0.72084 0.72002 0.72321 0.72284 0.71785 0.71768 0.72023 0.71966 0.71736 0.71564 0.71550 0.71663 0.71680 0.71393 0.71190 0.71357 0.71525 0.71276 0.70993 0.71073 0.71270 0.71111 0.70869 0.70893 0.71024 0.70913 0.70751 0.70802 0.70815 0.70669 0.70643 0.70760 0.70597 0.70420 0.70627 0.70644 0.70296 0.70537 0.70707 0.70198 0.70174 0.70599 0.70597 0.70096 0.70059 0.70496 0.70512 0.70054 0.69992 0.70404 0.70455 0.70022 0.69938 0.70341 0.70415 0.70015 0.69954 0.70262 0.70274 0.70090 0.70323 0.70127 0.69919 0.70236 0.70331 0.70012 0.70248 0.70339 0.69925 0.70000 0.70431 0.70378 0.69963 0.70067 0.70488 0.70384 0.70036 0.70179 0.70523 0.70409 0.70167 0.70303 0.70559 0.70449 0.70289 0.70477 0.70699 0.70448 0.70462 0.70720 0.70590 0.70428 0.70713 0.70932 0.70647 0.70495 0.70884 0.71058 0.70767 0.70697 0.71041 0.71130 0.70923 0.70958 0.71198 0.71218 0.71095 0.71186 0.71364 0.71387 0.71271 0.71369 0.71550 0.71562 0.71471 0.71578 0.71744 0.71723 0.71679 0.71833 0.71970 0.71839 0.71815 0.72181 0.72181 0.71910 0.72134 0.72478 0.72301 0.72161 0.72432 0.72577 0.72480 0.72543 0.72751 0.72691 0.72601 0.72863 0.73102 0.69231 0.61852 0.54857 0.47684 0.40199 0.32886 0.25707 0.18377 0.10985 0.03674 0.00000 0.00000 0.00000 0.00000 0.00000 0.00000 0.00000 0.00000 0.00000 0.00000 0.00000 0.00000 0.00000 0.00000 0.00000 0.00000 0.00000 0.00000 0.00000 0.00000 0.00000 0.00000 0.00000 0.00000 0.00000 0.00000 0.00000 0.00000 0.00000 0.00000 0.00000 0.00000 0.00000 0.00000 0.00000 0.00000 0.00000 0.00000 0.00000 0.00000 0.00000 0.00000 0.00000 0.00000 0.00000
0.00000 0.00000 0.00000 0.00000 0.00000 0.00000 0.00000 0.00000 0.00000 0.00000 0.00000 0.00000 0.00000 0.00000 0.00000 0.00000 0.00000 0.00000 0.00000 0.00000 0.00000 0.00000 0.00000 0.00000 0.00000 0.02148 0.06415 0.10681 0.14991 0.19229 0.23398 0.27633 0.31946 0.36118 0.40179 0.42248 0.42351 0.42272 0.42045 0.41995 0.42112 0.42040 0.41807 0.41777 0.41880 0.39690 0.35339 0.31193 0.27069 0.22816 0.18606 0.14505 0.10354 0.06178 0.02056 0.03751 0.11238 0.18617 0.26031 0.33590 0.40980 0.48149 0.55523 0.63124 0.70423 0.73827 0.73617 0.73753 0.73771 0.73603 0.73507 0.73322 0.73187 0.73286 0.73357 0.72986 0.72785 0.72934 0.73021 0.72710 0.72446 0.72575 0.72714 0.72452 0.72173 0.72261 0.72366 0.72149 0.72043 0.72091 0.71956 0.71737 0.71887 0.72001 0.71622 0.71457 0.71703 0.71678 0.71316 0.71372 0.71540 0.71260 0.71018 0.71347 0.71369 0.70918 0.70816 0.71226 0.71191 0.70689 0.70635 0.71065 0.71018 0.70511 0.70517 0.70911 0.70804 0.70366 0.70475 0.70762 0.70544 0.70337 0.70521 0.70478 0.70327 0.70405 0.70371 0.70284 0.70359 0.70312 0.70167 0.70245 0.70361 0.70200 0.70038 0.70182 0.70343 0.70183 0.69960 0.70070 0.70333 0.70252 0.69894 0.69942 0.70353 0.70363 0.69850 0.69966 0.70348 0.70218 0.69888 0.69974 0.70308 0.70294 0.69955 0.70035 0.70330 0.70238 0.69975 0.70111 0.70414 0.70310 0.69990 0.70123 0.70502 0.70448 0.70051 0.70151 0.70596 0.70542 0.70142 0.70346 0.70684 0.70398 0.70296 0.70758 0.70712 0.70343 0.70557 0.70904 0.70674 0.70474 0.70851 0.71031 0.70659 0.70618 0.71114 0.71177 0.70736 0.70781 0.71315 0.71348 0.70901 0.70954 0.71498 0.71522 0.71087 0.71139 0.71675 0.71693 0.71273 0.71355 0.71865 0.71885 0.71481 0.71607 0.72073 0.71950 0.71733 0.72036 0.72175 0.71921 0.72125 0.72396 0.72161 0.72071 0.72557 0.72654 0.72262 0.72327 0.72847 0.72847 0.72477 0.72673 0.73084 0.69294 0.61820 0.54819 0.47656 0.40179 0.32854 0.25712 0.18379 0.10980 0.03670 0.00000 0.00000 0.00000 0.00000 0.00000 0.00000 0.00000 0.00000 0.00000 0.00000 0.00000 0.00000 0.00000 0.00000 0.00000 0.00000 0.00000 0.00000 0.00000 0.00000 0.00000 0.00000 0.00000 0.00000 0.00000 0.00000 0.00000 0.00000 0.00000 0.00000 0.00000 0.00000 0.00000 0.00000 0.00000 0.00000 0.00000 0.00000 0.00000 0.00000 0.00000 0.00000 0.00000 0.00000 0.00000
0.00000 0.00000 0.00000 0.00000 0.00000 0.00000 0.00000 0.00000 0.00000 0.00000 0.00000 0.00000 0.00000 0.00000 0.00000 0.00000 0.00000 0.00000 0.00000 0.00000 0.00000 0.00000 0.00000 0.00000 0.00000 0.02538 0.07593 0.12617 0.17676 0.22730 0.27690 0.32636 0.37664 0.42694 0.47572 0.49912 0.49880 0.49941 0.49858 0.49619 0.49539 0.49663 0.49613 0.49336 0.49244 0.46924 0.41935 0.36787 0.31850 0.27020 0.22057 0.17069 0.12202 0.07328 0.02433 0.03733 0.11224 0.18675 0.26029 0.33474 0.40965 0.48243 0.55524 0.62939 0.70269 0.73900 0.73906 0.73536 0.73460 0.73689 0.73631 0.73327 0.73066 0.73193 0.73299 0.73069 0.72729 0.72804 0.72972 0.72774 0.72422 0.72434 0.72657 0.72561 0.72134 0.72058 0.72378 0.72339 0.71836 0.71790 0.72125 0.72047 0.71635 0.71551 0.71740 0.71772 0.71593 0.71328 0.71290 0.71487 0.71527 0.71212 0.70995 0.71090 0.71309 0.71178 0.70876 0.70836 0.71029 0.70946 0.70761 0.70813 0.70811 0.70633 0.70629 0.70795 0.70626 0.70375 0.70541 0.70732 0.70385 0.70256 0.70578 0.70393 0.70163 0.70530 0.70571 0.70068 0.70027 0.70495 0.70469 0.69966 0.69940 0.70402 0.70404 0.69924 0.69877 0.70318 0.70351 0.69911 0.69876 0.70235 0.70241 0.69963 0.70039 0.70107 0.69944 0.70096 0.70245 0.69965 0.69949 0.70221 0.70085 0.69909 0.70240 0.70284 0.69903 0.69943 0.70354 0.70301 0.69937 0.70043 0.70405 0.70300 0.70034 0.70177 0.70451 0.70321 0.70132 0.70337 0.70585 0.70329 0.70182 0.70559 0.70658 0.70310 0.70418 0.70779 0.70626 0.70355 0.70628 0.70922 0.70720 0.70528 0.70783 0.70987 0.70863 0.70799 0.70938 0.71021 0.71022 0.71062 0.71117 0.71148 0.71172 0.71228 0.71328 0.71382 0.71311 0.71361 0.71560 0.71605 0.71481 0.71558 0.71805 0.71768 0.71640 0.71864 0.72071 0.71833 0.71876 0.72253 0.72183 0.71925 0.72234 0.72516 0.72299 0.72195 0.72511 0.72654 0.72461 0.72520 0.72842 0.72805 0.72579 0.69183 0.62176 0.54750 0.47323 0.40212 0.33031 0.25618 0.18281 0.11020 0.03677 0.00000 0.00000 0.00000 0.00000 0.00000 0.00000 0.00000 0.00000 0.00000 0.00000 0.00000 0.00000 0.00000 0.00000 0.00000 0.00000 0.00000 0.00000 0.00000 0.00000 0.00000 0.00000 0.00000 0.00000 0.00000 0.00000 0.00000 0.00000 0.00000 0.00000 0.00000 0.00000 0.00000 0.00000 0.00000 0.00000 0.00000 0.00000 0.00000 0.00000 0.00000 0.00000 0.00000 0.00000 0.00000
0.00000 0.00000 0.00000 0.00000 0.00000 0.00000 0.00000 0.00000 0.00000 0.00000 0.00000 0.00000 0.00000 0.00000 0.00000 0.00000 0.00000 0.00000 0.00000 0.00000 0.00000 0.00000 0.00000 0.00000 0.00000 0.02919 0.08778 0.14595 0.20346 0.26140 0.32016 0.37752 0.43356 0.49082 0.54982 0.57769 0.57469 0.57375 0.57539 0.57462 0.57133 0.57054 0.57214 0.57112 0.56813 0.53939 0.48354 0.42550 0.36729 0.31106 0.25451 0.19713 0.14047 0.08451 0.02814 0.03730 0.11173 0.18693 0.26134 0.33394 0.40770 0.48362 0.55687 0.62773 0.70057 0.73996 0.73870 0.73611 0.73566 0.73495 0.73329 0.73351 0.73415 0.73092 0.72884 0.73031 0.73106 0.72776 0.72530 0.72681 0.72789 0.72500 0.72235 0.72350 0.72446 0.72212 0.72065 0.72110 0.72038 0.71849 0.71905 0.71991 0.71715 0.71483 0.71670 0.71781 0.71453 0.71293 0.71465 0.71402 0.71135 0.71290 0.71355 0.70975 0.70857 0.71237 0.71167 0.70700 0.70659 0.71072 0.71036 0.70513 0.70501 0.70907 0.70767 0.70354 0.70494 0.70761 0.70490 0.70251 0.70556 0.70586 0.70186 0.70256 0.70534 0.70339 0.70175 0.70233 0.70255 0.70226 0.70218 0.70142 0.70070 0.70142 0.70229 0.70119 0.69946 0.70010 0.70235 0.70187 0.69852 0.69859 0.70263 0.70287 0.69780 0.69785 0.70281 0.70231 0.69780 0.69849 0.70243 0.70263 0.69842 0.69819 0.70235 0.70277 0.69883 0.69917 0.70298 0.70254 0.69892 0.69987 0.70386 0.70337 0.69929 0.70027 0.70471 0.70425 0.70008 0.70158 0.70552 0.70397 0.70145 0.70503 0.70593 0.70249 0.70381 0.70750 0.70569 0.70326 0.70666 0.70898 0.70543 0.70455 0.70946 0.71037 0.70583 0.70609 0.71153 0.71196 0.70734 0.70778 0.71319 0.71373 0.70919 0.70953 0.71504 0.71537 0.71092 0.71160 0.71675 0.71700 0.71296 0.71395 0.71881 0.71876 0.71508 0.71681 0.72085 0.71967 0.71780 0.72068 0.72153 0.71955 0.72199 0.72436 0.72197 0.72134 0.72581 0.72683 0.72336 0.72412 0.72882 0.72844 0.72544 0.69126 0.62167 0.54730 0.47310 0.40217 0.33021 0.25595 0.18273 0.11020 0.03671 0.00000 0.00000 0.00000 0.00000 0.00000 0.00000 0.00000 0.00000 0.00000 0.00000 0.00000 0.00000 0.00000 0.00000 0.00000 0.00000 0.00000 0.00000 0.00000 0.00000 0.00000 0.00000 0.00000 0.00000 0.00000 0.00000 0.00000 0.00000 0.00000 0.00000 0.00000 0.00000 0.00000 0.00000 0.00000 0.00000 0.00000 0.00000 0.00000 0.00000 0.00000 0.00000 0.00000 0.00000 0.00000
0.00000 0.00000 0.00000 0.00000 0.00000 0.00000 0.00000 0.00000 0.00000 0.00000 0.00000 0.00000 0.00000 0.00000 0.00000 0.00000 0.00000 0.00000 0.00000 0.00000 0.00000 0.00000 0.00000 0.00000 0.00000 0.03305 0.09929 0.16551 0.23090 0.29597 0.36201 0.42804 0.49220 0.55590 0.62128 0.65471 0.65296 0.65011 0.64950 0.65095 0.64980 0.64631 0.64532 0.64731 0.64644 0.61046 0.54545 0.48280 0.41773 0.35140 0.28742 0.22406 0.15958 0.09531 0.03181 0.03745 0.11184 0.18608 0.26106 0.33482 0.40761 0.48206 0.55653 0.62850 0.70157 0.73779 0.73670 0.73659 0.73689 0.73421 0.73197 0.73305 0.73391 0.73159 0.72825 0.72888 0.73064 0.72864 0.72499 0.72515 0.72744 0.72622 0.72197 0.72130 0.72445 0.72394 0.71898 0.71837 0.72183 0.72096 0.71629 0.71587 0.71880 0.71839 0.71517 0.71317 0.71438 0.71603 0.71488 0.71083 0.71029 0.71293 0.71356 0.71204 0.70872 0.70786 0.71043 0.71054 0.70800 0.70674 0.70779 0.70658 0.70667 0.70814 0.70595 0.70359 0.70536 0.70724 0.70415 0.70200 0.70487 0.70520 0.70183 0.70321 0.70497 0.70127 0.70016 0.70426 0.70423 0.69929 0.69909 0.70377 0.70347 0.69848 0.69826 0.70297 0.70298 0.69816 0.69792 0.70209 0.70203 0.69849 0.69888 0.70088 0.69998 0.69961 0.70094 0.69937 0.69835 0.70092 0.70136 0.69846 0.69953 0.70173 0.69965 0.69848 0.70162 0.70209 0.69886 0.69922 0.70264 0.70203 0.69937 0.70056 0.70318 0.70196 0.70026 0.70219 0.70422 0.70200 0.70056 0.70420 0.70586 0.70187 0.70161 0.70631 0.70584 0.70218 0.70398 0.70782 0.70651 0.70363 0.70559 0.70865 0.70783 0.70617 0.70706 0.70871 0.70934 0.70917 0.70883 0.70929 0.71077 0.71120 0.71101 0.71146 0.71185 0.71215 0.71360 0.71436 0.71303 0.71336 0.71614 0.71649 0.71475 0.71580 0.71859 0.71771 0.71696 0.71945 0.72054 0.71817 0.72060 0.72319 0.72102 0.71964 0.72327 0.72563 0.72287 0.72219 0.72595 0.72742 0.72440 0.72508 0.72900 0.69276 0.61719 0.54593 0.47576 0.40229 0.32791 0.25578 0.18358 0.11003 0.03663 0.00000 0.00000 0.00000 0.00000 0.00000 0.00000 0.00000 0.00000 0.00000 0.00000 0.00000 0.00000 0.00000 0.00000 0.00000 0.00000 0.00000 0.00000 0.00000 0.00000 0.00000 0.00000 0.00000 0.00000 0.00000 0.00000 0.00000 0.00000 0.00000 0.00000 0.00000 0.00000 0.00000 0.00000 0.00000 0.00000 0.00000 0.00000 0.00000 0.00000 0.00000 0.00000 0.00000 0.00000 0.00000
0.00000 0.00000 0.00000 0.00000 0.00000 0.00000 0.00000 0.00000 0.00000 0.00000 0.00000 0.00000 0.00000 0.00000 0.00000 0.00000 0.00000 0.00000 0.00000 0.00000 0.00000 0.00000 0.00000 0.00000 0.00000 0.03701 0.11070 0.18440 0.25854 0.33165 0.40373 0.47660 0.55092 0.62324 0.69328 0.72854 0.73026 0.72926 0.72543 0.72403 0.72602 0.72511 0.72120 0.72010 0.72183 0.68458 0.60970 0.53772 0.46638 0.39360 0.32108 0.24994 0.17839 0.10658 0.03546 0.03743 0.11219 0.18582 0.25983 0.33532 0.40916 0.48066 0.55422 0.63031 0.70249 0.73620 0.73671 0.73702 0.73390 0.73390 0.73533 0.73228 0.72977 0.73118 0.73195 0.72856 0.72619 0.72792 0.72869 0.72554 0.72311 0.72452 0.72526 0.72270 0.72108 0.72161 0.72107 0.71943 0.71964 0.71984 0.71747 0.71563 0.71702 0.71829 0.71564 0.71276 0.71396 0.71530 0.71351 0.71206 0.71150 0.71078 0.71074 0.71230 0.71085 0.70725 0.70815 0.71086 0.70942 0.70533 0.70519 0.70902 0.70738 0.70367 0.70508 0.70749 0.70480 0.70227 0.70514 0.70601 0.70182 0.70156 0.70540 0.70413 0.70035 0.70124 0.70330 0.70253 0.70085 0.70049 0.70115 0.70154 0.70107 0.70010 0.69961 0.70018 0.70126 0.70071 0.69833 0.69835 0.70162 0.70181 0.69729 0.69709 0.70202 0.70191 0.69692 0.69739 0.70185 0.70145 0.69729 0.69746 0.70162 0.70223 0.69779 0.69741 0.70196 0.70233 0.69798 0.69826 0.70274 0.70259 0.69816 0.69889 0.70353 0.70336 0.69886 0.69977 0.70423 0.70362 0.70016 0.70221 0.70465 0.70219 0.70233 0.70555 0.70450 0.70202 0.70497 0.70738 0.70433 0.70315 0.70768 0.70879 0.70454 0.70457 0.70999 0.71027 0.70571 0.70619 0.71147 0.71202 0.70771 0.70788 0.71330 0.71383 0.70931 0.70972 0.71501 0.71528 0.71119 0.71205 0.71678 0.71700 0.71325 0.71443 0.71909 0.71909 0.71535 0.71705 0.72082 0.71982 0.71846 0.72115 0.72155 0.72001 0.72241 0.72477 0.72259 0.72205 0.72586 0.72708 0.72418 0.72487 0.72883 0.69229 0.61732 0.54596 0.47545 0.40186 0.32797 0.25587 0.18336 0.10985 0.03662 0.00000 0.00000 0.00000 0.00000 0.00000 0.00000 0.00000 0.00000 0.00000 0.00000 0.00000 0.00000 0.00000 0.00000 0.00000 0.00000 0.00000 0.00000 0.00000 0.00000 0.00000 0.00000 0.00000 0.00000 0.00000 0.00000 0.00000 0.00000 0.00000 0.00000 0.00000 0.00000 0.00000 0.00000 0.00000 0.00000 0.00000 0.00000 0.00000 0.00000 0.00000 0.00000 0.00000 0.00000 0.00000
0.00000 0.00000 0.00000 0.00000 0.00000 0.00000 0.00000 0.00000 0.00000 0.00000 0.00000 0.00000 0.00000 0.00000 0.00000 0.00000 0.00000 0.00000 0.00000 0.00000 0.00000 0.00000 0.00000 0.00000 0.00000 0.03901 0.11657 0.19383 0.27176 0.34939 0.42540 0.50118 0.57860 0.65625 0.73101 0.76648 0.76629 0.76754 0.76557 0.76193 0.76113 0.76311 0.76177 0.75745 0.75636 0.72279 0.64980 0.57428 0.50216 0.43196 0.35965 0.28645 0.21527 0.14445 0.07294 0.07264 0.14362 0.21444 0.28414 0.35460 0.42550 0.49443 0.56333 0.63445 0.70388 0.73603 0.73687 0.73740 0.73357 0.73293 0.73472 0.73321 0.72934 0.72939 0.73160 0.72989 0.72584 0.72578 0.72836 0.72705 0.72267 0.72211 0.72526 0.72454 0.71966 0.71894 0.72245 0.72145 0.71676 0.71667 0.71966 0.71849 0.71487 0.71355 0.71581 0.71666 0.71436 0.71123 0.71125 0.71419 0.71379 0.70979 0.70856 0.70907 0.71099 0.71127 0.70824 0.70617 0.70752 0.70821 0.70732 0.70845 0.70542 0.70339 0.70578 0.70725 0.70386 0.70179 0.70460 0.70547 0.70209 0.70178 0.70414 0.70211 0.70025 0.70325 0.70358 0.69929 0.69903 0.70325 0.70281 0.69803 0.69803 0.70264 0.70240 0.69740 0.69720 0.70189 0.70185 0.69736 0.69748 0.70081 0.70019 0.69821 0.69932 0.69930 0.69789 0.69955 0.70075 0.69808 0.69756 0.70049 0.70042 0.69777 0.69909 0.70100 0.69912 0.69824 0.70079 0.70108 0.69885 0.69945 0.70165 0.70079 0.69954 0.70118 0.70242 0.70061 0.69998 0.70311 0.70417 0.70050 0.70000 0.70502 0.70497 0.70081 0.70207 0.70643 0.70544 0.70211 0.70383 0.70745 0.70668 0.70428 0.70520 0.70768 0.70815 0.70732 0.70680 0.70766 0.70964 0.70993 0.70886 0.70908 0.71076 0.71118 0.71150 0.71225 0.71145 0.71169 0.71436 0.71493 0.71279 0.71340 0.71669 0.71667 0.71507 0.71645 0.71856 0.71751 0.71856 0.72031 0.71917 0.71827 0.72188 0.72363 0.72056 0.72007 0.72396 0.72608 0.72285 0.72249 0.72659 0.72814 0.72459 0.68889 0.62002 0.54765 0.47257 0.40032 0.32947 0.25641 0.18254 0.10959 0.03669 0.00000 0.00000 0.00000 0.00000 0.00000 0.00000 0.00000 0.00000 0.00000 0.00000 0.00000 0.00000 0.00000 0.00000 0.00000 0.00000 0.00000 0.00000 0.00000 0.00000 0.00000 0.00000 0.00000 0.00000 0.00000 0.00000 0.00000 0.00000 0.00000 0.00000 0.00000 0.00000 0.00000 0.00000 0.00000 0.00000 0.00000 0.00000 0.00000 0.00000 0.00000 0.00000 0.00000 0.00000 0.00000
0.00000 0.00000 0.00000 0.00000 0.00000 0.00000 0.00000 0.00000 0.00000 0.00000 0.00000 0.00000 0.00000 0.00000 0.00000 0.00000 0.00000 0.00000 0.00000 0.00000 0.00000 0.00000 0.00000 0.00000 0.00000 0.03893 0.11680 0.19418 0.27118 0.34827 0.42600 0.50260 0.57763 0.65356 0.73168 0.76915 0.76548 0.76390 0.76572 0.76488 0.76086 0.75928 0.76123 0.76045 0.75660 0.72335 0.66007 0.59504 0.52895 0.46448 0.40032 0.33581 0.27141 0.20786 0.14410 0.14344 0.20641 0.27046 0.33355 0.39437 0.45708 0.52172 0.58340 0.64284 0.70612 0.73880 0.73561 0.73421 0.73608 0.73379 0.73092 0.73200 0.73282 0.72947 0.72729 0.72910 0.72944 0.72606 0.72411 0.72576 0.72601 0.72315 0.72164 0.72251 0.72193 0.72017 0.72020 0.72008 0.71754 0.71660 0.71812 0.71849 0.71569 0.71315 0.71399 0.71621 0.71503 0.71149 0.71075 0.71218 0.71327 0.71182 0.70872 0.70774 0.71054 0.71106 0.70738 0.70563 0.70810 0.70887 0.70557 0.70407 0.70664 0.70722 0.70436 0.70240 0.70500 0.70584 0.70203 0.70115 0.70501 0.70433 0.69979 0.70041 0.70362 0.70281 0.69983 0.69961 0.70144 0.70178 0.70003 0.69888 0.69983 0.70067 0.70011 0.69913 0.69845 0.69879 0.70046 0.70039 0.69710 0.69677 0.70102 0.70130 0.69622 0.69631 0.70127 0.70058 0.69622 0.69703 0.70105 0.70078 0.69666 0.69669 0.70113 0.70170 0.69697 0.69678 0.70165 0.70201 0.69710 0.69746 0.70239 0.70256 0.69773 0.69818 0.70300 0.70322 0.69912 0.69950 0.70326 0.70259 0.70123 0.70345 0.70307 0.70081 0.70366 0.70582 0.70304 0.70176 0.70602 0.70730 0.70338 0.70309 0.70840 0.70870 0.70418 0.70466 0.71002 0.71032 0.70614 0.70634 0.71153 0.71218 0.70802 0.70802 0.71341 0.71375 0.70948 0.71024 0.71487 0.71507 0.71154 0.71266 0.71704 0.71722 0.71347 0.71470 0.71939 0.71954 0.71565 0.71731 0.72082 0.71961 0.71908 0.72194 0.72181 0.72041 0.72269 0.72525 0.72324 0.72259 0.72584 0.72748 0.72502 0.68887 0.61943 0.54710 0.47265 0.40026 0.32911 0.25613 0.18244 0.10961 0.03666 0.00000 0.00000 0.00000 0.00000 0.00000 0.00000 0.00000 0.00000 0.00000 0.00000 0.00000 0.00000 0.00000 0.00000 0.00000 0.00000 0.00000 0.00000 0.00000 0.00000 0.00000 0.00000 0.00000 0.00000 0.00000 0.00000 0.00000 0.00000 0.00000 0.00000 0.00000 0.00000 0.00000 0.00000 0.00000 0.00000 0.00000 0.00000 0.00000 0.00000 0.00000 0.00000 0.00000 0.00000 0.00000
0.00000 0.00000 0.00000 0.00000 0.00000 0.00000 0.00000 0.00000 0.00000 0.00000 0.00000 0.00000 0.00000 0.00000 0.00000 0.00000 0.00000 0.00000 0.00000 0.00000 0.00000 0.00000 0.00000 0.00000 0.00000 0.03887 0.11680 0.19442 0.27111 0.34779 0.42551 0.50291 0.57812 0.65299 0.73003 0.76923 0.76679 0.76359 0.76326 0.76469 0.76288 0.75901 0.75819 0.76029 0.75912 0.72634 0.66884 0.61414 0.55685 0.49733 0.44036 0.38506 0.32835 0.27053 0.21447 0.21489 0.27024 0.32547 0.38098 0.43605 0.49045 0.54656 0.60159 0.65442 0.70929 0.73826 0.73538 0.73307 0.73545 0.73510 0.73049 0.72971 0.73257 0.73141 0.72681 0.72624 0.72930 0.72819 0.72349 0.72284 0.72614 0.72529 0.72037 0.71957 0.72316 0.72210 0.71741 0.71761 0.72037 0.71831 0.71500 0.71516 0.71701 0.71669 0.71396 0.71230 0.71250 0.71424 0.71370 0.71033 0.70871 0.71095 0.71184 0.71012 0.70793 0.70721 0.70771 0.70864 0.70786 0.70657 0.70492 0.70392 0.70643 0.70719 0.70339 0.70175 0.70475 0.70557 0.70200 0.70103 0.70365 0.70277 0.70039 0.70229 0.70292 0.69944 0.69906 0.70271 0.70210 0.69780 0.69812 0.70220 0.70154 0.69689 0.69699 0.70159 0.70145 0.69645 0.69631 0.70083 0.70057 0.69670 0.69739 0.69960 0.69817 0.69785 0.69964 0.69818 0.69643 0.69902 0.70035 0.69743 0.69695 0.69971 0.69966 0.69758 0.69855 0.69997 0.69887 0.69859 0.69981 0.69966 0.69914 0.70036 0.70051 0.69917 0.69991 0.70222 0.70163 0.69904 0.69979 0.70390 0.70380 0.69947 0.70062 0.70508 0.70397 0.70075 0.70254 0.70611 0.70517 0.70261 0.70386 0.70678 0.70666 0.70517 0.70519 0.70674 0.70828 0.70816 0.70692 0.70729 0.70969 0.71011 0.70927 0.70992 0.71031 0.71062 0.71252 0.71318 0.71082 0.71139 0.71516 0.71527 0.71279 0.71385 0.71692 0.71669 0.71603 0.71719 0.71776 0.71752 0.72021 0.72094 0.71815 0.71860 0.72249 0.72398 0.72075 0.72052 0.72448 0.72645 0.72317 0.72287 0.72695 0.69220 0.61674 0.54409 0.47416 0.40197 0.32781 0.25485 0.18290 0.10998 0.03660 0.00000 0.00000 0.00000 0.00000 0.00000 0.00000 0.00000 0.00000 0.00000 0.00000 0.00000 0.00000 0.00000 0.00000 0.00000 0.00000 0.00000 0.00000 0.00000 0.00000 0.00000 0.00000 0.00000 0.00000 0.00000 0.00000 0.00000 0.00000 0.00000 0.00000 0.00000 0.00000 0.00000 0.00000 0.00000 0.00000 0.00000 0.00000 0.00000 0.00000 0.00000 0.00000 0.00000 0.00000 0.00000
0.00000 0.00000 0.00000 0.00000 0.00000 0.00000 0.00000 0.00000 0.00000 0.00000 0.00000 0.00000 0.00000 0.00000 0.00000 0.00000 0.00000 0.00000 0.00000 0.00000 0.00000 0.00000 0.00000 0.00000 0.00000 0.03886 0.11658 0.19405 0.27145 0.34848 0.42478 0.50115 0.57866 0.65506 0.72902 0.76585 0.76727 0.76641 0.76256 0.76095 0.76284 0.76212 0.75796 0.75656 0.75808 0.73305 0.68113 0.63051 0.58150 0.53265 0.48271 0.43277 0.38331 0.33464 0.28552 0.28546 0.33411 0.38055 0.42840 0.47776 0.52514 0.56993 0.61838 0.66789 0.71358 0.73457 0.73581 0.73522 0.73278 0.73296 0.73317 0.73041 0.72887 0.73036 0.72988 0.72658 0.72550 0.72719 0.72653 0.72344 0.72257 0.72381 0.72282 0.72059 0.72058 0.72081 0.71819 0.71744 0.71922 0.71875 0.71457 0.71390 0.71529 0.71684 0.71622 0.71137 0.71088 0.71353 0.71401 0.71102 0.70843 0.70880 0.71180 0.71101 0.70674 0.70585 0.70937 0.70884 0.70464 0.70466 0.70786 0.70677 0.70345 0.70284 0.70552 0.70552 0.70210 0.70110 0.70459 0.70427 0.69974 0.69992 0.70377 0.70289 0.69908 0.69902 0.70158 0.70181 0.69929 0.69802 0.69992 0.70097 0.69914 0.69762 0.69864 0.69960 0.69924 0.69851 0.69734 0.69731 0.69971 0.70003 0.69603 0.69551 0.70032 0.70025 0.69538 0.69622 0.70055 0.69937 0.69552 0.69648 0.70051 0.70030 0.69581 0.69602 0.70071 0.70118 0.69600 0.69626 0.70124 0.70170 0.69673 0.69690 0.70176 0.70238 0.69831 0.69774 0.70178 0.70315 0.70041 0.69990 0.70146 0.69969 0.70273 0.70445 0.70146 0.70026 0.70474 0.70591 0.70210 0.70158 0.70676 0.70730 0.70293 0.70310 0.70864 0.70880 0.70440 0.70483 0.71011 0.71046 0.70658 0.70649 0.71180 0.71238 0.70805 0.70833 0.71315 0.71324 0.70986 0.71125 0.71500 0.71491 0.71182 0.71311 0.71746 0.71779 0.71366 0.71477 0.71957 0.71941 0.71611 0.71840 0.72090 0.71941 0.71981 0.72282 0.72212 0.72071 0.72298 0.72579 0.72388 0.72277 0.72591 0.69159 0.61690 0.54375 0.47378 0.40171 0.32748 0.25463 0.18291 0.10989 0.03650 0.00000 0.00000 0.00000 0.00000 0.00000 0.00000 0.00000 0.00000 0.00000 0.00000 0.00000 0.00000 0.00000 0.00000 0.00000 0.00000 0.00000 0.00000 0.00000 0.00000 0.00000 0.00000 0.00000 0.00000 0.00000 0.00000 0.00000 0.00000 0.00000 0.00000 0.00000 0.00000 0.00000 0.00000 0.00000 0.00000 0.00000 0.00000 0.00000 0.00000 0.00000 0.00000 0.00000 0.00000 0.00000
0.00000 0.00000 0.00000 0.00000 0.00000 0.00000 0.00000 0.00000 0.00000 0.00000 0.00000 0.00000 0.00000 0.00000 0.00000 0.00000 0.00000 0.00000 0.00000 0.00000 0.00000 0.00000 0.00000 0.00000 0.00000 0.03890 0.11631 0.19374 0.27153 0.34875 0.42473 0.50055 0.57790 0.65520 0.72982 0.76529 0.76534 0.76633 0.76411 0.76070 0.76025 0.76173 0.76025 0.75601 0.75538 0.73660 0.69407 0.64905 0.60639 0.56614 0.52480 0.48124 0.43873 0.39781 0.35715 0.35658 0.39569 0.43653 0.47741 0.51802 0.55723 0.59656 0.63643 0.67816 0.71692 0.73437 0.73647 0.73608 0.73177 0.73050 0.73364 0.73271 0.72795 0.72696 0.73018 0.72935 0.72457 0.72360 0.72693 0.72618 0.72126 0.72036 0.72391 0.72289 0.71816 0.71809 0.72103 0.71871 0.71545 0.71766 0.71797 0.71406 0.71378 0.71530 0.71388 0.71339 0.71335 0.71164 0.70949 0.71125 0.71242 0.70962 0.70722 0.70834 0.70900 0.70823 0.70786 0.70640 0.70467 0.70539 0.70710 0.70649 0.70286 0.70210 0.70521 0.70557 0.70173 0.70065 0.70350 0.70335 0.70045 0.70129 0.70240 0.69978 0.69905 0.70219 0.70158 0.69765 0.69807 0.70176 0.70073 0.69656 0.69720 0.70117 0.70053 0.69586 0.69590 0.70063 0.70058 0.69556 0.69566 0.69995 0.69916 0.69591 0.69748 0.69890 0.69607 0.69701 0.69967 0.69782 0.69558 0.69799 0.69963 0.69746 0.69659 0.69850 0.69899 0.69826 0.69782 0.69835 0.69902 0.69990 0.69854 0.69766 0.69983 0.70143 0.69908 0.69763 0.70097 0.70286 0.69984 0.69825 0.70175 0.70377 0.70154 0.69962 0.70202 0.70459 0.70331 0.70130 0.70298 0.70560 0.70487 0.70324 0.70405 0.70614 0.70666 0.70589 0.70526 0.70641 0.70846 0.70845 0.70708 0.70802 0.70972 0.70974 0.71000 0.71128 0.70923 0.70989 0.71370 0.71367 0.71050 0.71163 0.71570 0.71550 0.71329 0.71436 0.71665 0.71692 0.71757 0.71759 0.71662 0.71784 0.72110 0.72144 0.71827 0.71895 0.72287 0.72429 0.72135 0.72098 0.72473 0.72672 0.72412 0.68720 0.61782 0.54672 0.47253 0.39929 0.32802 0.25591 0.18250 0.10933 0.03655 0.00000 0.00000 0.00000 0.00000 0.00000 0.00000 0.00000 0.00000 0.00000 0.00000 0.00000 0.00000 0.00000 0.00000 0.00000 0.00000 0.00000 0.00000 0.00000 0.00000 0.00000 0.00000 0.00000 0.00000 0.00000 0.00000 0.00000 0.00000 0.00000 0.00000 0.00000 0.00000 0.00000 0.00000 0.00000 0.00000 0.00000 0.00000 0.00000 0.00000 0.00000 0.00000 0.00000 0.00000 0.00000
0.00000 0.00000 0.00000 0.00000 0.00000 0.00000 0.00000 0.00000 0.00000 0.00000 0.00000 0.00000 0.00000 0.00000 0.00000 0.00000 0.00000 0.00000 0.00000 0.00000 0.00000 0.00000 0.00000 0.00000 0.00000 0.03892 0.11645 0.19381 0.27113 0.34787 0.42499 0.50199 0.57711 0.65261 0.73024 0.76804 0.76430 0.76277 0.76458 0.76370 0.75940 0.75810 0.75990 0.75941 0.75541 0.73694 0.70335 0.67005 0.63493 0.59819 0.56357 0.53083 0.49670 0.46093 0.42642 0.42669 0.45987 0.49252 0.52571 0.55700 0.58997 0.62440 0.65598 0.68597 0.71963 0.73642 0.73482 0.73444 0.73318 0.73119 0.73084 0.73182 0.72995 0.72713 0.72732 0.72866 0.72671 0.72374 0.72399 0.72531 0.72344 0.72078 0.72115 0.72203 0.71949 0.71792 0.71948 0.71934 0.71526 0.71469 0.71738 0.71730 0.71495 0.71167 0.71193 0.71464 0.71444 0.71036 0.70890 0.71047 0.71218 0.71031 0.70667 0.70608 0.70996 0.70913 0.70466 0.70534 0.70819 0.70623 0.70278 0.70366 0.70625 0.70499 0.70186 0.70140 0.70439 0.70407 0.69987 0.69966 0.70387 0.70289 0.69851 0.69860 0.70181 0.70165 0.69871 0.69764 0.69991 0.70083 0.69843 0.69674 0.69871 0.70000 0.69821 0.69678 0.69761 0.69832 0.69834 0.69816 0.69650 0.69594 0.69877 0.69941 0.69546 0.69494 0.69943 0.69846 0.69490 0.69610 0.69983 0.69878 0.69486 0.69555 0.69995 0.69992 0.69510 0.69549 0.70016 0.70055 0.69624 0.69601 0.70040 0.70115 0.69782 0.69688 0.70021 0.70186 0.69970 0.69827 0.69986 0.70150 0.70195 0.70264 0.69976 0.69900 0.70382 0.70447 0.70053 0.70017 0.70541 0.70594 0.70168 0.70156 0.70711 0.70743 0.70289 0.70325 0.70881 0.70881 0.70481 0.70510 0.71042 0.71061 0.70663 0.70680 0.71156 0.71207 0.70826 0.71003 0.71315 0.71225 0.71022 0.71225 0.71546 0.71525 0.71213 0.71312 0.71785 0.71831 0.71386 0.71522 0.71979 0.71897 0.71728 0.71979 0.72084 0.71932 0.72066 0.72362 0.72250 0.72080 0.72328 0.72626 0.72451 0.68662 0.61730 0.54649 0.47202 0.39881 0.32829 0.25588 0.18195 0.10919 0.03663 0.00000 0.00000 0.00000 0.00000 0.00000 0.00000 0.00000 0.00000 0.00000 0.00000 0.00000 0.00000 0.00000 0.00000 0.00000 0.00000 0.00000 0.00000 0.00000 0.00000 0.00000 0.00000 0.00000 0.00000 0.00000 0.00000 0.00000 0.00000 0.00000 0.00000 0.00000 0.00000 0.00000 0.00000 0.00000 0.00000 0.00000 0.00000 0.00000 0.00000 0.00000 0.00000 0.00000 0.00000 0.00000
0.00000 0.00000 0.00000 0.00000 0.00000 0.00000 0.00000 0.00000 0.00000 0.00000 0.00000 0.00000 0.00000 0.00000 0.00000 0.00000 0.00000 0.00000 0.00000 0.00000 0.00000 0.00000 0.00000 0.00000 0.00000 0.03886 0.11663 0.19396 0.27084 0.34745 0.42480 0.50195 0.57751 0.65202 0.72886 0.76789 0.76570 0.76238 0.76217 0.76322 0.76156 0.75820 0.75729 0.75843 0.75768 0.74130 0.71316 0.68758 0.66147 0.63297 0.60425 0.57810 0.55293 0.52551 0.49664 0.49620 0.52365 0.54928 0.57168 0.59743 0.62436 0.64964 0.67335 0.69725 0.72414 0.73676 0.73350 0.73187 0.73465 0.73350 0.72941 0.72822 0.73088 0.73019 0.72598 0.72474 0.72745 0.72698 0.72256 0.72136 0.72442 0.72373 0.71921 0.71829 0.72157 0.72001 0.71624 0.71850 0.71865 0.71461 0.71400 0.71722 0.71511 0.71213 0.71299 0.71337 0.71074 0.71097 0.71245 0.71026 0.70724 0.70892 0.71061 0.70810 0.70611 0.70685 0.70504 0.70576 0.70758 0.70593 0.70247 0.70271 0.70588 0.70540 0.70125 0.70066 0.70375 0.70370 0.70038 0.70033 0.70205 0.70050 0.69906 0.70149 0.70121 0.69766 0.69772 0.70137 0.70045 0.69632 0.69705 0.70072 0.69971 0.69547 0.69606 0.70022 0.69981 0.69492 0.69488 0.69981 0.69971 0.69466 0.69514 0.69935 0.69788 0.69485 0.69744 0.69878 0.69497 0.69572 0.69901 0.69813 0.69538 0.69647 0.69861 0.69849 0.69628 0.69661 0.69874 0.69978 0.69665 0.69606 0.69965 0.70072 0.69706 0.69626 0.70083 0.70180 0.69762 0.69717 0.70257 0.70249 0.69836 0.69867 0.70275 0.70298 0.70092 0.70039 0.70255 0.70398 0.70288 0.70187 0.70345 0.70518 0.70469 0.70372 0.70392 0.70598 0.70697 0.70618 0.70513 0.70702 0.70899 0.70824 0.70709 0.70947 0.70984 0.70886 0.71159 0.71195 0.70865 0.70982 0.71443 0.71399 0.71081 0.71206 0.71571 0.71595 0.71457 0.71433 0.71573 0.71766 0.71906 0.71794 0.71620 0.71815 0.72156 0.72191 0.71902 0.71933 0.72302 0.72462 0.72236 0.72155 0.72454 0.69066 0.61661 0.54300 0.47207 0.40102 0.32778 0.25443 0.18213 0.10966 0.03655 0.00000 0.00000 0.00000 0.00000 0.00000 0.00000 0.00000 0.00000 0.00000 0.00000 0.00000 0.00000 0.00000 0.00000 0.00000 0.00000 0.00000 0.00000 0.00000 0.00000 0.00000 0.00000 0.00000 0.00000 0.00000 0.00000 0.00000 0.00000 0.00000 0.00000 0.00000 0.00000 0.00000 0.00000 0.00000 0.00000 0.00000 0.00000 0.00000 0.00000 0.00000 0.00000 0.00000 0.00000 0.00000
0.00000 0.00000 0.00000 0.00000 0.00000 0.00000 0.00000 0.00000 0.00000 0.00000 0.00000 0.00000 0.00000 0.00000 0.00000 0.00000 0.00000 0.00000 0.00000 0.00000 0.00000 0.00000 0.00000 0.00000 0.00000 0.03875 0.11654 0.19373 0.27081 0.34845 0.42448 0.50018 0.57735 0.65440 0.72806 0.76456 0.76601 0.76536 0.76106 0.75980 0.76185 0.76098 0.75647 0.75536 0.75604 0.74725 0.72763 0.70430 0.68478 0.66764 0.64819 0.62589 0.60600 0.58877 0.56969 0.56702 0.58497 0.60370 0.62126 0.63804 0.65700 0.67488 0.69111 0.70878 0.72734 0.73671 0.73356 0.73183 0.73271 0.73342 0.73015 0.72787 0.72918 0.73002 0.72681 0.72434 0.72570 0.72668 0.72376 0.72110 0.72222 0.72341 0.72072 0.71817 0.71929 0.72037 0.71724 0.71527 0.71782 0.71786 0.71480 0.71225 0.71368 0.71543 0.71410 0.71014 0.70971 0.71205 0.71243 0.70936 0.70703 0.70807 0.71033 0.70834 0.70481 0.70664 0.70842 0.70549 0.70282 0.70498 0.70659 0.70410 0.70150 0.70225 0.70459 0.70361 0.70005 0.69978 0.70357 0.70278 0.69822 0.69825 0.70225 0.70148 0.69798 0.69759 0.70010 0.70031 0.69785 0.69659 0.69872 0.69976 0.69744 0.69586 0.69767 0.69881 0.69729 0.69639 0.69681 0.69695 0.69725 0.69773 0.69617 0.69530 0.69747 0.69836 0.69543 0.69543 0.69821 0.69766 0.69487 0.69475 0.69881 0.69887 0.69499 0.69464 0.69894 0.69941 0.69633 0.69541 0.69865 0.69961 0.69782 0.69646 0.69839 0.70010 0.69907 0.69772 0.69840 0.70042 0.70103 0.69973 0.69828 0.69939 0.70293 0.70249 0.69891 0.69933 0.70437 0.70430 0.70019 0.70045 0.70570 0.70590 0.70159 0.70178 0.70729 0.70730 0.70310 0.70371 0.70902 0.70874 0.70499 0.70582 0.71021 0.71041 0.70671 0.70884 0.71154 0.70879 0.70858 0.71244 0.71367 0.71197 0.71057 0.71224 0.71592 0.71623 0.71274 0.71298 0.71811 0.71829 0.71551 0.71652 0.71950 0.71854 0.71903 0.72103 0.72072 0.71920 0.72120 0.72431 0.72307 0.72081 0.72362 0.69049 0.61628 0.54233 0.47256 0.40109 0.32679 0.25400 0.18265 0.10977 0.03639 0.00000 0.00000 0.00000 0.00000 0.00000 0.00000 0.00000 0.00000 0.00000 0.00000 0.00000 0.00000 0.00000 0.00000 0.00000 0.00000 0.00000 0.00000 0.00000 0.00000 0.00000 0.00000 0.00000 0.00000 0.00000 0.00000 0.00000 0.00000 0.00000 0.00000 0.00000 0.00000 0.00000 0.00000 0.00000 0.00000 0.00000 0.00000 0.00000 0.00000 0.00000 0.00000 0.00000 0.00000 0.00000
0.00000 0.00000 0.00000 0.00000 0.00000 0.00000 0.00000 0.00000 0.00000 0.00000 0.00000 0.00000 0.00000 0.00000 0.00000 0.00000 0.00000 0.00000 0.00000 0.00000 0.00000 0.00000 0.00000 0.00000 0.00000 0.03883 0.11638 0.19356 0.27063 0.34802 0.42484 0.49995 0.57657 0.65388 0.72931 0.76394 0.76384 0.76480 0.76328 0.76045 0.75899 0.75913 0.75913 0.75733 0.75435 0.74817 0.73817 0.72555 0.71055 0.69912 0.68920 0.67628 0.66168 0.64993 0.64057 0.63960 0.64675 0.65723 0.67031 0.68068 0.68761 0.69858 0.71055 0.72107 0.73031 0.73341 0.73462 0.73415 0.73145 0.72969 0.73119 0.73077 0.72775 0.72617 0.72767 0.72754 0.72429 0.72260 0.72455 0.72450 0.72077 0.71906 0.72177 0.72124 0.71747 0.71709 0.71901 0.71596 0.71477 0.71775 0.71590 0.71216 0.71302 0.71467 0.71205 0.71068 0.71216 0.71124 0.70817 0.70909 0.71096 0.70842 0.70547 0.70730 0.70819 0.70594 0.70710 0.70592 0.70294 0.70328 0.70637 0.70513 0.70084 0.70092 0.70438 0.70385 0.69994 0.69977 0.70215 0.70137 0.69910 0.70043 0.70077 0.69809 0.69732 0.70091 0.70050 0.69620 0.69632 0.70032 0.69966 0.69520 0.69582 0.69978 0.69909 0.69451 0.69477 0.69937 0.69919 0.69408 0.69406 0.69912 0.69902 0.69380 0.69432 0.69893 0.69780 0.69386 0.69637 0.69878 0.69545 0.69435 0.69762 0.69879 0.69581 0.69470 0.69773 0.69946 0.69525 0.69468 0.69924 0.69978 0.69538 0.69502 0.70037 0.70061 0.69601 0.69614 0.70151 0.70130 0.69700 0.69768 0.70268 0.70149 0.69858 0.69968 0.70249 0.70212 0.70081 0.70109 0.70310 0.70360 0.70247 0.70222 0.70311 0.70512 0.70522 0.70393 0.70333 0.70641 0.70781 0.70607 0.70486 0.70812 0.70997 0.70760 0.70668 0.71023 0.70980 0.70853 0.71154 0.71227 0.70974 0.71031 0.71443 0.71449 0.71194 0.71207 0.71475 0.71694 0.71645 0.71425 0.71488 0.71852 0.71998 0.71896 0.71663 0.71819 0.72175 0.72247 0.72013 0.71982 0.72281 0.72494 0.72363 0.68619 0.61538 0.54531 0.47244 0.39880 0.32665 0.25510 0.18239 0.10927 0.03646 0.00000 0.00000 0.00000 0.00000 0.00000 0.00000 0.00000 0.00000 0.00000 0.00000 0.00000 0.00000 0.00000 0.00000 0.00000 0.00000 0.00000 0.00000 0.00000 0.00000 0.00000 0.00000 0.00000 0.00000 0.00000 0.00000 0.00000 0.00000 0.00000 0.00000 0.00000 0.00000 0.00000 0.00000 0.00000 0.00000 0.00000 0.00000 0.00000 0.00000 0.00000 0.00000 0.00000 0.00000 0.00000
0.00000 0.00000 0.00000 0.00000 0.00000 0.00000 0.00000 0.00000 0.00000 0.00000 0.00000 0.00000 0.00000 0.00000 0.00000 0.00000 0.00000 0.00000 0.00000 0.00000 0.00000 0.00000 0.00000 0.00000 0.00000 0.03882 0.11623 0.19399 0.27092 0.34697 0.42396 0.50170 0.57666 0.65138 0.72838 0.76716 0.76298 0.76158 0.76364 0.76261 0.75874 0.75705 0.75810 0.75822 0.75627 0.75092 0.74643 0.74443 0.73999 0.73190 0.72684 0.72501 0.72065 0.71325 0.70777 0.70932 0.71247 0.71325 0.71684 0.72032 0.72191 0.72389 0.72891 0.73228 0.73251 0.73305 0.73434 0.73454 0.73076 0.72905 0.73075 0.73105 0.72726 0.72541 0.72730 0.72766 0.72408 0.72195 0.72364 0.72448 0.72139 0.71870 0.71985 0.72146 0.71943 0.71573 0.71593 0.71865 0.71689 0.71289 0.71407 0.71605 0.71422 0.71039 0.71067 0.71319 0.71257 0.70884 0.70759 0.70986 0.71068 0.70739 0.70513 0.70798 0.70870 0.70402 0.70304 0.70691 0.70681 0.70285 0.70141 0.70369 0.70487 0.70266 0.70010 0.70058 0.70339 0.70242 0.69821 0.69825 0.70244 0.70124 0.69721 0.69769 0.70061 0.69962 0.69716 0.69725 0.69889 0.69891 0.69678 0.69589 0.69768 0.69853 0.69657 0.69542 0.69673 0.69737 0.69633 0.69618 0.69637 0.69585 0.69591 0.69684 0.69630 0.69545 0.69591 0.69704 0.69589 0.69409 0.69657 0.69839 0.69569 0.69361 0.69687 0.69861 0.69681 0.69472 0.69639 0.69806 0.69822 0.69657 0.69622 0.69803 0.69867 0.69769 0.69701 0.69848 0.69989 0.69892 0.69715 0.69912 0.70183 0.70013 0.69757 0.69998 0.70329 0.70197 0.69873 0.70072 0.70458 0.70395 0.70012 0.70154 0.70583 0.70563 0.70174 0.70261 0.70735 0.70701 0.70348 0.70470 0.70894 0.70829 0.70513 0.70744 0.71019 0.70824 0.70695 0.71217 0.71214 0.70882 0.70881 0.71295 0.71425 0.71326 0.71127 0.71123 0.71598 0.71696 0.71455 0.71380 0.71742 0.71795 0.71805 0.71806 0.71842 0.71813 0.71988 0.72213 0.72115 0.71907 0.72140 0.72494 0.72384 0.68516 0.61550 0.54554 0.47146 0.39821 0.32771 0.25541 0.18155 0.10897 0.03658 0.00000 0.00000 0.00000 0.00000 0.00000 0.00000 0.00000 0.00000 0.00000 0.00000 0.00000 0.00000 0.00000 0.00000 0.00000 0.00000 0.00000 0.00000 0.00000 0.00000 0.00000 0.00000 0.00000 0.00000 0.00000 0.00000 0.00000 0.00000 0.00000 0.00000 0.00000 0.00000 0.00000 0.00000 0.00000 0.00000 0.00000 0.00000 0.00000 0.00000 0.00000 0.00000 0.00000 0.00000 0.00000
0.00000 0.00000 0.00000 0.00000 0.00000 0.00000 0.00000 0.00000 0.00000 0.00000 0.00000 0.00000 0.00000 0.00000 0.00000 0.00196 0.00588 0.00979 0.01370 0.01758 0.02147 0.02535 0.02921 0.03306 0.03695 0.07567 0.14898 0.22266 0.29646 0.36834 0.44078 0.51433 0.58709 0.65708 0.72896 0.76592 0.76532 0.76254 0.76050 0.76044 0.76095 0.75972 0.75585 0.75491 0.75678 0.75590 0.75140 0.75103 0.75268 0.75083 0.74707 0.74697 0.74854 0.74647 0.74281 0.74222 0.74419 0.74291 0.73857 0.73879 0.73985 0.73866 0.73721 0.73509 0.73468 0.73494 0.73376 0.73115 0.73128 0.73152 0.72969 0.72754 0.72781 0.72818 0.72618 0.72396 0.72449 0.72514 0.72272 0.72022 0.72159 0.72233 0.71925 0.71687 0.71894 0.71892 0.71614 0.71714 0.71617 0.71309 0.71372 0.71522 0.71294 0.71091 0.71212 0.71213 0.70934 0.70922 0.71082 0.70901 0.70634 0.70764 0.70876 0.70624 0.70501 0.70616 0.70450 0.70362 0.70615 0.70505 0.70111 0.70125 0.70485 0.70385 0.69938 0.69964 0.70283 0.70197 0.69866 0.69938 0.70075 0.69902 0.69712 0.70006 0.70036 0.69655 0.69572 0.69986 0.70003 0.69508 0.69501 0.69938 0.69902 0.69420 0.69448 0.69892 0.69865 0.69363 0.69357 0.69858 0.69861 0.69334 0.69338 0.69830 0.69856 0.69323 0.69367 0.69824 0.69750 0.69328 0.69503 0.69845 0.69642 0.69354 0.69575 0.69863 0.69605 0.69408 0.69788 0.69845 0.69436 0.69457 0.69963 0.69928 0.69499 0.69512 0.70036 0.70023 0.69597 0.69646 0.70142 0.70043 0.69706 0.69870 0.70125 0.70044 0.69899 0.70057 0.70174 0.70159 0.70067 0.70146 0.70280 0.70356 0.70306 0.70234 0.70163 0.70540 0.70667 0.70394 0.70306 0.70707 0.70865 0.70579 0.70474 0.70875 0.71050 0.70736 0.70715 0.71051 0.71054 0.70906 0.71086 0.71265 0.71129 0.71053 0.71263 0.71542 0.71436 0.71208 0.71367 0.71801 0.71796 0.71562 0.71474 0.71627 0.71512 0.71120 0.70506 0.70211 0.70176 0.69946 0.69442 0.69000 0.68803 0.65432 0.58544 0.51544 0.44684 0.37961 0.31128 0.24166 0.17250 0.10378 0.03468 0.00000 0.00000 0.00000 0.00000 0.00000 0.00000 0.00000 0.00000 0.00000 0.00000 0.00000 0.00000 0.00000 0.00000 0.00000 0.00000 0.00000 0.00000 0.00000 0.00000 0.00000 0.00000 0.00000 0.00000 0.00000 0.00000 0.00000 0.00000 0.00000 0.00000 0.00000 0.00000 0.00000 0.00000 0.00000 0.00000 0.00000 0.00000 0.00000 0.00000 0.00000 0.00000 0.00000 0.00000 0.00000
0.00000 0.00000 0.00000 0.00000 0.00000 0.00000 0.00000 0.00000 0.00000 0.00000 0.00000 0.00000 0.00000 0.00000 0.00000 0.00590 0.01762 0.02928 0.04112 0.05283 0.06433 0.07589 0.08777 0.09920 0.11059 0.14940 0.21536 0.28015 0.34552 0.41182 0.47628 0.53963 0.60449 0.67088 0.73376 0.76349 0.76257 0.76425 0.76240 0.75896 0.75930 0.75967 0.75801 0.75469 0.75370 0.75516 0.75461 0.75055 0.74899 0.75069 0.75022 0.74660 0.74461 0.74605 0.74577 0.74294 0.74040 0.74113 0.74018 0.73904 0.74002 0.73757 0.73520 0.73525 0.73600 0.73489 0.73160 0.73071 0.73211 0.73168 0.72813 0.72681 0.72858 0.72829 0.72474 0.72331 0.72502 0.72508 0.72187 0.71988 0.72107 0.72215 0.71994 0.71663 0.71655 0.71936 0.71897 0.71367 0.71313 0.71666 0.71529 0.71102 0.71124 0.71393 0.71292 0.70889 0.70824 0.71103 0.71103 0.70711 0.70556 0.70866 0.70906 0.70456 0.70334 0.70765 0.70707 0.70205 0.70153 0.70517 0.70513 0.70153 0.70012 0.70201 0.70342 0.70150 0.69844 0.69905 0.70234 0.70098 0.69678 0.69776 0.70105 0.69921 0.69640 0.69822 0.69925 0.69742 0.69610 0.69691 0.69781 0.69748 0.69593 0.69543 0.69658 0.69707 0.69580 0.69532 0.69599 0.69584 0.69522 0.69598 0.69626 0.69490 0.69447 0.69618 0.69657 0.69440 0.69435 0.69749 0.69664 0.69353 0.69457 0.69806 0.69727 0.69404 0.69434 0.69720 0.69836 0.69738 0.69417 0.69558 0.69866 0.69806 0.69547 0.69621 0.69872 0.69901 0.69631 0.69689 0.70047 0.69966 0.69645 0.70010 0.70209 0.69890 0.69751 0.70180 0.70333 0.70043 0.69873 0.70301 0.70465 0.70226 0.70025 0.70320 0.70586 0.70463 0.70207 0.70397 0.70741 0.70646 0.70377 0.70578 0.70895 0.70763 0.70537 0.70904 0.71079 0.70779 0.70706 0.71211 0.71281 0.70992 0.70930 0.71110 0.71447 0.71519 0.71286 0.71196 0.71520 0.71700 0.71687 0.71522 0.71592 0.71215 0.70293 0.69260 0.68090 0.66931 0.66046 0.65249 0.64096 0.62760 0.61861 0.58588 0.52359 0.46045 0.40061 0.34021 0.27745 0.21578 0.15497 0.09311 0.03088 0.00000 0.00000 0.00000 0.00000 0.00000 0.00000 0.00000 0.00000 0.00000 0.00000 0.00000 0.00000 0.00000 0.00000 0.00000 0.00000 0.00000 0.00000 0.00000 0.00000 0.00000 0.00000 0.00000 0.00000 0.00000 0.00000 0.00000 0.00000 0.00000 0.00000 0.00000 0.00000 0.00000 0.00000 0.00000 0.00000 0.00000 0.00000 0.00000 0.00000 0.00000 0.00000 0.00000 0.00000 0.00000
0.00000 0.00000 0.00000 0.00000 0.00000 0.00000 0.00000 0.00000 0.00000 0.00000 0.00000 0.00000 0.00000 0.00000 0.00000 0.00980 0.02935 0.04893 0.06848 0.08786 0.10723 0.12659 0.14616 0.16524 0.18420 0.22298 0.28141 0.33838 0.39525 0.45344 0.51154 0.56690 0.62300 0.68094 0.73861 0.76446 0.76206 0.76147 0.76289 0.76190 0.75738 0.75660 0.75854 0.75731 0.75294 0.75260 0.75426 0.75225 0.74861 0.74903 0.75004 0.74724 0.74441 0.74502 0.74571 0.74248 0.74047 0.74155 0.74093 0.73872 0.73803 0.73744 0.73503 0.73561 0.73605 0.73278 0.73144 0.73239 0.73160 0.72877 0.72816 0.72914 0.72789 0.72516 0.72466 0.72592 0.72461 0.72146 0.72145 0.72310 0.72125 0.71773 0.71864 0.72030 0.71796 0.71555 0.71603 0.71555 0.71502 0.71510 0.71329 0.71177 0.71267 0.71272 0.71024 0.70959 0.71083 0.70966 0.70731 0.70795 0.70882 0.70670 0.70537 0.70647 0.70575 0.70396 0.70530 0.70518 0.70204 0.70154 0.70482 0.70390 0.69944 0.69973 0.70344 0.70225 0.69798 0.69880 0.70141 0.69990 0.69686 0.69904 0.70036 0.69718 0.69565 0.69925 0.70014 0.69525 0.69466 0.69896 0.69921 0.69404 0.69385 0.69854 0.69841 0.69326 0.69327 0.69813 0.69807 0.69286 0.69281 0.69775 0.69783 0.69285 0.69281 0.69729 0.69772 0.69308 0.69295 0.69723 0.69692 0.69333 0.69376 0.69725 0.69753 0.69409 0.69401 0.69680 0.69566 0.69505 0.69785 0.69738 0.69485 0.69462 0.69880 0.69913 0.69562 0.69508 0.69939 0.69975 0.69685 0.69725 0.69893 0.69933 0.69885 0.69978 0.69925 0.69968 0.70058 0.70112 0.70115 0.70147 0.70147 0.70156 0.70152 0.70382 0.70535 0.70234 0.70173 0.70587 0.70751 0.70391 0.70317 0.70747 0.70908 0.70591 0.70488 0.70889 0.71062 0.70804 0.70719 0.71063 0.71193 0.70963 0.70944 0.71337 0.71422 0.71044 0.71174 0.71633 0.71622 0.71312 0.71334 0.71757 0.71888 0.70861 0.68846 0.67236 0.65762 0.64009 0.62014 0.60198 0.58603 0.56945 0.55116 0.51430 0.46036 0.40737 0.35413 0.29920 0.24439 0.19050 0.13671 0.08197 0.02728 0.00000 0.00000 0.00000 0.00000 0.00000 0.00000 0.00000 0.00000 0.00000 0.00000 0.00000 0.00000 0.00000 0.00000 0.00000 0.00000 0.00000 0.00000 0.00000 0.00000 0.00000 0.00000 0.00000 0.00000 0.00000 0.00000 0.00000 0.00000 0.00000 0.00000 0.00000 0.00000 0.00000 0.00000 0.00000 0.00000 0.00000 0.00000 0.00000 0.00000 0.00000 0.00000 0.00000 0.00000 0.00000
0.00000 0.00000 0.00000 0.00000 0.00000 0.00000 0.00000 0.00000 0.00000 0.00000 0.00000 0.00000 0.00000 0.00000 0.00000 0.01368 0.04117 0.06856 0.09566 0.12277 0.15040 0.17733 0.20403 0.23123 0.25862 0.29637 0.34614 0.39686 0.44666 0.49478 0.54420 0.59515 0.64379 0.69084 0.73947 0.76580 0.76449 0.76096 0.75979 0.76107 0.76039 0.75673 0.75514 0.75632 0.75614 0.75265 0.75067 0.75172 0.75161 0.74859 0.74657 0.74722 0.74701 0.74475 0.74257 0.74243 0.74192 0.74140 0.74149 0.73737 0.73622 0.73874 0.73779 0.73448 0.73244 0.73303 0.73357 0.73204 0.72917 0.72837 0.72968 0.72888 0.72580 0.72485 0.72615 0.72544 0.72260 0.72151 0.72240 0.72239 0.72028 0.71810 0.71797 0.71968 0.71912 0.71487 0.71370 0.71709 0.71660 0.71195 0.71145 0.71447 0.71363 0.70942 0.70884 0.71181 0.71146 0.70721 0.70607 0.70941 0.70947 0.70483 0.70372 0.70779 0.70741 0.70221 0.70178 0.70599 0.70540 0.70089 0.70022 0.70336 0.70359 0.70034 0.69863 0.70049 0.70225 0.70014 0.69685 0.69834 0.70116 0.69896 0.69576 0.69857 0.69967 0.69632 0.69541 0.69802 0.69805 0.69589 0.69528 0.69624 0.69659 0.69614 0.69529 0.69516 0.69558 0.69549 0.69492 0.69535 0.69561 0.69438 0.69392 0.69586 0.69631 0.69372 0.69311 0.69637 0.69683 0.69329 0.69294 0.69691 0.69735 0.69394 0.69294 0.69595 0.69804 0.69733 0.69302 0.69314 0.69857 0.69823 0.69380 0.69426 0.69808 0.69895 0.69573 0.69493 0.69876 0.69999 0.69562 0.69676 0.70082 0.69871 0.69634 0.70072 0.70202 0.69796 0.69768 0.70253 0.70334 0.69918 0.69883 0.70377 0.70465 0.70112 0.70052 0.70404 0.70596 0.70406 0.70241 0.70469 0.70755 0.70629 0.70398 0.70652 0.70943 0.70761 0.70557 0.70928 0.71138 0.70882 0.70735 0.71085 0.71329 0.71229 0.71052 0.71091 0.71389 0.71554 0.71509 0.71308 0.71394 0.71682 0.71818 0.70421 0.67828 0.65428 0.63096 0.60733 0.58145 0.55441 0.53059 0.50841 0.48297 0.44475 0.39881 0.35396 0.30643 0.25881 0.21244 0.16556 0.11791 0.07083 0.02372 0.00000 0.00000 0.00000 0.00000 0.00000 0.00000 0.00000 0.00000 0.00000 0.00000 0.00000 0.00000 0.00000 0.00000 0.00000 0.00000 0.00000 0.00000 0.00000 0.00000 0.00000 0.00000 0.00000 0.00000 0.00000 0.00000 0.00000 0.00000 0.00000 0.00000 0.00000 0.00000 0.00000 0.00000 0.00000 0.00000 0.00000 0.00000 0.00000 0.00000 0.00000 0.00000 0.00000 0.00000 0.00000
0.00000 0.00000 0.00000 0.00000 0.00000 0.00000 0.00000 0.00000 0.00000 0.00000 0.00000 0.00000 0.00000 0.00000 0.00000 0.01764 0.05295 0.08797 0.12294 0.15803 0.19331 0.22781 0.26225 0.29710 0.33246 0.37016 0.41151 0.45421 0.49721 0.53760 0.57822 0.62091 0.66352 0.70297 0.74274 0.76391 0.76473 0.76258 0.75910 0.75880 0.76024 0.75836 0.75467 0.75474 0.75576 0.75330 0.75036 0.75119 0.75137 0.74820 0.74612 0.74737 0.74707 0.74344 0.74208 0.74375 0.74251 0.73872 0.73896 0.74025 0.73688 0.73582 0.73739 0.73487 0.73188 0.73309 0.73350 0.73015 0.72875 0.73021 0.72932 0.72618 0.72521 0.72701 0.72621 0.72257 0.72170 0.72390 0.72303 0.71882 0.71863 0.72120 0.71975 0.71570 0.71592 0.71765 0.71657 0.71466 0.71337 0.71311 0.71370 0.71303 0.71074 0.71023 0.71126 0.71024 0.70810 0.70834 0.70897 0.70726 0.70601 0.70677 0.70622 0.70443 0.70502 0.70538 0.70290 0.70188 0.70452 0.70404 0.70006 0.69990 0.70351 0.70244 0.69800 0.69864 0.70211 0.70039 0.69660 0.69829 0.70063 0.69786 0.69565 0.69855 0.69991 0.69557 0.69483 0.69848 0.69888 0.69403 0.69356 0.69816 0.69825 0.69301 0.69286 0.69776 0.69768 0.69243 0.69236 0.69735 0.69729 0.69228 0.69226 0.69676 0.69691 0.69272 0.69242 0.69611 0.69661 0.69335 0.69261 0.69579 0.69705 0.69415 0.69245 0.69534 0.69734 0.69535 0.69441 0.69530 0.69537 0.69506 0.69678 0.69779 0.69561 0.69378 0.69730 0.69907 0.69720 0.69550 0.69683 0.69878 0.69991 0.69860 0.69690 0.69824 0.70108 0.70062 0.69878 0.69934 0.70132 0.70136 0.70074 0.70173 0.70288 0.70147 0.70104 0.70431 0.70610 0.70234 0.70181 0.70624 0.70771 0.70423 0.70343 0.70753 0.70942 0.70679 0.70522 0.70875 0.71131 0.70907 0.70734 0.71094 0.71351 0.70976 0.70963 0.71435 0.71522 0.71122 0.71189 0.71628 0.71710 0.71504 0.71346 0.70024 0.67101 0.63840 0.60359 0.57174 0.54217 0.51059 0.47727 0.44456 0.41285 0.37747 0.33856 0.29856 0.25832 0.21882 0.18004 0.14001 0.09969 0.05987 0.02006 0.00000 0.00000 0.00000 0.00000 0.00000 0.00000 0.00000 0.00000 0.00000 0.00000 0.00000 0.00000 0.00000 0.00000 0.00000 0.00000 0.00000 0.00000 0.00000 0.00000 0.00000 0.00000 0.00000 0.00000 0.00000 0.00000 0.00000 0.00000 0.00000 0.00000 0.00000 0.00000 0.00000 0.00000 0.00000 0.00000 0.00000 0.00000 0.00000 0.00000 0.00000 0.00000 0.00000 0.00000 0.00000
0.00000 0.00000 0.00000 0.00000 0.00000 0.00000 0.00000 0.00000 0.00000 0.00000 0.00000 0.00000 0.00000 0.00000 0.00000 0.02157 0.06452 0.10737 0.15061 0.19323 0.23549 0.27830 0.32144 0.36300 0.40483 0.44396 0.47874 0.51145 0.54536 0.58077 0.61461 0.64658 0.68006 0.71554 0.74884 0.76289 0.76133 0.76261 0.76206 0.75862 0.75684 0.75771 0.75754 0.75465 0.75262 0.75282 0.75276 0.75063 0.74869 0.74830 0.74801 0.74652 0.74477 0.74386 0.74328 0.74279 0.74162 0.73900 0.73788 0.73970 0.73913 0.73441 0.73340 0.73574 0.73517 0.73182 0.73008 0.73021 0.73091 0.72959 0.72703 0.72625 0.72708 0.72593 0.72371 0.72329 0.72353 0.72253 0.72080 0.71989 0.71943 0.71973 0.71928 0.71641 0.71488 0.71724 0.71756 0.71317 0.71180 0.71481 0.71451 0.71027 0.70938 0.71235 0.71200 0.70769 0.70664 0.71001 0.70990 0.70517 0.70418 0.70814 0.70781 0.70266 0.70210 0.70635 0.70575 0.70086 0.70040 0.70413 0.70385 0.69971 0.69878 0.70176 0.70234 0.69901 0.69703 0.69943 0.70116 0.69833 0.69558 0.69840 0.69984 0.69627 0.69490 0.69823 0.69827 0.69485 0.69470 0.69702 0.69674 0.69497 0.69468 0.69548 0.69544 0.69485 0.69457 0.69496 0.69496 0.69399 0.69376 0.69540 0.69558 0.69301 0.69257 0.69593 0.69639 0.69259 0.69201 0.69620 0.69693 0.69298 0.69205 0.69544 0.69740 0.69541 0.69232 0.69302 0.69778 0.69762 0.69272 0.69287 0.69824 0.69842 0.69468 0.69369 0.69706 0.69929 0.69562 0.69490 0.69916 0.69948 0.69521 0.69822 0.70082 0.69775 0.69679 0.70096 0.70186 0.69798 0.69788 0.70291 0.70341 0.69903 0.69898 0.70399 0.70478 0.70129 0.70092 0.70429 0.70609 0.70441 0.70263 0.70497 0.70801 0.70671 0.70414 0.70672 0.71004 0.70839 0.70586 0.70878 0.71190 0.71045 0.70816 0.71005 0.71329 0.71358 0.71296 0.71150 0.71259 0.71566 0.71658 0.71421 0.71363 0.69692 0.65925 0.61961 0.57927 0.53928 0.50100 0.46377 0.42408 0.38247 0.34351 0.30976 0.27720 0.24360 0.21150 0.17968 0.14687 0.11424 0.08182 0.04912 0.01634 0.00000 0.00000 0.00000 0.00000 0.00000 0.00000 0.00000 0.00000 0.00000 0.00000 0.00000 0.00000 0.00000 0.00000 0.00000 0.00000 0.00000 0.00000 0.00000 0.00000 0.00000 0.00000 0.00000 0.00000 0.00000 0.00000 0.00000 0.00000 0.00000 0.00000 0.00000 0.00000 0.00000 0.00000 0.00000 0.00000 0.00000 0.00000 0.00000 0.00000 0.00000 0.00000 0.00000 0.00000 0.00000
0.00000 0.00000 0.00000 0.00000 0.00000 0.00000 0.00000 0.00000 0.00000 0.00000 0.00000 0.00000 0.00000 0.00000 0.00000 0.02544 0.07619 0.12703 0.17800 0.22817 0.27829 0.32865 0.37982 0.42914 0.47820 0.51686 0.54472 0.56981 0.59491 0.62224 0.64962 0.67384 0.69853 0.72594 0.75306 0.76337 0.76087 0.76140 0.76190 0.75904 0.75637 0.75720 0.75729 0.75416 0.75215 0.75339 0.75265 0.74920 0.74787 0.74947 0.74833 0.74455 0.74362 0.74551 0.74409 0.74010 0.73986 0.74171 0.73925 0.73630 0.73725 0.73713 0.73367 0.73349 0.73465 0.73192 0.72925 0.73107 0.73066 0.72732 0.72621 0.72823 0.72749 0.72355 0.72234 0.72493 0.72451 0.71996 0.71907 0.72192 0.72126 0.71635 0.71615 0.71895 0.71801 0.71464 0.71355 0.71455 0.71489 0.71332 0.71108 0.71101 0.71205 0.71083 0.70866 0.70879 0.70942 0.70789 0.70656 0.70707 0.70663 0.70506 0.70526 0.70553 0.70349 0.70241 0.70447 0.70416 0.70066 0.70021 0.70338 0.70262 0.69848 0.69871 0.70216 0.70068 0.69671 0.69799 0.70090 0.69831 0.69542 0.69800 0.69976 0.69591 0.69475 0.69806 0.69862 0.69411 0.69356 0.69778 0.69791 0.69290 0.69255 0.69740 0.69736 0.69211 0.69197 0.69699 0.69689 0.69174 0.69173 0.69649 0.69635 0.69202 0.69201 0.69559 0.69584 0.69292 0.69226 0.69481 0.69607 0.69383 0.69178 0.69437 0.69692 0.69488 0.69234 0.69415 0.69576 0.69544 0.69491 0.69567 0.69541 0.69319 0.69567 0.69813 0.69684 0.69375 0.69551 0.69860 0.69905 0.69740 0.69529 0.69719 0.70089 0.69984 0.69672 0.69754 0.70131 0.70115 0.69892 0.69942 0.70159 0.70134 0.70060 0.70229 0.70388 0.70124 0.70095 0.70485 0.70637 0.70258 0.70204 0.70637 0.70803 0.70524 0.70390 0.70724 0.70990 0.70816 0.70586 0.70862 0.71198 0.71004 0.70806 0.71151 0.71391 0.71039 0.71036 0.71468 0.71558 0.71300 0.71210 0.71560 0.71797 0.69355 0.64457 0.59908 0.55604 0.50973 0.46123 0.41452 0.36918 0.32272 0.27606 0.23999 0.21459 0.18944 0.16501 0.13970 0.11389 0.08863 0.06370 0.03825 0.01270 0.00000 0.00000 0.00000 0.00000 0.00000 0.00000 0.00000 0.00000 0.00000 0.00000 0.00000 0.00000 0.00000 0.00000 0.00000 0.00000 0.00000 0.00000 0.00000 0.00000 0.00000 0.00000 0.00000 0.00000 0.00000 0.00000 0.00000 0.00000 0.00000 0.00000 0.00000 0.00000 0.00000 0.00000 0.00000 0.00000 0.00000 0.00000 0.00000 0.00000 0.00000 0.00000 0.00000 0.00000 0.00000
0.00000 0.00000 0.00000 0.00000 0.00000 0.00000 0.00000 0.00000 0.00000 0.00000 0.00000 0.00000 0.00000 0.00000 0.00000 0.02933 0.08813 0.14659 0.20463 0.26317 0.32194 0.37920 0.43640 0.49518 0.55359 0.58997 0.60815 0.62819 0.64701 0.66358 0.68173 0.70160 0.71976 0.73611 0.75403 0.76426 0.76313 0.76032 0.75901 0.75942 0.75860 0.75629 0.75485 0.75431 0.75372 0.75246 0.75093 0.74951 0.74888 0.74829 0.74699 0.74524 0.74427 0.74413 0.74323 0.74084 0.73957 0.74055 0.74004 0.73599 0.73479 0.73733 0.73656 0.73174 0.73089 0.73278 0.73243 0.72974 0.72803 0.72716 0.72814 0.72693 0.72499 0.72509 0.72448 0.72277 0.72165 0.72184 0.72085 0.71979 0.71929 0.71811 0.71619 0.71736 0.71822 0.71452 0.71251 0.71510 0.71532 0.71128 0.70999 0.71279 0.71258 0.70839 0.70726 0.71052 0.71036 0.70568 0.70470 0.70855 0.70824 0.70308 0.70247 0.70670 0.70617 0.70109 0.70059 0.70457 0.70421 0.69966 0.69895 0.70245 0.70255 0.69842 0.69721 0.70043 0.70124 0.69755 0.69561 0.69865 0.69993 0.69636 0.69467 0.69791 0.69836 0.69473 0.69431 0.69717 0.69687 0.69420 0.69410 0.69582 0.69556 0.69415 0.69401 0.69479 0.69468 0.69367 0.69354 0.69481 0.69483 0.69259 0.69240 0.69552 0.69568 0.69178 0.69146 0.69589 0.69631 0.69182 0.69131 0.69557 0.69667 0.69341 0.69159 0.69330 0.69697 0.69636 0.69200 0.69202 0.69744 0.69759 0.69282 0.69274 0.69645 0.69829 0.69639 0.69384 0.69658 0.69857 0.69486 0.69597 0.69955 0.69808 0.69602 0.69873 0.70047 0.69775 0.69731 0.70131 0.70187 0.69797 0.69793 0.70318 0.70360 0.69926 0.69931 0.70398 0.70485 0.70217 0.70131 0.70414 0.70645 0.70524 0.70272 0.70498 0.70865 0.70753 0.70455 0.70661 0.71046 0.70956 0.70678 0.70843 0.71231 0.71192 0.71060 0.71012 0.71190 0.71428 0.71471 0.71217 0.71206 0.71592 0.71746 0.68881 0.63399 0.58193 0.52949 0.47682 0.42287 0.36732 0.31392 0.26201 0.20791 0.17085 0.15307 0.13592 0.11778 0.09943 0.08152 0.06351 0.04533 0.02722 0.00910 0.00000 0.00000 0.00000 0.00000 0.00000 0.00000 0.00000 0.00000 0.00000 0.00000 0.00000 0.00000 0.00000 0.00000 0.00000 0.00000 0.00000 0.00000 0.00000 0.00000 0.00000 0.00000 0.00000 0.00000 0.00000 0.00000 0.00000 0.00000 0.00000 0.00000 0.00000 0.00000 0.00000 0.00000 0.00000 0.00000 0.00000 0.00000 0.00000 0.00000 0.00000 0.00000 0.00000 0.00000 0.00000
0.00000 0.00000 0.00000 0.00000 0.00000 0.00000 0.00000 0.00000 0.00000 0.00000 0.00000 0.00000 0.00000 0.00000 0.00000 0.03326 0.09986 0.16605 0.23195 0.29796 0.36480 0.42996 0.49459 0.56018 0.62734 0.66409 0.67342 0.68508 0.69738 0.70624 0.71553 0.72782 0.73937 0.74757 0.75692 0.76382 0.76359 0.76000 0.75802 0.75956 0.75897 0.75520 0.75374 0.75547 0.75420 0.75039 0.74962 0.75134 0.74965 0.74583 0.74522 0.74718 0.74558 0.74150 0.74098 0.74309 0.74135 0.73745 0.73741 0.73886 0.73646 0.73411 0.73457 0.73393 0.73134 0.73161 0.73142 0.72885 0.72814 0.72923 0.72759 0.72461 0.72363 0.72611 0.72570 0.72104 0.72000 0.72275 0.72249 0.71742 0.71674 0.71974 0.71925 0.71497 0.71398 0.71573 0.71599 0.71394 0.71152 0.71174 0.71293 0.71159 0.70917 0.70919 0.71009 0.70865 0.70702 0.70735 0.70721 0.70583 0.70553 0.70560 0.70405 0.70321 0.70462 0.70411 0.70112 0.70082 0.70348 0.70268 0.69890 0.69902 0.70209 0.70087 0.69710 0.69801 0.70084 0.69859 0.69551 0.69776 0.69968 0.69612 0.69434 0.69780 0.69867 0.69417 0.69343 0.69748 0.69771 0.69287 0.69239 0.69704 0.69708 0.69193 0.69165 0.69665 0.69655 0.69136 0.69125 0.69622 0.69601 0.69134 0.69148 0.69540 0.69513 0.69211 0.69215 0.69439 0.69487 0.69313 0.69190 0.69380 0.69578 0.69400 0.69119 0.69368 0.69586 0.69479 0.69347 0.69424 0.69482 0.69408 0.69465 0.69679 0.69610 0.69351 0.69435 0.69784 0.69797 0.69677 0.69449 0.69614 0.69969 0.69913 0.69517 0.69599 0.70082 0.70060 0.69679 0.69743 0.70117 0.70148 0.69942 0.69983 0.70192 0.70100 0.70048 0.70307 0.70469 0.70104 0.70084 0.70528 0.70673 0.70354 0.70256 0.70604 0.70837 0.70685 0.70461 0.70676 0.71026 0.70956 0.70676 0.70859 0.71227 0.71077 0.70895 0.71195 0.71411 0.71159 0.71089 0.71445 0.71623 0.71422 0.71250 0.68482 0.62710 0.56587 0.50256 0.44190 0.38326 0.32219 0.26072 0.19973 0.13866 0.10265 0.09218 0.08142 0.07034 0.05954 0.04902 0.03817 0.02713 0.01630 0.00546 0.00000 0.00000 0.00000 0.00000 0.00000 0.00000 0.00000 0.00000 0.00000 0.00000 0.00000 0.00000 0.00000 0.00000 0.00000 0.00000 0.00000 0.00000 0.00000 0.00000 0.00000 0.00000 0.00000 0.00000 0.00000 0.00000 0.00000 0.00000 0.00000 0.00000 0.00000 0.00000 0.00000 0.00000 0.00000 0.00000 0.00000 0.00000 0.00000 0.00000 0.00000 0.00000 0.00000 0.00000 0.00000
0.00000 0.00000 0.00000 0.00000 0.00000 0.00000 0.00000 0.00000 0.00000 0.00000 0.00000 0.00000 0.00000 0.00000 0.00000 0.03719 0.11122 0.18547 0.25995 0.33308 0.40590 0.48041 0.55465 0.62598 0.69796 0.73774 0.74148 0.74229 0.74465 0.74916 0.75228 0.75336 0.75608 0.76010 0.76261 0.76209 0.76133 0.76122 0.75964 0.75770 0.75716 0.75620 0.75472 0.75393 0.75313 0.75105 0.74985 0.75001 0.74908 0.74661 0.74524 0.74560 0.74510 0.74259 0.74080 0.74146 0.74137 0.73816 0.73629 0.73799 0.73777 0.73342 0.73203 0.73452 0.73394 0.72919 0.72877 0.72953 0.72958 0.72816 0.72606 0.72683 0.72551 0.72306 0.72277 0.72401 0.72209 0.71987 0.71944 0.71994 0.71821 0.71751 0.71816 0.71592 0.71338 0.71546 0.71605 0.71230 0.71084 0.71331 0.71311 0.70918 0.70802 0.71105 0.71085 0.70632 0.70528 0.70898 0.70871 0.70360 0.70293 0.70709 0.70661 0.70141 0.70083 0.70497 0.70468 0.69987 0.69908 0.70281 0.70289 0.69840 0.69739 0.70101 0.70140 0.69710 0.69574 0.69924 0.70003 0.69616 0.69464 0.69775 0.69843 0.69497 0.69414 0.69686 0.69688 0.69403 0.69370 0.69582 0.69573 0.69369 0.69334 0.69465 0.69476 0.69346 0.69307 0.69413 0.69438 0.69260 0.69227 0.69481 0.69493 0.69128 0.69119 0.69559 0.69564 0.69083 0.69074 0.69573 0.69602 0.69155 0.69090 0.69451 0.69630 0.69428 0.69128 0.69154 0.69685 0.69673 0.69187 0.69178 0.69689 0.69752 0.69466 0.69284 0.69466 0.69759 0.69678 0.69456 0.69692 0.69784 0.69582 0.69655 0.69907 0.69791 0.69680 0.69888 0.70019 0.69783 0.69763 0.70183 0.70207 0.69780 0.69799 0.70333 0.70384 0.70006 0.70011 0.70366 0.70489 0.70345 0.70154 0.70386 0.70714 0.70621 0.70317 0.70495 0.70904 0.70853 0.70559 0.70661 0.71062 0.71072 0.70858 0.70853 0.71141 0.71293 0.71270 0.71050 0.71101 0.71482 0.71577 0.71322 0.71235 0.68190 0.61585 0.54693 0.47866 0.40984 0.34193 0.27571 0.20740 0.13808 0.07001 0.03437 0.03076 0.02702 0.02347 0.01994 0.01630 0.01267 0.00907 0.00545 0.00181 0.00000 0.00000 0.00000 0.00000 0.00000 0.00000 0.00000 0.00000 0.00000 0.00000 0.00000 0.00000 0.00000 0.00000 0.00000 0.00000 0.00000 0.00000 0.00000 0.00000 0.00000 0.00000 0.00000 0.00000 0.00000 0.00000 0.00000 0.00000 0.00000 0.00000 0.00000 0.00000 0.00000 0.00000 0.00000 0.00000 0.00000 0.00000 0.00000 0.00000 0.00000 0.00000 0.00000 0.00000 0.00000
0.00000 0.00000 0.00000 0.00000 0.00000 0.00000 0.00000 0.00000 0.00000 0.00000 0.00000 0.00000 0.00000 0.00000 0.00000 0.03915 0.11711 0.19491 0.27350 0.35101 0.42747 0.50446 0.58374 0.65992 0.73476 0.77277 0.77429 0.77187 0.76918 0.76965 0.76981 0.76659 0.76449 0.76587 0.76526 0.75956 0.75405 0.75213 0.74739 0.73955 0.73443 0.73275 0.72766 0.71989 0.71551 0.71724 0.71926 0.71929 0.72266 0.72810 0.73021 0.73002 0.73310 0.73888 0.74127 0.73895 0.73821 0.74022 0.73889 0.73525 0.73459 0.73569 0.73443 0.73222 0.73098 0.73071 0.73101 0.72988 0.72654 0.72598 0.72775 0.72716 0.72551 0.72214 0.72185 0.72378 0.72330 0.71876 0.71773 0.72036 0.72033 0.71535 0.71459 0.71655 0.71708 0.71521 0.71210 0.71222 0.71381 0.71268 0.70978 0.70947 0.71082 0.70964 0.70754 0.70756 0.70791 0.70671 0.70580 0.70566 0.70475 0.70425 0.70479 0.70387 0.70161 0.70184 0.70377 0.70244 0.69920 0.69971 0.70229 0.70087 0.69742 0.69832 0.70080 0.69876 0.69582 0.69777 0.69959 0.69629 0.69435 0.69771 0.69856 0.69417 0.69319 0.69735 0.69771 0.69284 0.69223 0.69678 0.69692 0.69186 0.69140 0.69630 0.69632 0.69118 0.69084 0.69585 0.69580 0.69090 0.69067 0.69523 0.69488 0.69130 0.69191 0.69426 0.69368 0.69225 0.69240 0.69350 0.69420 0.69304 0.69125 0.69338 0.69539 0.69365 0.69213 0.69371 0.69433 0.69402 0.69435 0.69481 0.69462 0.69398 0.69374 0.69607 0.69694 0.69677 0.69364 0.69475 0.69848 0.69845 0.69426 0.69446 0.69978 0.69979 0.69517 0.69588 0.70073 0.70111 0.69751 0.69764 0.70056 0.70169 0.70016 0.70051 0.70277 0.70016 0.70010 0.70395 0.70536 0.70166 0.70123 0.70522 0.70703 0.70552 0.70326 0.70521 0.70868 0.70837 0.70550 0.70655 0.71052 0.71046 0.70769 0.70895 0.71247 0.71097 0.70968 0.71252 0.71449 0.71210 0.71134 0.71516 0.71709 0.68084 0.61162 0.54600 0.48002 0.41108 0.34224 0.27478 0.20689 0.13835 0.07026 0.03609 0.03601 0.03601 0.03622 0.03626 0.03608 0.03614 0.03636 0.03640 0.03620 0.03445 0.03100 0.02736 0.02362 0.02003 0.01646 0.01279 0.00912 0.00549 0.00183 0.00000 0.00000 0.00000 0.00000 0.00000 0.00000 0.00000 0.00000 0.00000 0.00000 0.00000 0.00000 0.00000 0.00000 0.00000 0.00000 0.00000 0.00000 0.00000 0.00000 0.00000 0.00000 0.00000 0.00000 0.00000 0.00000 0.00000 0.00000 0.00000 0.00000 0.00000 0.00000 0.00000 0.00000 0.00000
0.00000 0.00000 0.00000 0.00000 0.00000 0.00000 0.00000 0.00000 0.00000 0.00000 0.00000 0.00000 0.00000 0.00000 0.00000 0.03909 0.11739 0.19508 0.27241 0.35070 0.42889 0.50466 0.58091 0.65960 0.73723 0.77284 0.77072 0.77173 0.77170 0.76888 0.76725 0.76722 0.76637 0.76418 0.76340 0.75711 0.74392 0.73082 0.71944 0.70701 0.69362 0.68147 0.67020 0.65694 0.64407 0.64446 0.65522 0.66391 0.67364 0.68565 0.69647 0.70506 0.71415 0.72595 0.73740 0.74022 0.73765 0.73859 0.73914 0.73580 0.73341 0.73506 0.73529 0.73145 0.72964 0.73115 0.73120 0.72850 0.72675 0.72716 0.72692 0.72412 0.72380 0.72583 0.72326 0.72022 0.72021 0.72184 0.72011 0.71766 0.71662 0.71752 0.71610 0.71580 0.71625 0.71342 0.71226 0.71391 0.71349 0.70998 0.70910 0.71170 0.71121 0.70701 0.70604 0.70949 0.70917 0.70421 0.70354 0.70752 0.70704 0.70178 0.70131 0.70546 0.70508 0.70018 0.69929 0.70312 0.70331 0.69873 0.69756 0.70127 0.70166 0.69713 0.69594 0.69971 0.70016 0.69587 0.69473 0.69807 0.69853 0.69498 0.69414 0.69662 0.69684 0.69417 0.69358 0.69551 0.69577 0.69365 0.69285 0.69436 0.69498 0.69344 0.69243 0.69340 0.69430 0.69302 0.69196 0.69347 0.69434 0.69148 0.69104 0.69515 0.69496 0.69014 0.69033 0.69540 0.69542 0.69035 0.69030 0.69563 0.69572 0.69165 0.69052 0.69261 0.69618 0.69530 0.69112 0.69127 0.69669 0.69668 0.69197 0.69172 0.69618 0.69710 0.69569 0.69339 0.69428 0.69722 0.69590 0.69479 0.69717 0.69791 0.69629 0.69633 0.69872 0.69844 0.69725 0.69888 0.70022 0.69759 0.69809 0.70215 0.70222 0.69824 0.69933 0.70307 0.70347 0.70174 0.70156 0.70304 0.70524 0.70465 0.70222 0.70377 0.70759 0.70716 0.70446 0.70510 0.70905 0.70950 0.70687 0.70690 0.71042 0.71165 0.71024 0.70895 0.71054 0.71356 0.71385 0.71131 0.71139 0.71509 0.71649 0.68436 0.62327 0.56345 0.50326 0.44383 0.38306 0.32037 0.25965 0.20031 0.13903 0.10774 0.10799 0.10863 0.10855 0.10825 0.10855 0.10877 0.10868 0.10869 0.10904 0.10365 0.09247 0.08173 0.07119 0.06029 0.04911 0.03827 0.02746 0.01647 0.00548 0.00000 0.00000 0.00000 0.00000 0.00000 0.00000 0.00000 0.00000 0.00000 0.00000 0.00000 0.00000 0.00000 0.00000 0.00000 0.00000 0.00000 0.00000 0.00000 0.00000 0.00000 0.00000 0.00000 0.00000 0.00000 0.00000 0.00000 0.00000 0.00000 0.00000 0.00000 0.00000 0.00000 0.00000 0.00000
0.00000 0.00000 0.00000 0.00000 0.00000 0.00000 0.00000 0.00000 0.00000 0.00000 0.00000 0.00000 0.00000 0.00000 0.00000 0.03898 0.11733 0.19550 0.27241 0.34951 0.42868 0.50594 0.58106 0.65743 0.73698 0.77418 0.77102 0.77035 0.77134 0.76891 0.76655 0.76743 0.76678 0.76335 0.76164 0.75396 0.73379 0.71085 0.69060 0.67372 0.65360 0.63104 0.61139 0.59425 0.57415 0.57105 0.58957 0.60949 0.62681 0.64222 0.66034 0.68053 0.69814 0.71280 0.73024 0.74144 0.74076 0.73682 0.73538 0.73705 0.73664 0.73338 0.73157 0.73245 0.73278 0.73052 0.72756 0.72769 0.72942 0.72792 0.72447 0.72346 0.72437 0.72482 0.72346 0.71995 0.71930 0.72122 0.72114 0.71717 0.71541 0.71688 0.71820 0.71740 0.71269 0.71216 0.71479 0.71417 0.71047 0.70963 0.71157 0.71087 0.70822 0.70768 0.70861 0.70772 0.70621 0.70575 0.70552 0.70535 0.70497 0.70358 0.70222 0.70323 0.70411 0.70186 0.69952 0.70093 0.70270 0.70049 0.69759 0.69904 0.70104 0.69873 0.69610 0.69804 0.69955 0.69644 0.69459 0.69774 0.69847 0.69421 0.69320 0.69735 0.69763 0.69276 0.69206 0.69666 0.69686 0.69185 0.69123 0.69595 0.69613 0.69117 0.69058 0.69545 0.69557 0.69066 0.69011 0.69497 0.69494 0.69068 0.69108 0.69418 0.69278 0.69142 0.69287 0.69329 0.69242 0.69222 0.69236 0.69303 0.69393 0.69268 0.69124 0.69334 0.69449 0.69318 0.69404 0.69378 0.69286 0.69408 0.69449 0.69411 0.69489 0.69642 0.69325 0.69298 0.69725 0.69795 0.69364 0.69323 0.69844 0.69891 0.69467 0.69461 0.69967 0.70026 0.69594 0.69603 0.70023 0.70158 0.70018 0.69796 0.69960 0.70153 0.70006 0.70167 0.70387 0.70049 0.69999 0.70456 0.70571 0.70415 0.70182 0.70388 0.70737 0.70716 0.70407 0.70485 0.70898 0.70940 0.70638 0.70694 0.71080 0.71061 0.70844 0.71008 0.71283 0.71060 0.71021 0.71379 0.71524 0.71217 0.71184 0.68959 0.63719 0.58052 0.52691 0.47573 0.42249 0.36716 0.31420 0.26125 0.20685 0.17962 0.18051 0.18088 0.18007 0.18033 0.18137 0.18154 0.18058 0.18086 0.18199 0.17301 0.15407 0.13617 0.11868 0.10023 0.08184 0.06387 0.04583 0.02741 0.00912 0.00000 0.00000 0.00000 0.00000 0.00000 0.00000 0.00000 0.00000 0.00000 0.00000 0.00000 0.00000 0.00000 0.00000 0.00000 0.00000 0.00000 0.00000 0.00000 0.00000 0.00000 0.00000 0.00000 0.00000 0.00000 0.00000 0.00000 0.00000 0.00000 0.00000 0.00000 0.00000 0.00000 0.00000 0.00000
0.00000 0.00000 0.00000 0.00000 0.00000 0.00000 0.00000 0.00000 0.00000 0.00000 0.00000 0.00000 0.00000 0.00000 0.00000 0.03906 0.11711 0.19518 0.27312 0.34985 0.42725 0.50542 0.58278 0.65796 0.73372 0.77316 0.77357 0.77091 0.76832 0.76843 0.76873 0.76658 0.76497 0.76405 0.76301 0.74808 0.72117 0.69343 0.66482 0.63723 0.61125 0.58334 0.55507 0.52871 0.50242 0.50044 0.52538 0.55248 0.57821 0.60199 0.62624 0.65310 0.67937 0.70299 0.72604 0.73956 0.74062 0.73801 0.73483 0.73558 0.73665 0.73378 0.73090 0.73181 0.73267 0.72997 0.72750 0.72795 0.72855 0.72603 0.72454 0.72613 0.72463 0.72111 0.72126 0.72344 0.72140 0.71804 0.71740 0.71926 0.71890 0.71597 0.71409 0.71486 0.71509 0.71438 0.71322 0.71093 0.71068 0.71241 0.71140 0.70774 0.70710 0.71014 0.70945 0.70487 0.70430 0.70802 0.70741 0.70228 0.70212 0.70599 0.70523 0.70051 0.70003 0.70349 0.70352 0.69924 0.69796 0.70138 0.70193 0.69756 0.69625 0.69991 0.70031 0.69588 0.69494 0.69850 0.69863 0.69471 0.69422 0.69688 0.69682 0.69411 0.69366 0.69525 0.69565 0.69384 0.69271 0.69388 0.69503 0.69367 0.69194 0.69265 0.69439 0.69361 0.69151 0.69186 0.69402 0.69299 0.69086 0.69297 0.69434 0.68997 0.69005 0.69468 0.69483 0.68989 0.68977 0.69517 0.69514 0.69022 0.68994 0.69477 0.69548 0.69247 0.69040 0.69117 0.69597 0.69576 0.69106 0.69150 0.69657 0.69660 0.69277 0.69198 0.69516 0.69696 0.69498 0.69330 0.69574 0.69759 0.69563 0.69437 0.69752 0.69871 0.69647 0.69543 0.69884 0.69985 0.69786 0.69909 0.70001 0.69795 0.69979 0.70192 0.70134 0.70069 0.70234 0.70203 0.70220 0.70322 0.70309 0.70282 0.70523 0.70559 0.70383 0.70402 0.70743 0.70801 0.70546 0.70551 0.70913 0.71030 0.70778 0.70748 0.71034 0.71223 0.71136 0.70974 0.71067 0.71391 0.71446 0.71262 0.71265 0.69175 0.64640 0.60004 0.55354 0.50589 0.46006 0.41574 0.36911 0.32061 0.27481 0.25296 0.25280 0.25175 0.25263 0.25355 0.25327 0.25287 0.25356 0.25406 0.25373 0.24106 0.21662 0.19125 0.16510 0.14005 0.11510 0.08955 0.06381 0.03839 0.01282 0.00000 0.00000 0.00000 0.00000 0.00000 0.00000 0.00000 0.00000 0.00000 0.00000 0.00000 0.00000 0.00000 0.00000 0.00000 0.00000 0.00000 0.00000 0.00000 0.00000 0.00000 0.00000 0.00000 0.00000 0.00000 0.00000 0.00000 0.00000 0.00000 0.00000 0.00000 0.00000 0.00000 0.00000 0.00000
0.00000 0.00000 0.00000 0.00000 0.00000 0.00000 0.00000 0.00000 0.00000 0.00000 0.00000 0.00000 0.00000 0.00000 0.00000 0.03917 0.11693 0.19439 0.27317 0.35088 0.42682 0.50370 0.58263 0.65963 0.73421 0.77090 0.77274 0.77162 0.76879 0.76805 0.76815 0.76579 0.76391 0.76507 0.76384 0.74307 0.70748 0.67524 0.63989 0.60228 0.56725 0.53506 0.50007 0.46348 0.42948 0.43034 0.46302 0.49433 0.52777 0.56228 0.59498 0.62520 0.65768 0.69257 0.72565 0.73856 0.73666 0.73807 0.73833 0.73514 0.73260 0.73370 0.73438 0.73170 0.72867 0.72933 0.73057 0.72864 0.72484 0.72504 0.72638 0.72568 0.72372 0.72121 0.72101 0.72235 0.72176 0.71814 0.71664 0.71833 0.71912 0.71669 0.71333 0.71300 0.71596 0.71556 0.71102 0.70985 0.71251 0.71226 0.70892 0.70773 0.70934 0.70890 0.70681 0.70584 0.70628 0.70642 0.70525 0.70345 0.70297 0.70464 0.70439 0.70124 0.69996 0.70253 0.70319 0.69972 0.69778 0.70030 0.70151 0.69834 0.69621 0.69867 0.69977 0.69646 0.69489 0.69792 0.69835 0.69432 0.69344 0.69742 0.69751 0.69273 0.69210 0.69668 0.69677 0.69175 0.69113 0.69579 0.69593 0.69115 0.69058 0.69508 0.69512 0.69056 0.69039 0.69465 0.69441 0.69028 0.69069 0.69404 0.69226 0.69073 0.69372 0.69309 0.69071 0.69163 0.69325 0.69250 0.69198 0.69216 0.69175 0.69269 0.69403 0.69249 0.69234 0.69312 0.69248 0.69324 0.69489 0.69325 0.69218 0.69512 0.69443 0.69241 0.69506 0.69706 0.69346 0.69249 0.69690 0.69810 0.69445 0.69361 0.69793 0.69926 0.69610 0.69486 0.69877 0.70052 0.69942 0.69620 0.69678 0.70188 0.70169 0.69836 0.70139 0.70110 0.69910 0.70263 0.70421 0.70273 0.70044 0.70302 0.70619 0.70592 0.70255 0.70319 0.70780 0.70820 0.70488 0.70534 0.70937 0.70984 0.70712 0.70797 0.71129 0.70974 0.70895 0.71200 0.71356 0.71029 0.71064 0.71536 0.71631 0.69276 0.65395 0.61892 0.58018 0.53754 0.49933 0.46252 0.42235 0.38151 0.34363 0.32509 0.32376 0.32384 0.32551 0.32595 0.32441 0.32495 0.32685 0.32724 0.32559 0.30939 0.27871 0.24560 0.21243 0.18026 0.14810 0.11475 0.08193 0.04938 0.01651 0.00000 0.00000 0.00000 0.00000 0.00000 0.00000 0.00000 0.00000 0.00000 0.00000 0.00000 0.00000 0.00000 0.00000 0.00000 0.00000 0.00000 0.00000 0.00000 0.00000 0.00000 0.00000 0.00000 0.00000 0.00000 0.00000 0.00000 0.00000 0.00000 0.00000 0.00000 0.00000 0.00000 0.00000 0.00000
0.00000 0.00000 0.00000 0.00000 0.00000 0.00000 0.00000 0.00000 0.00000 0.00000 0.00000 0.00000 0.00000 0.00000 0.00000 0.03912 0.11705 0.19455 0.27273 0.35069 0.42755 0.50352 0.58117 0.65864 0.73562 0.77263 0.76996 0.76971 0.77088 0.76899 0.76590 0.76509 0.76560 0.76395 0.76252 0.74021 0.69708 0.65402 0.61251 0.56974 0.52623 0.48397 0.44315 0.40034 0.35792 0.35854 0.39939 0.43869 0.47859 0.52054 0.56129 0.60027 0.63854 0.67987 0.72166 0.73986 0.73637 0.73645 0.73789 0.73591 0.73251 0.73247 0.73391 0.73196 0.72872 0.72852 0.73002 0.72808 0.72531 0.72566 0.72614 0.72253 0.72215 0.72456 0.72257 0.71891 0.71866 0.72081 0.71976 0.71626 0.71473 0.71658 0.71721 0.71452 0.71247 0.71228 0.71280 0.71293 0.71131 0.70864 0.70851 0.71084 0.70971 0.70561 0.70524 0.70863 0.70766 0.70290 0.70312 0.70651 0.70520 0.70095 0.70130 0.70395 0.70321 0.69977 0.69905 0.70146 0.70180 0.69832 0.69692 0.69984 0.70033 0.69631 0.69535 0.69874 0.69868 0.69460 0.69441 0.69741 0.69685 0.69363 0.69381 0.69555 0.69546 0.69387 0.69287 0.69341 0.69484 0.69411 0.69180 0.69188 0.69435 0.69416 0.69113 0.69072 0.69386 0.69418 0.69062 0.69000 0.69386 0.69376 0.68983 0.69252 0.69430 0.69044 0.68931 0.69404 0.69460 0.68969 0.68940 0.69496 0.69486 0.69012 0.68973 0.69254 0.69528 0.69422 0.69023 0.69114 0.69589 0.69545 0.69113 0.69160 0.69606 0.69676 0.69304 0.69181 0.69554 0.69725 0.69455 0.69293 0.69665 0.69837 0.69545 0.69404 0.69806 0.69989 0.69680 0.69595 0.69866 0.70067 0.69914 0.69852 0.69892 0.70129 0.70210 0.69988 0.69945 0.70237 0.70364 0.70169 0.70169 0.70404 0.70403 0.70327 0.70509 0.70623 0.70461 0.70462 0.70764 0.70864 0.70594 0.70626 0.70976 0.71078 0.70823 0.70837 0.71084 0.71258 0.71215 0.71093 0.71146 0.71404 0.71477 0.69821 0.66583 0.63409 0.60334 0.57261 0.53986 0.50591 0.47552 0.44519 0.41230 0.39450 0.39619 0.39785 0.39721 0.39612 0.39727 0.39875 0.39865 0.39767 0.39846 0.37988 0.33924 0.29937 0.26048 0.22066 0.18013 0.14036 0.10049 0.06024 0.02011 0.00000 0.00000 0.00000 0.00000 0.00000 0.00000 0.00000 0.00000 0.00000 0.00000 0.00000 0.00000 0.00000 0.00000 0.00000 0.00000 0.00000 0.00000 0.00000 0.00000 0.00000 0.00000 0.00000 0.00000 0.00000 0.00000 0.00000 0.00000 0.00000 0.00000 0.00000 0.00000 0.00000 0.00000 0.00000
0.00000 0.00000 0.00000 0.00000 0.00000 0.00000 0.00000 0.00000 0.00000 0.00000 0.00000 0.00000 0.00000 0.00000 0.00000 0.03894 0.11714 0.19510 0.27223 0.34950 0.42774 0.50495 0.58130 0.65666 0.73495 0.77343 0.77123 0.76830 0.76935 0.76886 0.76647 0.76575 0.76498 0.76264 0.76097 0.73765 0.68685 0.63408 0.58372 0.53626 0.48605 0.43444 0.38486 0.33713 0.28729 0.28602 0.33487 0.38376 0.43146 0.47766 0.52560 0.57494 0.62300 0.66765 0.71420 0.73913 0.73981 0.73730 0.73399 0.73444 0.73579 0.73364 0.73001 0.73046 0.73185 0.72985 0.72618 0.72653 0.72773 0.72651 0.72479 0.72261 0.72220 0.72341 0.72276 0.71909 0.71798 0.71988 0.71994 0.71664 0.71426 0.71526 0.71707 0.71570 0.71143 0.71065 0.71377 0.71354 0.70940 0.70798 0.71030 0.71019 0.70746 0.70593 0.70706 0.70749 0.70571 0.70348 0.70377 0.70583 0.70466 0.70102 0.70057 0.70396 0.70363 0.69909 0.69809 0.70177 0.70203 0.69768 0.69633 0.69972 0.70024 0.69624 0.69503 0.69836 0.69844 0.69443 0.69389 0.69755 0.69717 0.69277 0.69240 0.69676 0.69680 0.69166 0.69108 0.69583 0.69559 0.69099 0.69085 0.69493 0.69447 0.69045 0.69090 0.69439 0.69333 0.69000 0.69148 0.69387 0.69163 0.69016 0.69412 0.69295 0.68917 0.69115 0.69392 0.69189 0.69029 0.69206 0.69255 0.69165 0.69263 0.69241 0.69068 0.69211 0.69395 0.69276 0.69339 0.69259 0.69125 0.69377 0.69522 0.69247 0.69213 0.69574 0.69457 0.69210 0.69471 0.69717 0.69462 0.69288 0.69605 0.69824 0.69606 0.69409 0.69680 0.69934 0.69823 0.69503 0.69697 0.70088 0.70057 0.69676 0.69842 0.70142 0.69992 0.70009 0.70258 0.70164 0.69935 0.70223 0.70497 0.70447 0.70113 0.70209 0.70684 0.70707 0.70328 0.70375 0.70834 0.70880 0.70564 0.70625 0.70996 0.70933 0.70763 0.70995 0.71212 0.70873 0.70938 0.71413 0.71464 0.71084 0.71132 0.70393 0.67956 0.65061 0.62653 0.60544 0.57995 0.55229 0.52912 0.50667 0.47978 0.46647 0.46869 0.46998 0.46800 0.46850 0.47084 0.47121 0.46943 0.47008 0.47249 0.44889 0.40062 0.35431 0.30803 0.25974 0.21279 0.16622 0.11894 0.07110 0.02371 0.00000 0.00000 0.00000 0.00000 0.00000 0.00000 0.00000 0.00000 0.00000 0.00000 0.00000 0.00000 0.00000 0.00000 0.00000 0.00000 0.00000 0.00000 0.00000 0.00000 0.00000 0.00000 0.00000 0.00000 0.00000 0.00000 0.00000 0.00000 0.00000 0.00000 0.00000 0.00000 0.00000 0.00000 0.00000
0.00000 0.00000 0.00000 0.00000 0.00000 0.00000 0.00000 0.00000 0.00000 0.00000 0.00000 0.00000 0.00000 0.00000 0.00000 0.03892 0.11712 0.19517 0.27229 0.34896 0.42750 0.50471 0.58096 0.65755 0.73408 0.77103 0.77157 0.77127 0.76734 0.76642 0.76811 0.76644 0.76332 0.76207 0.76252 0.73234 0.67424 0.61631 0.55806 0.50001 0.44399 0.38665 0.32875 0.27229 0.21608 0.21513 0.27066 0.32752 0.38297 0.43745 0.49159 0.54781 0.60382 0.65808 0.71015 0.73771 0.73897 0.73777 0.73465 0.73337 0.73479 0.73389 0.73057 0.72930 0.73114 0.73020 0.72655 0.72514 0.72750 0.72592 0.72307 0.72522 0.72381 0.72044 0.71989 0.72198 0.72051 0.71700 0.71618 0.71822 0.71800 0.71459 0.71247 0.71408 0.71495 0.71302 0.71104 0.70996 0.71021 0.71136 0.70987 0.70650 0.70644 0.70930 0.70787 0.70362 0.70425 0.70712 0.70512 0.70138 0.70283 0.70455 0.70261 0.70018 0.70073 0.70170 0.70108 0.69916 0.69822 0.69962 0.69994 0.69718 0.69614 0.69867 0.69857 0.69489 0.69481 0.69784 0.69689 0.69321 0.69402 0.69639 0.69535 0.69288 0.69316 0.69344 0.69451 0.69462 0.69200 0.69115 0.69409 0.69466 0.69104 0.69003 0.69366 0.69450 0.69045 0.68939 0.69346 0.69428 0.68972 0.68984 0.69382 0.69211 0.68893 0.69235 0.69411 0.68999 0.68896 0.69404 0.69426 0.68924 0.68927 0.69385 0.69462 0.69169 0.68962 0.69050 0.69515 0.69520 0.69025 0.69129 0.69572 0.69533 0.69134 0.69157 0.69583 0.69670 0.69302 0.69196 0.69620 0.69771 0.69429 0.69312 0.69749 0.69889 0.69549 0.69471 0.69836 0.70007 0.69760 0.69661 0.69751 0.70120 0.70101 0.69773 0.69786 0.70210 0.70314 0.70000 0.69955 0.70284 0.70430 0.70253 0.70229 0.70432 0.70449 0.70422 0.70571 0.70649 0.70491 0.70559 0.70861 0.70893 0.70602 0.70731 0.71107 0.71105 0.70909 0.70955 0.71136 0.71279 0.71298 0.71241 0.71233 0.70488 0.68852 0.67127 0.65234 0.63366 0.61861 0.60236 0.58312 0.56353 0.54848 0.54142 0.54020 0.53863 0.54063 0.54309 0.54261 0.54069 0.54141 0.54454 0.54539 0.51566 0.46224 0.40961 0.35454 0.29988 0.24597 0.19153 0.13686 0.08221 0.02738 0.00000 0.00000 0.00000 0.00000 0.00000 0.00000 0.00000 0.00000 0.00000 0.00000 0.00000 0.00000 0.00000 0.00000 0.00000 0.00000 0.00000 0.00000 0.00000 0.00000 0.00000 0.00000 0.00000 0.00000 0.00000 0.00000 0.00000 0.00000 0.00000 0.00000 0.00000 0.00000 0.00000 0.00000 0.00000
0.00000 0.00000 0.00000 0.00000 0.00000 0.00000 0.00000 0.00000 0.00000 0.00000 0.00000 0.00000 0.00000 0.00000 0.00000 0.03906 0.11702 0.19455 0.27229 0.34992 0.42756 0.50349 0.57975 0.65804 0.73579 0.77003 0.77001 0.77092 0.76904 0.76582 0.76606 0.76590 0.76362 0.76326 0.76216 0.72730 0.66112 0.59810 0.53264 0.46564 0.40084 0.33793 0.27279 0.20797 0.14467 0.14447 0.20731 0.27005 0.33353 0.39725 0.46029 0.52027 0.58269 0.64663 0.70980 0.73922 0.73560 0.73521 0.73707 0.73595 0.73158 0.73113 0.73301 0.73176 0.72789 0.72756 0.72869 0.72776 0.72547 0.72388 0.72270 0.72446 0.72463 0.72016 0.71902 0.72130 0.72097 0.71695 0.71546 0.71748 0.71799 0.71506 0.71214 0.71247 0.71505 0.71430 0.70962 0.70863 0.71165 0.71140 0.70788 0.70629 0.70804 0.70846 0.70627 0.70374 0.70462 0.70672 0.70501 0.70128 0.70126 0.70493 0.70404 0.69915 0.69853 0.70285 0.70251 0.69728 0.69666 0.70085 0.70074 0.69585 0.69507 0.69909 0.69887 0.69440 0.69417 0.69785 0.69691 0.69286 0.69328 0.69690 0.69605 0.69162 0.69131 0.69595 0.69509 0.69080 0.69153 0.69501 0.69354 0.69020 0.69169 0.69432 0.69225 0.68973 0.69209 0.69378 0.69088 0.68966 0.69315 0.69294 0.68912 0.69057 0.69401 0.69147 0.68900 0.69209 0.69323 0.69045 0.69095 0.69285 0.69086 0.69056 0.69405 0.69310 0.69057 0.69129 0.69266 0.69330 0.69410 0.69216 0.69107 0.69411 0.69527 0.69224 0.69231 0.69588 0.69525 0.69242 0.69398 0.69722 0.69618 0.69344 0.69496 0.69823 0.69773 0.69450 0.69576 0.69954 0.69940 0.69564 0.69704 0.70096 0.70014 0.69846 0.70054 0.70089 0.69896 0.70103 0.70373 0.70264 0.69990 0.70174 0.70578 0.70570 0.70189 0.70244 0.70758 0.70779 0.70414 0.70463 0.70888 0.70879 0.70635 0.70783 0.71081 0.70814 0.70810 0.71266 0.71311 0.70935 0.71003 0.71537 0.71568 0.70643 0.69639 0.69030 0.67952 0.66562 0.65659 0.64938 0.63700 0.62463 0.61653 0.61355 0.61135 0.61085 0.61378 0.61489 0.61311 0.61411 0.61618 0.61583 0.61537 0.58625 0.52525 0.46203 0.40148 0.34101 0.27899 0.21632 0.15482 0.09335 0.03111 0.00000 0.00000 0.00000 0.00000 0.00000 0.00000 0.00000 0.00000 0.00000 0.00000 0.00000 0.00000 0.00000 0.00000 0.00000 0.00000 0.00000 0.00000 0.00000 0.00000 0.00000 0.00000 0.00000 0.00000 0.00000 0.00000 0.00000 0.00000 0.00000 0.00000 0.00000 0.00000 0.00000 0.00000 0.00000
0.00000 0.00000 0.00000 0.00000 0.00000 0.00000 0.00000 0.00000 0.00000 0.00000 0.00000 0.00000 0.00000 0.00000 0.00000 0.03907 0.11683 0.19417 0.27264 0.34985 0.42646 0.50351 0.58142 0.65647 0.73323 0.77318 0.77033 0.76801 0.76888 0.76861 0.76462 0.76340 0.76534 0.76344 0.76048 0.72333 0.65132 0.57755 0.50505 0.43280 0.35985 0.28737 0.21654 0.14464 0.07297 0.07310 0.14416 0.21425 0.28449 0.35559 0.42610 0.49620 0.56406 0.63381 0.70441 0.73952 0.73748 0.73453 0.73518 0.73565 0.73311 0.73035 0.73171 0.73191 0.72848 0.72627 0.72849 0.72824 0.72439 0.72354 0.72495 0.72280 0.72112 0.72262 0.72132 0.71828 0.71785 0.71948 0.71838 0.71504 0.71388 0.71590 0.71599 0.71284 0.71074 0.71184 0.71202 0.71139 0.71018 0.70775 0.70764 0.70986 0.70829 0.70445 0.70519 0.70778 0.70518 0.70197 0.70432 0.70527 0.70210 0.70048 0.70255 0.70225 0.70021 0.69979 0.69999 0.69955 0.69909 0.69826 0.69749 0.69832 0.69809 0.69567 0.69560 0.69797 0.69677 0.69330 0.69439 0.69711 0.69531 0.69176 0.69346 0.69520 0.69423 0.69486 0.69237 0.69068 0.69368 0.69501 0.69128 0.68970 0.69329 0.69447 0.69051 0.68925 0.69302 0.69394 0.68975 0.68937 0.69328 0.69282 0.68877 0.69077 0.69373 0.69074 0.68858 0.69279 0.69360 0.68903 0.68938 0.69402 0.69357 0.68967 0.68969 0.69166 0.69417 0.69414 0.68980 0.69005 0.69504 0.69488 0.69027 0.69141 0.69568 0.69539 0.69145 0.69180 0.69602 0.69656 0.69301 0.69265 0.69688 0.69764 0.69426 0.69407 0.69824 0.69874 0.69587 0.69560 0.69754 0.70018 0.69935 0.69653 0.69664 0.70181 0.70235 0.69810 0.69826 0.70213 0.70390 0.70146 0.70026 0.70264 0.70466 0.70398 0.70337 0.70398 0.70458 0.70561 0.70693 0.70626 0.70498 0.70688 0.71007 0.70902 0.70661 0.70853 0.71185 0.71130 0.71076 0.71079 0.71150 0.71299 0.71404 0.71216 0.70760 0.70429 0.70388 0.70142 0.69574 0.69084 0.69151 0.68973 0.68403 0.68071 0.68386 0.68676 0.68544 0.68313 0.68437 0.68894 0.68939 0.68566 0.68627 0.65630 0.58740 0.51647 0.44844 0.38088 0.31153 0.24215 0.17304 0.10397 0.03475 0.00000 0.00000 0.00000 0.00000 0.00000 0.00000 0.00000 0.00000 0.00000 0.00000 0.00000 0.00000 0.00000 0.00000 0.00000 0.00000 0.00000 0.00000 0.00000 0.00000 0.00000 0.00000 0.00000 0.00000 0.00000 0.00000 0.00000 0.00000 0.00000 0.00000 0.00000 0.00000 0.00000 0.00000 0.00000
0.00000 0.00000 0.00000 0.00000 0.00000 0.00000 0.00000 0.00000 0.00000 0.00000 0.00000 0.00000 0.00000 0.00000 0.00000 0.03897 0.11677 0.19465 0.27258 0.34940 0.42610 0.50365 0.58206 0.65663 0.73204 0.77152 0.77143 0.76757 0.76733 0.76831 0.76609 0.76335 0.76329 0.76287 0.76032 0.72234 0.64559 0.56743 0.49041 0.41609 0.33968 0.26289 0.18810 0.11283 0.03741 0.03547 0.10670 0.17755 0.24779 0.31722 0.38786 0.45902 0.52926 0.59654 0.66554 0.70208 0.70695 0.71024 0.70951 0.71201 0.71754 0.72095 0.72051 0.72286 0.72793 0.72956 0.72677 0.72484 0.72470 0.72579 0.72539 0.72118 0.71996 0.72265 0.72230 0.71762 0.71661 0.71935 0.71888 0.71469 0.71327 0.71524 0.71602 0.71325 0.71013 0.70992 0.71308 0.71243 0.70792 0.70709 0.70941 0.70930 0.70673 0.70439 0.70556 0.70731 0.70547 0.70181 0.70209 0.70539 0.70441 0.69991 0.69909 0.70327 0.70300 0.69764 0.69710 0.70155 0.70113 0.69573 0.69533 0.69989 0.69942 0.69431 0.69414 0.69834 0.69718 0.69293 0.69396 0.69713 0.69489 0.69166 0.69350 0.69611 0.69325 0.69067 0.69342 0.69518 0.69207 0.68994 0.69296 0.69441 0.69099 0.68941 0.69291 0.69382 0.68996 0.68915 0.69313 0.69310 0.68902 0.68976 0.69361 0.69161 0.68838 0.69176 0.69349 0.68960 0.68942 0.69317 0.69174 0.68911 0.69259 0.69365 0.68926 0.68960 0.69411 0.69385 0.69164 0.69084 0.69153 0.69323 0.69458 0.69235 0.69109 0.69418 0.69550 0.69237 0.69221 0.69606 0.69625 0.69284 0.69331 0.69723 0.69742 0.69404 0.69431 0.69829 0.69880 0.69505 0.69565 0.70007 0.69974 0.69733 0.69843 0.70024 0.69884 0.69988 0.70231 0.70119 0.69883 0.70129 0.70466 0.70381 0.70074 0.70177 0.70633 0.70660 0.70296 0.70306 0.70767 0.70815 0.70529 0.70591 0.70940 0.70814 0.70698 0.71037 0.71167 0.70797 0.70878 0.71424 0.71408 0.71043 0.71113 0.71589 0.71602 0.71267 0.71409 0.71782 0.71614 0.71465 0.71757 0.72024 0.71781 0.71481 0.71471 0.71341 0.70796 0.70389 0.70264 0.69982 0.69599 0.69371 0.69040 0.65305 0.58601 0.51860 0.44894 0.37903 0.31113 0.24297 0.17334 0.10376 0.03465 0.00000 0.00000 0.00000 0.00000 0.00000 0.00000 0.00000 0.00000 0.00000 0.00000 0.00000 0.00000 0.00000 0.00000 0.00000 0.00000 0.00000 0.00000 0.00000 0.00000 0.00000 0.00000 0.00000 0.00000 0.00000 0.00000 0.00000 0.00000 0.00000 0.00000 0.00000 0.00000 0.00000 0.00000 0.00000
0.00000 0.00000 0.00000 0.00000 0.00000 0.00000 0.00000 0.00000 0.00000 0.00000 0.00000 0.00000 0.00000 0.00000 0.00000 0.03889 0.11700 0.19465 0.27172 0.34926 0.42739 0.50293 0.57948 0.65801 0.73440 0.76940 0.76901 0.77046 0.76770 0.76509 0.76636 0.76560 0.76188 0.76062 0.76241 0.72222 0.64365 0.56749 0.49174 0.41492 0.33937 0.26339 0.18759 0.11264 0.03754 0.03179 0.09503 0.15848 0.22192 0.28529 0.34664 0.40907 0.47190 0.53567 0.59804 0.63101 0.64168 0.65436 0.66407 0.67124 0.68252 0.69492 0.70356 0.71123 0.72352 0.72961 0.72628 0.72431 0.72580 0.72505 0.72258 0.72276 0.72213 0.71991 0.71953 0.72044 0.71870 0.71598 0.71602 0.71736 0.71605 0.71298 0.71201 0.71385 0.71328 0.71096 0.71099 0.70972 0.70859 0.70990 0.70922 0.70545 0.70560 0.70847 0.70604 0.70270 0.70529 0.70598 0.70198 0.70089 0.70411 0.70301 0.69966 0.70012 0.70171 0.69988 0.69823 0.69912 0.69919 0.69801 0.69728 0.69680 0.69685 0.69778 0.69635 0.69385 0.69511 0.69748 0.69517 0.69191 0.69388 0.69633 0.69405 0.69189 0.69278 0.69178 0.69329 0.69454 0.69170 0.69001 0.69280 0.69406 0.69083 0.68956 0.69247 0.69334 0.69003 0.68953 0.69262 0.69252 0.68892 0.69002 0.69323 0.69125 0.68817 0.69152 0.69304 0.68938 0.68965 0.69342 0.69216 0.68859 0.69045 0.69300 0.69241 0.69175 0.69053 0.68980 0.69352 0.69468 0.68978 0.69023 0.69509 0.69464 0.69022 0.69166 0.69580 0.69526 0.69169 0.69250 0.69631 0.69626 0.69320 0.69370 0.69756 0.69733 0.69450 0.69505 0.69819 0.69875 0.69696 0.69591 0.69613 0.70080 0.70124 0.69663 0.69718 0.70180 0.70310 0.70000 0.69890 0.70143 0.70438 0.70341 0.70125 0.70192 0.70470 0.70572 0.70474 0.70322 0.70459 0.70727 0.70839 0.70627 0.70518 0.70823 0.71121 0.70941 0.70835 0.70957 0.71130 0.71192 0.71250 0.71184 0.71158 0.71331 0.71537 0.71548 0.71351 0.71284 0.71762 0.71892 0.71613 0.71521 0.71912 0.71616 0.70322 0.69079 0.68151 0.67524 0.66414 0.65004 0.63962 0.63364 0.62307 0.58388 0.52299 0.46413 0.40215 0.33939 0.27796 0.21699 0.15516 0.09301 0.03096 0.00000 0.00000 0.00000 0.00000 0.00000 0.00000 0.00000 0.00000 0.00000 0.00000 0.00000 0.00000 0.00000 0.00000 0.00000 0.00000 0.00000 0.00000 0.00000 0.00000 0.00000 0.00000 0.00000 0.00000 0.00000 0.00000 0.00000 0.00000 0.00000 0.00000 0.00000 0.00000 0.00000 0.00000 0.00000
0.00000 0.00000 0.00000 0.00000 0.00000 0.00000 0.00000 0.00000 0.00000 0.00000 0.00000 0.00000 0.00000 0.00000 0.00000 0.03897 0.11696 0.19452 0.27165 0.34908 0.42727 0.50358 0.57879 0.65622 0.73463 0.77043 0.76872 0.76887 0.76816 0.76495 0.76486 0.76565 0.76273 0.76071 0.76078 0.72187 0.64346 0.56772 0.49173 0.41451 0.33860 0.26390 0.18759 0.11235 0.03755 0.02809 0.08386 0.13956 0.19569 0.25130 0.30665 0.36081 0.41609 0.47133 0.52687 0.56330 0.57909 0.59628 0.61558 0.63414 0.64928 0.66564 0.68496 0.70394 0.71932 0.72572 0.72600 0.72740 0.72611 0.72214 0.72120 0.72401 0.72351 0.71851 0.71767 0.72086 0.71996 0.71518 0.71451 0.71745 0.71675 0.71212 0.71129 0.71366 0.71398 0.71166 0.70815 0.70871 0.71100 0.70993 0.70689 0.70570 0.70667 0.70744 0.70607 0.70231 0.70294 0.70559 0.70482 0.70122 0.69980 0.70312 0.70343 0.69884 0.69759 0.70154 0.70155 0.69642 0.69581 0.70026 0.69981 0.69451 0.69415 0.69888 0.69788 0.69305 0.69398 0.69747 0.69497 0.69178 0.69445 0.69632 0.69226 0.69069 0.69514 0.69534 0.69058 0.68982 0.69437 0.69453 0.68983 0.68916 0.69376 0.69391 0.68906 0.68873 0.69346 0.69333 0.68858 0.68884 0.69334 0.69224 0.68812 0.69043 0.69339 0.68979 0.68838 0.69301 0.69246 0.68827 0.69069 0.69359 0.68975 0.68860 0.69369 0.69402 0.68933 0.68928 0.69270 0.69420 0.69299 0.69165 0.69083 0.69223 0.69498 0.69285 0.69108 0.69462 0.69600 0.69243 0.69203 0.69638 0.69704 0.69324 0.69303 0.69734 0.69828 0.69455 0.69429 0.69876 0.69941 0.69615 0.69652 0.69968 0.69915 0.69868 0.70052 0.70015 0.69788 0.70051 0.70358 0.70207 0.69968 0.70144 0.70490 0.70494 0.70224 0.70207 0.70587 0.70730 0.70459 0.70406 0.70738 0.70821 0.70628 0.70784 0.71004 0.70723 0.70766 0.71250 0.71250 0.70896 0.70992 0.71474 0.71459 0.71148 0.71293 0.71632 0.71438 0.71350 0.71695 0.71859 0.71542 0.71524 0.71947 0.71204 0.69219 0.67280 0.65720 0.64175 0.62304 0.60486 0.58695 0.56932 0.55266 0.51727 0.46209 0.40739 0.35442 0.30069 0.24556 0.19075 0.13660 0.08227 0.02741 0.00000 0.00000 0.00000 0.00000 0.00000 0.00000 0.00000 0.00000 0.00000 0.00000 0.00000 0.00000 0.00000 0.00000 0.00000 0.00000 0.00000 0.00000 0.00000 0.00000 0.00000 0.00000 0.00000 0.00000 0.00000 0.00000 0.00000 0.00000 0.00000 0.00000 0.00000 0.00000 0.00000 0.00000 0.00000
0.00000 0.00000 0.00000 0.00000 0.00000 0.00000 0.00000 0.00000 0.00000 0.00000 0.00000 0.00000 0.00000 0.00000 0.00000 0.03899 0.11662 0.19430 0.27243 0.34891 0.42560 0.50380 0.58122 0.65493 0.73143 0.77203 0.77058 0.76673 0.76633 0.76748 0.76471 0.76234 0.76390 0.76247 0.75892 0.72008 0.64543 0.56792 0.48994 0.41433 0.33895 0.26365 0.18821 0.11232 0.03736 0.02431 0.07293 0.12127 0.16887 0.21703 0.26539 0.31401 0.36179 0.40741 0.45485 0.49322 0.51838 0.54066 0.56597 0.59336 0.61781 0.63981 0.66554 0.69243 0.71581 0.72575 0.72637 0.72645 0.72437 0.72338 0.72287 0.72156 0.72119 0.72128 0.71917 0.71719 0.71808 0.71854 0.71598 0.71367 0.71463 0.71547 0.71285 0.71085 0.71279 0.71199 0.70849 0.70902 0.71077 0.70738 0.70581 0.70894 0.70771 0.70356 0.70418 0.70674 0.70266 0.70151 0.70514 0.70380 0.69957 0.70038 0.70309 0.70058 0.69771 0.69961 0.70074 0.69809 0.69653 0.69782 0.69828 0.69741 0.69576 0.69477 0.69614 0.69763 0.69488 0.69216 0.69451 0.69661 0.69390 0.69150 0.69321 0.69458 0.69306 0.69257 0.69211 0.69150 0.69240 0.69289 0.69124 0.69053 0.69190 0.69233 0.69050 0.69012 0.69182 0.69184 0.68951 0.68996 0.69242 0.69124 0.68816 0.69061 0.69284 0.68987 0.68962 0.69240 0.69098 0.68832 0.69129 0.69348 0.69052 0.68948 0.69167 0.69113 0.69118 0.69335 0.69165 0.68923 0.69306 0.69445 0.69024 0.69085 0.69497 0.69439 0.69056 0.69222 0.69581 0.69504 0.69230 0.69339 0.69661 0.69601 0.69356 0.69465 0.69790 0.69732 0.69504 0.69560 0.69690 0.69929 0.69918 0.69574 0.69618 0.70135 0.70222 0.69831 0.69778 0.70072 0.70358 0.70245 0.69974 0.70058 0.70460 0.70521 0.70247 0.70151 0.70471 0.70733 0.70617 0.70364 0.70475 0.70862 0.70958 0.70702 0.70630 0.70911 0.71104 0.71043 0.71080 0.71015 0.71063 0.71316 0.71412 0.71254 0.71204 0.71419 0.71674 0.71667 0.71432 0.71521 0.71842 0.71962 0.71743 0.70434 0.68102 0.65912 0.63327 0.60601 0.58074 0.55978 0.53504 0.50695 0.48192 0.44878 0.40168 0.35296 0.30619 0.26054 0.21322 0.16538 0.11809 0.07117 0.02378 0.00000 0.00000 0.00000 0.00000 0.00000 0.00000 0.00000 0.00000 0.00000 0.00000 0.00000 0.00000 0.00000 0.00000 0.00000 0.00000 0.00000 0.00000 0.00000 0.00000 0.00000 0.00000 0.00000 0.00000 0.00000 0.00000 0.00000 0.00000 0.00000 0.00000 0.00000 0.00000 0.00000 0.00000 0.00000
0.00000 0.00000 0.00000 0.00000 0.00000 0.00000 0.00000 0.00000 0.00000 0.00000 0.00000 0.00000 0.00000 0.00000 0.00000 0.03898 0.11663 0.19412 0.27219 0.34954 0.42533 0.50224 0.58089 0.65705 0.73156 0.76918 0.76986 0.76800 0.76677 0.76632 0.76466 0.76209 0.76249 0.76285 0.75931 0.71983 0.64440 0.56798 0.49022 0.41401 0.33887 0.26341 0.18783 0.11249 0.03735 0.02054 0.06168 0.10247 0.14315 0.18387 0.22452 0.26459 0.30536 0.34614 0.38539 0.42108 0.45444 0.48790 0.51911 0.55012 0.58330 0.61733 0.64820 0.67787 0.71058 0.72900 0.72749 0.72320 0.72255 0.72540 0.72461 0.71960 0.71880 0.72211 0.72113 0.71620 0.71567 0.71886 0.71762 0.71296 0.71265 0.71570 0.71454 0.71014 0.70946 0.71192 0.71178 0.70965 0.70640 0.70751 0.70795 0.70740 0.70698 0.70447 0.70368 0.70508 0.70547 0.70316 0.70055 0.70235 0.70391 0.70095 0.69806 0.70081 0.70207 0.69800 0.69629 0.69996 0.70016 0.69533 0.69443 0.69913 0.69851 0.69342 0.69376 0.69787 0.69576 0.69201 0.69448 0.69656 0.69271 0.69084 0.69484 0.69551 0.69042 0.68986 0.69494 0.69464 0.68932 0.68907 0.69420 0.69397 0.68865 0.68849 0.69361 0.69345 0.68821 0.68820 0.69325 0.69282 0.68789 0.68860 0.69317 0.69150 0.68782 0.69164 0.69282 0.68810 0.68911 0.69292 0.69088 0.68831 0.69218 0.69339 0.68850 0.68877 0.69350 0.69387 0.69100 0.68987 0.69121 0.69097 0.69404 0.69390 0.69045 0.69212 0.69542 0.69257 0.69111 0.69565 0.69653 0.69228 0.69203 0.69683 0.69770 0.69353 0.69318 0.69788 0.69890 0.69468 0.69498 0.69941 0.69962 0.69694 0.69804 0.69975 0.69739 0.69932 0.70247 0.70090 0.69862 0.70085 0.70371 0.70320 0.70146 0.70165 0.70425 0.70598 0.70423 0.70270 0.70528 0.70798 0.70627 0.70543 0.70807 0.70774 0.70707 0.71029 0.71090 0.70743 0.70875 0.71358 0.71304 0.71018 0.71176 0.71499 0.71368 0.71253 0.71623 0.71700 0.71365 0.71421 0.71960 0.71948 0.71656 0.69976 0.67054 0.64103 0.60776 0.57396 0.54171 0.51135 0.47964 0.44705 0.41371 0.37797 0.33952 0.29987 0.25933 0.21948 0.18014 0.14039 0.10021 0.06007 0.02004 0.00000 0.00000 0.00000 0.00000 0.00000 0.00000 0.00000 0.00000 0.00000 0.00000 0.00000 0.00000 0.00000 0.00000 0.00000 0.00000 0.00000 0.00000 0.00000 0.00000 0.00000 0.00000 0.00000 0.00000 0.00000 0.00000 0.00000 0.00000 0.00000 0.00000 0.00000 0.00000 0.00000 0.00000 0.00000
0.00000 0.00000 0.00000 0.00000 0.00000 0.00000 0.00000 0.00000 0.00000 0.00000 0.00000 0.00000 0.00000 0.00000 0.00000 0.03890 0.11683 0.19428 0.27132 0.34907 0.42686 0.50179 0.57853 0.65731 0.73381 0.76799 0.76716 0.76909 0.76772 0.76426 0.76399 0.76431 0.76134 0.75972 0.76122 0.72136 0.64247 0.56637 0.49145 0.41499 0.33858 0.26248 0.18742 0.11254 0.03749 0.01682 0.05025 0.08372 0.11733 0.15074 0.18347 0.21621 0.24938 0.28318 0.31601 0.35091 0.39090 0.43244 0.47227 0.50984 0.54949 0.59093 0.63022 0.66750 0.70698 0.72746 0.72634 0.72474 0.72359 0.72289 0.72282 0.72232 0.71986 0.71845 0.71980 0.71966 0.71635 0.71463 0.71661 0.71676 0.71315 0.71140 0.71391 0.71372 0.70937 0.70857 0.71220 0.71061 0.70631 0.70728 0.70927 0.70521 0.70365 0.70744 0.70628 0.70244 0.70387 0.70452 0.70088 0.70083 0.70352 0.70142 0.69812 0.69990 0.70174 0.69861 0.69606 0.69848 0.69963 0.69728 0.69542 0.69580 0.69708 0.69752 0.69467 0.69267 0.69523 0.69689 0.69377 0.69140 0.69372 0.69530 0.69295 0.69131 0.69247 0.69322 0.69222 0.69151 0.69156 0.69176 0.69153 0.69122 0.69094 0.69095 0.69108 0.69099 0.69024 0.69027 0.69130 0.69092 0.68922 0.69012 0.69202 0.69022 0.68930 0.69130 0.69019 0.68863 0.69221 0.69307 0.68897 0.68817 0.69233 0.69278 0.68951 0.69078 0.69283 0.68939 0.68986 0.69398 0.69354 0.68985 0.69185 0.69405 0.69157 0.69157 0.69479 0.69426 0.69183 0.69288 0.69554 0.69500 0.69317 0.69417 0.69679 0.69613 0.69418 0.69523 0.69741 0.69785 0.69672 0.69577 0.69602 0.69994 0.70101 0.69709 0.69696 0.70042 0.70262 0.70145 0.69858 0.69951 0.70398 0.70427 0.70076 0.70052 0.70482 0.70636 0.70376 0.70214 0.70504 0.70829 0.70728 0.70471 0.70564 0.70928 0.71003 0.70851 0.70924 0.70931 0.70974 0.71199 0.71278 0.71034 0.71075 0.71471 0.71556 0.71291 0.71298 0.71604 0.71766 0.71610 0.71568 0.71805 0.71842 0.69907 0.66001 0.62021 0.58001 0.54351 0.50484 0.46305 0.42329 0.38609 0.34668 0.30890 0.27655 0.24557 0.21288 0.17937 0.14683 0.11493 0.08216 0.04913 0.01636 0.00000 0.00000 0.00000 0.00000 0.00000 0.00000 0.00000 0.00000 0.00000 0.00000 0.00000 0.00000 0.00000 0.00000 0.00000 0.00000 0.00000 0.00000 0.00000 0.00000 0.00000 0.00000 0.00000 0.00000 0.00000 0.00000 0.00000 0.00000 0.00000 0.00000 0.00000 0.00000 0.00000 0.00000 0.00000
0.00000 0.00000 0.00000 0.00000 0.00000 0.00000 0.00000 0.00000 0.00000 0.00000 0.00000 0.00000 0.00000 0.00000 0.00000 0.03886 0.11674 0.19459 0.27140 0.34810 0.42634 0.50364 0.57891 0.65437 0.73262 0.77069 0.76890 0.76631 0.76615 0.76507 0.76463 0.76428 0.76118 0.75941 0.75997 0.72164 0.64268 0.56584 0.49096 0.41521 0.33811 0.26261 0.18757 0.11243 0.03740 0.01307 0.03915 0.06520 0.09116 0.11677 0.14269 0.16884 0.19421 0.21919 0.24501 0.28232 0.32933 0.37545 0.42291 0.47162 0.51814 0.56271 0.60959 0.65915 0.70539 0.72451 0.72373 0.72672 0.72586 0.72082 0.72005 0.72326 0.72230 0.71741 0.71685 0.71990 0.71863 0.71416 0.71396 0.71669 0.71520 0.71113 0.71105 0.71344 0.71212 0.70923 0.70829 0.70948 0.70862 0.70744 0.70879 0.70650 0.70387 0.70444 0.70653 0.70551 0.70123 0.70077 0.70453 0.70363 0.69871 0.69930 0.70264 0.70069 0.69673 0.69845 0.70066 0.69704 0.69491 0.69918 0.69900 0.69398 0.69366 0.69814 0.69675 0.69234 0.69421 0.69685 0.69348 0.69107 0.69458 0.69572 0.69115 0.69000 0.69446 0.69477 0.68963 0.68912 0.69407 0.69402 0.68870 0.68842 0.69356 0.69348 0.68805 0.68794 0.69316 0.69304 0.68772 0.68769 0.69297 0.69258 0.68757 0.68795 0.69288 0.69147 0.68803 0.69113 0.69184 0.68883 0.69024 0.69227 0.68955 0.68876 0.69267 0.69294 0.68932 0.68963 0.69191 0.69222 0.69316 0.69308 0.69010 0.69032 0.69467 0.69406 0.69043 0.69480 0.69590 0.69136 0.69127 0.69648 0.69703 0.69235 0.69232 0.69749 0.69821 0.69361 0.69383 0.69901 0.69942 0.69498 0.69615 0.70015 0.69885 0.69766 0.70031 0.70044 0.69803 0.69972 0.70272 0.70197 0.70054 0.70113 0.70313 0.70435 0.70342 0.70200 0.70388 0.70689 0.70590 0.70370 0.70602 0.70848 0.70707 0.70713 0.70928 0.70728 0.70783 0.71211 0.71153 0.70905 0.71048 0.71384 0.71287 0.71138 0.71425 0.71554 0.71308 0.71342 0.71797 0.71794 0.71521 0.71472 0.71908 0.69739 0.64958 0.60093 0.55440 0.51123 0.46465 0.41689 0.36922 0.32346 0.27750 0.24106 0.21520 0.19022 0.16545 0.13996 0.11445 0.08909 0.06367 0.03826 0.01278 0.00000 0.00000 0.00000 0.00000 0.00000 0.00000 0.00000 0.00000 0.00000 0.00000 0.00000 0.00000 0.00000 0.00000 0.00000 0.00000 0.00000 0.00000 0.00000 0.00000 0.00000 0.00000 0.00000 0.00000 0.00000 0.00000 0.00000 0.00000 0.00000 0.00000 0.00000 0.00000 0.00000 0.00000 0.00000
0.00000 0.00000 0.00000 0.00000 0.00000 0.00000 0.00000 0.00000 0.00000 0.00000 0.00000 0.00000 0.00000 0.00000 0.00000 0.03892 0.11658 0.19398 0.27179 0.34856 0.42531 0.50362 0.58002 0.65384 0.73067 0.77036 0.76951 0.76625 0.76437 0.76580 0.76437 0.76180 0.76282 0.76109 0.75795 0.71917 0.64450 0.56718 0.48938 0.41381 0.33864 0.26295 0.18773 0.11230 0.03732 0.00932 0.02801 0.04664 0.06497 0.08335 0.10194 0.12052 0.13872 0.15659 0.17482 0.21195 0.26691 0.32067 0.37498 0.43051 0.48518 0.53797 0.59145 0.64639 0.70091 0.72645 0.72447 0.72391 0.72441 0.72367 0.72079 0.71964 0.72123 0.72084 0.71712 0.71571 0.71817 0.71796 0.71377 0.71229 0.71520 0.71500 0.71044 0.70919 0.71286 0.71212 0.70715 0.70629 0.71034 0.70897 0.70442 0.70669 0.70771 0.70398 0.70217 0.70501 0.70432 0.70161 0.70209 0.70218 0.70035 0.70025 0.70117 0.69937 0.69734 0.69891 0.70000 0.69752 0.69528 0.69663 0.69760 0.69732 0.69508 0.69342 0.69561 0.69713 0.69397 0.69141 0.69413 0.69579 0.69302 0.69087 0.69280 0.69424 0.69225 0.69059 0.69175 0.69280 0.69147 0.69033 0.69116 0.69174 0.69066 0.69021 0.69081 0.69074 0.69029 0.69045 0.69024 0.68998 0.69051 0.69036 0.69000 0.69038 0.68994 0.68920 0.69210 0.69211 0.68739 0.68785 0.69275 0.69329 0.68841 0.68869 0.69275 0.69221 0.68896 0.69183 0.69383 0.68959 0.68930 0.69375 0.69421 0.69088 0.69126 0.69381 0.69350 0.69216 0.69345 0.69435 0.69352 0.69349 0.69515 0.69529 0.69409 0.69464 0.69667 0.69682 0.69534 0.69537 0.69668 0.69854 0.69883 0.69692 0.69661 0.69963 0.70151 0.70059 0.69771 0.69851 0.70303 0.70324 0.69953 0.69956 0.70435 0.70524 0.70186 0.70119 0.70523 0.70711 0.70479 0.70299 0.70613 0.70903 0.70760 0.70642 0.70843 0.70922 0.70847 0.71040 0.71158 0.70922 0.70949 0.71370 0.71432 0.71090 0.71166 0.71603 0.71660 0.71333 0.71426 0.71778 0.71800 0.71519 0.71735 0.69296 0.63713 0.58410 0.53224 0.47738 0.42257 0.37046 0.31708 0.26161 0.20751 0.17240 0.15439 0.13564 0.11765 0.10020 0.08201 0.06346 0.04536 0.02739 0.00915 0.00000 0.00000 0.00000 0.00000 0.00000 0.00000 0.00000 0.00000 0.00000 0.00000 0.00000 0.00000 0.00000 0.00000 0.00000 0.00000 0.00000 0.00000 0.00000 0.00000 0.00000 0.00000 0.00000 0.00000 0.00000 0.00000 0.00000 0.00000 0.00000 0.00000 0.00000 0.00000 0.00000 0.00000 0.00000
0.00000 0.00000 0.00000 0.00000 0.00000 0.00000 0.00000 0.00000 0.00000 0.00000 0.00000 0.00000 0.00000 0.00000 0.00000 0.03894 0.11666 0.19371 0.27136 0.34915 0.42621 0.50116 0.57865 0.65652 0.73285 0.76719 0.76734 0.76808 0.76694 0.76303 0.76267 0.76255 0.76210 0.76147 0.75789 0.71907 0.64371 0.56720 0.48942 0.41325 0.33881 0.26304 0.18700 0.11226 0.03745 0.00560 0.01676 0.02787 0.03902 0.05019 0.06118 0.07198 0.08303 0.09432 0.10517 0.14129 0.20353 0.26665 0.32858 0.38867 0.45018 0.51401 0.57541 0.63339 0.69415 0.72800 0.72717 0.72219 0.72136 0.72442 0.72347 0.71867 0.71811 0.72094 0.71969 0.71542 0.71525 0.71762 0.71601 0.71233 0.71253 0.71442 0.71261 0.70976 0.70993 0.71104 0.70914 0.70775 0.70865 0.70781 0.70449 0.70508 0.70780 0.70590 0.70185 0.70161 0.70532 0.70470 0.69944 0.69896 0.70322 0.70267 0.69733 0.69706 0.70124 0.70005 0.69542 0.69695 0.69957 0.69476 0.69380 0.69847 0.69767 0.69271 0.69379 0.69714 0.69458 0.69134 0.69422 0.69597 0.69198 0.69021 0.69406 0.69495 0.69027 0.68926 0.69372 0.69411 0.68907 0.68847 0.69335 0.69348 0.68817 0.68790 0.69308 0.69300 0.68758 0.68756 0.69291 0.69273 0.68743 0.68740 0.69278 0.69268 0.68744 0.68842 0.69238 0.69113 0.68861 0.69044 0.69092 0.68913 0.69084 0.69213 0.69009 0.68915 0.69189 0.69242 0.69289 0.69096 0.68956 0.69126 0.69401 0.69335 0.68983 0.69260 0.69524 0.69154 0.69066 0.69550 0.69635 0.69136 0.69165 0.69712 0.69745 0.69263 0.69298 0.69839 0.69858 0.69390 0.69503 0.69994 0.69912 0.69600 0.69751 0.70054 0.69825 0.69817 0.70116 0.70138 0.69978 0.70012 0.70220 0.70311 0.70232 0.70148 0.70303 0.70538 0.70489 0.70273 0.70467 0.70761 0.70672 0.70492 0.70761 0.70824 0.70736 0.70923 0.71010 0.70842 0.70923 0.71245 0.71175 0.71023 0.71255 0.71431 0.71273 0.71239 0.71585 0.71649 0.71433 0.71406 0.71771 0.71927 0.71759 0.68530 0.62552 0.56865 0.50729 0.44443 0.38264 0.32334 0.26272 0.20066 0.13890 0.10315 0.09263 0.08156 0.07066 0.05994 0.04908 0.03812 0.02734 0.01642 0.00545 0.00000 0.00000 0.00000 0.00000 0.00000 0.00000 0.00000 0.00000 0.00000 0.00000 0.00000 0.00000 0.00000 0.00000 0.00000 0.00000 0.00000 0.00000 0.00000 0.00000 0.00000 0.00000 0.00000 0.00000 0.00000 0.00000 0.00000 0.00000 0.00000 0.00000 0.00000 0.00000 0.00000 0.00000 0.00000
0.00000 0.00000 0.00000 0.00000 0.00000 0.00000 0.00000 0.00000 0.00000 0.00000 0.00000 0.00000 0.00000 0.00000 0.00000 0.03887 0.11649 0.19413 0.27143 0.34791 0.42553 0.50224 0.57854 0.65538 0.73185 0.76851 0.76691 0.76689 0.76612 0.76413 0.76325 0.76252 0.76014 0.75911 0.76036 0.72003 0.64148 0.56578 0.49078 0.41413 0.33768 0.26264 0.18718 0.11211 0.03743 0.00187 0.00558 0.00928 0.01301 0.01673 0.02037 0.02401 0.02769 0.03138 0.03502 0.07167 0.14122 0.21098 0.28059 0.34924 0.41755 0.48683 0.55648 0.62438 0.69112 0.72493 0.72600 0.72514 0.72190 0.72078 0.72255 0.72212 0.71819 0.71687 0.71943 0.71914 0.71468 0.71334 0.71645 0.71615 0.71139 0.71018 0.71373 0.71317 0.70816 0.70729 0.71118 0.71015 0.70530 0.70554 0.70858 0.70595 0.70281 0.70510 0.70587 0.70272 0.70120 0.70281 0.70279 0.70083 0.69989 0.70016 0.70003 0.69931 0.69849 0.69804 0.69792 0.69731 0.69649 0.69722 0.69695 0.69436 0.69509 0.69716 0.69498 0.69172 0.69404 0.69616 0.69353 0.69067 0.69293 0.69485 0.69252 0.69013 0.69186 0.69354 0.69167 0.68975 0.69117 0.69241 0.69067 0.68961 0.69105 0.69127 0.68971 0.68993 0.69100 0.69012 0.68931 0.69029 0.69077 0.68979 0.68915 0.68972 0.69116 0.69099 0.68788 0.68829 0.69225 0.69263 0.68763 0.68785 0.69263 0.69331 0.68855 0.68864 0.69311 0.69140 0.68867 0.69222 0.69420 0.69069 0.68947 0.69334 0.69462 0.69147 0.69055 0.69390 0.69450 0.69270 0.69288 0.69472 0.69468 0.69393 0.69497 0.69612 0.69518 0.69459 0.69636 0.69787 0.69695 0.69558 0.69667 0.69888 0.69980 0.69954 0.69730 0.69776 0.70182 0.70218 0.69870 0.69857 0.70346 0.70426 0.70060 0.70029 0.70476 0.70605 0.70296 0.70186 0.70601 0.70805 0.70536 0.70450 0.70787 0.70931 0.70695 0.70865 0.71057 0.70878 0.70809 0.71222 0.71316 0.70967 0.71037 0.71512 0.71545 0.71175 0.71289 0.71702 0.71725 0.71360 0.71571 0.71930 0.71789 0.68211 0.61701 0.54973 0.47953 0.41238 0.34529 0.27596 0.20726 0.13934 0.07069 0.03433 0.03075 0.02726 0.02364 0.01992 0.01633 0.01277 0.00912 0.00545 0.00182 0.00000 0.00000 0.00000 0.00000 0.00000 0.00000 0.00000 0.00000 0.00000 0.00000 0.00000 0.00000 0.00000 0.00000 0.00000 0.00000 0.00000 0.00000 0.00000 0.00000 0.00000 0.00000 0.00000 0.00000 0.00000 0.00000 0.00000 0.00000 0.00000 0.00000 0.00000 0.00000 0.00000 0.00000 0.00000
0.00000 0.00000 0.00000 0.00000 0.00000 0.00000 0.00000 0.00000 0.00000 0.00000 0.00000 0.00000 0.00000 0.00000 0.00000 0.03884 0.11630 0.19418 0.27194 0.34773 0.42398 0.50271 0.57980 0.65340 0.72969 0.76794 0.76332 0.75513 0.75067 0.74831 0.74332 0.73681 0.73096 0.72757 0.72329 0.68357 0.60941 0.53765 0.46610 0.39303 0.32052 0.24973 0.17830 0.10643 0.03540 0.00186 0.00559 0.00931 0.01298 0.01665 0.02035 0.02409 0.02775 0.03126 0.03490 0.07187 0.14170 0.21025 0.27940 0.35009 0.41917 0.48553 0.55383 0.62540 0.69384 0.72361 0.72269 0.72566 0.72466 0.71999 0.71941 0.72210 0.72082 0.71663 0.71651 0.71867 0.71696 0.71351 0.71393 0.71541 0.71327 0.71072 0.71142 0.71218 0.70974 0.70836 0.70948 0.70898 0.70592 0.70585 0.70832 0.70655 0.70260 0.70287 0.70619 0.70483 0.70020 0.69996 0.70391 0.70311 0.69798 0.69765 0.70187 0.70130 0.69600 0.69578 0.70014 0.69883 0.69422 0.69746 0.69838 0.69376 0.69341 0.69727 0.69594 0.69185 0.69355 0.69617 0.69329 0.69049 0.69348 0.69515 0.69110 0.68947 0.69337 0.69425 0.68962 0.68857 0.69310 0.69356 0.68849 0.68793 0.69293 0.69293 0.68767 0.68768 0.69282 0.69243 0.68734 0.68757 0.69267 0.69231 0.68721 0.68765 0.69253 0.69252 0.68760 0.68834 0.69182 0.69101 0.68907 0.69075 0.69115 0.68851 0.69014 0.69245 0.69249 0.68983 0.68882 0.69184 0.69350 0.69191 0.68911 0.69175 0.69466 0.69262 0.69012 0.69396 0.69568 0.69148 0.69110 0.69609 0.69669 0.69204 0.69232 0.69767 0.69774 0.69318 0.69420 0.69908 0.69827 0.69470 0.69657 0.70041 0.69781 0.69661 0.69955 0.70120 0.69906 0.69869 0.70131 0.70244 0.70118 0.70055 0.70241 0.70421 0.70359 0.70205 0.70393 0.70630 0.70568 0.70381 0.70634 0.70803 0.70687 0.70661 0.70877 0.70850 0.70824 0.71047 0.71055 0.70938 0.71111 0.71306 0.71192 0.71122 0.71418 0.71526 0.71347 0.71323 0.71640 0.71772 0.71606 0.71487 0.71667 0.68485 0.61211 0.53811 0.46629 0.39751 0.32568 0.25242 0.18003 0.10850 0.03628 0.00000 0.00000 0.00000 0.00000 0.00000 0.00000 0.00000 0.00000 0.00000 0.00000 0.00000 0.00000 0.00000 0.00000 0.00000 0.00000 0.00000 0.00000 0.00000 0.00000 0.00000 0.00000 0.00000 0.00000 0.00000 0.00000 0.00000 0.00000 0.00000 0.00000 0.00000 0.00000 0.00000 0.00000 0.00000 0.00000 0.00000 0.00000 0.00000 0.00000 0.00000 0.00000 0.00000 0.00000 0.00000
0.00000 0.00000 0.00000 0.00000 0.00000 0.00000 0.00000 0.00000 0.00000 0.00000 0.00000 0.00000 0.00000 0.00000 0.00000 0.03886 0.11664 0.19376 0.27098 0.34873 0.42540 0.50164 0.57831 0.65497 0.73076 0.76215 0.75017 0.73767 0.72476 0.71214 0.69962 0.68727 0.67599 0.66255 0.64916 0.61080 0.54699 0.48109 0.41548 0.35169 0.28755 0.22296 0.15924 0.09547 0.03169 0.00558 0.01675 0.02793 0.03902 0.04991 0.06106 0.07213 0.08307 0.09402 0.10485 0.14147 0.20384 0.26584 0.32721 0.38904 0.45143 0.51261 0.57249 0.63360 0.69657 0.72649 0.72313 0.72200 0.72390 0.72340 0.71943 0.71809 0.72058 0.72034 0.71584 0.71449 0.71754 0.71727 0.71246 0.71132 0.71472 0.71416 0.70926 0.70846 0.71205 0.71100 0.70628 0.70630 0.70944 0.70745 0.70361 0.70518 0.70688 0.70396 0.70147 0.70335 0.70428 0.70163 0.69963 0.70089 0.70184 0.69984 0.69786 0.69868 0.69977 0.69794 0.69584 0.69734 0.69922 0.69542 0.69371 0.69690 0.69688 0.69264 0.69317 0.69622 0.69482 0.69074 0.69255 0.69525 0.69324 0.69002 0.69178 0.69397 0.69211 0.68949 0.69107 0.69291 0.69101 0.68922 0.69099 0.69180 0.68966 0.68943 0.69136 0.69051 0.68858 0.68999 0.69153 0.68961 0.68809 0.68999 0.69143 0.69006 0.68809 0.68893 0.69121 0.69157 0.68865 0.68798 0.69192 0.69266 0.68911 0.68799 0.69215 0.69249 0.68849 0.68979 0.69354 0.69105 0.68872 0.69234 0.69443 0.69108 0.68954 0.69340 0.69498 0.69198 0.69075 0.69427 0.69543 0.69316 0.69287 0.69553 0.69572 0.69393 0.69498 0.69742 0.69632 0.69397 0.69643 0.69913 0.69810 0.69759 0.69727 0.69763 0.70026 0.70111 0.69835 0.69767 0.70218 0.70333 0.69990 0.69937 0.70384 0.70517 0.70179 0.70105 0.70538 0.70700 0.70392 0.70299 0.70715 0.70907 0.70562 0.70682 0.70966 0.70872 0.70688 0.71071 0.71221 0.70878 0.70904 0.71378 0.71434 0.71055 0.71159 0.71611 0.71626 0.71253 0.71424 0.71818 0.71762 0.71456 0.71740 0.68443 0.61064 0.53856 0.46876 0.39682 0.32414 0.25259 0.18083 0.10838 0.03615 0.00000 0.00000 0.00000 0.00000 0.00000 0.00000 0.00000 0.00000 0.00000 0.00000 0.00000 0.00000 0.00000 0.00000 0.00000 0.00000 0.00000 0.00000 0.00000 0.00000 0.00000 0.00000 0.00000 0.00000 0.00000 0.00000 0.00000 0.00000 0.00000 0.00000 0.00000 0.00000 0.00000 0.00000 0.00000 0.00000 0.00000 0.00000 0.00000 0.00000 0.00000 0.00000 0.00000 0.00000 0.00000
0.00000 0.00000 0.00000 0.00000 0.00000 0.00000 0.00000 0.00000 0.00000 0.00000 0.00000 0.00000 0.00000 0.00000 0.00000 0.03886 0.11685 0.19363 0.27015 0.34849 0.42582 0.50079 0.57641 0.65541 0.73214 0.75685 0.73670 0.71929 0.69934 0.67659 0.65634 0.63868 0.61873 0.59730 0.57666 0.53962 0.48244 0.42394 0.36636 0.31054 0.25397 0.19642 0.14005 0.08426 0.02805 0.00930 0.02784 0.04643 0.06501 0.08358 0.10178 0.11982 0.13813 0.15696 0.17524 0.21072 0.26536 0.32141 0.37602 0.42816 0.48218 0.53895 0.59295 0.64346 0.69685 0.72698 0.72595 0.72136 0.72066 0.72335 0.72206 0.71785 0.71774 0.71989 0.71807 0.71459 0.71522 0.71658 0.71412 0.71168 0.71286 0.71334 0.71038 0.70912 0.71071 0.71015 0.70679 0.70668 0.70896 0.70733 0.70352 0.70397 0.70699 0.70519 0.70101 0.70119 0.70467 0.70328 0.69871 0.69882 0.70256 0.70146 0.69664 0.69669 0.70070 0.69967 0.69477 0.69543 0.69901 0.69642 0.69335 0.69612 0.69718 0.69327 0.69272 0.69596 0.69515 0.69114 0.69233 0.69529 0.69266 0.68984 0.69292 0.69438 0.69015 0.68878 0.69302 0.69369 0.68893 0.68796 0.69277 0.69302 0.68789 0.68779 0.69270 0.69215 0.68732 0.68798 0.69257 0.69154 0.68709 0.68818 0.69248 0.69171 0.68710 0.68794 0.69222 0.69229 0.68787 0.68811 0.69181 0.68924 0.68872 0.69204 0.69230 0.68887 0.68863 0.69203 0.69333 0.69105 0.68840 0.69141 0.69425 0.69241 0.68953 0.69235 0.69510 0.69243 0.69059 0.69445 0.69605 0.69233 0.69168 0.69647 0.69710 0.69286 0.69342 0.69817 0.69751 0.69396 0.69615 0.69967 0.69626 0.69546 0.69940 0.70094 0.69787 0.69725 0.70073 0.70215 0.69999 0.69922 0.70190 0.70354 0.70221 0.70107 0.70344 0.70528 0.70428 0.70284 0.70555 0.70718 0.70594 0.70497 0.70762 0.70854 0.70746 0.70816 0.70931 0.70912 0.70993 0.71157 0.71089 0.71020 0.71282 0.71414 0.71252 0.71213 0.71522 0.71644 0.71481 0.71419 0.71625 0.71917 0.71823 0.68020 0.60903 0.54171 0.46948 0.39544 0.32359 0.25321 0.18109 0.10825 0.03612 0.00000 0.00000 0.00000 0.00000 0.00000 0.00000 0.00000 0.00000 0.00000 0.00000 0.00000 0.00000 0.00000 0.00000 0.00000 0.00000 0.00000 0.00000 0.00000 0.00000 0.00000 0.00000 0.00000 0.00000 0.00000 0.00000 0.00000 0.00000 0.00000 0.00000 0.00000 0.00000 0.00000 0.00000 0.00000 0.00000 0.00000 0.00000 0.00000 0.00000 0.00000 0.00000 0.00000 0.00000 0.00000
0.00000 0.00000 0.00000 0.00000 0.00000 0.00000 0.00000 0.00000 0.00000 0.00000 0.00000 0.00000 0.00000 0.00000 0.00000 0.03886 0.11623 0.19380 0.27134 0.34807 0.42464 0.50165 0.57827 0.65396 0.73034 0.75468 0.72652 0.69800 0.67092 0.64358 0.61582 0.58758 0.56013 0.53304 0.50628 0.46688 0.41683 0.36771 0.31842 0.26852 0.21939 0.17074 0.12162 0.07274 0.02424 0.01306 0.03908 0.06490 0.09074 0.11665 0.14246 0.16845 0.19377 0.21888 0.24453 0.28137 0.32821 0.37507 0.42273 0.46983 0.51558 0.56214 0.61033 0.65673 0.70099 0.72345 0.72526 0.72454 0.72076 0.71942 0.72175 0.72154 0.71720 0.71573 0.71851 0.71842 0.71377 0.71251 0.71561 0.71513 0.71048 0.70973 0.71291 0.71179 0.70737 0.70745 0.71032 0.70835 0.70453 0.70577 0.70782 0.70506 0.70204 0.70395 0.70541 0.70253 0.69989 0.70160 0.70308 0.70055 0.69786 0.69936 0.70094 0.69861 0.69620 0.69765 0.69917 0.69644 0.69408 0.69665 0.69810 0.69398 0.69245 0.69595 0.69646 0.69197 0.69171 0.69509 0.69455 0.69068 0.69134 0.69422 0.69288 0.68964 0.69086 0.69322 0.69156 0.68917 0.69075 0.69226 0.69000 0.68902 0.69138 0.69107 0.68842 0.68951 0.69194 0.68984 0.68744 0.68995 0.69201 0.68955 0.68699 0.68946 0.69149 0.69054 0.69010 0.68848 0.68943 0.69171 0.69168 0.68822 0.68944 0.69206 0.69017 0.68905 0.69234 0.69144 0.68824 0.69111 0.69401 0.69103 0.68905 0.69270 0.69478 0.69150 0.68980 0.69377 0.69562 0.69248 0.69113 0.69496 0.69631 0.69337 0.69316 0.69676 0.69659 0.69343 0.69538 0.69876 0.69715 0.69527 0.69709 0.69851 0.69863 0.69989 0.69838 0.69708 0.70055 0.70234 0.69969 0.69852 0.70248 0.70431 0.70123 0.70028 0.70433 0.70611 0.70302 0.70196 0.70622 0.70827 0.70477 0.70503 0.70848 0.70880 0.70598 0.70912 0.71120 0.70821 0.70773 0.71242 0.71345 0.70949 0.71032 0.71496 0.71524 0.71155 0.71288 0.71709 0.71688 0.71365 0.71560 0.71924 0.71829 0.68078 0.61100 0.54079 0.46807 0.39602 0.32459 0.25279 0.18065 0.10838 0.03616 0.00000 0.00000 0.00000 0.00000 0.00000 0.00000 0.00000 0.00000 0.00000 0.00000 0.00000 0.00000 0.00000 0.00000 0.00000 0.00000 0.00000 0.00000 0.00000 0.00000 0.00000 0.00000 0.00000 0.00000 0.00000 0.00000 0.00000 0.00000 0.00000 0.00000 0.00000 0.00000 0.00000 0.00000 0.00000 0.00000 0.00000 0.00000 0.00000 0.00000 0.00000 0.00000 0.00000 0.00000 0.00000
0.00000 0.00000 0.00000 0.00000 0.00000 0.00000 0.00000 0.00000 0.00000 0.00000 0.00000 0.00000 0.00000 0.00000 0.00000 0.03881 0.11611 0.19387 0.27156 0.34743 0.42364 0.50210 0.57900 0.65282 0.72848 0.75150 0.71633 0.67801 0.64257 0.60977 0.57456 0.53751 0.50215 0.46918 0.43439 0.39456 0.35214 0.31143 0.26966 0.22694 0.18534 0.14449 0.10309 0.06149 0.02047 0.01679 0.05031 0.08339 0.11652 0.14999 0.18317 0.21640 0.24934 0.28118 0.31374 0.35143 0.39151 0.42911 0.46864 0.51075 0.55025 0.58656 0.62562 0.66832 0.70737 0.72273 0.72176 0.72468 0.72349 0.71912 0.71881 0.72120 0.71936 0.71568 0.71644 0.71790 0.71517 0.71254 0.71420 0.71469 0.71118 0.70980 0.71202 0.71148 0.70754 0.70736 0.70995 0.70836 0.70441 0.70503 0.70783 0.70563 0.70185 0.70255 0.70549 0.70343 0.69951 0.70025 0.70328 0.70141 0.69737 0.69801 0.70130 0.69997 0.69544 0.69572 0.69955 0.69836 0.69369 0.69465 0.69798 0.69563 0.69236 0.69467 0.69655 0.69283 0.69124 0.69475 0.69543 0.69066 0.69096 0.69433 0.69047 0.68921 0.69341 0.69377 0.68927 0.68812 0.69280 0.69318 0.68825 0.68773 0.69258 0.69218 0.68738 0.68824 0.69250 0.69094 0.68704 0.68895 0.69237 0.69013 0.68693 0.68930 0.69230 0.69055 0.68715 0.68797 0.69220 0.69075 0.68777 0.68976 0.69234 0.68942 0.68814 0.69174 0.69307 0.69113 0.68814 0.69075 0.69394 0.69227 0.68894 0.69122 0.69469 0.69304 0.69005 0.69264 0.69551 0.69322 0.69111 0.69464 0.69651 0.69331 0.69265 0.69687 0.69727 0.69371 0.69524 0.69880 0.69599 0.69473 0.69916 0.70034 0.69635 0.69621 0.70069 0.70176 0.69871 0.69792 0.70153 0.70316 0.70082 0.69978 0.70302 0.70466 0.70284 0.70171 0.70496 0.70641 0.70466 0.70364 0.70678 0.70816 0.70660 0.70604 0.70799 0.70931 0.70909 0.70953 0.70965 0.70970 0.71176 0.71294 0.71146 0.71093 0.71418 0.71544 0.71360 0.71316 0.71579 0.71772 0.71659 0.71527 0.71611 0.68453 0.61264 0.53786 0.46656 0.39784 0.32549 0.25196 0.18040 0.10866 0.03619 0.00000 0.00000 0.00000 0.00000 0.00000 0.00000 0.00000 0.00000 0.00000 0.00000 0.00000 0.00000 0.00000 0.00000 0.00000 0.00000 0.00000 0.00000 0.00000 0.00000 0.00000 0.00000 0.00000 0.00000 0.00000 0.00000 0.00000 0.00000 0.00000 0.00000 0.00000 0.00000 0.00000 0.00000 0.00000 0.00000 0.00000 0.00000 0.00000 0.00000 0.00000 0.00000 0.00000 0.00000 0.00000
0.00000 0.00000 0.00000 0.00000 0.00000 0.00000 0.00000 0.00000 0.00000 0.00000 0.00000 0.00000 0.00000 0.00000 0.00000 0.03876 0.11667 0.19378 0.27060 0.34762 0.42482 0.50121 0.57785 0.65390 0.72987 0.74540 0.70327 0.66053 0.61698 0.57340 0.53138 0.48910 0.44635 0.40334 0.36139 0.32339 0.28885 0.25398 0.21997 0.18626 0.15194 0.11775 0.08411 0.05050 0.01677 0.02044 0.06132 0.10214 0.14257 0.18339 0.22418 0.26339 0.30367 0.34503 0.38454 0.41959 0.45245 0.48567 0.51711 0.54873 0.58195 0.61410 0.64452 0.67621 0.71016 0.72546 0.72220 0.72099 0.72297 0.72257 0.71864 0.71704 0.71948 0.71959 0.71530 0.71374 0.71635 0.71616 0.71199 0.71102 0.71360 0.71258 0.70872 0.70878 0.71105 0.70903 0.70561 0.70686 0.70871 0.70586 0.70284 0.70479 0.70640 0.70340 0.70043 0.70234 0.70413 0.70137 0.69820 0.70004 0.70194 0.69934 0.69630 0.69814 0.69979 0.69734 0.69519 0.69665 0.69803 0.69533 0.69316 0.69547 0.69714 0.69364 0.69149 0.69408 0.69580 0.69311 0.69071 0.69271 0.69401 0.69210 0.69044 0.69309 0.69236 0.68982 0.69041 0.69249 0.69062 0.68889 0.69115 0.69164 0.68863 0.68897 0.69206 0.69041 0.68727 0.68959 0.69226 0.68950 0.68690 0.68971 0.69217 0.68976 0.68825 0.68908 0.68889 0.69073 0.69205 0.68868 0.68777 0.69126 0.69230 0.68913 0.68915 0.69130 0.68934 0.69030 0.69356 0.69111 0.68908 0.69186 0.69427 0.69131 0.68957 0.69313 0.69514 0.69199 0.69041 0.69438 0.69622 0.69283 0.69172 0.69594 0.69706 0.69327 0.69380 0.69786 0.69712 0.69362 0.69629 0.69918 0.69750 0.69830 0.69832 0.69706 0.69886 0.70128 0.69986 0.69779 0.70075 0.70340 0.70120 0.69949 0.70285 0.70522 0.70263 0.70127 0.70496 0.70714 0.70430 0.70346 0.70713 0.70868 0.70574 0.70706 0.70975 0.70811 0.70657 0.71112 0.71270 0.70850 0.70899 0.71378 0.71437 0.71054 0.71167 0.71601 0.71596 0.71278 0.71420 0.71806 0.71759 0.71558 0.71685 0.68399 0.61166 0.53934 0.46752 0.39660 0.32500 0.25243 0.18032 0.10855 0.03623 0.00000 0.00000 0.00000 0.00000 0.00000 0.00000 0.00000 0.00000 0.00000 0.00000 0.00000 0.00000 0.00000 0.00000 0.00000 0.00000 0.00000 0.00000 0.00000 0.00000 0.00000 0.00000 0.00000 0.00000 0.00000 0.00000 0.00000 0.00000 0.00000 0.00000 0.00000 0.00000 0.00000 0.00000 0.00000 0.00000 0.00000 0.00000 0.00000 0.00000 0.00000 0.00000 0.00000 0.00000 0.00000
0.00000 0.00000 0.00000 0.00000 0.00000 0.00000 0.00000 0.00000 0.00000 0.00000 0.00000 0.00000 0.00000 0.00000 0.00000 0.03879 0.11655 0.19343 0.27038 0.34821 0.42532 0.50013 0.57629 0.65482 0.73112 0.74063 0.68984 0.64187 0.59130 0.53861 0.48823 0.44000 0.38984 0.33863 0.28883 0.25174 0.22491 0.19738 0.17079 0.14484 0.11833 0.09152 0.06533 0.03927 0.01307 0.02413 0.07228 0.12084 0.16893 0.21618 0.26412 0.31183 0.35895 0.40710 0.45473 0.48893 0.51361 0.54099 0.56602 0.58777 0.61237 0.64051 0.66507 0.68606 0.71030 0.72611 0.72504 0.72042 0.71957 0.72255 0.72097 0.71684 0.71756 0.71926 0.71633 0.71350 0.71552 0.71611 0.71215 0.71047 0.71332 0.71299 0.70842 0.70782 0.71106 0.70978 0.70529 0.70571 0.70874 0.70640 0.70273 0.70398 0.70641 0.70346 0.70033 0.70202 0.70405 0.70103 0.69815 0.69995 0.70197 0.69931 0.69613 0.69700 0.70015 0.69931 0.69429 0.69428 0.69852 0.69757 0.69268 0.69338 0.69709 0.69500 0.69126 0.69355 0.69566 0.69224 0.69039 0.69383 0.69198 0.69006 0.69384 0.69368 0.68919 0.68852 0.69328 0.69332 0.68854 0.68768 0.69249 0.69245 0.68770 0.68821 0.69241 0.69082 0.68703 0.68935 0.69233 0.68937 0.68686 0.69028 0.69222 0.68813 0.68684 0.69123 0.69232 0.68955 0.68716 0.68910 0.69243 0.69090 0.68765 0.68952 0.69296 0.69216 0.68788 0.68894 0.69364 0.69268 0.68849 0.69000 0.69440 0.69338 0.68946 0.69116 0.69515 0.69396 0.69051 0.69271 0.69611 0.69424 0.69183 0.69491 0.69702 0.69415 0.69404 0.69760 0.69706 0.69438 0.69735 0.69962 0.69558 0.69544 0.70052 0.70105 0.69752 0.69704 0.70128 0.70261 0.69949 0.69860 0.70265 0.70424 0.70143 0.70043 0.70446 0.70585 0.70332 0.70242 0.70619 0.70760 0.70548 0.70436 0.70686 0.70932 0.70850 0.70697 0.70802 0.71013 0.71115 0.71135 0.71021 0.70999 0.71337 0.71450 0.71234 0.71178 0.71528 0.71677 0.71497 0.71439 0.71625 0.71894 0.71887 0.68054 0.60936 0.54121 0.46991 0.39513 0.32415 0.25330 0.18047 0.10810 0.03621 0.00000 0.00000 0.00000 0.00000 0.00000 0.00000 0.00000 0.00000 0.00000 0.00000 0.00000 0.00000 0.00000 0.00000 0.00000 0.00000 0.00000 0.00000 0.00000 0.00000 0.00000 0.00000 0.00000 0.00000 0.00000 0.00000 0.00000 0.00000 0.00000 0.00000 0.00000 0.00000 0.00000 0.00000 0.00000 0.00000 0.00000 0.00000 0.00000 0.00000 0.00000 0.00000 0.00000 0.00000 0.00000
0.00000 0.00000 0.00000 0.00000 0.00000 0.00000 0.00000 0.00000 0.00000 0.00000 0.00000 0.00000 0.00000 0.00000 0.00000 0.03883 0.11623 0.19332 0.27071 0.34771 0.42491 0.50063 0.57701 0.65298 0.73018 0.73839 0.67931 0.62041 0.56348 0.50575 0.44719 0.38899 0.33212 0.27505 0.21754 0.17910 0.16026 0.14147 0.12220 0.10302 0.08431 0.06564 0.04670 0.02792 0.00931 0.02794 0.08350 0.13906 0.19479 0.24937 0.30406 0.36059 0.41534 0.46796 0.52258 0.56056 0.57744 0.59352 0.61176 0.62999 0.64632 0.66328 0.68207 0.69914 0.71480 0.72297 0.72415 0.72311 0.72016 0.71854 0.72050 0.72080 0.71695 0.71503 0.71702 0.71722 0.71379 0.71238 0.71402 0.71346 0.71051 0.71018 0.71144 0.70970 0.70714 0.70817 0.70927 0.70649 0.70387 0.70585 0.70727 0.70416 0.70136 0.70318 0.70484 0.70224 0.69916 0.70074 0.70257 0.70014 0.69709 0.69879 0.70047 0.69810 0.69590 0.69701 0.69780 0.69638 0.69488 0.69534 0.69675 0.69497 0.69238 0.69361 0.69631 0.69438 0.69064 0.69134 0.69503 0.69457 0.68997 0.68995 0.69338 0.69162 0.68993 0.69207 0.69150 0.68927 0.69072 0.69197 0.68917 0.68861 0.69199 0.69110 0.68734 0.68902 0.69231 0.68990 0.68684 0.68962 0.69208 0.68940 0.68736 0.68955 0.69090 0.68985 0.69092 0.68925 0.68719 0.69040 0.69223 0.68944 0.68796 0.69077 0.69143 0.69005 0.69096 0.69107 0.68978 0.69106 0.69333 0.69138 0.68974 0.69231 0.69436 0.69182 0.69044 0.69368 0.69540 0.69243 0.69124 0.69521 0.69689 0.69303 0.69252 0.69689 0.69757 0.69342 0.69488 0.69870 0.69718 0.69625 0.69777 0.69754 0.69754 0.70021 0.69995 0.69719 0.69900 0.70246 0.70151 0.69878 0.70102 0.70435 0.70276 0.70057 0.70335 0.70616 0.70413 0.70237 0.70562 0.70799 0.70578 0.70464 0.70798 0.70883 0.70677 0.70941 0.71117 0.70786 0.70783 0.71257 0.71357 0.70952 0.71065 0.71499 0.71490 0.71181 0.71312 0.71712 0.71656 0.71449 0.71560 0.71878 0.71856 0.68221 0.61015 0.53957 0.46878 0.39702 0.32390 0.25259 0.18097 0.10830 0.03610 0.00000 0.00000 0.00000 0.00000 0.00000 0.00000 0.00000 0.00000 0.00000 0.00000 0.00000 0.00000 0.00000 0.00000 0.00000 0.00000 0.00000 0.00000 0.00000 0.00000 0.00000 0.00000 0.00000 0.00000 0.00000 0.00000 0.00000 0.00000 0.00000 0.00000 0.00000 0.00000 0.00000 0.00000 0.00000 0.00000 0.00000 0.00000 0.00000 0.00000 0.00000 0.00000 0.00000 0.00000 0.00000
0.00000 0.00000 0.00000 0.00000 0.00000 0.00000 0.00000 0.00000 0.00000 0.00000 0.00000 0.00000 0.00000 0.00000 0.00000 0.03876 0.11611 0.19358 0.27111 0.34694 0.42363 0.50154 0.57825 0.65189 0.72767 0.73541 0.66936 0.60079 0.53514 0.47165 0.40605 0.33940 0.27446 0.21065 0.14586 0.10740 0.09596 0.08486 0.07340 0.06178 0.05054 0.03936 0.02804 0.01674 0.00558 0.03168 0.09482 0.15722 0.22013 0.28334 0.34534 0.40735 0.47005 0.53093 0.59198 0.62986 0.64048 0.64762 0.65744 0.67097 0.68103 0.68740 0.69723 0.71125 0.72108 0.72174 0.72058 0.72396 0.72267 0.71809 0.71797 0.72059 0.71758 0.71465 0.71707 0.71741 0.71311 0.71144 0.71469 0.71437 0.70941 0.70845 0.71219 0.71134 0.70630 0.70583 0.70966 0.70800 0.70365 0.70502 0.70728 0.70377 0.70126 0.70381 0.70486 0.70072 0.69896 0.70209 0.70269 0.69821 0.69685 0.69984 0.70081 0.69782 0.69492 0.69491 0.69909 0.69862 0.69327 0.69295 0.69749 0.69680 0.69187 0.69248 0.69587 0.69409 0.69113 0.69295 0.69332 0.69142 0.69232 0.69327 0.68935 0.68931 0.69397 0.69330 0.68853 0.68785 0.69268 0.69280 0.68809 0.68804 0.69225 0.69109 0.68729 0.68944 0.69229 0.68923 0.68685 0.69045 0.69221 0.68815 0.68682 0.69139 0.69222 0.68725 0.68691 0.69024 0.69240 0.69101 0.68727 0.68823 0.69297 0.69234 0.68760 0.68821 0.69342 0.69300 0.68817 0.68869 0.69410 0.69369 0.68897 0.68992 0.69490 0.69435 0.68993 0.69122 0.69579 0.69490 0.69112 0.69291 0.69672 0.69502 0.69290 0.69569 0.69760 0.69461 0.69517 0.69870 0.69729 0.69486 0.69890 0.70030 0.69692 0.69638 0.70096 0.70171 0.69832 0.69807 0.70228 0.70342 0.70014 0.69949 0.70398 0.70526 0.70203 0.70132 0.70575 0.70703 0.70419 0.70326 0.70654 0.70893 0.70753 0.70498 0.70614 0.71083 0.71115 0.70873 0.70868 0.71017 0.71288 0.71329 0.71103 0.71029 0.71475 0.71605 0.71335 0.71298 0.71630 0.71793 0.71652 0.71572 0.71719 0.68401 0.61262 0.53819 0.46747 0.39735 0.32398 0.25186 0.18101 0.10871 0.03606 0.00000 0.00000 0.00000 0.00000 0.00000 0.00000 0.00000 0.00000 0.00000 0.00000 0.00000 0.00000 0.00000 0.00000 0.00000 0.00000 0.00000 0.00000 0.00000 0.00000 0.00000 0.00000 0.00000 0.00000 0.00000 0.00000 0.00000 0.00000 0.00000 0.00000 0.00000 0.00000 0.00000 0.00000 0.00000 0.00000 0.00000 0.00000 0.00000 0.00000 0.00000 0.00000 0.00000 0.00000 0.00000
0.00000 0.00000 0.00000 0.00000 0.00000 0.00000 0.00000 0.00000 0.00000 0.00000 0.00000 0.00000 0.00000 0.00000 0.00000 0.03871 0.11609 0.19353 0.27099 0.34708 0.42364 0.50042 0.57793 0.65297 0.72824 0.72894 0.65699 0.58334 0.50906 0.43550 0.36351 0.29104 0.21800 0.14551 0.07374 0.03593 0.03203 0.02816 0.02442 0.02068 0.01685 0.01306 0.00933 0.00560 0.00186 0.03523 0.10594 0.17606 0.24562 0.31694 0.38670 0.45427 0.52333 0.59517 0.66370 0.69688 0.70017 0.70487 0.70667 0.70826 0.71204 0.71494 0.71668 0.71948 0.72341 0.72357 0.72183 0.72117 0.72154 0.72057 0.71861 0.71676 0.71777 0.71807 0.71569 0.71411 0.71437 0.71422 0.71260 0.71178 0.71149 0.71037 0.70932 0.70964 0.70906 0.70708 0.70565 0.70707 0.70794 0.70486 0.70247 0.70410 0.70534 0.70314 0.70060 0.70142 0.70264 0.70103 0.69887 0.69953 0.70014 0.69874 0.69766 0.69773 0.69696 0.69706 0.69753 0.69568 0.69550 0.69593 0.69439 0.69368 0.69597 0.69515 0.69143 0.69153 0.69558 0.69494 0.68987 0.68946 0.69435 0.69357 0.68943 0.69074 0.69259 0.69034 0.69004 0.69192 0.69009 0.68866 0.69170 0.69163 0.68768 0.68854 0.69234 0.69055 0.68688 0.68925 0.69207 0.68949 0.68708 0.68973 0.69169 0.68930 0.68780 0.68976 0.68965 0.68960 0.69133 0.68992 0.68822 0.69001 0.69140 0.69019 0.68944 0.69084 0.69070 0.69046 0.69181 0.69160 0.69026 0.69131 0.69331 0.69207 0.69075 0.69270 0.69443 0.69240 0.69134 0.69438 0.69599 0.69283 0.69204 0.69605 0.69760 0.69344 0.69348 0.69770 0.69762 0.69506 0.69652 0.69861 0.69691 0.69891 0.69961 0.69685 0.69762 0.70145 0.70163 0.69823 0.69936 0.70342 0.70308 0.69994 0.70153 0.70525 0.70428 0.70171 0.70397 0.70717 0.70579 0.70319 0.70620 0.70927 0.70748 0.70650 0.70872 0.70849 0.70840 0.71108 0.71208 0.70873 0.71017 0.71387 0.71343 0.71095 0.71245 0.71621 0.71509 0.71337 0.71481 0.71799 0.71714 0.71659 0.71714 0.68278 0.61175 0.54040 0.46733 0.39546 0.32519 0.25281 0.18023 0.10856 0.03625 0.00000 0.00000 0.00000 0.00000 0.00000 0.00000 0.00000 0.00000 0.00000 0.00000 0.00000 0.00000 0.00000 0.00000 0.00000 0.00000 0.00000 0.00000 0.00000 0.00000 0.00000 0.00000 0.00000 0.00000 0.00000 0.00000 0.00000 0.00000 0.00000 0.00000 0.00000 0.00000 0.00000 0.00000 0.00000 0.00000 0.00000 0.00000 0.00000 0.00000 0.00000 0.00000 0.00000 0.00000 0.00000
0.00000 0.00000 0.00000 0.00000 0.00000 0.00000 0.00000 0.00000 0.00000 0.00000 0.00000 0.00000 0.00000 0.00000 0.00000 0.03683 0.11053 0.18356 0.25660 0.33018 0.40351 0.47451 0.54687 0.62129 0.69361 0.68992 0.61645 0.54546 0.47202 0.39720 0.32453 0.25304 0.18039 0.10766 0.03584 0.00189 0.00566 0.00938 0.01314 0.01691 0.02060 0.02424 0.02801 0.03175 0.03532 0.07229 0.14303 0.21347 0.28288 0.35254 0.42309 0.49193 0.56049 0.63073 0.70033 0.73160 0.73023 0.73254 0.73177 0.72710 0.72593 0.72909 0.72799 0.72317 0.72212 0.72540 0.72407 0.71944 0.71858 0.72191 0.71904 0.71597 0.71911 0.71859 0.71399 0.71278 0.71620 0.71543 0.71049 0.70967 0.71333 0.71248 0.70749 0.70663 0.71053 0.70957 0.70469 0.70441 0.70814 0.70472 0.70214 0.70541 0.70564 0.70094 0.69981 0.70367 0.70338 0.69837 0.69760 0.70178 0.70150 0.69621 0.69559 0.69948 0.69974 0.69775 0.69386 0.69412 0.69800 0.69750 0.69253 0.69214 0.69624 0.69570 0.69166 0.69220 0.69409 0.69299 0.69208 0.69261 0.69070 0.69054 0.69366 0.69297 0.68849 0.68845 0.69320 0.69304 0.68821 0.68782 0.69227 0.69165 0.68768 0.68932 0.69220 0.68934 0.68698 0.69059 0.69224 0.68819 0.68679 0.69099 0.69221 0.68797 0.68688 0.69080 0.69228 0.69104 0.68707 0.68735 0.69287 0.69253 0.68749 0.68765 0.69330 0.69327 0.68797 0.68800 0.69369 0.69382 0.68882 0.68893 0.69449 0.69437 0.68958 0.69014 0.69545 0.69509 0.69055 0.69142 0.69639 0.69552 0.69201 0.69373 0.69736 0.69537 0.69378 0.69711 0.69821 0.69475 0.69583 0.69962 0.69804 0.69573 0.69999 0.70085 0.69731 0.69772 0.70189 0.70226 0.69898 0.69934 0.70347 0.70420 0.70090 0.70066 0.70525 0.70630 0.70299 0.70241 0.70657 0.70828 0.70587 0.70438 0.70593 0.71058 0.71086 0.70686 0.70719 0.71168 0.71269 0.71134 0.70968 0.70967 0.71418 0.71502 0.71194 0.71120 0.71606 0.71730 0.71431 0.71455 0.71750 0.71886 0.71784 0.68304 0.61639 0.54978 0.48068 0.41154 0.34528 0.27676 0.20705 0.13876 0.07078 0.03449 0.03071 0.02712 0.02366 0.02003 0.01631 0.01270 0.00913 0.00548 0.00182 0.00000 0.00000 0.00000 0.00000 0.00000 0.00000 0.00000 0.00000 0.00000 0.00000 0.00000 0.00000 0.00000 0.00000 0.00000 0.00000 0.00000 0.00000 0.00000 0.00000 0.00000 0.00000 0.00000 0.00000 0.00000 0.00000 0.00000 0.00000 0.00000 0.00000 0.00000 0.00000 0.00000 0.00000 0.00000
0.00000 0.00000 0.00000 0.00000 0.00000 0.00000 0.00000 0.00000 0.00000 0.00000 0.00000 0.00000 0.00000 0.00000 0.00000 0.03296 0.09887 0.16416 0.22948 0.29508 0.36095 0.42497 0.48937 0.55419 0.62024 0.61869 0.55201 0.48606 0.42175 0.35657 0.29068 0.22544 0.16113 0.09669 0.03211 0.00565 0.01695 0.02827 0.03942 0.05050 0.06173 0.07302 0.08394 0.09486 0.10608 0.14310 0.20553 0.26899 0.33190 0.39272 0.45449 0.51893 0.58050 0.63958 0.70135 0.73427 0.73226 0.72943 0.72949 0.72949 0.72774 0.72640 0.72625 0.72471 0.72366 0.72350 0.72259 0.72015 0.72031 0.72083 0.71866 0.71715 0.71749 0.71688 0.71492 0.71443 0.71463 0.71383 0.71168 0.71086 0.71160 0.71138 0.70874 0.70752 0.70858 0.70856 0.70600 0.70550 0.70512 0.70507 0.70549 0.70415 0.70231 0.70195 0.70277 0.70215 0.70058 0.70024 0.69998 0.69940 0.69937 0.69876 0.69685 0.69735 0.69953 0.69657 0.69399 0.69655 0.69699 0.69408 0.69442 0.69586 0.69304 0.69199 0.69571 0.69531 0.69039 0.68999 0.69496 0.69452 0.68920 0.68970 0.69369 0.69188 0.68923 0.69137 0.69144 0.68927 0.69110 0.69180 0.68834 0.68844 0.69241 0.69110 0.68699 0.68886 0.69208 0.68991 0.68715 0.68962 0.69178 0.68917 0.68717 0.69001 0.69202 0.68910 0.68715 0.69037 0.69064 0.68916 0.68981 0.69071 0.68993 0.69012 0.69063 0.69031 0.69083 0.69179 0.69071 0.69035 0.69227 0.69256 0.69108 0.69147 0.69355 0.69286 0.69160 0.69324 0.69505 0.69294 0.69196 0.69519 0.69678 0.69333 0.69276 0.69688 0.69798 0.69447 0.69484 0.69842 0.69716 0.69677 0.69860 0.69843 0.69684 0.69993 0.70135 0.69807 0.69810 0.70234 0.70305 0.69946 0.70008 0.70436 0.70443 0.70111 0.70228 0.70627 0.70581 0.70273 0.70459 0.70855 0.70752 0.70462 0.70666 0.70996 0.70926 0.70909 0.70908 0.70873 0.71069 0.71250 0.71120 0.71032 0.71247 0.71505 0.71295 0.71251 0.71450 0.71727 0.71519 0.71513 0.71683 0.71829 0.71779 0.68808 0.62714 0.56616 0.50647 0.44579 0.38358 0.32296 0.26238 0.20049 0.13906 0.10333 0.09253 0.08143 0.07069 0.06004 0.04909 0.03812 0.02730 0.01642 0.00547 0.00000 0.00000 0.00000 0.00000 0.00000 0.00000 0.00000 0.00000 0.00000 0.00000 0.00000 0.00000 0.00000 0.00000 0.00000 0.00000 0.00000 0.00000 0.00000 0.00000 0.00000 0.00000 0.00000 0.00000 0.00000 0.00000 0.00000 0.00000 0.00000 0.00000 0.00000 0.00000 0.00000 0.00000 0.00000
0.00000 0.00000 0.00000 0.00000 0.00000 0.00000 0.00000 0.00000 0.00000 0.00000 0.00000 0.00000 0.00000 0.00000 0.00000 0.02903 0.08695 0.14502 0.20305 0.25992 0.31725 0.37560 0.43311 0.48826 0.54501 0.54657 0.48839 0.42855 0.37094 0.31467 0.25699 0.19881 0.14187 0.08528 0.02836 0.00941 0.02822 0.04708 0.06571 0.08413 0.10295 0.12162 0.13975 0.15791 0.17696 0.21393 0.26828 0.32380 0.37998 0.43392 0.48792 0.54361 0.59857 0.65068 0.70468 0.73390 0.73304 0.72866 0.72757 0.73052 0.72949 0.72477 0.72361 0.72685 0.72548 0.72093 0.72045 0.72322 0.72078 0.71741 0.71924 0.71971 0.71539 0.71430 0.71742 0.71632 0.71194 0.71127 0.71424 0.71322 0.70908 0.70826 0.71114 0.71022 0.70610 0.70573 0.70898 0.70619 0.70304 0.70707 0.70649 0.70150 0.70089 0.70489 0.70390 0.69904 0.69844 0.70277 0.70218 0.69691 0.69638 0.70058 0.70035 0.69591 0.69448 0.69702 0.69869 0.69659 0.69314 0.69332 0.69672 0.69644 0.69223 0.69205 0.69477 0.69436 0.69202 0.69207 0.69207 0.69202 0.69317 0.69229 0.68903 0.68970 0.69362 0.69280 0.68810 0.68785 0.69266 0.69236 0.68788 0.68898 0.69222 0.68977 0.68723 0.69069 0.69229 0.68812 0.68687 0.69115 0.69227 0.68800 0.68685 0.69071 0.69222 0.68938 0.68701 0.68838 0.69252 0.69225 0.68751 0.68741 0.69321 0.69315 0.68800 0.68784 0.69315 0.69373 0.68895 0.68839 0.69369 0.69422 0.68974 0.68934 0.69478 0.69488 0.69036 0.69061 0.69601 0.69552 0.69137 0.69252 0.69706 0.69583 0.69287 0.69526 0.69803 0.69532 0.69434 0.69865 0.69895 0.69519 0.69710 0.70034 0.69696 0.69710 0.70174 0.70125 0.69771 0.69930 0.70300 0.70284 0.69989 0.70074 0.70466 0.70508 0.70197 0.70199 0.70628 0.70739 0.70444 0.70384 0.70673 0.70951 0.70852 0.70609 0.70665 0.71143 0.71228 0.70929 0.70854 0.71095 0.71355 0.71316 0.71084 0.71059 0.71542 0.71655 0.71271 0.71309 0.71748 0.71827 0.71517 0.71630 0.71895 0.69284 0.63784 0.58360 0.53167 0.47853 0.42309 0.36903 0.31698 0.26277 0.20750 0.17152 0.15449 0.13638 0.11762 0.09963 0.08204 0.06382 0.04538 0.02728 0.00914 0.00000 0.00000 0.00000 0.00000 0.00000 0.00000 0.00000 0.00000 0.00000 0.00000 0.00000 0.00000 0.00000 0.00000 0.00000 0.00000 0.00000 0.00000 0.00000 0.00000 0.00000 0.00000 0.00000 0.00000 0.00000 0.00000 0.00000 0.00000 0.00000 0.00000 0.00000 0.00000 0.00000 0.00000 0.00000
0.00000 0.00000 0.00000 0.00000 0.00000 0.00000 0.00000 0.00000 0.00000 0.00000 0.00000 0.00000 0.00000 0.00000 0.00000 0.02515 0.07534 0.12560 0.17591 0.22535 0.27491 0.32476 0.37520 0.42386 0.47261 0.47188 0.42281 0.37254 0.32177 0.27156 0.22236 0.17295 0.12307 0.07359 0.02454 0.01322 0.03952 0.06562 0.09186 0.11825 0.14406 0.16967 0.19553 0.22177 0.24716 0.28400 0.33257 0.37904 0.42623 0.47544 0.52260 0.56757 0.61495 0.66427 0.70975 0.73066 0.73113 0.73153 0.72920 0.72744 0.72754 0.72657 0.72561 0.72485 0.72367 0.72152 0.72208 0.72250 0.71968 0.71707 0.71917 0.71964 0.71577 0.71438 0.71639 0.71608 0.71228 0.71119 0.71350 0.71328 0.70911 0.70797 0.71073 0.71034 0.70594 0.70555 0.70858 0.70635 0.70366 0.70528 0.70480 0.70237 0.70281 0.70360 0.70205 0.70029 0.70039 0.70037 0.70044 0.69999 0.69763 0.69740 0.69949 0.69808 0.69464 0.69644 0.69848 0.69487 0.69276 0.69657 0.69574 0.69249 0.69565 0.69578 0.69127 0.69062 0.69528 0.69506 0.68956 0.68950 0.69440 0.69339 0.68866 0.69045 0.69291 0.69052 0.68988 0.69149 0.68959 0.68895 0.69240 0.69124 0.68722 0.68883 0.69222 0.69029 0.68734 0.68946 0.69166 0.68938 0.68734 0.68998 0.69197 0.68903 0.68697 0.69050 0.69240 0.68874 0.68783 0.69125 0.69133 0.68879 0.68949 0.69108 0.69102 0.69167 0.69053 0.68972 0.69167 0.69302 0.69118 0.69024 0.69297 0.69354 0.69168 0.69186 0.69452 0.69354 0.69178 0.69401 0.69597 0.69348 0.69230 0.69608 0.69769 0.69410 0.69366 0.69776 0.69786 0.69546 0.69690 0.69951 0.69687 0.69616 0.70058 0.70024 0.69730 0.70036 0.70267 0.69950 0.69900 0.70344 0.70420 0.70050 0.70104 0.70548 0.70567 0.70216 0.70314 0.70754 0.70729 0.70394 0.70524 0.70943 0.70907 0.70710 0.70719 0.70935 0.71085 0.71090 0.70917 0.71003 0.71260 0.71365 0.71088 0.71202 0.71475 0.71607 0.71297 0.71414 0.71702 0.71776 0.71555 0.71709 0.71904 0.69491 0.64878 0.60340 0.55637 0.50952 0.46414 0.41721 0.36984 0.32373 0.27725 0.24056 0.21537 0.19069 0.16527 0.13959 0.11448 0.08930 0.06371 0.03820 0.01277 0.00000 0.00000 0.00000 0.00000 0.00000 0.00000 0.00000 0.00000 0.00000 0.00000 0.00000 0.00000 0.00000 0.00000 0.00000 0.00000 0.00000 0.00000 0.00000 0.00000 0.00000 0.00000 0.00000 0.00000 0.00000 0.00000 0.00000 0.00000 0.00000 0.00000 0.00000 0.00000 0.00000 0.00000 0.00000
0.00000 0.00000 0.00000 0.00000 0.00000 0.00000 0.00000 0.00000 0.00000 0.00000 0.00000 0.00000 0.00000 0.00000 0.00000 0.02130 0.06391 0.10610 0.14830 0.19099 0.23330 0.27435 0.31614 0.35928 0.40101 0.39888 0.35639 0.31538 0.27292 0.22964 0.18773 0.14629 0.10427 0.06225 0.02074 0.01699 0.05082 0.08435 0.11819 0.15189 0.18495 0.21802 0.25203 0.28492 0.31715 0.35458 0.39563 0.43461 0.47388 0.51565 0.55579 0.59314 0.63296 0.67479 0.71414 0.73005 0.72944 0.73178 0.73084 0.72645 0.72508 0.72830 0.72711 0.72262 0.72172 0.72454 0.72253 0.71896 0.71972 0.72086 0.71738 0.71584 0.71785 0.71725 0.71390 0.71293 0.71460 0.71393 0.71124 0.71000 0.71128 0.71079 0.70839 0.70750 0.70872 0.70725 0.70430 0.70664 0.70728 0.70269 0.70226 0.70583 0.70426 0.69992 0.70008 0.70362 0.70249 0.69775 0.69740 0.70143 0.70088 0.69614 0.69564 0.69897 0.69929 0.69552 0.69361 0.69607 0.69726 0.69517 0.69298 0.69308 0.69532 0.69521 0.69221 0.69212 0.69322 0.69334 0.69261 0.69163 0.69028 0.69145 0.69357 0.69187 0.68824 0.68892 0.69320 0.69263 0.68778 0.68870 0.69257 0.69051 0.68737 0.69065 0.69245 0.68820 0.68701 0.69146 0.69237 0.68772 0.68690 0.69118 0.69229 0.68859 0.68693 0.68993 0.69228 0.69083 0.68756 0.68825 0.69227 0.69254 0.68853 0.68797 0.69233 0.69352 0.68913 0.68823 0.69276 0.69408 0.68998 0.68887 0.69394 0.69461 0.69053 0.69054 0.69533 0.69537 0.69112 0.69231 0.69675 0.69572 0.69219 0.69411 0.69785 0.69581 0.69362 0.69714 0.69885 0.69532 0.69530 0.69987 0.69932 0.69618 0.69976 0.70086 0.69699 0.69879 0.70262 0.70170 0.69876 0.70096 0.70406 0.70354 0.70118 0.70224 0.70567 0.70600 0.70344 0.70358 0.70681 0.70834 0.70652 0.70561 0.70689 0.71023 0.71055 0.70811 0.70798 0.71138 0.71275 0.71116 0.71001 0.71154 0.71449 0.71473 0.71198 0.71283 0.71675 0.71779 0.71343 0.71541 0.71909 0.71918 0.71635 0.69765 0.66097 0.62215 0.58129 0.54118 0.50403 0.46509 0.42387 0.38413 0.34649 0.31053 0.27661 0.24423 0.21301 0.18031 0.14683 0.11438 0.08218 0.04931 0.01636 0.00000 0.00000 0.00000 0.00000 0.00000 0.00000 0.00000 0.00000 0.00000 0.00000 0.00000 0.00000 0.00000 0.00000 0.00000 0.00000 0.00000 0.00000 0.00000 0.00000 0.00000 0.00000 0.00000 0.00000 0.00000 0.00000 0.00000 0.00000 0.00000 0.00000 0.00000 0.00000 0.00000 0.00000 0.00000
0.00000 0.00000 0.00000 0.00000 0.00000 0.00000 0.00000 0.00000 0.00000 0.00000 0.00000 0.00000 0.00000 0.00000 0.00000 0.01742 0.05225 0.08683 0.12134 0.15598 0.19079 0.22470 0.25877 0.29298 0.32789 0.32712 0.29190 0.25695 0.22293 0.18858 0.15373 0.11918 0.08516 0.05113 0.01698 0.02068 0.06202 0.10350 0.14445 0.18501 0.22578 0.26722 0.30788 0.34773 0.38746 0.42475 0.45778 0.49077 0.52340 0.55426 0.58734 0.62146 0.65202 0.68274 0.71673 0.73349 0.72977 0.72847 0.72950 0.72877 0.72740 0.72566 0.72485 0.72355 0.72402 0.72353 0.72081 0.71856 0.72079 0.72095 0.71684 0.71509 0.71795 0.71785 0.71320 0.71192 0.71508 0.71476 0.70992 0.70899 0.71227 0.71175 0.70680 0.70603 0.70978 0.70843 0.70400 0.70641 0.70709 0.70297 0.70271 0.70518 0.70355 0.69988 0.70099 0.70245 0.70137 0.70114 0.69852 0.69755 0.69997 0.69992 0.69586 0.69554 0.69889 0.69676 0.69353 0.69724 0.69752 0.69295 0.69316 0.69650 0.69265 0.69124 0.69573 0.69548 0.69027 0.68980 0.69473 0.69442 0.68899 0.68966 0.69378 0.69221 0.68826 0.69066 0.69172 0.69016 0.69230 0.69085 0.68761 0.68949 0.69246 0.69024 0.68748 0.68968 0.69159 0.68953 0.68773 0.68993 0.69169 0.68924 0.68721 0.69023 0.69240 0.68901 0.68704 0.69142 0.69247 0.68810 0.68816 0.69202 0.69189 0.68955 0.68971 0.69020 0.69168 0.69330 0.69098 0.68911 0.69250 0.69419 0.69158 0.69051 0.69422 0.69434 0.69149 0.69255 0.69555 0.69414 0.69184 0.69489 0.69713 0.69421 0.69290 0.69690 0.69819 0.69505 0.69521 0.69872 0.69768 0.69572 0.69906 0.70081 0.69716 0.69707 0.70206 0.70083 0.69829 0.70207 0.70363 0.70020 0.70021 0.70470 0.70514 0.70152 0.70222 0.70671 0.70677 0.70332 0.70419 0.70862 0.70857 0.70579 0.70622 0.70947 0.71039 0.70938 0.70814 0.70994 0.71244 0.71222 0.70985 0.71174 0.71465 0.71456 0.71193 0.71375 0.71713 0.71675 0.71392 0.71597 0.71943 0.71753 0.71667 0.70323 0.67203 0.63786 0.60726 0.57589 0.54266 0.51060 0.47958 0.44673 0.41387 0.37877 0.33928 0.29893 0.25946 0.22020 0.17997 0.13984 0.10019 0.06025 0.02006 0.00000 0.00000 0.00000 0.00000 0.00000 0.00000 0.00000 0.00000 0.00000 0.00000 0.00000 0.00000 0.00000 0.00000 0.00000 0.00000 0.00000 0.00000 0.00000 0.00000 0.00000 0.00000 0.00000 0.00000 0.00000 0.00000 0.00000 0.00000 0.00000 0.00000 0.00000 0.00000 0.00000 0.00000 0.00000
0.00000 0.00000 0.00000 0.00000 0.00000 0.00000 0.00000 0.00000 0.00000 0.00000 0.00000 0.00000 0.00000 0.00000 0.00000 0.01352 0.04051 0.06762 0.09464 0.12110 0.14782 0.17511 0.20186 0.22754 0.25399 0.25474 0.22760 0.19971 0.17292 0.14664 0.11975 0.09266 0.06616 0.03974 0.01321 0.02443 0.07332 0.12220 0.17047 0.21858 0.26753 0.31543 0.36260 0.41127 0.45970 0.49429 0.51911 0.54701 0.57196 0.59436 0.61957 0.64691 0.67145 0.69324 0.71866 0.73283 0.73206 0.72828 0.72684 0.72871 0.72859 0.72479 0.72276 0.72579 0.72450 0.72071 0.72055 0.72208 0.71915 0.71738 0.71873 0.71832 0.71525 0.71451 0.71494 0.71478 0.71382 0.71166 0.71109 0.71152 0.71113 0.70905 0.70785 0.70818 0.70822 0.70726 0.70614 0.70432 0.70456 0.70631 0.70430 0.70097 0.70242 0.70444 0.70153 0.69864 0.70031 0.70230 0.70094 0.69677 0.69764 0.70006 0.69881 0.69549 0.69520 0.69770 0.69745 0.69456 0.69425 0.69559 0.69551 0.69430 0.69287 0.69256 0.69410 0.69433 0.69227 0.69138 0.69181 0.69300 0.69301 0.69080 0.68916 0.69164 0.69340 0.69113 0.68788 0.68985 0.69299 0.69105 0.68733 0.69066 0.69281 0.68852 0.68715 0.69168 0.69250 0.68754 0.68704 0.69173 0.69243 0.68797 0.68687 0.69085 0.69222 0.68944 0.68738 0.68953 0.69199 0.69137 0.68902 0.68868 0.69076 0.69304 0.69025 0.68841 0.69108 0.69389 0.69081 0.68869 0.69271 0.69435 0.69107 0.69045 0.69439 0.69500 0.69129 0.69265 0.69602 0.69516 0.69191 0.69394 0.69756 0.69564 0.69306 0.69597 0.69869 0.69565 0.69455 0.69887 0.69974 0.69570 0.69696 0.70083 0.69919 0.69766 0.70131 0.70141 0.69790 0.70057 0.70365 0.70216 0.70064 0.70276 0.70477 0.70428 0.70292 0.70384 0.70627 0.70687 0.70541 0.70536 0.70691 0.70895 0.70887 0.70759 0.70769 0.71049 0.71171 0.71002 0.70940 0.71173 0.71348 0.71279 0.71168 0.71297 0.71557 0.71600 0.71324 0.71482 0.71829 0.71849 0.71457 0.71648 0.72075 0.70820 0.68079 0.65502 0.63307 0.60940 0.58256 0.55656 0.53391 0.50974 0.48248 0.44630 0.40164 0.35475 0.30605 0.25929 0.21339 0.16597 0.11805 0.07095 0.02379 0.00000 0.00000 0.00000 0.00000 0.00000 0.00000 0.00000 0.00000 0.00000 0.00000 0.00000 0.00000 0.00000 0.00000 0.00000 0.00000 0.00000 0.00000 0.00000 0.00000 0.00000 0.00000 0.00000 0.00000 0.00000 0.00000 0.00000 0.00000 0.00000 0.00000 0.00000 0.00000 0.00000 0.00000 0.00000
0.00000 0.00000 0.00000 0.00000 0.00000 0.00000 0.00000 0.00000 0.00000 0.00000 0.00000 0.00000 0.00000 0.00000 0.00000 0.00967 0.02895 0.04823 0.06754 0.08657 0.10562 0.12474 0.14409 0.16282 0.18157 0.18125 0.16237 0.14310 0.12363 0.10430 0.08538 0.06645 0.04729 0.02827 0.00942 0.02830 0.08463 0.14048 0.19647 0.25296 0.30859 0.36335 0.41790 0.47431 0.53025 0.56561 0.58309 0.60013 0.61868 0.63747 0.65329 0.66956 0.68924 0.70775 0.72155 0.72972 0.73165 0.73096 0.72766 0.72638 0.72592 0.72602 0.72638 0.72391 0.72191 0.72048 0.72247 0.72220 0.71806 0.71658 0.71939 0.71879 0.71433 0.71297 0.71651 0.71554 0.71095 0.71091 0.71363 0.71231 0.70785 0.70802 0.71092 0.70912 0.70502 0.70643 0.70828 0.70375 0.70298 0.70659 0.70513 0.70079 0.70153 0.70403 0.70235 0.69980 0.69946 0.69853 0.70058 0.70129 0.69697 0.69555 0.69932 0.69920 0.69456 0.69579 0.69810 0.69350 0.69261 0.69745 0.69628 0.69174 0.69512 0.69602 0.69108 0.69038 0.69486 0.69501 0.68991 0.68939 0.69400 0.69376 0.68891 0.68965 0.69300 0.69187 0.69109 0.68992 0.68840 0.69089 0.69255 0.68953 0.68756 0.69057 0.69170 0.68923 0.68813 0.69030 0.69139 0.68933 0.68772 0.69000 0.69207 0.68953 0.68712 0.69073 0.69267 0.68878 0.68720 0.69264 0.69271 0.68783 0.68870 0.69286 0.69214 0.69245 0.69061 0.68880 0.69203 0.69399 0.69161 0.68969 0.69363 0.69493 0.69135 0.69117 0.69519 0.69495 0.69140 0.69342 0.69678 0.69488 0.69234 0.69567 0.69807 0.69528 0.69403 0.69761 0.69841 0.69600 0.69712 0.69979 0.69782 0.69607 0.70092 0.70170 0.69796 0.69925 0.70314 0.70098 0.69952 0.70385 0.70426 0.70097 0.70193 0.70584 0.70584 0.70272 0.70370 0.70791 0.70776 0.70491 0.70561 0.70888 0.70961 0.70826 0.70765 0.70965 0.71157 0.71103 0.70940 0.71140 0.71397 0.71311 0.71142 0.71356 0.71650 0.71536 0.71376 0.71551 0.71899 0.71703 0.71595 0.71840 0.72098 0.70819 0.69231 0.67698 0.65792 0.63893 0.62356 0.60602 0.58659 0.56960 0.55298 0.51620 0.46200 0.40870 0.35407 0.29938 0.24568 0.19150 0.13645 0.08187 0.02739 0.00000 0.00000 0.00000 0.00000 0.00000 0.00000 0.00000 0.00000 0.00000 0.00000 0.00000 0.00000 0.00000 0.00000 0.00000 0.00000 0.00000 0.00000 0.00000 0.00000 0.00000 0.00000 0.00000 0.00000 0.00000 0.00000 0.00000 0.00000 0.00000 0.00000 0.00000 0.00000 0.00000 0.00000 0.00000
0.00000 0.00000 0.00000 0.00000 0.00000 0.00000 0.00000 0.00000 0.00000 0.00000 0.00000 0.00000 0.00000 0.00000 0.00000 0.00580 0.01741 0.02889 0.04038 0.05202 0.06355 0.07471 0.08610 0.09785 0.10924 0.10863 0.09709 0.08590 0.07433 0.06254 0.05115 0.03984 0.02839 0.01696 0.00565 0.03204 0.09581 0.15916 0.22308 0.28642 0.34865 0.41170 0.47555 0.53650 0.59813 0.63746 0.64724 0.65474 0.66515 0.67809 0.68758 0.69486 0.70618 0.71781 0.72767 0.73069 0.72902 0.72836 0.72982 0.72874 0.72435 0.72598 0.72620 0.72292 0.72061 0.72326 0.72137 0.71896 0.72029 0.71955 0.71588 0.71598 0.71695 0.71580 0.71557 0.71324 0.71139 0.71238 0.71348 0.71055 0.70812 0.70914 0.71059 0.70831 0.70504 0.70569 0.70804 0.70678 0.70371 0.70224 0.70463 0.70519 0.70118 0.69960 0.70328 0.70317 0.69805 0.69753 0.70054 0.70103 0.69790 0.69597 0.69814 0.69874 0.69533 0.69493 0.69763 0.69637 0.69455 0.69430 0.69440 0.69269 0.69447 0.69576 0.69244 0.69130 0.69319 0.69420 0.69226 0.69036 0.69077 0.69327 0.69294 0.68947 0.68882 0.69301 0.69295 0.68910 0.68799 0.69132 0.69266 0.68873 0.68773 0.69183 0.69248 0.68760 0.68737 0.69216 0.69250 0.68756 0.68704 0.69160 0.69244 0.68857 0.68676 0.69063 0.69221 0.68984 0.68909 0.68986 0.69059 0.69195 0.69156 0.68900 0.68896 0.69373 0.69250 0.68871 0.69146 0.69422 0.69179 0.68980 0.69327 0.69470 0.69179 0.69296 0.69509 0.69420 0.69209 0.69439 0.69679 0.69483 0.69282 0.69558 0.69829 0.69566 0.69409 0.69780 0.69953 0.69577 0.69573 0.70032 0.70063 0.69653 0.69858 0.70181 0.69982 0.69927 0.70278 0.70202 0.70062 0.70278 0.70394 0.70253 0.70282 0.70459 0.70519 0.70514 0.70498 0.70536 0.70627 0.70766 0.70790 0.70730 0.70719 0.70932 0.71075 0.70966 0.70883 0.71080 0.71258 0.71187 0.71132 0.71250 0.71437 0.71447 0.71336 0.71432 0.71684 0.71729 0.71482 0.71608 0.71990 0.71995 0.71718 0.71157 0.70513 0.69612 0.68333 0.67089 0.66258 0.65444 0.64152 0.62978 0.62211 0.58710 0.52303 0.46179 0.40244 0.34055 0.27756 0.21639 0.15533 0.09317 0.03093 0.00000 0.00000 0.00000 0.00000 0.00000 0.00000 0.00000 0.00000 0.00000 0.00000 0.00000 0.00000 0.00000 0.00000 0.00000 0.00000 0.00000 0.00000 0.00000 0.00000 0.00000 0.00000 0.00000 0.00000 0.00000 0.00000 0.00000 0.00000 0.00000 0.00000 0.00000 0.00000 0.00000 0.00000 0.00000
0.00000 0.00000 0.00000 0.00000 0.00000 0.00000 0.00000 0.00000 0.00000 0.00000 0.00000 0.00000 0.00000 0.00000 0.00000 0.00193 0.00580 0.00964 0.01347 0.01731 0.02117 0.02494 0.02871 0.03251 0.03639 0.03630 0.03239 0.02851 0.02474 0.02093 0.01706 0.01322 0.00945 0.00567 0.00189 0.03567 0.10696 0.17850 0.24927 0.31926 0.38941 0.46074 0.53123 0.60004 0.66900 0.70566 0.70910 0.71229 0.71410 0.71533 0.72015 0.72414 0.72330 0.72574 0.73171 0.73296 0.72826 0.72739 0.72810 0.72845 0.72850 0.72416 0.72292 0.72367 0.72435 0.72186 0.71935 0.71858 0.72080 0.71954 0.71560 0.71563 0.71785 0.71511 0.71214 0.71435 0.71493 0.71191 0.70900 0.71072 0.71209 0.70932 0.70613 0.70792 0.70941 0.70580 0.70373 0.70694 0.70653 0.70214 0.70204 0.70478 0.70355 0.70037 0.70030 0.70121 0.70131 0.70120 0.69805 0.69666 0.69987 0.70007 0.69560 0.69510 0.69874 0.69680 0.69339 0.69721 0.69761 0.69240 0.69267 0.69676 0.69355 0.69100 0.69447 0.69544 0.69101 0.68975 0.69400 0.69477 0.68992 0.68914 0.69296 0.69342 0.69026 0.68904 0.69021 0.69241 0.69235 0.68862 0.68781 0.69183 0.69194 0.68849 0.68841 0.69122 0.69124 0.68895 0.68836 0.69034 0.69168 0.68980 0.68760 0.68980 0.69239 0.68981 0.68713 0.69206 0.69264 0.68805 0.68773 0.69291 0.69289 0.68976 0.69032 0.69053 0.69172 0.69367 0.69195 0.68952 0.69207 0.69471 0.69208 0.69039 0.69459 0.69549 0.69144 0.69213 0.69616 0.69562 0.69229 0.69428 0.69750 0.69589 0.69373 0.69631 0.69859 0.69655 0.69560 0.69835 0.69875 0.69701 0.69894 0.70073 0.69843 0.69786 0.70234 0.70259 0.69910 0.70222 0.70420 0.70099 0.70190 0.70498 0.70425 0.70228 0.70401 0.70703 0.70636 0.70435 0.70546 0.70821 0.70864 0.70753 0.70731 0.70904 0.71040 0.71028 0.70920 0.71083 0.71254 0.71195 0.71121 0.71332 0.71522 0.71392 0.71363 0.71527 0.71743 0.71635 0.71608 0.71738 0.71949 0.71736 0.71874 0.71977 0.71514 0.70946 0.70949 0.70778 0.70128 0.69822 0.69767 0.69372 0.68917 0.65447 0.58597 0.51683 0.44901 0.38062 0.31059 0.24167 0.17357 0.10419 0.03458 0.00000 0.00000 0.00000 0.00000 0.00000 0.00000 0.00000 0.00000 0.00000 0.00000 0.00000 0.00000 0.00000 0.00000 0.00000 0.00000 0.00000 0.00000 0.00000 0.00000 0.00000 0.00000 0.00000 0.00000 0.00000 0.00000 0.00000 0.00000 0.00000 0.00000 0.00000 0.00000 0.00000 0.00000 0.00000
0.00000 0.00000 0.00000 0.00000 0.00000 0.00000 0.00000 0.00000 0.00000 0.00000 0.00000 0.00000 0.00000 0.00000 0.00000 0.00000 0.00000 0.00000 0.00000 0.00000 0.00000 0.00000 0.00000 0.00000 0.00000 0.00000 0.00000 0.00000 0.00000 0.00000 0.00000 0.00000 0.00000 0.00000 0.00000 0.03754 0.11270 0.18776 0.26180 0.33583 0.41109 0.48475 0.55697 0.63153 0.70595 0.73980 0.73896 0.74090 0.73858 0.73516 0.73648 0.73639 0.73391 0.73183 0.73167 0.73049 0.73071 0.73027 0.72655 0.72515 0.72744 0.72568 0.72212 0.72415 0.72347 0.72064 0.72117 0.72092 0.71738 0.71734 0.71929 0.71705 0.71387 0.71472 0.71394 0.71335 0.71451 0.71209 0.70931 0.71006 0.71202 0.70957 0.70620 0.70690 0.70931 0.70751 0.70377 0.70365 0.70645 0.70581 0.70166 0.70074 0.70432 0.70399 0.69880 0.69841 0.70250 0.70196 0.69741 0.69663 0.69970 0.69975 0.69586 0.69545 0.69868 0.69724 0.69351 0.69498 0.69667 0.69404 0.69417 0.69584 0.69331 0.69129 0.69410 0.69539 0.69185 0.69033 0.69259 0.69407 0.69206 0.68936 0.69045 0.69355 0.69233 0.68805 0.68927 0.69244 0.69207 0.68856 0.68878 0.69206 0.69198 0.68781 0.68811 0.69248 0.69237 0.68745 0.68741 0.69219 0.69257 0.68802 0.68694 0.69146 0.69238 0.68866 0.68858 0.69099 0.69141 0.68976 0.69146 0.69042 0.68904 0.69318 0.69339 0.68905 0.69041 0.69415 0.69232 0.68939 0.69265 0.69472 0.69212 0.69297 0.69420 0.69337 0.69248 0.69496 0.69587 0.69374 0.69300 0.69579 0.69747 0.69514 0.69385 0.69714 0.69895 0.69595 0.69517 0.69945 0.70042 0.69627 0.69702 0.70179 0.70147 0.69780 0.69970 0.70297 0.70179 0.70104 0.70232 0.70111 0.70330 0.70532 0.70374 0.70330 0.70513 0.70564 0.70503 0.70643 0.70756 0.70680 0.70624 0.70851 0.71034 0.70936 0.70805 0.70971 0.71191 0.71166 0.71087 0.71140 0.71333 0.71380 0.71320 0.71344 0.71554 0.71624 0.71488 0.71547 0.71828 0.71886 0.71692 0.71699 0.72072 0.72009 0.71511 0.70982 0.70810 0.70823 0.70328 0.69756 0.69646 0.69568 0.68936 0.65436 0.59268 0.52760 0.46039 0.39618 0.33217 0.26600 0.19994 0.13510 0.06958 0.03468 0.03100 0.02749 0.02388 0.02011 0.01645 0.01287 0.00920 0.00550 0.00184 0.00000 0.00000 0.00000 0.00000 0.00000 0.00000 0.00000 0.00000 0.00000 0.00000 0.00000 0.00000 0.00000 0.00000 0.00000 0.00000 0.00000 0.00000 0.00000 0.00000 0.00000 0.00000 0.00000 0.00000 0.00000
0.00000 0.00000 0.00000 0.00000 0.00000 0.00000 0.00000 0.00000 0.00000 0.00000 0.00000 0.00000 0.00000 0.00000 0.00000 0.00000 0.00000 0.00000 0.00000 0.00000 0.00000 0.00000 0.00000 0.00000 0.00000 0.00000 0.00000 0.00000 0.00000 0.00000 0.00000 0.00000 0.00000 0.00000 0.00000 0.03768 0.11271 0.18707 0.26168 0.33677 0.41077 0.48375 0.55726 0.63165 0.70450 0.74002 0.74091 0.73848 0.73786 0.73822 0.73482 0.73341 0.73506 0.73450 0.72958 0.72880 0.73088 0.73058 0.72765 0.72502 0.72438 0.72637 0.72621 0.72128 0.72071 0.72292 0.72221 0.71947 0.71701 0.71817 0.71917 0.71592 0.71341 0.71620 0.71622 0.71151 0.71026 0.71366 0.71326 0.70913 0.70735 0.71008 0.71052 0.70667 0.70474 0.70752 0.70780 0.70361 0.70262 0.70545 0.70494 0.70141 0.70092 0.70244 0.70231 0.70087 0.69903 0.69840 0.70050 0.70056 0.69666 0.69588 0.69935 0.69844 0.69427 0.69594 0.69829 0.69414 0.69254 0.69719 0.69641 0.69154 0.69332 0.69601 0.69268 0.69054 0.69388 0.69494 0.69087 0.68931 0.69322 0.69435 0.69031 0.68878 0.69156 0.69349 0.69162 0.68818 0.68881 0.69288 0.69221 0.68783 0.68874 0.69227 0.69132 0.68826 0.68895 0.69129 0.69134 0.68941 0.68831 0.69003 0.69205 0.69043 0.68766 0.69065 0.69244 0.68926 0.68823 0.69258 0.69286 0.68813 0.69036 0.69281 0.69157 0.69194 0.69263 0.68995 0.69032 0.69443 0.69382 0.69012 0.69241 0.69552 0.69259 0.69138 0.69515 0.69605 0.69246 0.69313 0.69694 0.69648 0.69355 0.69505 0.69825 0.69713 0.69509 0.69701 0.69919 0.69788 0.69705 0.69917 0.69952 0.69852 0.70021 0.70145 0.69971 0.70054 0.70318 0.70215 0.70133 0.70346 0.70255 0.70252 0.70496 0.70583 0.70391 0.70435 0.70610 0.70734 0.70727 0.70719 0.70718 0.70825 0.70941 0.71007 0.70920 0.70965 0.71107 0.71125 0.71128 0.71301 0.71349 0.71247 0.71353 0.71520 0.71579 0.71527 0.71603 0.71666 0.71762 0.71769 0.71865 0.71939 0.71917 0.71319 0.70521 0.69648 0.68253 0.67182 0.66439 0.65376 0.64123 0.63157 0.62188 0.59086 0.54128 0.49095 0.43892 0.38852 0.33942 0.28849 0.23637 0.18566 0.13555 0.10443 0.09312 0.08220 0.07144 0.06056 0.04954 0.03856 0.02753 0.01652 0.00552 0.00000 0.00000 0.00000 0.00000 0.00000 0.00000 0.00000 0.00000 0.00000 0.00000 0.00000 0.00000 0.00000 0.00000 0.00000 0.00000 0.00000 0.00000 0.00000 0.00000 0.00000 0.00000 0.00000 0.00000 0.00000
0.00000 0.00000 0.00000 0.00000 0.00000 0.00000 0.00000 0.00000 0.00000 0.00000 0.00000 0.00000 0.00000 0.00000 0.00000 0.00000 0.00000 0.00000 0.00000 0.00000 0.00000 0.00000 0.00000 0.00000 0.00000 0.00000 0.00000 0.00000 0.00000 0.00000 0.00000 0.00000 0.00000 0.00000 0.00000 0.03766 0.11255 0.18702 0.26210 0.33674 0.40970 0.48316 0.55841 0.63208 0.70453 0.74086 0.73901 0.73746 0.73965 0.73848 0.73423 0.73300 0.73458 0.73324 0.73115 0.73055 0.72920 0.72700 0.72832 0.72807 0.72443 0.72507 0.72460 0.72234 0.72158 0.72245 0.71922 0.71854 0.72081 0.71860 0.71504 0.71599 0.71719 0.71451 0.71336 0.71365 0.71212 0.71095 0.71233 0.71104 0.70794 0.70794 0.71021 0.70849 0.70491 0.70509 0.70767 0.70638 0.70246 0.70213 0.70535 0.70466 0.69981 0.69950 0.70351 0.70284 0.69774 0.69742 0.70100 0.70074 0.69663 0.69604 0.69913 0.69828 0.69415 0.69547 0.69819 0.69526 0.69353 0.69588 0.69485 0.69190 0.69449 0.69623 0.69205 0.69050 0.69399 0.69488 0.69122 0.68968 0.69232 0.69389 0.69139 0.68851 0.69085 0.69331 0.69119 0.68803 0.69028 0.69248 0.69103 0.68795 0.68937 0.69280 0.69179 0.68751 0.68812 0.69270 0.69255 0.68777 0.68730 0.69210 0.69255 0.68809 0.68802 0.69176 0.69219 0.68811 0.69121 0.69232 0.69004 0.69019 0.69263 0.69059 0.69027 0.69301 0.69264 0.69017 0.69288 0.69398 0.69179 0.69296 0.69397 0.69271 0.69255 0.69544 0.69511 0.69264 0.69333 0.69628 0.69670 0.69432 0.69396 0.69709 0.69834 0.69568 0.69495 0.69864 0.69991 0.69655 0.69637 0.70082 0.70131 0.69739 0.69826 0.70313 0.70221 0.69925 0.70046 0.70367 0.70378 0.70392 0.70206 0.70211 0.70568 0.70588 0.70355 0.70515 0.70760 0.70582 0.70504 0.70821 0.71015 0.70842 0.70708 0.70931 0.71214 0.71137 0.71018 0.71046 0.71233 0.71371 0.71308 0.71238 0.71444 0.71571 0.71436 0.71456 0.71723 0.71809 0.71640 0.71657 0.71958 0.72057 0.71930 0.70946 0.69337 0.67816 0.65993 0.63941 0.62179 0.60757 0.58833 0.56874 0.55347 0.52775 0.48908 0.45380 0.41923 0.38199 0.34500 0.31010 0.27433 0.23687 0.20039 0.17404 0.15592 0.13690 0.11876 0.10105 0.08282 0.06412 0.04584 0.02762 0.00921 0.00000 0.00000 0.00000 0.00000 0.00000 0.00000 0.00000 0.00000 0.00000 0.00000 0.00000 0.00000 0.00000 0.00000 0.00000 0.00000 0.00000 0.00000 0.00000 0.00000 0.00000 0.00000 0.00000 0.00000 0.00000
0.00000 0.00000 0.00000 0.00000 0.00000 0.00000 0.00000 0.00000 0.00000 0.00000 0.00000 0.00000 0.00000 0.00000 0.00000 0.00000 0.00000 0.00000 0.00000 0.00000 0.00000 0.00000 0.00000 0.00000 0.00000 0.00000 0.00000 0.00000 0.00000 0.00000 0.00000 0.00000 0.00000 0.00000 0.00000 0.03750 0.11248 0.18764 0.26207 0.33547 0.40973 0.48458 0.55782 0.62987 0.70495 0.74132 0.73898 0.73821 0.73730 0.73631 0.73632 0.73525 0.73160 0.73091 0.73296 0.73212 0.72737 0.72638 0.72779 0.72834 0.72724 0.72250 0.72242 0.72471 0.72352 0.71919 0.71869 0.72041 0.72035 0.71734 0.71479 0.71677 0.71754 0.71318 0.71158 0.71515 0.71443 0.70947 0.70870 0.71232 0.71156 0.70705 0.70590 0.70907 0.70899 0.70466 0.70339 0.70640 0.70637 0.70239 0.70138 0.70362 0.70366 0.70121 0.69976 0.70001 0.70134 0.70098 0.69771 0.69677 0.69997 0.69965 0.69526 0.69559 0.69898 0.69639 0.69318 0.69699 0.69747 0.69246 0.69272 0.69675 0.69457 0.69120 0.69357 0.69518 0.69196 0.69033 0.69350 0.69441 0.69064 0.68926 0.69288 0.69407 0.69038 0.68842 0.69094 0.69354 0.69149 0.68778 0.68979 0.69307 0.69125 0.68780 0.68961 0.69231 0.69110 0.68872 0.68907 0.69121 0.69171 0.68999 0.68845 0.69080 0.69215 0.69034 0.68907 0.69235 0.69232 0.68842 0.69129 0.69331 0.69090 0.68872 0.69323 0.69290 0.68963 0.69321 0.69464 0.69029 0.69027 0.69508 0.69521 0.69109 0.69361 0.69609 0.69346 0.69246 0.69596 0.69690 0.69377 0.69398 0.69784 0.69761 0.69480 0.69587 0.69911 0.69846 0.69623 0.69785 0.70015 0.69928 0.69796 0.70006 0.70107 0.70022 0.70062 0.70225 0.70223 0.70179 0.70165 0.70356 0.70529 0.70411 0.70181 0.70495 0.70732 0.70606 0.70474 0.70726 0.70766 0.70735 0.70854 0.71000 0.70893 0.70843 0.71012 0.71189 0.71132 0.71244 0.71193 0.71112 0.71350 0.71531 0.71421 0.71353 0.71587 0.71645 0.71607 0.71725 0.71841 0.71784 0.71777 0.71938 0.72096 0.70825 0.68171 0.65774 0.63473 0.60924 0.58285 0.55885 0.53441 0.50858 0.48437 0.46131 0.43800 0.41725 0.39767 0.37568 0.35237 0.33092 0.31105 0.28922 0.26604 0.24256 0.21813 0.19278 0.16663 0.14101 0.11557 0.08986 0.06437 0.03870 0.01286 0.00000 0.00000 0.00000 0.00000 0.00000 0.00000 0.00000 0.00000 0.00000 0.00000 0.00000 0.00000 0.00000 0.00000 0.00000 0.00000 0.00000 0.00000 0.00000 0.00000 0.00000 0.00000 0.00000 0.00000 0.00000
0.00000 0.00000 0.00000 0.00000 0.00000 0.00000 0.00000 0.00000 0.00000 0.00000 0.00000 0.00000 0.00000 0.00000 0.00000 0.00000 0.00000 0.00000 0.00000 0.00000 0.00000 0.00000 0.00000 0.00000 0.00000 0.00000 0.00000 0.00000 0.00000 0.00000 0.00000 0.00000 0.00000 0.00000 0.00000 0.03749 0.11254 0.18759 0.26152 0.33545 0.41032 0.48463 0.55759 0.62954 0.70352 0.74028 0.74114 0.74023 0.73511 0.73472 0.73690 0.73568 0.73162 0.73110 0.73203 0.73029 0.72881 0.72809 0.72697 0.72666 0.72558 0.72343 0.72331 0.72444 0.72109 0.71957 0.72169 0.72048 0.71654 0.71690 0.71891 0.71605 0.71325 0.71502 0.71522 0.71193 0.71164 0.71268 0.71061 0.70874 0.71047 0.70983 0.70664 0.70633 0.70851 0.70704 0.70364 0.70380 0.70630 0.70503 0.70088 0.70094 0.70443 0.70357 0.69845 0.69843 0.70223 0.70170 0.69737 0.69671 0.69963 0.69935 0.69561 0.69596 0.69866 0.69642 0.69352 0.69613 0.69664 0.69317 0.69444 0.69646 0.69288 0.69098 0.69492 0.69568 0.69095 0.69011 0.69396 0.69439 0.69045 0.68942 0.69255 0.69379 0.69017 0.68909 0.69183 0.69317 0.68986 0.68842 0.69105 0.69328 0.69099 0.68777 0.68924 0.69316 0.69222 0.68769 0.68797 0.69271 0.69272 0.68800 0.68756 0.69235 0.69283 0.68796 0.69072 0.69323 0.69057 0.68881 0.69182 0.69402 0.69141 0.69120 0.69161 0.69189 0.69361 0.69241 0.69060 0.69327 0.69455 0.69226 0.69197 0.69561 0.69493 0.69166 0.69344 0.69667 0.69604 0.69347 0.69422 0.69740 0.69766 0.69511 0.69511 0.69833 0.69926 0.69650 0.69631 0.69987 0.70076 0.69783 0.69797 0.70200 0.70204 0.69906 0.69981 0.70385 0.70370 0.70123 0.70099 0.70326 0.70578 0.70477 0.70236 0.70452 0.70767 0.70503 0.70410 0.70816 0.70983 0.70669 0.70633 0.70979 0.71178 0.71032 0.70928 0.71016 0.71123 0.71335 0.71346 0.71160 0.71309 0.71548 0.71399 0.71364 0.71666 0.71761 0.71530 0.71583 0.71907 0.71982 0.71801 0.71798 0.72056 0.70594 0.67268 0.63903 0.60728 0.57769 0.54546 0.51110 0.48002 0.44845 0.41460 0.39555 0.38955 0.38152 0.37371 0.36811 0.36175 0.35312 0.34579 0.34035 0.33340 0.31185 0.27952 0.24789 0.21501 0.18109 0.14848 0.11596 0.08271 0.04958 0.01658 0.00000 0.00000 0.00000 0.00000 0.00000 0.00000 0.00000 0.00000 0.00000 0.00000 0.00000 0.00000 0.00000 0.00000 0.00000 0.00000 0.00000 0.00000 0.00000 0.00000 0.00000 0.00000 0.00000 0.00000 0.00000
0.00000 0.00000 0.00000 0.00000 0.00000 0.00000 0.00000 0.00000 0.00000 0.00000 0.00000 0.00000 0.00000 0.00000 0.00000 0.00000 0.00000 0.00000 0.00000 0.00000 0.00000 0.00000 0.00000 0.00000 0.00000 0.00000 0.00000 0.00000 0.00000 0.00000 0.00000 0.00000 0.00000 0.00000 0.00000 0.03763 0.11257 0.18680 0.26140 0.33648 0.41050 0.48265 0.55654 0.63202 0.70494 0.73935 0.73836 0.73865 0.73818 0.73601 0.73381 0.73346 0.73443 0.73297 0.72899 0.72832 0.73067 0.72987 0.72512 0.72408 0.72585 0.72623 0.72409 0.72063 0.72091 0.72219 0.72125 0.71851 0.71651 0.71771 0.71873 0.71565 0.71292 0.71508 0.71564 0.71131 0.71021 0.71356 0.71248 0.70776 0.70726 0.71085 0.71007 0.70542 0.70437 0.70776 0.70769 0.70325 0.70193 0.70493 0.70515 0.70161 0.70026 0.70170 0.70249 0.70110 0.69865 0.69789 0.70065 0.70068 0.69632 0.69555 0.69965 0.69845 0.69402 0.69662 0.69836 0.69399 0.69294 0.69736 0.69599 0.69170 0.69336 0.69573 0.69316 0.69137 0.69370 0.69424 0.69128 0.69046 0.69350 0.69384 0.69003 0.68940 0.69340 0.69348 0.68952 0.68875 0.69237 0.69316 0.68966 0.68786 0.69089 0.69305 0.69060 0.68833 0.68990 0.69230 0.69143 0.68922 0.68918 0.69200 0.69196 0.68964 0.68949 0.69257 0.69195 0.68884 0.69140 0.69339 0.69074 0.68853 0.69343 0.69447 0.68923 0.69090 0.69473 0.69247 0.68993 0.69390 0.69559 0.69149 0.69210 0.69576 0.69490 0.69220 0.69466 0.69707 0.69457 0.69331 0.69697 0.69799 0.69477 0.69506 0.69874 0.69874 0.69599 0.69694 0.70034 0.69971 0.69683 0.69890 0.70191 0.70070 0.69849 0.70117 0.70315 0.70112 0.70072 0.70411 0.70466 0.70235 0.70174 0.70588 0.70723 0.70451 0.70326 0.70758 0.70912 0.70631 0.70716 0.70968 0.70869 0.70788 0.70980 0.71172 0.71077 0.71053 0.71109 0.71022 0.71332 0.71512 0.71300 0.71137 0.71567 0.71722 0.71486 0.71639 0.71803 0.71695 0.71671 0.71938 0.72048 0.71892 0.71870 0.70152 0.66312 0.62190 0.58230 0.54507 0.50503 0.46369 0.42559 0.38695 0.34549 0.32978 0.33921 0.34615 0.35187 0.35971 0.36922 0.37669 0.38220 0.38984 0.39951 0.38341 0.34168 0.30160 0.26238 0.22235 0.18178 0.14158 0.10101 0.06061 0.02029 0.00000 0.00000 0.00000 0.00000 0.00000 0.00000 0.00000 0.00000 0.00000 0.00000 0.00000 0.00000 0.00000 0.00000 0.00000 0.00000 0.00000 0.00000 0.00000 0.00000 0.00000 0.00000 0.00000 0.00000 0.00000
0.00000 0.00000 0.00000 0.00000 0.00000 0.00000 0.00000 0.00000 0.00000 0.00000 0.00000 0.00000 0.00000 0.00000 0.00000 0.00000 0.00000 0.00000 0.00000 0.00000 0.00000 0.00000 0.00000 0.00000 0.00000 0.00000 0.00000 0.00000 0.00000 0.00000 0.00000 0.00000 0.00000 0.00000 0.00000 0.03762 0.11240 0.18685 0.26168 0.33629 0.40978 0.48306 0.55688 0.63098 0.70549 0.74024 0.73688 0.73671 0.73868 0.73756 0.73283 0.73233 0.73436 0.73299 0.72938 0.72881 0.72964 0.72862 0.72632 0.72446 0.72543 0.72628 0.72240 0.72053 0.72278 0.72252 0.71799 0.71750 0.72037 0.71814 0.71442 0.71585 0.71712 0.71329 0.71152 0.71424 0.71344 0.70953 0.71030 0.71154 0.70883 0.70707 0.70905 0.70805 0.70515 0.70549 0.70714 0.70520 0.70220 0.70288 0.70521 0.70380 0.69942 0.69982 0.70336 0.70263 0.69771 0.69751 0.70052 0.70045 0.69744 0.69649 0.69839 0.69758 0.69455 0.69652 0.69797 0.69431 0.69443 0.69681 0.69423 0.69179 0.69543 0.69636 0.69132 0.69055 0.69518 0.69513 0.69007 0.68998 0.69416 0.69396 0.68934 0.68991 0.69324 0.69294 0.68880 0.68998 0.69275 0.69290 0.68949 0.68861 0.69061 0.69352 0.69206 0.68794 0.68872 0.69325 0.69271 0.68798 0.68828 0.69295 0.69272 0.68817 0.69005 0.69350 0.69143 0.68870 0.69169 0.69478 0.69135 0.69004 0.69124 0.69395 0.69371 0.69103 0.69006 0.69399 0.69510 0.69153 0.69093 0.69554 0.69538 0.69148 0.69316 0.69677 0.69572 0.69296 0.69450 0.69773 0.69696 0.69444 0.69535 0.69823 0.69867 0.69640 0.69636 0.69932 0.70016 0.69815 0.69794 0.70056 0.70151 0.69992 0.69978 0.70248 0.70283 0.70120 0.70134 0.70392 0.70491 0.70322 0.70195 0.70482 0.70715 0.70494 0.70381 0.70734 0.70921 0.70516 0.70613 0.71038 0.71081 0.70860 0.70934 0.71065 0.71103 0.71228 0.71348 0.71124 0.71138 0.71503 0.71487 0.71294 0.71562 0.71719 0.71371 0.71511 0.71930 0.71925 0.71678 0.71735 0.72051 0.72139 0.71977 0.69623 0.65152 0.60594 0.55821 0.51078 0.46525 0.41878 0.37079 0.32468 0.27820 0.26502 0.28637 0.30952 0.33219 0.35285 0.37449 0.39834 0.42100 0.44115 0.46357 0.45315 0.40534 0.35627 0.30983 0.26313 0.21481 0.16686 0.11976 0.07187 0.02384 0.00000 0.00000 0.00000 0.00000 0.00000 0.00000 0.00000 0.00000 0.00000 0.00000 0.00000 0.00000 0.00000 0.00000 0.00000 0.00000 0.00000 0.00000 0.00000 0.00000 0.00000 0.00000 0.00000 0.00000 0.00000
0.00000 0.00000 0.00000 0.00000 0.00000 0.00000 0.00000 0.00000 0.00000 0.00000 0.00000 0.00000 0.00000 0.00000 0.00000 0.00000 0.00000 0.00000 0.00000 0.00000 0.00000 0.00000 0.00000 0.00000 0.00000 0.00000 0.00000 0.00000 0.00000 0.00000 0.00000 0.00000 0.00000 0.00000 0.00000 0.03745 0.11235 0.18743 0.26203 0.33499 0.40903 0.48455 0.55826 0.62952 0.70202 0.74077 0.74046 0.73732 0.73549 0.73572 0.73591 0.73384 0.73109 0.73067 0.73219 0.73084 0.72678 0.72603 0.72835 0.72754 0.72401 0.72228 0.72362 0.72367 0.72166 0.71973 0.71880 0.71905 0.71954 0.71765 0.71430 0.71517 0.71703 0.71408 0.71170 0.71364 0.71328 0.70934 0.70920 0.71219 0.71070 0.70632 0.70561 0.70927 0.70885 0.70412 0.70291 0.70631 0.70641 0.70220 0.70058 0.70345 0.70397 0.70091 0.69954 0.70007 0.70142 0.70085 0.69748 0.69633 0.70028 0.69994 0.69499 0.69521 0.69917 0.69588 0.69349 0.69799 0.69705 0.69232 0.69352 0.69658 0.69430 0.69204 0.69395 0.69434 0.69208 0.69201 0.69388 0.69312 0.69057 0.69115 0.69372 0.69259 0.68931 0.69045 0.69370 0.69219 0.68861 0.68977 0.69248 0.69288 0.68972 0.68861 0.69092 0.69286 0.69111 0.68897 0.68988 0.69277 0.69191 0.68905 0.68979 0.69301 0.69196 0.68867 0.69111 0.69338 0.69110 0.68868 0.69287 0.69445 0.69019 0.68981 0.69435 0.69450 0.69052 0.69225 0.69503 0.69299 0.69173 0.69488 0.69562 0.69231 0.69352 0.69704 0.69555 0.69302 0.69559 0.69810 0.69553 0.69463 0.69821 0.69897 0.69584 0.69633 0.70017 0.69978 0.69669 0.69821 0.70224 0.70107 0.69767 0.69993 0.70399 0.70212 0.69956 0.70293 0.70484 0.70099 0.70171 0.70655 0.70636 0.70321 0.70316 0.70774 0.70857 0.70532 0.70544 0.70927 0.70932 0.70739 0.70925 0.71050 0.70996 0.71009 0.71095 0.71124 0.71265 0.71381 0.71236 0.71168 0.71529 0.71691 0.71407 0.71525 0.71759 0.71654 0.71595 0.71910 0.71994 0.71776 0.71802 0.72129 0.72223 0.69311 0.63940 0.58801 0.53373 0.47787 0.42511 0.37249 0.31653 0.26232 0.20945 0.20029 0.23560 0.27229 0.31055 0.34706 0.38184 0.41864 0.45786 0.49488 0.52900 0.52031 0.46803 0.41360 0.35728 0.30240 0.24802 0.19305 0.13813 0.08283 0.02757 0.00000 0.00000 0.00000 0.00000 0.00000 0.00000 0.00000 0.00000 0.00000 0.00000 0.00000 0.00000 0.00000 0.00000 0.00000 0.00000 0.00000 0.00000 0.00000 0.00000 0.00000 0.00000 0.00000 0.00000 0.00000
0.00000 0.00000 0.00000 0.00000 0.00000 0.00000 0.00000 0.00000 0.00000 0.00000 0.00000 0.00000 0.00000 0.00000 0.00000 0.00000 0.00000 0.00000 0.00000 0.00000 0.00000 0.00000 0.00000 0.00000 0.00000 0.00000 0.00000 0.00000 0.00000 0.00000 0.00000 0.00000 0.00000 0.00000 0.00000 0.03744 0.11237 0.18725 0.26124 0.33559 0.40953 0.48348 0.55805 0.63054 0.70207 0.73868 0.74042 0.73891 0.73453 0.73392 0.73621 0.73508 0.73054 0.72994 0.73191 0.73078 0.72714 0.72618 0.72769 0.72730 0.72356 0.72200 0.72434 0.72419 0.71938 0.71833 0.72168 0.72041 0.71585 0.71598 0.71837 0.71535 0.71266 0.71541 0.71527 0.71070 0.71051 0.71323 0.71099 0.70754 0.70960 0.70982 0.70678 0.70687 0.70799 0.70553 0.70355 0.70522 0.70603 0.70315 0.70082 0.70191 0.70411 0.70341 0.69830 0.69847 0.70198 0.70164 0.69872 0.69697 0.69800 0.69885 0.69811 0.69693 0.69696 0.69545 0.69562 0.69727 0.69551 0.69267 0.69574 0.69692 0.69217 0.69118 0.69595 0.69588 0.69046 0.69043 0.69537 0.69467 0.68961 0.69016 0.69440 0.69349 0.68879 0.69034 0.69380 0.69252 0.68851 0.68964 0.69277 0.69333 0.69241 0.68841 0.68905 0.69357 0.69295 0.68819 0.68875 0.69353 0.69276 0.68832 0.68992 0.69365 0.69195 0.68877 0.69163 0.69484 0.69130 0.68962 0.69165 0.69491 0.69319 0.69021 0.69062 0.69489 0.69520 0.69094 0.69054 0.69562 0.69599 0.69142 0.69253 0.69683 0.69579 0.69242 0.69468 0.69807 0.69640 0.69394 0.69572 0.69819 0.69800 0.69636 0.69641 0.69881 0.69975 0.69834 0.69776 0.69964 0.70112 0.70063 0.69963 0.70061 0.70206 0.70206 0.70224 0.70296 0.70216 0.70240 0.70300 0.70518 0.70572 0.70411 0.70413 0.70689 0.70815 0.70539 0.70629 0.70969 0.70975 0.70723 0.70926 0.71123 0.71051 0.71102 0.71235 0.71140 0.71100 0.71411 0.71495 0.71258 0.71386 0.71658 0.71441 0.71457 0.71924 0.71869 0.71572 0.71675 0.72050 0.72079 0.71877 0.71910 0.72178 0.69207 0.62928 0.56831 0.50859 0.44737 0.38493 0.32442 0.26346 0.20136 0.13942 0.13463 0.18599 0.23632 0.28697 0.33939 0.39146 0.44110 0.49213 0.54593 0.59761 0.58984 0.52910 0.46891 0.40551 0.34241 0.28152 0.21939 0.15598 0.09376 0.03140 0.00000 0.00000 0.00000 0.00000 0.00000 0.00000 0.00000 0.00000 0.00000 0.00000 0.00000 0.00000 0.00000 0.00000 0.00000 0.00000 0.00000 0.00000 0.00000 0.00000 0.00000 0.00000 0.00000 0.00000 0.00000
0.00000 0.00000 0.00000 0.00000 0.00000 0.00000 0.00000 0.00000 0.00000 0.00000 0.00000 0.00000 0.00000 0.00000 0.00000 0.00000 0.00000 0.00000 0.00000 0.00000 0.00000 0.00000 0.00000 0.00000 0.00000 0.00000 0.00000 0.00000 0.00000 0.00000 0.00000 0.00000 0.00000 0.00000 0.00000 0.03757 0.11251 0.18659 0.26101 0.33611 0.41053 0.48268 0.55564 0.63123 0.70495 0.73901 0.73699 0.73762 0.73758 0.73523 0.73316 0.73282 0.73346 0.73188 0.72881 0.72817 0.72985 0.72861 0.72496 0.72418 0.72596 0.72496 0.72208 0.72111 0.72141 0.72066 0.71975 0.71905 0.71647 0.71598 0.71796 0.71664 0.71296 0.71295 0.71439 0.71174 0.71125 0.71313 0.71063 0.70753 0.70819 0.71063 0.70992 0.70519 0.70440 0.70760 0.70724 0.70308 0.70212 0.70490 0.70477 0.70119 0.70062 0.70244 0.70220 0.69956 0.69896 0.69939 0.70076 0.70066 0.69614 0.69641 0.69995 0.69822 0.69419 0.69843 0.69806 0.69293 0.69393 0.69732 0.69529 0.69233 0.69438 0.69512 0.69285 0.69306 0.69439 0.69280 0.69127 0.69326 0.69401 0.69151 0.69007 0.69266 0.69390 0.69067 0.68921 0.69261 0.69351 0.69025 0.68938 0.69144 0.69197 0.69220 0.69090 0.68978 0.69059 0.69296 0.69191 0.68905 0.69005 0.69357 0.69226 0.68871 0.69077 0.69373 0.69186 0.68900 0.69223 0.69449 0.69125 0.68957 0.69353 0.69504 0.69155 0.69115 0.69433 0.69468 0.69230 0.69333 0.69526 0.69286 0.69318 0.69683 0.69625 0.69292 0.69425 0.69831 0.69688 0.69423 0.69649 0.69902 0.69623 0.69586 0.70009 0.69992 0.69646 0.69769 0.70190 0.70098 0.69756 0.69927 0.70354 0.70273 0.69917 0.70024 0.70504 0.70343 0.70079 0.70522 0.70613 0.70274 0.70341 0.70737 0.70768 0.70461 0.70428 0.70881 0.70987 0.70697 0.70771 0.70975 0.70998 0.70987 0.71073 0.71081 0.71179 0.71291 0.71217 0.71211 0.71461 0.71530 0.71370 0.71494 0.71701 0.71616 0.71547 0.71876 0.71938 0.71680 0.71742 0.72095 0.72167 0.71955 0.71979 0.68869 0.62037 0.55004 0.48248 0.41550 0.34565 0.27651 0.20906 0.14014 0.07067 0.06891 0.13519 0.20074 0.26526 0.33107 0.39889 0.46513 0.52842 0.59460 0.66430 0.66324 0.59067 0.52152 0.45406 0.38464 0.31422 0.24438 0.17473 0.10507 0.03510 0.00000 0.00000 0.00000 0.00000 0.00000 0.00000 0.00000 0.00000 0.00000 0.00000 0.00000 0.00000 0.00000 0.00000 0.00000 0.00000 0.00000 0.00000 0.00000 0.00000 0.00000 0.00000 0.00000 0.00000 0.00000
0.00000 0.00000 0.00000 0.00000 0.00000 0.00000 0.00000 0.00000 0.00000 0.00000 0.00000 0.00000 0.00000 0.00000 0.00000 0.00000 0.00000 0.00000 0.00000 0.00000 0.00000 0.00000 0.00000 0.00000 0.00000 0.00000 0.00000 0.00000 0.00000 0.00000 0.00000 0.00000 0.00000 0.00000 0.00000 0.03562 0.10668 0.17792 0.24823 0.31840 0.38969 0.45970 0.52805 0.59768 0.66988 0.70542 0.70509 0.70794 0.71398 0.71663 0.71569 0.71854 0.72458 0.72731 0.72654 0.72753 0.72972 0.72884 0.72477 0.72373 0.72608 0.72544 0.72087 0.71983 0.72296 0.72215 0.71712 0.71635 0.71966 0.71810 0.71458 0.71506 0.71585 0.71238 0.71160 0.71471 0.71248 0.70882 0.71081 0.71152 0.70811 0.70681 0.70910 0.70626 0.70476 0.70761 0.70709 0.70281 0.70204 0.70483 0.70496 0.70169 0.69978 0.69988 0.70271 0.70292 0.69872 0.69736 0.69815 0.70037 0.70065 0.69715 0.69523 0.69679 0.69865 0.69772 0.69494 0.69360 0.69641 0.69757 0.69323 0.69192 0.69641 0.69647 0.69108 0.69113 0.69606 0.69533 0.69060 0.69051 0.69510 0.69440 0.69025 0.69019 0.69415 0.69350 0.68976 0.68995 0.69312 0.69346 0.69136 0.68896 0.68907 0.69383 0.69349 0.68857 0.68863 0.69388 0.69325 0.68861 0.68984 0.69395 0.69227 0.68884 0.69160 0.69463 0.69142 0.68938 0.69229 0.69529 0.69257 0.68996 0.69145 0.69542 0.69462 0.69058 0.69120 0.69590 0.69630 0.69121 0.69175 0.69664 0.69610 0.69253 0.69491 0.69776 0.69588 0.69387 0.69612 0.69876 0.69734 0.69638 0.69676 0.69783 0.69927 0.69886 0.69755 0.69884 0.70088 0.70095 0.69923 0.69945 0.70207 0.70286 0.70162 0.70131 0.70185 0.70306 0.70531 0.70492 0.70366 0.70271 0.70503 0.70728 0.70674 0.70502 0.70662 0.70890 0.70858 0.70732 0.70921 0.71096 0.70975 0.71020 0.71200 0.71152 0.71085 0.71326 0.71442 0.71247 0.71311 0.71592 0.71525 0.71425 0.71735 0.71621 0.70992 0.70730 0.70773 0.70407 0.69825 0.69517 0.69425 0.69156 0.68656 0.65087 0.58423 0.51573 0.44589 0.37850 0.31051 0.24107 0.17186 0.10367 0.03462 0.03451 0.10344 0.17319 0.24310 0.31162 0.38055 0.45179 0.52234 0.58985 0.65990 0.66307 0.59272 0.52147 0.45375 0.38519 0.31401 0.24410 0.17528 0.10526 0.03495 0.00000 0.00000 0.00000 0.00000 0.00000 0.00000 0.00000 0.00000 0.00000 0.00000 0.00000 0.00000 0.00000 0.00000 0.00000 0.00000 0.00000 0.00000 0.00000 0.00000 0.00000 0.00000 0.00000 0.00000 0.00000
0.00000 0.00000 0.00000 0.00000 0.00000 0.00000 0.00000 0.00000 0.00000 0.00000 0.00000 0.00000 0.00000 0.00000 0.00000 0.00000 0.00000 0.00000 0.00000 0.00000 0.00000 0.00000 0.00000 0.00000 0.00000 0.00000 0.00000 0.00000 0.00000 0.00000 0.00000 0.00000 0.00000 0.00000 0.00000 0.03179 0.09550 0.15886 0.22240 0.28541 0.34751 0.41078 0.47393 0.53564 0.59676 0.63384 0.64481 0.65413 0.66353 0.67397 0.68511 0.69488 0.70360 0.71364 0.72555 0.72989 0.72677 0.72608 0.72754 0.72621 0.72313 0.72269 0.72368 0.72226 0.72014 0.71996 0.71927 0.71773 0.71785 0.71852 0.71458 0.71311 0.71512 0.71532 0.71321 0.71249 0.71093 0.70948 0.71134 0.71176 0.70720 0.70663 0.70818 0.70866 0.70719 0.70439 0.70463 0.70595 0.70473 0.70217 0.70276 0.70385 0.70191 0.69974 0.70127 0.70252 0.70067 0.69703 0.69773 0.69966 0.70057 0.69777 0.69498 0.69809 0.69916 0.69446 0.69437 0.69783 0.69633 0.69273 0.69496 0.69625 0.69352 0.69320 0.69513 0.69345 0.69183 0.69439 0.69460 0.69131 0.69085 0.69444 0.69400 0.69010 0.69013 0.69394 0.69377 0.68933 0.68983 0.69384 0.69290 0.68920 0.69104 0.69178 0.69107 0.69214 0.69221 0.68985 0.69033 0.69370 0.69262 0.68891 0.69053 0.69436 0.69269 0.68920 0.69151 0.69460 0.69242 0.68991 0.69261 0.69547 0.69275 0.69071 0.69335 0.69547 0.69340 0.69209 0.69444 0.69509 0.69362 0.69635 0.69612 0.69276 0.69387 0.69848 0.69776 0.69368 0.69421 0.69914 0.69851 0.69538 0.69891 0.70006 0.69618 0.69714 0.70143 0.70090 0.69756 0.69905 0.70314 0.70246 0.69933 0.69976 0.70413 0.70440 0.70062 0.70144 0.70619 0.70427 0.70374 0.70613 0.70686 0.70460 0.70486 0.70822 0.70943 0.70675 0.70640 0.70925 0.71098 0.70966 0.70990 0.71026 0.71145 0.71254 0.71189 0.71187 0.71392 0.71456 0.71345 0.71461 0.71647 0.71555 0.71524 0.71286 0.70256 0.68916 0.67930 0.67209 0.66160 0.64888 0.63827 0.63011 0.62012 0.58269 0.52163 0.46201 0.40020 0.33789 0.27752 0.21639 0.15403 0.09241 0.03104 0.03100 0.09259 0.15452 0.21757 0.27990 0.34041 0.40283 0.46758 0.53059 0.58987 0.59042 0.53140 0.46931 0.40523 0.34309 0.28174 0.21937 0.15664 0.09390 0.03130 0.00000 0.00000 0.00000 0.00000 0.00000 0.00000 0.00000 0.00000 0.00000 0.00000 0.00000 0.00000 0.00000 0.00000 0.00000 0.00000 0.00000 0.00000 0.00000 0.00000 0.00000 0.00000 0.00000 0.00000 0.00000
0.00000 0.00000 0.00000 0.00000 0.00000 0.00000 0.00000 0.00000 0.00000 0.00000 0.00000 0.00000 0.00000 0.00000 0.00000 0.00000 0.00000 0.00000 0.00000 0.00000 0.00000 0.00000 0.00000 0.00000 0.00000 0.00000 0.00000 0.00000 0.00000 0.00000 0.00000 0.00000 0.00000 0.00000 0.00000 0.02815 0.08401 0.13987 0.19616 0.25210 0.30652 0.36146 0.41843 0.47346 0.52604 0.56204 0.58249 0.60017 0.61471 0.63212 0.65268 0.67037 0.68439 0.70155 0.72224 0.73067 0.72615 0.72522 0.72782 0.72689 0.72235 0.72157 0.72441 0.72349 0.71861 0.71780 0.72101 0.72023 0.71542 0.71436 0.71670 0.71560 0.71507 0.71545 0.71166 0.71055 0.71375 0.71250 0.70854 0.70838 0.71071 0.70797 0.70568 0.70903 0.70844 0.70363 0.70302 0.70684 0.70617 0.70127 0.70083 0.70389 0.70371 0.70320 0.69970 0.69776 0.70020 0.70187 0.70086 0.69708 0.69602 0.69857 0.69998 0.69790 0.69447 0.69480 0.69760 0.69818 0.69404 0.69260 0.69663 0.69714 0.69203 0.69201 0.69658 0.69568 0.69108 0.69134 0.69532 0.69498 0.69142 0.69050 0.69399 0.69443 0.69124 0.68994 0.69294 0.69407 0.69155 0.68923 0.69104 0.69438 0.69379 0.68889 0.68861 0.69420 0.69407 0.68902 0.68950 0.69404 0.69303 0.68940 0.69142 0.69442 0.69169 0.68960 0.69286 0.69516 0.69198 0.69013 0.69261 0.69554 0.69396 0.69059 0.69185 0.69587 0.69587 0.69110 0.69250 0.69682 0.69656 0.69237 0.69514 0.69751 0.69497 0.69407 0.69679 0.69809 0.69657 0.69629 0.69727 0.69614 0.69863 0.70049 0.69774 0.69757 0.70056 0.70142 0.69894 0.69877 0.70218 0.70320 0.70047 0.70021 0.70306 0.70446 0.70339 0.70322 0.70303 0.70231 0.70561 0.70799 0.70541 0.70334 0.70696 0.70946 0.70751 0.70754 0.70916 0.70985 0.70896 0.71016 0.71186 0.71099 0.71029 0.71274 0.71406 0.71215 0.71258 0.71539 0.71529 0.71385 0.71602 0.71753 0.71561 0.70699 0.69271 0.67469 0.65453 0.63719 0.62161 0.60455 0.58557 0.56737 0.55095 0.51545 0.46031 0.40702 0.35393 0.29887 0.24397 0.19083 0.13656 0.08163 0.02720 0.02735 0.08219 0.13651 0.19103 0.24671 0.30228 0.35603 0.41081 0.46775 0.52305 0.52135 0.46772 0.41433 0.35821 0.30255 0.24876 0.19397 0.13796 0.08277 0.02774 0.00000 0.00000 0.00000 0.00000 0.00000 0.00000 0.00000 0.00000 0.00000 0.00000 0.00000 0.00000 0.00000 0.00000 0.00000 0.00000 0.00000 0.00000 0.00000 0.00000 0.00000 0.00000 0.00000 0.00000 0.00000
0.00000 0.00000 0.00000 0.00000 0.00000 0.00000 0.00000 0.00000 0.00000 0.00000 0.00000 0.00000 0.00000 0.00000 0.00000 0.00000 0.00000 0.00000 0.00000 0.00000 0.00000 0.00000 0.00000 0.00000 0.00000 0.00000 0.00000 0.00000 0.00000 0.00000 0.00000 0.00000 0.00000 0.00000 0.00000 0.02435 0.07289 0.12156 0.16981 0.21762 0.26601 0.31435 0.36156 0.40901 0.45697 0.49340 0.51811 0.54283 0.56843 0.59373 0.61785 0.64196 0.66795 0.69319 0.71621 0.72766 0.72871 0.72770 0.72482 0.72435 0.72537 0.72376 0.72120 0.72108 0.72166 0.71995 0.71809 0.71842 0.71796 0.71478 0.71458 0.71687 0.71641 0.71205 0.71116 0.71264 0.71322 0.71176 0.70804 0.70867 0.71095 0.70926 0.70578 0.70619 0.70768 0.70653 0.70440 0.70384 0.70526 0.70447 0.70142 0.70104 0.70428 0.70345 0.69946 0.69809 0.70002 0.70197 0.70053 0.69716 0.69618 0.69924 0.70020 0.69587 0.69469 0.69839 0.69775 0.69353 0.69525 0.69736 0.69430 0.69302 0.69606 0.69505 0.69219 0.69458 0.69552 0.69189 0.69129 0.69535 0.69456 0.69046 0.69092 0.69500 0.69384 0.68945 0.69056 0.69462 0.69352 0.68896 0.69113 0.69377 0.69134 0.69066 0.69300 0.69140 0.69027 0.69318 0.69328 0.68963 0.69052 0.69461 0.69332 0.68932 0.69099 0.69493 0.69351 0.69011 0.69184 0.69541 0.69376 0.69067 0.69249 0.69608 0.69448 0.69163 0.69334 0.69608 0.69469 0.69383 0.69560 0.69373 0.69411 0.69795 0.69781 0.69353 0.69417 0.69930 0.69962 0.69485 0.69581 0.70024 0.69802 0.69660 0.70030 0.70095 0.69779 0.69875 0.70241 0.70214 0.69960 0.70028 0.70329 0.70392 0.70173 0.70035 0.70453 0.70614 0.70442 0.70454 0.70526 0.70527 0.70687 0.70743 0.70748 0.70669 0.70720 0.70887 0.71085 0.70942 0.70914 0.70986 0.71171 0.71231 0.71130 0.71136 0.71357 0.71435 0.71304 0.71402 0.71609 0.71540 0.71486 0.71745 0.71832 0.70332 0.67903 0.65756 0.63221 0.60480 0.58030 0.55743 0.53310 0.50713 0.48138 0.44626 0.40033 0.35289 0.30596 0.25963 0.21218 0.16484 0.11834 0.07106 0.02361 0.02362 0.07130 0.11882 0.16549 0.21315 0.26197 0.31002 0.35576 0.40370 0.45401 0.45446 0.40463 0.35737 0.31141 0.26361 0.21509 0.16740 0.11991 0.07204 0.02402 0.00000 0.00000 0.00000 0.00000 0.00000 0.00000 0.00000 0.00000 0.00000 0.00000 0.00000 0.00000 0.00000 0.00000 0.00000 0.00000 0.00000 0.00000 0.00000 0.00000 0.00000 0.00000 0.00000 0.00000 0.00000
0.00000 0.00000 0.00000 0.00000 0.00000 0.00000 0.00000 0.00000 0.00000 0.00000 0.00000 0.00000 0.00000 0.00000 0.00000 0.00000 0.00000 0.00000 0.00000 0.00000 0.00000 0.00000 0.00000 0.00000 0.00000 0.00000 0.00000 0.00000 0.00000 0.00000 0.00000 0.00000 0.00000 0.00000 0.00000 0.02058 0.06184 0.10290 0.14339 0.18397 0.22537 0.26613 0.30538 0.34542 0.38727 0.42387 0.45441 0.48671 0.52139 0.55408 0.58372 0.61543 0.65034 0.68299 0.71158 0.72657 0.72927 0.72864 0.72390 0.72308 0.72599 0.72495 0.72018 0.71957 0.72249 0.72156 0.71679 0.71609 0.71856 0.71832 0.71719 0.71393 0.71284 0.71307 0.71521 0.71333 0.70923 0.70988 0.71243 0.70988 0.70655 0.70851 0.70984 0.70564 0.70399 0.70753 0.70749 0.70284 0.70166 0.70498 0.70519 0.70220 0.70025 0.69997 0.70174 0.70284 0.70066 0.69716 0.69774 0.70056 0.70059 0.69764 0.69540 0.69657 0.69889 0.69846 0.69457 0.69346 0.69702 0.69796 0.69344 0.69289 0.69660 0.69597 0.69160 0.69254 0.69596 0.69508 0.69192 0.69145 0.69415 0.69494 0.69225 0.69035 0.69299 0.69464 0.69217 0.68967 0.69187 0.69442 0.69326 0.68940 0.68981 0.69428 0.69458 0.68993 0.68928 0.69403 0.69413 0.68982 0.69089 0.69430 0.69252 0.69018 0.69302 0.69490 0.69170 0.69046 0.69373 0.69547 0.69292 0.69103 0.69294 0.69579 0.69536 0.69169 0.69265 0.69669 0.69712 0.69215 0.69380 0.69775 0.69513 0.69394 0.69724 0.69794 0.69586 0.69641 0.69794 0.69694 0.69786 0.70029 0.69823 0.69648 0.70008 0.70199 0.69898 0.69810 0.70214 0.70315 0.70001 0.69980 0.70361 0.70467 0.70073 0.70181 0.70510 0.70446 0.70467 0.70656 0.70505 0.70393 0.70698 0.70957 0.70675 0.70665 0.70908 0.70987 0.70829 0.71007 0.71170 0.71015 0.70970 0.71252 0.71396 0.71156 0.71189 0.71509 0.71531 0.71330 0.71505 0.71735 0.71589 0.71548 0.71872 0.70311 0.66854 0.63688 0.60714 0.57529 0.54216 0.50920 0.47763 0.44661 0.41411 0.37756 0.33883 0.29888 0.25823 0.21960 0.18019 0.13965 0.09965 0.06015 0.02008 0.02000 0.05999 0.10057 0.14099 0.18052 0.22074 0.26211 0.30278 0.34194 0.38289 0.38445 0.34354 0.30244 0.26320 0.22338 0.18211 0.14150 0.10163 0.06111 0.02027 0.00000 0.00000 0.00000 0.00000 0.00000 0.00000 0.00000 0.00000 0.00000 0.00000 0.00000 0.00000 0.00000 0.00000 0.00000 0.00000 0.00000 0.00000 0.00000 0.00000 0.00000 0.00000 0.00000 0.00000 0.00000
0.00000 0.00000 0.00000 0.00000 0.00000 0.00000 0.00000 0.00000 0.00000 0.00000 0.00000 0.00000 0.00000 0.00000 0.00000 0.00000 0.00000 0.00000 0.00000 0.00000 0.00000 0.00000 0.00000 0.00000 0.00000 0.00000 0.00000 0.00000 0.00000 0.00000 0.00000 0.00000 0.00000 0.00000 0.00000 0.01686 0.05057 0.08391 0.11730 0.15107 0.18423 0.21688 0.25005 0.28360 0.31633 0.35209 0.39238 0.43317 0.47272 0.51121 0.55151 0.59240 0.63085 0.66869 0.70945 0.72961 0.72701 0.72581 0.72655 0.72526 0.72289 0.72275 0.72339 0.72164 0.71921 0.71876 0.72006 0.71873 0.71569 0.71617 0.71768 0.71495 0.71198 0.71413 0.71508 0.71175 0.70926 0.71103 0.71228 0.70938 0.70640 0.70842 0.70982 0.70666 0.70437 0.70608 0.70719 0.70445 0.70206 0.70331 0.70541 0.70349 0.69943 0.69942 0.70244 0.70314 0.69991 0.69760 0.69803 0.70063 0.70075 0.69667 0.69521 0.69902 0.69934 0.69460 0.69492 0.69830 0.69611 0.69299 0.69678 0.69683 0.69258 0.69416 0.69666 0.69336 0.69144 0.69573 0.69558 0.69095 0.69123 0.69569 0.69440 0.68998 0.69119 0.69533 0.69399 0.68944 0.69102 0.69490 0.69307 0.68983 0.69339 0.69311 0.68995 0.69226 0.69439 0.69086 0.69032 0.69445 0.69408 0.68973 0.69080 0.69523 0.69432 0.69030 0.69135 0.69534 0.69458 0.69098 0.69210 0.69621 0.69513 0.69138 0.69262 0.69664 0.69588 0.69300 0.69437 0.69615 0.69496 0.69716 0.69764 0.69354 0.69419 0.69888 0.69946 0.69480 0.69545 0.70042 0.70005 0.69620 0.69863 0.70117 0.69882 0.69839 0.70145 0.70202 0.69988 0.70044 0.70277 0.70312 0.70194 0.70206 0.70352 0.70533 0.70461 0.70415 0.70397 0.70581 0.70741 0.70684 0.70542 0.70671 0.70872 0.70856 0.70878 0.70910 0.70927 0.70969 0.71153 0.71202 0.71073 0.71096 0.71350 0.71437 0.71246 0.71321 0.71596 0.71561 0.71426 0.71649 0.71812 0.71609 0.71630 0.70016 0.66069 0.61840 0.58004 0.54360 0.50392 0.46354 0.42325 0.38387 0.34598 0.31001 0.27656 0.24413 0.21236 0.17963 0.14705 0.11463 0.08180 0.04903 0.01642 0.01644 0.04916 0.08193 0.11538 0.14849 0.18055 0.21360 0.24799 0.28137 0.31285 0.31318 0.28190 0.24880 0.21476 0.18198 0.14962 0.11634 0.08290 0.04979 0.01664 0.00000 0.00000 0.00000 0.00000 0.00000 0.00000 0.00000 0.00000 0.00000 0.00000 0.00000 0.00000 0.00000 0.00000 0.00000 0.00000 0.00000 0.00000 0.00000 0.00000 0.00000 0.00000 0.00000 0.00000 0.00000
0.00000 0.00000 0.00000 0.00000 0.00000 0.00000 0.00000 0.00000 0.00000 0.00000 0.00000 0.00000 0.00000 0.00000 0.00000 0.00000 0.00000 0.00000 0.00000 0.00000 0.00000 0.00000 0.00000 0.00000 0.00000 0.00000 0.00000 0.00000 0.00000 0.00000 0.00000 0.00000 0.00000 0.00000 0.00000 0.01311 0.03918 0.06524 0.09148 0.11744 0.14290 0.16856 0.19491 0.22069 0.24535 0.28176 0.33041 0.37813 0.42390 0.47057 0.51928 0.56696 0.61158 0.65722 0.70650 0.73031 0.72565 0.72441 0.72756 0.72669 0.72177 0.72109 0.72409 0.72300 0.71824 0.71782 0.72038 0.71952 0.71652 0.71504 0.71427 0.71559 0.71647 0.71373 0.71072 0.71140 0.71369 0.71149 0.70787 0.70895 0.71096 0.70814 0.70529 0.70745 0.70852 0.70500 0.70287 0.70543 0.70637 0.70322 0.70064 0.70211 0.70373 0.70314 0.70130 0.69822 0.69909 0.70214 0.70131 0.69732 0.69642 0.69878 0.70010 0.69818 0.69508 0.69523 0.69795 0.69847 0.69490 0.69330 0.69636 0.69630 0.69322 0.69415 0.69652 0.69483 0.69240 0.69289 0.69486 0.69494 0.69281 0.69130 0.69341 0.69509 0.69272 0.69023 0.69265 0.69449 0.69289 0.69039 0.69121 0.69417 0.69457 0.69190 0.68989 0.69332 0.69513 0.69086 0.69035 0.69431 0.69382 0.69045 0.69257 0.69473 0.69221 0.69110 0.69433 0.69528 0.69222 0.69150 0.69440 0.69579 0.69406 0.69227 0.69340 0.69633 0.69681 0.69271 0.69315 0.69811 0.69726 0.69379 0.69638 0.69816 0.69593 0.69634 0.69838 0.69751 0.69713 0.69917 0.69888 0.69680 0.69950 0.70195 0.69922 0.69776 0.70179 0.70322 0.70005 0.69946 0.70386 0.70460 0.70056 0.70133 0.70585 0.70548 0.70273 0.70440 0.70645 0.70503 0.70643 0.70840 0.70655 0.70592 0.70883 0.71025 0.70792 0.70905 0.71139 0.71011 0.70916 0.71232 0.71379 0.71104 0.71124 0.71486 0.71560 0.71264 0.71407 0.71743 0.71628 0.71479 0.71763 0.71914 0.71693 0.69394 0.65023 0.60375 0.55571 0.50889 0.46220 0.41757 0.37125 0.32296 0.27625 0.24099 0.21560 0.19022 0.16549 0.13975 0.11416 0.08917 0.06386 0.03819 0.01272 0.01279 0.03843 0.06379 0.08933 0.11549 0.14126 0.16624 0.19220 0.21875 0.24429 0.24368 0.21884 0.19366 0.16736 0.14149 0.11633 0.09066 0.06448 0.03871 0.01297 0.00000 0.00000 0.00000 0.00000 0.00000 0.00000 0.00000 0.00000 0.00000 0.00000 0.00000 0.00000 0.00000 0.00000 0.00000 0.00000 0.00000 0.00000 0.00000 0.00000 0.00000 0.00000 0.00000 0.00000 0.00000
0.00000 0.00000 0.00000 0.00000 0.00000 0.00000 0.00000 0.00000 0.00000 0.00000 0.00000 0.00000 0.00000 0.00000 0.00000 0.00000 0.00000 0.00000 0.00000 0.00000 0.00000 0.00000 0.00000 0.00000 0.00000 0.00000 0.00000 0.00000 0.00000 0.00000 0.00000 0.00000 0.00000 0.00000 0.00000 0.00935 0.02797 0.04672 0.06533 0.08359 0.10203 0.12082 0.13916 0.15698 0.17529 0.21257 0.26752 0.32127 0.37619 0.43218 0.48615 0.53843 0.59334 0.64936 0.70216 0.72658 0.72722 0.72706 0.72510 0.72465 0.72456 0.72281 0.72092 0.72091 0.72167 0.72017 0.71708 0.71608 0.71894 0.71816 0.71346 0.71422 0.71661 0.71327 0.71053 0.71290 0.71353 0.70973 0.70780 0.71063 0.71109 0.70676 0.70513 0.70844 0.70880 0.70422 0.70278 0.70608 0.70657 0.70246 0.70057 0.70252 0.70409 0.70369 0.69972 0.69889 0.70028 0.70161 0.70071 0.69775 0.69644 0.69955 0.70044 0.69601 0.69479 0.69908 0.69856 0.69371 0.69532 0.69801 0.69359 0.69266 0.69761 0.69592 0.69184 0.69639 0.69684 0.69149 0.69118 0.69610 0.69552 0.69062 0.69147 0.69585 0.69455 0.69006 0.69123 0.69563 0.69477 0.68993 0.69083 0.69463 0.69128 0.69151 0.69512 0.69234 0.68993 0.69400 0.69513 0.69052 0.69077 0.69544 0.69501 0.69045 0.69111 0.69555 0.69538 0.69143 0.69202 0.69590 0.69549 0.69175 0.69271 0.69683 0.69646 0.69235 0.69321 0.69728 0.69696 0.69537 0.69709 0.69503 0.69457 0.69900 0.69944 0.69489 0.69529 0.70032 0.70012 0.69607 0.69768 0.70146 0.69997 0.69799 0.70040 0.70205 0.70045 0.70044 0.70224 0.70274 0.70201 0.70277 0.70333 0.70367 0.70431 0.70508 0.70360 0.70510 0.70737 0.70675 0.70442 0.70647 0.70953 0.70838 0.70694 0.70870 0.71031 0.70972 0.71027 0.71156 0.71080 0.71080 0.71326 0.71423 0.71209 0.71246 0.71581 0.71597 0.71364 0.71537 0.71817 0.71666 0.71582 0.71884 0.71987 0.69063 0.63732 0.58670 0.53251 0.47682 0.42295 0.36971 0.31690 0.26265 0.20762 0.17146 0.15435 0.13638 0.11777 0.09988 0.08188 0.06360 0.04548 0.02737 0.00912 0.00910 0.02741 0.04580 0.06392 0.08211 0.10094 0.11947 0.13721 0.15561 0.17492 0.17499 0.15593 0.13781 0.12005 0.10151 0.08278 0.06453 0.04630 0.02774 0.00923 0.00000 0.00000 0.00000 0.00000 0.00000 0.00000 0.00000 0.00000 0.00000 0.00000 0.00000 0.00000 0.00000 0.00000 0.00000 0.00000 0.00000 0.00000 0.00000 0.00000 0.00000 0.00000 0.00000 0.00000 0.00000
0.00000 0.00000 0.00000 0.00000 0.00000 0.00000 0.00000 0.00000 0.00000 0.00000 0.00000 0.00000 0.00000 0.00000 0.00000 0.00000 0.00000 0.00000 0.00000 0.00000 0.00000 0.00000 0.00000 0.00000 0.00000 0.00000 0.00000 0.00000 0.00000 0.00000 0.00000 0.00000 0.00000 0.00000 0.00000 0.00561 0.01685 0.02801 0.03907 0.05015 0.06138 0.07246 0.08325 0.09417 0.10540 0.14232 0.20429 0.26623 0.32895 0.39155 0.45247 0.51300 0.57543 0.63836 0.69755 0.72611 0.72853 0.72830 0.72352 0.72242 0.72572 0.72476 0.71981 0.71927 0.72224 0.72098 0.71680 0.71650 0.71788 0.71710 0.71623 0.71457 0.71232 0.71288 0.71497 0.71291 0.70955 0.70965 0.71181 0.71037 0.70717 0.70742 0.70894 0.70749 0.70497 0.70550 0.70655 0.70508 0.70254 0.70301 0.70432 0.70384 0.70212 0.69966 0.69955 0.70315 0.70258 0.69754 0.69727 0.70085 0.70130 0.69775 0.69562 0.69748 0.69950 0.69789 0.69559 0.69534 0.69638 0.69627 0.69622 0.69665 0.69524 0.69415 0.69448 0.69502 0.69550 0.69437 0.69358 0.69280 0.69404 0.69518 0.69323 0.69109 0.69344 0.69512 0.69280 0.69112 0.69285 0.69372 0.69364 0.69396 0.69075 0.69104 0.69578 0.69363 0.69030 0.69354 0.69504 0.69109 0.69192 0.69478 0.69337 0.69162 0.69420 0.69507 0.69234 0.69214 0.69540 0.69586 0.69300 0.69251 0.69496 0.69645 0.69540 0.69358 0.69391 0.69710 0.69805 0.69442 0.69400 0.69829 0.69757 0.69678 0.69857 0.69756 0.69666 0.69903 0.69963 0.69744 0.69879 0.70137 0.69968 0.69801 0.70145 0.70296 0.70017 0.69957 0.70375 0.70449 0.70088 0.70113 0.70582 0.70575 0.70200 0.70309 0.70773 0.70638 0.70548 0.70694 0.70705 0.70607 0.70838 0.71016 0.70789 0.70761 0.71091 0.71108 0.70897 0.71124 0.71351 0.71123 0.71072 0.71464 0.71582 0.71225 0.71322 0.71722 0.71695 0.71421 0.71639 0.71945 0.71738 0.71665 0.71962 0.68985 0.62723 0.56644 0.50646 0.44622 0.38518 0.32274 0.26145 0.20116 0.13964 0.10310 0.09240 0.08174 0.07074 0.05994 0.04922 0.03821 0.02724 0.01642 0.00549 0.00547 0.01640 0.02748 0.03851 0.04932 0.06037 0.07168 0.08262 0.09338 0.10477 0.10508 0.09374 0.08266 0.07199 0.06101 0.04973 0.03871 0.02778 0.01667 0.00554 0.00000 0.00000 0.00000 0.00000 0.00000 0.00000 0.00000 0.00000 0.00000 0.00000 0.00000 0.00000 0.00000 0.00000 0.00000 0.00000 0.00000 0.00000 0.00000 0.00000 0.00000 0.00000 0.00000 0.00000 0.00000
0.00000 0.00000 0.00000 0.00000 0.00000 0.00000 0.00000 0.00000 0.00000 0.00000 0.00000 0.00000 0.00000 0.00000 0.00000 0.00000 0.00000 0.00000 0.00000 0.00000 0.00000 0.00000 0.00000 0.00000 0.00000 0.00000 0.00000 0.00000 0.00000 0.00000 0.00000 0.00000 0.00000 0.00000 0.00000 0.00187 0.00561 0.00931 0.01301 0.01677 0.02046 0.02406 0.02773 0.03151 0.03515 0.07175 0.14158 0.21202 0.28150 0.34942 0.41872 0.48954 0.55808 0.62415 0.69329 0.72909 0.72763 0.72659 0.72520 0.72383 0.72313 0.72347 0.72281 0.72067 0.71885 0.71884 0.72026 0.71895 0.71495 0.71430 0.71777 0.71615 0.71183 0.71424 0.71482 0.71059 0.70931 0.71252 0.71199 0.70735 0.70670 0.71028 0.70975 0.70471 0.70411 0.70803 0.70754 0.70240 0.70188 0.70594 0.70525 0.70041 0.70035 0.70214 0.70220 0.70147 0.70057 0.69952 0.69824 0.69975 0.70096 0.69797 0.69557 0.69882 0.69991 0.69525 0.69416 0.69901 0.69818 0.69353 0.69670 0.69730 0.69334 0.69633 0.69727 0.69202 0.69172 0.69654 0.69686 0.69113 0.69142 0.69636 0.69552 0.69071 0.69175 0.69604 0.69508 0.69066 0.69063 0.69599 0.69499 0.69111 0.69260 0.69348 0.69128 0.69374 0.69509 0.69164 0.69106 0.69541 0.69534 0.69078 0.69110 0.69612 0.69639 0.69158 0.69189 0.69592 0.69609 0.69243 0.69303 0.69668 0.69645 0.69258 0.69332 0.69778 0.69789 0.69373 0.69458 0.69818 0.69682 0.69767 0.69885 0.69490 0.69549 0.70037 0.70003 0.69632 0.69747 0.70165 0.70047 0.69771 0.69982 0.70225 0.70094 0.70027 0.70176 0.70262 0.70225 0.70295 0.70320 0.70304 0.70404 0.70557 0.70417 0.70384 0.70657 0.70715 0.70386 0.70587 0.70999 0.70839 0.70623 0.70825 0.71119 0.70981 0.70888 0.71092 0.71152 0.71091 0.71230 0.71390 0.71228 0.71206 0.71547 0.71603 0.71358 0.71431 0.71771 0.71742 0.71574 0.71753 0.71991 0.71820 0.71813 0.68633 0.61843 0.54900 0.48052 0.41346 0.34570 0.27678 0.20746 0.13902 0.07082 0.03451 0.03076 0.02719 0.02367 0.02001 0.01634 0.01276 0.00913 0.00546 0.00182 0.00183 0.00549 0.00912 0.01282 0.01653 0.02015 0.02379 0.02759 0.03129 0.03486 0.03491 0.03137 0.02766 0.02391 0.02028 0.01667 0.01294 0.00922 0.00555 0.00186 0.00000 0.00000 0.00000 0.00000 0.00000 0.00000 0.00000 0.00000 0.00000 0.00000 0.00000 0.00000 0.00000 0.00000 0.00000 0.00000 0.00000 0.00000 0.00000 0.00000 0.00000 0.00000 0.00000 0.00000 0.00000
0.00000 0.00000 0.00000 0.00000 0.00000 0.00000 0.00000 0.00000 0.00000 0.00000 0.00000 0.00000 0.00000 0.00000 0.00000 0.00000 0.00000 0.00000 0.00000 0.00000 0.00000 0.00000 0.00000 0.00000 0.00000 0.00000 0.00000 0.00000 0.00000 0.00000 0.00000 0.00000 0.00000 0.00000 0.00000 0.00000 0.00000 0.00000 0.00000 0.00000 0.00000 0.00000 0.00000 0.00000 0.00000 0.03681 0.11045 0.18421 0.25730 0.32954 0.40234 0.47637 0.54880 0.61897 0.69073 0.72955 0.72696 0.72407 0.72685 0.72644 0.72196 0.72056 0.72368 0.72279 0.71794 0.71775 0.72051 0.71877 0.71528 0.71571 0.71585 0.71445 0.71477 0.71420 0.71167 0.71055 0.71253 0.71224 0.70920 0.70777 0.70939 0.70977 0.70721 0.70560 0.70657 0.70718 0.70515 0.70355 0.70418 0.70513 0.70352 0.70092 0.70061 0.70398 0.70393 0.69836 0.69816 0.70241 0.70229 0.69766 0.69648 0.69955 0.70091 0.69759 0.69555 0.69745 0.69740 0.69599 0.69745 0.69797 0.69413 0.69318 0.69730 0.69724 0.69371 0.69350 0.69515 0.69503 0.69430 0.69467 0.69400 0.69248 0.69402 0.69557 0.69320 0.69136 0.69418 0.69503 0.69259 0.69293 0.69310 0.69153 0.69553 0.69566 0.69079 0.69175 0.69569 0.69396 0.69176 0.69464 0.69461 0.69223 0.69371 0.69487 0.69311 0.69334 0.69566 0.69571 0.69277 0.69287 0.69638 0.69698 0.69405 0.69340 0.69571 0.69687 0.69660 0.69636 0.69480 0.69684 0.69867 0.69819 0.69780 0.69691 0.69621 0.69954 0.70044 0.69745 0.69788 0.70128 0.70049 0.69820 0.70102 0.70291 0.70034 0.69960 0.70370 0.70430 0.70096 0.70124 0.70587 0.70577 0.70214 0.70276 0.70751 0.70712 0.70467 0.70447 0.70766 0.70779 0.70782 0.70926 0.70812 0.70708 0.71040 0.71204 0.70911 0.70919 0.71297 0.71226 0.71036 0.71358 0.71573 0.71276 0.71265 0.71710 0.71757 0.71379 0.71519 0.71846 0.71826 0.71667 0.71842 0.72003 0.71917 0.68552 0.61826 0.55024 0.48161 0.41300 0.34475 0.27716 0.20840 0.13917 0.07058 0.03453 0.03087 0.02720 0.02365 0.02004 0.01635 0.01274 0.00914 0.00548 0.00182 0.00000 0.00000 0.00000 0.00000 0.00000 0.00000 0.00000 0.00000 0.00000 0.00000 0.00000 0.00000 0.00000 0.00000 0.00000 0.00000 0.00000 0.00000 0.00000 0.00000 0.00000 0.00000 0.00000 0.00000 0.00000 0.00000 0.00000 0.00000 0.00000 0.00000 0.00000 0.00000 0.00000 0.00000 0.00000 0.00000 0.00000 0.00000 0.00000 0.00000 0.00000 0.00000 0.00000 0.00000 0.00000
0.00000 0.00000 0.00000 0.00000 0.00000 0.00000 0.00000 0.00000 0.00000 0.00000 0.00000 0.00000 0.00000 0.00000 0.00000 0.00000 0.00000 0.00000 0.00000 0.00000 0.00000 0.00000 0.00000 0.00000 0.00000 0.00000 0.00000 0.00000 0.00000 0.00000 0.00000 0.00000 0.00000 0.00000 0.00000 0.00000 0.00000 0.00000 0.00000 0.00000 0.00000 0.00000 0.00000 0.00000 0.00000 0.03696 0.11066 0.18341 0.25653 0.33070 0.40367 0.47463 0.54674 0.62055 0.69347 0.72798 0.72581 0.72439 0.72562 0.72607 0.72352 0.72117 0.72101 0.72178 0.72135 0.71888 0.71669 0.71703 0.71900 0.71674 0.71314 0.71476 0.71614 0.71165 0.71074 0.71423 0.71292 0.70844 0.70854 0.71169 0.71029 0.70582 0.70599 0.70932 0.70825 0.70351 0.70343 0.70713 0.70622 0.70149 0.70144 0.70492 0.70368 0.70051 0.70077 0.70190 0.70019 0.69955 0.70117 0.70023 0.69695 0.69787 0.70074 0.69842 0.69507 0.69863 0.69941 0.69460 0.69483 0.69770 0.69636 0.69571 0.69669 0.69446 0.69331 0.69704 0.69728 0.69164 0.69174 0.69706 0.69693 0.69118 0.69196 0.69659 0.69557 0.69119 0.69187 0.69624 0.69578 0.69172 0.69090 0.69358 0.69436 0.69433 0.69375 0.69236 0.69239 0.69556 0.69484 0.69159 0.69248 0.69652 0.69623 0.69155 0.69206 0.69654 0.69714 0.69282 0.69299 0.69653 0.69661 0.69339 0.69400 0.69771 0.69769 0.69355 0.69381 0.69900 0.69943 0.69483 0.69747 0.69899 0.69685 0.69865 0.69944 0.69728 0.69792 0.70162 0.70032 0.69776 0.69981 0.70250 0.70111 0.70007 0.70161 0.70261 0.70238 0.70298 0.70306 0.70267 0.70401 0.70582 0.70454 0.70337 0.70578 0.70768 0.70562 0.70521 0.70900 0.70864 0.70650 0.70779 0.71105 0.70995 0.70863 0.71032 0.71221 0.71115 0.71127 0.71332 0.71269 0.71208 0.71444 0.71580 0.71438 0.71359 0.71673 0.71784 0.71628 0.71628 0.71819 0.71911 0.71976 0.71925 0.71882 0.68985 0.62897 0.56814 0.50790 0.44650 0.38413 0.32330 0.26324 0.20148 0.13923 0.10324 0.09288 0.08191 0.07074 0.06004 0.04931 0.03826 0.02730 0.01647 0.00549 0.00000 0.00000 0.00000 0.00000 0.00000 0.00000 0.00000 0.00000 0.00000 0.00000 0.00000 0.00000 0.00000 0.00000 0.00000 0.00000 0.00000 0.00000 0.00000 0.00000 0.00000 0.00000 0.00000 0.00000 0.00000 0.00000 0.00000 0.00000 0.00000 0.00000 0.00000 0.00000 0.00000 0.00000 0.00000 0.00000 0.00000 0.00000 0.00000 0.00000 0.00000 0.00000 0.00000 0.00000 0.00000
0.00000 0.00000 0.00000 0.00000 0.00000 0.00000 0.00000 0.00000 0.00000 0.00000 0.00000 0.00000 0.00000 0.00000 0.00000 0.00000 0.00000 0.00000 0.00000 0.00000 0.00000 0.00000 0.00000 0.00000 0.00000 0.00000 0.00000 0.00000 0.00000 0.00000 0.00000 0.00000 0.00000 0.00000 0.00000 0.00000 0.00000 0.00000 0.00000 0.00000 0.00000 0.00000 0.00000 0.00000 0.00000 0.03693 0.11060 0.18351 0.25652 0.33048 0.40367 0.47466 0.54631 0.62109 0.69376 0.72611 0.72571 0.72773 0.72484 0.72207 0.72444 0.72459 0.72010 0.71889 0.72187 0.72073 0.71620 0.71666 0.71917 0.71632 0.71330 0.71526 0.71551 0.71193 0.71229 0.71369 0.71137 0.70853 0.71003 0.71160 0.70914 0.70609 0.70704 0.70909 0.70729 0.70407 0.70445 0.70673 0.70532 0.70194 0.70217 0.70496 0.70409 0.69947 0.69966 0.70357 0.70286 0.69804 0.69794 0.70130 0.70110 0.69770 0.69656 0.69901 0.69854 0.69663 0.69843 0.69838 0.69441 0.69407 0.69864 0.69851 0.69306 0.69314 0.69691 0.69717 0.69382 0.69369 0.69529 0.69469 0.69422 0.69545 0.69411 0.69220 0.69460 0.69623 0.69293 0.69201 0.69550 0.69473 0.69204 0.69533 0.69247 0.69141 0.69562 0.69612 0.69190 0.69256 0.69543 0.69436 0.69347 0.69475 0.69417 0.69550 0.69553 0.69462 0.69316 0.69410 0.69705 0.69708 0.69342 0.69341 0.69742 0.69806 0.69514 0.69508 0.69693 0.69609 0.69706 0.69922 0.69765 0.69606 0.69657 0.70035 0.70052 0.69712 0.69687 0.70157 0.70154 0.69819 0.70034 0.70310 0.70084 0.69953 0.70362 0.70434 0.70084 0.70134 0.70582 0.70571 0.70226 0.70305 0.70717 0.70731 0.70439 0.70385 0.70784 0.70949 0.70736 0.70669 0.70835 0.70878 0.70995 0.71131 0.70945 0.70818 0.71244 0.71379 0.71035 0.71154 0.71521 0.71359 0.71235 0.71572 0.71779 0.71491 0.71433 0.71762 0.71897 0.71771 0.71710 0.71829 0.71995 0.72113 0.72008 0.69251 0.64029 0.58698 0.53267 0.47909 0.42540 0.37068 0.31669 0.26349 0.20883 0.17207 0.15440 0.13671 0.11823 0.09995 0.08219 0.06395 0.04549 0.02737 0.00916 0.00000 0.00000 0.00000 0.00000 0.00000 0.00000 0.00000 0.00000 0.00000 0.00000 0.00000 0.00000 0.00000 0.00000 0.00000 0.00000 0.00000 0.00000 0.00000 0.00000 0.00000 0.00000 0.00000 0.00000 0.00000 0.00000 0.00000 0.00000 0.00000 0.00000 0.00000 0.00000 0.00000 0.00000 0.00000 0.00000 0.00000 0.00000 0.00000 0.00000 0.00000 0.00000 0.00000 0.00000 0.00000
0.00000 0.00000 0.00000 0.00000 0.00000 0.00000 0.00000 0.00000 0.00000 0.00000 0.00000 0.00000 0.00000 0.00000 0.00000 0.00000 0.00000 0.00000 0.00000 0.00000 0.00000 0.00000 0.00000 0.00000 0.00000 0.00000 0.00000 0.00000 0.00000 0.00000 0.00000 0.00000 0.00000 0.00000 0.00000 0.00000 0.00000 0.00000 0.00000 0.00000 0.00000 0.00000 0.00000 0.00000 0.00000 0.03678 0.11022 0.18409 0.25748 0.32955 0.40181 0.47549 0.54893 0.62021 0.69057 0.72622 0.72788 0.72785 0.72419 0.72208 0.72340 0.72421 0.72215 0.71932 0.71878 0.72006 0.72010 0.71699 0.71467 0.71643 0.71759 0.71361 0.71191 0.71562 0.71419 0.70991 0.71020 0.71299 0.71085 0.70715 0.70813 0.71041 0.70863 0.70500 0.70536 0.70797 0.70697 0.70296 0.70281 0.70596 0.70493 0.70110 0.70135 0.70390 0.70203 0.69955 0.70130 0.70225 0.69865 0.69771 0.70128 0.70100 0.69624 0.69590 0.70033 0.69919 0.69518 0.69706 0.69850 0.69667 0.69589 0.69575 0.69553 0.69718 0.69687 0.69317 0.69314 0.69755 0.69752 0.69193 0.69192 0.69730 0.69687 0.69151 0.69285 0.69668 0.69551 0.69214 0.69244 0.69534 0.69609 0.69599 0.69350 0.69179 0.69413 0.69613 0.69393 0.69214 0.69522 0.69693 0.69338 0.69199 0.69386 0.69716 0.69692 0.69286 0.69306 0.69687 0.69733 0.69423 0.69437 0.69728 0.69717 0.69452 0.69410 0.69872 0.69946 0.69484 0.69628 0.69973 0.69852 0.69650 0.69859 0.69903 0.69894 0.70058 0.69980 0.69840 0.70042 0.70280 0.70080 0.69983 0.70194 0.70279 0.70221 0.70291 0.70315 0.70236 0.70405 0.70593 0.70451 0.70324 0.70560 0.70805 0.70652 0.70494 0.70701 0.70901 0.70840 0.70738 0.70943 0.71010 0.70955 0.70986 0.71147 0.71139 0.71110 0.71268 0.71267 0.71225 0.71388 0.71554 0.71451 0.71340 0.71531 0.71774 0.71808 0.71543 0.71685 0.71984 0.71991 0.71801 0.71815 0.72121 0.72237 0.69712 0.65084 0.60562 0.55780 0.51106 0.46612 0.41906 0.37042 0.32408 0.27863 0.24211 0.21579 0.19076 0.16616 0.14050 0.11457 0.08945 0.06410 0.03830 0.01277 0.00000 0.00000 0.00000 0.00000 0.00000 0.00000 0.00000 0.00000 0.00000 0.00000 0.00000 0.00000 0.00000 0.00000 0.00000 0.00000 0.00000 0.00000 0.00000 0.00000 0.00000 0.00000 0.00000 0.00000 0.00000 0.00000 0.00000 0.00000 0.00000 0.00000 0.00000 0.00000 0.00000 0.00000 0.00000 0.00000 0.00000 0.00000 0.00000 0.00000 0.00000 0.00000 0.00000 0.00000 0.00000
0.00000 0.00000 0.00000 0.00000 0.00000 0.00000 0.00000 0.00000 0.00000 0.00000 0.00000 0.00000 0.00000 0.00000 0.00000 0.00000 0.00000 0.00000 0.00000 0.00000 0.00000 0.00000 0.00000 0.00000 0.00000 0.00000 0.00000 0.00000 0.00000 0.00000 0.00000 0.00000 0.00000 0.00000 0.00000 0.00000 0.00000 0.00000 0.00000 0.00000 0.00000 0.00000 0.00000 0.00000 0.00000 0.03678 0.11017 0.18407 0.25755 0.32936 0.40156 0.47594 0.54904 0.61883 0.69029 0.72896 0.72759 0.72391 0.72485 0.72609 0.72251 0.72023 0.72273 0.72268 0.71823 0.71753 0.72023 0.71852 0.71472 0.71593 0.71761 0.71389 0.71219 0.71472 0.71375 0.70985 0.71066 0.71294 0.71076 0.70715 0.70801 0.71064 0.70903 0.70486 0.70505 0.70832 0.70711 0.70289 0.70296 0.70614 0.70502 0.70072 0.70127 0.70456 0.70318 0.69877 0.69975 0.70277 0.70117 0.69798 0.69888 0.70052 0.69867 0.69725 0.69893 0.69923 0.69544 0.69538 0.69983 0.69917 0.69386 0.69376 0.69844 0.69844 0.69356 0.69327 0.69685 0.69709 0.69410 0.69414 0.69546 0.69420 0.69442 0.69663 0.69423 0.69211 0.69531 0.69707 0.69281 0.69219 0.69612 0.69380 0.69498 0.69655 0.69216 0.69188 0.69579 0.69618 0.69366 0.69367 0.69494 0.69608 0.69546 0.69222 0.69393 0.69676 0.69726 0.69656 0.69351 0.69419 0.69834 0.69839 0.69432 0.69479 0.69861 0.69801 0.69607 0.69881 0.69867 0.69587 0.69695 0.70100 0.70051 0.69676 0.69650 0.70194 0.70218 0.69800 0.69936 0.70340 0.70176 0.69955 0.70339 0.70451 0.70092 0.70130 0.70559 0.70576 0.70196 0.70319 0.70679 0.70715 0.70442 0.70446 0.70764 0.70937 0.70717 0.70562 0.70842 0.71116 0.70968 0.70964 0.70969 0.70966 0.71192 0.71364 0.71076 0.70989 0.71467 0.71492 0.71198 0.71430 0.71763 0.71559 0.71417 0.71633 0.71921 0.71839 0.71605 0.71762 0.72069 0.72093 0.71894 0.71864 0.72210 0.70370 0.66203 0.62191 0.58459 0.54532 0.50476 0.46581 0.42664 0.38590 0.34663 0.31154 0.27856 0.24514 0.21319 0.18098 0.14760 0.11478 0.08246 0.04948 0.01645 0.00000 0.00000 0.00000 0.00000 0.00000 0.00000 0.00000 0.00000 0.00000 0.00000 0.00000 0.00000 0.00000 0.00000 0.00000 0.00000 0.00000 0.00000 0.00000 0.00000 0.00000 0.00000 0.00000 0.00000 0.00000 0.00000 0.00000 0.00000 0.00000 0.00000 0.00000 0.00000 0.00000 0.00000 0.00000 0.00000 0.00000 0.00000 0.00000 0.00000 0.00000 0.00000 0.00000 0.00000 0.00000
0.00000 0.00000 0.00000 0.00000 0.00000 0.00000 0.00000 0.00000 0.00000 0.00000 0.00000 0.00000 0.00000 0.00000 0.00000 0.00000 0.00000 0.00000 0.00000 0.00000 0.00000 0.00000 0.00000 0.00000 0.00000 0.00000 0.00000 0.00000 0.00000 0.00000 0.00000 0.00000 0.00000 0.00000 0.00000 0.00000 0.00000 0.00000 0.00000 0.00000 0.00000 0.00000 0.00000 0.00000 0.00000 0.03689 0.11056 0.18362 0.25635 0.32986 0.40344 0.47544 0.54637 0.61891 0.69324 0.72898 0.72533 0.72362 0.72556 0.72606 0.72296 0.72037 0.72106 0.72232 0.72097 0.71770 0.71660 0.71860 0.71885 0.71501 0.71302 0.71606 0.71592 0.71170 0.71110 0.71403 0.71206 0.70858 0.71009 0.71155 0.70895 0.70643 0.70755 0.70882 0.70743 0.70470 0.70450 0.70661 0.70596 0.70248 0.70226 0.70517 0.70370 0.70026 0.70146 0.70382 0.70058 0.69826 0.70156 0.70244 0.69770 0.69672 0.70106 0.70077 0.69613 0.69643 0.69971 0.69840 0.69576 0.69646 0.69749 0.69747 0.69644 0.69468 0.69523 0.69777 0.69705 0.69302 0.69318 0.69779 0.69762 0.69235 0.69329 0.69755 0.69584 0.69197 0.69437 0.69690 0.69455 0.69388 0.69549 0.69394 0.69260 0.69657 0.69554 0.69258 0.69532 0.69734 0.69362 0.69242 0.69658 0.69773 0.69310 0.69306 0.69553 0.69745 0.69686 0.69465 0.69457 0.69713 0.69760 0.69586 0.69501 0.69807 0.69873 0.69591 0.69625 0.69954 0.69933 0.69666 0.69794 0.70023 0.70010 0.69936 0.69916 0.69951 0.70144 0.70269 0.70019 0.69972 0.70270 0.70314 0.70174 0.70271 0.70363 0.70250 0.70384 0.70592 0.70452 0.70278 0.70578 0.70800 0.70627 0.70482 0.70688 0.70918 0.70900 0.70717 0.70772 0.71021 0.71058 0.70959 0.71009 0.71156 0.71167 0.71212 0.71225 0.71253 0.71395 0.71519 0.71392 0.71332 0.71607 0.71756 0.71666 0.71529 0.71585 0.72003 0.72006 0.71708 0.71848 0.72187 0.72234 0.71962 0.72019 0.70730 0.67480 0.64052 0.60975 0.57866 0.54415 0.51218 0.48270 0.44949 0.41542 0.37936 0.34118 0.30132 0.26014 0.22031 0.18121 0.14099 0.10030 0.06039 0.02020 0.00000 0.00000 0.00000 0.00000 0.00000 0.00000 0.00000 0.00000 0.00000 0.00000 0.00000 0.00000 0.00000 0.00000 0.00000 0.00000 0.00000 0.00000 0.00000 0.00000 0.00000 0.00000 0.00000 0.00000 0.00000 0.00000 0.00000 0.00000 0.00000 0.00000 0.00000 0.00000 0.00000 0.00000 0.00000 0.00000 0.00000 0.00000 0.00000 0.00000 0.00000 0.00000 0.00000 0.00000 0.00000
0.00000 0.00000 0.00000 0.00000 0.00000 0.00000 0.00000 0.00000 0.00000 0.00000 0.00000 0.00000 0.00000 0.00000 0.00000 0.00000 0.00000 0.00000 0.00000 0.00000 0.00000 0.00000 0.00000 0.00000 0.00000 0.00000 0.00000 0.00000 0.00000 0.00000 0.00000 0.00000 0.00000 0.00000 0.00000 0.00000 0.00000 0.00000 0.00000 0.00000 0.00000 0.00000 0.00000 0.00000 0.00000 0.03691 0.11066 0.18332 0.25616 0.33035 0.40356 0.47422 0.54617 0.62097 0.69305 0.72563 0.72568 0.72754 0.72478 0.72183 0.72365 0.72439 0.72037 0.71862 0.72123 0.72072 0.71657 0.71645 0.71863 0.71638 0.71346 0.71516 0.71570 0.71190 0.71126 0.71395 0.71248 0.70851 0.70926 0.71187 0.71061 0.70612 0.70599 0.70972 0.70876 0.70387 0.70358 0.70749 0.70658 0.70197 0.70234 0.70554 0.70400 0.69986 0.70144 0.70404 0.70134 0.69844 0.70089 0.70204 0.69876 0.69771 0.70055 0.70033 0.69647 0.69647 0.70057 0.69972 0.69483 0.69463 0.69965 0.69940 0.69398 0.69381 0.69831 0.69851 0.69404 0.69332 0.69698 0.69721 0.69422 0.69470 0.69592 0.69335 0.69447 0.69762 0.69464 0.69237 0.69543 0.69704 0.69404 0.69418 0.69321 0.69300 0.69587 0.69730 0.69400 0.69287 0.69540 0.69675 0.69581 0.69398 0.69460 0.69714 0.69733 0.69602 0.69396 0.69507 0.69889 0.69845 0.69427 0.69506 0.69949 0.69918 0.69545 0.69835 0.69989 0.69640 0.69686 0.70084 0.70059 0.69675 0.69694 0.70228 0.70228 0.69809 0.69856 0.70362 0.70292 0.69957 0.70291 0.70477 0.70139 0.70141 0.70555 0.70598 0.70200 0.70306 0.70669 0.70698 0.70438 0.70489 0.70742 0.70892 0.70715 0.70558 0.70833 0.71136 0.70963 0.70814 0.70969 0.71128 0.71166 0.71226 0.71116 0.71087 0.71410 0.71601 0.71201 0.71257 0.71710 0.71607 0.71390 0.71647 0.71919 0.71755 0.71585 0.71732 0.72092 0.72034 0.71810 0.71927 0.72281 0.72368 0.72071 0.70766 0.68643 0.66238 0.63446 0.60871 0.58648 0.56206 0.53501 0.51060 0.48627 0.44891 0.40205 0.35615 0.30875 0.26041 0.21352 0.16682 0.11903 0.07124 0.02380 0.00000 0.00000 0.00000 0.00000 0.00000 0.00000 0.00000 0.00000 0.00000 0.00000 0.00000 0.00000 0.00000 0.00000 0.00000 0.00000 0.00000 0.00000 0.00000 0.00000 0.00000 0.00000 0.00000 0.00000 0.00000 0.00000 0.00000 0.00000 0.00000 0.00000 0.00000 0.00000 0.00000 0.00000 0.00000 0.00000 0.00000 0.00000 0.00000 0.00000 0.00000 0.00000 0.00000 0.00000 0.00000
0.00000 0.00000 0.00000 0.00000 0.00000 0.00000 0.00000 0.00000 0.00000 0.00000 0.00000 0.00000 0.00000 0.00000 0.00000 0.00000 0.00000 0.00000 0.00000 0.00000 0.00000 0.00000 0.00000 0.00000 0.00000 0.00000 0.00000 0.00000 0.00000 0.00000 0.00000 0.00000 0.00000 0.00000 0.00000 0.00000 0.00000 0.00000 0.00000 0.00000 0.00000 0.00000 0.00000 0.00000 0.00000 0.03685 0.11018 0.18359 0.25721 0.33001 0.40173 0.47439 0.54838 0.62087 0.69067 0.72535 0.72723 0.72759 0.72424 0.72177 0.72316 0.72415 0.72182 0.71884 0.71887 0.72056 0.71977 0.71615 0.71475 0.71730 0.71745 0.71335 0.71163 0.71481 0.71422 0.71029 0.71118 0.71251 0.70967 0.70799 0.70993 0.70987 0.70756 0.70670 0.70661 0.70702 0.70667 0.70431 0.70354 0.70583 0.70513 0.70155 0.70183 0.70503 0.70262 0.69929 0.70157 0.70341 0.69959 0.69800 0.70148 0.70145 0.69738 0.69750 0.70057 0.69947 0.69646 0.69729 0.69891 0.69805 0.69638 0.69608 0.69704 0.69796 0.69662 0.69438 0.69549 0.69808 0.69669 0.69331 0.69397 0.69782 0.69641 0.69282 0.69589 0.69763 0.69444 0.69260 0.69629 0.69684 0.69265 0.69623 0.69756 0.69397 0.69393 0.69747 0.69522 0.69278 0.69696 0.69771 0.69333 0.69341 0.69780 0.69808 0.69353 0.69477 0.69708 0.69733 0.69740 0.69692 0.69556 0.69748 0.69922 0.69744 0.69549 0.69902 0.70072 0.69741 0.69774 0.70040 0.70095 0.69897 0.69869 0.70055 0.70247 0.70239 0.69963 0.70007 0.70368 0.70345 0.70109 0.70236 0.70442 0.70283 0.70331 0.70590 0.70494 0.70280 0.70586 0.70789 0.70593 0.70458 0.70749 0.70920 0.70837 0.70713 0.70794 0.71023 0.71121 0.70952 0.70921 0.71158 0.71221 0.71182 0.71203 0.71284 0.71362 0.71470 0.71367 0.71346 0.71662 0.71744 0.71506 0.71511 0.71839 0.71989 0.71774 0.71706 0.71864 0.72189 0.72104 0.71901 0.72088 0.72405 0.72346 0.71230 0.69571 0.68050 0.66189 0.64192 0.62595 0.60964 0.59063 0.57149 0.55540 0.52040 0.46451 0.40943 0.35633 0.30240 0.24641 0.19157 0.13761 0.08252 0.02744 0.00000 0.00000 0.00000 0.00000 0.00000 0.00000 0.00000 0.00000 0.00000 0.00000 0.00000 0.00000 0.00000 0.00000 0.00000 0.00000 0.00000 0.00000 0.00000 0.00000 0.00000 0.00000 0.00000 0.00000 0.00000 0.00000 0.00000 0.00000 0.00000 0.00000 0.00000 0.00000 0.00000 0.00000 0.00000 0.00000 0.00000 0.00000 0.00000 0.00000 0.00000 0.00000 0.00000 0.00000 0.00000
0.00000 0.00000 0.00000 0.00000 0.00000 0.00000 0.00000 0.00000 0.00000 0.00000 0.00000 0.00000 0.00000 0.00000 0.00000 0.00000 0.00000 0.00000 0.00000 0.00000 0.00000 0.00000 0.00000 0.00000 0.00000 0.00000 0.00000 0.00000 0.00000 0.00000 0.00000 0.00000 0.00000 0.00000 0.00000 0.00000 0.00000 0.00000 0.00000 0.00000 0.00000 0.00000 0.00000 0.00000 0.00000 0.03673 0.11006 0.18403 0.25738 0.32889 0.40148 0.47607 0.54844 0.61801 0.69065 0.72921 0.72678 0.72343 0.72477 0.72598 0.72233 0.72005 0.72241 0.72264 0.71844 0.71720 0.71981 0.71892 0.71503 0.71527 0.71713 0.71481 0.71213 0.71381 0.71437 0.71084 0.71007 0.71282 0.71229 0.70804 0.70730 0.71064 0.71032 0.70518 0.70442 0.70887 0.70811 0.70309 0.70288 0.70667 0.70561 0.70123 0.70266 0.70503 0.70204 0.69929 0.70249 0.70347 0.69906 0.69808 0.70214 0.70168 0.69707 0.69715 0.70143 0.70059 0.69588 0.69582 0.70055 0.69994 0.69476 0.69442 0.69956 0.69956 0.69425 0.69384 0.69842 0.69866 0.69425 0.69330 0.69741 0.69737 0.69407 0.69695 0.69684 0.69314 0.69422 0.69752 0.69555 0.69358 0.69529 0.69574 0.69673 0.69697 0.69489 0.69310 0.69591 0.69796 0.69648 0.69422 0.69510 0.69696 0.69737 0.69643 0.69488 0.69550 0.69927 0.69874 0.69469 0.69520 0.70002 0.69933 0.69530 0.69754 0.70063 0.69754 0.69661 0.70067 0.70129 0.69720 0.69754 0.70221 0.70241 0.69868 0.69815 0.70336 0.70390 0.70011 0.70231 0.70480 0.70237 0.70143 0.70566 0.70634 0.70214 0.70301 0.70687 0.70707 0.70442 0.70509 0.70744 0.70839 0.70715 0.70642 0.70823 0.71102 0.70968 0.70718 0.70955 0.71232 0.71167 0.71105 0.71133 0.71200 0.71376 0.71509 0.71233 0.71214 0.71653 0.71795 0.71362 0.71596 0.71905 0.71696 0.71574 0.71897 0.72080 0.71836 0.71815 0.72020 0.72292 0.72207 0.72014 0.72082 0.72505 0.72072 0.70631 0.69555 0.68862 0.67923 0.66490 0.65397 0.64667 0.63629 0.62353 0.58861 0.52816 0.46494 0.40290 0.34243 0.28064 0.21734 0.15529 0.09375 0.03126 0.00000 0.00000 0.00000 0.00000 0.00000 0.00000 0.00000 0.00000 0.00000 0.00000 0.00000 0.00000 0.00000 0.00000 0.00000 0.00000 0.00000 0.00000 0.00000 0.00000 0.00000 0.00000 0.00000 0.00000 0.00000 0.00000 0.00000 0.00000 0.00000 0.00000 0.00000 0.00000 0.00000 0.00000 0.00000 0.00000 0.00000 0.00000 0.00000 0.00000 0.00000 0.00000 0.00000 0.00000 0.00000
0.00000 0.00000 0.00000 0.00000 0.00000 0.00000 0.00000 0.00000 0.00000 0.00000 0.00000 0.00000 0.00000 0.00000 0.00000 0.00000 0.00000 0.00000 0.00000 0.00000 0.00000 0.00000 0.00000 0.00000 0.00000 0.00000 0.00000 0.00000 0.00000 0.00000 0.00000 0.00000 0.00000 0.00000 0.00000 0.00000 0.00000 0.00000 0.00000 0.00000 0.00000 0.00000 0.00000 0.00000 0.00000 0.03677 0.11042 0.18386 0.25639 0.32911 0.40276 0.47586 0.54691 0.61801 0.69189 0.72909 0.72622 0.72331 0.72460 0.72579 0.72308 0.72025 0.72113 0.72228 0.72046 0.71743 0.71709 0.71892 0.71837 0.71476 0.71332 0.71583 0.71593 0.71217 0.71049 0.71300 0.71149 0.71005 0.71246 0.71021 0.70757 0.70925 0.70919 0.70731 0.70682 0.70673 0.70537 0.70574 0.70619 0.70330 0.70265 0.70583 0.70444 0.70061 0.70149 0.70442 0.70185 0.69938 0.70145 0.70188 0.69921 0.69923 0.70105 0.69972 0.69759 0.69871 0.69986 0.69844 0.69708 0.69756 0.69832 0.69810 0.69670 0.69591 0.69727 0.69830 0.69623 0.69449 0.69697 0.69814 0.69486 0.69392 0.69781 0.69787 0.69367 0.69363 0.69741 0.69731 0.69361 0.69509 0.69796 0.69582 0.69325 0.69765 0.69737 0.69347 0.69625 0.69759 0.69467 0.69394 0.69840 0.69859 0.69354 0.69474 0.69930 0.69812 0.69614 0.69776 0.69728 0.69705 0.69901 0.69908 0.69614 0.69825 0.70154 0.69860 0.69750 0.70027 0.70191 0.69914 0.69863 0.70114 0.70310 0.70195 0.69952 0.70069 0.70438 0.70383 0.70073 0.70206 0.70530 0.70327 0.70260 0.70586 0.70572 0.70320 0.70560 0.70800 0.70593 0.70454 0.70805 0.70921 0.70731 0.70713 0.70934 0.71024 0.71058 0.70957 0.70944 0.71156 0.71270 0.71176 0.71171 0.71309 0.71361 0.71426 0.71436 0.71386 0.71577 0.71727 0.71435 0.71494 0.71972 0.71976 0.71628 0.71702 0.72022 0.72164 0.71924 0.71918 0.72200 0.72398 0.72116 0.72116 0.72456 0.72435 0.71919 0.71422 0.71234 0.71174 0.70782 0.70160 0.69936 0.69929 0.69531 0.65665 0.58891 0.52214 0.45160 0.38140 0.31318 0.24427 0.17397 0.10443 0.03495 0.00000 0.00000 0.00000 0.00000 0.00000 0.00000 0.00000 0.00000 0.00000 0.00000 0.00000 0.00000 0.00000 0.00000 0.00000 0.00000 0.00000 0.00000 0.00000 0.00000 0.00000 0.00000 0.00000 0.00000 0.00000 0.00000 0.00000 0.00000 0.00000 0.00000 0.00000 0.00000 0.00000 0.00000 0.00000 0.00000 0.00000 0.00000 0.00000 0.00000 0.00000 0.00000 0.00000 0.00000 0.00000
0.00000 0.00000 0.00000 0.00000 0.00000 0.00000 0.00000 0.00000 0.00000 0.00000 0.00000 0.00000 0.00000 0.00000 0.00000 0.00000 0.00000 0.00000 0.00000 0.00000 0.00000 0.00000 0.00000 0.00000 0.00000 0.00000 0.00000 0.00000 0.00000 0.00000 0.00000 0.00000 0.00000 0.00000 0.00000 0.00000 0.00000 0.00000 0.00000 0.00000 0.00000 0.00000 0.00000 0.00000 0.00000 0.03690 0.11052 0.18308 0.25615 0.33040 0.40306 0.47356 0.54644 0.62118 0.69213 0.72516 0.72610 0.72746 0.72413 0.72165 0.72378 0.72433 0.72016 0.71843 0.72116 0.72109 0.71668 0.71571 0.71849 0.71767 0.71348 0.71347 0.71596 0.71473 0.71056 0.71054 0.71357 0.71182 0.70810 0.71034 0.71177 0.70733 0.70581 0.70978 0.70921 0.70423 0.70351 0.70804 0.70727 0.70249 0.70322 0.70594 0.70364 0.70066 0.70357 0.70464 0.69980 0.69882 0.70336 0.70310 0.69788 0.69762 0.70238 0.70176 0.69679 0.69654 0.70133 0.70087 0.69579 0.69565 0.70046 0.70003 0.69483 0.69456 0.69965 0.69960 0.69448 0.69421 0.69873 0.69866 0.69437 0.69539 0.69823 0.69545 0.69381 0.69767 0.69780 0.69430 0.69546 0.69729 0.69626 0.69629 0.69671 0.69465 0.69622 0.69859 0.69734 0.69411 0.69550 0.69804 0.69767 0.69634 0.69619 0.69637 0.69828 0.69898 0.69558 0.69513 0.70016 0.70006 0.69589 0.69690 0.70108 0.69958 0.69618 0.69975 0.70184 0.69837 0.69791 0.70189 0.70282 0.69960 0.69851 0.70268 0.70448 0.70132 0.70172 0.70407 0.70368 0.70217 0.70561 0.70637 0.70240 0.70285 0.70715 0.70744 0.70445 0.70513 0.70774 0.70806 0.70716 0.70742 0.70830 0.71010 0.70975 0.70751 0.70948 0.71302 0.71184 0.71029 0.71127 0.71293 0.71367 0.71402 0.71285 0.71318 0.71612 0.71767 0.71354 0.71445 0.71880 0.71874 0.71555 0.71935 0.72077 0.71598 0.71275 0.71226 0.71005 0.70414 0.70042 0.69991 0.69793 0.69288 0.68807 0.68737 0.69090 0.69112 0.68822 0.68872 0.69256 0.69381 0.69020 0.69086 0.69458 0.65967 0.58857 0.52093 0.45305 0.38219 0.31247 0.24425 0.17477 0.10441 0.03481 0.00000 0.00000 0.00000 0.00000 0.00000 0.00000 0.00000 0.00000 0.00000 0.00000 0.00000 0.00000 0.00000 0.00000 0.00000 0.00000 0.00000 0.00000 0.00000 0.00000 0.00000 0.00000 0.00000 0.00000 0.00000 0.00000 0.00000 0.00000 0.00000 0.00000 0.00000 0.00000 0.00000 0.00000 0.00000 0.00000 0.00000 0.00000 0.00000 0.00000 0.00000 0.00000 0.00000 0.00000 0.00000
0.00000 0.00000 0.00000 0.00000 0.00000 0.00000 0.00000 0.00000 0.00000 0.00000 0.00000 0.00000 0.00000 0.00000 0.00000 0.00000 0.00000 0.00000 0.00000 0.00000 0.00000 0.00000 0.00000 0.00000 0.00000 0.00000 0.00000 0.00000 0.00000 0.00000 0.00000 0.00000 0.00000 0.00000 0.00000 0.00000 0.00000 0.00000 0.00000 0.00000 0.00000 0.00000 0.00000 0.00000 0.00000 0.03688 0.11017 0.18318 0.25676 0.33026 0.40230 0.47365 0.54683 0.62106 0.69232 0.72491 0.72519 0.72738 0.72524 0.72180 0.72292 0.72384 0.72129 0.71893 0.71975 0.72048 0.71878 0.71615 0.71590 0.71728 0.71659 0.71375 0.71272 0.71391 0.71346 0.71237 0.71287 0.70983 0.70826 0.71168 0.71155 0.70676 0.70658 0.70918 0.70786 0.70570 0.70665 0.70568 0.70406 0.70576 0.70585 0.70193 0.70186 0.70561 0.70397 0.70043 0.70108 0.70281 0.70157 0.70095 0.70097 0.69977 0.69941 0.70060 0.70030 0.69847 0.69819 0.69928 0.69916 0.69816 0.69760 0.69764 0.69823 0.69834 0.69668 0.69600 0.69821 0.69852 0.69534 0.69494 0.69874 0.69827 0.69373 0.69486 0.69882 0.69790 0.69388 0.69605 0.69856 0.69603 0.69331 0.69785 0.69895 0.69464 0.69548 0.69789 0.69644 0.69458 0.69840 0.69887 0.69447 0.69504 0.69971 0.70005 0.69547 0.69725 0.69930 0.69668 0.69824 0.70079 0.69770 0.69733 0.70065 0.70035 0.69740 0.69982 0.70234 0.69955 0.69886 0.70164 0.70342 0.70146 0.69980 0.70151 0.70420 0.70425 0.70096 0.70205 0.70550 0.70374 0.70234 0.70565 0.70669 0.70364 0.70506 0.70826 0.70643 0.70468 0.70821 0.70937 0.70668 0.70717 0.71035 0.71030 0.70814 0.70965 0.71178 0.71156 0.71243 0.71181 0.71160 0.71324 0.71395 0.71396 0.71431 0.71459 0.71535 0.71691 0.71594 0.71518 0.71908 0.71959 0.71635 0.71691 0.72190 0.71619 0.70226 0.69225 0.68469 0.67478 0.66124 0.65105 0.64381 0.63343 0.61967 0.61506 0.61767 0.61899 0.61795 0.61662 0.61774 0.62075 0.62091 0.61825 0.61887 0.59164 0.52925 0.46529 0.40399 0.34347 0.28062 0.21799 0.15610 0.09387 0.03123 0.00000 0.00000 0.00000 0.00000 0.00000 0.00000 0.00000 0.00000 0.00000 0.00000 0.00000 0.00000 0.00000 0.00000 0.00000 0.00000 0.00000 0.00000 0.00000 0.00000 0.00000 0.00000 0.00000 0.00000 0.00000 0.00000 0.00000 0.00000 0.00000 0.00000 0.00000 0.00000 0.00000 0.00000 0.00000 0.00000 0.00000 0.00000 0.00000 0.00000 0.00000 0.00000 0.00000 0.00000 0.00000
0.00000 0.00000 0.00000 0.00000 0.00000 0.00000 0.00000 0.00000 0.00000 0.00000 0.00000 0.00000 0.00000 0.00000 0.00000 0.00000 0.00000 0.00000 0.00000 0.00000 0.00000 0.00000 0.00000 0.00000 0.00000 0.00000 0.00000 0.00000 0.00000 0.00000 0.00000 0.00000 0.00000 0.00000 0.00000 0.00000 0.00000 0.00000 0.00000 0.00000 0.00000 0.00000 0.00000 0.00000 0.00000 0.03670 0.11010 0.18398 0.25697 0.32857 0.40174 0.47595 0.54758 0.61820 0.69130 0.72829 0.72577 0.72394 0.72533 0.72579 0.72171 0.72003 0.72272 0.72279 0.71822 0.71687 0.71993 0.71980 0.71503 0.71409 0.71734 0.71693 0.71185 0.71126 0.71494 0.71452 0.70911 0.70935 0.71219 0.71048 0.70783 0.70956 0.71017 0.70603 0.70504 0.70921 0.70832 0.70351 0.70324 0.70714 0.70598 0.70208 0.70409 0.70534 0.70148 0.70033 0.70411 0.70434 0.69898 0.69845 0.70312 0.70300 0.69824 0.69725 0.70183 0.70196 0.69700 0.69621 0.70115 0.70105 0.69576 0.69568 0.70064 0.70027 0.69498 0.69498 0.69985 0.69945 0.69484 0.69559 0.69925 0.69768 0.69479 0.69725 0.69911 0.69564 0.69509 0.69790 0.69681 0.69628 0.69797 0.69632 0.69581 0.69891 0.69833 0.69445 0.69575 0.69916 0.69843 0.69595 0.69696 0.69761 0.69707 0.69885 0.69966 0.69600 0.69741 0.70071 0.69778 0.69646 0.70037 0.70116 0.69760 0.69852 0.70222 0.70052 0.69783 0.70057 0.70320 0.70093 0.69919 0.70190 0.70463 0.70264 0.70104 0.70289 0.70548 0.70374 0.70538 0.70534 0.70294 0.70325 0.70729 0.70797 0.70441 0.70484 0.70817 0.70824 0.70716 0.70795 0.70856 0.70906 0.70980 0.71013 0.70957 0.71218 0.71201 0.71079 0.71126 0.71360 0.71375 0.71353 0.71322 0.71406 0.71582 0.71643 0.71421 0.71532 0.71866 0.71866 0.71532 0.71863 0.72074 0.71840 0.71803 0.71284 0.69562 0.67478 0.65728 0.64257 0.62515 0.60465 0.58702 0.57154 0.55448 0.54398 0.54354 0.54456 0.54699 0.54712 0.54486 0.54531 0.54845 0.54909 0.54641 0.51998 0.46770 0.41213 0.35629 0.30262 0.24842 0.19253 0.13746 0.08290 0.02768 0.00000 0.00000 0.00000 0.00000 0.00000 0.00000 0.00000 0.00000 0.00000 0.00000 0.00000 0.00000 0.00000 0.00000 0.00000 0.00000 0.00000 0.00000 0.00000 0.00000 0.00000 0.00000 0.00000 0.00000 0.00000 0.00000 0.00000 0.00000 0.00000 0.00000 0.00000 0.00000 0.00000 0.00000 0.00000 0.00000 0.00000 0.00000 0.00000 0.00000 0.00000 0.00000 0.00000 0.00000 0.00000
0.00000 0.00000 0.00000 0.00000 0.00000 0.00000 0.00000 0.00000 0.00000 0.00000 0.00000 0.00000 0.00000 0.00000 0.00000 0.00000 0.00000 0.00000 0.00000 0.00000 0.00000 0.00000 0.00000 0.00000 0.00000 0.00000 0.00000 0.00000 0.00000 0.00000 0.00000 0.00000 0.00000 0.00000 0.00000 0.00000 0.00000 0.00000 0.00000 0.00000 0.00000 0.00000 0.00000 0.00000 0.00000 0.03671 0.11034 0.18395 0.25652 0.32860 0.40175 0.47601 0.54831 0.61757 0.68969 0.72892 0.72783 0.72343 0.72282 0.72534 0.72268 0.72062 0.72246 0.72189 0.71902 0.71773 0.71892 0.71878 0.71673 0.71508 0.71546 0.71555 0.71429 0.71333 0.71333 0.71163 0.71046 0.71269 0.71267 0.70776 0.70711 0.71074 0.71038 0.70626 0.70642 0.70794 0.70617 0.70565 0.70677 0.70378 0.70285 0.70624 0.70565 0.70112 0.70115 0.70462 0.70381 0.70154 0.70050 0.70037 0.70177 0.70254 0.70019 0.69836 0.70005 0.70125 0.69946 0.69801 0.69893 0.69957 0.69878 0.69819 0.69790 0.69782 0.69871 0.69861 0.69636 0.69634 0.69937 0.69886 0.69483 0.69540 0.69985 0.69884 0.69438 0.69558 0.69949 0.69799 0.69401 0.69787 0.69956 0.69590 0.69524 0.69868 0.69828 0.69541 0.69814 0.69923 0.69576 0.69538 0.70017 0.70039 0.69566 0.69624 0.70064 0.69779 0.69755 0.70072 0.69938 0.69691 0.70005 0.70208 0.69880 0.69879 0.70166 0.69966 0.69924 0.70251 0.70282 0.70105 0.70030 0.70246 0.70384 0.70388 0.70177 0.70234 0.70494 0.70390 0.70317 0.70554 0.70704 0.70392 0.70459 0.70836 0.70713 0.70487 0.70805 0.70973 0.70692 0.70718 0.71065 0.71048 0.70743 0.70974 0.71286 0.71166 0.71031 0.71190 0.71323 0.71337 0.71393 0.71376 0.71405 0.71522 0.71576 0.71616 0.71614 0.71635 0.71798 0.71931 0.71715 0.71711 0.72172 0.72146 0.71850 0.70665 0.68528 0.66023 0.63235 0.60792 0.58569 0.56052 0.53291 0.50856 0.48591 0.47309 0.47161 0.47201 0.47327 0.47463 0.47427 0.47303 0.47356 0.47607 0.47650 0.45068 0.40354 0.35814 0.31038 0.26193 0.21459 0.16745 0.11956 0.07175 0.02394 0.00000 0.00000 0.00000 0.00000 0.00000 0.00000 0.00000 0.00000 0.00000 0.00000 0.00000 0.00000 0.00000 0.00000 0.00000 0.00000 0.00000 0.00000 0.00000 0.00000 0.00000 0.00000 0.00000 0.00000 0.00000 0.00000 0.00000 0.00000 0.00000 0.00000 0.00000 0.00000 0.00000 0.00000 0.00000 0.00000 0.00000 0.00000 0.00000 0.00000 0.00000 0.00000 0.00000 0.00000 0.00000
0.00000 0.00000 0.00000 0.00000 0.00000 0.00000 0.00000 0.00000 0.00000 0.00000 0.00000 0.00000 0.00000 0.00000 0.00000 0.00000 0.00000 0.00000 0.00000 0.00000 0.00000 0.00000 0.00000 0.00000 0.00000 0.00000 0.00000 0.00000 0.00000 0.00000 0.00000 0.00000 0.00000 0.00000 0.00000 0.00000 0.00000 0.00000 0.00000 0.00000 0.00000 0.00000 0.00000 0.00000 0.00000 0.03687 0.11031 0.18298 0.25638 0.33022 0.40227 0.47411 0.54718 0.61959 0.69084 0.72720 0.72709 0.72478 0.72311 0.72325 0.72447 0.72374 0.71960 0.71902 0.72156 0.72104 0.71650 0.71552 0.71877 0.71854 0.71347 0.71264 0.71636 0.71588 0.71048 0.71014 0.71390 0.71299 0.70860 0.70912 0.71146 0.70884 0.70653 0.70948 0.70959 0.70476 0.70395 0.70859 0.70762 0.70319 0.70392 0.70622 0.70414 0.70192 0.70423 0.70483 0.70058 0.70022 0.70381 0.70386 0.70038 0.69848 0.70178 0.70287 0.69888 0.69712 0.70139 0.70212 0.69710 0.69612 0.70129 0.70130 0.69582 0.69578 0.70092 0.70054 0.69539 0.69592 0.70018 0.69907 0.69551 0.69704 0.69969 0.69724 0.69615 0.69798 0.69796 0.69695 0.69873 0.69737 0.69545 0.69900 0.69932 0.69529 0.69566 0.69986 0.69918 0.69566 0.69712 0.69905 0.69804 0.69850 0.70010 0.69735 0.69637 0.70109 0.70076 0.69684 0.69865 0.70198 0.70024 0.69815 0.70096 0.70239 0.69992 0.69987 0.70371 0.70242 0.70012 0.70118 0.70480 0.70350 0.70072 0.70226 0.70659 0.70503 0.70416 0.70399 0.70450 0.70515 0.70749 0.70758 0.70441 0.70429 0.70859 0.70915 0.70708 0.70796 0.70899 0.70890 0.70987 0.71095 0.70978 0.70993 0.71216 0.71299 0.71133 0.71256 0.71390 0.71398 0.71351 0.71450 0.71559 0.71587 0.71536 0.71623 0.71827 0.71781 0.71547 0.71866 0.72093 0.71876 0.71809 0.72176 0.72264 0.70361 0.67178 0.64278 0.61057 0.57559 0.54376 0.51402 0.48153 0.44701 0.41505 0.40021 0.40103 0.40034 0.39985 0.40048 0.40228 0.40253 0.40074 0.40122 0.40346 0.38343 0.34163 0.30229 0.26309 0.22210 0.18148 0.14174 0.10147 0.06068 0.02025 0.00000 0.00000 0.00000 0.00000 0.00000 0.00000 0.00000 0.00000 0.00000 0.00000 0.00000 0.00000 0.00000 0.00000 0.00000 0.00000 0.00000 0.00000 0.00000 0.00000 0.00000 0.00000 0.00000 0.00000 0.00000 0.00000 0.00000 0.00000 0.00000 0.00000 0.00000 0.00000 0.00000 0.00000 0.00000 0.00000 0.00000 0.00000 0.00000 0.00000 0.00000 0.00000 0.00000 0.00000 0.00000
0.00000 0.00000 0.00000 0.00000 0.00000 0.00000 0.00000 0.00000 0.00000 0.00000 0.00000 0.00000 0.00000 0.00000 0.00000 0.00000 0.00000 0.00000 0.00000 0.00000 0.00000 0.00000 0.00000 0.00000 0.00000 0.00000 0.00000 0.00000 0.00000 0.00000 0.00000 0.00000 0.00000 0.00000 0.00000 0.00000 0.00000 0.00000 0.00000 0.00000 0.00000 0.00000 0.00000 0.00000 0.00000 0.03688 0.11003 0.18296 0.25669 0.33029 0.40276 0.47338 0.54582 0.62084 0.69307 0.72521 0.72439 0.72670 0.72486 0.72247 0.72466 0.72314 0.71960 0.71956 0.72174 0.72008 0.71685 0.71662 0.71833 0.71716 0.71460 0.71426 0.71537 0.71383 0.71200 0.71296 0.71350 0.71012 0.70871 0.71163 0.71197 0.70768 0.70642 0.70931 0.70887 0.70651 0.70709 0.70604 0.70444 0.70636 0.70697 0.70228 0.70185 0.70603 0.70559 0.70047 0.70051 0.70330 0.70387 0.70401 0.69987 0.69869 0.70225 0.70302 0.69940 0.69794 0.70079 0.70160 0.69887 0.69787 0.69954 0.69994 0.69882 0.69827 0.69795 0.69821 0.69961 0.69900 0.69616 0.69657 0.70047 0.69970 0.69514 0.69521 0.70015 0.69969 0.69488 0.69661 0.70025 0.69781 0.69551 0.69881 0.69981 0.69653 0.69791 0.69989 0.69738 0.69612 0.70028 0.70090 0.69631 0.69625 0.70150 0.70029 0.69729 0.69931 0.70083 0.69827 0.69992 0.70191 0.69991 0.69882 0.70172 0.70121 0.70028 0.70257 0.70273 0.70004 0.70109 0.70396 0.70374 0.70333 0.70249 0.70319 0.70475 0.70472 0.70419 0.70599 0.70642 0.70353 0.70525 0.70859 0.70754 0.70496 0.70804 0.71008 0.70723 0.70711 0.71085 0.71092 0.70815 0.70980 0.71292 0.71182 0.70950 0.71208 0.71475 0.71350 0.71326 0.71375 0.71461 0.71563 0.71598 0.71534 0.71582 0.71762 0.71830 0.71782 0.71738 0.71847 0.72103 0.72105 0.71883 0.71960 0.72353 0.70344 0.66121 0.62249 0.58582 0.54590 0.50408 0.46523 0.42767 0.38736 0.34615 0.32696 0.32825 0.32839 0.32775 0.32784 0.32852 0.32949 0.32957 0.32858 0.32874 0.31396 0.28129 0.24729 0.21446 0.18213 0.14910 0.11594 0.08283 0.04969 0.01660 0.00000 0.00000 0.00000 0.00000 0.00000 0.00000 0.00000 0.00000 0.00000 0.00000 0.00000 0.00000 0.00000 0.00000 0.00000 0.00000 0.00000 0.00000 0.00000 0.00000 0.00000 0.00000 0.00000 0.00000 0.00000 0.00000 0.00000 0.00000 0.00000 0.00000 0.00000 0.00000 0.00000 0.00000 0.00000 0.00000 0.00000 0.00000 0.00000 0.00000 0.00000 0.00000 0.00000 0.00000 0.00000
0.00000 0.00000 0.00000 0.00000 0.00000 0.00000 0.00000 0.00000 0.00000 0.00000 0.00000 0.00000 0.00000 0.00000 0.00000 0.00000 0.00000 0.00000 0.00000 0.00000 0.00000 0.00000 0.00000 0.00000 0.00000 0.00000 0.00000 0.00000 0.00000 0.00000 0.00000 0.00000 0.00000 0.00000 0.00000 0.00000 0.00000 0.00000 0.00000 0.00000 0.00000 0.00000 0.00000 0.00000 0.00000 0.03674 0.11021 0.18369 0.25639 0.32869 0.40243 0.47472 0.54632 0.62061 0.69256 0.72533 0.72444 0.72699 0.72629 0.72219 0.72091 0.72251 0.72332 0.72121 0.71782 0.71807 0.72036 0.71929 0.71498 0.71460 0.71770 0.71703 0.71209 0.71176 0.71542 0.71452 0.70948 0.70968 0.71312 0.71143 0.70748 0.70905 0.71108 0.70718 0.70524 0.70963 0.70893 0.70412 0.70386 0.70752 0.70653 0.70332 0.70393 0.70529 0.70393 0.70202 0.70229 0.70418 0.70394 0.70034 0.70078 0.70340 0.70152 0.69867 0.70097 0.70270 0.69922 0.69743 0.70128 0.70208 0.69738 0.69634 0.70140 0.70167 0.69627 0.69610 0.70127 0.70051 0.69585 0.69698 0.70049 0.69885 0.69680 0.69806 0.69870 0.69805 0.69886 0.69791 0.69571 0.69928 0.70045 0.69629 0.69580 0.70062 0.70005 0.69581 0.69719 0.70042 0.69918 0.69798 0.69978 0.69899 0.69748 0.70093 0.70218 0.69775 0.69769 0.70266 0.70217 0.69859 0.69946 0.70302 0.70255 0.70005 0.70118 0.70365 0.70275 0.70119 0.70430 0.70418 0.70127 0.70242 0.70633 0.70564 0.70223 0.70358 0.70760 0.70681 0.70717 0.70593 0.70505 0.70612 0.70899 0.70988 0.70693 0.70807 0.70962 0.70944 0.70980 0.71098 0.71011 0.70990 0.71234 0.71357 0.71146 0.71091 0.71417 0.71498 0.71361 0.71400 0.71552 0.71620 0.71616 0.71667 0.71735 0.71739 0.71792 0.71923 0.72106 0.71861 0.71880 0.72185 0.72253 0.71990 0.72080 0.70083 0.65392 0.60452 0.55835 0.51414 0.46691 0.41799 0.37160 0.32604 0.27879 0.25435 0.25457 0.25536 0.25594 0.25567 0.25521 0.25565 0.25676 0.25695 0.25580 0.24355 0.21888 0.19284 0.16685 0.14169 0.11617 0.09014 0.06446 0.03880 0.01291 0.00000 0.00000 0.00000 0.00000 0.00000 0.00000 0.00000 0.00000 0.00000 0.00000 0.00000 0.00000 0.00000 0.00000 0.00000 0.00000 0.00000 0.00000 0.00000 0.00000 0.00000 0.00000 0.00000 0.00000 0.00000 0.00000 0.00000 0.00000 0.00000 0.00000 0.00000 0.00000 0.00000 0.00000 0.00000 0.00000 0.00000 0.00000 0.00000 0.00000 0.00000 0.00000 0.00000 0.00000 0.00000
0.00000 0.00000 0.00000 0.00000 0.00000 0.00000 0.00000 0.00000 0.00000 0.00000 0.00000 0.00000 0.00000 0.00000 0.00000 0.00000 0.00000 0.00000 0.00000 0.00000 0.00000 0.00000 0.00000 0.00000 0.00000 0.00000 0.00000 0.00000 0.00000 0.00000 0.00000 0.00000 0.00000 0.00000 0.00000 0.00000 0.00000 0.00000 0.00000 0.00000 0.00000 0.00000 0.00000 0.00000 0.00000 0.03668 0.11046 0.18389 0.25583 0.32858 0.40235 0.47564 0.54774 0.61809 0.69064 0.72793 0.72660 0.72448 0.72456 0.72425 0.72148 0.72160 0.72344 0.72114 0.71777 0.71847 0.72058 0.71847 0.71515 0.71562 0.71761 0.71567 0.71283 0.71355 0.71501 0.71250 0.71028 0.71205 0.71303 0.70974 0.70746 0.71004 0.71108 0.70803 0.70641 0.70749 0.70668 0.70707 0.70804 0.70416 0.70303 0.70655 0.70700 0.70172 0.70119 0.70522 0.70557 0.70212 0.69996 0.70081 0.70413 0.70387 0.69931 0.69853 0.70280 0.70313 0.69903 0.69790 0.70135 0.70195 0.69876 0.69786 0.69991 0.70045 0.69934 0.69843 0.69785 0.69863 0.70062 0.69987 0.69618 0.69627 0.70103 0.70081 0.69575 0.69609 0.70101 0.69994 0.69596 0.69819 0.70081 0.69797 0.69782 0.70016 0.69893 0.69702 0.70008 0.70156 0.69754 0.69675 0.70192 0.70165 0.69738 0.69833 0.70234 0.70044 0.69978 0.70112 0.70062 0.69999 0.70247 0.70231 0.70059 0.70138 0.70354 0.70138 0.70145 0.70522 0.70429 0.70346 0.70278 0.70393 0.70529 0.70526 0.70449 0.70568 0.70636 0.70375 0.70612 0.70920 0.70734 0.70523 0.70857 0.71042 0.70647 0.70706 0.71153 0.71151 0.70869 0.70971 0.71319 0.71215 0.70993 0.71231 0.71507 0.71355 0.71235 0.71405 0.71584 0.71579 0.71561 0.71527 0.71623 0.71822 0.71851 0.71601 0.71716 0.72107 0.72115 0.71925 0.71891 0.72126 0.72364 0.72288 0.72072 0.69508 0.64403 0.58936 0.53307 0.47978 0.42766 0.37283 0.31715 0.26339 0.20988 0.18239 0.18189 0.18221 0.18287 0.18298 0.18271 0.18269 0.18305 0.18356 0.18374 0.17407 0.15582 0.13798 0.11969 0.10121 0.08283 0.06443 0.04613 0.02774 0.00924 0.00000 0.00000 0.00000 0.00000 0.00000 0.00000 0.00000 0.00000 0.00000 0.00000 0.00000 0.00000 0.00000 0.00000 0.00000 0.00000 0.00000 0.00000 0.00000 0.00000 0.00000 0.00000 0.00000 0.00000 0.00000 0.00000 0.00000 0.00000 0.00000 0.00000 0.00000 0.00000 0.00000 0.00000 0.00000 0.00000 0.00000 0.00000 0.00000 0.00000 0.00000 0.00000 0.00000 0.00000 0.00000
0.00000 0.00000 0.00000 0.00000 0.00000 0.00000 0.00000 0.00000 0.00000 0.00000 0.00000 0.00000 0.00000 0.00000 0.00000 0.00000 0.00000 0.00000 0.00000 0.00000 0.00000 0.00000 0.00000 0.00000 0.00000 0.00000 0.00000 0.00000 0.00000 0.00000 0.00000 0.00000 0.00000 0.00000 0.00000 0.00000 0.00000 0.00000 0.00000 0.00000 0.00000 0.00000 0.00000 0.00000 0.00000 0.03674 0.11006 0.18350 0.25686 0.32895 0.40131 0.47594 0.54823 0.61765 0.68950 0.72898 0.72804 0.72311 0.72235 0.72553 0.72498 0.72109 0.71919 0.72098 0.72202 0.71961 0.71632 0.71701 0.71922 0.71775 0.71362 0.71377 0.71673 0.71563 0.71098 0.71111 0.71452 0.71320 0.70857 0.70925 0.71243 0.71010 0.70657 0.70912 0.71035 0.70567 0.70479 0.70894 0.70823 0.70457 0.70399 0.70607 0.70601 0.70376 0.70275 0.70434 0.70509 0.70239 0.69998 0.70343 0.70410 0.70079 0.70033 0.70303 0.70169 0.69905 0.70086 0.70276 0.69960 0.69768 0.70119 0.70224 0.69801 0.69675 0.70150 0.70192 0.69685 0.69691 0.70180 0.70058 0.69673 0.69806 0.69988 0.69936 0.69923 0.69831 0.69738 0.69980 0.70095 0.69719 0.69624 0.70118 0.70121 0.69639 0.69739 0.70162 0.70030 0.69770 0.69949 0.70081 0.69893 0.70009 0.70212 0.69935 0.69815 0.70297 0.70328 0.69926 0.69909 0.70334 0.70367 0.70085 0.70037 0.70373 0.70445 0.70181 0.70182 0.70460 0.70236 0.70294 0.70633 0.70585 0.70248 0.70405 0.70768 0.70734 0.70504 0.70540 0.70722 0.70844 0.70912 0.70763 0.70714 0.70957 0.71037 0.70914 0.70948 0.71118 0.71082 0.71056 0.71236 0.71348 0.71167 0.71124 0.71451 0.71577 0.71359 0.71313 0.71589 0.71720 0.71629 0.71622 0.71694 0.71800 0.71920 0.71948 0.71847 0.71853 0.72102 0.72218 0.72150 0.71992 0.72176 0.72455 0.72428 0.69119 0.63095 0.57238 0.51051 0.44700 0.38612 0.32617 0.26423 0.20156 0.14002 0.10960 0.10968 0.10939 0.10941 0.10980 0.11004 0.10984 0.10969 0.11007 0.11037 0.10451 0.09353 0.08284 0.07192 0.06070 0.04972 0.03880 0.02769 0.01660 0.00555 0.00000 0.00000 0.00000 0.00000 0.00000 0.00000 0.00000 0.00000 0.00000 0.00000 0.00000 0.00000 0.00000 0.00000 0.00000 0.00000 0.00000 0.00000 0.00000 0.00000 0.00000 0.00000 0.00000 0.00000 0.00000 0.00000 0.00000 0.00000 0.00000 0.00000 0.00000 0.00000 0.00000 0.00000 0.00000 0.00000 0.00000 0.00000 0.00000 0.00000 0.00000 0.00000 0.00000 0.00000 0.00000
0.00000 0.00000 0.00000 0.00000 0.00000 0.00000 0.00000 0.00000 0.00000 0.00000 0.00000 0.00000 0.00000 0.00000 0.00000 0.00000 0.00000 0.00000 0.00000 0.00000 0.00000 0.00000 0.00000 0.00000 0.00000 0.00000 0.00000 0.00000 0.00000 0.00000 0.00000 0.00000 0.00000 0.00000 0.00000 0.00000 0.00000 0.00000 0.00000 0.00000 0.00000 0.00000 0.00000 0.00000 0.00000 0.03685 0.10995 0.18306 0.25699 0.32986 0.40149 0.47403 0.54730 0.61974 0.69138 0.72652 0.72603 0.72539 0.72408 0.72365 0.72404 0.72216 0.71964 0.72052 0.72214 0.71949 0.71635 0.71738 0.71945 0.71703 0.71380 0.71477 0.71678 0.71436 0.71149 0.71276 0.71434 0.71172 0.70908 0.71080 0.71234 0.70971 0.70660 0.70853 0.70993 0.70824 0.70895 0.70605 0.70448 0.70718 0.70828 0.70352 0.70235 0.70617 0.70682 0.70251 0.70088 0.70374 0.70555 0.70379 0.69972 0.70018 0.70450 0.70412 0.69914 0.69859 0.70329 0.70329 0.69906 0.69804 0.70167 0.70237 0.69908 0.69792 0.70003 0.70117 0.70027 0.69877 0.69779 0.69863 0.70153 0.70153 0.69667 0.69664 0.70171 0.70124 0.69687 0.69784 0.70146 0.69973 0.69803 0.69996 0.70013 0.69814 0.69996 0.70178 0.69888 0.69765 0.70191 0.70256 0.69831 0.69799 0.70319 0.70237 0.69914 0.70021 0.70236 0.70172 0.70323 0.70226 0.70043 0.70183 0.70461 0.70334 0.70140 0.70305 0.70522 0.70476 0.70276 0.70303 0.70616 0.70654 0.70432 0.70518 0.70709 0.70625 0.70625 0.70940 0.70800 0.70515 0.70845 0.71092 0.70774 0.70739 0.71266 0.71223 0.70865 0.70948 0.71348 0.71277 0.71060 0.71242 0.71519 0.71366 0.71212 0.71458 0.71691 0.71568 0.71473 0.71581 0.71756 0.71833 0.71818 0.71676 0.71749 0.72099 0.72130 0.71790 0.71887 0.72321 0.72380 0.72192 0.72085 0.72311 0.72588 0.69074 0.61990 0.55239 0.48599 0.41660 0.34620 0.27788 0.20992 0.14049 0.07092 0.03644 0.03662 0.03660 0.03650 0.03655 0.03671 0.03672 0.03663 0.03666 0.03676 0.03496 0.03125 0.02760 0.02394 0.02026 0.01660 0.01295 0.00924 0.00553 0.00185 0.00000 0.00000 0.00000 0.00000 0.00000 0.00000 0.00000 0.00000 0.00000 0.00000 0.00000 0.00000 0.00000 0.00000 0.00000 0.00000 0.00000 0.00000 0.00000 0.00000 0.00000 0.00000 0.00000 0.00000 0.00000 0.00000 0.00000 0.00000 0.00000 0.00000 0.00000 0.00000 0.00000 0.00000 0.00000 0.00000 0.00000 0.00000 0.00000 0.00000 0.00000 0.00000 0.00000 0.00000 0.00000
0.00000 0.00000 0.00000 0.00000 0.00000 0.00000 0.00000 0.00000 0.00000 0.00000 0.00000 0.00000 0.00000 0.00000 0.00000 0.00000 0.00000 0.00000 0.00000 0.00000 0.00000 0.00000 0.00000 0.00000 0.00000 0.00000 0.00000 0.00000 0.00000 0.00000 0.00000 0.00000 0.00000 0.00000 0.00000 0.00186 0.00558 0.00929 0.01298 0.01665 0.02035 0.02408 0.02770 0.03125 0.03492 0.07185 0.14167 0.21049 0.27962 0.35014 0.41957 0.48613 0.55456 0.62651 0.69504 0.72474 0.72388 0.72738 0.72660 0.72176 0.72070 0.72368 0.72361 0.72010 0.71774 0.71933 0.72077 0.71852 0.71501 0.71581 0.71817 0.71659 0.71245 0.71287 0.71585 0.71450 0.71009 0.71037 0.71370 0.71222 0.70794 0.70840 0.71174 0.70958 0.70606 0.70826 0.70974 0.70648 0.70458 0.70673 0.70790 0.70550 0.70328 0.70475 0.70649 0.70438 0.70132 0.70334 0.70559 0.70309 0.70025 0.70264 0.70384 0.70153 0.70064 0.70288 0.70182 0.69940 0.70083 0.70289 0.70029 0.69801 0.70110 0.70271 0.69877 0.69728 0.70178 0.70219 0.69752 0.69801 0.70187 0.70094 0.69972 0.69869 0.69861 0.70059 0.70143 0.69803 0.69721 0.70170 0.70214 0.69730 0.69764 0.70241 0.70171 0.69799 0.69932 0.70230 0.70053 0.69958 0.70163 0.70145 0.69933 0.70152 0.70349 0.70055 0.69953 0.70322 0.70453 0.70217 0.70054 0.70330 0.70518 0.70309 0.70196 0.70456 0.70522 0.70380 0.70481 0.70588 0.70326 0.70488 0.70789 0.70734 0.70376 0.70599 0.70946 0.70899 0.70850 0.70718 0.70784 0.71065 0.71099 0.70847 0.70913 0.71216 0.71191 0.71057 0.71204 0.71336 0.71233 0.71230 0.71485 0.71568 0.71359 0.71318 0.71652 0.71799 0.71603 0.71535 0.71744 0.71935 0.71916 0.71891 0.71831 0.71926 0.72193 0.72229 0.71979 0.72005 0.72309 0.72475 0.72354 0.72199 0.72383 0.69064 0.61764 0.54304 0.47145 0.40102 0.32811 0.25422 0.18183 0.10967 0.03657 0.00000 0.00000 0.00000 0.00000 0.00000 0.00000 0.00000 0.00000 0.00000 0.00000 0.00000 0.00000 0.00000 0.00000 0.00000 0.00000 0.00000 0.00000 0.00000 0.00000 0.00000 0.00000 0.00000 0.00000 0.00000 0.00000 0.00000 0.00000 0.00000 0.00000 0.00000 0.00000 0.00000 0.00000 0.00000 0.00000 0.00000 0.00000 0.00000 0.00000 0.00000 0.00000 0.00000 0.00000 0.00000 0.00000 0.00000 0.00000 0.00000 0.00000 0.00000 0.00000 0.00000 0.00000 0.00000 0.00000 0.00000 0.00000 0.00000 0.00000 0.00000 0.00000 0.00000 0.00000 0.00000
0.00000 0.00000 0.00000 0.00000 0.00000 0.00000 0.00000 0.00000 0.00000 0.00000 0.00000 0.00000 0.00000 0.00000 0.00000 0.00000 0.00000 0.00000 0.00000 0.00000 0.00000 0.00000 0.00000 0.00000 0.00000 0.00000 0.00000 0.00000 0.00000 0.00000 0.00000 0.00000 0.00000 0.00000 0.00000 0.00560 0.01678 0.02779 0.03886 0.05014 0.06115 0.07187 0.08299 0.09418 0.10487 0.14135 0.20401 0.26618 0.32739 0.38949 0.45187 0.51309 0.57400 0.63557 0.69675 0.72672 0.72620 0.72551 0.72459 0.72341 0.72221 0.72246 0.72301 0.72058 0.71809 0.71930 0.72102 0.71811 0.71518 0.71643 0.71839 0.71569 0.71274 0.71406 0.71587 0.71324 0.71051 0.71198 0.71353 0.71112 0.70834 0.70980 0.71148 0.70940 0.70739 0.70766 0.70630 0.70792 0.70919 0.70559 0.70374 0.70671 0.70785 0.70416 0.70228 0.70498 0.70646 0.70417 0.70095 0.70210 0.70534 0.70472 0.70002 0.69988 0.70458 0.70437 0.69958 0.69881 0.70352 0.70372 0.69929 0.69811 0.70204 0.70317 0.69972 0.69796 0.69996 0.70210 0.70144 0.69950 0.69808 0.69792 0.70245 0.70211 0.69784 0.69817 0.70219 0.70119 0.69847 0.69979 0.70106 0.69963 0.70027 0.70169 0.69978 0.69839 0.70201 0.70307 0.69950 0.69850 0.70326 0.70378 0.69939 0.69962 0.70365 0.70359 0.70243 0.70176 0.70035 0.70311 0.70552 0.70382 0.70140 0.70306 0.70625 0.70548 0.70283 0.70306 0.70702 0.70754 0.70426 0.70438 0.70791 0.70838 0.70607 0.70745 0.70887 0.70677 0.70821 0.71159 0.70920 0.70769 0.71147 0.71274 0.70913 0.70946 0.71401 0.71375 0.71080 0.71220 0.71511 0.71406 0.71259 0.71504 0.71720 0.71549 0.71425 0.71671 0.71879 0.71808 0.71718 0.71754 0.71905 0.72094 0.72104 0.71870 0.71904 0.72356 0.72393 0.72096 0.72106 0.72434 0.72610 0.72474 0.72308 0.68869 0.61898 0.54584 0.47139 0.39958 0.32867 0.25557 0.18187 0.10929 0.03663 0.00000 0.00000 0.00000 0.00000 0.00000 0.00000 0.00000 0.00000 0.00000 0.00000 0.00000 0.00000 0.00000 0.00000 0.00000 0.00000 0.00000 0.00000 0.00000 0.00000 0.00000 0.00000 0.00000 0.00000 0.00000 0.00000 0.00000 0.00000 0.00000 0.00000 0.00000 0.00000 0.00000 0.00000 0.00000 0.00000 0.00000 0.00000 0.00000 0.00000 0.00000 0.00000 0.00000 0.00000 0.00000 0.00000 0.00000 0.00000 0.00000 0.00000 0.00000 0.00000 0.00000 0.00000 0.00000 0.00000 0.00000 0.00000 0.00000 0.00000 0.00000 0.00000 0.00000 0.00000 0.00000
0.00000 0.00000 0.00000 0.00000 0.00000 0.00000 0.00000 0.00000 0.00000 0.00000 0.00000 0.00000 0.00000 0.00000 0.00000 0.00000 0.00000 0.00000 0.00000 0.00000 0.00000 0.00000 0.00000 0.00000 0.00000 0.00000 0.00000 0.00000 0.00000 0.00000 0.00000 0.00000 0.00000 0.00000 0.00000 0.00931 0.02787 0.04639 0.06494 0.08349 0.10174 0.11981 0.13820 0.15704 0.17522 0.21081 0.26555 0.32168 0.37654 0.42874 0.48292 0.53990 0.59424 0.64464 0.69832 0.72902 0.72819 0.72310 0.72231 0.72579 0.72517 0.72058 0.71926 0.72160 0.72231 0.71974 0.71645 0.71748 0.71964 0.71786 0.71385 0.71450 0.71726 0.71575 0.71145 0.71187 0.71509 0.71371 0.70930 0.70942 0.71309 0.71181 0.70731 0.70691 0.71121 0.71016 0.70556 0.70645 0.70953 0.70769 0.70399 0.70520 0.70816 0.70628 0.70240 0.70362 0.70674 0.70515 0.70119 0.70232 0.70514 0.70401 0.70117 0.70202 0.70343 0.70236 0.70098 0.70293 0.70236 0.69973 0.70059 0.70328 0.70132 0.69845 0.70083 0.70324 0.70010 0.69821 0.70126 0.70255 0.70097 0.69919 0.69879 0.70155 0.70243 0.69888 0.69796 0.70227 0.70299 0.69802 0.69803 0.70312 0.70287 0.69832 0.69905 0.70318 0.70220 0.69994 0.70111 0.70285 0.70122 0.70079 0.70307 0.70323 0.70068 0.70097 0.70503 0.70468 0.70101 0.70214 0.70595 0.70490 0.70233 0.70426 0.70608 0.70482 0.70449 0.70601 0.70514 0.70564 0.70759 0.70732 0.70481 0.70690 0.70970 0.70896 0.70644 0.70786 0.70987 0.71099 0.71146 0.70872 0.70895 0.71316 0.71291 0.71016 0.71140 0.71404 0.71346 0.71274 0.71473 0.71542 0.71394 0.71404 0.71725 0.71794 0.71575 0.71531 0.71844 0.72016 0.71870 0.71769 0.71900 0.72093 0.72195 0.72193 0.71996 0.72055 0.72416 0.72473 0.72261 0.72226 0.72483 0.72722 0.72640 0.68805 0.61687 0.54699 0.47407 0.39957 0.32731 0.25600 0.18295 0.10931 0.03647 0.00000 0.00000 0.00000 0.00000 0.00000 0.00000 0.00000 0.00000 0.00000 0.00000 0.00000 0.00000 0.00000 0.00000 0.00000 0.00000 0.00000 0.00000 0.00000 0.00000 0.00000 0.00000 0.00000 0.00000 0.00000 0.00000 0.00000 0.00000 0.00000 0.00000 0.00000 0.00000 0.00000 0.00000 0.00000 0.00000 0.00000 0.00000 0.00000 0.00000 0.00000 0.00000 0.00000 0.00000 0.00000 0.00000 0.00000 0.00000 0.00000 0.00000 0.00000 0.00000 0.00000 0.00000 0.00000 0.00000 0.00000 0.00000 0.00000 0.00000 0.00000 0.00000 0.00000 0.00000 0.00000
0.00000 0.00000 0.00000 0.00000 0.00000 0.00000 0.00000 0.00000 0.00000 0.00000 0.00000 0.00000 0.00000 0.00000 0.00000 0.00000 0.00000 0.00000 0.00000 0.00000 0.00000 0.00000 0.00000 0.00000 0.00000 0.00000 0.00000 0.00000 0.00000 0.00000 0.00000 0.00000 0.00000 0.00000 0.00000 0.01301 0.03895 0.06514 0.09108 0.11635 0.14215 0.16846 0.19397 0.21897 0.24462 0.28137 0.32855 0.37602 0.42316 0.47016 0.51691 0.56413 0.61055 0.65734 0.70454 0.72709 0.72532 0.72503 0.72511 0.72409 0.72284 0.72199 0.72040 0.72107 0.72256 0.71931 0.71686 0.71818 0.71979 0.71683 0.71426 0.71570 0.71733 0.71439 0.71188 0.71356 0.71495 0.71217 0.70981 0.71146 0.71258 0.71029 0.70835 0.70942 0.70972 0.70856 0.70899 0.70767 0.70562 0.70694 0.70849 0.70634 0.70396 0.70536 0.70712 0.70581 0.70272 0.70323 0.70574 0.70575 0.70152 0.70117 0.70460 0.70530 0.70040 0.69998 0.70441 0.70461 0.69986 0.69932 0.70397 0.70408 0.69961 0.69875 0.70228 0.70365 0.70089 0.69826 0.69984 0.70262 0.70290 0.70067 0.69902 0.69968 0.70325 0.70185 0.69902 0.70013 0.70216 0.70100 0.70062 0.70163 0.70054 0.69992 0.70261 0.70315 0.70010 0.69948 0.70372 0.70452 0.70028 0.69986 0.70389 0.70497 0.70159 0.70105 0.70286 0.70500 0.70514 0.70383 0.70211 0.70387 0.70704 0.70602 0.70323 0.70378 0.70785 0.70797 0.70455 0.70441 0.70861 0.70947 0.70615 0.70636 0.70968 0.71041 0.70803 0.70977 0.71030 0.70907 0.71076 0.71306 0.71027 0.70985 0.71406 0.71445 0.71103 0.71190 0.71552 0.71499 0.71292 0.71507 0.71714 0.71549 0.71449 0.71757 0.71934 0.71759 0.71638 0.71874 0.72065 0.72067 0.72011 0.71943 0.72025 0.72356 0.72399 0.72094 0.72139 0.72544 0.72617 0.72411 0.72335 0.72576 0.72845 0.69133 0.61662 0.54505 0.47488 0.40180 0.32747 0.25498 0.18321 0.10994 0.03650 0.00000 0.00000 0.00000 0.00000 0.00000 0.00000 0.00000 0.00000 0.00000 0.00000 0.00000 0.00000 0.00000 0.00000 0.00000 0.00000 0.00000 0.00000 0.00000 0.00000 0.00000 0.00000 0.00000 0.00000 0.00000 0.00000 0.00000 0.00000 0.00000 0.00000 0.00000 0.00000 0.00000 0.00000 0.00000 0.00000 0.00000 0.00000 0.00000 0.00000 0.00000 0.00000 0.00000 0.00000 0.00000 0.00000 0.00000 0.00000 0.00000 0.00000 0.00000 0.00000 0.00000 0.00000 0.00000 0.00000 0.00000 0.00000 0.00000 0.00000 0.00000 0.00000 0.00000 0.00000 0.00000
0.00000 0.00000 0.00000 0.00000 0.00000 0.00000 0.00000 0.00000 0.00000 0.00000 0.00000 0.00000 0.00000 0.00000 0.00000 0.00000 0.00000 0.00000 0.00000 0.00000 0.00000 0.00000 0.00000 0.00000 0.00000 0.00000 0.00000 0.00000 0.00000 0.00000 0.00000 0.00000 0.00000 0.00000 0.00000 0.01675 0.05026 0.08362 0.11670 0.14979 0.18309 0.21656 0.24916 0.28119 0.31399 0.35195 0.39214 0.42962 0.46943 0.51170 0.55164 0.58775 0.62725 0.67020 0.70973 0.72493 0.72397 0.72713 0.72674 0.72171 0.72087 0.72389 0.72385 0.72125 0.71795 0.71863 0.72114 0.71978 0.71528 0.71563 0.71869 0.71736 0.71283 0.71328 0.71647 0.71507 0.71062 0.71084 0.71443 0.71326 0.70858 0.70831 0.71255 0.71179 0.70673 0.70644 0.71083 0.71005 0.70509 0.70553 0.70938 0.70813 0.70368 0.70415 0.70778 0.70695 0.70251 0.70274 0.70595 0.70593 0.70236 0.70147 0.70425 0.70479 0.70222 0.70165 0.70344 0.70305 0.70079 0.70300 0.70348 0.70042 0.70034 0.70364 0.70248 0.69880 0.70045 0.70395 0.70223 0.69946 0.69904 0.70257 0.70335 0.70022 0.69839 0.70263 0.70373 0.69904 0.69858 0.70378 0.70377 0.69890 0.69911 0.70387 0.70360 0.70043 0.70069 0.70361 0.70323 0.70122 0.70244 0.70398 0.70260 0.70129 0.70427 0.70561 0.70216 0.70169 0.70641 0.70647 0.70290 0.70376 0.70655 0.70608 0.70487 0.70624 0.70646 0.70617 0.70746 0.70771 0.70614 0.70754 0.70985 0.70899 0.70711 0.70878 0.71105 0.71096 0.71101 0.70958 0.70947 0.71342 0.71373 0.71028 0.71098 0.71512 0.71472 0.71250 0.71411 0.71589 0.71485 0.71467 0.71747 0.71764 0.71567 0.71607 0.71936 0.72033 0.71812 0.71755 0.72030 0.72206 0.72150 0.72087 0.72080 0.72178 0.72465 0.72458 0.72224 0.72272 0.72596 0.72723 0.72596 0.72454 0.72650 0.69312 0.62006 0.54505 0.47293 0.40240 0.32946 0.25518 0.18238 0.11008 0.03672 0.00000 0.00000 0.00000 0.00000 0.00000 0.00000 0.00000 0.00000 0.00000 0.00000 0.00000 0.00000 0.00000 0.00000 0.00000 0.00000 0.00000 0.00000 0.00000 0.00000 0.00000 0.00000 0.00000 0.00000 0.00000 0.00000 0.00000 0.00000 0.00000 0.00000 0.00000 0.00000 0.00000 0.00000 0.00000 0.00000 0.00000 0.00000 0.00000 0.00000 0.00000 0.00000 0.00000 0.00000 0.00000 0.00000 0.00000 0.00000 0.00000 0.00000 0.00000 0.00000 0.00000 0.00000 0.00000 0.00000 0.00000 0.00000 0.00000 0.00000 0.00000 0.00000 0.00000 0.00000 0.00000
0.00000 0.00000 0.00000 0.00000 0.00000 0.00000 0.00000 0.00000 0.00000 0.00000 0.00000 0.00000 0.00000 0.00000 0.00000 0.00000 0.00000 0.00000 0.00000 0.00000 0.00000 0.00000 0.00000 0.00000 0.00000 0.00000 0.00000 0.00000 0.00000 0.00000 0.00000 0.00000 0.00000 0.00000 0.00000 0.02052 0.06150 0.10186 0.14242 0.18368 0.22428 0.26335 0.30382 0.34453 0.38505 0.42153 0.45291 0.48545 0.51858 0.55099 0.58214 0.61523 0.64813 0.67924 0.70985 0.72705 0.72773 0.72532 0.72292 0.72386 0.72431 0.72247 0.72070 0.72091 0.71925 0.71972 0.72064 0.71819 0.71619 0.71731 0.71843 0.71554 0.71348 0.71527 0.71639 0.71307 0.71117 0.71335 0.71404 0.71096 0.70950 0.71144 0.71142 0.70906 0.70889 0.70977 0.70814 0.70718 0.70876 0.70850 0.70583 0.70536 0.70764 0.70772 0.70456 0.70363 0.70619 0.70720 0.70362 0.70200 0.70480 0.70649 0.70263 0.70096 0.70389 0.70546 0.70099 0.70070 0.70452 0.70464 0.70008 0.70027 0.70439 0.70415 0.70020 0.69970 0.70212 0.70392 0.70286 0.69951 0.69981 0.70228 0.70405 0.70144 0.69974 0.70134 0.70367 0.70183 0.70057 0.70194 0.70201 0.70137 0.70285 0.70314 0.70076 0.70101 0.70437 0.70453 0.70065 0.70070 0.70450 0.70552 0.70202 0.70115 0.70432 0.70639 0.70447 0.70336 0.70357 0.70532 0.70709 0.70651 0.70374 0.70437 0.70855 0.70843 0.70512 0.70502 0.70925 0.70997 0.70647 0.70639 0.71033 0.71143 0.70811 0.70818 0.71133 0.71128 0.71046 0.71212 0.71150 0.71064 0.71352 0.71492 0.71168 0.71194 0.71613 0.71619 0.71309 0.71470 0.71750 0.71612 0.71494 0.71796 0.71931 0.71730 0.71643 0.71988 0.72147 0.71992 0.71903 0.72072 0.72225 0.72332 0.72355 0.72159 0.72188 0.72618 0.72640 0.72367 0.72376 0.72677 0.72849 0.72748 0.72570 0.69102 0.62122 0.54811 0.47316 0.40076 0.32986 0.25668 0.18260 0.10961 0.03677 0.00000 0.00000 0.00000 0.00000 0.00000 0.00000 0.00000 0.00000 0.00000 0.00000 0.00000 0.00000 0.00000 0.00000 0.00000 0.00000 0.00000 0.00000 0.00000 0.00000 0.00000 0.00000 0.00000 0.00000 0.00000 0.00000 0.00000 0.00000 0.00000 0.00000 0.00000 0.00000 0.00000 0.00000 0.00000 0.00000 0.00000 0.00000 0.00000 0.00000 0.00000 0.00000 0.00000 0.00000 0.00000 0.00000 0.00000 0.00000 0.00000 0.00000 0.00000 0.00000 0.00000 0.00000 0.00000 0.00000 0.00000 0.00000 0.00000 0.00000 0.00000 0.00000 0.00000 0.00000 0.00000
0.00000 0.00000 0.00000 0.00000 0.00000 0.00000 0.00000 0.00000 0.00000 0.00000 0.00000 0.00000 0.00000 0.00000 0.00000 0.00000 0.00000 0.00000 0.00000 0.00000 0.00000 0.00000 0.00000 0.00000 0.00000 0.00000 0.00000 0.00000 0.00000 0.00000 0.00000 0.00000 0.00000 0.00000 0.00000 0.02419 0.07237 0.12064 0.16892 0.21686 0.26390 0.31160 0.35992 0.40800 0.45485 0.48943 0.51510 0.54215 0.56754 0.58919 0.61427 0.64210 0.66738 0.68878 0.71310 0.72819 0.72820 0.72413 0.72261 0.72482 0.72533 0.72174 0.71958 0.71972 0.72262 0.72197 0.71679 0.71638 0.72011 0.71949 0.71428 0.71423 0.71783 0.71664 0.71204 0.71233 0.71567 0.71452 0.70999 0.70983 0.71371 0.71304 0.70810 0.70751 0.71187 0.71168 0.70651 0.70612 0.71017 0.70986 0.70534 0.70479 0.70847 0.70853 0.70448 0.70344 0.70631 0.70745 0.70418 0.70219 0.70447 0.70637 0.70415 0.70095 0.70357 0.70527 0.70278 0.70165 0.70461 0.70358 0.70034 0.70310 0.70459 0.70089 0.70045 0.70435 0.70350 0.69969 0.70027 0.70388 0.70408 0.70127 0.69939 0.70276 0.70442 0.70085 0.69937 0.70408 0.70464 0.69972 0.69967 0.70481 0.70467 0.70063 0.70066 0.70457 0.70476 0.70193 0.70201 0.70467 0.70458 0.70210 0.70351 0.70602 0.70425 0.70215 0.70480 0.70727 0.70385 0.70334 0.70614 0.70741 0.70557 0.70621 0.70692 0.70680 0.70781 0.70836 0.70714 0.70778 0.71010 0.70945 0.70781 0.70941 0.71174 0.71099 0.71072 0.71042 0.71069 0.71338 0.71411 0.71119 0.71091 0.71561 0.71576 0.71234 0.71349 0.71690 0.71610 0.71471 0.71717 0.71796 0.71622 0.71682 0.71980 0.71992 0.71783 0.71847 0.72140 0.72253 0.72064 0.72026 0.72226 0.72321 0.72433 0.72423 0.72299 0.72320 0.72675 0.72735 0.72562 0.72502 0.72745 0.72971 0.72935 0.69063 0.61905 0.54897 0.47607 0.40117 0.32840 0.25690 0.18368 0.10977 0.03660 0.00000 0.00000 0.00000 0.00000 0.00000 0.00000 0.00000 0.00000 0.00000 0.00000 0.00000 0.00000 0.00000 0.00000 0.00000 0.00000 0.00000 0.00000 0.00000 0.00000 0.00000 0.00000 0.00000 0.00000 0.00000 0.00000 0.00000 0.00000 0.00000 0.00000 0.00000 0.00000 0.00000 0.00000 0.00000 0.00000 0.00000 0.00000 0.00000 0.00000 0.00000 0.00000 0.00000 0.00000 0.00000 0.00000 0.00000 0.00000 0.00000 0.00000 0.00000 0.00000 0.00000 0.00000 0.00000 0.00000 0.00000 0.00000 0.00000 0.00000 0.00000 0.00000 0.00000 0.00000 0.00000
0.00000 0.00000 0.00000 0.00000 0.00000 0.00000 0.00000 0.00000 0.00000 0.00000 0.00000 0.00000 0.00000 0.00000 0.00000 0.00000 0.00000 0.00000 0.00000 0.00000 0.00000 0.00000 0.00000 0.00000 0.00000 0.00000 0.00000 0.00000 0.00000 0.00000 0.00000 0.00000 0.00000 0.00000 0.00000 0.02786 0.08344 0.13947 0.19515 0.24936 0.30435 0.36039 0.41593 0.47040 0.52330 0.55944 0.57917 0.59687 0.61217 0.63163 0.64999 0.66573 0.68189 0.70209 0.72061 0.72621 0.72409 0.72616 0.72679 0.72343 0.72092 0.72300 0.72405 0.72085 0.71953 0.72001 0.71940 0.71859 0.71839 0.71702 0.71572 0.71679 0.71756 0.71417 0.71266 0.71514 0.71563 0.71170 0.71064 0.71344 0.71311 0.70961 0.70953 0.71179 0.71036 0.70766 0.70901 0.71042 0.70789 0.70578 0.70806 0.70922 0.70644 0.70395 0.70662 0.70805 0.70556 0.70271 0.70517 0.70703 0.70484 0.70199 0.70396 0.70611 0.70379 0.70151 0.70381 0.70519 0.70157 0.70237 0.70500 0.70398 0.70019 0.70134 0.70464 0.70457 0.70236 0.70048 0.70126 0.70438 0.70446 0.70094 0.70004 0.70319 0.70472 0.70202 0.70034 0.70291 0.70404 0.70230 0.70238 0.70347 0.70246 0.70235 0.70469 0.70456 0.70170 0.70222 0.70525 0.70570 0.70247 0.70205 0.70519 0.70655 0.70455 0.70302 0.70486 0.70712 0.70695 0.70702 0.70449 0.70472 0.70885 0.70900 0.70552 0.70538 0.70972 0.71050 0.70707 0.70690 0.71074 0.71185 0.70856 0.70860 0.71217 0.71277 0.71045 0.71146 0.71261 0.71149 0.71320 0.71499 0.71280 0.71227 0.71627 0.71706 0.71344 0.71438 0.71816 0.71734 0.71529 0.71777 0.71964 0.71761 0.71715 0.72059 0.72152 0.71948 0.71852 0.72201 0.72383 0.72239 0.72253 0.72298 0.72337 0.72609 0.72645 0.72401 0.72399 0.72759 0.72872 0.72735 0.72616 0.72834 0.73100 0.69425 0.61897 0.54691 0.47665 0.40362 0.32880 0.25585 0.18388 0.11042 0.03667 0.00000 0.00000 0.00000 0.00000 0.00000 0.00000 0.00000 0.00000 0.00000 0.00000 0.00000 0.00000 0.00000 0.00000 0.00000 0.00000 0.00000 0.00000 0.00000 0.00000 0.00000 0.00000 0.00000 0.00000 0.00000 0.00000 0.00000 0.00000 0.00000 0.00000 0.00000 0.00000 0.00000 0.00000 0.00000 0.00000 0.00000 0.00000 0.00000 0.00000 0.00000 0.00000 0.00000 0.00000 0.00000 0.00000 0.00000 0.00000 0.00000 0.00000 0.00000 0.00000 0.00000 0.00000 0.00000 0.00000 0.00000 0.00000 0.00000 0.00000 0.00000 0.00000 0.00000 0.00000 0.00000
0.00000 0.00000 0.00000 0.00000 0.00000 0.00000 0.00000 0.00000 0.00000 0.00000 0.00000 0.00000 0.00000 0.00000 0.00000 0.00000 0.00000 0.00000 0.00000 0.00000 0.00000 0.00000 0.00000 0.00000 0.00000 0.00000 0.00000 0.00000 0.00000 0.00000 0.00000 0.00000 0.00000 0.00000 0.00000 0.03167 0.09495 0.15771 0.22008 0.28314 0.34647 0.40857 0.46892 0.53147 0.59544 0.63143 0.63965 0.64949 0.66112 0.67240 0.68307 0.69079 0.70078 0.71279 0.72390 0.72657 0.72464 0.72581 0.72652 0.72360 0.72150 0.72247 0.72389 0.72242 0.71853 0.71826 0.72146 0.72080 0.71579 0.71529 0.71924 0.71867 0.71347 0.71372 0.71697 0.71569 0.71155 0.71156 0.71474 0.71413 0.70979 0.70902 0.71273 0.71282 0.70825 0.70721 0.71081 0.71130 0.70705 0.70570 0.70888 0.70994 0.70641 0.70434 0.70673 0.70873 0.70616 0.70319 0.70478 0.70777 0.70601 0.70204 0.70328 0.70666 0.70580 0.70126 0.70365 0.70599 0.70181 0.70203 0.70617 0.70426 0.70071 0.70349 0.70522 0.70096 0.70105 0.70516 0.70444 0.70185 0.70091 0.70346 0.70506 0.70252 0.70047 0.70368 0.70528 0.70136 0.70052 0.70532 0.70566 0.70081 0.70116 0.70599 0.70589 0.70198 0.70208 0.70581 0.70595 0.70275 0.70334 0.70669 0.70622 0.70292 0.70427 0.70791 0.70683 0.70351 0.70418 0.70843 0.70710 0.70584 0.70635 0.70796 0.70864 0.70875 0.70752 0.70802 0.71056 0.71028 0.70833 0.70956 0.71237 0.71152 0.71030 0.71103 0.71290 0.71338 0.71426 0.71197 0.71130 0.71573 0.71629 0.71293 0.71342 0.71770 0.71718 0.71468 0.71667 0.71884 0.71732 0.71710 0.71983 0.71997 0.71807 0.71963 0.72202 0.72153 0.72020 0.72103 0.72350 0.72359 0.72314 0.72390 0.72469 0.72425 0.72695 0.72740 0.72605 0.72535 0.72796 0.72998 0.72916 0.72741 0.72938 0.69566 0.62250 0.54724 0.47476 0.40382 0.33067 0.25632 0.18311 0.11044 0.03685 0.00000 0.00000 0.00000 0.00000 0.00000 0.00000 0.00000 0.00000 0.00000 0.00000 0.00000 0.00000 0.00000 0.00000 0.00000 0.00000 0.00000 0.00000 0.00000 0.00000 0.00000 0.00000 0.00000 0.00000 0.00000 0.00000 0.00000 0.00000 0.00000 0.00000 0.00000 0.00000 0.00000 0.00000 0.00000 0.00000 0.00000 0.00000 0.00000 0.00000 0.00000 0.00000 0.00000 0.00000 0.00000 0.00000 0.00000 0.00000 0.00000 0.00000 0.00000 0.00000 0.00000 0.00000 0.00000 0.00000 0.00000 0.00000 0.00000 0.00000 0.00000 0.00000 0.00000 0.00000 0.00000
0.00000 0.00000 0.00000 0.00000 0.00000 0.00000 0.00000 0.00000 0.00000 0.00000 0.00000 0.00000 0.00000 0.00000 0.00000 0.00000 0.00000 0.00000 0.00000 0.00000 0.00000 0.00000 0.00000 0.00000 0.00000 0.00000 0.00000 0.00000 0.00000 0.00000 0.00000 0.00000 0.00000 0.00000 0.00000 0.03541 0.10615 0.17598 0.24591 0.31693 0.38743 0.45560 0.52426 0.59483 0.66579 0.70036 0.70112 0.70648 0.71050 0.71015 0.71237 0.71921 0.72234 0.72154 0.72390 0.72860 0.72842 0.72416 0.72261 0.72539 0.72565 0.72159 0.71979 0.72231 0.72259 0.71938 0.71791 0.71909 0.71915 0.71792 0.71669 0.71564 0.71453 0.71669 0.71735 0.71275 0.71181 0.71517 0.71495 0.71046 0.71029 0.71356 0.71234 0.70847 0.70949 0.71203 0.70993 0.70661 0.70852 0.71075 0.70833 0.70496 0.70708 0.70933 0.70740 0.70389 0.70560 0.70794 0.70671 0.70344 0.70430 0.70655 0.70595 0.70349 0.70369 0.70480 0.70442 0.70534 0.70440 0.70214 0.70207 0.70414 0.70564 0.70383 0.70120 0.70187 0.70346 0.70571 0.70504 0.70125 0.70072 0.70514 0.70543 0.70188 0.70074 0.70440 0.70555 0.70271 0.70174 0.70442 0.70484 0.70315 0.70390 0.70495 0.70366 0.70340 0.70552 0.70598 0.70359 0.70345 0.70580 0.70696 0.70509 0.70393 0.70572 0.70746 0.70718 0.70689 0.70547 0.70589 0.70923 0.70950 0.70562 0.70573 0.71029 0.71107 0.70768 0.70723 0.71113 0.71231 0.70941 0.70905 0.71245 0.71322 0.71093 0.71170 0.71353 0.71175 0.71306 0.71532 0.71383 0.71254 0.71610 0.71747 0.71424 0.71451 0.71874 0.71854 0.71565 0.71729 0.72042 0.71861 0.71777 0.72068 0.72157 0.71964 0.71987 0.72287 0.72419 0.72188 0.72230 0.72432 0.72465 0.72471 0.72614 0.72604 0.72490 0.72729 0.72901 0.72816 0.72650 0.72875 0.73129 0.73065 0.72861 0.69390 0.62360 0.55061 0.47511 0.40237 0.33103 0.25778 0.18343 0.11005 0.03686 0.00000 0.00000 0.00000 0.00000 0.00000 0.00000 0.00000 0.00000 0.00000 0.00000 0.00000 0.00000 0.00000 0.00000 0.00000 0.00000 0.00000 0.00000 0.00000 0.00000 0.00000 0.00000 0.00000 0.00000 0.00000 0.00000 0.00000 0.00000 0.00000 0.00000 0.00000 0.00000 0.00000 0.00000 0.00000 0.00000 0.00000 0.00000 0.00000 0.00000 0.00000 0.00000 0.00000 0.00000 0.00000 0.00000 0.00000 0.00000 0.00000 0.00000 0.00000 0.00000 0.00000 0.00000 0.00000 0.00000 0.00000 0.00000 0.00000 0.00000 0.00000 0.00000 0.00000 0.00000 0.00000
0.00000 0.00000 0.00000 0.00000 0.00000 0.00000 0.00000 0.00000 0.00000 0.00000 0.00000 0.00000 0.00000 0.00000 0.00000 0.00000 0.00000 0.00000 0.00000 0.00000 0.00000 0.00000 0.00000 0.00000 0.00000 0.00000 0.00000 0.00000 0.00000 0.00000 0.00000 0.00000 0.00000 0.00000 0.00000 0.03529 0.10567 0.17648 0.24705 0.31646 0.38531 0.45585 0.52701 0.59548 0.66228 0.69750 0.69922 0.69723 0.69486 0.69474 0.69469 0.69366 0.69341 0.69240 0.69078 0.69228 0.69640 0.69857 0.70023 0.70410 0.70848 0.71026 0.71165 0.71551 0.72065 0.72101 0.71763 0.71785 0.72045 0.71935 0.71495 0.71527 0.71840 0.71659 0.71305 0.71378 0.71588 0.71484 0.71151 0.71091 0.71358 0.71383 0.71005 0.70859 0.71153 0.71260 0.70885 0.70690 0.70954 0.71122 0.70809 0.70550 0.70745 0.70986 0.70775 0.70450 0.70544 0.70871 0.70755 0.70341 0.70383 0.70778 0.70714 0.70251 0.70243 0.70704 0.70594 0.70203 0.70524 0.70690 0.70265 0.70236 0.70675 0.70563 0.70131 0.70350 0.70514 0.70305 0.70260 0.70450 0.70509 0.70356 0.70197 0.70390 0.70592 0.70316 0.70176 0.70513 0.70626 0.70223 0.70183 0.70659 0.70672 0.70208 0.70270 0.70715 0.70698 0.70290 0.70370 0.70767 0.70730 0.70356 0.70484 0.70862 0.70830 0.70430 0.70539 0.70927 0.70996 0.70575 0.70549 0.70942 0.70996 0.70863 0.70739 0.70892 0.71126 0.71100 0.70868 0.70959 0.71291 0.71250 0.70995 0.71111 0.71423 0.71392 0.71331 0.71264 0.71257 0.71569 0.71635 0.71377 0.71392 0.71797 0.71774 0.71504 0.71654 0.71974 0.71855 0.71714 0.71958 0.72085 0.71896 0.72014 0.72224 0.72081 0.72038 0.72365 0.72429 0.72177 0.72263 0.72488 0.72591 0.72473 0.72499 0.72753 0.72811 0.72604 0.72655 0.73037 0.73026 0.72783 0.73000 0.73269 0.73155 0.69349 0.62193 0.55104 0.47733 0.40300 0.32994 0.25766 0.18429 0.11039 0.03677 0.00000 0.00000 0.00000 0.00000 0.00000 0.00000 0.00000 0.00000 0.00000 0.00000 0.00000 0.00000 0.00000 0.00000 0.00000 0.00000 0.00000 0.00000 0.00000 0.00000 0.00000 0.00000 0.00000 0.00000 0.00000 0.00000 0.00000 0.00000 0.00000 0.00000 0.00000 0.00000 0.00000 0.00000 0.00000 0.00000 0.00000 0.00000 0.00000 0.00000 0.00000 0.00000 0.00000 0.00000 0.00000 0.00000 0.00000 0.00000 0.00000 0.00000 0.00000 0.00000 0.00000 0.00000 0.00000 0.00000 0.00000 0.00000 0.00000 0.00000 0.00000 0.00000 0.00000 0.00000 0.00000
0.00000 0.00000 0.00000 0.00000 0.00000 0.00000 0.00000 0.00000 0.00000 0.00000 0.00000 0.00000 0.00000 0.00000 0.00000 0.00000 0.00000 0.00000 0.00000 0.00000 0.00000 0.00000 0.00000 0.00000 0.00000 0.00000 0.00000 0.00000 0.00000 0.00000 0.00000 0.00000 0.00000 0.00000 0.00000 0.03158 0.09459 0.15792 0.22104 0.28285 0.34480 0.40833 0.47152 0.53199 0.59257 0.62532 0.62575 0.62226 0.62086 0.62380 0.62303 0.61892 0.61837 0.62110 0.62035 0.62179 0.63206 0.64575 0.65615 0.66277 0.67269 0.68662 0.69730 0.70372 0.71335 0.72162 0.72175 0.71840 0.71622 0.71768 0.71889 0.71796 0.71679 0.71409 0.71337 0.71670 0.71672 0.71159 0.71110 0.71508 0.71442 0.70958 0.70994 0.71350 0.71206 0.70775 0.70898 0.71213 0.71028 0.70633 0.70761 0.71061 0.70918 0.70532 0.70616 0.70910 0.70838 0.70473 0.70484 0.70760 0.70773 0.70479 0.70396 0.70569 0.70670 0.70593 0.70401 0.70278 0.70492 0.70676 0.70487 0.70235 0.70352 0.70506 0.70510 0.70539 0.70552 0.70229 0.70155 0.70678 0.70623 0.70199 0.70139 0.70615 0.70659 0.70277 0.70177 0.70576 0.70656 0.70349 0.70309 0.70602 0.70615 0.70408 0.70479 0.70659 0.70564 0.70436 0.70582 0.70763 0.70627 0.70476 0.70620 0.70826 0.70779 0.70638 0.70643 0.70831 0.70961 0.70940 0.70635 0.70709 0.71103 0.71125 0.70786 0.70788 0.71192 0.71278 0.71024 0.70941 0.71253 0.71378 0.71198 0.71170 0.71378 0.71374 0.71350 0.71593 0.71480 0.71280 0.71578 0.71778 0.71526 0.71480 0.71878 0.71923 0.71614 0.71708 0.72116 0.71994 0.71810 0.72029 0.72251 0.72053 0.72118 0.72314 0.72256 0.72207 0.72439 0.72520 0.72397 0.72426 0.72633 0.72713 0.72566 0.72615 0.72917 0.72951 0.72713 0.72786 0.73173 0.73160 0.72910 0.73162 0.73405 0.69613 0.62160 0.54932 0.47846 0.40486 0.33032 0.25698 0.18437 0.11082 0.03687 0.00000 0.00000 0.00000 0.00000 0.00000 0.00000 0.00000 0.00000 0.00000 0.00000 0.00000 0.00000 0.00000 0.00000 0.00000 0.00000 0.00000 0.00000 0.00000 0.00000 0.00000 0.00000 0.00000 0.00000 0.00000 0.00000 0.00000 0.00000 0.00000 0.00000 0.00000 0.00000 0.00000 0.00000 0.00000 0.00000 0.00000 0.00000 0.00000 0.00000 0.00000 0.00000 0.00000 0.00000 0.00000 0.00000 0.00000 0.00000 0.00000 0.00000 0.00000 0.00000 0.00000 0.00000 0.00000 0.00000 0.00000 0.00000 0.00000 0.00000 0.00000 0.00000 0.00000 0.00000 0.00000
0.00000 0.00000 0.00000 0.00000 0.00000 0.00000 0.00000 0.00000 0.00000 0.00000 0.00000 0.00000 0.00000 0.00000 0.00000 0.00000 0.00000 0.00000 0.00000 0.00000 0.00000 0.00000 0.00000 0.00000 0.00000 0.00000 0.00000 0.00000 0.00000 0.00000 0.00000 0.00000 0.00000 0.00000 0.00000 0.02796 0.08380 0.13895 0.19406 0.25006 0.30582 0.35999 0.41376 0.46960 0.52577 0.55130 0.54921 0.55015 0.55058 0.54842 0.54769 0.54826 0.54733 0.54583 0.54596 0.55513 0.57191 0.58914 0.60753 0.62505 0.64178 0.65949 0.67780 0.69477 0.71108 0.72025 0.72101 0.71914 0.71676 0.71845 0.71979 0.71575 0.71466 0.71730 0.71715 0.71459 0.71310 0.71365 0.71466 0.71420 0.71175 0.71058 0.71245 0.71346 0.71053 0.70848 0.71042 0.71225 0.70964 0.70695 0.70847 0.71085 0.70906 0.70590 0.70657 0.70954 0.70876 0.70497 0.70483 0.70856 0.70842 0.70401 0.70347 0.70782 0.70772 0.70314 0.70344 0.70761 0.70575 0.70273 0.70592 0.70758 0.70371 0.70234 0.70632 0.70582 0.70441 0.70398 0.70459 0.70459 0.70403 0.70479 0.70589 0.70437 0.70316 0.70530 0.70680 0.70384 0.70307 0.70656 0.70724 0.70345 0.70342 0.70788 0.70756 0.70353 0.70447 0.70848 0.70790 0.70420 0.70564 0.70938 0.70871 0.70504 0.70657 0.71009 0.71059 0.70634 0.70660 0.71069 0.71151 0.70831 0.70738 0.71048 0.71212 0.71116 0.70898 0.71037 0.71350 0.71338 0.71031 0.71087 0.71494 0.71500 0.71203 0.71281 0.71552 0.71614 0.71563 0.71463 0.71520 0.71791 0.71787 0.71587 0.71693 0.72020 0.71937 0.71732 0.71938 0.72185 0.72026 0.71995 0.72214 0.72287 0.72121 0.72448 0.72463 0.72169 0.72295 0.72689 0.72664 0.72468 0.72512 0.72809 0.72869 0.72667 0.72693 0.73066 0.73131 0.72841 0.72941 0.73317 0.73278 0.73046 0.73332 0.69855 0.62296 0.54973 0.47744 0.40524 0.33146 0.25769 0.18403 0.11063 0.03697 0.00000 0.00000 0.00000 0.00000 0.00000 0.00000 0.00000 0.00000 0.00000 0.00000 0.00000 0.00000 0.00000 0.00000 0.00000 0.00000 0.00000 0.00000 0.00000 0.00000 0.00000 0.00000 0.00000 0.00000 0.00000 0.00000 0.00000 0.00000 0.00000 0.00000 0.00000 0.00000 0.00000 0.00000 0.00000 0.00000 0.00000 0.00000 0.00000 0.00000 0.00000 0.00000 0.00000 0.00000 0.00000 0.00000 0.00000 0.00000 0.00000 0.00000 0.00000 0.00000 0.00000 0.00000 0.00000 0.00000 0.00000 0.00000 0.00000 0.00000 0.00000 0.00000 0.00000 0.00000 0.00000
0.00000 0.00000 0.00000 0.00000 0.00000 0.00000 0.00000 0.00000 0.00000 0.00000 0.00000 0.00000 0.00000 0.00000 0.00000 0.00000 0.00000 0.00000 0.00000 0.00000 0.00000 0.00000 0.00000 0.00000 0.00000 0.00000 0.00000 0.00000 0.00000 0.00000 0.00000 0.00000 0.00000 0.00000 0.00000 0.02421 0.07255 0.12048 0.16828 0.21672 0.26499 0.31175 0.35864 0.40743 0.45561 0.47711 0.47597 0.47773 0.47734 0.47446 0.47412 0.47605 0.47518 0.47227 0.47219 0.48687 0.51160 0.53368 0.55866 0.58669 0.61152 0.63257 0.65725 0.68584 0.71072 0.71854 0.71761 0.72071 0.72109 0.71880 0.71554 0.71546 0.71693 0.71818 0.71683 0.71285 0.71268 0.71651 0.71613 0.71084 0.71055 0.71490 0.71424 0.70907 0.70935 0.71339 0.71238 0.70764 0.70814 0.71186 0.71101 0.70661 0.70682 0.71042 0.70997 0.70590 0.70559 0.70891 0.70926 0.70570 0.70458 0.70724 0.70849 0.70620 0.70421 0.70468 0.70730 0.70779 0.70453 0.70267 0.70592 0.70797 0.70475 0.70300 0.70606 0.70501 0.70310 0.70659 0.70714 0.70255 0.70231 0.70760 0.70751 0.70299 0.70254 0.70724 0.70774 0.70369 0.70303 0.70722 0.70785 0.70439 0.70414 0.70772 0.70788 0.70500 0.70541 0.70842 0.70805 0.70543 0.70621 0.70940 0.70885 0.70624 0.70698 0.70980 0.71006 0.70842 0.70752 0.70945 0.71176 0.71108 0.70823 0.70914 0.71299 0.71290 0.71043 0.71002 0.71346 0.71438 0.71320 0.71181 0.71340 0.71509 0.71477 0.71482 0.71517 0.71466 0.71603 0.71780 0.71635 0.71541 0.71840 0.71964 0.71682 0.71729 0.72137 0.72102 0.71836 0.71987 0.72346 0.72194 0.72049 0.72285 0.72415 0.72301 0.72531 0.72547 0.72344 0.72468 0.72724 0.72769 0.72593 0.72657 0.72955 0.73010 0.72779 0.72793 0.73210 0.73252 0.72969 0.73084 0.73448 0.73403 0.73181 0.69776 0.62618 0.55114 0.47729 0.40436 0.33221 0.25849 0.18437 0.11056 0.03695 0.00000 0.00000 0.00000 0.00000 0.00000 0.00000 0.00000 0.00000 0.00000 0.00000 0.00000 0.00000 0.00000 0.00000 0.00000 0.00000 0.00000 0.00000 0.00000 0.00000 0.00000 0.00000 0.00000 0.00000 0.00000 0.00000 0.00000 0.00000 0.00000 0.00000 0.00000 0.00000 0.00000 0.00000 0.00000 0.00000 0.00000 0.00000 0.00000 0.00000 0.00000 0.00000 0.00000 0.00000 0.00000 0.00000 0.00000 0.00000 0.00000 0.00000 0.00000 0.00000 0.00000 0.00000 0.00000 0.00000 0.00000 0.00000 0.00000 0.00000 0.00000 0.00000 0.00000 0.00000 0.00000
0.00000 0.00000 0.00000 0.00000 0.00000 0.00000 0.00000 0.00000 0.00000 0.00000 0.00000 0.00000 0.00000 0.00000 0.00000 0.00000 0.00000 0.00000 0.00000 0.00000 0.00000 0.00000 0.00000 0.00000 0.00000 0.00000 0.00000 0.00000 0.00000 0.00000 0.00000 0.00000 0.00000 0.00000 0.00000 0.02041 0.06114 0.10222 0.14306 0.18303 0.22305 0.26418 0.30510 0.34427 0.38347 0.40456 0.40483 0.40290 0.40218 0.40315 0.40263 0.40089 0.40090 0.40163 0.40064 0.41565 0.44849 0.48158 0.51325 0.54468 0.57710 0.60963 0.64140 0.67302 0.70492 0.72062 0.71978 0.71991 0.71913 0.71718 0.71677 0.71919 0.71806 0.71418 0.71482 0.71701 0.71583 0.71363 0.71329 0.71357 0.71361 0.71344 0.71206 0.71077 0.71150 0.71272 0.71108 0.70887 0.70960 0.71154 0.71029 0.70757 0.70787 0.71027 0.70979 0.70659 0.70621 0.70928 0.70940 0.70567 0.70483 0.70847 0.70893 0.70475 0.70377 0.70807 0.70816 0.70385 0.70546 0.70823 0.70587 0.70344 0.70579 0.70785 0.70621 0.70354 0.70345 0.70627 0.70685 0.70546 0.70536 0.70523 0.70496 0.70613 0.70692 0.70510 0.70451 0.70674 0.70762 0.70506 0.70476 0.70780 0.70804 0.70503 0.70533 0.70893 0.70836 0.70539 0.70667 0.70988 0.70885 0.70611 0.70776 0.71076 0.71022 0.70708 0.70829 0.71164 0.71233 0.70833 0.70823 0.71215 0.71320 0.71060 0.70943 0.71231 0.71416 0.71377 0.71081 0.71121 0.71553 0.71601 0.71221 0.71262 0.71676 0.71733 0.71449 0.71511 0.71715 0.71829 0.71757 0.71682 0.71789 0.72043 0.71979 0.71780 0.71953 0.72236 0.72145 0.71984 0.72186 0.72449 0.72262 0.72190 0.72450 0.72323 0.72390 0.72688 0.72698 0.72496 0.72577 0.72893 0.72910 0.72708 0.72774 0.73111 0.73154 0.72900 0.72936 0.73356 0.73376 0.73105 0.73266 0.73586 0.73395 0.69667 0.62583 0.55324 0.47837 0.40497 0.33178 0.25847 0.18482 0.11100 0.03696 0.00000 0.00000 0.00000 0.00000 0.00000 0.00000 0.00000 0.00000 0.00000 0.00000 0.00000 0.00000 0.00000 0.00000 0.00000 0.00000 0.00000 0.00000 0.00000 0.00000 0.00000 0.00000 0.00000 0.00000 0.00000 0.00000 0.00000 0.00000 0.00000 0.00000 0.00000 0.00000 0.00000 0.00000 0.00000 0.00000 0.00000 0.00000 0.00000 0.00000 0.00000 0.00000 0.00000 0.00000 0.00000 0.00000 0.00000 0.00000 0.00000 0.00000 0.00000 0.00000 0.00000 0.00000 0.00000 0.00000 0.00000 0.00000 0.00000 0.00000 0.00000 0.00000 0.00000 0.00000 0.00000
0.00000 0.00000 0.00000 0.00000 0.00000 0.00000 0.00000 0.00000 0.00000 0.00000 0.00000 0.00000 0.00000 0.00000 0.00000 0.00000 0.00000 0.00000 0.00000 0.00000 0.00000 0.00000 0.00000 0.00000 0.00000 0.00000 0.00000 0.00000 0.00000 0.00000 0.00000 0.00000 0.00000 0.00000 0.00000 0.01673 0.05009 0.08355 0.11695 0.14979 0.18256 0.21619 0.24957 0.28146 0.31382 0.33136 0.33115 0.32930 0.32908 0.33024 0.32953 0.32771 0.32786 0.32895 0.32818 0.34627 0.38622 0.42781 0.46708 0.50385 0.54336 0.58586 0.62511 0.66030 0.69948 0.72274 0.72253 0.71795 0.71675 0.71809 0.72009 0.71986 0.71577 0.71395 0.71602 0.71793 0.71622 0.71209 0.71238 0.71628 0.71562 0.71043 0.71019 0.71465 0.71425 0.70899 0.70880 0.71312 0.71282 0.70781 0.70756 0.71171 0.71156 0.70703 0.70644 0.71030 0.71068 0.70659 0.70544 0.70887 0.70989 0.70655 0.70492 0.70725 0.70898 0.70761 0.70484 0.70407 0.70799 0.70899 0.70502 0.70357 0.70726 0.70898 0.70438 0.70426 0.70816 0.70569 0.70343 0.70816 0.70844 0.70341 0.70383 0.70849 0.70857 0.70422 0.70383 0.70842 0.70892 0.70486 0.70436 0.70866 0.70940 0.70540 0.70525 0.70957 0.70976 0.70604 0.70618 0.71027 0.71031 0.70658 0.70715 0.71117 0.71078 0.70784 0.70846 0.71139 0.71216 0.71052 0.70914 0.71087 0.71376 0.71298 0.71035 0.71114 0.71488 0.71483 0.71373 0.71226 0.71329 0.71601 0.71629 0.71439 0.71460 0.71653 0.71724 0.71740 0.71713 0.71675 0.71833 0.71981 0.71807 0.71794 0.72137 0.72179 0.71873 0.71981 0.72393 0.72336 0.72074 0.72236 0.72566 0.72454 0.72359 0.72517 0.72436 0.72575 0.72792 0.72786 0.72621 0.72743 0.73023 0.73025 0.72824 0.72908 0.73259 0.73277 0.73021 0.73053 0.73491 0.73492 0.73237 0.73367 0.73719 0.69896 0.62448 0.55228 0.48043 0.40603 0.33189 0.25830 0.18502 0.11118 0.03705 0.00000 0.00000 0.00000 0.00000 0.00000 0.00000 0.00000 0.00000 0.00000 0.00000 0.00000 0.00000 0.00000 0.00000 0.00000 0.00000 0.00000 0.00000 0.00000 0.00000 0.00000 0.00000 0.00000 0.00000 0.00000 0.00000 0.00000 0.00000 0.00000 0.00000 0.00000 0.00000 0.00000 0.00000 0.00000 0.00000 0.00000 0.00000 0.00000 0.00000 0.00000 0.00000 0.00000 0.00000 0.00000 0.00000 0.00000 0.00000 0.00000 0.00000 0.00000 0.00000 0.00000 0.00000 0.00000 0.00000 0.00000 0.00000 0.00000 0.00000 0.00000 0.00000 0.00000 0.00000 0.00000
0.00000 0.00000 0.00000 0.00000 0.00000 0.00000 0.00000 0.00000 0.00000 0.00000 0.00000 0.00000 0.00000 0.00000 0.00000 0.00000 0.00000 0.00000 0.00000 0.00000 0.00000 0.00000 0.00000 0.00000 0.00000 0.00000 0.00000 0.00000 0.00000 0.00000 0.00000 0.00000 0.00000 0.00000 0.00000 0.01305 0.03911 0.06482 0.09055 0.11673 0.14271 0.16787 0.19309 0.21938 0.24533 0.25697 0.25643 0.25715 0.25690 0.25562 0.25560 0.25624 0.25559 0.25450 0.25470 0.27890 0.32543 0.37139 0.41863 0.46636 0.51274 0.55826 0.60471 0.65225 0.69908 0.72081 0.71903 0.71961 0.72131 0.71958 0.71636 0.71599 0.71737 0.71897 0.71643 0.71351 0.71491 0.71686 0.71491 0.71266 0.71344 0.71402 0.71280 0.71227 0.71242 0.71159 0.71081 0.71161 0.71157 0.70978 0.70913 0.71071 0.71081 0.70845 0.70770 0.70988 0.71025 0.70735 0.70639 0.70921 0.70976 0.70639 0.70519 0.70868 0.70912 0.70543 0.70602 0.70871 0.70738 0.70461 0.70705 0.70874 0.70647 0.70435 0.70540 0.70808 0.70850 0.70575 0.70420 0.70635 0.70694 0.70729 0.70722 0.70593 0.70594 0.70752 0.70799 0.70639 0.70606 0.70790 0.70851 0.70677 0.70654 0.70885 0.70896 0.70702 0.70757 0.70990 0.70918 0.70757 0.70906 0.71111 0.70986 0.70830 0.70999 0.71229 0.71182 0.70875 0.70965 0.71341 0.71416 0.71011 0.71008 0.71411 0.71498 0.71259 0.71141 0.71457 0.71633 0.71643 0.71288 0.71360 0.71753 0.71806 0.71441 0.71511 0.71860 0.71929 0.71713 0.71766 0.71917 0.72061 0.71997 0.71884 0.72011 0.72276 0.72234 0.72022 0.72173 0.72474 0.72415 0.72232 0.72407 0.72629 0.72546 0.72557 0.72680 0.72583 0.72682 0.72936 0.72937 0.72757 0.72872 0.73172 0.73158 0.72944 0.73053 0.73402 0.73406 0.73152 0.73236 0.73632 0.73572 0.73373 0.73598 0.70148 0.62609 0.55228 0.47995 0.40680 0.33262 0.25898 0.18505 0.11103 0.03709 0.00000 0.00000 0.00000 0.00000 0.00000 0.00000 0.00000 0.00000 0.00000 0.00000 0.00000 0.00000 0.00000 0.00000 0.00000 0.00000 0.00000 0.00000 0.00000 0.00000 0.00000 0.00000 0.00000 0.00000 0.00000 0.00000 0.00000 0.00000 0.00000 0.00000 0.00000 0.00000 0.00000 0.00000 0.00000 0.00000 0.00000 0.00000 0.00000 0.00000 0.00000 0.00000 0.00000 0.00000 0.00000 0.00000 0.00000 0.00000 0.00000 0.00000 0.00000 0.00000 0.00000 0.00000 0.00000 0.00000 0.00000 0.00000 0.00000 0.00000 0.00000 0.00000 0.00000 0.00000 0.00000
0.00000 0.00000 0.00000 0.00000 0.00000 0.00000 0.00000 0.00000 0.00000 0.00000 0.00000 0.00000 0.00000 0.00000 0.00000 0.00000 0.00000 0.00000 0.00000 0.00000 0.00000 0.00000 0.00000 0.00000 0.00000 0.00000 0.00000 0.00000 0.00000 0.00000 0.00000 0.00000 0.00000 0.00000 0.00000 0.00931 0.02790 0.04634 0.06472 0.08336 0.10189 0.11987 0.13797 0.15679 0.17519 0.18340 0.18322 0.18385 0.18347 0.18249 0.18260 0.18315 0.18261 0.18171 0.18189 0.20980 0.26386 0.31674 0.37117 0.42718 0.48086 0.53196 0.58595 0.64297 0.69662 0.71888 0.71843 0.72136 0.72176 0.71945 0.71612 0.71648 0.71940 0.71940 0.71527 0.71321 0.71590 0.71758 0.71530 0.71170 0.71264 0.71597 0.71488 0.71036 0.71032 0.71432 0.71401 0.70922 0.70869 0.71288 0.71298 0.70822 0.70745 0.71160 0.71201 0.70758 0.70645 0.71037 0.71120 0.70711 0.70579 0.70947 0.71029 0.70710 0.70559 0.70782 0.70954 0.70950 0.70560 0.70506 0.70868 0.70982 0.70549 0.70436 0.70878 0.70914 0.70481 0.70672 0.70943 0.70569 0.70450 0.70914 0.70955 0.70482 0.70509 0.70958 0.70982 0.70548 0.70523 0.70970 0.71040 0.70612 0.70579 0.71035 0.71098 0.70654 0.70665 0.71144 0.71156 0.70720 0.70729 0.71212 0.71193 0.70802 0.70902 0.71309 0.71258 0.70972 0.71039 0.71259 0.71396 0.71304 0.71116 0.71236 0.71522 0.71511 0.71294 0.71307 0.71531 0.71678 0.71688 0.71479 0.71439 0.71779 0.71884 0.71711 0.71716 0.71820 0.71885 0.71996 0.71960 0.71889 0.72105 0.72234 0.71953 0.72021 0.72445 0.72448 0.72130 0.72212 0.72640 0.72621 0.72354 0.72464 0.72688 0.72739 0.72768 0.72754 0.72687 0.72859 0.73091 0.73029 0.72868 0.73031 0.73322 0.73277 0.73058 0.73186 0.73539 0.73527 0.73276 0.73366 0.73765 0.73713 0.73505 0.69979 0.62891 0.55402 0.47948 0.40642 0.33357 0.25943 0.18525 0.11116 0.03710 0.00000 0.00000 0.00000 0.00000 0.00000 0.00000 0.00000 0.00000 0.00000 0.00000 0.00000 0.00000 0.00000 0.00000 0.00000 0.00000 0.00000 0.00000 0.00000 0.00000 0.00000 0.00000 0.00000 0.00000 0.00000 0.00000 0.00000 0.00000 0.00000 0.00000 0.00000 0.00000 0.00000 0.00000 0.00000 0.00000 0.00000 0.00000 0.00000 0.00000 0.00000 0.00000 0.00000 0.00000 0.00000 0.00000 0.00000 0.00000 0.00000 0.00000 0.00000 0.00000 0.00000 0.00000 0.00000 0.00000 0.00000 0.00000 0.00000 0.00000 0.00000 0.00000 0.00000 0.00000 0.00000
0.00000 0.00000 0.00000 0.00000 0.00000 0.00000 0.00000 0.00000 0.00000 0.00000 0.00000 0.00000 0.00000 0.00000 0.00000 0.00000 0.00000 0.00000 0.00000 0.00000 0.00000 0.00000 0.00000 0.00000 0.00000 0.00000 0.00000 0.00000 0.00000 0.00000 0.00000 0.00000 0.00000 0.00000 0.00000 0.00557 0.01667 0.02787 0.03901 0.04991 0.06083 0.07207 0.08320 0.09385 0.10462 0.11042 0.11037 0.10982 0.10979 0.11005 0.10978 0.10930 0.10943 0.10965 0.10928 0.13972 0.20168 0.26393 0.32490 0.38524 0.44693 0.50935 0.57015 0.62948 0.69007 0.72215 0.72255 0.71980 0.71744 0.71901 0.72093 0.71900 0.71574 0.71556 0.71690 0.71841 0.71608 0.71301 0.71473 0.71683 0.71437 0.71173 0.71361 0.71470 0.71220 0.71106 0.71285 0.71257 0.71039 0.71062 0.71201 0.71071 0.70901 0.71022 0.71123 0.70925 0.70793 0.70981 0.71056 0.70801 0.70689 0.70949 0.70979 0.70697 0.70717 0.70938 0.70826 0.70598 0.70919 0.70956 0.70615 0.70534 0.70819 0.70948 0.70746 0.70598 0.70713 0.70831 0.70885 0.70825 0.70852 0.70638 0.70708 0.70893 0.70869 0.70727 0.70722 0.70853 0.70922 0.70823 0.70755 0.70890 0.70976 0.70874 0.70837 0.70987 0.70987 0.70917 0.71014 0.71104 0.70994 0.70964 0.71177 0.71293 0.71087 0.70971 0.71188 0.71400 0.71425 0.71035 0.71107 0.71530 0.71597 0.71183 0.71215 0.71626 0.71711 0.71404 0.71343 0.71684 0.71839 0.71708 0.71498 0.71669 0.71961 0.71969 0.71718 0.71806 0.72041 0.72066 0.72017 0.72031 0.72093 0.72275 0.72300 0.72121 0.72195 0.72447 0.72542 0.72330 0.72372 0.72737 0.72727 0.72507 0.72618 0.72763 0.72837 0.72929 0.72921 0.72821 0.72979 0.73233 0.73163 0.72994 0.73173 0.73459 0.73403 0.73188 0.73342 0.73670 0.73640 0.73408 0.73557 0.73890 0.73794 0.69967 0.62787 0.55554 0.48076 0.40687 0.33348 0.25954 0.18547 0.11153 0.03717 0.00000 0.00000 0.00000 0.00000 0.00000 0.00000 0.00000 0.00000 0.00000 0.00000 0.00000 0.00000 0.00000 0.00000 0.00000 0.00000 0.00000 0.00000 0.00000 0.00000 0.00000 0.00000 0.00000 0.00000 0.00000 0.00000 0.00000 0.00000 0.00000 0.00000 0.00000 0.00000 0.00000 0.00000 0.00000 0.00000 0.00000 0.00000 0.00000 0.00000 0.00000 0.00000 0.00000 0.00000 0.00000 0.00000 0.00000 0.00000 0.00000 0.00000 0.00000 0.00000 0.00000 0.00000 0.00000 0.00000 0.00000 0.00000 0.00000 0.00000 0.00000 0.00000 0.00000 0.00000 0.00000
0.00000 0.00000 0.00000 0.00000 0.00000 0.00000 0.00000 0.00000 0.00000 0.00000 0.00000 0.00000 0.00000 0.00000 0.00000 0.00000 0.00000 0.00000 0.00000 0.00000 0.00000 0.00000 0.00000 0.00000 0.00000 0.00000 0.00000 0.00000 0.00000 0.00000 0.00000 0.00000 0.00000 0.00000 0.00000 0.00186 0.00556 0.00929 0.01300 0.01664 0.02028 0.02403 0.02773 0.03125 0.03488 0.03684 0.03679 0.03658 0.03659 0.03671 0.03661 0.03643 0.03647 0.03656 0.03645 0.07076 0.13985 0.20947 0.27794 0.34521 0.41417 0.48471 0.55251 0.61773 0.68634 0.72354 0.72272 0.71862 0.71785 0.72038 0.72105 0.71958 0.71555 0.71549 0.71906 0.71876 0.71443 0.71279 0.71626 0.71729 0.71412 0.71159 0.71339 0.71565 0.71392 0.71058 0.71101 0.71400 0.71365 0.70966 0.70910 0.71276 0.71311 0.70864 0.70773 0.71174 0.71237 0.70798 0.70681 0.71100 0.71163 0.70724 0.70639 0.71060 0.71082 0.70687 0.70637 0.70825 0.71004 0.71005 0.70646 0.70633 0.70949 0.71005 0.70646 0.70509 0.71016 0.70964 0.70570 0.70882 0.71031 0.70645 0.70629 0.71025 0.71072 0.70621 0.70635 0.71091 0.71132 0.70687 0.70677 0.71124 0.71180 0.70760 0.70755 0.71208 0.71265 0.70799 0.70815 0.71314 0.71316 0.70890 0.70900 0.71386 0.71371 0.71012 0.71149 0.71462 0.71405 0.71349 0.71264 0.71330 0.71532 0.71562 0.71375 0.71407 0.71628 0.71737 0.71622 0.71541 0.71636 0.71878 0.71860 0.71747 0.71745 0.71921 0.71929 0.72026 0.72071 0.71971 0.72026 0.72296 0.72242 0.72083 0.72423 0.72527 0.72232 0.72241 0.72655 0.72731 0.72414 0.72456 0.72908 0.72924 0.72649 0.72699 0.72811 0.73014 0.73130 0.73010 0.72921 0.73153 0.73381 0.73260 0.73110 0.73322 0.73589 0.73531 0.73315 0.73475 0.73800 0.73785 0.73543 0.73681 0.74035 0.70274 0.62716 0.55455 0.48254 0.40791 0.33339 0.25967 0.18583 0.11158 0.03723 0.00000 0.00000 0.00000 0.00000 0.00000 0.00000 0.00000 0.00000 0.00000 0.00000 0.00000 0.00000 0.00000 0.00000 0.00000 0.00000 0.00000 0.00000 0.00000 0.00000 0.00000 0.00000 0.00000 0.00000 0.00000 0.00000 0.00000 0.00000 0.00000 0.00000 0.00000 0.00000 0.00000 0.00000 0.00000 0.00000 0.00000 0.00000 0.00000 0.00000 0.00000 0.00000 0.00000 0.00000 0.00000 0.00000 0.00000 0.00000 0.00000 0.00000 0.00000 0.00000 0.00000 0.00000 0.00000 0.00000 0.00000 0.00000 0.00000 0.00000 0.00000 0.00000 0.00000 0.00000 0.00000
0.00000 0.00000 0.00000 0.00000 0.00000 0.00000 0.00000 0.00000 0.00000 0.00000 0.00000 0.00000 0.00000 0.00000 0.00000 0.00000 0.00000 0.00000 0.00000 0.00000 0.00000 0.00000 0.00000 0.00000 0.00000 0.00000 0.00000 0.00000 0.00000 0.00000 0.00000 0.00000 0.00000 0.00000 0.00000 0.00000 0.00000 0.00000 0.00000 0.00000 0.00000 0.00000 0.00000 0.00000 0.00000 0.00000 0.00000 0.00000 0.00000 0.00000 0.00000 0.00000 0.00000 0.00000 0.00000 0.03649 0.10903 0.18116 0.25414 0.32724 0.39863 0.46947 0.54226 0.61587 0.68698 0.72023 0.71990 0.72186 0.72219 0.71875 0.71690 0.71881 0.71989 0.71815 0.71695 0.71554 0.71595 0.71770 0.71629 0.71286 0.71452 0.71662 0.71393 0.71116 0.71397 0.71510 0.71171 0.71035 0.71334 0.71317 0.71019 0.71037 0.71248 0.71132 0.70914 0.71026 0.71160 0.70983 0.70846 0.71019 0.71064 0.70847 0.70851 0.71025 0.70911 0.70735 0.71066 0.71047 0.70590 0.70638 0.71029 0.71073 0.70695 0.70630 0.70948 0.71040 0.70780 0.70798 0.70984 0.70769 0.70705 0.71056 0.70988 0.70760 0.70829 0.70966 0.71002 0.70942 0.70843 0.70937 0.71085 0.71020 0.70886 0.71014 0.71115 0.71061 0.71049 0.71123 0.71061 0.71105 0.71306 0.71302 0.71065 0.71094 0.71459 0.71286 0.70649 0.70238 0.69991 0.69980 0.69667 0.68922 0.68618 0.68666 0.68372 0.67829 0.67841 0.68236 0.68323 0.67995 0.67977 0.68338 0.68448 0.68217 0.68146 0.68591 0.69094 0.69275 0.69729 0.70163 0.70548 0.70857 0.71460 0.71868 0.72063 0.72305 0.72629 0.72547 0.72387 0.72660 0.72850 0.72637 0.72597 0.72962 0.73048 0.72875 0.72844 0.72881 0.73118 0.73288 0.73153 0.73055 0.73289 0.73517 0.73377 0.73064 0.72919 0.72784 0.72366 0.71805 0.71612 0.71516 0.71119 0.70553 0.70363 0.66912 0.59809 0.52701 0.45788 0.38824 0.31738 0.24717 0.17676 0.10596 0.03535 0.00000 0.00000 0.00000 0.00000 0.00000 0.00000 0.00000 0.00000 0.00000 0.00000 0.00000 0.00000 0.00000 0.00000 0.00000 0.00000 0.00000 0.00000 0.00000 0.00000 0.00000 0.00000 0.00000 0.00000 0.00000 0.00000 0.00000 0.00000 0.00000 0.00000 0.00000 0.00000 0.00000 0.00000 0.00000 0.00000 0.00000 0.00000 0.00000 0.00000 0.00000 0.00000 0.00000 0.00000 0.00000 0.00000 0.00000 0.00000 0.00000 0.00000 0.00000 0.00000 0.00000 0.00000 0.00000 0.00000 0.00000 0.00000 0.00000 0.00000 0.00000 0.00000 0.00000 0.00000 0.00000
0.00000 0.00000 0.00000 0.00000 0.00000 0.00000 0.00000 0.00000 0.00000 0.00000 0.00000 0.00000 0.00000 0.00000 0.00000 0.00000 0.00000 0.00000 0.00000 0.00000 0.00000 0.00000 0.00000 0.00000 0.00000 0.00000 0.00000 0.00000 0.00000 0.00000 0.00000 0.00000 0.00000 0.00000 0.00000 0.00000 0.00000 0.00000 0.00000 0.00000 0.00000 0.00000 0.00000 0.00000 0.00000 0.00000 0.00000 0.00000 0.00000 0.00000 0.00000 0.00000 0.00000 0.00000 0.00000 0.03649 0.10918 0.18119 0.25399 0.32736 0.39892 0.46935 0.54226 0.61646 0.68713 0.71959 0.72030 0.72286 0.72167 0.71801 0.71753 0.72010 0.72039 0.72012 0.71511 0.71466 0.71883 0.71850 0.71366 0.71279 0.71670 0.71711 0.71306 0.71172 0.71427 0.71537 0.71310 0.71103 0.71171 0.71382 0.71368 0.71011 0.70947 0.71291 0.71336 0.70904 0.70812 0.71224 0.71281 0.70819 0.70727 0.71193 0.71222 0.70713 0.70717 0.71112 0.71133 0.70836 0.70740 0.70877 0.71045 0.71039 0.70794 0.70705 0.71015 0.71075 0.70811 0.70723 0.71092 0.70985 0.70833 0.71099 0.71048 0.70750 0.70786 0.71183 0.71219 0.70782 0.70784 0.71201 0.71256 0.70881 0.70849 0.71249 0.71342 0.70932 0.70925 0.71383 0.71430 0.71006 0.70979 0.71438 0.71480 0.71166 0.71210 0.70938 0.69877 0.68771 0.67648 0.66506 0.65641 0.64675 0.63469 0.62360 0.61462 0.61032 0.60901 0.60870 0.61036 0.61168 0.61044 0.61025 0.61162 0.61237 0.61129 0.61807 0.63010 0.63900 0.64948 0.66408 0.67503 0.68351 0.69490 0.70961 0.71971 0.72302 0.72566 0.72779 0.72579 0.72518 0.72857 0.72979 0.72741 0.72741 0.72993 0.73193 0.73120 0.72979 0.72979 0.73274 0.73426 0.73252 0.73182 0.73450 0.73642 0.72945 0.71737 0.70843 0.69961 0.68825 0.67526 0.66565 0.65731 0.64616 0.63303 0.59732 0.53679 0.47339 0.40938 0.34707 0.28492 0.22146 0.15819 0.09501 0.03168 0.00000 0.00000 0.00000 0.00000 0.00000 0.00000 0.00000 0.00000 0.00000 0.00000 0.00000 0.00000 0.00000 0.00000 0.00000 0.00000 0.00000 0.00000 0.00000 0.00000 0.00000 0.00000 0.00000 0.00000 0.00000 0.00000 0.00000 0.00000 0.00000 0.00000 0.00000 0.00000 0.00000 0.00000 0.00000 0.00000 0.00000 0.00000 0.00000 0.00000 0.00000 0.00000 0.00000 0.00000 0.00000 0.00000 0.00000 0.00000 0.00000 0.00000 0.00000 0.00000 0.00000 0.00000 0.00000 0.00000 0.00000 0.00000 0.00000 0.00000 0.00000 0.00000 0.00000 0.00000 0.00000
0.00000 0.00000 0.00000 0.00000 0.00000 0.00000 0.00000 0.00000 0.00000 0.00000 0.00000 0.00000 0.00000 0.00000 0.00000 0.00000 0.00000 0.00000 0.00000 0.00000 0.00000 0.00000 0.00000 0.00000 0.00000 0.00000 0.00000 0.00000 0.00000 0.00000 0.00000 0.00000 0.00000 0.00000 0.00000 0.00000 0.00000 0.00000 0.00000 0.00000 0.00000 0.00000 0.00000 0.00000 0.00000 0.00000 0.00000 0.00000 0.00000 0.00000 0.00000 0.00000 0.00000 0.00000 0.00000 0.03632 0.10930 0.18224 0.25382 0.32559 0.39916 0.47227 0.54254 0.61297 0.68661 0.72417 0.72199 0.71914 0.71999 0.72167 0.72091 0.71782 0.71834 0.71880 0.71676 0.71728 0.71863 0.71579 0.71509 0.71694 0.71619 0.71314 0.71460 0.71629 0.71343 0.71115 0.71453 0.71514 0.71136 0.71075 0.71389 0.71332 0.71020 0.71086 0.71298 0.71169 0.70962 0.71078 0.71177 0.71019 0.70967 0.71099 0.71031 0.70874 0.71078 0.71141 0.70801 0.70763 0.71189 0.71176 0.70706 0.70701 0.71133 0.71178 0.70802 0.70697 0.71064 0.71105 0.70815 0.71101 0.71128 0.70774 0.70916 0.71168 0.71072 0.71059 0.70960 0.70972 0.71190 0.71157 0.70933 0.71087 0.71289 0.71171 0.70999 0.71200 0.71232 0.71203 0.71349 0.71344 0.71126 0.71217 0.71555 0.71523 0.71180 0.70340 0.68890 0.67174 0.65241 0.63310 0.61581 0.60122 0.58356 0.56298 0.54515 0.53943 0.53993 0.53717 0.53719 0.54042 0.54094 0.53824 0.53825 0.54175 0.54235 0.54840 0.56818 0.58752 0.60503 0.62218 0.64296 0.66157 0.67777 0.69543 0.71791 0.72736 0.72440 0.72552 0.72904 0.72831 0.72652 0.72856 0.73114 0.72986 0.72883 0.72923 0.73282 0.73324 0.73149 0.73105 0.73416 0.73573 0.73360 0.73318 0.73594 0.72838 0.70874 0.68936 0.67299 0.65640 0.63766 0.61764 0.60065 0.58426 0.56550 0.52717 0.47283 0.41861 0.36241 0.30646 0.25133 0.19567 0.13969 0.08405 0.02804 0.00000 0.00000 0.00000 0.00000 0.00000 0.00000 0.00000 0.00000 0.00000 0.00000 0.00000 0.00000 0.00000 0.00000 0.00000 0.00000 0.00000 0.00000 0.00000 0.00000 0.00000 0.00000 0.00000 0.00000 0.00000 0.00000 0.00000 0.00000 0.00000 0.00000 0.00000 0.00000 0.00000 0.00000 0.00000 0.00000 0.00000 0.00000 0.00000 0.00000 0.00000 0.00000 0.00000 0.00000 0.00000 0.00000 0.00000 0.00000 0.00000 0.00000 0.00000 0.00000 0.00000 0.00000 0.00000 0.00000 0.00000 0.00000 0.00000 0.00000 0.00000 0.00000 0.00000 0.00000 0.00000
0.00000 0.00000 0.00000 0.00000 0.00000 0.00000 0.00000 0.00000 0.00000 0.00000 0.00000 0.00000 0.00000 0.00000 0.00000 0.00000 0.00000 0.00000 0.00000 0.00000 0.00000 0.00000 0.00000 0.00000 0.00000 0.00000 0.00000 0.00000 0.00000 0.00000 0.00000 0.00000 0.00000 0.00000 0.00000 0.00000 0.00000 0.00000 0.00000 0.00000 0.00000 0.00000 0.00000 0.00000 0.00000 0.00000 0.00000 0.00000 0.00000 0.00000 0.00000 0.00000 0.00000 0.00000 0.00000 0.03636 0.10908 0.18206 0.25428 0.32596 0.39894 0.47202 0.54291 0.61332 0.68675 0.72424 0.72200 0.71903 0.72023 0.72198 0.72074 0.71800 0.71740 0.71869 0.71982 0.71940 0.71488 0.71474 0.71865 0.71824 0.71317 0.71285 0.71701 0.71701 0.71227 0.71214 0.71490 0.71519 0.71335 0.71162 0.71171 0.71380 0.71423 0.71060 0.70957 0.71332 0.71390 0.70948 0.70857 0.71302 0.71326 0.70841 0.70810 0.71279 0.71269 0.70802 0.70831 0.71129 0.71154 0.71000 0.70912 0.70920 0.71043 0.71161 0.71015 0.70795 0.70946 0.71212 0.71133 0.70902 0.70877 0.70942 0.71147 0.71275 0.71040 0.70880 0.70972 0.71295 0.71341 0.71013 0.70906 0.71256 0.71414 0.71113 0.71000 0.71350 0.71497 0.71145 0.71081 0.71478 0.71576 0.71288 0.71234 0.71495 0.71604 0.70252 0.67728 0.65158 0.62824 0.60466 0.57849 0.55231 0.52889 0.50504 0.47898 0.46592 0.46728 0.46824 0.46703 0.46695 0.46863 0.46922 0.46768 0.46837 0.47012 0.48049 0.50598 0.53465 0.56002 0.58285 0.60832 0.63764 0.66304 0.68578 0.71179 0.72817 0.72773 0.72616 0.72770 0.72970 0.72901 0.72860 0.73019 0.73179 0.73130 0.73090 0.73052 0.73358 0.73443 0.73318 0.73252 0.73565 0.73699 0.73498 0.73469 0.72435 0.70022 0.67348 0.64640 0.62229 0.59845 0.57250 0.54491 0.52006 0.49630 0.45909 0.40956 0.36206 0.31521 0.26648 0.21768 0.16963 0.12140 0.07284 0.02432 0.00000 0.00000 0.00000 0.00000 0.00000 0.00000 0.00000 0.00000 0.00000 0.00000 0.00000 0.00000 0.00000 0.00000 0.00000 0.00000 0.00000 0.00000 0.00000 0.00000 0.00000 0.00000 0.00000 0.00000 0.00000 0.00000 0.00000 0.00000 0.00000 0.00000 0.00000 0.00000 0.00000 0.00000 0.00000 0.00000 0.00000 0.00000 0.00000 0.00000 0.00000 0.00000 0.00000 0.00000 0.00000 0.00000 0.00000 0.00000 0.00000 0.00000 0.00000 0.00000 0.00000 0.00000 0.00000 0.00000 0.00000 0.00000 0.00000 0.00000 0.00000 0.00000 0.00000 0.00000 0.00000
0.00000 0.00000 0.00000 0.00000 0.00000 0.00000 0.00000 0.00000 0.00000 0.00000 0.00000 0.00000 0.00000 0.00000 0.00000 0.00000 0.00000 0.00000 0.00000 0.00000 0.00000 0.00000 0.00000 0.00000 0.00000 0.00000 0.00000 0.00000 0.00000 0.00000 0.00000 0.00000 0.00000 0.00000 0.00000 0.00000 0.00000 0.00000 0.00000 0.00000 0.00000 0.00000 0.00000 0.00000 0.00000 0.00000 0.00000 0.00000 0.00000 0.00000 0.00000 0.00000 0.00000 0.00000 0.00000 0.03651 0.10889 0.18129 0.25491 0.32775 0.39802 0.46965 0.54423 0.61708 0.68582 0.72023 0.72294 0.72375 0.72042 0.71835 0.72082 0.72146 0.71808 0.71714 0.71983 0.71888 0.71531 0.71653 0.71859 0.71620 0.71477 0.71618 0.71581 0.71383 0.71503 0.71582 0.71298 0.71188 0.71520 0.71535 0.71129 0.71210 0.71446 0.71321 0.71050 0.71165 0.71340 0.71186 0.71054 0.71171 0.71179 0.71038 0.71140 0.71219 0.70976 0.70891 0.71266 0.71274 0.70813 0.70820 0.71295 0.71289 0.70858 0.70801 0.71183 0.71250 0.70966 0.70936 0.71077 0.71072 0.71079 0.71144 0.71048 0.71127 0.71155 0.70933 0.71256 0.71343 0.71008 0.71156 0.71410 0.71222 0.71015 0.71334 0.71526 0.71252 0.71214 0.71461 0.71247 0.71287 0.71603 0.71614 0.71268 0.71296 0.71717 0.70106 0.66632 0.63393 0.60344 0.57300 0.54050 0.50648 0.47437 0.44455 0.41250 0.39457 0.39438 0.39679 0.39705 0.39517 0.39527 0.39768 0.39798 0.39598 0.39676 0.41492 0.44678 0.47817 0.51321 0.54630 0.57687 0.60950 0.64579 0.67888 0.70877 0.72551 0.72944 0.72983 0.72739 0.72812 0.73107 0.73113 0.72991 0.73028 0.73288 0.73350 0.73252 0.73161 0.73447 0.73619 0.73482 0.73385 0.73707 0.73836 0.73665 0.71948 0.68864 0.65706 0.62315 0.58865 0.55693 0.52535 0.49178 0.45723 0.42485 0.38926 0.34804 0.30647 0.26627 0.22610 0.18465 0.14361 0.10286 0.06166 0.02056 0.00000 0.00000 0.00000 0.00000 0.00000 0.00000 0.00000 0.00000 0.00000 0.00000 0.00000 0.00000 0.00000 0.00000 0.00000 0.00000 0.00000 0.00000 0.00000 0.00000 0.00000 0.00000 0.00000 0.00000 0.00000 0.00000 0.00000 0.00000 0.00000 0.00000 0.00000 0.00000 0.00000 0.00000 0.00000 0.00000 0.00000 0.00000 0.00000 0.00000 0.00000 0.00000 0.00000 0.00000 0.00000 0.00000 0.00000 0.00000 0.00000 0.00000 0.00000 0.00000 0.00000 0.00000 0.00000 0.00000 0.00000 0.00000 0.00000 0.00000 0.00000 0.00000 0.00000 0.00000 0.00000
0.00000 0.00000 0.00000 0.00000 0.00000 0.00000 0.00000 0.00000 0.00000 0.00000 0.00000 0.00000 0.00000 0.00000 0.00000 0.00000 0.00000 0.00000 0.00000 0.00000 0.00000 0.00000 0.00000 0.00000 0.00000 0.00000 0.00000 0.00000 0.00000 0.00000 0.00000 0.00000 0.00000 0.00000 0.00000 0.00000 0.00000 0.00000 0.00000 0.00000 0.00000 0.00000 0.00000 0.00000 0.00000 0.00000 0.00000 0.00000 0.00000 0.00000 0.00000 0.00000 0.00000 0.00000 0.00000 0.03645 0.10932 0.18173 0.25452 0.32693 0.39868 0.47082 0.54396 0.61603 0.68642 0.72153 0.72280 0.72303 0.72100 0.71925 0.72012 0.72078 0.72007 0.71905 0.71733 0.71757 0.71937 0.71889 0.71486 0.71460 0.71846 0.71828 0.71306 0.71312 0.71710 0.71698 0.71171 0.71275 0.71528 0.71507 0.71547 0.71226 0.71095 0.71399 0.71487 0.71120 0.70980 0.71397 0.71458 0.71000 0.70932 0.71410 0.71375 0.70905 0.70919 0.71329 0.71288 0.70969 0.71009 0.71152 0.71146 0.71200 0.71142 0.70959 0.71001 0.71327 0.71273 0.70872 0.70893 0.71349 0.71369 0.71192 0.70932 0.70995 0.71351 0.71390 0.71166 0.71112 0.71161 0.71310 0.71483 0.71332 0.71065 0.71252 0.71550 0.71489 0.71192 0.71281 0.71627 0.71444 0.71319 0.71507 0.71687 0.71584 0.71543 0.69570 0.65766 0.61942 0.57934 0.53844 0.50050 0.46261 0.42234 0.38204 0.34343 0.32453 0.32378 0.32358 0.32485 0.32530 0.32403 0.32419 0.32584 0.32558 0.32458 0.34622 0.38659 0.42472 0.46447 0.50728 0.54753 0.58520 0.62521 0.66848 0.70902 0.72717 0.72744 0.72984 0.73049 0.72983 0.73008 0.73141 0.73224 0.73221 0.73182 0.73329 0.73478 0.73451 0.73324 0.73548 0.73755 0.73644 0.73545 0.73808 0.73987 0.71830 0.67652 0.63772 0.59906 0.55814 0.51579 0.47612 0.43721 0.39629 0.35427 0.31768 0.28562 0.25191 0.21776 0.18459 0.15178 0.11784 0.08412 0.05056 0.01684 0.00000 0.00000 0.00000 0.00000 0.00000 0.00000 0.00000 0.00000 0.00000 0.00000 0.00000 0.00000 0.00000 0.00000 0.00000 0.00000 0.00000 0.00000 0.00000 0.00000 0.00000 0.00000 0.00000 0.00000 0.00000 0.00000 0.00000 0.00000 0.00000 0.00000 0.00000 0.00000 0.00000 0.00000 0.00000 0.00000 0.00000 0.00000 0.00000 0.00000 0.00000 0.00000 0.00000 0.00000 0.00000 0.00000 0.00000 0.00000 0.00000 0.00000 0.00000 0.00000 0.00000 0.00000 0.00000 0.00000 0.00000 0.00000 0.00000 0.00000 0.00000 0.00000 0.00000 0.00000 0.00000
0.00000 0.00000 0.00000 0.00000 0.00000 0.00000 0.00000 0.00000 0.00000 0.00000 0.00000 0.00000 0.00000 0.00000 0.00000 0.00000 0.00000 0.00000 0.00000 0.00000 0.00000 0.00000 0.00000 0.00000 0.00000 0.00000 0.00000 0.00000 0.00000 0.00000 0.00000 0.00000 0.00000 0.00000 0.00000 0.00000 0.00000 0.00000 0.00000 0.00000 0.00000 0.00000 0.00000 0.00000 0.00000 0.00000 0.00000 0.00000 0.00000 0.00000 0.00000 0.00000 0.00000 0.00000 0.00000 0.03640 0.10952 0.18248 0.25361 0.32594 0.40035 0.47288 0.54183 0.61355 0.68927 0.72531 0.72062 0.71963 0.72324 0.72334 0.71883 0.71788 0.72141 0.72131 0.71657 0.71663 0.72016 0.71909 0.71509 0.71590 0.71843 0.71691 0.71490 0.71533 0.71542 0.71547 0.71566 0.71460 0.71281 0.71494 0.71583 0.71382 0.71152 0.71331 0.71503 0.71302 0.71101 0.71272 0.71373 0.71181 0.71179 0.71305 0.71166 0.71038 0.71313 0.71371 0.70983 0.70931 0.71394 0.71398 0.70914 0.70923 0.71358 0.71370 0.71067 0.71021 0.71172 0.71246 0.71242 0.71189 0.70971 0.71172 0.71395 0.71196 0.71226 0.71360 0.71210 0.71182 0.71474 0.71232 0.71052 0.71499 0.71610 0.71221 0.71246 0.71613 0.71500 0.71313 0.71575 0.71731 0.71382 0.71372 0.71785 0.71810 0.71516 0.69181 0.64818 0.60230 0.55470 0.50717 0.46093 0.41597 0.36953 0.32156 0.27463 0.25266 0.25295 0.25193 0.25182 0.25324 0.25341 0.25236 0.25273 0.25385 0.25364 0.27643 0.32482 0.37260 0.41815 0.46542 0.51522 0.56306 0.60791 0.65539 0.70620 0.73078 0.72834 0.72842 0.73128 0.73232 0.73107 0.73087 0.73282 0.73415 0.73360 0.73263 0.73454 0.73668 0.73593 0.73453 0.73670 0.73921 0.73809 0.73676 0.73878 0.71728 0.66853 0.61868 0.57211 0.52594 0.47745 0.42796 0.38061 0.33372 0.28511 0.24723 0.22167 0.19643 0.17001 0.14359 0.11784 0.09193 0.06552 0.03936 0.01315 0.00000 0.00000 0.00000 0.00000 0.00000 0.00000 0.00000 0.00000 0.00000 0.00000 0.00000 0.00000 0.00000 0.00000 0.00000 0.00000 0.00000 0.00000 0.00000 0.00000 0.00000 0.00000 0.00000 0.00000 0.00000 0.00000 0.00000 0.00000 0.00000 0.00000 0.00000 0.00000 0.00000 0.00000 0.00000 0.00000 0.00000 0.00000 0.00000 0.00000 0.00000 0.00000 0.00000 0.00000 0.00000 0.00000 0.00000 0.00000 0.00000 0.00000 0.00000 0.00000 0.00000 0.00000 0.00000 0.00000 0.00000 0.00000 0.00000 0.00000 0.00000 0.00000 0.00000 0.00000 0.00000
0.00000 0.00000 0.00000 0.00000 0.00000 0.00000 0.00000 0.00000 0.00000 0.00000 0.00000 0.00000 0.00000 0.00000 0.00000 0.00000 0.00000 0.00000 0.00000 0.00000 0.00000 0.00000 0.00000 0.00000 0.00000 0.00000 0.00000 0.00000 0.00000 0.00000 0.00000 0.00000 0.00000 0.00000 0.00000 0.00000 0.00000 0.00000 0.00000 0.00000 0.00000 0.00000 0.00000 0.00000 0.00000 0.00000 0.00000 0.00000 0.00000 0.00000 0.00000 0.00000 0.00000 0.00000 0.00000 0.03645 0.10923 0.18177 0.25419 0.32722 0.40014 0.47109 0.54259 0.61597 0.68879 0.72325 0.72164 0.72188 0.72255 0.72171 0.72041 0.72001 0.71997 0.71952 0.71962 0.71930 0.71740 0.71696 0.71894 0.71876 0.71518 0.71447 0.71804 0.71848 0.71362 0.71343 0.71672 0.71698 0.71490 0.71339 0.71252 0.71508 0.71585 0.71295 0.71096 0.71437 0.71559 0.71184 0.71040 0.71500 0.71516 0.71061 0.71021 0.71493 0.71417 0.71014 0.71091 0.71378 0.71279 0.71136 0.71234 0.71159 0.71122 0.71419 0.71395 0.70999 0.71012 0.71447 0.71473 0.71089 0.71015 0.71256 0.71523 0.71390 0.71051 0.71182 0.71499 0.71462 0.71294 0.71418 0.71323 0.71294 0.71522 0.71658 0.71360 0.71298 0.71613 0.71664 0.71477 0.71469 0.71707 0.71712 0.71651 0.71621 0.71748 0.69176 0.63764 0.58221 0.52960 0.47763 0.42311 0.36800 0.31476 0.26177 0.20732 0.18001 0.18048 0.18090 0.18026 0.18023 0.18122 0.18126 0.18053 0.18076 0.18170 0.20845 0.26239 0.31810 0.37336 0.42654 0.48083 0.53758 0.59325 0.64628 0.70065 0.73024 0.73159 0.73090 0.73046 0.73158 0.73320 0.73343 0.73265 0.73342 0.73540 0.73561 0.73424 0.73537 0.73811 0.73770 0.73615 0.73769 0.74080 0.73982 0.73819 0.71169 0.65931 0.60344 0.54583 0.49121 0.43765 0.38186 0.32489 0.26958 0.21488 0.17749 0.15836 0.13991 0.12185 0.10304 0.08415 0.06556 0.04686 0.02816 0.00941 0.00000 0.00000 0.00000 0.00000 0.00000 0.00000 0.00000 0.00000 0.00000 0.00000 0.00000 0.00000 0.00000 0.00000 0.00000 0.00000 0.00000 0.00000 0.00000 0.00000 0.00000 0.00000 0.00000 0.00000 0.00000 0.00000 0.00000 0.00000 0.00000 0.00000 0.00000 0.00000 0.00000 0.00000 0.00000 0.00000 0.00000 0.00000 0.00000 0.00000 0.00000 0.00000 0.00000 0.00000 0.00000 0.00000 0.00000 0.00000 0.00000 0.00000 0.00000 0.00000 0.00000 0.00000 0.00000 0.00000 0.00000 0.00000 0.00000 0.00000 0.00000 0.00000 0.00000 0.00000 0.00000
0.00000 0.00000 0.00000 0.00000 0.00000 0.00000 0.00000 0.00000 0.00000 0.00000 0.00000 0.00000 0.00000 0.00000 0.00000 0.00000 0.00000 0.00000 0.00000 0.00000 0.00000 0.00000 0.00000 0.00000 0.00000 0.00000 0.00000 0.00000 0.00000 0.00000 0.00000 0.00000 0.00000 0.00000 0.00000 0.00000 0.00000 0.00000 0.00000 0.00000 0.00000 0.00000 0.00000 0.00000 0.00000 0.00000 0.00000 0.00000 0.00000 0.00000 0.00000 0.00000 0.00000 0.00000 0.00000 0.03635 0.10888 0.18189 0.25531 0.32783 0.39819 0.47038 0.54545 0.61765 0.68562 0.72126 0.72525 0.72480 0.71974 0.71922 0.72324 0.72304 0.71795 0.71752 0.72160 0.72132 0.71620 0.71623 0.72024 0.71949 0.71515 0.71530 0.71834 0.71798 0.71528 0.71423 0.71516 0.71713 0.71637 0.71254 0.71298 0.71560 0.71635 0.71336 0.71178 0.71437 0.71552 0.71286 0.71169 0.71419 0.71399 0.71159 0.71327 0.71473 0.71187 0.71050 0.71428 0.71505 0.71057 0.71025 0.71496 0.71509 0.71152 0.71103 0.71336 0.71358 0.71334 0.71309 0.71145 0.71239 0.71516 0.71402 0.71150 0.71287 0.71488 0.71391 0.71534 0.71345 0.71171 0.71607 0.71661 0.71229 0.71290 0.71702 0.71681 0.71352 0.71568 0.71812 0.71558 0.71454 0.71814 0.71900 0.71619 0.71604 0.71927 0.68916 0.62668 0.56529 0.50509 0.44514 0.38414 0.32214 0.26062 0.20031 0.13928 0.10820 0.10807 0.10847 0.10875 0.10838 0.10835 0.10880 0.10885 0.10859 0.10886 0.14007 0.20135 0.26299 0.32604 0.38857 0.44885 0.51081 0.57524 0.63835 0.69829 0.72916 0.73177 0.73322 0.73211 0.73156 0.73315 0.73496 0.73471 0.73367 0.73491 0.73725 0.73699 0.73542 0.73682 0.73988 0.73915 0.73750 0.73877 0.74234 0.74149 0.70821 0.64600 0.58623 0.52287 0.45800 0.39564 0.33407 0.27057 0.20655 0.14351 0.10674 0.09542 0.08402 0.07297 0.06199 0.05063 0.03936 0.02819 0.01690 0.00564 0.00000 0.00000 0.00000 0.00000 0.00000 0.00000 0.00000 0.00000 0.00000 0.00000 0.00000 0.00000 0.00000 0.00000 0.00000 0.00000 0.00000 0.00000 0.00000 0.00000 0.00000 0.00000 0.00000 0.00000 0.00000 0.00000 0.00000 0.00000 0.00000 0.00000 0.00000 0.00000 0.00000 0.00000 0.00000 0.00000 0.00000 0.00000 0.00000 0.00000 0.00000 0.00000 0.00000 0.00000 0.00000 0.00000 0.00000 0.00000 0.00000 0.00000 0.00000 0.00000 0.00000 0.00000 0.00000 0.00000 0.00000 0.00000 0.00000 0.00000 0.00000 0.00000 0.00000 0.00000 0.00000
0.00000 0.00000 0.00000 0.00000 0.00000 0.00000 0.00000 0.00000 0.00000 0.00000 0.00000 0.00000 0.00000 0.00000 0.00000 0.00000 0.00000 0.00000 0.00000 0.00000 0.00000 0.00000 0.00000 0.00000 0.00000 0.00000 0.00000 0.00000 0.00000 0.00000 0.00000 0.00000 0.00000 0.00000 0.00000 0.00000 0.00000 0.00000 0.00000 0.00000 0.00000 0.00000 0.00000 0.00000 0.00000 0.00000 0.00000 0.00000 0.00000 0.00000 0.00000 0.00000 0.00000 0.00000 0.00000 0.03644 0.10907 0.18220 0.25542 0.32644 0.39845 0.47293 0.54532 0.61478 0.68657 0.72488 0.72455 0.72214 0.72118 0.72214 0.72222 0.72070 0.72003 0.72040 0.71998 0.71884 0.71915 0.71931 0.71782 0.71673 0.71834 0.71881 0.71607 0.71444 0.71721 0.71863 0.71560 0.71371 0.71510 0.71705 0.71670 0.71401 0.71238 0.71531 0.71656 0.71366 0.71172 0.71507 0.71610 0.71236 0.71133 0.71599 0.71540 0.71123 0.71186 0.71567 0.71409 0.71091 0.71305 0.71449 0.71279 0.71419 0.71483 0.71161 0.71116 0.71559 0.71574 0.71161 0.71146 0.71496 0.71577 0.71365 0.71202 0.71330 0.71622 0.71570 0.71242 0.71418 0.71609 0.71462 0.71435 0.71708 0.71613 0.71383 0.71557 0.71858 0.71696 0.71488 0.71669 0.71873 0.71820 0.71658 0.71773 0.71971 0.71972 0.68347 0.61621 0.55022 0.48153 0.41148 0.34367 0.27659 0.20784 0.13879 0.07034 0.03621 0.03613 0.03612 0.03623 0.03630 0.03616 0.03616 0.03637 0.03634 0.03624 0.07082 0.14040 0.20921 0.27799 0.34811 0.41848 0.48685 0.55579 0.62662 0.69761 0.73183 0.73127 0.73211 0.73392 0.73450 0.73356 0.73385 0.73598 0.73672 0.73538 0.73589 0.73867 0.73877 0.73700 0.73795 0.74147 0.74083 0.73911 0.73985 0.74371 0.70795 0.63560 0.56544 0.49776 0.42709 0.35492 0.28460 0.21510 0.14405 0.07274 0.03547 0.03190 0.02814 0.02434 0.02061 0.01691 0.01317 0.00941 0.00565 0.00188 0.00000 0.00000 0.00000 0.00000 0.00000 0.00000 0.00000 0.00000 0.00000 0.00000 0.00000 0.00000 0.00000 0.00000 0.00000 0.00000 0.00000 0.00000 0.00000 0.00000 0.00000 0.00000 0.00000 0.00000 0.00000 0.00000 0.00000 0.00000 0.00000 0.00000 0.00000 0.00000 0.00000 0.00000 0.00000 0.00000 0.00000 0.00000 0.00000 0.00000 0.00000 0.00000 0.00000 0.00000 0.00000 0.00000 0.00000 0.00000 0.00000 0.00000 0.00000 0.00000 0.00000 0.00000 0.00000 0.00000 0.00000 0.00000 0.00000 0.00000 0.00000 0.00000 0.00000 0.00000 0.00000
0.00000 0.00000 0.00000 0.00000 0.00000 0.00000 0.00000 0.00000 0.00000 0.00000 0.00000 0.00000 0.00000 0.00000 0.00000 0.00000 0.00000 0.00000 0.00000 0.00000 0.00000 0.00000 0.00000 0.00000 0.00000 0.00000 0.00000 0.00000 0.00000 0.00000 0.00000 0.00000 0.00000 0.00000 0.00000 0.00000 0.00000 0.00000 0.00000 0.00000 0.00000 0.00000 0.00000 0.00000 0.00000 0.00183 0.00550 0.00921 0.01287 0.01645 0.02009 0.02385 0.02749 0.03096 0.03456 0.07125 0.14066 0.20937 0.27762 0.34666 0.41682 0.48580 0.55212 0.61994 0.69192 0.72437 0.71590 0.71175 0.71219 0.70816 0.69951 0.69558 0.69598 0.69215 0.68353 0.68142 0.68548 0.68536 0.68033 0.68015 0.68434 0.68400 0.67958 0.67909 0.68230 0.68289 0.68007 0.67783 0.67937 0.68163 0.68123 0.67761 0.67752 0.68055 0.68107 0.67774 0.67651 0.67997 0.68014 0.67700 0.67731 0.68015 0.67861 0.67606 0.67855 0.68031 0.67730 0.67581 0.67902 0.68050 0.67743 0.67613 0.67881 0.67968 0.67870 0.67848 0.67734 0.67734 0.67989 0.68012 0.67656 0.67730 0.68073 0.68035 0.67865 0.67815 0.67917 0.68070 0.68168 0.67874 0.67777 0.68171 0.68219 0.67922 0.67997 0.68251 0.68167 0.68025 0.68234 0.68334 0.68172 0.68144 0.68386 0.68415 0.68318 0.64895 0.58160 0.51392 0.44575 0.37675 0.30782 0.24015 0.17201 0.10306 0.03427 0.00000 0.00000 0.00000 0.00000 0.00000 0.00000 0.00000 0.00000 0.00000 0.00000 0.03634 0.10931 0.18256 0.25487 0.32774 0.40201 0.47602 0.54769 0.62061 0.69582 0.73394 0.73297 0.73245 0.73376 0.73558 0.73571 0.73471 0.73548 0.73776 0.73804 0.73655 0.73741 0.74049 0.74020 0.73838 0.73940 0.74294 0.74242 0.74078 0.74122 0.70784 0.63328 0.55724 0.48304 0.41108 0.33637 0.26075 0.18646 0.11247 0.03747 0.00000 0.00000 0.00000 0.00000 0.00000 0.00000 0.00000 0.00000 0.00000 0.00000 0.00000 0.00000 0.00000 0.00000 0.00000 0.00000 0.00000 0.00000 0.00000 0.00000 0.00000 0.00000 0.00000 0.00000 0.00000 0.00000 0.00000 0.00000 0.00000 0.00000 0.00000 0.00000 0.00000 0.00000 0.00000 0.00000 0.00000 0.00000 0.00000 0.00000 0.00000 0.00000 0.00000 0.00000 0.00000 0.00000 0.00000 0.00000 0.00000 0.00000 0.00000 0.00000 0.00000 0.00000 0.00000 0.00000 0.00000 0.00000 0.00000 0.00000 0.00000 0.00000 0.00000 0.00000 0.00000 0.00000 0.00000 0.00000 0.00000 0.00000 0.00000 0.00000 0.00000 0.00000 0.00000
0.00000 0.00000 0.00000 0.00000 0.00000 0.00000 0.00000 0.00000 0.00000 0.00000 0.00000 0.00000 0.00000 0.00000 0.00000 0.00000 0.00000 0.00000 0.00000 0.00000 0.00000 0.00000 0.00000 0.00000 0.00000 0.00000 0.00000 0.00000 0.00000 0.00000 0.00000 0.00000 0.00000 0.00000 0.00000 0.00000 0.00000 0.00000 0.00000 0.00000 0.00000 0.00000 0.00000 0.00000 0.00000 0.00554 0.01654 0.02748 0.03858 0.04957 0.06036 0.07128 0.08240 0.09325 0.10385 0.14034 0.20282 0.26386 0.32466 0.38833 0.45019 0.50885 0.57014 0.63474 0.69541 0.71702 0.70618 0.69736 0.68600 0.67293 0.66145 0.65169 0.64087 0.62838 0.61706 0.61238 0.61231 0.61087 0.61072 0.61144 0.61090 0.60918 0.60985 0.61120 0.60994 0.60738 0.60866 0.61095 0.60983 0.60701 0.60715 0.60969 0.60978 0.60745 0.60630 0.60844 0.60943 0.60708 0.60590 0.60881 0.60887 0.60569 0.60613 0.60908 0.60791 0.60503 0.60687 0.60919 0.60714 0.60533 0.60774 0.60700 0.60644 0.60855 0.60931 0.60560 0.60609 0.60881 0.60854 0.60680 0.60688 0.60797 0.60907 0.60871 0.60702 0.60728 0.60970 0.60962 0.60744 0.60940 0.61024 0.60829 0.60814 0.61138 0.61108 0.60833 0.60891 0.61228 0.61197 0.60948 0.61001 0.61289 0.61306 0.61054 0.61112 0.58335 0.52215 0.45868 0.39789 0.33848 0.27700 0.21470 0.15335 0.09238 0.03080 0.00000 0.00000 0.00000 0.00000 0.00000 0.00000 0.00000 0.00000 0.00000 0.00000 0.03646 0.10916 0.18228 0.25613 0.32880 0.40153 0.47528 0.54974 0.62286 0.69575 0.73279 0.73438 0.73535 0.73470 0.73447 0.73630 0.73776 0.73667 0.73652 0.73900 0.73982 0.73822 0.73861 0.74204 0.74182 0.74006 0.74074 0.74419 0.74408 0.74261 0.70547 0.63427 0.56002 0.48401 0.40958 0.33700 0.26224 0.18666 0.11208 0.03758 0.00000 0.00000 0.00000 0.00000 0.00000 0.00000 0.00000 0.00000 0.00000 0.00000 0.00000 0.00000 0.00000 0.00000 0.00000 0.00000 0.00000 0.00000 0.00000 0.00000 0.00000 0.00000 0.00000 0.00000 0.00000 0.00000 0.00000 0.00000 0.00000 0.00000 0.00000 0.00000 0.00000 0.00000 0.00000 0.00000 0.00000 0.00000 0.00000 0.00000 0.00000 0.00000 0.00000 0.00000 0.00000 0.00000 0.00000 0.00000 0.00000 0.00000 0.00000 0.00000 0.00000 0.00000 0.00000 0.00000 0.00000 0.00000 0.00000 0.00000 0.00000 0.00000 0.00000 0.00000 0.00000 0.00000 0.00000 0.00000 0.00000 0.00000 0.00000 0.00000 0.00000 0.00000 0.00000
0.00000 0.00000 0.00000 0.00000 0.00000 0.00000 0.00000 0.00000 0.00000 0.00000 0.00000 0.00000 0.00000 0.00000 0.00000 0.00000 0.00000 0.00000 0.00000 0.00000 0.00000 0.00000 0.00000 0.00000 0.00000 0.00000 0.00000 0.00000 0.00000 0.00000 0.00000 0.00000 0.00000 0.00000 0.00000 0.00000 0.00000 0.00000 0.00000 0.00000 0.00000 0.00000 0.00000 0.00000 0.00000 0.00923 0.02762 0.04582 0.06414 0.08263 0.10095 0.11882 0.13687 0.15551 0.17384 0.20963 0.26375 0.31864 0.37348 0.42811 0.48224 0.53440 0.58978 0.64573 0.69676 0.71319 0.69900 0.68054 0.65785 0.63936 0.62498 0.60653 0.58421 0.56606 0.55131 0.54204 0.53815 0.53796 0.54126 0.54107 0.53719 0.53703 0.54033 0.54016 0.53680 0.53621 0.53858 0.53933 0.53749 0.53561 0.53647 0.53851 0.53827 0.53538 0.53522 0.53816 0.53807 0.53505 0.53482 0.53804 0.53749 0.53455 0.53572 0.53797 0.53658 0.53447 0.53588 0.53797 0.53703 0.53440 0.53500 0.53811 0.53712 0.53474 0.53529 0.53588 0.53747 0.53806 0.53518 0.53518 0.53815 0.53851 0.53541 0.53556 0.53815 0.53861 0.53803 0.53658 0.53648 0.53879 0.53961 0.53755 0.53692 0.53898 0.53967 0.53852 0.53868 0.53946 0.53952 0.53947 0.54012 0.54018 0.54029 0.54052 0.54082 0.51405 0.46067 0.40641 0.35159 0.29808 0.24468 0.19024 0.13544 0.08135 0.02725 0.00000 0.00000 0.00000 0.00000 0.00000 0.00000 0.00000 0.00000 0.00000 0.00000 0.03650 0.10942 0.18246 0.25596 0.32970 0.40224 0.47531 0.54982 0.62422 0.69710 0.73352 0.73453 0.73600 0.73652 0.73588 0.73618 0.73800 0.73903 0.73789 0.73811 0.74081 0.74120 0.73952 0.74015 0.74358 0.74337 0.74184 0.74220 0.74535 0.74580 0.70730 0.63254 0.56095 0.48649 0.41042 0.33588 0.26267 0.18766 0.11228 0.03747 0.00000 0.00000 0.00000 0.00000 0.00000 0.00000 0.00000 0.00000 0.00000 0.00000 0.00000 0.00000 0.00000 0.00000 0.00000 0.00000 0.00000 0.00000 0.00000 0.00000 0.00000 0.00000 0.00000 0.00000 0.00000 0.00000 0.00000 0.00000 0.00000 0.00000 0.00000 0.00000 0.00000 0.00000 0.00000 0.00000 0.00000 0.00000 0.00000 0.00000 0.00000 0.00000 0.00000 0.00000 0.00000 0.00000 0.00000 0.00000 0.00000 0.00000 0.00000 0.00000 0.00000 0.00000 0.00000 0.00000 0.00000 0.00000 0.00000 0.00000 0.00000 0.00000 0.00000 0.00000 0.00000 0.00000 0.00000 0.00000 0.00000 0.00000 0.00000 0.00000 0.00000 0.00000 0.00000
0.00000 0.00000 0.00000 0.00000 0.00000 0.00000 0.00000 0.00000 0.00000 0.00000 0.00000 0.00000 0.00000 0.00000 0.00000 0.00000 0.00000 0.00000 0.00000 0.00000 0.00000 0.00000 0.00000 0.00000 0.00000 0.00000 0.00000 0.00000 0.00000 0.00000 0.00000 0.00000 0.00000 0.00000 0.00000 0.00000 0.00000 0.00000 0.00000 0.00000 0.00000 0.00000 0.00000 0.00000 0.00000 0.01284 0.03871 0.06448 0.08968 0.11526 0.14150 0.16696 0.19152 0.21701 0.24356 0.28000 0.32537 0.37237 0.42183 0.46757 0.51309 0.56217 0.60968 0.65345 0.70051 0.71405 0.68730 0.65956 0.63387 0.60979 0.58440 0.55738 0.53143 0.50715 0.48219 0.46811 0.46735 0.46828 0.46874 0.46719 0.46653 0.46775 0.46795 0.46583 0.46577 0.46772 0.46742 0.46468 0.46504 0.46741 0.46696 0.46461 0.46486 0.46650 0.46647 0.46488 0.46460 0.46596 0.46602 0.46433 0.46460 0.46618 0.46542 0.46349 0.46493 0.46621 0.46501 0.46364 0.46515 0.46605 0.46501 0.46529 0.46514 0.46416 0.46536 0.46627 0.46494 0.46435 0.46575 0.46607 0.46552 0.46561 0.46570 0.46524 0.46644 0.46706 0.46557 0.46541 0.46742 0.46695 0.46550 0.46744 0.46822 0.46625 0.46593 0.46883 0.46888 0.46656 0.46664 0.46954 0.46961 0.46740 0.46752 0.47029 0.47055 0.44480 0.39822 0.35338 0.30656 0.25825 0.21122 0.16502 0.11803 0.07072 0.02356 0.00000 0.00000 0.00000 0.00000 0.00000 0.00000 0.00000 0.00000 0.00000 0.00000 0.03647 0.10978 0.18297 0.25597 0.32922 0.40320 0.47699 0.55024 0.62344 0.69788 0.73618 0.73595 0.73518 0.73650 0.73863 0.73810 0.73720 0.73899 0.74084 0.73975 0.73935 0.74223 0.74279 0.74121 0.74160 0.74481 0.74497 0.74382 0.74373 0.74620 0.71005 0.63455 0.55936 0.48714 0.41258 0.33627 0.26180 0.18799 0.11287 0.03753 0.00000 0.00000 0.00000 0.00000 0.00000 0.00000 0.00000 0.00000 0.00000 0.00000 0.00000 0.00000 0.00000 0.00000 0.00000 0.00000 0.00000 0.00000 0.00000 0.00000 0.00000 0.00000 0.00000 0.00000 0.00000 0.00000 0.00000 0.00000 0.00000 0.00000 0.00000 0.00000 0.00000 0.00000 0.00000 0.00000 0.00000 0.00000 0.00000 0.00000 0.00000 0.00000 0.00000 0.00000 0.00000 0.00000 0.00000 0.00000 0.00000 0.00000 0.00000 0.00000 0.00000 0.00000 0.00000 0.00000 0.00000 0.00000 0.00000 0.00000 0.00000 0.00000 0.00000 0.00000 0.00000 0.00000 0.00000 0.00000 0.00000 0.00000 0.00000 0.00000 0.00000 0.00000 0.00000
0.00000 0.00000 0.00000 0.00000 0.00000 0.00000 0.00000 0.00000 0.00000 0.00000 0.00000 0.00000 0.00000 0.00000 0.00000 0.00000 0.00000 0.00000 0.00000 0.00000 0.00000 0.00000 0.00000 0.00000 0.00000 0.00000 0.00000 0.00000 0.00000 0.00000 0.00000 0.00000 0.00000 0.00000 0.00000 0.00000 0.00000 0.00000 0.00000 0.00000 0.00000 0.00000 0.00000 0.00000 0.00000 0.01657 0.04969 0.08263 0.11572 0.14878 0.18131 0.21413 0.24723 0.27982 0.31217 0.34845 0.38844 0.42878 0.46889 0.50670 0.54571 0.58864 0.62811 0.66373 0.70511 0.71101 0.67414 0.64057 0.61178 0.57873 0.54224 0.50958 0.48000 0.44707 0.41157 0.39541 0.39772 0.39737 0.39468 0.39475 0.39704 0.39665 0.39410 0.39420 0.39624 0.39603 0.39407 0.39375 0.39496 0.39557 0.39467 0.39312 0.39364 0.39553 0.39505 0.39285 0.39296 0.39534 0.39494 0.39262 0.39310 0.39516 0.39459 0.39260 0.39326 0.39508 0.39459 0.39254 0.39281 0.39515 0.39495 0.39259 0.39271 0.39505 0.39480 0.39399 0.39312 0.39318 0.39520 0.39534 0.39316 0.39324 0.39553 0.39584 0.39391 0.39372 0.39503 0.39593 0.39582 0.39480 0.39428 0.39563 0.39671 0.39584 0.39501 0.39569 0.39677 0.39667 0.39616 0.39614 0.39707 0.39739 0.39691 0.39683 0.39801 0.37836 0.33765 0.29820 0.25949 0.21969 0.17899 0.13928 0.09998 0.06002 0.01996 0.00000 0.00000 0.00000 0.00000 0.00000 0.00000 0.00000 0.00000 0.00000 0.00000 0.03661 0.10978 0.18280 0.25637 0.32985 0.40352 0.47709 0.55104 0.62459 0.69854 0.73626 0.73729 0.73715 0.73694 0.73824 0.73986 0.73940 0.73889 0.74074 0.74216 0.74111 0.74097 0.74389 0.74426 0.74290 0.74312 0.74577 0.74662 0.74583 0.74524 0.71007 0.63685 0.56122 0.48579 0.41318 0.33832 0.26225 0.18747 0.11291 0.03768 0.00000 0.00000 0.00000 0.00000 0.00000 0.00000 0.00000 0.00000 0.00000 0.00000 0.00000 0.00000 0.00000 0.00000 0.00000 0.00000 0.00000 0.00000 0.00000 0.00000 0.00000 0.00000 0.00000 0.00000 0.00000 0.00000 0.00000 0.00000 0.00000 0.00000 0.00000 0.00000 0.00000 0.00000 0.00000 0.00000 0.00000 0.00000 0.00000 0.00000 0.00000 0.00000 0.00000 0.00000 0.00000 0.00000 0.00000 0.00000 0.00000 0.00000 0.00000 0.00000 0.00000 0.00000 0.00000 0.00000 0.00000 0.00000 0.00000 0.00000 0.00000 0.00000 0.00000 0.00000 0.00000 0.00000 0.00000 0.00000 0.00000 0.00000 0.00000 0.00000 0.00000 0.00000 0.00000
0.00000 0.00000 0.00000 0.00000 0.00000 0.00000 0.00000 0.00000 0.00000 0.00000 0.00000 0.00000 0.00000 0.00000 0.00000 0.00000 0.00000 0.00000 0.00000 0.00000 0.00000 0.00000 0.00000 0.00000 0.00000 0.00000 0.00000 0.00000 0.00000 0.00000 0.00000 0.00000 0.00000 0.00000 0.00000 0.00000 0.00000 0.00000 0.00000 0.00000 0.00000 0.00000 0.00000 0.00000 0.00000 0.02032 0.06066 0.10077 0.14177 0.18216 0.22117 0.26116 0.30286 0.34293 0.38063 0.41676 0.45197 0.48445 0.51398 0.54652 0.58179 0.61357 0.64405 0.67623 0.71009 0.70603 0.66458 0.62501 0.58527 0.54435 0.50370 0.46465 0.42527 0.38431 0.34382 0.32477 0.32536 0.32418 0.32328 0.32427 0.32490 0.32343 0.32273 0.32415 0.32446 0.32250 0.32226 0.32417 0.32402 0.32192 0.32235 0.32382 0.32334 0.32199 0.32268 0.32329 0.32277 0.32200 0.32259 0.32310 0.32246 0.32164 0.32265 0.32311 0.32227 0.32158 0.32267 0.32302 0.32237 0.32230 0.32238 0.32219 0.32291 0.32320 0.32174 0.32189 0.32347 0.32341 0.32205 0.32244 0.32351 0.32302 0.32270 0.32350 0.32342 0.32247 0.32374 0.32425 0.32299 0.32321 0.32463 0.32392 0.32296 0.32458 0.32514 0.32365 0.32352 0.32549 0.32557 0.32400 0.32410 0.32607 0.32614 0.32460 0.32470 0.31026 0.27786 0.24406 0.21156 0.17979 0.14736 0.11434 0.08161 0.04902 0.01636 0.00000 0.00000 0.00000 0.00000 0.00000 0.00000 0.00000 0.00000 0.00000 0.00000 0.03664 0.11002 0.18304 0.25626 0.33071 0.40442 0.47716 0.55084 0.62651 0.70034 0.73595 0.73680 0.73944 0.73939 0.73791 0.73915 0.74172 0.74144 0.74014 0.74196 0.74377 0.74295 0.74245 0.74494 0.74583 0.74486 0.74472 0.74635 0.74821 0.74807 0.70957 0.63632 0.56313 0.48756 0.41199 0.33859 0.26375 0.18779 0.11272 0.03768 0.00000 0.00000 0.00000 0.00000 0.00000 0.00000 0.00000 0.00000 0.00000 0.00000 0.00000 0.00000 0.00000 0.00000 0.00000 0.00000 0.00000 0.00000 0.00000 0.00000 0.00000 0.00000 0.00000 0.00000 0.00000 0.00000 0.00000 0.00000 0.00000 0.00000 0.00000 0.00000 0.00000 0.00000 0.00000 0.00000 0.00000 0.00000 0.00000 0.00000 0.00000 0.00000 0.00000 0.00000 0.00000 0.00000 0.00000 0.00000 0.00000 0.00000 0.00000 0.00000 0.00000 0.00000 0.00000 0.00000 0.00000 0.00000 0.00000 0.00000 0.00000 0.00000 0.00000 0.00000 0.00000 0.00000 0.00000 0.00000 0.00000 0.00000 0.00000 0.00000 0.00000 0.00000 0.00000
0.00000 0.00000 0.00000 0.00000 0.00000 0.00000 0.00000 0.00000 0.00000 0.00000 0.00000 0.00000 0.00000 0.00000 0.00000 0.00000 0.00000 0.00000 0.00000 0.00000 0.00000 0.00000 0.00000 0.00000 0.00000 0.00000 0.00000 0.00000 0.00000 0.00000 0.00000 0.00000 0.00000 0.00000 0.00000 0.00000 0.00000 0.00000 0.00000 0.00000 0.00000 0.00000 0.00000 0.00000 0.00000 0.02390 0.07166 0.11979 0.16729 0.21421 0.26211 0.31025 0.35705 0.40362 0.45126 0.48831 0.51329 0.53706 0.56191 0.58961 0.61472 0.63624 0.66160 0.69043 0.71363 0.69955 0.65556 0.60897 0.55801 0.51052 0.46638 0.41895 0.36923 0.32237 0.27712 0.25329 0.25166 0.25185 0.25315 0.25268 0.25124 0.25161 0.25274 0.25219 0.25101 0.25140 0.25217 0.25184 0.25117 0.25101 0.25137 0.25213 0.25151 0.25050 0.25074 0.25197 0.25164 0.25033 0.25052 0.25182 0.25160 0.25029 0.25055 0.25178 0.25156 0.25026 0.25038 0.25182 0.25176 0.25022 0.25027 0.25183 0.25174 0.25053 0.25058 0.25127 0.25177 0.25148 0.25065 0.25088 0.25212 0.25203 0.25078 0.25095 0.25225 0.25244 0.25154 0.25142 0.25175 0.25218 0.25263 0.25233 0.25161 0.25199 0.25311 0.25298 0.25213 0.25223 0.25332 0.25346 0.25272 0.25265 0.25374 0.25395 0.25309 0.24047 0.21621 0.19096 0.16473 0.13946 0.11468 0.08928 0.06356 0.03811 0.01274 0.00000 0.00000 0.00000 0.00000 0.00000 0.00000 0.00000 0.00000 0.00000 0.00000 0.03657 0.11002 0.18397 0.25702 0.32995 0.40466 0.47872 0.55202 0.62591 0.70122 0.73839 0.73778 0.73868 0.74064 0.74070 0.73970 0.74101 0.74300 0.74306 0.74185 0.74342 0.74516 0.74467 0.74406 0.74559 0.74742 0.74690 0.74625 0.74743 0.74998 0.71245 0.63616 0.56218 0.48926 0.41360 0.33781 0.26336 0.18874 0.11313 0.03768 0.00000 0.00000 0.00000 0.00000 0.00000 0.00000 0.00000 0.00000 0.00000 0.00000 0.00000 0.00000 0.00000 0.00000 0.00000 0.00000 0.00000 0.00000 0.00000 0.00000 0.00000 0.00000 0.00000 0.00000 0.00000 0.00000 0.00000 0.00000 0.00000 0.00000 0.00000 0.00000 0.00000 0.00000 0.00000 0.00000 0.00000 0.00000 0.00000 0.00000 0.00000 0.00000 0.00000 0.00000 0.00000 0.00000 0.00000 0.00000 0.00000 0.00000 0.00000 0.00000 0.00000 0.00000 0.00000 0.00000 0.00000 0.00000 0.00000 0.00000 0.00000 0.00000 0.00000 0.00000 0.00000 0.00000 0.00000 0.00000 0.00000 0.00000 0.00000 0.00000 0.00000 0.00000 0.00000
0.00000 0.00000 0.00000 0.00000 0.00000 0.00000 0.00000 0.00000 0.00000 0.00000 0.00000 0.00000 0.00000 0.00000 0.00000 0.00000 0.00000 0.00000 0.00000 0.00000 0.00000 0.00000 0.00000 0.00000 0.00000 0.00000 0.00000 0.00000 0.00000 0.00000 0.00000 0.00000 0.00000 0.00000 0.00000 0.00000 0.00000 0.00000 0.00000 0.00000 0.00000 0.00000 0.00000 0.00000 0.00000 0.02756 0.08283 0.13831 0.19266 0.24703 0.30332 0.35840 0.41083 0.46507 0.52251 0.55890 0.57318 0.59087 0.61233 0.63022 0.64508 0.66191 0.68213 0.70122 0.71752 0.69707 0.64363 0.58985 0.53423 0.47954 0.42581 0.37088 0.31574 0.26200 0.20827 0.18053 0.17989 0.18041 0.18090 0.18015 0.17956 0.18033 0.18063 0.17963 0.17932 0.18037 0.18035 0.17921 0.17919 0.18030 0.18007 0.17905 0.17989 0.18005 0.17933 0.17910 0.17981 0.17983 0.17921 0.17904 0.17974 0.17977 0.17916 0.17900 0.17971 0.17974 0.17923 0.17926 0.17955 0.17943 0.17955 0.17977 0.17921 0.17910 0.18001 0.18001 0.17903 0.17924 0.18019 0.17996 0.17925 0.17973 0.18023 0.17971 0.17969 0.18037 0.18017 0.17954 0.18060 0.18057 0.17960 0.18015 0.18085 0.18039 0.18000 0.18084 0.18109 0.18036 0.18040 0.18133 0.18137 0.18061 0.18075 0.18165 0.18172 0.17198 0.15394 0.13639 0.11837 0.09991 0.08172 0.06364 0.04554 0.02736 0.00911 0.00000 0.00000 0.00000 0.00000 0.00000 0.00000 0.00000 0.00000 0.00000 0.00000 0.03665 0.10997 0.18397 0.25797 0.33066 0.40394 0.47973 0.55388 0.62621 0.70039 0.74027 0.74050 0.73874 0.73973 0.74255 0.74274 0.74095 0.74219 0.74467 0.74505 0.74331 0.74435 0.74673 0.74654 0.74567 0.74638 0.74902 0.74917 0.74794 0.74839 0.71399 0.63919 0.56260 0.48798 0.41489 0.33904 0.26332 0.18850 0.11352 0.03780 0.00000 0.00000 0.00000 0.00000 0.00000 0.00000 0.00000 0.00000 0.00000 0.00000 0.00000 0.00000 0.00000 0.00000 0.00000 0.00000 0.00000 0.00000 0.00000 0.00000 0.00000 0.00000 0.00000 0.00000 0.00000 0.00000 0.00000 0.00000 0.00000 0.00000 0.00000 0.00000 0.00000 0.00000 0.00000 0.00000 0.00000 0.00000 0.00000 0.00000 0.00000 0.00000 0.00000 0.00000 0.00000 0.00000 0.00000 0.00000 0.00000 0.00000 0.00000 0.00000 0.00000 0.00000 0.00000 0.00000 0.00000 0.00000 0.00000 0.00000 0.00000 0.00000 0.00000 0.00000 0.00000 0.00000 0.00000 0.00000 0.00000 0.00000 0.00000 0.00000 0.00000 0.00000 0.00000
0.00000 0.00000 0.00000 0.00000 0.00000 0.00000 0.00000 0.00000 0.00000 0.00000 0.00000 0.00000 0.00000 0.00000 0.00000 0.00000 0.00000 0.00000 0.00000 0.00000 0.00000 0.00000 0.00000 0.00000 0.00000 0.00000 0.00000 0.00000 0.00000 0.00000 0.00000 0.00000 0.00000 0.00000 0.00000 0.00000 0.00000 0.00000 0.00000 0.00000 0.00000 0.00000 0.00000 0.00000 0.00000 0.03137 0.09406 0.15591 0.21828 0.28171 0.34350 0.40406 0.46659 0.53008 0.59127 0.62569 0.63655 0.64902 0.65923 0.66728 0.67809 0.69208 0.70107 0.70808 0.72080 0.69731 0.63237 0.56952 0.51044 0.44891 0.38458 0.32291 0.26306 0.20126 0.13872 0.10814 0.10868 0.10846 0.10790 0.10812 0.10853 0.10817 0.10776 0.10808 0.10834 0.10794 0.10776 0.10809 0.10805 0.10779 0.10787 0.10785 0.10776 0.10802 0.10797 0.10762 0.10759 0.10800 0.10799 0.10754 0.10753 0.10800 0.10800 0.10750 0.10749 0.10805 0.10806 0.10744 0.10746 0.10811 0.10810 0.10745 0.10758 0.10807 0.10803 0.10771 0.10767 0.10789 0.10815 0.10800 0.10766 0.10783 0.10834 0.10821 0.10777 0.10791 0.10830 0.10828 0.10820 0.10833 0.10811 0.10804 0.10860 0.10860 0.10816 0.10820 0.10879 0.10883 0.10837 0.10839 0.10897 0.10903 0.10857 0.10859 0.10918 0.10379 0.09244 0.08160 0.07109 0.06023 0.04907 0.03815 0.02735 0.01644 0.00548 0.00000 0.00000 0.00000 0.00000 0.00000 0.00000 0.00000 0.00000 0.00000 0.00000 0.03684 0.11029 0.18353 0.25784 0.33225 0.40525 0.47876 0.55431 0.62870 0.70166 0.73935 0.74147 0.74168 0.74057 0.74180 0.74383 0.74427 0.74274 0.74397 0.74604 0.74726 0.74500 0.74519 0.74828 0.74847 0.74726 0.74769 0.75077 0.75099 0.74946 0.71229 0.64044 0.56525 0.48858 0.41353 0.34024 0.26446 0.18855 0.11321 0.03789 0.00000 0.00000 0.00000 0.00000 0.00000 0.00000 0.00000 0.00000 0.00000 0.00000 0.00000 0.00000 0.00000 0.00000 0.00000 0.00000 0.00000 0.00000 0.00000 0.00000 0.00000 0.00000 0.00000 0.00000 0.00000 0.00000 0.00000 0.00000 0.00000 0.00000 0.00000 0.00000 0.00000 0.00000 0.00000 0.00000 0.00000 0.00000 0.00000 0.00000 0.00000 0.00000 0.00000 0.00000 0.00000 0.00000 0.00000 0.00000 0.00000 0.00000 0.00000 0.00000 0.00000 0.00000 0.00000 0.00000 0.00000 0.00000 0.00000 0.00000 0.00000 0.00000 0.00000 0.00000 0.00000 0.00000 0.00000 0.00000 0.00000 0.00000 0.00000 0.00000 0.00000 0.00000 0.00000
0.00000 0.00000 0.00000 0.00000 0.00000 0.00000 0.00000 0.00000 0.00000 0.00000 0.00000 0.00000 0.00000 0.00000 0.00000 0.00000 0.00000 0.00000 0.00000 0.00000 0.00000 0.00000 0.00000 0.00000 0.00000 0.00000 0.00000 0.00000 0.00000 0.00000 0.00000 0.00000 0.00000 0.00000 0.00000 0.00000 0.00000 0.00000 0.00000 0.00000 0.00000 0.00000 0.00000 0.00000 0.00000 0.03510 0.10504 0.17428 0.24458 0.31494 0.38291 0.45149 0.52339 0.59311 0.65845 0.69423 0.70146 0.70497 0.70386 0.70679 0.71360 0.71760 0.71992 0.71956 0.72304 0.69375 0.62350 0.55216 0.48392 0.41564 0.34570 0.27671 0.20853 0.13941 0.07032 0.03612 0.03625 0.03614 0.03598 0.03610 0.03619 0.03602 0.03594 0.03613 0.03613 0.03592 0.03593 0.03613 0.03605 0.03587 0.03603 0.03609 0.03585 0.03587 0.03606 0.03604 0.03585 0.03588 0.03604 0.03601 0.03586 0.03587 0.03603 0.03601 0.03587 0.03590 0.03601 0.03597 0.03592 0.03599 0.03595 0.03588 0.03602 0.03607 0.03589 0.03588 0.03609 0.03608 0.03589 0.03595 0.03612 0.03606 0.03593 0.03607 0.03614 0.03601 0.03605 0.03618 0.03609 0.03603 0.03621 0.03620 0.03606 0.03615 0.03625 0.03619 0.03614 0.03626 0.03631 0.03621 0.03622 0.03635 0.03637 0.03627 0.03630 0.03459 0.03097 0.02728 0.02365 0.02003 0.01642 0.01278 0.00912 0.00547 0.00183 0.00000 0.00000 0.00000 0.00000 0.00000 0.00000 0.00000 0.00000 0.00000 0.00000 0.03683 0.11070 0.18394 0.25745 0.33255 0.40693 0.47941 0.55336 0.63003 0.70448 0.73959 0.74060 0.74344 0.74361 0.74180 0.74312 0.74559 0.74628 0.74417 0.74505 0.74764 0.74913 0.74659 0.74646 0.74989 0.75040 0.74893 0.74905 0.75238 0.75304 0.71364 0.63861 0.56628 0.49098 0.41436 0.33929 0.26523 0.18930 0.11337 0.03783 0.00000 0.00000 0.00000 0.00000 0.00000 0.00000 0.00000 0.00000 0.00000 0.00000 0.00000 0.00000 0.00000 0.00000 0.00000 0.00000 0.00000 0.00000 0.00000 0.00000 0.00000 0.00000 0.00000 0.00000 0.00000 0.00000 0.00000 0.00000 0.00000 0.00000 0.00000 0.00000 0.00000 0.00000 0.00000 0.00000 0.00000 0.00000 0.00000 0.00000 0.00000 0.00000 0.00000 0.00000 0.00000 0.00000 0.00000 0.00000 0.00000 0.00000 0.00000 0.00000 0.00000 0.00000 0.00000 0.00000 0.00000 0.00000 0.00000 0.00000 0.00000 0.00000 0.00000 0.00000 0.00000 0.00000 0.00000 0.00000 0.00000 0.00000 0.00000 0.00000 0.00000 0.00000 0.00000
0.00000 0.00000 0.00000 0.00000 0.00000 0.00000 0.00000 0.00000 0.00000 0.00000 0.00000 0.00000 0.00000 0.00000 0.00000 0.00000 0.00000 0.00000 0.00000 0.00000 0.00000 0.00000 0.00000 0.00000 0.00000 0.00000 0.00000 0.00000 0.00000 0.00000 0.00000 0.00000 0.00000 0.00000 0.00000 0.00000 0.00000 0.00000 0.00000 0.00000 0.00000 0.00000 0.00000 0.00000 0.00000 0.03497 0.10469 0.17521 0.24505 0.31322 0.38283 0.45435 0.52318 0.59005 0.65973 0.69631 0.69525 0.69281 0.69262 0.69424 0.69325 0.69113 0.69110 0.69270 0.69088 0.65495 0.58702 0.51858 0.44734 0.37783 0.31056 0.24170 0.17160 0.10287 0.03446 0.00000 0.00000 0.00000 0.00000 0.00000 0.00000 0.00000 0.00000 0.00000 0.00000 0.00000 0.00000 0.00000 0.00000 0.00000 0.00000 0.00000 0.00000 0.00000 0.00000 0.00000 0.00000 0.00000 0.00000 0.00000 0.00000 0.00000 0.00000 0.00000 0.00000 0.00000 0.00000 0.00000 0.00000 0.00000 0.00000 0.00000 0.00000 0.00000 0.00000 0.00000 0.00000 0.00000 0.00000 0.00000 0.00000 0.00000 0.00000 0.00000 0.00000 0.00000 0.00000 0.00000 0.00000 0.00000 0.00000 0.00000 0.00000 0.00000 0.00000 0.00000 0.00000 0.00000 0.00000 0.00000 0.00000 0.00000 0.00000 0.00000 0.00000 0.00182 0.00548 0.00913 0.01274 0.01638 0.02009 0.02379 0.02741 0.03101 0.03470 0.03667 0.03670 0.03657 0.03659 0.03677 0.03678 0.03665 0.03672 0.03688 0.03683 0.07167 0.14195 0.21265 0.28224 0.35205 0.42364 0.49464 0.56386 0.63457 0.70714 0.74254 0.74143 0.74295 0.74475 0.74476 0.74363 0.74523 0.74699 0.74823 0.74592 0.74644 0.74919 0.75070 0.74822 0.74808 0.75164 0.75203 0.75048 0.75063 0.75428 0.71698 0.63982 0.56465 0.49204 0.41641 0.33974 0.26438 0.18980 0.11391 0.03790 0.00000 0.00000 0.00000 0.00000 0.00000 0.00000 0.00000 0.00000 0.00000 0.00000 0.00000 0.00000 0.00000 0.00000 0.00000 0.00000 0.00000 0.00000 0.00000 0.00000 0.00000 0.00000 0.00000 0.00000 0.00000 0.00000 0.00000 0.00000 0.00000 0.00000 0.00000 0.00000 0.00000 0.00000 0.00000 0.00000 0.00000 0.00000 0.00000 0.00000 0.00000 0.00000 0.00000 0.00000 0.00000 0.00000 0.00000 0.00000 0.00000 0.00000 0.00000 0.00000 0.00000 0.00000 0.00000 0.00000 0.00000 0.00000 0.00000 0.00000 0.00000 0.00000 0.00000 0.00000 0.00000 0.00000 0.00000 0.00000 0.00000 0.00000 0.00000 0.00000 0.00000 0.00000 0.00000
0.00000 0.00000 0.00000 0.00000 0.00000 0.00000 0.00000 0.00000 0.00000 0.00000 0.00000 0.00000 0.00000 0.00000 0.00000 0.00000 0.00000 0.00000 0.00000 0.00000 0.00000 0.00000 0.00000 0.00000 0.00000 0.00000 0.00000 0.00000 0.00000 0.00000 0.00000 0.00000 0.00000 0.00000 0.00000 0.00000 0.00000 0.00000 0.00000 0.00000 0.00000 0.00000 0.00000 0.00000 0.00000 0.03127 0.09380 0.15680 0.21891 0.28038 0.34367 0.40664 0.46652 0.52778 0.59275 0.62387 0.61952 0.61910 0.62213 0.62223 0.61937 0.61750 0.61813 0.62062 0.62042 0.58547 0.52369 0.46423 0.40155 0.33845 0.27753 0.21612 0.15372 0.09217 0.03085 0.00000 0.00000 0.00000 0.00000 0.00000 0.00000 0.00000 0.00000 0.00000 0.00000 0.00000 0.00000 0.00000 0.00000 0.00000 0.00000 0.00000 0.00000 0.00000 0.00000 0.00000 0.00000 0.00000 0.00000 0.00000 0.00000 0.00000 0.00000 0.00000 0.00000 0.00000 0.00000 0.00000 0.00000 0.00000 0.00000 0.00000 0.00000 0.00000 0.00000 0.00000 0.00000 0.00000 0.00000 0.00000 0.00000 0.00000 0.00000 0.00000 0.00000 0.00000 0.00000 0.00000 0.00000 0.00000 0.00000 0.00000 0.00000 0.00000 0.00000 0.00000 0.00000 0.00000 0.00000 0.00000 0.00000 0.00000 0.00000 0.00000 0.00000 0.00547 0.01640 0.02735 0.03835 0.04935 0.06027 0.07116 0.08235 0.09354 0.10432 0.10969 0.11010 0.11027 0.11002 0.11011 0.11045 0.11038 0.11023 0.11057 0.11081 0.14187 0.20442 0.26817 0.33165 0.39331 0.45614 0.52135 0.58499 0.64609 0.70985 0.74440 0.74429 0.74267 0.74448 0.74663 0.74657 0.74501 0.74651 0.74869 0.74998 0.74745 0.74781 0.75086 0.75192 0.74984 0.75000 0.75331 0.75404 0.75222 0.75223 0.71809 0.64309 0.56590 0.49058 0.41723 0.34138 0.26484 0.18937 0.11416 0.03805 0.00000 0.00000 0.00000 0.00000 0.00000 0.00000 0.00000 0.00000 0.00000 0.00000 0.00000 0.00000 0.00000 0.00000 0.00000 0.00000 0.00000 0.00000 0.00000 0.00000 0.00000 0.00000 0.00000 0.00000 0.00000 0.00000 0.00000 0.00000 0.00000 0.00000 0.00000 0.00000 0.00000 0.00000 0.00000 0.00000 0.00000 0.00000 0.00000 0.00000 0.00000 0.00000 0.00000 0.00000 0.00000 0.00000 0.00000 0.00000 0.00000 0.00000 0.00000 0.00000 0.00000 0.00000 0.00000 0.00000 0.00000 0.00000 0.00000 0.00000 0.00000 0.00000 0.00000 0.00000 0.00000 0.00000 0.00000 0.00000 0.00000 0.00000 0.00000 0.00000 0.00000 0.00000 0.00000
0.00000 0.00000 0.00000 0.00000 0.00000 0.00000 0.00000 0.00000 0.00000 0.00000 0.00000 0.00000 0.00000 0.00000 0.00000 0.00000 0.00000 0.00000 0.00000 0.00000 0.00000 0.00000 0.00000 0.00000 0.00000 0.00000 0.00000 0.00000 0.00000 0.00000 0.00000 0.00000 0.00000 0.00000 0.00000 0.00000 0.00000 0.00000 0.00000 0.00000 0.00000 0.00000 0.00000 0.00000 0.00000 0.02769 0.08313 0.13779 0.19260 0.24881 0.30377 0.35682 0.41167 0.46861 0.52286 0.54772 0.54783 0.54911 0.54853 0.54692 0.54667 0.54709 0.54684 0.54632 0.54577 0.51876 0.46333 0.40804 0.35437 0.30033 0.24462 0.18980 0.13612 0.08177 0.02713 0.00000 0.00000 0.00000 0.00000 0.00000 0.00000 0.00000 0.00000 0.00000 0.00000 0.00000 0.00000 0.00000 0.00000 0.00000 0.00000 0.00000 0.00000 0.00000 0.00000 0.00000 0.00000 0.00000 0.00000 0.00000 0.00000 0.00000 0.00000 0.00000 0.00000 0.00000 0.00000 0.00000 0.00000 0.00000 0.00000 0.00000 0.00000 0.00000 0.00000 0.00000 0.00000 0.00000 0.00000 0.00000 0.00000 0.00000 0.00000 0.00000 0.00000 0.00000 0.00000 0.00000 0.00000 0.00000 0.00000 0.00000 0.00000 0.00000 0.00000 0.00000 0.00000 0.00000 0.00000 0.00000 0.00000 0.00000 0.00000 0.00000 0.00000 0.00914 0.02734 0.04557 0.06402 0.08245 0.10058 0.11873 0.13725 0.15609 0.17446 0.18306 0.18317 0.18411 0.18420 0.18351 0.18372 0.18459 0.18453 0.18399 0.18445 0.21287 0.26798 0.32296 0.37958 0.43622 0.49069 0.54616 0.60391 0.66000 0.71454 0.74405 0.74572 0.74501 0.74449 0.74705 0.74808 0.74776 0.74678 0.74817 0.75028 0.75178 0.74909 0.74930 0.75264 0.75323 0.75140 0.75162 0.75522 0.75566 0.75380 0.71623 0.64421 0.56871 0.49147 0.41602 0.34219 0.26621 0.18965 0.11384 0.03811 0.00000 0.00000 0.00000 0.00000 0.00000 0.00000 0.00000 0.00000 0.00000 0.00000 0.00000 0.00000 0.00000 0.00000 0.00000 0.00000 0.00000 0.00000 0.00000 0.00000 0.00000 0.00000 0.00000 0.00000 0.00000 0.00000 0.00000 0.00000 0.00000 0.00000 0.00000 0.00000 0.00000 0.00000 0.00000 0.00000 0.00000 0.00000 0.00000 0.00000 0.00000 0.00000 0.00000 0.00000 0.00000 0.00000 0.00000 0.00000 0.00000 0.00000 0.00000 0.00000 0.00000 0.00000 0.00000 0.00000 0.00000 0.00000 0.00000 0.00000 0.00000 0.00000 0.00000 0.00000 0.00000 0.00000 0.00000 0.00000 0.00000 0.00000 0.00000 0.00000 0.00000 0.00000 0.00000
0.00000 0.00000 0.00000 0.00000 0.00000 0.00000 0.00000 0.00000 0.00000 0.00000 0.00000 0.00000 0.00000 0.00000 0.00000 0.00000 0.00000 0.00000 0.00000 0.00000 0.00000 0.00000 0.00000 0.00000 0.00000 0.00000 0.00000 0.00000 0.00000 0.00000 0.00000 0.00000 0.00000 0.00000 0.00000 0.00000 0.00000 0.00000 0.00000 0.00000 0.00000 0.00000 0.00000 0.00000 0.00000 0.02402 0.07202 0.11944 0.16725 0.21558 0.26265 0.30943 0.35822 0.40632 0.45134 0.47451 0.47683 0.47681 0.47355 0.47319 0.47523 0.47564 0.47534 0.47209 0.47162 0.45079 0.40294 0.35339 0.30656 0.26042 0.21238 0.16464 0.11805 0.07090 0.02350 0.00000 0.00000 0.00000 0.00000 0.00000 0.00000 0.00000 0.00000 0.00000 0.00000 0.00000 0.00000 0.00000 0.00000 0.00000 0.00000 0.00000 0.00000 0.00000 0.00000 0.00000 0.00000 0.00000 0.00000 0.00000 0.00000 0.00000 0.00000 0.00000 0.00000 0.00000 0.00000 0.00000 0.00000 0.00000 0.00000 0.00000 0.00000 0.00000 0.00000 0.00000 0.00000 0.00000 0.00000 0.00000 0.00000 0.00000 0.00000 0.00000 0.00000 0.00000 0.00000 0.00000 0.00000 0.00000 0.00000 0.00000 0.00000 0.00000 0.00000 0.00000 0.00000 0.00000 0.00000 0.00000 0.00000 0.00000 0.00000 0.00000 0.00000 0.01277 0.03837 0.06408 0.08967 0.11513 0.14107 0.16709 0.19245 0.21781 0.24439 0.25773 0.25705 0.25706 0.25806 0.25812 0.25754 0.25809 0.25886 0.25849 0.25817 0.28315 0.33204 0.37923 0.42722 0.47732 0.52670 0.57294 0.62123 0.67267 0.72104 0.74363 0.74577 0.74763 0.74655 0.74586 0.74895 0.74991 0.74915 0.74825 0.74931 0.75208 0.75299 0.75061 0.75116 0.75443 0.75509 0.75308 0.75325 0.75692 0.75756 0.71782 0.64234 0.56965 0.49396 0.41680 0.34128 0.26677 0.19054 0.11402 0.03805 0.00000 0.00000 0.00000 0.00000 0.00000 0.00000 0.00000 0.00000 0.00000 0.00000 0.00000 0.00000 0.00000 0.00000 0.00000 0.00000 0.00000 0.00000 0.00000 0.00000 0.00000 0.00000 0.00000 0.00000 0.00000 0.00000 0.00000 0.00000 0.00000 0.00000 0.00000 0.00000 0.00000 0.00000 0.00000 0.00000 0.00000 0.00000 0.00000 0.00000 0.00000 0.00000 0.00000 0.00000 0.00000 0.00000 0.00000 0.00000 0.00000 0.00000 0.00000 0.00000 0.00000 0.00000 0.00000 0.00000 0.00000 0.00000 0.00000 0.00000 0.00000 0.00000 0.00000 0.00000 0.00000 0.00000 0.00000 0.00000 0.00000 0.00000 0.00000 0.00000 0.00000 0.00000 0.00000
0.00000 0.00000 0.00000 0.00000 0.00000 0.00000 0.00000 0.00000 0.00000 0.00000 0.00000 0.00000 0.00000 0.00000 0.00000 0.00000 0.00000 0.00000 0.00000 0.00000 0.00000 0.00000 0.00000 0.00000 0.00000 0.00000 0.00000 0.00000 0.00000 0.00000 0.00000 0.00000 0.00000 0.00000 0.00000 0.00000 0.00000 0.00000 0.00000 0.00000 0.00000 0.00000 0.00000 0.00000 0.00000 0.02028 0.06065 0.10144 0.14211 0.18162 0.22170 0.26338 0.30359 0.34190 0.38210 0.40394 0.40339 0.40146 0.40153 0.40248 0.40206 0.40050 0.40080 0.40116 0.40089 0.38009 0.34013 0.30058 0.25994 0.21926 0.17978 0.14022 0.09980 0.05967 0.01994 0.00000 0.00000 0.00000 0.00000 0.00000 0.00000 0.00000 0.00000 0.00000 0.00000 0.00000 0.00000 0.00000 0.00000 0.00000 0.00000 0.00000 0.00000 0.00000 0.00000 0.00000 0.00000 0.00000 0.00000 0.00000 0.00000 0.00000 0.00000 0.00000 0.00000 0.00000 0.00000 0.00000 0.00000 0.00000 0.00000 0.00000 0.00000 0.00000 0.00000 0.00000 0.00000 0.00000 0.00000 0.00000 0.00000 0.00000 0.00000 0.00000 0.00000 0.00000 0.00000 0.00000 0.00000 0.00000 0.00000 0.00000 0.00000 0.00000 0.00000 0.00000 0.00000 0.00000 0.00000 0.00000 0.00000 0.00000 0.00000 0.00000 0.00000 0.01644 0.04943 0.08252 0.11536 0.14821 0.18150 0.21512 0.24810 0.28049 0.31377 0.33184 0.33198 0.33078 0.33099 0.33270 0.33279 0.33166 0.33215 0.33358 0.33340 0.35293 0.39457 0.43686 0.47685 0.51712 0.55979 0.60216 0.64138 0.68275 0.72609 0.74567 0.74545 0.74849 0.74912 0.74726 0.74762 0.75130 0.75153 0.75038 0.74989 0.75065 0.75386 0.75419 0.75218 0.75276 0.75634 0.75662 0.75472 0.75498 0.75895 0.72131 0.64366 0.56810 0.49508 0.41900 0.34174 0.26601 0.19091 0.11464 0.03813 0.00000 0.00000 0.00000 0.00000 0.00000 0.00000 0.00000 0.00000 0.00000 0.00000 0.00000 0.00000 0.00000 0.00000 0.00000 0.00000 0.00000 0.00000 0.00000 0.00000 0.00000 0.00000 0.00000 0.00000 0.00000 0.00000 0.00000 0.00000 0.00000 0.00000 0.00000 0.00000 0.00000 0.00000 0.00000 0.00000 0.00000 0.00000 0.00000 0.00000 0.00000 0.00000 0.00000 0.00000 0.00000 0.00000 0.00000 0.00000 0.00000 0.00000 0.00000 0.00000 0.00000 0.00000 0.00000 0.00000 0.00000 0.00000 0.00000 0.00000 0.00000 0.00000 0.00000 0.00000 0.00000 0.00000 0.00000 0.00000 0.00000 0.00000 0.00000 0.00000 0.00000 0.00000 0.00000
0.00000 0.00000 0.00000 0.00000 0.00000 0.00000 0.00000 0.00000 0.00000 0.00000 0.00000 0.00000 0.00000 0.00000 0.00000 0.00000 0.00000 0.00000 0.00000 0.00000 0.00000 0.00000 0.00000 0.00000 0.00000 0.00000 0.00000 0.00000 0.00000 0.00000 0.00000 0.00000 0.00000 0.00000 0.00000 0.00000 0.00000 0.00000 0.00000 0.00000 0.00000 0.00000 0.00000 0.00000 0.00000 0.01658 0.04966 0.08304 0.11617 0.14874 0.18190 0.21536 0.24762 0.27996 0.31397 0.33070 0.32865 0.32833 0.32982 0.32996 0.32812 0.32747 0.32796 0.32923 0.32897 0.31042 0.27783 0.24641 0.21311 0.17938 0.14712 0.11477 0.08162 0.04884 0.01636 0.00000 0.00000 0.00000 0.00000 0.00000 0.00000 0.00000 0.00000 0.00000 0.00000 0.00000 0.00000 0.00000 0.00000 0.00000 0.00000 0.00000 0.00000 0.00000 0.00000 0.00000 0.00000 0.00000 0.00000 0.00000 0.00000 0.00000 0.00000 0.00000 0.00000 0.00000 0.00000 0.00000 0.00000 0.00000 0.00000 0.00000 0.00000 0.00000 0.00000 0.00000 0.00000 0.00000 0.00000 0.00000 0.00000 0.00000 0.00000 0.00000 0.00000 0.00000 0.00000 0.00000 0.00000 0.00000 0.00000 0.00000 0.00000 0.00000 0.00000 0.00000 0.00000 0.00000 0.00000 0.00000 0.00000 0.00000 0.00000 0.00000 0.00000 0.02018 0.06054 0.10061 0.14113 0.18202 0.22222 0.26212 0.30348 0.34474 0.38435 0.40428 0.40603 0.40642 0.40532 0.40574 0.40730 0.40711 0.40626 0.40729 0.40854 0.42456 0.45741 0.49245 0.52735 0.55918 0.59247 0.62861 0.66313 0.69454 0.72931 0.74859 0.74690 0.74684 0.75039 0.75099 0.74867 0.74910 0.75207 0.75340 0.75224 0.75141 0.75232 0.75576 0.75596 0.75378 0.75436 0.75827 0.75853 0.75641 0.75670 0.72263 0.64689 0.56924 0.49360 0.41987 0.34354 0.26631 0.19052 0.11483 0.03829 0.00000 0.00000 0.00000 0.00000 0.00000 0.00000 0.00000 0.00000 0.00000 0.00000 0.00000 0.00000 0.00000 0.00000 0.00000 0.00000 0.00000 0.00000 0.00000 0.00000 0.00000 0.00000 0.00000 0.00000 0.00000 0.00000 0.00000 0.00000 0.00000 0.00000 0.00000 0.00000 0.00000 0.00000 0.00000 0.00000 0.00000 0.00000 0.00000 0.00000 0.00000 0.00000 0.00000 0.00000 0.00000 0.00000 0.00000 0.00000 0.00000 0.00000 0.00000 0.00000 0.00000 0.00000 0.00000 0.00000 0.00000 0.00000 0.00000 0.00000 0.00000 0.00000 0.00000 0.00000 0.00000 0.00000 0.00000 0.00000 0.00000 0.00000 0.00000 0.00000 0.00000 0.00000 0.00000
0.00000 0.00000 0.00000 0.00000 0.00000 0.00000 0.00000 0.00000 0.00000 0.00000 0.00000 0.00000 0.00000 0.00000 0.00000 0.00000 0.00000 0.00000 0.00000 0.00000 0.00000 0.00000 0.00000 0.00000 0.00000 0.00000 0.00000 0.00000 0.00000 0.00000 0.00000 0.00000 0.00000 0.00000 0.00000 0.00000 0.00000 0.00000 0.00000 0.00000 0.00000 0.00000 0.00000 0.00000 0.00000 0.01292 0.03884 0.06444 0.08995 0.11613 0.14200 0.16675 0.19222 0.21902 0.24458 0.25578 0.25582 0.25696 0.25659 0.25518 0.25542 0.25650 0.25581 0.25462 0.25496 0.24273 0.21694 0.19076 0.16540 0.14039 0.11467 0.08876 0.06349 0.03825 0.01273 0.00000 0.00000 0.00000 0.00000 0.00000 0.00000 0.00000 0.00000 0.00000 0.00000 0.00000 0.00000 0.00000 0.00000 0.00000 0.00000 0.00000 0.00000 0.00000 0.00000 0.00000 0.00000 0.00000 0.00000 0.00000 0.00000 0.00000 0.00000 0.00000 0.00000 0.00000 0.00000 0.00000 0.00000 0.00000 0.00000 0.00000 0.00000 0.00000 0.00000 0.00000 0.00000 0.00000 0.00000 0.00000 0.00000 0.00000 0.00000 0.00000 0.00000 0.00000 0.00000 0.00000 0.00000 0.00000 0.00000 0.00000 0.00000 0.00000 0.00000 0.00000 0.00000 0.00000 0.00000 0.00000 0.00000 0.00000 0.00000 0.00000 0.00000 0.02384 0.07155 0.11921 0.16705 0.21529 0.26309 0.31035 0.35847 0.40791 0.45601 0.47850 0.47875 0.48123 0.48145 0.47978 0.48011 0.48247 0.48258 0.48113 0.48181 0.49690 0.52261 0.54747 0.57485 0.60325 0.62782 0.65329 0.68187 0.70823 0.73359 0.74869 0.75008 0.74799 0.74860 0.75224 0.75265 0.75041 0.75078 0.75277 0.75512 0.75446 0.75303 0.75393 0.75755 0.75760 0.75550 0.75609 0.76024 0.76027 0.75818 0.72061 0.64829 0.57219 0.49448 0.41864 0.34430 0.26791 0.19079 0.11455 0.03833 0.00000 0.00000 0.00000 0.00000 0.00000 0.00000 0.00000 0.00000 0.00000 0.00000 0.00000 0.00000 0.00000 0.00000 0.00000 0.00000 0.00000 0.00000 0.00000 0.00000 0.00000 0.00000 0.00000 0.00000 0.00000 0.00000 0.00000 0.00000 0.00000 0.00000 0.00000 0.00000 0.00000 0.00000 0.00000 0.00000 0.00000 0.00000 0.00000 0.00000 0.00000 0.00000 0.00000 0.00000 0.00000 0.00000 0.00000 0.00000 0.00000 0.00000 0.00000 0.00000 0.00000 0.00000 0.00000 0.00000 0.00000 0.00000 0.00000 0.00000 0.00000 0.00000 0.00000 0.00000 0.00000 0.00000 0.00000 0.00000 0.00000 0.00000 0.00000 0.00000 0.00000 0.00000 0.00000
0.00000 0.00000 0.00000 0.00000 0.00000 0.00000 0.00000 0.00000 0.00000 0.00000 0.00000 0.00000 0.00000 0.00000 0.00000 0.00000 0.00000 0.00000 0.00000 0.00000 0.00000 0.00000 0.00000 0.00000 0.00000 0.00000 0.00000 0.00000 0.00000 0.00000 0.00000 0.00000 0.00000 0.00000 0.00000 0.00000 0.00000 0.00000 0.00000 0.00000 0.00000 0.00000 0.00000 0.00000 0.00000 0.00924 0.02775 0.04603 0.06434 0.08293 0.10129 0.11931 0.13776 0.15633 0.17410 0.18290 0.18348 0.18363 0.18261 0.18233 0.18296 0.18327 0.18272 0.18189 0.18208 0.17376 0.15518 0.13615 0.11815 0.10040 0.08191 0.06344 0.04547 0.02733 0.00907 0.00000 0.00000 0.00000 0.00000 0.00000 0.00000 0.00000 0.00000 0.00000 0.00000 0.00000 0.00000 0.00000 0.00000 0.00000 0.00000 0.00000 0.00000 0.00000 0.00000 0.00000 0.00000 0.00000 0.00000 0.00000 0.00000 0.00000 0.00000 0.00000 0.00000 0.00000 0.00000 0.00000 0.00000 0.00000 0.00000 0.00000 0.00000 0.00000 0.00000 0.00000 0.00000 0.00000 0.00000 0.00000 0.00000 0.00000 0.00000 0.00000 0.00000 0.00000 0.00000 0.00000 0.00000 0.00000 0.00000 0.00000 0.00000 0.00000 0.00000 0.00000 0.00000 0.00000 0.00000 0.00000 0.00000 0.00000 0.00000 0.00000 0.00000 0.02747 0.08251 0.13812 0.19331 0.24781 0.30363 0.35996 0.41461 0.46919 0.52648 0.55516 0.55369 0.55368 0.55610 0.55630 0.55490 0.55565 0.55779 0.55746 0.55636 0.56695 0.58748 0.60516 0.62315 0.64380 0.66416 0.68091 0.69997 0.72129 0.73873 0.74799 0.75080 0.75195 0.74962 0.75014 0.75368 0.75448 0.75252 0.75240 0.75403 0.75695 0.75655 0.75470 0.75549 0.75942 0.75952 0.75724 0.75776 0.76222 0.76209 0.72179 0.64635 0.57323 0.49700 0.41925 0.34342 0.26835 0.19176 0.11472 0.03829 0.00000 0.00000 0.00000 0.00000 0.00000 0.00000 0.00000 0.00000 0.00000 0.00000 0.00000 0.00000 0.00000 0.00000 0.00000 0.00000 0.00000 0.00000 0.00000 0.00000 0.00000 0.00000 0.00000 0.00000 0.00000 0.00000 0.00000 0.00000 0.00000 0.00000 0.00000 0.00000 0.00000 0.00000 0.00000 0.00000 0.00000 0.00000 0.00000 0.00000 0.00000 0.00000 0.00000 0.00000 0.00000 0.00000 0.00000 0.00000 0.00000 0.00000 0.00000 0.00000 0.00000 0.00000 0.00000 0.00000 0.00000 0.00000 0.00000 0.00000 0.00000 0.00000 0.00000 0.00000 0.00000 0.00000 0.00000 0.00000 0.00000 0.00000 0.00000 0.00000 0.00000 0.00000 0.00000
0.00000 0.00000 0.00000 0.00000 0.00000 0.00000 0.00000 0.00000 0.00000 0.00000 0.00000 0.00000 0.00000 0.00000 0.00000 0.00000 0.00000 0.00000 0.00000 0.00000 0.00000 0.00000 0.00000 0.00000 0.00000 0.00000 0.00000 0.00000 0.00000 0.00000 0.00000 0.00000 0.00000 0.00000 0.00000 0.00000 0.00000 0.00000 0.00000 0.00000 0.00000 0.00000 0.00000 0.00000 0.00000 0.00554 0.01656 0.02767 0.03881 0.04965 0.06053 0.07187 0.08293 0.09338 0.10430 0.11037 0.11028 0.10955 0.10961 0.11013 0.10993 0.10930 0.10943 0.10983 0.10967 0.10374 0.09282 0.08216 0.07118 0.05994 0.04903 0.03832 0.02735 0.01631 0.00544 0.00000 0.00000 0.00000 0.00000 0.00000 0.00000 0.00000 0.00000 0.00000 0.00000 0.00000 0.00000 0.00000 0.00000 0.00000 0.00000 0.00000 0.00000 0.00000 0.00000 0.00000 0.00000 0.00000 0.00000 0.00000 0.00000 0.00000 0.00000 0.00000 0.00000 0.00000 0.00000 0.00000 0.00000 0.00000 0.00000 0.00000 0.00000 0.00000 0.00000 0.00000 0.00000 0.00000 0.00000 0.00000 0.00000 0.00000 0.00000 0.00000 0.00000 0.00000 0.00000 0.00000 0.00000 0.00000 0.00000 0.00000 0.00000 0.00000 0.00000 0.00000 0.00000 0.00000 0.00000 0.00000 0.00000 0.00000 0.00000 0.00000 0.00000 0.03127 0.09371 0.15643 0.21927 0.28157 0.34434 0.40829 0.47126 0.53274 0.59578 0.63012 0.63039 0.62837 0.62861 0.63185 0.63215 0.63018 0.63052 0.63356 0.63371 0.63752 0.64948 0.66362 0.67420 0.68405 0.69700 0.71028 0.72006 0.73166 0.74518 0.74947 0.74972 0.75240 0.75362 0.75168 0.75186 0.75459 0.75623 0.75495 0.75410 0.75525 0.75855 0.75853 0.75655 0.75716 0.76103 0.76130 0.75927 0.75962 0.76389 0.72577 0.64765 0.57172 0.49781 0.42166 0.34403 0.26771 0.19186 0.11538 0.03839 0.00000 0.00000 0.00000 0.00000 0.00000 0.00000 0.00000 0.00000 0.00000 0.00000 0.00000 0.00000 0.00000 0.00000 0.00000 0.00000 0.00000 0.00000 0.00000 0.00000 0.00000 0.00000 0.00000 0.00000 0.00000 0.00000 0.00000 0.00000 0.00000 0.00000 0.00000 0.00000 0.00000 0.00000 0.00000 0.00000 0.00000 0.00000 0.00000 0.00000 0.00000 0.00000 0.00000 0.00000 0.00000 0.00000 0.00000 0.00000 0.00000 0.00000 0.00000 0.00000 0.00000 0.00000 0.00000 0.00000 0.00000 0.00000 0.00000 0.00000 0.00000 0.00000 0.00000 0.00000 0.00000 0.00000 0.00000 0.00000 0.00000 0.00000 0.00000 0.00000 0.00000 0.00000 0.00000
0.00000 0.00000 0.00000 0.00000 0.00000 0.00000 0.00000 0.00000 0.00000 0.00000 0.00000 0.00000 0.00000 0.00000 0.00000 0.00000 0.00000 0.00000 0.00000 0.00000 0.00000 0.00000 0.00000 0.00000 0.00000 0.00000 0.00000 0.00000 0.00000 0.00000 0.00000 0.00000 0.00000 0.00000 0.00000 0.00000 0.00000 0.00000 0.00000 0.00000 0.00000 0.00000 0.00000 0.00000 0.00000 0.00185 0.00552 0.00923 0.01294 0.01657 0.02021 0.02393 0.02760 0.03120 0.03488 0.03677 0.03665 0.03656 0.03666 0.03672 0.03657 0.03646 0.03653 0.03665 0.03657 0.03456 0.03095 0.02743 0.02373 0.01998 0.01637 0.01278 0.00910 0.00545 0.00182 0.00000 0.00000 0.00000 0.00000 0.00000 0.00000 0.00000 0.00000 0.00000 0.00000 0.00000 0.00000 0.00000 0.00000 0.00000 0.00000 0.00000 0.00000 0.00000 0.00000 0.00000 0.00000 0.00000 0.00000 0.00000 0.00000 0.00000 0.00000 0.00000 0.00000 0.00000 0.00000 0.00000 0.00000 0.00000 0.00000 0.00000 0.00000 0.00000 0.00000 0.00000 0.00000 0.00000 0.00000 0.00000 0.00000 0.00000 0.00000 0.00000 0.00000 0.00000 0.00000 0.00000 0.00000 0.00000 0.00000 0.00000 0.00000 0.00000 0.00000 0.00000 0.00000 0.00000 0.00000 0.00000 0.00000 0.00000 0.00000 0.00000 0.00000 0.03505 0.10517 0.17464 0.24482 0.31612 0.38598 0.45514 0.52680 0.59859 0.66761 0.70210 0.70507 0.70594 0.70420 0.70440 0.70740 0.70757 0.70595 0.70676 0.70952 0.71110 0.71352 0.71866 0.72471 0.72736 0.73085 0.73666 0.74067 0.74363 0.74920 0.75277 0.75107 0.75126 0.75419 0.75541 0.75373 0.75358 0.75567 0.75794 0.75733 0.75596 0.75671 0.76016 0.76051 0.75852 0.75889 0.76274 0.76314 0.76110 0.76149 0.72681 0.65092 0.57303 0.49675 0.42191 0.34576 0.26823 0.19172 0.11539 0.03854 0.00000 0.00000 0.00000 0.00000 0.00000 0.00000 0.00000 0.00000 0.00000 0.00000 0.00000 0.00000 0.00000 0.00000 0.00000 0.00000 0.00000 0.00000 0.00000 0.00000 0.00000 0.00000 0.00000 0.00000 0.00000 0.00000 0.00000 0.00000 0.00000 0.00000 0.00000 0.00000 0.00000 0.00000 0.00000 0.00000 0.00000 0.00000 0.00000 0.00000 0.00000 0.00000 0.00000 0.00000 0.00000 0.00000 0.00000 0.00000 0.00000 0.00000 0.00000 0.00000 0.00000 0.00000 0.00000 0.00000 0.00000 0.00000 0.00000 0.00000 0.00000 0.00000 0.00000 0.00000 0.00000 0.00000 0.00000 0.00000 0.00000 0.00000 0.00000 0.00000 0.00000 0.00000 0.00000
0.00000 0.00000 0.00000 0.00000 0.00000 0.00000 0.00000 0.00000 0.00000 0.00000 0.00000 0.00000 0.00000 0.00000 0.00000 0.00000 0.00000 0.00000 0.00000 0.00000 0.00000 0.00000 0.00000 0.00000 0.00000 0.00000 0.00000 0.00000 0.00000 0.00000 0.00000 0.00000 0.00000 0.00000 0.00000 0.00000 0.00000 0.00000 0.00000 0.00000 0.00000 0.00000 0.00000 0.00000 0.00000 0.00000 0.00000 0.00000 0.00000 0.00000 0.00000 0.00000 0.00000 0.00000 0.00000 0.00000 0.00000 0.00000 0.00000 0.00000 0.00000 0.00000 0.00000 0.00000 0.00000 0.00000 0.00000 0.00000 0.00000 0.00000 0.00000 0.00000 0.00000 0.00000 0.00000 0.00000 0.00000 0.00000 0.00000 0.00000 0.00000 0.00000 0.00000 0.00000 0.00000 0.00000 0.00000 0.00000 0.00000 0.00000 0.00000 0.00000 0.00000 0.00000 0.00000 0.00000 0.00000 0.00000 0.00000 0.00000 0.00000 0.00000 0.00000 0.00000 0.00000 0.00000 0.00000 0.00000 0.00000 0.00000 0.00000 0.00000 0.00000 0.00000 0.00000 0.00000 0.00000 0.00000 0.00000 0.00000 0.00000 0.00000 0.00000 0.00000 0.00000 0.00000 0.00000 0.00000 0.00000 0.00000 0.00000 0.00000 0.00000 0.00000 0.00000 0.00000 0.00000 0.00000 0.00000 0.00000 0.00000 0.00000 0.00000 0.00000 0.00000 0.03680 0.11077 0.18446 0.25815 0.33276 0.40711 0.48016 0.55434 0.63076 0.70536 0.74041 0.74070 0.74438 0.74482 0.74257 0.74272 0.74646 0.74693 0.74475 0.74497 0.74860 0.74878 0.74676 0.74773 0.75074 0.74991 0.74925 0.75115 0.75167 0.75096 0.75072 0.74878 0.74379 0.73980 0.73836 0.73638 0.73147 0.72701 0.72453 0.72340 0.72148 0.72009 0.72036 0.72340 0.72424 0.72277 0.72270 0.72559 0.72677 0.72554 0.68897 0.61813 0.54707 0.47348 0.40026 0.32812 0.25620 0.18272 0.10951 0.03658 0.00000 0.00000 0.00000 0.00000 0.00000 0.00000 0.00000 0.00000 0.00000 0.00000 0.00000 0.00000 0.00000 0.00000 0.00000 0.00000 0.00000 0.00000 0.00000 0.00000 0.00000 0.00000 0.00000 0.00000 0.00000 0.00000 0.00000 0.00000 0.00000 0.00000 0.00000 0.00000 0.00000 0.00000 0.00000 0.00000 0.00000 0.00000 0.00000 0.00000 0.00000 0.00000 0.00000 0.00000 0.00000 0.00000 0.00000 0.00000 0.00000 0.00000 0.00000 0.00000 0.00000 0.00000 0.00000 0.00000 0.00000 0.00000 0.00000 0.00000 0.00000 0.00000 0.00000 0.00000 0.00000 0.00000 0.00000 0.00000 0.00000 0.00000 0.00000 0.00000 0.00000 0.00000 0.00000
0.00000 0.00000 0.00000 0.00000 0.00000 0.00000 0.00000 0.00000 0.00000 0.00000 0.00000 0.00000 0.00000 0.00000 0.00000 0.00000 0.00000 0.00000 0.00000 0.00000 0.00000 0.00000 0.00000 0.00000 0.00000 0.00000 0.00000 0.00000 0.00000 0.00000 0.00000 0.00000 0.00000 0.00000 0.00000 0.00000 0.00000 0.00000 0.00000 0.00000 0.00000 0.00000 0.00000 0.00000 0.00000 0.00000 0.00000 0.00000 0.00000 0.00000 0.00000 0.00000 0.00000 0.00000 0.00000 0.00000 0.00000 0.00000 0.00000 0.00000 0.00000 0.00000 0.00000 0.00000 0.00000 0.00000 0.00000 0.00000 0.00000 0.00000 0.00000 0.00000 0.00000 0.00000 0.00000 0.00000 0.00000 0.00000 0.00000 0.00000 0.00000 0.00000 0.00000 0.00000 0.00000 0.00000 0.00000 0.00000 0.00000 0.00000 0.00000 0.00000 0.00000 0.00000 0.00000 0.00000 0.00000 0.00000 0.00000 0.00000 0.00000 0.00000 0.00000 0.00000 0.00000 0.00000 0.00000 0.00000 0.00000 0.00000 0.00000 0.00000 0.00000 0.00000 0.00000 0.00000 0.00000 0.00000 0.00000 0.00000 0.00000 0.00000 0.00000 0.00000 0.00000 0.00000 0.00000 0.00000 0.00000 0.00000 0.00000 0.00000 0.00000 0.00000 0.00000 0.00000 0.00000 0.00000 0.00000 0.00000 0.00000 0.00000 0.00000 0.00000 0.00000 0.03682 0.11053 0.18515 0.25904 0.33220 0.40692 0.48254 0.55595 0.62908 0.70555 0.74428 0.74275 0.74232 0.74532 0.74623 0.74456 0.74469 0.74771 0.74814 0.74657 0.74714 0.74994 0.74973 0.74877 0.75013 0.75175 0.75078 0.75156 0.75333 0.75282 0.74677 0.73776 0.72790 0.71540 0.70378 0.69447 0.68490 0.67301 0.66072 0.65006 0.64685 0.64729 0.64608 0.64603 0.64854 0.64959 0.64848 0.64824 0.65048 0.65188 0.61837 0.55294 0.48889 0.42528 0.35935 0.29372 0.22892 0.16409 0.09830 0.03275 0.00000 0.00000 0.00000 0.00000 0.00000 0.00000 0.00000 0.00000 0.00000 0.00000 0.00000 0.00000 0.00000 0.00000 0.00000 0.00000 0.00000 0.00000 0.00000 0.00000 0.00000 0.00000 0.00000 0.00000 0.00000 0.00000 0.00000 0.00000 0.00000 0.00000 0.00000 0.00000 0.00000 0.00000 0.00000 0.00000 0.00000 0.00000 0.00000 0.00000 0.00000 0.00000 0.00000 0.00000 0.00000 0.00000 0.00000 0.00000 0.00000 0.00000 0.00000 0.00000 0.00000 0.00000 0.00000 0.00000 0.00000 0.00000 0.00000 0.00000 0.00000 0.00000 0.00000 0.00000 0.00000 0.00000 0.00000 0.00000 0.00000 0.00000 0.00000 0.00000 0.00000 0.00000 0.00000
0.00000 0.00000 0.00000 0.00000 0.00000 0.00000 0.00000 0.00000 0.00000 0.00000 0.00000 0.00000 0.00000 0.00000 0.00000 0.00000 0.00000 0.00000 0.00000 0.00000 0.00000 0.00000 0.00000 0.00000 0.00000 0.00000 0.00000 0.00000 0.00000 0.00000 0.00000 0.00000 0.00000 0.00000 0.00000 0.00000 0.00000 0.00000 0.00000 0.00000 0.00000 0.00000 0.00000 0.00000 0.00000 0.00000 0.00000 0.00000 0.00000 0.00000 0.00000 0.00000 0.00000 0.00000 0.00000 0.00000 0.00000 0.00000 0.00000 0.00000 0.00000 0.00000 0.00000 0.00000 0.00000 0.00000 0.00000 0.00000 0.00000 0.00000 0.00000 0.00000 0.00000 0.00000 0.00000 0.00000 0.00000 0.00000 0.00000 0.00000 0.00000 0.00000 0.00000 0.00000 0.00000 0.00000 0.00000 0.00000 0.00000 0.00000 0.00000 0.00000 0.00000 0.00000 0.00000 0.00000 0.00000 0.00000 0.00000 0.00000 0.00000 0.00000 0.00000 0.00000 0.00000 0.00000 0.00000 0.00000 0.00000 0.00000 0.00000 0.00000 0.00000 0.00000 0.00000 0.00000 0.00000 0.00000 0.00000 0.00000 0.00000 0.00000 0.00000 0.00000 0.00000 0.00000 0.00000 0.00000 0.00000 0.00000 0.00000 0.00000 0.00000 0.00000 0.00000 0.00000 0.00000 0.00000 0.00000 0.00000 0.00000 0.00000 0.00000 0.00000 0.00000 0.03695 0.11076 0.18506 0.25951 0.33301 0.40715 0.48283 0.55757 0.63041 0.70485 0.74515 0.74580 0.74373 0.74387 0.74739 0.74819 0.74602 0.74591 0.74955 0.75033 0.74815 0.74830 0.75171 0.75171 0.75028 0.75161 0.75344 0.75251 0.75315 0.75509 0.74546 0.72582 0.70885 0.69176 0.67209 0.65248 0.63491 0.61795 0.59885 0.57896 0.56967 0.57171 0.57257 0.57180 0.57141 0.57307 0.57457 0.57403 0.57340 0.57446 0.54785 0.48979 0.43158 0.37436 0.31840 0.26023 0.20203 0.14449 0.08711 0.02901 0.00000 0.00000 0.00000 0.00000 0.00000 0.00000 0.00000 0.00000 0.00000 0.00000 0.00000 0.00000 0.00000 0.00000 0.00000 0.00000 0.00000 0.00000 0.00000 0.00000 0.00000 0.00000 0.00000 0.00000 0.00000 0.00000 0.00000 0.00000 0.00000 0.00000 0.00000 0.00000 0.00000 0.00000 0.00000 0.00000 0.00000 0.00000 0.00000 0.00000 0.00000 0.00000 0.00000 0.00000 0.00000 0.00000 0.00000 0.00000 0.00000 0.00000 0.00000 0.00000 0.00000 0.00000 0.00000 0.00000 0.00000 0.00000 0.00000 0.00000 0.00000 0.00000 0.00000 0.00000 0.00000 0.00000 0.00000 0.00000 0.00000 0.00000 0.00000 0.00000 0.00000 0.00000 0.00000
0.00000 0.00000 0.00000 0.00000 0.00000 0.00000 0.00000 0.00000 0.00000 0.00000 0.00000 0.00000 0.00000 0.00000 0.00000 0.00000 0.00000 0.00000 0.00000 0.00000 0.00000 0.00000 0.00000 0.00000 0.00000 0.00000 0.00000 0.00000 0.00000 0.00000 0.00000 0.00000 0.00000 0.00000 0.00000 0.00000 0.00000 0.00000 0.00000 0.00000 0.00000 0.00000 0.00000 0.00000 0.00000 0.00000 0.00000 0.00000 0.00000 0.00000 0.00000 0.00000 0.00000 0.00000 0.00000 0.00000 0.00000 0.00000 0.00000 0.00000 0.00000 0.00000 0.00000 0.00000 0.00000 0.00000 0.00000 0.00000 0.00000 0.00000 0.00000 0.00000 0.00000 0.00000 0.00000 0.00000 0.00000 0.00000 0.00000 0.00000 0.00000 0.00000 0.00000 0.00000 0.00000 0.00000 0.00000 0.00000 0.00000 0.00000 0.00000 0.00000 0.00000 0.00000 0.00000 0.00000 0.00000 0.00000 0.00000 0.00000 0.00000 0.00000 0.00000 0.00000 0.00000 0.00000 0.00000 0.00000 0.00000 0.00000 0.00000 0.00000 0.00000 0.00000 0.00000 0.00000 0.00000 0.00000 0.00000 0.00000 0.00000 0.00000 0.00000 0.00000 0.00000 0.00000 0.00000 0.00000 0.00000 0.00000 0.00000 0.00000 0.00000 0.00000 0.00000 0.00000 0.00000 0.00000 0.00000 0.00000 0.00000 0.00000 0.00000 0.00000 0.00000 0.03708 0.11111 0.18485 0.25930 0.33458 0.40838 0.48181 0.55752 0.63358 0.70699 0.74333 0.74587 0.74748 0.74607 0.74564 0.74825 0.74966 0.74809 0.74783 0.75061 0.75142 0.75018 0.75065 0.75288 0.75246 0.75252 0.75397 0.75452 0.75378 0.75543 0.74381 0.71670 0.68971 0.66520 0.64017 0.61317 0.58590 0.56023 0.53542 0.50904 0.49486 0.49483 0.49650 0.49746 0.49690 0.49648 0.49783 0.49921 0.49875 0.49819 0.47414 0.42597 0.37548 0.32492 0.27532 0.22634 0.17581 0.12539 0.07538 0.02521 0.00000 0.00000 0.00000 0.00000 0.00000 0.00000 0.00000 0.00000 0.00000 0.00000 0.00000 0.00000 0.00000 0.00000 0.00000 0.00000 0.00000 0.00000 0.00000 0.00000 0.00000 0.00000 0.00000 0.00000 0.00000 0.00000 0.00000 0.00000 0.00000 0.00000 0.00000 0.00000 0.00000 0.00000 0.00000 0.00000 0.00000 0.00000 0.00000 0.00000 0.00000 0.00000 0.00000 0.00000 0.00000 0.00000 0.00000 0.00000 0.00000 0.00000 0.00000 0.00000 0.00000 0.00000 0.00000 0.00000 0.00000 0.00000 0.00000 0.00000 0.00000 0.00000 0.00000 0.00000 0.00000 0.00000 0.00000 0.00000 0.00000 0.00000 0.00000 0.00000 0.00000 0.00000 0.00000
0.00000 0.00000 0.00000 0.00000 0.00000 0.00000 0.00000 0.00000 0.00000 0.00000 0.00000 0.00000 0.00000 0.00000 0.00000 0.00000 0.00000 0.00000 0.00000 0.00000 0.00000 0.00000 0.00000 0.00000 0.00000 0.00000 0.00000 0.00000 0.00000 0.00000 0.00000 0.00000 0.00000 0.00000 0.00000 0.00000 0.00000 0.00000 0.00000 0.00000 0.00000 0.00000 0.00000 0.00000 0.00000 0.00000 0.00000 0.00000 0.00000 0.00000 0.00000 0.00000 0.00000 0.00000 0.00000 0.00000 0.00000 0.00000 0.00000 0.00000 0.00000 0.00000 0.00000 0.00000 0.00000 0.00000 0.00000 0.00000 0.00000 0.00000 0.00000 0.00000 0.00000 0.00000 0.00000 0.00000 0.00000 0.00000 0.00000 0.00000 0.00000 0.00000 0.00000 0.00000 0.00000 0.00000 0.00000 0.00000 0.00000 0.00000 0.00000 0.00000 0.00000 0.00000 0.00000 0.00000 0.00000 0.00000 0.00000 0.00000 0.00000 0.00000 0.00000 0.00000 0.00000 0.00000 0.00000 0.00000 0.00000 0.00000 0.00000 0.00000 0.00000 0.00000 0.00000 0.00000 0.00000 0.00000 0.00000 0.00000 0.00000 0.00000 0.00000 0.00000 0.00000 0.00000 0.00000 0.00000 0.00000 0.00000 0.00000 0.00000 0.00000 0.00000 0.00000 0.00000 0.00000 0.00000 0.00000 0.00000 0.00000 0.00000 0.00000 0.00000 0.00000 0.03709 0.11143 0.18522 0.25944 0.33473 0.40953 0.48283 0.55735 0.63413 0.70944 0.74493 0.74507 0.74817 0.74930 0.74727 0.74714 0.75017 0.75179 0.74955 0.74909 0.75238 0.75328 0.75168 0.75234 0.75457 0.75404 0.75415 0.75589 0.75641 0.75540 0.74001 0.70772 0.67319 0.63832 0.60572 0.57317 0.53875 0.50374 0.46994 0.43714 0.42050 0.41998 0.41970 0.42085 0.42196 0.42173 0.42115 0.42196 0.42346 0.42332 0.40151 0.35963 0.31883 0.27618 0.23326 0.19100 0.14931 0.10658 0.06383 0.02130 0.00000 0.00000 0.00000 0.00000 0.00000 0.00000 0.00000 0.00000 0.00000 0.00000 0.00000 0.00000 0.00000 0.00000 0.00000 0.00000 0.00000 0.00000 0.00000 0.00000 0.00000 0.00000 0.00000 0.00000 0.00000 0.00000 0.00000 0.00000 0.00000 0.00000 0.00000 0.00000 0.00000 0.00000 0.00000 0.00000 0.00000 0.00000 0.00000 0.00000 0.00000 0.00000 0.00000 0.00000 0.00000 0.00000 0.00000 0.00000 0.00000 0.00000 0.00000 0.00000 0.00000 0.00000 0.00000 0.00000 0.00000 0.00000 0.00000 0.00000 0.00000 0.00000 0.00000 0.00000 0.00000 0.00000 0.00000 0.00000 0.00000 0.00000 0.00000 0.00000 0.00000 0.00000 0.00000
0.00000 0.00000 0.00000 0.00000 0.00000 0.00000 0.00000 0.00000 0.00000 0.00000 0.00000 0.00000 0.00000 0.00000 0.00000 0.00000 0.00000 0.00000 0.00000 0.00000 0.00000 0.00000 0.00000 0.00000 0.00000 0.00000 0.00000 0.00000 0.00000 0.00000 0.00000 0.00000 0.00000 0.00000 0.00000 0.00000 0.00000 0.00000 0.00000 0.00000 0.00000 0.00000 0.00000 0.00000 0.00000 0.00000 0.00000 0.00000 0.00000 0.00000 0.00000 0.00000 0.00000 0.00000 0.00000 0.00000 0.00000 0.00000 0.00000 0.00000 0.00000 0.00000 0.00000 0.00000 0.00000 0.00000 0.00000 0.00000 0.00000 0.00000 0.00000 0.00000 0.00000 0.00000 0.00000 0.00000 0.00000 0.00000 0.00000 0.00000 0.00000 0.00000 0.00000 0.00000 0.00000 0.00000 0.00000 0.00000 0.00000 0.00000 0.00000 0.00000 0.00000 0.00000 0.00000 0.00000 0.00000 0.00000 0.00000 0.00000 0.00000 0.00000 0.00000 0.00000 0.00000 0.00000 0.00000 0.00000 0.00000 0.00000 0.00000 0.00000 0.00000 0.00000 0.00000 0.00000 0.00000 0.00000 0.00000 0.00000 0.00000 0.00000 0.00000 0.00000 0.00000 0.00000 0.00000 0.00000 0.00000 0.00000 0.00000 0.00000 0.00000 0.00000 0.00000 0.00000 0.00000 0.00000 0.00000 0.00000 0.00000 0.00000 0.00000 0.00000 0.00000 0.03704 0.11139 0.18616 0.26017 0.33411 0.40944 0.48522 0.55903 0.63280 0.70940 0.74860 0.74746 0.74670 0.74890 0.75103 0.74967 0.74882 0.75088 0.75323 0.75177 0.75116 0.75326 0.75408 0.75390 0.75475 0.75567 0.75518 0.75647 0.75796 0.75767 0.73631 0.69662 0.65619 0.61387 0.57159 0.53109 0.49049 0.44869 0.40598 0.36417 0.34436 0.34492 0.34453 0.34428 0.34520 0.34611 0.34589 0.34546 0.34620 0.34738 0.32978 0.29463 0.26039 0.22670 0.19162 0.15650 0.12192 0.08739 0.05243 0.01747 0.00000 0.00000 0.00000 0.00000 0.00000 0.00000 0.00000 0.00000 0.00000 0.00000 0.00000 0.00000 0.00000 0.00000 0.00000 0.00000 0.00000 0.00000 0.00000 0.00000 0.00000 0.00000 0.00000 0.00000 0.00000 0.00000 0.00000 0.00000 0.00000 0.00000 0.00000 0.00000 0.00000 0.00000 0.00000 0.00000 0.00000 0.00000 0.00000 0.00000 0.00000 0.00000 0.00000 0.00000 0.00000 0.00000 0.00000 0.00000 0.00000 0.00000 0.00000 0.00000 0.00000 0.00000 0.00000 0.00000 0.00000 0.00000 0.00000 0.00000 0.00000 0.00000 0.00000 0.00000 0.00000 0.00000 0.00000 0.00000 0.00000 0.00000 0.00000 0.00000 0.00000 0.00000 0.00000
0.00000 0.00000 0.00000 0.00000 0.00000 0.00000 0.00000 0.00000 0.00000 0.00000 0.00000 0.00000 0.00000 0.00000 0.00000 0.00000 0.00000 0.00000 0.00000 0.00000 0.00000 0.00000 0.00000 0.00000 0.00000 0.00000 0.00000 0.00000 0.00000 0.00000 0.00000 0.00000 0.00000 0.00000 0.00000 0.00000 0.00000 0.00000 0.00000 0.00000 0.00000 0.00000 0.00000 0.00000 0.00000 0.00000 0.00000 0.00000 0.00000 0.00000 0.00000 0.00000 0.00000 0.00000 0.00000 0.00000 0.00000 0.00000 0.00000 0.00000 0.00000 0.00000 0.00000 0.00000 0.00000 0.00000 0.00000 0.00000 0.00000 0.00000 0.00000 0.00000 0.00000 0.00000 0.00000 0.00000 0.00000 0.00000 0.00000 0.00000 0.00000 0.00000 0.00000 0.00000 0.00000 0.00000 0.00000 0.00000 0.00000 0.00000 0.00000 0.00000 0.00000 0.00000 0.00000 0.00000 0.00000 0.00000 0.00000 0.00000 0.00000 0.00000 0.00000 0.00000 0.00000 0.00000 0.00000 0.00000 0.00000 0.00000 0.00000 0.00000 0.00000 0.00000 0.00000 0.00000 0.00000 0.00000 0.00000 0.00000 0.00000 0.00000 0.00000 0.00000 0.00000 0.00000 0.00000 0.00000 0.00000 0.00000 0.00000 0.00000 0.00000 0.00000 0.00000 0.00000 0.00000 0.00000 0.00000 0.00000 0.00000 0.00000 0.00000 0.00000 0.00000 0.03708 0.11134 0.18627 0.26109 0.33468 0.40930 0.48562 0.56091 0.63406 0.70890 0.74922 0.75025 0.74846 0.74840 0.75105 0.75296 0.75107 0.75038 0.75275 0.75481 0.75330 0.75317 0.75499 0.75537 0.75555 0.75684 0.75745 0.75673 0.75823 0.75991 0.73493 0.68491 0.63737 0.58920 0.53935 0.48925 0.44064 0.39209 0.34266 0.29244 0.26752 0.26835 0.26892 0.26876 0.26845 0.26903 0.26987 0.26980 0.26939 0.26982 0.25726 0.23018 0.20280 0.17589 0.14943 0.12231 0.09501 0.06788 0.04084 0.01364 0.00000 0.00000 0.00000 0.00000 0.00000 0.00000 0.00000 0.00000 0.00000 0.00000 0.00000 0.00000 0.00000 0.00000 0.00000 0.00000 0.00000 0.00000 0.00000 0.00000 0.00000 0.00000 0.00000 0.00000 0.00000 0.00000 0.00000 0.00000 0.00000 0.00000 0.00000 0.00000 0.00000 0.00000 0.00000 0.00000 0.00000 0.00000 0.00000 0.00000 0.00000 0.00000 0.00000 0.00000 0.00000 0.00000 0.00000 0.00000 0.00000 0.00000 0.00000 0.00000 0.00000 0.00000 0.00000 0.00000 0.00000 0.00000 0.00000 0.00000 0.00000 0.00000 0.00000 0.00000 0.00000 0.00000 0.00000 0.00000 0.00000 0.00000 0.00000 0.00000 0.00000 0.00000 0.00000
0.00000 0.00000 0.00000 0.00000 0.00000 0.00000 0.00000 0.00000 0.00000 0.00000 0.00000 0.00000 0.00000 0.00000 0.00000 0.00000 0.00000 0.00000 0.00000 0.00000 0.00000 0.00000 0.00000 0.00000 0.00000 0.00000 0.00000 0.00000 0.00000 0.00000 0.00000 0.00000 0.00000 0.00000 0.00000 0.00000 0.00000 0.00000 0.00000 0.00000 0.00000 0.00000 0.00000 0.00000 0.00000 0.00000 0.00000 0.00000 0.00000 0.00000 0.00000 0.00000 0.00000 0.00000 0.00000 0.00000 0.00000 0.00000 0.00000 0.00000 0.00000 0.00000 0.00000 0.00000 0.00000 0.00000 0.00000 0.00000 0.00000 0.00000 0.00000 0.00000 0.00000 0.00000 0.00000 0.00000 0.00000 0.00000 0.00000 0.00000 0.00000 0.00000 0.00000 0.00000 0.00000 0.00000 0.00000 0.00000 0.00000 0.00000 0.00000 0.00000 0.00000 0.00000 0.00000 0.00000 0.00000 0.00000 0.00000 0.00000 0.00000 0.00000 0.00000 0.00000 0.00000 0.00000 0.00000 0.00000 0.00000 0.00000 0.00000 0.00000 0.00000 0.00000 0.00000 0.00000 0.00000 0.00000 0.00000 0.00000 0.00000 0.00000 0.00000 0.00000 0.00000 0.00000 0.00000 0.00000 0.00000 0.00000 0.00000 0.00000 0.00000 0.00000 0.00000 0.00000 0.00000 0.00000 0.00000 0.00000 0.00000 0.00000 0.00000 0.00000 0.00000 0.03728 0.11160 0.18596 0.26104 0.33641 0.41047 0.48471 0.56093 0.63719 0.71103 0.74783 0.75005 0.75210 0.75100 0.75000 0.75173 0.75474 0.75355 0.75202 0.75342 0.75566 0.75566 0.75555 0.75595 0.75654 0.75792 0.75889 0.75852 0.75852 0.76059 0.73321 0.67531 0.61821 0.56291 0.50648 0.44894 0.39131 0.33455 0.27797 0.22072 0.19164 0.19158 0.19216 0.19256 0.19243 0.19225 0.19273 0.19325 0.19312 0.19290 0.18364 0.16484 0.14537 0.12585 0.10663 0.08750 0.06809 0.04861 0.02919 0.00974 0.00000 0.00000 0.00000 0.00000 0.00000 0.00000 0.00000 0.00000 0.00000 0.00000 0.00000 0.00000 0.00000 0.00000 0.00000 0.00000 0.00000 0.00000 0.00000 0.00000 0.00000 0.00000 0.00000 0.00000 0.00000 0.00000 0.00000 0.00000 0.00000 0.00000 0.00000 0.00000 0.00000 0.00000 0.00000 0.00000 0.00000 0.00000 0.00000 0.00000 0.00000 0.00000 0.00000 0.00000 0.00000 0.00000 0.00000 0.00000 0.00000 0.00000 0.00000 0.00000 0.00000 0.00000 0.00000 0.00000 0.00000 0.00000 0.00000 0.00000 0.00000 0.00000 0.00000 0.00000 0.00000 0.00000 0.00000 0.00000 0.00000 0.00000 0.00000 0.00000 0.00000 0.00000 0.00000
0.00000 0.00000 0.00000 0.00000 0.00000 0.00000 0.00000 0.00000 0.00000 0.00000 0.00000 0.00000 0.00000 0.00000 0.00000 0.00000 0.00000 0.00000 0.00000 0.00000 0.00000 0.00000 0.00000 0.00000 0.00000 0.00000 0.00000 0.00000 0.00000 0.00000 0.00000 0.00000 0.00000 0.00000 0.00000 0.00000 0.00000 0.00000 0.00000 0.00000 0.00000 0.00000 0.00000 0.00000 0.00000 0.00000 0.00000 0.00000 0.00000 0.00000 0.00000 0.00000 0.00000 0.00000 0.00000 0.00000 0.00000 0.00000 0.00000 0.00000 0.00000 0.00000 0.00000 0.00000 0.00000 0.00000 0.00000 0.00000 0.00000 0.00000 0.00000 0.00000 0.00000 0.00000 0.00000 0.00000 0.00000 0.00000 0.00000 0.00000 0.00000 0.00000 0.00000 0.00000 0.00000 0.00000 0.00000 0.00000 0.00000 0.00000 0.00000 0.00000 0.00000 0.00000 0.00000 0.00000 0.00000 0.00000 0.00000 0.00000 0.00000 0.00000 0.00000 0.00000 0.00000 0.00000 0.00000 0.00000 0.00000 0.00000 0.00000 0.00000 0.00000 0.00000 0.00000 0.00000 0.00000 0.00000 0.00000 0.00000 0.00000 0.00000 0.00000 0.00000 0.00000 0.00000 0.00000 0.00000 0.00000 0.00000 0.00000 0.00000 0.00000 0.00000 0.00000 0.00000 0.00000 0.00000 0.00000 0.00000 0.00000 0.00000 0.00000 0.00000 0.00000 0.03732 0.11209 0.18617 0.26084 0.33674 0.41203 0.48547 0.56047 0.63779 0.71370 0.74929 0.74953 0.75234 0.75377 0.75221 0.75186 0.75383 0.75604 0.75496 0.75435 0.75538 0.75665 0.75721 0.75783 0.75789 0.75804 0.75965 0.76090 0.76041 0.76024 0.73009 0.66633 0.60073 0.53582 0.47258 0.40808 0.34295 0.27751 0.21250 0.14791 0.11543 0.11531 0.11524 0.11554 0.11584 0.11577 0.11564 0.11589 0.11621 0.11620 0.11029 0.09879 0.08740 0.07582 0.06412 0.05246 0.04087 0.02927 0.01756 0.00585 0.00000 0.00000 0.00000 0.00000 0.00000 0.00000 0.00000 0.00000 0.00000 0.00000 0.00000 0.00000 0.00000 0.00000 0.00000 0.00000 0.00000 0.00000 0.00000 0.00000 0.00000 0.00000 0.00000 0.00000 0.00000 0.00000 0.00000 0.00000 0.00000 0.00000 0.00000 0.00000 0.00000 0.00000 0.00000 0.00000 0.00000 0.00000 0.00000 0.00000 0.00000 0.00000 0.00000 0.00000 0.00000 0.00000 0.00000 0.00000 0.00000 0.00000 0.00000 0.00000 0.00000 0.00000 0.00000 0.00000 0.00000 0.00000 0.00000 0.00000 0.00000 0.00000 0.00000 0.00000 0.00000 0.00000 0.00000 0.00000 0.00000 0.00000 0.00000 0.00000 0.00000 0.00000 0.00000
0.00000 0.00000 0.00000 0.00000 0.00000 0.00000 0.00000 0.00000 0.00000 0.00000 0.00000 0.00000 0.00000 0.00000 0.00000 0.00000 0.00000 0.00000 0.00000 0.00000 0.00000 0.00000 0.00000 0.00000 0.00000 0.00000 0.00000 0.00000 0.00000 0.00000 0.00000 0.00000 0.00000 0.00000 0.00000 0.00000 0.00000 0.00000 0.00000 0.00000 0.00000 0.00000 0.00000 0.00000 0.00000 0.00000 0.00000 0.00000 0.00000 0.00000 0.00000 0.00000 0.00000 0.00000 0.00000 0.00000 0.00000 0.00000 0.00000 0.00000 0.00000 0.00000 0.00000 0.00000 0.00000 0.00000 0.00000 0.00000 0.00000 0.00000 0.00000 0.00000 0.00000 0.00000 0.00000 0.00000 0.00000 0.00000 0.00000 0.00000 0.00000 0.00000 0.00000 0.00000 0.00000 0.00000 0.00000 0.00000 0.00000 0.00000 0.00000 0.00000 0.00000 0.00000 0.00000 0.00000 0.00000 0.00000 0.00000 0.00000 0.00000 0.00000 0.00000 0.00000 0.00000 0.00000 0.00000 0.00000 0.00000 0.00000 0.00000 0.00000 0.00000 0.00000 0.00000 0.00000 0.00000 0.00000 0.00000 0.00000 0.00000 0.00000 0.00000 0.00000 0.00000 0.00000 0.00000 0.00000 0.00000 0.00000 0.00000 0.00000 0.00000 0.00000 0.00000 0.00000 0.00000 0.00000 0.00000 0.00000 0.00000 0.00000 0.00000 0.00000 0.00000 0.03727 0.11210 0.18712 0.26155 0.33623 0.41205 0.48789 0.56199 0.63674 0.71379 0.75304 0.75173 0.75118 0.75326 0.75570 0.75478 0.75330 0.75445 0.75735 0.75742 0.75625 0.75625 0.75800 0.75961 0.75968 0.75898 0.75999 0.76207 0.76258 0.76157 0.72613 0.65582 0.58365 0.51004 0.43784 0.36650 0.29381 0.22073 0.14775 0.07484 0.03851 0.03856 0.03853 0.03852 0.03862 0.03871 0.03867 0.03865 0.03875 0.03884 0.03687 0.03297 0.02914 0.02531 0.02143 0.01753 0.01364 0.00975 0.00586 0.00196 0.00000 0.00000 0.00000 0.00000 0.00000 0.00000 0.00000 0.00000 0.00000 0.00000 0.00000 0.00000 0.00000 0.00000 0.00000 0.00000 0.00000 0.00000 0.00000 0.00000 0.00000 0.00000 0.00000 0.00000 0.00000 0.00000 0.00000 0.00000 0.00000 0.00000 0.00000 0.00000 0.00000 0.00000 0.00000 0.00000 0.00000 0.00000 0.00000 0.00000 0.00000 0.00000 0.00000 0.00000 0.00000 0.00000 0.00000 0.00000 0.00000 0.00000 0.00000 0.00000 0.00000 0.00000 0.00000 0.00000 0.00000 0.00000 0.00000 0.00000 0.00000 0.00000 0.00000 0.00000 0.00000 0.00000 0.00000 0.00000 0.00000 0.00000 0.00000 0.00000 0.00000 0.00000 0.00000
0.00000 0.00000 0.00000 0.00000 0.00000 0.00000 0.00000 0.00000 0.00000 0.00000 0.00000 0.00000 0.00000 0.00000 0.00000 0.00000 0.00000 0.00000 0.00000 0.00000 0.00000 0.00000 0.00000 0.00000 0.00000 0.00000 0.00000 0.00000 0.00000 0.00000 0.00000 0.00000 0.00000 0.00000 0.00000 0.00000 0.00000 0.00000 0.00000 0.00000 0.00000 0.00000 0.00000 0.00000 0.00000 0.00000 0.00000 0.00000 0.00000 0.00000 0.00000 0.00000 0.00000 0.00000 0.00000 0.00000 0.00000 0.00000 0.00000 0.00000 0.00000 0.00000 0.00000 0.00000 0.00000 0.00000 0.00000 0.00000 0.00000 0.00000 0.00000 0.00000 0.00000 0.00000 0.00000 0.00000 0.00000 0.00000 0.00000 0.00000 0.00000 0.00000 0.00000 0.00000 0.00000 0.00000 0.00000 0.00000 0.00000 0.00000 0.00000 0.00000 0.00000 0.00000 0.00000 0.00000 0.00000 0.00000 0.00000 0.00000 0.00000 0.00000 0.00000 0.00000 0.00000 0.00000 0.00000 0.00000 0.00000 0.00000 0.00000 0.00000 0.00000 0.00000 0.00000 0.00000 0.00000 0.00000 0.00000 0.00000 0.00000 0.00000 0.00000 0.00000 0.00000 0.00000 0.00000 0.00000 0.00000 0.00000 0.00000 0.00000 0.00000 0.00000 0.00000 0.00186 0.00558 0.00928 0.01300 0.01679 0.02053 0.02418 0.02792 0.03179 0.03555 0.07272 0.14370 0.21553 0.28704 0.35716 0.42849 0.50167 0.57373 0.64325 0.71493 0.75174 0.74905 0.74341 0.73985 0.73842 0.73611 0.73144 0.72729 0.72435 0.72195 0.72085 0.72094 0.72046 0.72146 0.72315 0.72373 0.72294 0.72362 0.72570 0.72628 0.68897 0.61707 0.54630 0.47382 0.40010 0.32777 0.25559 0.18284 0.10964 0.03656 0.00000 0.00000 0.00000 0.00000 0.00000 0.00000 0.00000 0.00000 0.00000 0.00000 0.00000 0.00000 0.00000 0.00000 0.00000 0.00000 0.00000 0.00000 0.00000 0.00000 0.00000 0.00000 0.00000 0.00000 0.00000 0.00000 0.00000 0.00000 0.00000 0.00000 0.00000 0.00000 0.00000 0.00000 0.00000 0.00000 0.00000 0.00000 0.00000 0.00000 0.00000 0.00000 0.00000 0.00000 0.00000 0.00000 0.00000 0.00000 0.00000 0.00000 0.00000 0.00000 0.00000 0.00000 0.00000 0.00000 0.00000 0.00000 0.00000 0.00000 0.00000 0.00000 0.00000 0.00000 0.00000 0.00000 0.00000 0.00000 0.00000 0.00000 0.00000 0.00000 0.00000 0.00000 0.00000 0.00000 0.00000 0.00000 0.00000 0.00000 0.00000 0.00000 0.00000 0.00000 0.00000 0.00000 0.00000 0.00000 0.00000 0.00000 0.00000 0.00000 0.00000 0.00000 0.00000
0.00000 0.00000 0.00000 0.00000 0.00000 0.00000 0.00000 0.00000 0.00000 0.00000 0.00000 0.00000 0.00000 0.00000 0.00000 0.00000 0.00000 0.00000 0.00000 0.00000 0.00000 0.00000 0.00000 0.00000 0.00000 0.00000 0.00000 0.00000 0.00000 0.00000 0.00000 0.00000 0.00000 0.00000 0.00000 0.00000 0.00000 0.00000 0.00000 0.00000 0.00000 0.00000 0.00000 0.00000 0.00000 0.00000 0.00000 0.00000 0.00000 0.00000 0.00000 0.00000 0.00000 0.00000 0.00000 0.00000 0.00000 0.00000 0.00000 0.00000 0.00000 0.00000 0.00000 0.00000 0.00000 0.00000 0.00000 0.00000 0.00000 0.00000 0.00000 0.00000 0.00000 0.00000 0.00000 0.00000 0.00000 0.00000 0.00000 0.00000 0.00000 0.00000 0.00000 0.00000 0.00000 0.00000 0.00000 0.00000 0.00000 0.00000 0.00000 0.00000 0.00000 0.00000 0.00000 0.00000 0.00000 0.00000 0.00000 0.00000 0.00000 0.00000 0.00000 0.00000 0.00000 0.00000 0.00000 0.00000 0.00000 0.00000 0.00000 0.00000 0.00000 0.00000 0.00000 0.00000 0.00000 0.00000 0.00000 0.00000 0.00000 0.00000 0.00000 0.00000 0.00000 0.00000 0.00000 0.00000 0.00000 0.00000 0.00000 0.00000 0.00000 0.00000 0.00000 0.00557 0.01676 0.02797 0.03908 0.05026 0.06163 0.07289 0.08395 0.09521 0.10669 0.14424 0.20768 0.27146 0.33584 0.40012 0.46340 0.52736 0.59269 0.65778 0.72045 0.74681 0.73785 0.72827 0.71564 0.70355 0.69392 0.68476 0.67322 0.66057 0.64952 0.64581 0.64696 0.64629 0.64571 0.64738 0.64897 0.64874 0.64801 0.64939 0.65118 0.61860 0.55262 0.48851 0.42470 0.35952 0.29351 0.22870 0.16355 0.09839 0.03279 0.00000 0.00000 0.00000 0.00000 0.00000 0.00000 0.00000 0.00000 0.00000 0.00000 0.00000 0.00000 0.00000 0.00000 0.00000 0.00000 0.00000 0.00000 0.00000 0.00000 0.00000 0.00000 0.00000 0.00000 0.00000 0.00000 0.00000 0.00000 0.00000 0.00000 0.00000 0.00000 0.00000 0.00000 0.00000 0.00000 0.00000 0.00000 0.00000 0.00000 0.00000 0.00000 0.00000 0.00000 0.00000 0.00000 0.00000 0.00000 0.00000 0.00000 0.00000 0.00000 0.00000 0.00000 0.00000 0.00000 0.00000 0.00000 0.00000 0.00000 0.00000 0.00000 0.00000 0.00000 0.00000 0.00000 0.00000 0.00000 0.00000 0.00000 0.00000 0.00000 0.00000 0.00000 0.00000 0.00000 0.00000 0.00000 0.00000 0.00000 0.00000 0.00000 0.00000 0.00000 0.00000 0.00000 0.00000 0.00000 0.00000 0.00000 0.00000 0.00000 0.00000 0.00000 0.00000
0.00000 0.00000 0.00000 0.00000 0.00000 0.00000 0.00000 0.00000 0.00000 0.00000 0.00000 0.00000 0.00000 0.00000 0.00000 0.00000 0.00000 0.00000 0.00000 0.00000 0.00000 0.00000 0.00000 0.00000 0.00000 0.00000 0.00000 0.00000 0.00000 0.00000 0.00000 0.00000 0.00000 0.00000 0.00000 0.00000 0.00000 0.00000 0.00000 0.00000 0.00000 0.00000 0.00000 0.00000 0.00000 0.00000 0.00000 0.00000 0.00000 0.00000 0.00000 0.00000 0.00000 0.00000 0.00000 0.00000 0.00000 0.00000 0.00000 0.00000 0.00000 0.00000 0.00000 0.00000 0.00000 0.00000 0.00000 0.00000 0.00000 0.00000 0.00000 0.00000 0.00000 0.00000 0.00000 0.00000 0.00000 0.00000 0.00000 0.00000 0.00000 0.00000 0.00000 0.00000 0.00000 0.00000 0.00000 0.00000 0.00000 0.00000 0.00000 0.00000 0.00000 0.00000 0.00000 0.00000 0.00000 0.00000 0.00000 0.00000 0.00000 0.00000 0.00000 0.00000 0.00000 0.00000 0.00000 0.00000 0.00000 0.00000 0.00000 0.00000 0.00000 0.00000 0.00000 0.00000 0.00000 0.00000 0.00000 0.00000 0.00000 0.00000 0.00000 0.00000 0.00000 0.00000 0.00000 0.00000 0.00000 0.00000 0.00000 0.00000 0.00000 0.00000 0.00000 0.00929 0.02790 0.04671 0.06541 0.08383 0.10255 0.12174 0.14055 0.15876 0.17760 0.21592 0.27241 0.32778 0.38428 0.44232 0.49927 0.55408 0.61085 0.66998 0.72751 0.74414 0.72569 0.70968 0.69175 0.67137 0.65258 0.63514 0.61711 0.59836 0.57925 0.56965 0.57075 0.57196 0.57197 0.57133 0.57249 0.57391 0.57391 0.57322 0.57436 0.54715 0.48960 0.43129 0.37449 0.31778 0.26018 0.20203 0.14451 0.08679 0.02901 0.00000 0.00000 0.00000 0.00000 0.00000 0.00000 0.00000 0.00000 0.00000 0.00000 0.00000 0.00000 0.00000 0.00000 0.00000 0.00000 0.00000 0.00000 0.00000 0.00000 0.00000 0.00000 0.00000 0.00000 0.00000 0.00000 0.00000 0.00000 0.00000 0.00000 0.00000 0.00000 0.00000 0.00000 0.00000 0.00000 0.00000 0.00000 0.00000 0.00000 0.00000 0.00000 0.00000 0.00000 0.00000 0.00000 0.00000 0.00000 0.00000 0.00000 0.00000 0.00000 0.00000 0.00000 0.00000 0.00000 0.00000 0.00000 0.00000 0.00000 0.00000 0.00000 0.00000 0.00000 0.00000 0.00000 0.00000 0.00000 0.00000 0.00000 0.00000 0.00000 0.00000 0.00000 0.00000 0.00000 0.00000 0.00000 0.00000 0.00000 0.00000 0.00000 0.00000 0.00000 0.00000 0.00000 0.00000 0.00000 0.00000 0.00000 0.00000 0.00000 0.00000 0.00000 0.00000
0.00000 0.00000 0.00000 0.00000 0.00000 0.00000 0.00000 0.00000 0.00000 0.00000 0.00000 0.00000 0.00000 0.00000 0.00000 0.00000 0.00000 0.00000 0.00000 0.00000 0.00000 0.00000 0.00000 0.00000 0.00000 0.00000 0.00000 0.00000 0.00000 0.00000 0.00000 0.00000 0.00000 0.00000 0.00000 0.00000 0.00000 0.00000 0.00000 0.00000 0.00000 0.00000 0.00000 0.00000 0.00000 0.00000 0.00000 0.00000 0.00000 0.00000 0.00000 0.00000 0.00000 0.00000 0.00000 0.00000 0.00000 0.00000 0.00000 0.00000 0.00000 0.00000 0.00000 0.00000 0.00000 0.00000 0.00000 0.00000 0.00000 0.00000 0.00000 0.00000 0.00000 0.00000 0.00000 0.00000 0.00000 0.00000 0.00000 0.00000 0.00000 0.00000 0.00000 0.00000 0.00000 0.00000 0.00000 0.00000 0.00000 0.00000 0.00000 0.00000 0.00000 0.00000 0.00000 0.00000 0.00000 0.00000 0.00000 0.00000 0.00000 0.00000 0.00000 0.00000 0.00000 0.00000 0.00000 0.00000 0.00000 0.00000 0.00000 0.00000 0.00000 0.00000 0.00000 0.00000 0.00000 0.00000 0.00000 0.00000 0.00000 0.00000 0.00000 0.00000 0.00000 0.00000 0.00000 0.00000 0.00000 0.00000 0.00000 0.00000 0.00000 0.00000 0.00000 0.01308 0.03918 0.06524 0.09160 0.11795 0.14391 0.17018 0.19683 0.22320 0.24925 0.28707 0.33638 0.38536 0.43414 0.48350 0.53333 0.58288 0.63110 0.68060 0.73161 0.74425 0.71612 0.68953 0.66536 0.64031 0.61295 0.58556 0.56001 0.53504 0.50880 0.49460 0.49460 0.49620 0.49711 0.49649 0.49623 0.49772 0.49875 0.49829 0.49794 0.47426 0.42533 0.37521 0.32478 0.27535 0.22578 0.17580 0.12544 0.07533 0.02513 0.00000 0.00000 0.00000 0.00000 0.00000 0.00000 0.00000 0.00000 0.00000 0.00000 0.00000 0.00000 0.00000 0.00000 0.00000 0.00000 0.00000 0.00000 0.00000 0.00000 0.00000 0.00000 0.00000 0.00000 0.00000 0.00000 0.00000 0.00000 0.00000 0.00000 0.00000 0.00000 0.00000 0.00000 0.00000 0.00000 0.00000 0.00000 0.00000 0.00000 0.00000 0.00000 0.00000 0.00000 0.00000 0.00000 0.00000 0.00000 0.00000 0.00000 0.00000 0.00000 0.00000 0.00000 0.00000 0.00000 0.00000 0.00000 0.00000 0.00000 0.00000 0.00000 0.00000 0.00000 0.00000 0.00000 0.00000 0.00000 0.00000 0.00000 0.00000 0.00000 0.00000 0.00000 0.00000 0.00000 0.00000 0.00000 0.00000 0.00000 0.00000 0.00000 0.00000 0.00000 0.00000 0.00000 0.00000 0.00000 0.00000 0.00000 0.00000 0.00000 0.00000 0.00000 0.00000
0.00000 0.00000 0.00000 0.00000 0.00000 0.00000 0.00000 0.00000 0.00000 0.00000 0.00000 0.00000 0.00000 0.00000 0.00000 0.00000 0.00000 0.00000 0.00000 0.00000 0.00000 0.00000 0.00000 0.00000 0.00000 0.00000 0.00000 0.00000 0.00000 0.00000 0.00000 0.00000 0.00000 0.00000 0.00000 0.00000 0.00000 0.00000 0.00000 0.00000 0.00000 0.00000 0.00000 0.00000 0.00000 0.00000 0.00000 0.00000 0.00000 0.00000 0.00000 0.00000 0.00000 0.00000 0.00000 0.00000 0.00000 0.00000 0.00000 0.00000 0.00000 0.00000 0.00000 0.00000 0.00000 0.00000 0.00000 0.00000 0.00000 0.00000 0.00000 0.00000 0.00000 0.00000 0.00000 0.00000 0.00000 0.00000 0.00000 0.00000 0.00000 0.00000 0.00000 0.00000 0.00000 0.00000 0.00000 0.00000 0.00000 0.00000 0.00000 0.00000 0.00000 0.00000 0.00000 0.00000 0.00000 0.00000 0.00000 0.00000 0.00000 0.00000 0.00000 0.00000 0.00000 0.00000 0.00000 0.00000 0.00000 0.00000 0.00000 0.00000 0.00000 0.00000 0.00000 0.00000 0.00000 0.00000 0.00000 0.00000 0.00000 0.00000 0.00000 0.00000 0.00000 0.00000 0.00000 0.00000 0.00000 0.00000 0.00000 0.00000 0.00000 0.00000 0.00000 0.01683 0.05053 0.08397 0.11769 0.15194 0.18576 0.21886 0.25287 0.28773 0.32164 0.35831 0.40010 0.44306 0.48465 0.52492 0.56694 0.61062 0.65295 0.69242 0.73433 0.74132 0.70813 0.67196 0.63810 0.60635 0.57284 0.53792 0.50367 0.47010 0.43669 0.42002 0.41978 0.41967 0.42075 0.42158 0.42125 0.42101 0.42214 0.42304 0.42274 0.40130 0.35991 0.31829 0.27587 0.23319 0.19109 0.14888 0.10652 0.06390 0.02130 0.00000 0.00000 0.00000 0.00000 0.00000 0.00000 0.00000 0.00000 0.00000 0.00000 0.00000 0.00000 0.00000 0.00000 0.00000 0.00000 0.00000 0.00000 0.00000 0.00000 0.00000 0.00000 0.00000 0.00000 0.00000 0.00000 0.00000 0.00000 0.00000 0.00000 0.00000 0.00000 0.00000 0.00000 0.00000 0.00000 0.00000 0.00000 0.00000 0.00000 0.00000 0.00000 0.00000 0.00000 0.00000 0.00000 0.00000 0.00000 0.00000 0.00000 0.00000 0.00000 0.00000 0.00000 0.00000 0.00000 0.00000 0.00000 0.00000 0.00000 0.00000 0.00000 0.00000 0.00000 0.00000 0.00000 0.00000 0.00000 0.00000 0.00000 0.00000 0.00000 0.00000 0.00000 0.00000 0.00000 0.00000 0.00000 0.00000 0.00000 0.00000 0.00000 0.00000 0.00000 0.00000 0.00000 0.00000 0.00000 0.00000 0.00000 0.00000 0.00000 0.00000 0.00000 0.00000
0.00000 0.00000 0.00000 0.00000 0.00000 0.00000 0.00000 0.00000 0.00000 0.00000 0.00000 0.00000 0.00000 0.00000 0.00000 0.00000 0.00000 0.00000 0.00000 0.00000 0.00000 0.00000 0.00000 0.00000 0.00000 0.00000 0.00000 0.00000 0.00000 0.00000 0.00000 0.00000 0.00000 0.00000 0.00000 0.00000 0.00000 0.00000 0.00000 0.00000 0.00000 0.00000 0.00000 0.00000 0.00000 0.00000 0.00000 0.00000 0.00000 0.00000 0.00000 0.00000 0.00000 0.00000 0.00000 0.00000 0.00000 0.00000 0.00000 0.00000 0.00000 0.00000 0.00000 0.00000 0.00000 0.00000 0.00000 0.00000 0.00000 0.00000 0.00000 0.00000 0.00000 0.00000 0.00000 0.00000 0.00000 0.00000 0.00000 0.00000 0.00000 0.00000 0.00000 0.00000 0.00000 0.00000 0.00000 0.00000 0.00000 0.00000 0.00000 0.00000 0.00000 0.00000 0.00000 0.00000 0.00000 0.00000 0.00000 0.00000 0.00000 0.00000 0.00000 0.00000 0.00000 0.00000 0.00000 0.00000 0.00000 0.00000 0.00000 0.00000 0.00000 0.00000 0.00000 0.00000 0.00000 0.00000 0.00000 0.00000 0.00000 0.00000 0.00000 0.00000 0.00000 0.00000 0.00000 0.00000 0.00000 0.00000 0.00000 0.00000 0.00000 0.00000 0.00000 0.02053 0.06172 0.10317 0.14424 0.18540 0.22708 0.26872 0.30976 0.35159 0.39333 0.43072 0.46500 0.49979 0.53406 0.56789 0.60209 0.63707 0.67216 0.70702 0.73977 0.73632 0.69715 0.65651 0.61331 0.57111 0.53110 0.49042 0.44824 0.40555 0.36412 0.34432 0.34466 0.34401 0.34414 0.34534 0.34583 0.34528 0.34532 0.34641 0.34697 0.32930 0.29457 0.26052 0.22618 0.19145 0.15657 0.12191 0.08720 0.05243 0.01748 0.00000 0.00000 0.00000 0.00000 0.00000 0.00000 0.00000 0.00000 0.00000 0.00000 0.00000 0.00000 0.00000 0.00000 0.00000 0.00000 0.00000 0.00000 0.00000 0.00000 0.00000 0.00000 0.00000 0.00000 0.00000 0.00000 0.00000 0.00000 0.00000 0.00000 0.00000 0.00000 0.00000 0.00000 0.00000 0.00000 0.00000 0.00000 0.00000 0.00000 0.00000 0.00000 0.00000 0.00000 0.00000 0.00000 0.00000 0.00000 0.00000 0.00000 0.00000 0.00000 0.00000 0.00000 0.00000 0.00000 0.00000 0.00000 0.00000 0.00000 0.00000 0.00000 0.00000 0.00000 0.00000 0.00000 0.00000 0.00000 0.00000 0.00000 0.00000 0.00000 0.00000 0.00000 0.00000 0.00000 0.00000 0.00000 0.00000 0.00000 0.00000 0.00000 0.00000 0.00000 0.00000 0.00000 0.00000 0.00000 0.00000 0.00000 0.00000 0.00000 0.00000 0.00000 0.00000
0.00000 0.00000 0.00000 0.00000 0.00000 0.00000 0.00000 0.00000 0.00000 0.00000 0.00000 0.00000 0.00000 0.00000 0.00000 0.00000 0.00000 0.00000 0.00000 0.00000 0.00000 0.00000 0.00000 0.00000 0.00000 0.00000 0.00000 0.00000 0.00000 0.00000 0.00000 0.00000 0.00000 0.00000 0.00000 0.00000 0.00000 0.00000 0.00000 0.00000 0.00000 0.00000 0.00000 0.00000 0.00000 0.00000 0.00000 0.00000 0.00000 0.00000 0.00000 0.00000 0.00000 0.00000 0.00000 0.00000 0.00000 0.00000 0.00000 0.00000 0.00000 0.00000 0.00000 0.00000 0.00000 0.00000 0.00000 0.00000 0.00000 0.00000 0.00000 0.00000 0.00000 0.00000 0.00000 0.00000 0.00000 0.00000 0.00000 0.00000 0.00000 0.00000 0.00000 0.00000 0.00000 0.00000 0.00000 0.00000 0.00000 0.00000 0.00000 0.00000 0.00000 0.00000 0.00000 0.00000 0.00000 0.00000 0.00000 0.00000 0.00000 0.00000 0.00000 0.00000 0.00000 0.00000 0.00000 0.00000 0.00000 0.00000 0.00000 0.00000 0.00000 0.00000 0.00000 0.00000 0.00000 0.00000 0.00000 0.00000 0.00000 0.00000 0.00000 0.00000 0.00000 0.00000 0.00000 0.00000 0.00000 0.00000 0.00000 0.00000 0.00000 0.00000 0.00000 0.02431 0.07301 0.12205 0.17094 0.21924 0.26845 0.31827 0.36708 0.41522 0.46502 0.50416 0.53007 0.55593 0.58345 0.61159 0.63809 0.66335 0.69076 0.71979 0.74753 0.73360 0.68425 0.63817 0.58931 0.53832 0.48887 0.44085 0.39188 0.34206 0.29215 0.26759 0.26834 0.26867 0.26832 0.26839 0.26921 0.26965 0.26929 0.26929 0.27005 0.25699 0.22978 0.20271 0.17602 0.14918 0.12216 0.09501 0.06790 0.04078 0.01363 0.00000 0.00000 0.00000 0.00000 0.00000 0.00000 0.00000 0.00000 0.00000 0.00000 0.00000 0.00000 0.00000 0.00000 0.00000 0.00000 0.00000 0.00000 0.00000 0.00000 0.00000 0.00000 0.00000 0.00000 0.00000 0.00000 0.00000 0.00000 0.00000 0.00000 0.00000 0.00000 0.00000 0.00000 0.00000 0.00000 0.00000 0.00000 0.00000 0.00000 0.00000 0.00000 0.00000 0.00000 0.00000 0.00000 0.00000 0.00000 0.00000 0.00000 0.00000 0.00000 0.00000 0.00000 0.00000 0.00000 0.00000 0.00000 0.00000 0.00000 0.00000 0.00000 0.00000 0.00000 0.00000 0.00000 0.00000 0.00000 0.00000 0.00000 0.00000 0.00000 0.00000 0.00000 0.00000 0.00000 0.00000 0.00000 0.00000 0.00000 0.00000 0.00000 0.00000 0.00000 0.00000 0.00000 0.00000 0.00000 0.00000 0.00000 0.00000 0.00000 0.00000 0.00000 0.00000
0.00000 0.00000 0.00000 0.00000 0.00000 0.00000 0.00000 0.00000 0.00000 0.00000 0.00000 0.00000 0.00000 0.00000 0.00000 0.00000 0.00000 0.00000 0.00000 0.00000 0.00000 0.00000 0.00000 0.00000 0.00000 0.00000 0.00000 0.00000 0.00000 0.00000 0.00000 0.00000 0.00000 0.00000 0.00000 0.00000 0.00000 0.00000 0.00000 0.00000 0.00000 0.00000 0.00000 0.00000 0.00000 0.00000 0.00000 0.00000 0.00000 0.00000 0.00000 0.00000 0.00000 0.00000 0.00000 0.00000 0.00000 0.00000 0.00000 0.00000 0.00000 0.00000 0.00000 0.00000 0.00000 0.00000 0.00000 0.00000 0.00000 0.00000 0.00000 0.00000 0.00000 0.00000 0.00000 0.00000 0.00000 0.00000 0.00000 0.00000 0.00000 0.00000 0.00000 0.00000 0.00000 0.00000 0.00000 0.00000 0.00000 0.00000 0.00000 0.00000 0.00000 0.00000 0.00000 0.00000 0.00000 0.00000 0.00000 0.00000 0.00000 0.00000 0.00000 0.00000 0.00000 0.00000 0.00000 0.00000 0.00000 0.00000 0.00000 0.00000 0.00000 0.00000 0.00000 0.00000 0.00000 0.00000 0.00000 0.00000 0.00000 0.00000 0.00000 0.00000 0.00000 0.00000 0.00000 0.00000 0.00000 0.00000 0.00000 0.00000 0.00000 0.00000 0.00000 0.02818 0.08451 0.14062 0.19719 0.25418 0.31038 0.36724 0.42397 0.48011 0.53743 0.57656 0.59526 0.61320 0.63347 0.65388 0.67304 0.69179 0.71075 0.73094 0.75156 0.73367 0.67484 0.61756 0.56302 0.50665 0.44852 0.39076 0.33446 0.27796 0.22049 0.19132 0.19154 0.19226 0.19243 0.19204 0.19219 0.19286 0.19308 0.19278 0.19288 0.18374 0.16461 0.14519 0.12586 0.10665 0.08737 0.06805 0.04861 0.02917 0.00973 0.00000 0.00000 0.00000 0.00000 0.00000 0.00000 0.00000 0.00000 0.00000 0.00000 0.00000 0.00000 0.00000 0.00000 0.00000 0.00000 0.00000 0.00000 0.00000 0.00000 0.00000 0.00000 0.00000 0.00000 0.00000 0.00000 0.00000 0.00000 0.00000 0.00000 0.00000 0.00000 0.00000 0.00000 0.00000 0.00000 0.00000 0.00000 0.00000 0.00000 0.00000 0.00000 0.00000 0.00000 0.00000 0.00000 0.00000 0.00000 0.00000 0.00000 0.00000 0.00000 0.00000 0.00000 0.00000 0.00000 0.00000 0.00000 0.00000 0.00000 0.00000 0.00000 0.00000 0.00000 0.00000 0.00000 0.00000 0.00000 0.00000 0.00000 0.00000 0.00000 0.00000 0.00000 0.00000 0.00000 0.00000 0.00000 0.00000 0.00000 0.00000 0.00000 0.00000 0.00000 0.00000 0.00000 0.00000 0.00000 0.00000 0.00000 0.00000 0.00000 0.00000 0.00000 0.00000
0.00000 0.00000 0.00000 0.00000 0.00000 0.00000 0.00000 0.00000 0.00000 0.00000 0.00000 0.00000 0.00000 0.00000 0.00000 0.00000 0.00000 0.00000 0.00000 0.00000 0.00000 0.00000 0.00000 0.00000 0.00000 0.00000 0.00000 0.00000 0.00000 0.00000 0.00000 0.00000 0.00000 0.00000 0.00000 0.00000 0.00000 0.00000 0.00000 0.00000 0.00000 0.00000 0.00000 0.00000 0.00000 0.00000 0.00000 0.00000 0.00000 0.00000 0.00000 0.00000 0.00000 0.00000 0.00000 0.00000 0.00000 0.00000 0.00000 0.00000 0.00000 0.00000 0.00000 0.00000 0.00000 0.00000 0.00000 0.00000 0.00000 0.00000 0.00000 0.00000 0.00000 0.00000 0.00000 0.00000 0.00000 0.00000 0.00000 0.00000 0.00000 0.00000 0.00000 0.00000 0.00000 0.00000 0.00000 0.00000 0.00000 0.00000 0.00000 0.00000 0.00000 0.00000 0.00000 0.00000 0.00000 0.00000 0.00000 0.00000 0.00000 0.00000 0.00000 0.00000 0.00000 0.00000 0.00000 0.00000 0.00000 0.00000 0.00000 0.00000 0.00000 0.00000 0.00000 0.00000 0.00000 0.00000 0.00000 0.00000 0.00000 0.00000 0.00000 0.00000 0.00000 0.00000 0.00000 0.00000 0.00000 0.00000 0.00000 0.00000 0.00000 0.00000 0.00000 0.03194 0.09589 0.15963 0.22392 0.28847 0.35228 0.41590 0.48159 0.54650 0.60906 0.64738 0.66064 0.67317 0.68334 0.69474 0.70794 0.72088 0.73236 0.74234 0.75472 0.73088 0.66694 0.60004 0.53515 0.47263 0.40813 0.34232 0.27711 0.21267 0.14791 0.11529 0.11512 0.11524 0.11561 0.11574 0.11555 0.11562 0.11598 0.11614 0.11599 0.11024 0.09886 0.08735 0.07571 0.06409 0.05248 0.04086 0.02924 0.01756 0.00585 0.00000 0.00000 0.00000 0.00000 0.00000 0.00000 0.00000 0.00000 0.00000 0.00000 0.00000 0.00000 0.00000 0.00000 0.00000 0.00000 0.00000 0.00000 0.00000 0.00000 0.00000 0.00000 0.00000 0.00000 0.00000 0.00000 0.00000 0.00000 0.00000 0.00000 0.00000 0.00000 0.00000 0.00000 0.00000 0.00000 0.00000 0.00000 0.00000 0.00000 0.00000 0.00000 0.00000 0.00000 0.00000 0.00000 0.00000 0.00000 0.00000 0.00000 0.00000 0.00000 0.00000 0.00000 0.00000 0.00000 0.00000 0.00000 0.00000 0.00000 0.00000 0.00000 0.00000 0.00000 0.00000 0.00000 0.00000 0.00000 0.00000 0.00000 0.00000 0.00000 0.00000 0.00000 0.00000 0.00000 0.00000 0.00000 0.00000 0.00000 0.00000 0.00000 0.00000 0.00000 0.00000 0.00000 0.00000 0.00000 0.00000 0.00000 0.00000 0.00000 0.00000 0.00000 0.00000
0.00000 0.00000 0.00000 0.00000 0.00000 0.00000 0.00000 0.00000 0.00000 0.00000 0.00000 0.00000 0.00000 0.00000 0.00000 0.00000 0.00000 0.00000 0.00000 0.00000 0.00000 0.00000 0.00000 0.00000 0.00000 0.00000 0.00000 0.00000 0.00000 0.00000 0.00000 0.00000 0.00000 0.00000 0.00000 0.00000 0.00000 0.00000 0.00000 0.00000 0.00000 0.00000 0.00000 0.00000 0.00000 0.00000 0.00000 0.00000 0.00000 0.00000 0.00000 0.00000 0.00000 0.00000 0.00000 0.00000 0.00000 0.00000 0.00000 0.00000 0.00000 0.00000 0.00000 0.00000 0.00000 0.00000 0.00000 0.00000 0.00000 0.00000 0.00000 0.00000 0.00000 0.00000 0.00000 0.00000 0.00000 0.00000 0.00000 0.00000 0.00000 0.00000 0.00000 0.00000 0.00000 0.00000 0.00000 0.00000 0.00000 0.00000 0.00000 0.00000 0.00000 0.00000 0.00000 0.00000 0.00000 0.00000 0.00000 0.00000 0.00000 0.00000 0.00000 0.00000 0.00000 0.00000 0.00000 0.00000 0.00000 0.00000 0.00000 0.00000 0.00000 0.00000 0.00000 0.00000 0.00000 0.00000 0.00000 0.00000 0.00000 0.00000 0.00000 0.00000 0.00000 0.00000 0.00000 0.00000 0.00000 0.00000 0.00000 0.00000 0.00000 0.00000 0.00000 0.03567 0.10712 0.17915 0.25075 0.32236 0.39425 0.46618 0.53837 0.61198 0.68318 0.71928 0.72544 0.73116 0.73466 0.73730 0.74252 0.74814 0.75255 0.75653 0.75962 0.72624 0.65585 0.58413 0.51014 0.43720 0.36601 0.29391 0.22070 0.14750 0.07486 0.03853 0.03854 0.03846 0.03851 0.03865 0.03868 0.03861 0.03864 0.03876 0.03880 0.03683 0.03297 0.02915 0.02529 0.02141 0.01753 0.01364 0.00975 0.00586 0.00196 0.00000 0.00000 0.00000 0.00000 0.00000 0.00000 0.00000 0.00000 0.00000 0.00000 0.00000 0.00000 0.00000 0.00000 0.00000 0.00000 0.00000 0.00000 0.00000 0.00000 0.00000 0.00000 0.00000 0.00000 0.00000 0.00000 0.00000 0.00000 0.00000 0.00000 0.00000 0.00000 0.00000 0.00000 0.00000 0.00000 0.00000 0.00000 0.00000 0.00000 0.00000 0.00000 0.00000 0.00000 0.00000 0.00000 0.00000 0.00000 0.00000 0.00000 0.00000 0.00000 0.00000 0.00000 0.00000 0.00000 0.00000 0.00000 0.00000 0.00000 0.00000 0.00000 0.00000 0.00000 0.00000 0.00000 0.00000 0.00000 0.00000 0.00000 0.00000 0.00000 0.00000 0.00000 0.00000 0.00000 0.00000 0.00000 0.00000 0.00000 0.00000 0.00000 0.00000 0.00000 0.00000 0.00000 0.00000 0.00000 0.00000 0.00000 0.00000 0.00000 0.00000 0.00000 0.00000
0.00000 0.00000 0.00000 0.00000 0.00000 0.00000 0.00000 0.00000 0.00000 0.00000 0.00000 0.00000 0.00000 0.00000 0.00000 0.00000 0.00000 0.00000 0.00000 0.00000 0.00000 0.00000 0.00000 0.00000 0.00000 0.00000 0.00000 0.00000 0.00000 0.00000 0.00000 0.00000 0.00000 0.00000 0.00000 0.00000 0.00000 0.00000 0.00000 0.00000 0.00000 0.00000 0.00000 0.00000 0.00000 0.00000 0.00000 0.00000 0.00000 0.00000 0.00000 0.00000 0.00000 0.00000 0.00000 0.00000 0.00000 0.00000 0.00000 0.00000 0.00000 0.00000 0.00000 0.00000 0.00000 0.00000 0.00000 0.00000 0.00000 0.00000 0.00000 0.00000 0.00000 0.00000 0.00000 0.00000 0.00000 0.00000 0.00000 0.00000 0.00000 0.00000 0.00000 0.00000 0.00000 0.00000 0.00000 0.00000 0.00000 0.00000 0.00000 0.00000 0.00000 0.00000 0.00000 0.00000 0.00000 0.00000 0.00000 0.00000 0.00000 0.00000 0.00000 0.00000 0.00000 0.00000 0.00000 0.00000 0.00000 0.00000 0.00000 0.00000 0.00000 0.00000 0.00000 0.00000 0.00000 0.00000 0.00000 0.00000 0.00000 0.00000 0.00000 0.00000 0.00000 0.00000 0.00000 0.00000 0.00000 0.00000 0.00000 0.00000 0.00000 0.00000 0.00000 0.03577 0.10748 0.17929 0.25083 0.32246 0.39570 0.46771 0.53799 0.61058 0.68521 0.72169 0.71949 0.72049 0.72289 0.72383 0.72247 0.72265 0.72470 0.72619 0.72633 0.68871 0.61702 0.54650 0.47423 0.40014 0.32729 0.25549 0.18290 0.10963 0.03650 0.00000 0.00000 0.00000 0.00000 0.00000 0.00000 0.00000 0.00000 0.00000 0.00000 0.00000 0.00000 0.00000 0.00000 0.00000 0.00000 0.00000 0.00000 0.00000 0.00000 0.00000 0.00000 0.00000 0.00000 0.00000 0.00000 0.00000 0.00000 0.00000 0.00000 0.00000 0.00000 0.00000 0.00000 0.00000 0.00000 0.00000 0.00000 0.00000 0.00000 0.00000 0.00000 0.00000 0.00000 0.00000 0.00000 0.00000 0.00000 0.00000 0.00000 0.00000 0.00000 0.00000 0.00000 0.00000 0.00000 0.00000 0.00000 0.00000 0.00000 0.00000 0.00000 0.00000 0.00000 0.00000 0.00000 0.00000 0.00000 0.00000 0.00000 0.00000 0.00000 0.00000 0.00000 0.00000 0.00000 0.00000 0.00000 0.00000 0.00000 0.00000 0.00000 0.00000 0.00000 0.00000 0.00000 0.00000 0.00000 0.00000 0.00000 0.00000 0.00000 0.00000 0.00000 0.00000 0.00000 0.00000 0.00000 0.00000 0.00000 0.00000 0.00000 0.00000 0.00000 0.00000 0.00000 0.00000 0.00000 0.00000 0.00000 0.00000 0.00000 0.00000 0.00000 0.00000
0.00000 0.00000 0.00000 0.00000 0.00000 0.00000 0.00000 0.00000 0.00000 0.00000 0.00000 0.00000 0.00000 0.00000 0.00000 0.00000 0.00000 0.00000 0.00000 0.00000 0.00000 0.00000 0.00000 0.00000 0.00000 0.00000 0.00000 0.00000 0.00000 0.00000 0.00000 0.00000 0.00000 0.00000 0.00000 0.00000 0.00000 0.00000 0.00000 0.00000 0.00000 0.00000 0.00000 0.00000 0.00000 0.00000 0.00000 0.00000 0.00000 0.00000 0.00000 0.00000 0.00000 0.00000 0.00000 0.00000 0.00000 0.00000 0.00000 0.00000 0.00000 0.00000 0.00000 0.00000 0.00000 0.00000 0.00000 0.00000 0.00000 0.00000 0.00000 0.00000 0.00000 0.00000 0.00000 0.00000 0.00000 0.00000 0.00000 0.00000 0.00000 0.00000 0.00000 0.00000 0.00000 0.00000 0.00000 0.00000 0.00000 0.00000 0.00000 0.00000 0.00000 0.00000 0.00000 0.00000 0.00000 0.00000 0.00000 0.00000 0.00000 0.00000 0.00000 0.00000 0.00000 0.00000 0.00000 0.00000 0.00000 0.00000 0.00000 0.00000 0.00000 0.00000 0.00000 0.00000 0.00000 0.00000 0.00000 0.00000 0.00000 0.00000 0.00000 0.00000 0.00000 0.00000 0.00000 0.00000 0.00000 0.00000 0.00000 0.00000 0.00000 0.00000 0.00000 0.03210 0.09637 0.16042 0.22469 0.28942 0.35398 0.41904 0.48324 0.54696 0.61278 0.64680 0.64640 0.64522 0.64679 0.64849 0.64860 0.64778 0.64846 0.65006 0.65098 0.61869 0.55290 0.48838 0.42447 0.35990 0.29389 0.22834 0.16351 0.09844 0.03280 0.00000 0.00000 0.00000 0.00000 0.00000 0.00000 0.00000 0.00000 0.00000 0.00000 0.00000 0.00000 0.00000 0.00000 0.00000 0.00000 0.00000 0.00000 0.00000 0.00000 0.00000 0.00000 0.00000 0.00000 0.00000 0.00000 0.00000 0.00000 0.00000 0.00000 0.00000 0.00000 0.00000 0.00000 0.00000 0.00000 0.00000 0.00000 0.00000 0.00000 0.00000 0.00000 0.00000 0.00000 0.00000 0.00000 0.00000 0.00000 0.00000 0.00000 0.00000 0.00000 0.00000 0.00000 0.00000 0.00000 0.00000 0.00000 0.00000 0.00000 0.00000 0.00000 0.00000 0.00000 0.00000 0.00000 0.00000 0.00000 0.00000 0.00000 0.00000 0.00000 0.00000 0.00000 0.00000 0.00000 0.00000 0.00000 0.00000 0.00000 0.00000 0.00000 0.00000 0.00000 0.00000 0.00000 0.00000 0.00000 0.00000 0.00000 0.00000 0.00000 0.00000 0.00000 0.00000 0.00000 0.00000 0.00000 0.00000 0.00000 0.00000 0.00000 0.00000 0.00000 0.00000 0.00000 0.00000 0.00000 0.00000 0.00000 0.00000 0.00000 0.00000 0.00000 0.00000
0.00000 0.00000 0.00000 0.00000 0.00000 0.00000 0.00000 0.00000 0.00000 0.00000 0.00000 0.00000 0.00000 0.00000 0.00000 0.00000 0.00000 0.00000 0.00000 0.00000 0.00000 0.00000 0.00000 0.00000 0.00000 0.00000 0.00000 0.00000 0.00000 0.00000 0.00000 0.00000 0.00000 0.00000 0.00000 0.00000 0.00000 0.00000 0.00000 0.00000 0.00000 0.00000 0.00000 0.00000 0.00000 0.00000 0.00000 0.00000 0.00000 0.00000 0.00000 0.00000 0.00000 0.00000 0.00000 0.00000 0.00000 0.00000 0.00000 0.00000 0.00000 0.00000 0.00000 0.00000 0.00000 0.00000 0.00000 0.00000 0.00000 0.00000 0.00000 0.00000 0.00000 0.00000 0.00000 0.00000 0.00000 0.00000 0.00000 0.00000 0.00000 0.00000 0.00000 0.00000 0.00000 0.00000 0.00000 0.00000 0.00000 0.00000 0.00000 0.00000 0.00000 0.00000 0.00000 0.00000 0.00000 0.00000 0.00000 0.00000 0.00000 0.00000 0.00000 0.00000 0.00000 0.00000 0.00000 0.00000 0.00000 0.00000 0.00000 0.00000 0.00000 0.00000 0.00000 0.00000 0.00000 0.00000 0.00000 0.00000 0.00000 0.00000 0.00000 0.00000 0.00000 0.00000 0.00000 0.00000 0.00000 0.00000 0.00000 0.00000 0.00000 0.00000 0.00000 0.02833 0.08496 0.14176 0.19907 0.25596 0.31214 0.36929 0.42808 0.48503 0.54041 0.56969 0.57190 0.57234 0.57092 0.57143 0.57344 0.57412 0.57314 0.57322 0.57492 0.54729 0.48962 0.43136 0.37444 0.31772 0.26042 0.20213 0.14431 0.08679 0.02902 0.00000 0.00000 0.00000 0.00000 0.00000 0.00000 0.00000 0.00000 0.00000 0.00000 0.00000 0.00000 0.00000 0.00000 0.00000 0.00000 0.00000 0.00000 0.00000 0.00000 0.00000 0.00000 0.00000 0.00000 0.00000 0.00000 0.00000 0.00000 0.00000 0.00000 0.00000 0.00000 0.00000 0.00000 0.00000 0.00000 0.00000 0.00000 0.00000 0.00000 0.00000 0.00000 0.00000 0.00000 0.00000 0.00000 0.00000 0.00000 0.00000 0.00000 0.00000 0.00000 0.00000 0.00000 0.00000 0.00000 0.00000 0.00000 0.00000 0.00000 0.00000 0.00000 0.00000 0.00000 0.00000 0.00000 0.00000 0.00000 0.00000 0.00000 0.00000 0.00000 0.00000 0.00000 0.00000 0.00000 0.00000 0.00000 0.00000 0.00000 0.00000 0.00000 0.00000 0.00000 0.00000 0.00000 0.00000 0.00000 0.00000 0.00000 0.00000 0.00000 0.00000 0.00000 0.00000 0.00000 0.00000 0.00000 0.00000 0.00000 0.00000 0.00000 0.00000 0.00000 0.00000 0.00000 0.00000 0.00000 0.00000 0.00000 0.00000 0.00000 0.00000 0.00000 0.00000
0.00000 0.00000 0.00000 0.00000 0.00000 0.00000 0.00000 0.00000 0.00000 0.00000 0.00000 0.00000 0.00000 0.00000 0.00000 0.00000 0.00000 0.00000 0.00000 0.00000 0.00000 0.00000 0.00000 0.00000 0.00000 0.00000 0.00000 0.00000 0.00000 0.00000 0.00000 0.00000 0.00000 0.00000 0.00000 0.00000 0.00000 0.00000 0.00000 0.00000 0.00000 0.00000 0.00000 0.00000 0.00000 0.00000 0.00000 0.00000 0.00000 0.00000 0.00000 0.00000 0.00000 0.00000 0.00000 0.00000 0.00000 0.00000 0.00000 0.00000 0.00000 0.00000 0.00000 0.00000 0.00000 0.00000 0.00000 0.00000 0.00000 0.00000 0.00000 0.00000 0.00000 0.00000 0.00000 0.00000 0.00000 0.00000 0.00000 0.00000 0.00000 0.00000 0.00000 0.00000 0.00000 0.00000 0.00000 0.00000 0.00000 0.00000 0.00000 0.00000 0.00000 0.00000 0.00000 0.00000 0.00000 0.00000 0.00000 0.00000 0.00000 0.00000 0.00000 0.00000 0.00000 0.00000 0.00000 0.00000 0.00000 0.00000 0.00000 0.00000 0.00000 0.00000 0.00000 0.00000 0.00000 0.00000 0.00000 0.00000 0.00000 0.00000 0.00000 0.00000 0.00000 0.00000 0.00000 0.00000 0.00000 0.00000 0.00000 0.00000 0.00000 0.00000 0.00000 0.02458 0.07371 0.12315 0.17264 0.22202 0.27129 0.32067 0.37062 0.42104 0.47030 0.49433 0.49539 0.49675 0.49669 0.49598 0.49677 0.49814 0.49842 0.49791 0.49821 0.47446 0.42509 0.37524 0.32502 0.27528 0.22557 0.17594 0.12555 0.07523 0.02512 0.00000 0.00000 0.00000 0.00000 0.00000 0.00000 0.00000 0.00000 0.00000 0.00000 0.00000 0.00000 0.00000 0.00000 0.00000 0.00000 0.00000 0.00000 0.00000 0.00000 0.00000 0.00000 0.00000 0.00000 0.00000 0.00000 0.00000 0.00000 0.00000 0.00000 0.00000 0.00000 0.00000 0.00000 0.00000 0.00000 0.00000 0.00000 0.00000 0.00000 0.00000 0.00000 0.00000 0.00000 0.00000 0.00000 0.00000 0.00000 0.00000 0.00000 0.00000 0.00000 0.00000 0.00000 0.00000 0.00000 0.00000 0.00000 0.00000 0.00000 0.00000 0.00000 0.00000 0.00000 0.00000 0.00000 0.00000 0.00000 0.00000 0.00000 0.00000 0.00000 0.00000 0.00000 0.00000 0.00000 0.00000 0.00000 0.00000 0.00000 0.00000 0.00000 0.00000 0.00000 0.00000 0.00000 0.00000 0.00000 0.00000 0.00000 0.00000 0.00000 0.00000 0.00000 0.00000 0.00000 0.00000 0.00000 0.00000 0.00000 0.00000 0.00000 0.00000 0.00000 0.00000 0.00000 0.00000 0.00000 0.00000 0.00000 0.00000 0.00000 0.00000 0.00000 0.00000
0.00000 0.00000 0.00000 0.00000 0.00000 0.00000 0.00000 0.00000 0.00000 0.00000 0.00000 0.00000 0.00000 0.00000 0.00000 0.00000 0.00000 0.00000 0.00000 0.00000 0.00000 0.00000 0.00000 0.00000 0.00000 0.00000 0.00000 0.00000 0.00000 0.00000 0.00000 0.00000 0.00000 0.00000 0.00000 0.00000 0.00000 0.00000 0.00000 0.00000 0.00000 0.00000 0.00000 0.00000 0.00000 0.00000 0.00000 0.00000 0.00000 0.00000 0.00000 0.00000 0.00000 0.00000 0.00000 0.00000 0.00000 0.00000 0.00000 0.00000 0.00000 0.00000 0.00000 0.00000 0.00000 0.00000 0.00000 0.00000 0.00000 0.00000 0.00000 0.00000 0.00000 0.00000 0.00000 0.00000 0.00000 0.00000 0.00000 0.00000 0.00000 0.00000 0.00000 0.00000 0.00000 0.00000 0.00000 0.00000 0.00000 0.00000 0.00000 0.00000 0.00000 0.00000 0.00000 0.00000 0.00000 0.00000 0.00000 0.00000 0.00000 0.00000 0.00000 0.00000 0.00000 0.00000 0.00000 0.00000 0.00000 0.00000 0.00000 0.00000 0.00000 0.00000 0.00000 0.00000 0.00000 0.00000 0.00000 0.00000 0.00000 0.00000 0.00000 0.00000 0.00000 0.00000 0.00000 0.00000 0.00000 0.00000 0.00000 0.00000 0.00000 0.00000 0.00000 0.02084 0.06266 0.10438 0.14591 0.18788 0.23051 0.27239 0.31349 0.35571 0.39920 0.42039 0.41933 0.41971 0.42131 0.42167 0.42077 0.42103 0.42255 0.42303 0.42233 0.40128 0.36015 0.31828 0.27579 0.23318 0.19110 0.14886 0.10654 0.06389 0.02128 0.00000 0.00000 0.00000 0.00000 0.00000 0.00000 0.00000 0.00000 0.00000 0.00000 0.00000 0.00000 0.00000 0.00000 0.00000 0.00000 0.00000 0.00000 0.00000 0.00000 0.00000 0.00000 0.00000 0.00000 0.00000 0.00000 0.00000 0.00000 0.00000 0.00000 0.00000 0.00000 0.00000 0.00000 0.00000 0.00000 0.00000 0.00000 0.00000 0.00000 0.00000 0.00000 0.00000 0.00000 0.00000 0.00000 0.00000 0.00000 0.00000 0.00000 0.00000 0.00000 0.00000 0.00000 0.00000 0.00000 0.00000 0.00000 0.00000 0.00000 0.00000 0.00000 0.00000 0.00000 0.00000 0.00000 0.00000 0.00000 0.00000 0.00000 0.00000 0.00000 0.00000 0.00000 0.00000 0.00000 0.00000 0.00000 0.00000 0.00000 0.00000 0.00000 0.00000 0.00000 0.00000 0.00000 0.00000 0.00000 0.00000 0.00000 0.00000 0.00000 0.00000 0.00000 0.00000 0.00000 0.00000 0.00000 0.00000 0.00000 0.00000 0.00000 0.00000 0.00000 0.00000 0.00000 0.00000 0.00000 0.00000 0.00000 0.00000 0.00000 0.00000 0.00000 0.00000
0.00000 0.00000 0.00000 0.00000 0.00000 0.00000 0.00000 0.00000 0.00000 0.00000 0.00000 0.00000 0.00000 0.00000 0.00000 0.00000 0.00000 0.00000 0.00000 0.00000 0.00000 0.00000 0.00000 0.00000 0.00000 0.00000 0.00000 0.00000 0.00000 0.00000 0.00000 0.00000 0.00000 0.00000 0.00000 0.00000 0.00000 0.00000 0.00000 0.00000 0.00000 0.00000 0.00000 0.00000 0.00000 0.00000 0.00000 0.00000 0.00000 0.00000 0.00000 0.00000 0.00000 0.00000 0.00000 0.00000 0.00000 0.00000 0.00000 0.00000 0.00000 0.00000 0.00000 0.00000 0.00000 0.00000 0.00000 0.00000 0.00000 0.00000 0.00000 0.00000 0.00000 0.00000 0.00000 0.00000 0.00000 0.00000 0.00000 0.00000 0.00000 0.00000 0.00000 0.00000 0.00000 0.00000 0.00000 0.00000 0.00000 0.00000 0.00000 0.00000 0.00000 0.00000 0.00000 0.00000 0.00000 0.00000 0.00000 0.00000 0.00000 0.00000 0.00000 0.00000 0.00000 0.00000 0.00000 0.00000 0.00000 0.00000 0.00000 0.00000 0.00000 0.00000 0.00000 0.00000 0.00000 0.00000 0.00000 0.00000 0.00000 0.00000 0.00000 0.00000 0.00000 0.00000 0.00000 0.00000 0.00000 0.00000 0.00000 0.00000 0.00000 0.00000 0.00000 0.01707 0.05133 0.08551 0.11963 0.15396 0.18855 0.22316 0.25735 0.29143 0.32635 0.34444 0.34437 0.34390 0.34447 0.34548 0.34551 0.34510 0.34550 0.34648 0.34665 0.32907 0.29465 0.26058 0.22599 0.19132 0.15660 0.12189 0.08712 0.05242 0.01748 0.00000 0.00000 0.00000 0.00000 0.00000 0.00000 0.00000 0.00000 0.00000 0.00000 0.00000 0.00000 0.00000 0.00000 0.00000 0.00000 0.00000 0.00000 0.00000 0.00000 0.00000 0.00000 0.00000 0.00000 0.00000 0.00000 0.00000 0.00000 0.00000 0.00000 0.00000 0.00000 0.00000 0.00000 0.00000 0.00000 0.00000 0.00000 0.00000 0.00000 0.00000 0.00000 0.00000 0.00000 0.00000 0.00000 0.00000 0.00000 0.00000 0.00000 0.00000 0.00000 0.00000 0.00000 0.00000 0.00000 0.00000 0.00000 0.00000 0.00000 0.00000 0.00000 0.00000 0.00000 0.00000 0.00000 0.00000 0.00000 0.00000 0.00000 0.00000 0.00000 0.00000 0.00000 0.00000 0.00000 0.00000 0.00000 0.00000 0.00000 0.00000 0.00000 0.00000 0.00000 0.00000 0.00000 0.00000 0.00000 0.00000 0.00000 0.00000 0.00000 0.00000 0.00000 0.00000 0.00000 0.00000 0.00000 0.00000 0.00000 0.00000 0.00000 0.00000 0.00000 0.00000 0.00000 0.00000 0.00000 0.00000 0.00000 0.00000 0.00000 0.00000 0.00000 0.00000
0.00000 0.00000 0.00000 0.00000 0.00000 0.00000 0.00000 0.00000 0.00000 0.00000 0.00000 0.00000 0.00000 0.00000 0.00000 0.00000 0.00000 0.00000 0.00000 0.00000 0.00000 0.00000 0.00000 0.00000 0.00000 0.00000 0.00000 0.00000 0.00000 0.00000 0.00000 0.00000 0.00000 0.00000 0.00000 0.00000 0.00000 0.00000 0.00000 0.00000 0.00000 0.00000 0.00000 0.00000 0.00000 0.00000 0.00000 0.00000 0.00000 0.00000 0.00000 0.00000 0.00000 0.00000 0.00000 0.00000 0.00000 0.00000 0.00000 0.00000 0.00000 0.00000 0.00000 0.00000 0.00000 0.00000 0.00000 0.00000 0.00000 0.00000 0.00000 0.00000 0.00000 0.00000 0.00000 0.00000 0.00000 0.00000 0.00000 0.00000 0.00000 0.00000 0.00000 0.00000 0.00000 0.00000 0.00000 0.00000 0.00000 0.00000 0.00000 0.00000 0.00000 0.00000 0.00000 0.00000 0.00000 0.00000 0.00000 0.00000 0.00000 0.00000 0.00000 0.00000 0.00000 0.00000 0.00000 0.00000 0.00000 0.00000 0.00000 0.00000 0.00000 0.00000 0.00000 0.00000 0.00000 0.00000 0.00000 0.00000 0.00000 0.00000 0.00000 0.00000 0.00000 0.00000 0.00000 0.00000 0.00000 0.00000 0.00000 0.00000 0.00000 0.00000 0.00000 0.01330 0.03985 0.06656 0.09347 0.12014 0.14654 0.17341 0.20085 0.22773 0.25392 0.26751 0.26853 0.26876 0.26817 0.26834 0.26936 0.26959 0.26907 0.26920 0.27020 0.25691 0.22953 0.20260 0.17613 0.14915 0.12201 0.09494 0.06792 0.04078 0.01362 0.00000 0.00000 0.00000 0.00000 0.00000 0.00000 0.00000 0.00000 0.00000 0.00000 0.00000 0.00000 0.00000 0.00000 0.00000 0.00000 0.00000 0.00000 0.00000 0.00000 0.00000 0.00000 0.00000 0.00000 0.00000 0.00000 0.00000 0.00000 0.00000 0.00000 0.00000 0.00000 0.00000 0.00000 0.00000 0.00000 0.00000 0.00000 0.00000 0.00000 0.00000 0.00000 0.00000 0.00000 0.00000 0.00000 0.00000 0.00000 0.00000 0.00000 0.00000 0.00000 0.00000 0.00000 0.00000 0.00000 0.00000 0.00000 0.00000 0.00000 0.00000 0.00000 0.00000 0.00000 0.00000 0.00000 0.00000 0.00000 0.00000 0.00000 0.00000 0.00000 0.00000 0.00000 0.00000 0.00000 0.00000 0.00000 0.00000 0.00000 0.00000 0.00000 0.00000 0.00000 0.00000 0.00000 0.00000 0.00000 0.00000 0.00000 0.00000 0.00000 0.00000 0.00000 0.00000 0.00000 0.00000 0.00000 0.00000 0.00000 0.00000 0.00000 0.00000 0.00000 0.00000 0.00000 0.00000 0.00000 0.00000 0.00000 0.00000 0.00000 0.00000 0.00000 0.00000
0.00000 0.00000 0.00000 0.00000 0.00000 0.00000 0.00000 0.00000 0.00000 0.00000 0.00000 0.00000 0.00000 0.00000 0.00000 0.00000 0.00000 0.00000 0.00000 0.00000 0.00000 0.00000 0.00000 0.00000 0.00000 0.00000 0.00000 0.00000 0.00000 0.00000 0.00000 0.00000 0.00000 0.00000 0.00000 0.00000 0.00000 0.00000 0.00000 0.00000 0.00000 0.00000 0.00000 0.00000 0.00000 0.00000 0.00000 0.00000 0.00000 0.00000 0.00000 0.00000 0.00000 0.00000 0.00000 0.00000 0.00000 0.00000 0.00000 0.00000 0.00000 0.00000 0.00000 0.00000 0.00000 0.00000 0.00000 0.00000 0.00000 0.00000 0.00000 0.00000 0.00000 0.00000 0.00000 0.00000 0.00000 0.00000 0.00000 0.00000 0.00000 0.00000 0.00000 0.00000 0.00000 0.00000 0.00000 0.00000 0.00000 0.00000 0.00000 0.00000 0.00000 0.00000 0.00000 0.00000 0.00000 0.00000 0.00000 0.00000 0.00000 0.00000 0.00000 0.00000 0.00000 0.00000 0.00000 0.00000 0.00000 0.00000 0.00000 0.00000 0.00000 0.00000 0.00000 0.00000 0.00000 0.00000 0.00000 0.00000 0.00000 0.00000 0.00000 0.00000 0.00000 0.00000 0.00000 0.00000 0.00000 0.00000 0.00000 0.00000 0.00000 0.00000 0.00000 0.00951 0.02851 0.04759 0.06679 0.08593 0.10493 0.12400 0.14338 0.16287 0.18197 0.19132 0.19165 0.19222 0.19221 0.19197 0.19223 0.19281 0.19281 0.19265 0.19286 0.18371 0.16440 0.14499 0.12581 0.10666 0.08728 0.06793 0.04858 0.02917 0.00973 0.00000 0.00000 0.00000 0.00000 0.00000 0.00000 0.00000 0.00000 0.00000 0.00000 0.00000 0.00000 0.00000 0.00000 0.00000 0.00000 0.00000 0.00000 0.00000 0.00000 0.00000 0.00000 0.00000 0.00000 0.00000 0.00000 0.00000 0.00000 0.00000 0.00000 0.00000 0.00000 0.00000 0.00000 0.00000 0.00000 0.00000 0.00000 0.00000 0.00000 0.00000 0.00000 0.00000 0.00000 0.00000 0.00000 0.00000 0.00000 0.00000 0.00000 0.00000 0.00000 0.00000 0.00000 0.00000 0.00000 0.00000 0.00000 0.00000 0.00000 0.00000 0.00000 0.00000 0.00000 0.00000 0.00000 0.00000 0.00000 0.00000 0.00000 0.00000 0.00000 0.00000 0.00000 0.00000 0.00000 0.00000 0.00000 0.00000 0.00000 0.00000 0.00000 0.00000 0.00000 0.00000 0.00000 0.00000 0.00000 0.00000 0.00000 0.00000 0.00000 0.00000 0.00000 0.00000 0.00000 0.00000 0.00000 0.00000 0.00000 0.00000 0.00000 0.00000 0.00000 0.00000 0.00000 0.00000 0.00000 0.00000 0.00000 0.00000 0.00000 0.00000 0.00000 0.00000
0.00000 0.00000 0.00000 0.00000 0.00000 0.00000 0.00000 0.00000 0.00000 0.00000 0.00000 0.00000 0.00000 0.00000 0.00000 0.00000 0.00000 0.00000 0.00000 0.00000 0.00000 0.00000 0.00000 0.00000 0.00000 0.00000 0.00000 0.00000 0.00000 0.00000 0.00000 0.00000 0.00000 0.00000 0.00000 0.00000 0.00000 0.00000 0.00000 0.00000 0.00000 0.00000 0.00000 0.00000 0.00000 0.00000 0.00000 0.00000 0.00000 0.00000 0.00000 0.00000 0.00000 0.00000 0.00000 0.00000 0.00000 0.00000 0.00000 0.00000 0.00000 0.00000 0.00000 0.00000 0.00000 0.00000 0.00000 0.00000 0.00000 0.00000 0.00000 0.00000 0.00000 0.00000 0.00000 0.00000 0.00000 0.00000 0.00000 0.00000 0.00000 0.00000 0.00000 0.00000 0.00000 0.00000 0.00000 0.00000 0.00000 0.00000 0.00000 0.00000 0.00000 0.00000 0.00000 0.00000 0.00000 0.00000 0.00000 0.00000 0.00000 0.00000 0.00000 0.00000 0.00000 0.00000 0.00000 0.00000 0.00000 0.00000 0.00000 0.00000 0.00000 0.00000 0.00000 0.00000 0.00000 0.00000 0.00000 0.00000 0.00000 0.00000 0.00000 0.00000 0.00000 0.00000 0.00000 0.00000 0.00000 0.00000 0.00000 0.00000 0.00000 0.00000 0.00000 0.00572 0.01719 0.02863 0.04002 0.05154 0.06320 0.07472 0.08604 0.09760 0.10947 0.11534 0.11510 0.11516 0.11559 0.11571 0.11548 0.11553 0.11597 0.11605 0.11586 0.11013 0.09890 0.08730 0.07558 0.06400 0.05251 0.04086 0.02918 0.01753 0.00585 0.00000 0.00000 0.00000 0.00000 0.00000 0.00000 0.00000 0.00000 0.00000 0.00000 0.00000 0.00000 0.00000 0.00000 0.00000 0.00000 0.00000 0.00000 0.00000 0.00000 0.00000 0.00000 0.00000 0.00000 0.00000 0.00000 0.00000 0.00000 0.00000 0.00000 0.00000 0.00000 0.00000 0.00000 0.00000 0.00000 0.00000 0.00000 0.00000 0.00000 0.00000 0.00000 0.00000 0.00000 0.00000 0.00000 0.00000 0.00000 0.00000 0.00000 0.00000 0.00000 0.00000 0.00000 0.00000 0.00000 0.00000 0.00000 0.00000 0.00000 0.00000 0.00000 0.00000 0.00000 0.00000 0.00000 0.00000 0.00000 0.00000 0.00000 0.00000 0.00000 0.00000 0.00000 0.00000 0.00000 0.00000 0.00000 0.00000 0.00000 0.00000 0.00000 0.00000 0.00000 0.00000 0.00000 0.00000 0.00000 0.00000 0.00000 0.00000 0.00000 0.00000 0.00000 0.00000 0.00000 0.00000 0.00000 0.00000 0.00000 0.00000 0.00000 0.00000 0.00000 0.00000 0.00000 0.00000 0.00000 0.00000 0.00000 0.00000 0.00000 0.00000 0.00000 0.00000
0.00000 0.00000 0.00000 0.00000 0.00000 0.00000 0.00000 0.00000 0.00000 0.00000 0.00000 0.00000 0.00000 0.00000 0.00000 0.00000 0.00000 0.00000 0.00000 0.00000 0.00000 0.00000 0.00000 0.00000 0.00000 0.00000 0.00000 0.00000 0.00000 0.00000 0.00000 0.00000 0.00000 0.00000 0.00000 0.00000 0.00000 0.00000 0.00000 0.00000 0.00000 0.00000 0.00000 0.00000 0.00000 0.00000 0.00000 0.00000 0.00000 0.00000 0.00000 0.00000 0.00000 0.00000 0.00000 0.00000 0.00000 0.00000 0.00000 0.00000 0.00000 0.00000 0.00000 0.00000 0.00000 0.00000 0.00000 0.00000 0.00000 0.00000 0.00000 0.00000 0.00000 0.00000 0.00000 0.00000 0.00000 0.00000 0.00000 0.00000 0.00000 0.00000 0.00000 0.00000 0.00000 0.00000 0.00000 0.00000 0.00000 0.00000 0.00000 0.00000 0.00000 0.00000 0.00000 0.00000 0.00000 0.00000 0.00000 0.00000 0.00000 0.00000 0.00000 0.00000 0.00000 0.00000 0.00000 0.00000 0.00000 0.00000 0.00000 0.00000 0.00000 0.00000 0.00000 0.00000 0.00000 0.00000 0.00000 0.00000 0.00000 0.00000 0.00000 0.00000 0.00000 0.00000 0.00000 0.00000 0.00000 0.00000 0.00000 0.00000 0.00000 0.00000 0.00000 0.00191 0.00573 0.00956 0.01336 0.01719 0.02107 0.02493 0.02875 0.03256 0.03646 0.03849 0.03849 0.03844 0.03849 0.03861 0.03861 0.03857 0.03862 0.03873 0.03872 0.03677 0.03294 0.02914 0.02525 0.02136 0.01750 0.01364 0.00974 0.00585 0.00195 0.00000 0.00000 0.00000 0.00000 0.00000 0.00000 0.00000 0.00000 0.00000 0.00000 0.00000 0.00000 0.00000 0.00000 0.00000 0.00000 0.00000 0.00000 0.00000 0.00000 0.00000 0.00000 0.00000 0.00000 0.00000 0.00000 0.00000 0.00000 0.00000 0.00000 0.00000 0.00000 0.00000 0.00000 0.00000 0.00000 0.00000 0.00000 0.00000 0.00000 0.00000 0.00000 0.00000 0.00000 0.00000 0.00000 0.00000 0.00000 0.00000 0.00000 0.00000 0.00000 0.00000 0.00000 0.00000 0.00000 0.00000 0.00000 0.00000 0.00000 0.00000 0.00000 0.00000 0.00000 0.00000 0.00000 0.00000 0.00000 0.00000 0.00000 0.00000 0.00000 0.00000 0.00000 0.00000 0.00000 0.00000 0.00000 0.00000 0.00000 0.00000 0.00000 0.00000 0.00000 0.00000 0.00000 0.00000 0.00000 0.00000 0.00000 0.00000 0.00000 0.00000 0.00000 0.00000 0.00000 0.00000 0.00000 0.00000 0.00000 0.00000 0.00000 0.00000 0.00000 0.00000 0.00000 0.00000 0.00000 0.00000 0.00000 0.00000 0.00000 0.00000 0.00000 0.00000
0.00000 0.00000 0.00000 0.00000 0.00000 0.00000 0.00000 0.00000 0.00000 0.00000 0.00000 0.00000 0.00000 0.00000 0.00000 0.00000 0.00000 0.00000 0.00000 0.00000 0.00000 0.00000 0.00000 0.00000 0.00000 0.00000 0.00000 0.00000 0.00000 0.00000 0.00000 0.00000 0.00000 0.00000 0.00000 0.00000 0.00000 0.00000 0.00000 0.00000 0.00000 0.00000 0.00000 0.00000 0.00000 0.00000 0.00000 0.00000 0.00000 0.00000 0.00000 0.00000 0.00000 0.00000 0.00000 0.00000 0.00000 0.00000 0.00000 0.00000 0.00000 0.00000 0.00000 0.00000 0.00000 0.00000 0.00000 0.00000 0.00000 0.00000 0.00000 0.00000 0.00000 0.00000 0.00000 0.00000 0.00000 0.00000 0.00000 0.00000 0.00000 0.00000 0.00000 0.00000 0.00000 0.00000 0.00000 0.00000 0.00000 0.00000 0.00000 0.00000 0.00000 0.00000 0.00000 0.00000 0.00000 0.00000 0.00000 0.00000 0.00000 0.00000 0.00000 0.00000 0.00000 0.00000 0.00000 0.00000 0.00000 0.00000 0.00000 0.00000 0.00000 0.00000 0.00000 0.00000 0.00000 0.00000 0.00000 0.00000 0.00000 0.00000 0.00000 0.00000 0.00000 0.00000 0.00000 0.00000 0.00000 0.00000 0.00000 0.00000 0.00000 0.00000 0.00000 0.00000 0.00000 0.00000 0.00000 0.00000 0.00000 0.00000 0.00000 0.00000 0.00000 0.00000 0.00000 0.00000 0.00000 0.00000 0.00000 0.00000 0.00000 0.00000 0.00000 0.00000 0.00000 0.00000 0.00000 0.00000 0.00000 0.00000 0.00000 0.00000 0.00000 0.00000 0.00000 0.00000 0.00000 0.00000 0.00000 0.00000 0.00000 0.00000 0.00000 0.00000 0.00000 0.00000 0.00000 0.00000 0.00000 0.00000 0.00000 0.00000 0.00000 0.00000 0.00000 0.00000 0.00000 0.00000 0.00000 0.00000 0.00000 0.00000 0.00000 0.00000 0.00000 0.00000 0.00000 0.00000 0.00000 0.00000 0.00000 0.00000 0.00000 0.00000 0.00000 0.00000 0.00000 0.00000 0.00000 0.00000 0.00000 0.00000 0.00000 0.00000 0.00000 0.00000 0.00000 0.00000 0.00000 0.00000 0.00000 0.00000 0.00000 0.00000 0.00000 0.00000 0.00000 0.00000 0.00000 0.00000 0.00000 0.00000 0.00000 0.00000 0.00000 0.00000 0.00000 0.00000 0.00000 0.00000 0.00000 0.00000 0.00000 0.00000 0.00000 0.00000 0.00000 0.00000 0.00000 0.00000 0.00000 0.00000 0.00000 0.00000 0.00000 0.00000 0.00000 0.00000 0.00000 0.00000 0.00000 0.00000 0.00000 0.00000 0.00000 0.00000 0.00000 0.00000 0.00000 0.00000 0.00000 0.00000 0.00000 0.00000 0.00000 0.00000 0.00000 0.00000
0.00000 0.00000 0.00000 0.00000 0.00000 0.00000 0.00000 0.00000 0.00000 0.00000 0.00000 0.00000 0.00000 0.00000 0.00000 0.00000 0.00000 0.00000 0.00000 0.00000 0.00000 0.00000 0.00000 0.00000 0.00000 0.00000 0.00000 0.00000 0.00000 0.00000 0.00000 0.00000 0.00000 0.00000 0.00000 0.00000 0.00000 0.00000 0.00000 0.00000 0.00000 0.00000 0.00000 0.00000 0.00000 0.00000 0.00000 0.00000 0.00000 0.00000 0.00000 0.00000 0.00000 0.00000 0.00000 0.00000 0.00000 0.00000 0.00000 0.00000 0.00000 0.00000 0.00000 0.00000 0.00000 0.00000 0.00000 0.00000 0.00000 0.00000 0.00000 0.00000 0.00000 0.00000 0.00000 0.00000 0.00000 0.00000 0.00000 0.00000 0.00000 0.00000 0.00000 0.00000 0.00000 0.00000 0.00000 0.00000 0.00000 0.00000 0.00000 0.00000 0.00000 0.00000 0.00000 0.00000 0.00000 0.00000 0.00000 0.00000 0.00000 0.00000 0.00000 0.00000 0.00000 0.00000 0.00000 0.00000 0.00000 0.00000 0.00000 0.00000 0.00000 0.00000 0.00000 0.00000 0.00000 0.00000 0.00000 0.00000 0.00000 0.00000 0.00000 0.00000 0.00000 0.00000 0.00000 0.00000 0.00000 0.00000 0.00000 0.00000 0.00000 0.00000 0.00000 0.00000 0.00000 0.00000 0.00000 0.00000 0.00000 0.00000 0.00000 0.00000 0.00000 0.00000 0.00000 0.00000 0.00000 0.00000 0.00000 0.00000 0.00000 0.00000 0.00000 0.00000 0.00000 0.00000 0.00000 0.00000 0.00000 0.00000 0.00000 0.00000 0.00000 0.00000 0.00000 0.00000 0.00000 0.00000 0.00000 0.00000 0.00000 0.00000 0.00000 0.00000 0.00000 0.00000 0.00000 0.00000 0.00000 0.00000 0.00000 0.00000 0.00000 0.00000 0.00000 0.00000 0.00000 0.00000 0.00000 0.00000 0.00000 0.00000 0.00000 0.00000 0.00000 0.00000 0.00000 0.00000 0.00000 0.00000 0.00000 0.00000 0.00000 0.00000 0.00000 0.00000 0.00000 0.00000 0.00000 0.00000 0.00000 0.00000 0.00000 0.00000 0.00000 0.00000 0.00000 0.00000 0.00000 0.00000 0.00000 0.00000 0.00000 0.00000 0.00000 0.00000 0.00000 0.00000 0.00000 0.00000 0.00000 0.00000 0.00000 0.00000 0.00000 0.00000 0.00000 0.00000 0.00000 0.00000 0.00000 0.00000 0.00000 0.00000 0.00000 0.00000 0.00000 0.00000 0.00000 0.00000 0.00000 0.00000 0.00000 0.00000 0.00000 0.00000 0.00000 0.00000 0.00000 0.00000 0.00000 0.00000 0.00000 0.00000 0.00000 0.00000 0.00000 0.00000 0.00000 0.00000 0.00000 0.00000 0.00000 0.00000 0.00000 0.00000 0.00000 0.00000
0.00000 0.00000 0.00000 0.00000 0.00000 0.00000 0.00000 0.00000 0.00000 0.00000 0.00000 0.00000 0.00000 0.00000 0.00000 0.00000 0.00000 0.00000 0.00000 0.00000 0.00000 0.00000 0.00000 0.00000 0.00000 0.00000 0.00000 0.00000 0.00000 0.00000 0.00000 0.00000 0.00000 0.00000 0.00000 0.00000 0.00000 0.00000 0.00000 0.00000 0.00000 0.00000 0.00000 0.00000 0.00000 0.00000 0.00000 0.00000 0.00000 0.00000 0.00000 0.00000 0.00000 0.00000 0.00000 0.00000 0.00000 0.00000 0.00000 0.00000 0.00000 0.00000 0.00000 0.00000 0.00000 0.00000 0.00000 0.00000 0.00000 0.00000 0.00000 0.00000 0.00000 0.00000 0.00000 0.00000 0.00000 0.00000 0.00000 0.00000 0.00000 0.00000 0.00000 0.00000 0.00000 0.00000 0.00000 0.00000 0.00000 0.00000 0.00000 0.00000 0.00000 0.00000 0.00000 0.00000 0.00000 0.00000 0.00000 0.00000 0.00000 0.00000 0.00000 0.00000 0.00000 0.00000 0.00000 0.00000 0.00000 0.00000 0.00000 0.00000 0.00000 0.00000 0.00000 0.00000 0.00000 0.00000 0.00000 0.00000 0.00000 0.00000 0.00000 0.00000 0.00000 0.00000 0.00000 0.00000 0.00000 0.00000 0.00000 0.00000 0.00000 0.00000 0.00000 0.00000 0.00000 0.00000 0.00000 0.00000 0.00000 0.00000 0.00000 0.00000 0.00000 0.00000 0.00000 0.00000 0.00000 0.00000 0.00000 0.00000 0.00000 0.00000 0.00000 0.00000 0.00000 0.00000 0.00000 0.00000 0.00000 0.00000 0.00000 0.00000 0.00000 0.00000 0.00000 0.00000 0.00000 0.00000 0.00000 0.00000 0.00000 0.00000 0.00000 0.00000 0.00000 0.00000 0.00000 0.00000 0.00000 0.00000 0.00000 0.00000 0.00000 0.00000 0.00000 0.00000 0.00000 0.00000 0.00000 0.00000 0.00000 0.00000 0.00000 0.00000 0.00000 0.00000 0.00000 0.00000 0.00000 0.00000 0.00000 0.00000 0.00000 0.00000 0.00000 0.00000 0.00000 0.00000 0.00000 0.00000 0.00000 0.00000 0.00000 0.00000 0.00000 0.00000 0.00000 0.00000 0.00000 0.00000 0.00000 0.00000 0.00000 0.00000 0.00000 0.00000 0.00000 0.00000 0.00000 0.00000 0.00000 0.00000 0.00000 0.00000 0.00000 0.00000 0.00000 0.00000 0.00000 0.00000 0.00000 0.00000 0.00000 0.00000 0.00000 0.00000 0.00000 0.00000 0.00000 0.00000 0.00000 0.00000 0.00000 0.00000 0.00000 0.00000 0.00000 0.00000 0.00000 0.00000 0.00000 0.00000 0.00000 0.00000 0.00000 0.00000 0.00000 0.00000 0.00000 0.00000 0.00000 0.00000 0.00000 0.00000 0.00000 0.00000 0.00000 0.00000
0.00000 0.00000 0.00000 0.00000 0.00000 0.00000 0.00000 0.00000 0.00000 0.00000 0.00000 0.00000 0.00000 0.00000 0.00000 0.00000 0.00000 0.00000 0.00000 0.00000 0.00000 0.00000 0.00000 0.00000 0.00000 0.00000 0.00000 0.00000 0.00000 0.00000 0.00000 0.00000 0.00000 0.00000 0.00000 0.00000 0.00000 0.00000 0.00000 0.00000 0.00000 0.00000 0.00000 0.00000 0.00000 0.00000 0.00000 0.00000 0.00000 0.00000 0.00000 0.00000 0.00000 0.00000 0.00000 0.00000 0.00000 0.00000 0.00000 0.00000 0.00000 0.00000 0.00000 0.00000 0.00000 0.00000 0.00000 0.00000 0.00000 0.00000 0.00000 0.00000 0.00000 0.00000 0.00000 0.00000 0.00000 0.00000 0.00000 0.00000 0.00000 0.00000 0.00000 0.00000 0.00000 0.00000 0.00000 0.00000 0.00000 0.00000 0.00000 0.00000 0.00000 0.00000 0.00000 0.00000 0.00000 0.00000 0.00000 0.00000 0.00000 0.00000 0.00000 0.00000 0.00000 0.00000 0.00000 0.00000 0.00000 0.00000 0.00000 0.00000 0.00000 0.00000 0.00000 0.00000 0.00000 0.00000 0.00000 0.00000 0.00000 0.00000 0.00000 0.00000 0.00000 0.00000 0.00000 0.00000 0.00000 0.00000 0.00000 0.00000 0.00000 0.00000 0.00000 0.00000 0.00000 0.00000 0.00000 0.00000 0.00000 0.00000 0.00000 0.00000 0.00000 0.00000 0.00000 0.00000 0.00000 0.00000 0.00000 0.00000 0.00000 0.00000 0.00000 0.00000 0.00000 0.00000 0.00000 0.00000 0.00000 0.00000 0.00000 0.00000 0.00000 0.00000 0.00000 0.00000 0.00000 0.00000 0.00000 0.00000 0.00000 0.00000 0.00000 0.00000 0.00000 0.00000 0.00000 0.00000 0.00000 0.00000 0.00000 0.00000 0.00000 0.00000 0.00000 0.00000 0.00000 0.00000 0.00000 0.00000 0.00000 0.00000 0.00000 0.00000 0.00000 0.00000 0.00000 0.00000 0.00000 0.00000 0.00000 0.00000 0.00000 0.00000 0.00000 0.00000 0.00000 0.00000 0.00000 0.00000 0.00000 0.00000 0.00000 0.00000 0.00000 0.00000 0.00000 0.00000 0.00000 0.00000 0.00000 0.00000 0.00000 0.00000 0.00000 0.00000 0.00000 0.00000 0.00000 0.00000 0.00000 0.00000 0.00000 0.00000 0.00000 0.00000 0.00000 0.00000 0.00000 0.00000 0.00000 0.00000 0.00000 0.00000 0.00000 0.00000 0.00000 0.00000 0.00000 0.00000 0.00000 0.00000 0.00000 0.00000 0.00000 0.00000 0.00000 0.00000 0.00000 0.00000 0.00000 0.00000 0.00000 0.00000 0.00000 0.00000 0.00000 0.00000 0.00000 0.00000 0.00000 0.00000 0.00000 0.00000 0.00000 0.00000 0.00000 0.00000
0.00000 0.00000 0.00000 0.00000 0.00000 0.00000 0.00000 0.00000 0.00000 0.00000 0.00000 0.00000 0.00000 0.00000 0.00000 0.00000 0.00000 0.00000 0.00000 0.00000 0.00000 0.00000 0.00000 0.00000 0.00000 0.00000 0.00000 0.00000 0.00000 0.00000 0.00000 0.00000 0.00000 0.00000 0.00000 0.00000 0.00000 0.00000 0.00000 0.00000 0.00000 0.00000 0.00000 0.00000 0.00000 0.00000 0.00000 0.00000 0.00000 0.00000 0.00000 0.00000 0.00000 0.00000 0.00000 0.00000 0.00000 0.00000 0.00000 0.00000 0.00000 0.00000 0.00000 0.00000 0.00000 0.00000 0.00000 0.00000 0.00000 0.00000 0.00000 0.00000 0.00000 0.00000 0.00000 0.00000 0.00000 0.00000 0.00000 0.00000 0.00000 0.00000 0.00000 0.00000 0.00000 0.00000 0.00000 0.00000 0.00000 0.00000 0.00000 0.00000 0.00000 0.00000 0.00000 0.00000 0.00000 0.00000 0.00000 0.00000 0.00000 0.00000 0.00000 0.00000 0.00000 0.00000 0.00000 0.00000 0.00000 0.00000 0.00000 0.00000 0.00000 0.00000 0.00000 0.00000 0.00000 0.00000 0.00000 0.00000 0.00000 0.00000 0.00000 0.00000 0.00000 0.00000 0.00000 0.00000 0.00000 0.00000 0.00000 0.00000 0.00000 0.00000 0.00000 0.00000 0.00000 0.00000 0.00000 0.00000 0.00000 0.00000 0.00000 0.00000 0.00000 0.00000 0.00000 0.00000 0.00000 0.00000 0.00000 0.00000 0.00000 0.00000 0.00000 0.00000 0.00000 0.00000 0.00000 0.00000 0.00000 0.00000 0.00000 0.00000 0.00000 0.00000 0.00000 0.00000 0.00000 0.00000 0.00000 0.00000 0.00000 0.00000 0.00000 0.00000 0.00000 0.00000 0.00000 0.00000 0.00000 0.00000 0.00000 0.00000 0.00000 0.00000 0.00000 0.00000 0.00000 0.00000 0.00000 0.00000 0.00000 0.00000 0.00000 0.00000 0.00000 0.00000 0.00000 0.00000 0.00000 0.00000 0.00000 0.00000 0.00000 0.00000 0.00000 0.00000 0.00000 0.00000 0.00000 0.00000 0.00000 0.00000 0.00000 0.00000 0.00000 0.00000 0.00000 0.00000 0.00000 0.00000 0.00000 0.00000 0.00000 0.00000 0.00000 0.00000 0.00000 0.00000 0.00000 0.00000 0.00000 0.00000 0.00000 0.00000 0.00000 0.00000 0.00000 0.00000 0.00000 0.00000 0.00000 0.00000 0.00000 0.00000 0.00000 0.00000 0.00000 0.00000 0.00000 0.00000 0.00000 0.00000 0.00000 0.00000 0.00000 0.00000 0.00000 0.00000 0.00000 0.00000 0.00000 0.00000 0.00000 0.00000 0.00000 0.00000 0.00000 0.00000 0.00000 0.00000 0.00000 0.00000 0.00000 0.00000 0.00000 0.00000 0.00000 0.00000
0.00000 0.00000 0.00000 0.00000 0.00000 0.00000 0.00000 0.00000 0.00000 0.00000 0.00000 0.00000 0.00000 0.00000 0.00000 0.00000 0.00000 0.00000 0.00000 0.00000 0.00000 0.00000 0.00000 0.00000 0.00000 0.00000 0.00000 0.00000 0.00000 0.00000 0.00000 0.00000 0.00000 0.00000 0.00000 0.00000 0.00000 0.00000 0.00000 0.00000 0.00000 0.00000 0.00000 0.00000 0.00000 0.00000 0.00000 0.00000 0.00000 0.00000 0.00000 0.00000 0.00000 0.00000 0.00000 0.00000 0.00000 0.00000 0.00000 0.00000 0.00000 0.00000 0.00000 0.00000 0.00000 0.00000 0.00000 0.00000 0.00000 0.00000 0.00000 0.00000 0.00000 0.00000 0.00000 0.00000 0.00000 0.00000 0.00000 0.00000 0.00000 0.00000 0.00000 0.00000 0.00000 0.00000 0.00000 0.00000 0.00000 0.00000 0.00000 0.00000 0.00000 0.00000 0.00000 0.00000 0.00000 0.00000 0.00000 0.00000 0.00000 0.00000 0.00000 0.00000 0.00000 0.00000 0.00000 0.00000 0.00000 0.00000 0.00000 0.00000 0.00000 0.00000 0.00000 0.00000 0.00000 0.00000 0.00000 0.00000 0.00000 0.00000 0.00000 0.00000 0.00000 0.00000 0.00000 0.00000 0.00000 0.00000 0.00000 0.00000 0.00000 0.00000 0.00000 0.00000 0.00000 0.00000 0.00000 0.00000 0.00000 0.00000 0.00000 0.00000 0.00000 0.00000 0.00000 0.00000 0.00000 0.00000 0.00000 0.00000 0.00000 0.00000 0.00000 0.00000 0.00000 0.00000 0.00000 0.00000 0.00000 0.00000 0.00000 0.00000 0.00000 0.00000 0.00000 0.00000 0.00000 0.00000 0.00000 0.00000 0.00000 0.00000 0.00000 0.00000 0.00000 0.00000 0.00000 0.00000 0.00000 0.00000 0.00000 0.00000 0.00000 0.00000 0.00000 0.00000 0.00000 0.00000 0.00000 0.00000 0.00000 0.00000 0.00000 0.00000 0.00000 0.00000 0.00000 0.00000 0.00000 0.00000 0.00000 0.00000 0.00000 0.00000 0.00000 0.00000 0.00000 0.00000 0.00000 0.00000 0.00000 0.00000 0.00000 0.00000 0.00000 0.00000 0.00000 0.00000 0.00000 0.00000 0.00000 0.00000 0.00000 0.00000 0.00000 0.00000 0.00000 0.00000 0.00000 0.00000 0.00000 0.00000 0.00000 0.00000 0.00000 0.00000 0.00000 0.00000 0.00000 0.00000 0.00000 0.00000 0.00000 0.00000 0.00000 0.00000 0.00000 0.00000 0.00000 0.00000 0.00000 0.00000 0.00000 0.00000 0.00000 0.00000 0.00000 0.00000 0.00000 0.00000 0.00000 0.00000 0.00000 0.00000 0.00000 0.00000 0.00000 0.00000 0.00000 0.00000 0.00000 0.00000 0.00000 0.00000 0.00000 0.00000 0.00000 0.00000
0.00000 0.00000 0.00000 0.00000 0.00000 0.00000 0.00000 0.00000 0.00000 0.00000 0.00000 0.00000 0.00000 0.00000 0.00000 0.00000 0.00000 0.00000 0.00000 0.00000 0.00000 0.00000 0.00000 0.00000 0.00000 0.00000 0.00000 0.00000 0.00000 0.00000 0.00000 0.00000 0.00000 0.00000 0.00000 0.00000 0.00000 0.00000 0.00000 0.00000 0.00000 0.00000 0.00000 0.00000 0.00000 0.00000 0.00000 0.00000 0.00000 0.00000 0.00000 0.00000 0.00000 0.00000 0.00000 0.00000 0.00000 0.00000 0.00000 0.00000 0.00000 0.00000 0.00000 0.00000 0.00000 0.00000 0.00000 0.00000 0.00000 0.00000 0.00000 0.00000 0.00000 0.00000 0.00000 0.00000 0.00000 0.00000 0.00000 0.00000 0.00000 0.00000 0.00000 0.00000 0.00000 0.00000 0.00000 0.00000 0.00000 0.00000 0.00000 0.00000 0.00000 0.00000 0.00000 0.00000 0.00000 0.00000 0.00000 0.00000 0.00000 0.00000 0.00000 0.00000 0.00000 0.00000 0.00000 0.00000 0.00000 0.00000 0.00000 0.00000 0.00000 0.00000 0.00000 0.00000 0.00000 0.00000 0.00000 0.00000 0.00000 0.00000 0.00000 0.00000 0.00000 0.00000 0.00000 0.00000 0.00000 0.00000 0.00000 0.00000 0.00000 0.00000 0.00000 0.00000 0.00000 0.00000 0.00000 0.00000 0.00000 0.00000 0.00000 0.00000 0.00000 0.00000 0.00000 0.00000 0.00000 0.00000 0.00000 0.00000 0.00000 0.00000 0.00000 0.00000 0.00000 0.00000 0.00000 0.00000 0.00000 0.00000 0.00000 0.00000 0.00000 0.00000 0.00000 0.00000 0.00000 0.00000 0.00000 0.00000 0.00000 0.00000 0.00000 0.00000 0.00000 0.00000 0.00000 0.00000 0.00000 0.00000 0.00000 0.00000 0.00000 0.00000 0.00000 0.00000 0.00000 0.00000 0.00000 0.00000 0.00000 0.00000 0.00000 0.00000 0.00000 0.00000 0.00000 0.00000 0.00000 0.00000 0.00000 0.00000 0.00000 0.00000 0.00000 0.00000 0.00000 0.00000 0.00000 0.00000 0.00000 0.00000 0.00000 0.00000 0.00000 0.00000 0.00000 0.00000 0.00000 0.00000 0.00000 0.00000 0.00000 0.00000 0.00000 0.00000 0.00000 0.00000 0.00000 0.00000 0.00000 0.00000 0.00000 0.00000 0.00000 0.00000 0.00000 0.00000 0.00000 0.00000 0.00000 0.00000 0.00000 0.00000 0.00000 0.00000 0.00000 0.00000 0.00000 0.00000 0.00000 0.00000 0.00000 0.00000 0.00000 0.00000 0.00000 0.00000 0.00000 0.00000 0.00000 0.00000 0.00000 0.00000 0.00000 0.00000 0.00000 0.00000 0.00000 0.00000 0.00000 0.00000 0.00000 0.00000 0.00000 0.00000 0.00000 0.00000
0.00000 0.00000 0.00000 0.00000 0.00000 0.00000 0.00000 0.00000 0.00000 0.00000 0.00000 0.00000 0.00000 0.00000 0.00000 0.00000 0.00000 0.00000 0.00000 0.00000 0.00000 0.00000 0.00000 0.00000 0.00000 0.00000 0.00000 0.00000 0.00000 0.00000 0.00000 0.00000 0.00000 0.00000 0.00000 0.00000 0.00000 0.00000 0.00000 0.00000 0.00000 0.00000 0.00000 0.00000 0.00000 0.00000 0.00000 0.00000 0.00000 0.00000 0.00000 0.00000 0.00000 0.00000 0.00000 0.00000 0.00000 0.00000 0.00000 0.00000 0.00000 0.00000 0.00000 0.00000 0.00000 0.00000 0.00000 0.00000 0.00000 0.00000 0.00000 0.00000 0.00000 0.00000 0.00000 0.00000 0.00000 0.00000 0.00000 0.00000 0.00000 0.00000 0.00000 0.00000 0.00000 0.00000 0.00000 0.00000 0.00000 0.00000 0.00000 0.00000 0.00000 0.00000 0.00000 0.00000 0.00000 0.00000 0.00000 0.00000 0.00000 0.00000 0.00000 0.00000 0.00000 0.00000 0.00000 0.00000 0.00000 0.00000 0.00000 0.00000 0.00000 0.00000 0.00000 0.00000 0.00000 0.00000 0.00000 0.00000 0.00000 0.00000 0.00000 0.00000 0.00000 0.00000 0.00000 0.00000 0.00000 0.00000 0.00000 0.00000 0.00000 0.00000 0.00000 0.00000 0.00000 0.00000 0.00000 0.00000 0.00000 0.00000 0.00000 0.00000 0.00000 0.00000 0.00000 0.00000 0.00000 0.00000 0.00000 0.00000 0.00000 0.00000 0.00000 0.00000 0.00000 0.00000 0.00000 0.00000 0.00000 0.00000 0.00000 0.00000 0.00000 0.00000 0.00000 0.00000 0.00000 0.00000 0.00000 0.00000 0.00000 0.00000 0.00000 0.00000 0.00000 0.00000 0.00000 0.00000 0.00000 0.00000 0.00000 0.00000 0.00000 0.00000 0.00000 0.00000 0.00000 0.00000 0.00000 0.00000 0.00000 0.00000 0.00000 0.00000 0.00000 0.00000 0.00000 0.00000 0.00000 0.00000 0.00000 0.00000 0.00000 0.00000 0.00000 0.00000 0.00000 0.00000 0.00000 0.00000 0.00000 0.00000 0.00000 0.00000 0.00000 0.00000 0.00000 0.00000 0.00000 0.00000 0.00000 0.00000 0.00000 0.00000 0.00000 0.00000 0.00000 0.00000 0.00000 0.00000 0.00000 0.00000 0.00000 0.00000 0.00000 0.00000 0.00000 0.00000 0.00000 0.00000 0.00000 0.00000 0.00000 0.00000 0.00000 0.00000 0.00000 0.00000 0.00000 0.00000 0.00000 0.00000 0.00000 0.00000 0.00000 0.00000 0.00000 0.00000 0.00000 0.00000 0.00000 0.00000 0.00000 0.00000 0.00000 0.00000 0.00000 0.00000 0.00000 0.00000 0.00000 0.00000 0.00000 0.00000 0.00000 0.00000 0.00000 0.00000
0.00000 0.00000 0.00000 0.00000 0.00000 0.00000 0.00000 0.00000 0.00000 0.00000 0.00000 0.00000 0.00000 0.00000 0.00000 0.00000 0.00000 0.00000 0.00000 0.00000 0.00000 0.00000 0.00000 0.00000 0.00000 0.00000 0.00000 0.00000 0.00000 0.00000 0.00000 0.00000 0.00000 0.00000 0.00000 0.00000 0.00000 0.00000 0.00000 0.00000 0.00000 0.00000 0.00000 0.00000 0.00000 0.00000 0.00000 0.00000 0.00000 0.00000 0.00000 0.00000 0.00000 0.00000 0.00000 0.00000 0.00000 0.00000 0.00000 0.00000 0.00000 0.00000 0.00000 0.00000 0.00000 0.00000 0.00000 0.00000 0.00000 0.00000 0.00000 0.00000 0.00000 0.00000 0.00000 0.00000 0.00000 0.00000 0.00000 0.00000 0.00000 0.00000 0.00000 0.00000 0.00000 0.00000 0.00000 0.00000 0.00000 0.00000 0.00000 0.00000 0.00000 0.00000 0.00000 0.00000 0.00000 0.00000 0.00000 0.00000 0.00000 0.00000 0.00000 0.00000 0.00000 0.00000 0.00000 0.00000 0.00000 0.00000 0.00000 0.00000 0.00000 0.00000 0.00000 0.00000 0.00000 0.00000 0.00000 0.00000 0.00000 0.00000 0.00000 0.00000 0.00000 0.00000 0.00000 0.00000 0.00000 0.00000 0.00000 0.00000 0.00000 0.00000 0.00000 0.00000 0.00000 0.00000 0.00000 0.00000 0.00000 0.00000 0.00000 0.00000 0.00000 0.00000 0.00000 0.00000 0.00000 0.00000 0.00000 0.00000 0.00000 0.00000 0.00000 0.00000 0.00000 0.00000 0.00000 0.00000 0.00000 0.00000 0.00000 0.00000 0.00000 0.00000 0.00000 0.00000 0.00000 0.00000 0.00000 0.00000 0.00000 0.00000 0.00000 0.00000 0.00000 0.00000 0.00000 0.00000 0.00000 0.00000 0.00000 0.00000 0.00000 0.00000 0.00000 0.00000 0.00000 0.00000 0.00000 0.00000 0.00000 0.00000 0.00000 0.00000 0.00000 0.00000 0.00000 0.00000 0.00000 0.00000 0.00000 0.00000 0.00000 0.00000 0.00000 0.00000 0.00000 0.00000 0.00000 0.00000 0.00000 0.00000 0.00000 0.00000 0.00000 0.00000 0.00000 0.00000 0.00000 0.00000 0.00000 0.00000 0.00000 0.00000 0.00000 0.00000 0.00000 0.00000 0.00000 0.00000 0.00000 0.00000 0.00000 0.00000 0.00000 0.00000 0.00000 0.00000 0.00000 0.00000 0.00000 0.00000 0.00000 0.00000 0.00000 0.00000 0.00000 0.00000 0.00000 0.00000 0.00000 0.00000 0.00000 0.00000 0.00000 0.00000 0.00000 0.00000 0.00000 0.00000 0.00000 0.00000 0.00000 0.00000 0.00000 0.00000 0.00000 0.00000 0.00000 0.00000 0.00000 0.00000 0.00000 0.00000 0.00000 0.00000 0.00000 0.00000
0.00000 0.00000 0.00000 0.00000 0.00000 0.00000 0.00000 0.00000 0.00000 0.00000 0.00000 0.00000 0.00000 0.00000 0.00000 0.00000 0.00000 0.00000 0.00000 0.00000 0.00000 0.00000 0.00000 0.00000 0.00000 0.00000 0.00000 0.00000 0.00000 0.00000 0.00000 0.00000 0.00000 0.00000 0.00000 0.00000 0.00000 0.00000 0.00000 0.00000 0.00000 0.00000 0.00000 0.00000 0.00000 0.00000 0.00000 0.00000 0.00000 0.00000 0.00000 0.00000 0.00000 0.00000 0.00000 0.00000 0.00000 0.00000 0.00000 0.00000 0.00000 0.00000 0.00000 0.00000 0.00000 0.00000 0.00000 0.00000 0.00000 0.00000 0.00000 0.00000 0.00000 0.00000 0.00000 0.00000 0.00000 0.00000 0.00000 0.00000 0.00000 0.00000 0.00000 0.00000 0.00000 0.00000 0.00000 0.00000 0.00000 0.00000 0.00000 0.00000 0.00000 0.00000 0.00000 0.00000 0.00000 0.00000 0.00000 0.00000 0.00000 0.00000 0.00000 0.00000 0.00000 0.00000 0.00000 0.00000 0.00000 0.00000 0.00000 0.00000 0.00000 0.00000 0.00000 0.00000 0.00000 0.00000 0.00000 0.00000 0.00000 0.00000 0.00000 0.00000 0.00000 0.00000 0.00000 0.00000 0.00000 0.00000 0.00000 0.00000 0.00000 0.00000 0.00000 0.00000 0.00000 0.00000 0.00000 0.00000 0.00000 0.00000 0.00000 0.00000 0.00000 0.00000 0.00000 0.00000 0.00000 0.00000 0.00000 0.00000 0.00000 0.00000 0.00000 0.00000 0.00000 0.00000 0.00000 0.00000 0.00000 0.00000 0.00000 0.00000 0.00000 0.00000 0.00000 0.00000 0.00000 0.00000 0.00000 0.00000 0.00000 0.00000 0.00000 0.00000 0.00000 0.00000 0.00000 0.00000 0.00000 0.00000 0.00000 0.00000 0.00000 0.00000 0.00000 0.00000 0.00000 0.00000 0.00000 0.00000 0.00000 0.00000 0.00000 0.00000 0.00000 0.00000 0.00000 0.00000 0.00000 0.00000 0.00000 0.00000 0.00000 0.00000 0.00000 0.00000 0.00000 0.00000 0.00000 0.00000 0.00000 0.00000 0.00000 0.00000 0.00000 0.00000 0.00000 0.00000 0.00000 0.00000 0.00000 0.00000 0.00000 0.00000 0.00000 0.00000 0.00000 0.00000 0.00000 0.00000 0.00000 0.00000 0.00000 0.00000 0.00000 0.00000 0.00000 0.00000 0.00000 0.00000 0.00000 0.00000 0.00000 0.00000 0.00000 0.00000 0.00000 0.00000 0.00000 0.00000 0.00000 0.00000 0.00000 0.00000 0.00000 0.00000 0.00000 0.00000 0.00000 0.00000 0.00000 0.00000 0.00000 0.00000 0.00000 0.00000 0.00000 0.00000 0.00000 0.00000 0.00000 0.00000 0.00000 0.00000 0.00000 0.00000 0.00000 0.00000
0.00000 0.00000 0.00000 0.00000 0.00000 0.00000 0.00000 0.00000 0.00000 0.00000 0.00000 0.00000 0.00000 0.00000 0.00000 0.00000 0.00000 0.00000 0.00000 0.00000 0.00000 0.00000 0.00000 0.00000 0.00000 0.00000 0.00000 0.00000 0.00000 0.00000 0.00000 0.00000 0.00000 0.00000 0.00000 0.00000 0.00000 0.00000 0.00000 0.00000 0.00000 0.00000 0.00000 0.00000 0.00000 0.00000 0.00000 0.00000 0.00000 0.00000 0.00000 0.00000 0.00000 0.00000 0.00000 0.00000 0.00000 0.00000 0.00000 0.00000 0.00000 0.00000 0.00000 0.00000 0.00000 0.00000 0.00000 0.00000 0.00000 0.00000 0.00000 0.00000 0.00000 0.00000 0.00000 0.00000 0.00000 0.00000 0.00000 0.00000 0.00000 0.00000 0.00000 0.00000 0.00000 0.00000 0.00000 0.00000 0.00000 0.00000 0.00000 0.00000 0.00000 0.00000 0.00000 0.00000 0.00000 0.00000 0.00000 0.00000 0.00000 0.00000 0.00000 0.00000 0.00000 0.00000 0.00000 0.00000 0.00000 0.00000 0.00000 0.00000 0.00000 0.00000 0.00000 0.00000 0.00000 0.00000 0.00000 0.00000 0.00000 0.00000 0.00000 0.00000 0.00000 0.00000 0.00000 0.00000 0.00000 0.00000 0.00000 0.00000 0.00000 0.00000 0.00000 0.00000 0.00000 0.00000 0.00000 0.00000 0.00000 0.00000 0.00000 0.00000 0.00000 0.00000 0.00000 0.00000 0.00000 0.00000 0.00000 0.00000 0.00000 0.00000 0.00000 0.00000 0.00000 0.00000 0.00000 0.00000 0.00000 0.00000 0.00000 0.00000 0.00000 0.00000 0.00000 0.00000 0.00000 0.00000 0.00000 0.00000 0.00000 0.00000 0.00000 0.00000 0.00000 0.00000 0.00000 0.00000 0.00000 0.00000 0.00000 0.00000 0.00000 0.00000 0.00000 0.00000 0.00000 0.00000 0.00000 0.00000 0.00000 0.00000 0.00000 0.00000 0.00000 0.00000 0.00000 0.00000 0.00000 0.00000 0.00000 0.00000 0.00000 0.00000 0.00000 0.00000 0.00000 0.00000 0.00000 0.00000 0.00000 0.00000 0.00000 0.00000 0.00000 0.00000 0.00000 0.00000 0.00000 0.00000 0.00000 0.00000 0.00000 0.00000 0.00000 0.00000 0.00000 0.00000 0.00000 0.00000 0.00000 0.00000 0.00000 0.00000 0.00000 0.00000 0.00000 0.00000 0.00000 0.00000 0.00000 0.00000 0.00000 0.00000 0.00000 0.00000 0.00000 0.00000 0.00000 0.00000 0.00000 0.00000 0.00000 0.00000 0.00000 0.00000 0.00000 0.00000 0.00000 0.00000 0.00000 0.00000 0.00000 0.00000 0.00000 0.00000 0.00000 0.00000 0.00000 0.00000 0.00000 0.00000 0.00000 0.00000 0.00000 0.00000 0.00000 0.00000
0.00000 0.00000 0.00000 0.00000 0.00000 0.00000 0.00000 0.00000 0.00000 0.00000 0.00000 0.00000 0.00000 0.00000 0.00000 0.00000 0.00000 0.00000 0.00000 0.00000 0.00000 0.00000 0.00000 0.00000 0.00000 0.00000 0.00000 0.00000 0.00000 0.00000 0.00000 0.00000 0.00000 0.00000 0.00000 0.00000 0.00000 0.00000 0.00000 0.00000 0.00000 0.00000 0.00000 0.00000 0.00000 0.00000 0.00000 0.00000 0.00000 0.00000 0.00000 0.00000 0.00000 0.00000 0.00000 0.00000 0.00000 0.00000 0.00000 0.00000 0.00000 0.00000 0.00000 0.00000 0.00000 0.00000 0.00000 0.00000 0.00000 0.00000 0.00000 0.00000 0.00000 0.00000 0.00000 0.00000 0.00000 0.00000 0.00000 0.00000 0.00000 0.00000 0.00000 0.00000 0.00000 0.00000 0.00000 0.00000 0.00000 0.00000 0.00000 0.00000 0.00000 0.00000 0.00000 0.00000 0.00000 0.00000 0.00000 0.00000 0.00000 0.00000 0.00000 0.00000 0.00000 0.00000 0.00000 0.00000 0.00000 0.00000 0.00000 0.00000 0.00000 0.00000 0.00000 0.00000 0.00000 0.00000 0.00000 0.00000 0.00000 0.00000 0.00000 0.00000 0.00000 0.00000 0.00000 0.00000 0.00000 0.00000 0.00000 0.00000 0.00000 0.00000 0.00000 0.00000 0.00000 0.00000 0.00000 0.00000 0.00000 0.00000 0.00000 0.00000 0.00000 0.00000 0.00000 0.00000 0.00000 0.00000 0.00000 0.00000 0.00000 0.00000 0.00000 0.00000 0.00000 0.00000 0.00000 0.00000 0.00000 0.00000 0.00000 0.00000 0.00000 0.00000 0.00000 0.00000 0.00000 0.00000 0.00000 0.00000 0.00000 0.00000 0.00000 0.00000 0.00000 0.00000 0.00000 0.00000 0.00000 0.00000 0.00000 0.00000 0.00000 0.00000 0.00000 0.00000 0.00000 0.00000 0.00000 0.00000 0.00000 0.00000 0.00000 0.00000 0.00000 0.00000 0.00000 0.00000 0.00000 0.00000 0.00000 0.00000 0.00000 0.00000 0.00000 0.00000 0.00000 0.00000 0.00000 0.00000 0.00000 0.00000 0.00000 0.00000 0.00000 0.00000 0.00000 0.00000 0.00000 0.00000 0.00000 0.00000 0.00000 0.00000 0.00000 0.00000 0.00000 0.00000 0.00000 0.00000 0.00000 0.00000 0.00000 0.00000 0.00000 0.00000 0.00000 0.00000 0.00000 0.00000 0.00000 0.00000 0.00000 0.00000 0.00000 0.00000 0.00000 0.00000 0.00000 0.00000 0.00000 0.00000 0.00000 0.00000 0.00000 0.00000 0.00000 0.00000 0.00000 0.00000 0.00000 0.00000 0.00000 0.00000 0.00000 0.00000 0.00000 0.00000 0.00000 0.00000 0.00000 0.00000 0.00000 0.00000 0.00000 0.00000 0.00000 0.00000
0.00000 0.00000 0.00000 0.00000 0.00000 0.00000 0.00000 0.00000 0.00000 0.00000 0.00000 0.00000 0.00000 0.00000 0.00000 0.00000 0.00000 0.00000 0.00000 0.00000 0.00000 0.00000 0.00000 0.00000 0.00000 0.00000 0.00000 0.00000 0.00000 0.00000 0.00000 0.00000 0.00000 0.00000 0.00000 0.00000 0.00000 0.00000 0.00000 0.00000 0.00000 0.00000 0.00000 0.00000 0.00000 0.00000 0.00000 0.00000 0.00000 0.00000 0.00000 0.00000 0.00000 0.00000 0.00000 0.00000 0.00000 0.00000 0.00000 0.00000 0.00000 0.00000 0.00000 0.00000 0.00000 0.00000 0.00000 0.00000 0.00000 0.00000 0.00000 0.00000 0.00000 0.00000 0.00000 0.00000 0.00000 0.00000 0.00000 0.00000 0.00000 0.00000 0.00000 0.00000 0.00000 0.00000 0.00000 0.00000 0.00000 0.00000 0.00000 0.00000 0.00000 0.00000 0.00000 0.00000 0.00000 0.00000 0.00000 0.00000 0.00000 0.00000 0.00000 0.00000 0.00000 0.00000 0.00000 0.00000 0.00000 0.00000 0.00000 0.00000 0.00000 0.00000 0.00000 0.00000 0.00000 0.00000 0.00000 0.00000 0.00000 0.00000 0.00000 0.00000 0.00000 0.00000 0.00000 0.00000 0.00000 0.00000 0.00000 0.00000 0.00000 0.00000 0.00000 0.00000 0.00000 0.00000 0.00000 0.00000 0.00000 0.00000 0.00000 0.00000 0.00000 0.00000 0.00000 0.00000 0.00000 0.00000 0.00000 0.00000 0.00000 0.00000 0.00000 0.00000 0.00000 0.00000 0.00000 0.00000 0.00000 0.00000 0.00000 0.00000 0.00000 0.00000 0.00000 0.00000 0.00000 0.00000 0.00000 0.00000 0.00000 0.00000 0.00000 0.00000 0.00000 0.00000 0.00000 0.00000 0.00000 0.00000 0.00000 0.00000 0.00000 0.00000 0.00000 0.00000 0.00000 0.00000 0.00000 0.00000 0.00000 0.00000 0.00000 0.00000 0.00000 0.00000 0.00000 0.00000 0.00000 0.00000 0.00000 0.00000 0.00000 0.00000 0.00000 0.00000 0.00000 0.00000 0.00000 0.00000 0.00000 0.00000 0.00000 0.00000 0.00000 0.00000 0.00000 0.00000 0.00000 0.00000 0.00000 0.00000 0.00000 0.00000 0.00000 0.00000 0.00000 0.00000 0.00000 0.00000 0.00000 0.00000 0.00000 0.00000 0.00000 0.00000 0.00000 0.00000 0.00000 0.00000 0.00000 0.00000 0.00000 0.00000 0.00000 0.00000 0.00000 0.00000 0.00000 0.00000 0.00000 0.00000 0.00000 0.00000 0.00000 0.00000 0.00000 0.00000 0.00000 0.00000 0.00000 0.00000 0.00000 0.00000 0.00000 0.00000 0.00000 0.00000 0.00000 0.00000 0.00000 0.00000 0.00000 0.00000 0.00000 0.00000 0.00000 0.00000
0.00000 0.00000 0.00000 0.00000 0.00000 0.00000 0.00000 0.00000 0.00000 0.00000 0.00000 0.00000 0.00000 0.00000 0.00000 0.00000 0.00000 0.00000 0.00000 0.00000 0.00000 0.00000 0.00000 0.00000 0.00000 0.00000 0.00000 0.00000 0.00000 0.00000 0.00000 0.00000 0.00000 0.00000 0.00000 0.00000 0.00000 0.00000 0.00000 0.00000 0.00000 0.00000 0.00000 0.00000 0.00000 0.00000 0.00000 0.00000 0.00000 0.00000 0.00000 0.00000 0.00000 0.00000 0.00000 0.00000 0.00000 0.00000 0.00000 0.00000 0.00000 0.00000 0.00000 0.00000 0.00000 0.00000 0.00000 0.00000 0.00000 0.00000 0.00000 0.00000 0.00000 0.00000 0.00000 0.00000 0.00000 0.00000 0.00000 0.00000 0.00000 0.00000 0.00000 0.00000 0.00000 0.00000 0.00000 0.00000 0.00000 0.00000 0.00000 0.00000 0.00000 0.00000 0.00000 0.00000 0.00000 0.00000 0.00000 0.00000 0.00000 0.00000 0.00000 0.00000 0.00000 0.00000 0.00000 0.00000 0.00000 0.00000 0.00000 0.00000 0.00000 0.00000 0.00000 0.00000 0.00000 0.00000 0.00000 0.00000 0.00000 0.00000 0.00000 0.00000 0.00000 0.00000 0.00000 0.00000 0.00000 0.00000 0.00000 0.00000 0.00000 0.00000 0.00000 0.00000 0.00000 0.00000 0.00000 0.00000 0.00000 0.00000 0.00000 0.00000 0.00000 0.00000 0.00000 0.00000 0.00000 0.00000 0.00000 0.00000 0.00000 0.00000 0.00000 0.00000 0.00000 0.00000 0.00000 0.00000 0.00000 0.00000 0.00000 0.00000 0.00000 0.00000 0.00000 0.00000 0.00000 0.00000 0.00000 0.00000 0.00000 0.00000 0.00000 0.00000 0.00000 0.00000 0.00000 0.00000 0.00000 0.00000 0.00000 0.00000 0.00000 0.00000 0.00000 0.00000 0.00000 0.00000 0.00000 0.00000 0.00000 0.00000 0.00000 0.00000 0.00000 0.00000 0.00000 0.00000 0.00000 0.00000 0.00000 0.00000 0.00000 0.00000 0.00000 0.00000 0.00000 0.00000 0.00000 0.00000 0.00000 0.00000 0.00000 0.00000 0.00000 0.00000 0.00000 0.00000 0.00000 0.00000 0.00000 0.00000 0.00000 0.00000 0.00000 0.00000 0.00000 0.00000 0.00000 0.00000 0.00000 0.00000 0.00000 0.00000 0.00000 0.00000 0.00000 0.00000 0.00000 0.00000 0.00000 0.00000 0.00000 0.00000 0.00000 0.00000 0.00000 0.00000 0.00000 0.00000 0.00000 0.00000 0.00000 0.00000 0.00000 0.00000 0.00000 0.00000 0.00000 0.00000 0.00000 0.00000 0.00000 0.00000 0.00000 0.00000 0.00000 0.00000 0.00000 0.00000 0.00000 0.00000 0.00000 0.00000 0.00000 0.00000 0.00000 0.00000
0.00000 0.00000 0.00000 0.00000 0.00000 0.00000 0.00000 0.00000 0.00000 0.00000 0.00000 0.00000 0.00000 0.00000 0.00000 0.00000 0.00000 0.00000 0.00000 0.00000 0.00000 0.00000 0.00000 0.00000 0.00000 0.00000 0.00000 0.00000 0.00000 0.00000 0.00000 0.00000 0.00000 0.00000 0.00000 0.00000 0.00000 0.00000 0.00000 0.00000 0.00000 0.00000 0.00000 0.00000 0.00000 0.00000 0.00000 0.00000 0.00000 0.00000 0.00000 0.00000 0.00000 0.00000 0.00000 0.00000 0.00000 0.00000 0.00000 0.00000 0.00000 0.00000 0.00000 0.00000 0.00000 0.00000 0.00000 0.00000 0.00000 0.00000 0.00000 0.00000 0.00000 0.00000 0.00000 0.00000 0.00000 0.00000 0.00000 0.00000 0.00000 0.00000 0.00000 0.00000 0.00000 0.00000 0.00000 0.00000 0.00000 0.00000 0.00000 0.00000 0.00000 0.00000 0.00000 0.00000 0.00000 0.00000 0.00000 0.00000 0.00000 0.00000 0.00000 0.00000 0.00000 0.00000 0.00000 0.00000 0.00000 0.00000 0.00000 0.00000 0.00000 0.00000 0.00000 0.00000 0.00000 0.00000 0.00000 0.00000 0.00000 0.00000 0.00000 0.00000 0.00000 0.00000 0.00000 0.00000 0.00000 0.00000 0.00000 0.00000 0.00000 0.00000 0.00000 0.00000 0.00000 0.00000 0.00000 0.00000 0.00000 0.00000 0.00000 0.00000 0.00000 0.00000 0.00000 0.00000 0.00000 0.00000 0.00000 0.00000 0.00000 0.00000 0.00000 0.00000 0.00000 0.00000 0.00000 0.00000 0.00000 0.00000 0.00000 0.00000 0.00000 0.00000 0.00000 0.00000 0.00000 0.00000 0.00000 0.00000 0.00000 0.00000 0.00000 0.00000 0.00000 0.00000 0.00000 0.00000 0.00000 0.00000 0.00000 0.00000 0.00000 0.00000 0.00000 0.00000 0.00000 0.00000 0.00000 0.00000 0.00000 0.00000 0.00000 0.00000 0.00000 0.00000 0.00000 0.00000 0.00000 0.00000 0.00000 0.00000 0.00000 0.00000 0.00000 0.00000 0.00000 0.00000 0.00000 0.00000 0.00000 0.00000 0.00000 0.00000 0.00000 0.00000 0.00000 0.00000 0.00000 0.00000 0.00000 0.00000 0.00000 0.00000 0.00000 0.00000 0.00000 0.00000 0.00000 0.00000 0.00000 0.00000 0.00000 0.00000 0.00000 0.00000 0.00000 0.00000 0.00000 0.00000 0.00000 0.00000 0.00000 0.00000 0.00000 0.00000 0.00000 0.00000 0.00000 0.00000 0.00000 0.00000 0.00000 0.00000 0.00000 0.00000 0.00000 0.00000 0.00000 0.00000 0.00000 0.00000 0.00000 0.00000 0.00000 0.00000 0.00000 0.00000 0.00000 0.00000 0.00000 0.00000 0.00000 0.00000 0.00000 0.00000 0.00000 0.00000
0.00000 0.00000 0.00000 0.00000 0.00000 0.00000 0.00000 0.00000 0.00000 0.00000 0.00000 0.00000 0.00000 0.00000 0.00000 0.00000 0.00000 0.00000 0.00000 0.00000 0.00000 0.00000 0.00000 0.00000 0.00000 0.00000 0.00000 0.00000 0.00000 0.00000 0.00000 0.00000 0.00000 0.00000 0.00000 0.00000 0.00000 0.00000 0.00000 0.00000 0.00000 0.00000 0.00000 0.00000 0.00000 0.00000 0.00000 0.00000 0.00000 0.00000 0.00000 0.00000 0.00000 0.00000 0.00000 0.00000 0.00000 0.00000 0.00000 0.00000 0.00000 0.00000 0.00000 0.00000 0.00000 0.00000 0.00000 0.00000 0.00000 0.00000 0.00000 0.00000 0.00000 0.00000 0.00000 0.00000 0.00000 0.00000 0.00000 0.00000 0.00000 0.00000 0.00000 0.00000 0.00000 0.00000 0.00000 0.00000 0.00000 0.00000 0.00000 0.00000 0.00000 0.00000 0.00000 0.00000 0.00000 0.00000 0.00000 0.00000 0.00000 0.00000 0.00000 0.00000 0.00000 0.00000 0.00000 0.00000 0.00000 0.00000 0.00000 0.00000 0.00000 0.00000 0.00000 0.00000 0.00000 0.00000 0.00000 0.00000 0.00000 0.00000 0.00000 0.00000 0.00000 0.00000 0.00000 0.00000 0.00000 0.00000 0.00000 0.00000 0.00000 0.00000 0.00000 0.00000 0.00000 0.00000 0.00000 0.00000 0.00000 0.00000 0.00000 0.00000 0.00000 0.00000 0.00000 0.00000 0.00000 0.00000 0.00000 0.00000 0.00000 0.00000 0.00000 0.00000 0.00000 0.00000 0.00000 0.00000 0.00000 0.00000 0.00000 0.00000 0.00000 0.00000 0.00000 0.00000 0.00000 0.00000 0.00000 0.00000 0.00000 0.00000 0.00000 0.00000 0.00000 0.00000 0.00000 0.00000 0.00000 0.00000 0.00000 0.00000 0.00000 0.00000 0.00000 0.00000 0.00000 0.00000 0.00000 0.00000 0.00000 0.00000 0.00000 0.00000 0.00000 0.00000 0.00000 0.00000 0.00000 0.00000 0.00000 0.00000 0.00000 0.00000 0.00000 0.00000 0.00000 0.00000 0.00000 0.00000 0.00000 0.00000 0.00000 0.00000 0.00000 0.00000 0.00000 0.00000 0.00000 0.00000 0.00000 0.00000 0.00000 0.00000 0.00000 0.00000 0.00000 0.00000 0.00000 0.00000 0.00000 0.00000 0.00000 0.00000 0.00000 0.00000 0.00000 0.00000 0.00000 0.00000 0.00000 0.00000 0.00000 0.00000 0.00000 0.00000 0.00000 0.00000 0.00000 0.00000 0.00000 0.00000 0.00000 0.00000 0.00000 0.00000 0.00000 0.00000 0.00000 0.00000 0.00000 0.00000 0.00000 0.00000 0.00000 0.00000 0.00000 0.00000 0.00000 0.00000 0.00000 0.00000 0.00000 0.00000 0.00000 0.00000 0.00000 0.00000
0.00000 0.00000 0.00000 0.00000 0.00000 0.00000 0.00000 0.00000 0.00000 0.00000 0.00000 0.00000 0.00000 0.00000 0.00000 0.00000 0.00000 0.00000 0.00000 0.00000 0.00000 0.00000 0.00000 0.00000 0.00000 0.00000 0.00000 0.00000 0.00000 0.00000 0.00000 0.00000 0.00000 0.00000 0.00000 0.00000 0.00000 0.00000 0.00000 0.00000 0.00000 0.00000 0.00000 0.00000 0.00000 0.00000 0.00000 0.00000 0.00000 0.00000 0.00000 0.00000 0.00000 0.00000 0.00000 0.00000 0.00000 0.00000 0.00000 0.00000 0.00000 0.00000 0.00000 0.00000 0.00000 0.00000 0.00000 0.00000 0.00000 0.00000 0.00000 0.00000 0.00000 0.00000 0.00000 0.00000 0.00000 0.00000 0.00000 0.00000 0.00000 0.00000 0.00000 0.00000 0.00000 0.00000 0.00000 0.00000 0.00000 0.00000 0.00000 0.00000 0.00000 0.00000 0.00000 0.00000 0.00000 0.00000 0.00000 0.00000 0.00000 0.00000 0.00000 0.00000 0.00000 0.00000 0.00000 0.00000 0.00000 0.00000 0.00000 0.00000 0.00000 0.00000 0.00000 0.00000 0.00000 0.00000 0.00000 0.00000 0.00000 0.00000 0.00000 0.00000 0.00000 0.00000 0.00000 0.00000 0.00000 0.00000 0.00000 0.00000 0.00000 0.00000 0.00000 0.00000 0.00000 0.00000 0.00000 0.00000 0.00000 0.00000 0.00000 0.00000 0.00000 0.00000 0.00000 0.00000 0.00000 0.00000 0.00000 0.00000 0.00000 0.00000 0.00000 0.00000 0.00000 0.00000 0.00000 0.00000 0.00000 0.00000 0.00000 0.00000 0.00000 0.00000 0.00000 0.00000 0.00000 0.00000 0.00000 0.00000 0.00000 0.00000 0.00000 0.00000 0.00000 0.00000 0.00000 0.00000 0.00000 0.00000 0.00000 0.00000 0.00000 0.00000 0.00000 0.00000 0.00000 0.00000 0.00000 0.00000 0.00000 0.00000 0.00000 0.00000 0.00000 0.00000 0.00000 0.00000 0.00000 0.00000 0.00000 0.00000 0.00000 0.00000 0.00000 0.00000 0.00000 0.00000 0.00000 0.00000 0.00000 0.00000 0.00000 0.00000 0.00000 0.00000 0.00000 0.00000 0.00000 0.00000 0.00000 0.00000 0.00000 0.00000 0.00000 0.00000 0.00000 0.00000 0.00000 0.00000 0.00000 0.00000 0.00000 0.00000 0.00000 0.00000 0.00000 0.00000 0.00000 0.00000 0.00000 0.00000 0.00000 0.00000 0.00000 0.00000 0.00000 0.00000 0.00000 0.00000 0.00000 0.00000 0.00000 0.00000 0.00000 0.00000 0.00000 0.00000 0.00000 0.00000 0.00000 0.00000 0.00000 0.00000 0.00000 0.00000 0.00000 0.00000 0.00000 0.00000 0.00000 0.00000 0.00000 0.00000 0.00000 0.00000 0.00000 0.00000
0.00000 0.00000 0.00000 0.00000 0.00000 0.00000 0.00000 0.00000 0.00000 0.00000 0.00000 0.00000 0.00000 0.00000 0.00000 0.00000 0.00000 0.00000 0.00000 0.00000 0.00000 0.00000 0.00000 0.00000 0.00000 0.00000 0.00000 0.00000 0.00000 0.00000 0.00000 0.00000 0.00000 0.00000 0.00000 0.00000 0.00000 0.00000 0.00000 0.00000 0.00000 0.00000 0.00000 0.00000 0.00000 0.00000 0.00000 0.00000 0.00000 0.00000 0.00000 0.00000 0.00000 0.00000 0.00000 0.00000 0.00000 0.00000 0.00000 0.00000 0.00000 0.00000 0.00000 0.00000 0.00000 0.00000 0.00000 0.00000 0.00000 0.00000 0.00000 0.00000 0.00000 0.00000 0.00000 0.00000 0.00000 0.00000 0.00000 0.00000 0.00000 0.00000 0.00000 0.00000 0.00000 0.00000 0.00000 0.00000 0.00000 0.00000 0.00000 0.00000 0.00000 0.00000 0.00000 0.00000 0.00000 0.00000 0.00000 0.00000 0.00000 0.00000 0.00000 0.00000 0.00000 0.00000 0.00000 0.00000 0.00000 0.00000 0.00000 0.00000 0.00000 0.00000 0.00000 0.00000 0.00000 0.00000 0.00000 0.00000 0.00000 0.00000 0.00000 0.00000 0.00000 0.00000 0.00000 0.00000 0.00000 0.00000 0.00000 0.00000 0.00000 0.00000 0.00000 0.00000 0.00000 0.00000 0.00000 0.00000 0.00000 0.00000 0.00000 0.00000 0.00000 0.00000 0.00000 0.00000 0.00000 0.00000 0.00000 0.00000 0.00000 0.00000 0.00000 0.00000 0.00000 0.00000 0.00000 0.00000 0.00000 0.00000 0.00000 0.00000 0.00000 0.00000 0.00000 0.00000 0.00000 0.00000 0.00000 0.00000 0.00000 0.00000 0.00000 0.00000 0.00000 0.00000 0.00000 0.00000 0.00000 0.00000 0.00000 0.00000 0.00000 0.00000 0.00000 0.00000 0.00000 0.00000 0.00000 0.00000 0.00000 0.00000 0.00000 0.00000 0.00000 0.00000 0.00000 0.00000 0.00000 0.00000 0.00000 0.00000 0.00000 0.00000 0.00000 0.00000 0.00000 0.00000 0.00000 0.00000 0.00000 0.00000 0.00000 0.00000 0.00000 0.00000 0.00000 0.00000 0.00000 0.00000 0.00000 0.00000 0.00000 0.00000 0.00000 0.00000 0.00000 0.00000 0.00000 0.00000 0.00000 0.00000 0.00000 0.00000 0.00000 0.00000 0.00000 0.00000 0.00000 0.00000 0.00000 0.00000 0.00000 0.00000 0.00000 0.00000 0.00000 0.00000 0.00000 0.00000 0.00000 0.00000 0.00000 0.00000 0.00000 0.00000 0.00000 0.00000 0.00000 0.00000 0.00000 0.00000 0.00000 0.00000 0.00000 0.00000 0.00000 0.00000 0.00000 0.00000 0.00000 0.00000 0.00000 0.00000 0.00000 0.00000 0.00000 0.00000
0.00000 0.00000 0.00000 0.00000 0.00000 0.00000 0.00000 0.00000 0.00000 0.00000 0.00000 0.00000 0.00000 0.00000 0.00000 0.00000 0.00000 0.00000 0.00000 0.00000 0.00000 0.00000 0.00000 0.00000 0.00000 0.00000 0.00000 0.00000 0.00000 0.00000 0.00000 0.00000 0.00000 0.00000 0.00000 0.00000 0.00000 0.00000 0.00000 0.00000 0.00000 0.00000 0.00000 0.00000 0.00000 0.00000 0.00000 0.00000 0.00000 0.00000 0.00000 0.00000 0.00000 0.00000 0.00000 0.00000 0.00000 0.00000 0.00000 0.00000 0.00000 0.00000 0.00000 0.00000 0.00000 0.00000 0.00000 0.00000 0.00000 0.00000 0.00000 0.00000 0.00000 0.00000 0.00000 0.00000 0.00000 0.00000 0.00000 0.00000 0.00000 0.00000 0.00000 0.00000 0.00000 0.00000 0.00000 0.00000 0.00000 0.00000 0.00000 0.00000 0.00000 0.00000 0.00000 0.00000 0.00000 0.00000 0.00000 0.00000 0.00000 0.00000 0.00000 0.00000 0.00000 0.00000 0.00000 0.00000 0.00000 0.00000 0.00000 0.00000 0.00000 0.00000 0.00000 0.00000 0.00000 0.00000 0.00000 0.00000 0.00000 0.00000 0.00000 0.00000 0.00000 0.00000 0.00000 0.00000 0.00000 0.00000 0.00000 0.00000 0.00000 0.00000 0.00000 0.00000 0.00000 0.00000 0.00000 0.00000 0.00000 0.00000 0.00000 0.00000 0.00000 0.00000 0.00000 0.00000 0.00000 0.00000 0.00000 0.00000 0.00000 0.00000 0.00000 0.00000 0.00000 0.00000 0.00000 0.00000 0.00000 0.00000 0.00000 0.00000 0.00000 0.00000 0.00000 0.00000 0.00000 0.00000 0.00000 0.00000 0.00000 0.00000 0.00000 0.00000 0.00000 0.00000 0.00000 0.00000 0.00000 0.00000 0.00000 0.00000 0.00000 0.00000 0.00000 0.00000 0.00000 0.00000 0.00000 0.00000 0.00000 0.00000 0.00000 0.00000 0.00000 0.00000 0.00000 0.00000 0.00000 0.00000 0.00000 0.00000 0.00000 0.00000 0.00000 0.00000 0.00000 0.00000 0.00000 0.00000 0.00000 0.00000 0.00000 0.00000 0.00000 0.00000 0.00000 0.00000 0.00000 0.00000 0.00000 0.00000 0.00000 0.00000 0.00000 0.00000 0.00000 0.00000 0.00000 0.00000 0.00000 0.00000 0.00000 0.00000 0.00000 0.00000 0.00000 0.00000 0.00000 0.00000 0.00000 0.00000 0.00000 0.00000 0.00000 0.00000 0.00000 0.00000 0.00000 0.00000 0.00000 0.00000 0.00000 0.00000 0.00000 0.00000 0.00000 0.00000 0.00000 0.00000 0.00000 0.00000 0.00000 0.00000 0.00000 0.00000 0.00000 0.00000 0.00000 0.00000 0.00000 0.00000 0.00000 0.00000 0.00000 0.00000 0.00000 0.00000
0.00000 0.00000 0.00000 0.00000 0.00000 0.00000 0.00000 0.00000 0.00000 0.00000 0.00000 0.00000 0.00000 0.00000 0.00000 0.00000 0.00000 0.00000 0.00000 0.00000 0.00000 0.00000 0.00000 0.00000 0.00000 0.00000 0.00000 0.00000 0.00000 0.00000 0.00000 0.00000 0.00000 0.00000 0.00000 0.00000 0.00000 0.00000 0.00000 0.00000 0.00000 0.00000 0.00000 0.00000 0.00000 0.00000 0.00000 0.00000 0.00000 0.00000 0.00000 0.00000 0.00000 0.00000 0.00000 0.00000 0.00000 0.00000 0.00000 0.00000 0.00000 0.00000 0.00000 0.00000 0.00000 0.00000 0.00000 0.00000 0.00000 0.00000 0.00000 0.00000 0.00000 0.00000 0.00000 0.00000 0.00000 0.00000 0.00000 0.00000 0.00000 0.00000 0.00000 0.00000 0.00000 0.00000 0.00000 0.00000 0.00000 0.00000 0.00000 0.00000 0.00000 0.00000 0.00000 0.00000 0.00000 0.00000 0.00000 0.00000 0.00000 0.00000 0.00000 0.00000 0.00000 0.00000 0.00000 0.00000 0.00000 0.00000 0.00000 0.00000 0.00000 0.00000 0.00000 0.00000 0.00000 0.00000 0.00000 0.00000 0.00000 0.00000 0.00000 0.00000 0.00000 0.00000 0.00000 0.00000 0.00000 0.00000 0.00000 0.00000 0.00000 0.00000 0.00000 0.00000 0.00000 0.00000 0.00000 0.00000 0.00000 0.00000 0.00000 0.00000 0.00000 0.00000 0.00000 0.00000 0.00000 0.00000 0.00000 0.00000 0.00000 0.00000 0.00000 0.00000 0.00000 0.00000 0.00000 0.00000 0.00000 0.00000 0.00000 0.00000 0.00000 0.00000 0.00000 0.00000 0.00000 0.00000 0.00000 0.00000 0.00000 0.00000 0.00000 0.00000 0.00000 0.00000 0.00000 0.00000 0.00000 0.00000 0.00000 0.00000 0.00000 0.00000 0.00000 0.00000 0.00000 0.00000 0.00000 0.00000 0.00000 0.00000 0.00000 0.00000 0.00000 0.00000 0.00000 0.00000 0.00000 0.00000 0.00000 0.00000 0.00000 0.00000 0.00000 0.00000 0.00000 0.00000 0.00000 0.00000 0.00000 0.00000 0.00000 0.00000 0.00000 0.00000 0.00000 0.00000 0.00000 0.00000 0.00000 0.00000 0.00000 0.00000 0.00000 0.00000 0.00000 0.00000 0.00000 0.00000 0.00000 0.00000 0.00000 0.00000 0.00000 0.00000 0.00000 0.00000 0.00000 0.00000 0.00000 0.00000 0.00000 0.00000 0.00000 0.00000 0.00000 0.00000 0.00000 0.00000 0.00000 0.00000 0.00000 0.00000 0.00000 0.00000 0.00000 0.00000 0.00000 0.00000 0.00000 0.00000 0.00000 0.00000 0.00000 0.00000 0.00000 0.00000 0.00000 0.00000 0.00000 0.00000 0.00000 0.00000 0.00000 0.00000 0.00000 0.00000
0.00000 0.00000 0.00000 0.00000 0.00000 0.00000 0.00000 0.00000 0.00000 0.00000 0.00000 0.00000 0.00000 0.00000 0.00000 0.00000 0.00000 0.00000 0.00000 0.00000 0.00000 0.00000 0.00000 0.00000 0.00000 0.00000 0.00000 0.00000 0.00000 0.00000 0.00000 0.00000 0.00000 0.00000 0.00000 0.00000 0.00000 0.00000 0.00000 0.00000 0.00000 0.00000 0.00000 0.00000 0.00000 0.00000 0.00000 0.00000 0.00000 0.00000 0.00000 0.00000 0.00000 0.00000 0.00000 0.00000 0.00000 0.00000 0.00000 0.00000 0.00000 0.00000 0.00000 0.00000 0.00000 0.00000 0.00000 0.00000 0.00000 0.00000 0.00000 0.00000 0.00000 0.00000 0.00000 0.00000 0.00000 0.00000 0.00000 0.00000 0.00000 0.00000 0.00000 0.00000 0.00000 0.00000 0.00000 0.00000 0.00000 0.00000 0.00000 0.00000 0.00000 0.00000 0.00000 0.00000 0.00000 0.00000 0.00000 0.00000 0.00000 0.00000 0.00000 0.00000 0.00000 0.00000 0.00000 0.00000 0.00000 0.00000 0.00000 0.00000 0.00000 0.00000 0.00000 0.00000 0.00000 0.00000 0.00000 0.00000 0.00000 0.00000 0.00000 0.00000 0.00000 0.00000 0.00000 0.00000 0.00000 0.00000 0.00000 0.00000 0.00000 0.00000 0.00000 0.00000 0.00000 0.00000 0.00000 0.00000 0.00000 0.00000 0.00000 0.00000 0.00000 0.00000 0.00000 0.00000 0.00000 0.00000 0.00000 0.00000 0.00000 0.00000 0.00000 0.00000 0.00000 0.00000 0.00000 0.00000 0.00000 0.00000 0.00000 0.00000 0.00000 0.00000 0.00000 0.00000 0.00000 0.00000 0.00000 0.00000 0.00000 0.00000 0.00000 0.00000 0.00000 0.00000 0.00000 0.00000 0.00000 0.00000 0.00000 0.00000 0.00000 0.00000 0.00000 0.00000 0.00000 0.00000 0.00000 0.00000 0.00000 0.00000 0.00000 0.00000 0.00000 0.00000 0.00000 0.00000 0.00000 0.00000 0.00000 0.00000 0.00000 0.00000 0.00000 0.00000 0.00000 0.00000 0.00000 0.00000 0.00000 0.00000 0.00000 0.00000 0.00000 0.00000 0.00000 0.00000 0.00000 0.00000 0.00000 0.00000 0.00000 0.00000 0.00000 0.00000 0.00000 0.00000 0.00000 0.00000 0.00000 0.00000 0.00000 0.00000 0.00000 0.00000 0.00000 0.00000 0.00000 0.00000 0.00000 0.00000 0.00000 0.00000 0.00000 0.00000 0.00000 0.00000 0.00000 0.00000 0.00000 0.00000 0.00000 0.00000 0.00000 0.00000 0.00000 0.00000 0.00000 0.00000 0.00000 0.00000 0.00000 0.00000 0.00000 0.00000 0.00000 0.00000 0.00000 0.00000 0.00000 0.00000 0.00000 0.00000 0.00000 0.00000 0.00000 0.00000
0.00000 0.00000 0.00000 0.00000 0.00000 0.00000 0.00000 0.00000 0.00000 0.00000 0.00000 0.00000 0.00000 0.00000 0.00000 0.00000 0.00000 0.00000 0.00000 0.00000 0.00000 0.00000 0.00000 0.00000 0.00000 0.00000 0.00000 0.00000 0.00000 0.00000 0.00000 0.00000 0.00000 0.00000 0.00000 0.00000 0.00000 0.00000 0.00000 0.00000 0.00000 0.00000 0.00000 0.00000 0.00000 0.00000 0.00000 0.00000 0.00000 0.00000 0.00000 0.00000 0.00000 0.00000 0.00000 0.00000 0.00000 0.00000 0.00000 0.00000 0.00000 0.00000 0.00000 0.00000 0.00000 0.00000 0.00000 0.00000 0.00000 0.00000 0.00000 0.00000 0.00000 0.00000 0.00000 0.00000 0.00000 0.00000 0.00000 0.00000 0.00000 0.00000 0.00000 0.00000 0.00000 0.00000 0.00000 0.00000 0.00000 0.00000 0.00000 0.00000 0.00000 0.00000 0.00000 0.00000 0.00000 0.00000 0.00000 0.00000 0.00000 0.00000 0.00000 0.00000 0.00000 0.00000 0.00000 0.00000 0.00000 0.00000 0.00000 0.00000 0.00000 0.00000 0.00000 0.00000 0.00000 0.00000 0.00000 0.00000 0.00000 0.00000 0.00000 0.00000 0.00000 0.00000 0.00000 0.00000 0.00000 0.00000 0.00000 0.00000 0.00000 0.00000 0.00000 0.00000 0.00000 0.00000 0.00000 0.00000 0.00000 0.00000 0.00000 0.00000 0.00000 0.00000 0.00000 0.00000 0.00000 0.00000 0.00000 0.00000 0.00000 0.00000 0.00000 0.00000 0.00000 0.00000 0.00000 0.00000 0.00000 0.00000 0.00000 0.00000 0.00000 0.00000 0.00000 0.00000 0.00000 0.00000 0.00000 0.00000 0.00000 0.00000 0.00000 0.00000 0.00000 0.00000 0.00000 0.00000 0.00000 0.00000 0.00000 0.00000 0.00000 0.00000 0.00000 0.00000 0.00000 0.00000 0.00000 0.00000 0.00000 0.00000 0.00000 0.00000 0.00000 0.00000 0.00000 0.00000 0.00000 0.00000 0.00000 0.00000 0.00000 0.00000 0.00000 0.00000 0.00000 0.00000 0.00000 0.00000 0.00000 0.00000 0.00000 0.00000 0.00000 0.00000 0.00000 0.00000 0.00000 0.00000 0.00000 0.00000 0.00000 0.00000 0.00000 0.00000 0.00000 0.00000 0.00000 0.00000 0.00000 0.00000 0.00000 0.00000 0.00000 0.00000 0.00000 0.00000 0.00000 0.00000 0.00000 0.00000 0.00000 0.00000 0.00000 0.00000 0.00000 0.00000 0.00000 0.00000 0.00000 0.00000 0.00000 0.00000 0.00000 0.00000 0.00000 0.00000 0.00000 0.00000 0.00000 0.00000 0.00000 0.00000 0.00000 0.00000 0.00000 0.00000 0.00000 0.00000 0.00000 0.00000 0.00000 0.00000 0.00000 0.00000 0.00000 0.00000
0.00000 0.00000 0.00000 0.00000 0.00000 0.00000 0.00000 0.00000 0.00000 0.00000 0.00000 0.00000 0.00000 0.00000 0.00000 0.00000 0.00000 0.00000 0.00000 0.00000 0.00000 0.00000 0.00000 0.00000 0.00000 0.00000 0.00000 0.00000 0.00000 0.00000 0.00000 0.00000 0.00000 0.00000 0.00000 0.00000 0.00000 0.00000 0.00000 0.00000 0.00000 0.00000 0.00000 0.00000 0.00000 0.00000 0.00000 0.00000 0.00000 0.00000 0.00000 0.00000 0.00000 0.00000 0.00000 0.00000 0.00000 0.00000 0.00000 0.00000 0.00000 0.00000 0.00000 0.00000 0.00000 0.00000 0.00000 0.00000 0.00000 0.00000 0.00000 0.00000 0.00000 0.00000 0.00000 0.00000 0.00000 0.00000 0.00000 0.00000 0.00000 0.00000 0.00000 0.00000 0.00000 0.00000 0.00000 0.00000 0.00000 0.00000 0.00000 0.00000 0.00000 0.00000 0.00000 0.00000 0.00000 0.00000 0.00000 0.00000 0.00000 0.00000 0.00000 0.00000 0.00000 0.00000 0.00000 0.00000 0.00000 0.00000 0.00000 0.00000 0.00000 0.00000 0.00000 0.00000 0.00000 0.00000 0.00000 0.00000 0.00000 0.00000 0.00000 0.00000 0.00000 0.00000 0.00000 0.00000 0.00000 0.00000 0.00000 0.00000 0.00000 0.00000 0.00000 0.00000 0.00000 0.00000 0.00000 0.00000 0.00000 0.00000 0.00000 0.00000 0.00000 0.00000 0.00000 0.00000 0.00000 0.00000 0.00000 0.00000 0.00000 0.00000 0.00000 0.00000 0.00000 0.00000 0.00000 0.00000 0.00000 0.00000 0.00000 0.00000 0.00000 0.00000 0.00000 0.00000 0.00000 0.00000 0.00000 0.00000 0.00000 0.00000 0.00000 0.00000 0.00000 0.00000 0.00000 0.00000 0.00000 0.00000 0.00000 0.00000 0.00000 0.00000 0.00000 0.00000 0.00000 0.00000 0.00000 0.00000 0.00000 0.00000 0.00000 0.00000 0.00000 0.00000 0.00000 0.00000 0.00000 0.00000 0.00000 0.00000 0.00000 0.00000 0.00000 0.00000 0.00000 0.00000 0.00000 0.00000 0.00000 0.00000 0.00000 0.00000 0.00000 0.00000 0.00000 0.00000 0.00000 0.00000 0.00000 0.00000 0.00000 0.00000 0.00000 0.00000 0.00000 0.00000 0.00000 0.00000 0.00000 0.00000 0.00000 0.00000 0.00000 0.00000 0.00000 0.00000 0.00000 0.00000 0.00000 0.00000 0.00000 0.00000 0.00000 0.00000 0.00000 0.00000 0.00000 0.00000 0.00000 0.00000 0.00000 0.00000 0.00000 0.00000 0.00000 0.00000 0.00000 0.00000 0.00000 0.00000 0.00000 0.00000 0.00000 0.00000 0.00000 0.00000 0.00000 0.00000 0.00000 0.00000 0.00000 0.00000 0.00000 0.00000 0.00000 0.00000
0.00000 0.00000 0.00000 0.00000 0.00000 0.00000 0.00000 0.00000 0.00000 0.00000 0.00000 0.00000 0.00000 0.00000 0.00000 0.00000 0.00000 0.00000 0.00000 0.00000 0.00000 0.00000 0.00000 0.00000 0.00000 0.00000 0.00000 0.00000 0.00000 0.00000 0.00000 0.00000 0.00000 0.00000 0.00000 0.00000 0.00000 0.00000 0.00000 0.00000 0.00000 0.00000 0.00000 0.00000 0.00000 0.00000 0.00000 0.00000 0.00000 0.00000 0.00000 0.00000 0.00000 0.00000 0.00000 0.00000 0.00000 0.00000 0.00000 0.00000 0.00000 0.00000 0.00000 0.00000 0.00000 0.00000 0.00000 0.00000 0.00000 0.00000 0.00000 0.00000 0.00000 0.00000 0.00000 0.00000 0.00000 0.00000 0.00000 0.00000 0.00000 0.00000 0.00000 0.00000 0.00000 0.00000 0.00000 0.00000 0.00000 0.00000 0.00000 0.00000 0.00000 0.00000 0.00000 0.00000 0.00000 0.00000 0.00000 0.00000 0.00000 0.00000 0.00000 0.00000 0.00000 0.00000 0.00000 0.00000 0.00000 0.00000 0.00000 0.00000 0.00000 0.00000 0.00000 0.00000 0.00000 0.00000 0.00000 0.00000 0.00000 0.00000 0.00000 0.00000 0.00000 0.00000 0.00000 0.00000 0.00000 0.00000 0.00000 0.00000 0.00000 0.00000 0.00000 0.00000 0.00000 0.00000 0.00000 0.00000 0.00000 0.00000 0.00000 0.00000 0.00000 0.00000 0.00000 0.00000 0.00000 0.00000 0.00000 0.00000 0.00000 0.00000 0.00000 0.00000 0.00000 0.00000 0.00000 0.00000 0.00000 0.00000 0.00000 0.00000 0.00000 0.00000 0.00000 0.00000 0.00000 0.00000 0.00000 0.00000 0.00000 0.00000 0.00000 0.00000 0.00000 0.00000 0.00000 0.00000 0.00000 0.00000 0.00000 0.00000 0.00000 0.00000 0.00000 0.00000 0.00000 0.00000 0.00000 0.00000 0.00000 0.00000 0.00000 0.00000 0.00000 0.00000 0.00000 0.00000 0.00000 0.00000 0.00000 0.00000 0.00000 0.00000 0.00000 0.00000 0.00000 0.00000 0.00000 0.00000 0.00000 0.00000 0.00000 0.00000 0.00000 0.00000 0.00000 0.00000 0.00000 0.00000 0.00000 0.00000 0.00000 0.00000 0.00000 0.00000 0.00000 0.00000 0.00000 0.00000 0.00000 0.00000 0.00000 0.00000 0.00000 0.00000 0.00000 0.00000 0.00000 0.00000 0.00000 0.00000 0.00000 0.00000 0.00000 0.00000 0.00000 0.00000 0.00000 0.00000 0.00000 0.00000 0.00000 0.00000 0.00000 0.00000 0.00000 0.00000 0.00000 0.00000 0.00000 0.00000 0.00000 0.00000 0.00000 0.00000 0.00000 0.00000 0.00000 0.00000 0.00000 0.00000 0.00000 0.00000 0.00000 0.00000 0.00000 0.00000
0.00000 0.00000 0.00000 0.00000 0.00000 0.00000 0.00000 0.00000 0.00000 0.00000 0.00000 0.00000 0.00000 0.00000 0.00000 0.00000 0.00000 0.00000 0.00000 0.00000 0.00000 0.00000 0.00000 0.00000 0.00000 0.00000 0.00000 0.00000 0.00000 0.00000 0.00000 0.00000 0.00000 0.00000 0.00000 0.00000 0.00000 0.00000 0.00000 0.00000 0.00000 0.00000 0.00000 0.00000 0.00000 0.00000 0.00000 0.00000 0.00000 0.00000 0.00000 0.00000 0.00000 0.00000 0.00000 0.00000 0.00000 0.00000 0.00000 0.00000 0.00000 0.00000 0.00000 0.00000 0.00000 0.00000 0.00000 0.00000 0.00000 0.00000 0.00000 0.00000 0.00000 0.00000 0.00000 0.00000 0.00000 0.00000 0.00000 0.00000 0.00000 0.00000 0.00000 0.00000 0.00000 0.00000 0.00000 0.00000 0.00000 0.00000 0.00000 0.00000 0.00000 0.00000 0.00000 0.00000 0.00000 0.00000 0.00000 0.00000 0.00000 0.00000 0.00000 0.00000 0.00000 0.00000 0.00000 0.00000 0.00000 0.00000 0.00000 0.00000 0.00000 0.00000 0.00000 0.00000 0.00000 0.00000 0.00000 0.00000 0.00000 0.00000 0.00000 0.00000 0.00000 0.00000 0.00000 0.00000 0.00000 0.00000 0.00000 0.00000 0.00000 0.00000 0.00000 0.00000 0.00000 0.00000 0.00000 0.00000 0.00000 0.00000 0.00000 0.00000 0.00000 0.00000 0.00000 0.00000 0.00000 0.00000 0.00000 0.00000 0.00000 0.00000 0.00000 0.00000 0.00000 0.00000 0.00000 0.00000 0.00000 0.00000 0.00000 0.00000 0.00000 0.00000 0.00000 0.00000 0.00000 0.00000 0.00000 0.00000 0.00000 0.00000 0.00000 0.00000 0.00000 0.00000 0.00000 0.00000 0.00000 0.00000 0.00000 0.00000 0.00000 0.00000 0.00000 0.00000 0.00000 0.00000 0.00000 0.00000 0.00000 0.00000 0.00000 0.00000 0.00000 0.00000 0.00000 0.00000 0.00000 0.00000 0.00000 0.00000 0.00000 0.00000 0.00000 0.00000 0.00000 0.00000 0.00000 0.00000 0.00000 0.00000 0.00000 0.00000 0.00000 0.00000 0.00000 0.00000 0.00000 0.00000 0.00000 0.00000 0.00000 0.00000 0.00000 0.00000 0.00000 0.00000 0.00000 0.00000 0.00000 0.00000 0.00000 0.00000 0.00000 0.00000 0.00000 0.00000 0.00000 0.00000 0.00000 0.00000 0.00000 0.00000 0.00000 0.00000 0.00000 0.00000 0.00000 0.00000 0.00000 0.00000 0.00000 0.00000 0.00000 0.00000 0.00000 0.00000 0.00000 0.00000 0.00000 0.00000 0.00000 0.00000 0.00000 0.00000 0.00000 0.00000 0.00000 0.00000 0.00000 0.00000 0.00000 0.00000 0.00000 0.00000 0.00000 0.00000
