0.00000 0.00000 0.00000 0.00000 0.00000 0.00000 0.00000 0.00000 0.00000 0.00000 0.00000 0.00000 0.00000 0.00000 0.00000 0.00000 0.00000 0.00000 0.00000 0.00000 0.00000 0.00000 0.00000 0.00000 0.00000 0.00000 0.00000 0.00000 0.00000 0.00000 0.00000 0.00000 0.00000 0.00000 0.00000 0.00000 0.00000 0.00000 0.00000 0.00000 0.00000 0.00000 0.00000 0.00000 0.00000 0.00000 0.00000 0.00000 0.00000 0.00000 0.00000 0.00000 0.00000 0.00000 0.00000 0.00000 0.00000 0.00000 0.00000 0.00000 0.00000 0.00000 0.00000 0.00000 0.00000 0.00000 0.00000 0.00000 0.00000 0.00000 0.00000 0.00000 0.00000 0.00000 0.00000 0.00000 0.00000 0.00000 0.00000 0.00000 0.00000 0.00000 0.00000 0.00000 0.00000 0.00000 0.00000 0.00000 0.00000 0.00000 0.00000 0.00000 0.00000 0.00000 0.00000 0.00000 0.00000 0.00000 0.00000 0.00000 0.00000 0.00000 0.00000 0.00000 0.00000 0.00000 0.00000 0.00000 0.00000 0.00000 0.00000 0.00000 0.00000 0.00000 0.00000 0.00000 0.00000 0.00000 0.00000 0.00000 0.00000 0.00000 0.00000 0.00000 0.00000 0.00000 0.00000 0.00000 0.00000 0.00000 0.00000 0.00000 0.00000 0.00000 0.00000 0.00000 0.00000 0.00000 0.00000 0.00000 0.00000 0.00000 0.00000 0.00000 0.00000 0.00000 0.00000 0.00000 0.00000 0.00000 0.00000 0.00000 0.00000 0.00000 0.00000 0.00000 0.00000 0.00000 0.00000 0.00000 0.00000 0.00000 0.00000 0.00000 0.00000 0.00000 0.00000 0.00000 0.00000 0.00000 0.00000 0.00000 0.00000 0.00000 0.00000 0.00000 0.00000 0.00000 0.00000 0.00000 0.00000 0.00000 0.00000 0.00000 0.00000 0.00000 0.00000 0.00000 0.00000 0.00000 0.00000 0.00000 0.00000 0.00000 0.00000 0.00000 0.00000 0.00000 0.00000 0.00000 0.00000 0.00000 0.00000 0.00000 0.00000 0.00000 0.00000 0.00000 0.00000 0.00000 0.00000 0.00000 0.00000 0.00000 0.00000 0.00000 0.00000 0.00000 0.00000 0.00000 0.00000 0.00000 0.00000 0.00000 0.00000 0.00000 0.00000 0.00000 0.00000 0.00000 0.00000 0.00000 0.00000 0.00000 0.00000 0.00000 0.00000 0.00000 0.00000 0.00000 0.00000 0.00000 0.00000 0.00000 0.00000 0.00000 0.00000 0.00000 0.00000 0.00000 0.00000 0.00000 0.00000 0.00000 0.00000 0.00000 0.00000 0.00000 0.00000 0.00000 0.00000 0.00000 0.00000 0.00000 0.00000 0.00000 0.00000 0.00000 0.00000 0.00000 0.00000 0.00000 0.00000 0.00000 0.00000 0.00000 0.00000 0.00000 0.00000 0.00000 0.00000 0.00000 0.00000 0.00000 0.00000 0.00000 0.00000 0.00000 0.00000 0.00000 0.00000 0.00000 0.00000 0.00000 0.00000 0.00000 0.00000 0.00000 0.00000 0.00000 0.00000 0.00000 0.00000 0.00000 0.00000 0.00000 0.00000 0.00000 0.00000 0.00000 0.00000 0.00000 0.00000 0.00000 0.00000 0.00000 0.00000 0.00000 0.00000 0.00000 0.00000 0.00000 0.00000 0.00000 0.00000 0.00000 0.00000 0.00000 0.00000 0.00000 0.00000 0.00000 0.00000 0.00000 0.00000 0.00000 0.00000 0.00000 0.00000 0.00000 0.00000 0.00000 0.00000 0.00000 0.00000 0.00000 0.00000 0.00000 0.00000 0.00000
0.00000 0.00000 0.00000 0.00000 0.00000 0.00000 0.00000 0.00000 0.00000 0.00000 0.00000 0.00000 0.00000 0.00000 0.00000 0.00000 0.00000 0.00000 0.00000 0.00000 0.00000 0.00000 0.00000 0.00000 0.00000 0.00000 0.00000 0.00000 0.00000 0.00000 0.00000 0.00000 0.00000 0.00000 0.00000 0.00000 0.00000 0.00000 0.00000 0.00000 0.00000 0.00000 0.00000 0.00000 0.00000 0.00000 0.00000 0.00000 0.00000 0.00000 0.00000 0.00000 0.00000 0.00000 0.00000 0.00000 0.00000 0.00000 0.00000 0.00000 0.00000 0.00000 0.00000 0.00000 0.00000 0.00000 0.00000 0.00000 0.00000 0.00000 0.00000 0.00000 0.00000 0.00000 0.00000 0.00000 0.00000 0.00000 0.00000 0.00000 0.00000 0.00000 0.00000 0.00000 0.00000 0.00000 0.00000 0.00000 0.00000 0.00000 0.00000 0.00000 0.00000 0.00000 0.00000 0.00000 0.00000 0.00000 0.00000 0.00000 0.00000 0.00000 0.00000 0.00000 0.00000 0.00000 0.00000 0.00000 0.00000 0.00000 0.00000 0.00000 0.00000 0.00000 0.00000 0.00000 0.00000 0.00000 0.00000 0.00000 0.00000 0.00000 0.00000 0.00000 0.00000 0.00000 0.00000 0.00000 0.00000 0.00000 0.00000 0.00000 0.00000 0.00000 0.00000 0.00000 0.00000 0.00000 0.00000 0.00000 0.00000 0.00000 0.00000 0.00000 0.00000 0.00000 0.00000 0.00000 0.00000 0.00000 0.00000 0.00000 0.00000 0.00000 0.00000 0.00000 0.00000 0.00000 0.00000 0.00000 0.00000 0.00000 0.00000 0.00000 0.00000 0.00000 0.00000 0.00000 0.00000 0.00000 0.00000 0.00000 0.00000 0.00000 0.00000 0.00000 0.00000 0.00000 0.00000 0.00000 0.00000 0.00000 0.00000 0.00000 0.00000 0.00000 0.00000 0.00000 0.00000 0.00000 0.00000 0.00000 0.00000 0.00000 0.00000 0.00000 0.00000 0.00000 0.00000 0.00000 0.00000 0.00000 0.00000 0.00000 0.00000 0.00000 0.00000 0.00000 0.00000 0.00000 0.00000 0.00000 0.00000 0.00000 0.00000 0.00000 0.00000 0.00000 0.00000 0.00000 0.00000 0.00000 0.00000 0.00000 0.00000 0.00000 0.00000 0.00000 0.00000 0.00000 0.00000 0.00000 0.00000 0.00000 0.00000 0.00000 0.00000 0.00000 0.00000 0.00000 0.00000 0.00000 0.00000 0.00000 0.00000 0.00000 0.00000 0.00000 0.00000 0.00000 0.00000 0.00000 0.00000 0.00000 0.00000 0.00000 0.00000 0.00000 0.00000 0.00000 0.00000 0.00000 0.00000 0.00000 0.00000 0.00000 0.00000 0.00000 0.00000 0.00000 0.00000 0.00000 0.00000 0.00000 0.00000 0.00000 0.00000 0.00000 0.00000 0.00000 0.00000 0.00000 0.00000 0.00000 0.00000 0.00000 0.00000 0.00000 0.00000 0.00000 0.00000 0.00000 0.00000 0.00000 0.00000 0.00000 0.00000 0.00000 0.00000 0.00000 0.00000 0.00000 0.00000 0.00000 0.00000 0.00000 0.00000 0.00000 0.00000 0.00000 0.00000 0.00000 0.00000 0.00000 0.00000 0.00000 0.00000 0.00000 0.00000 0.00000 0.00000 0.00000 0.00000 0.00000 0.00000 0.00000 0.00000 0.00000 0.00000 0.00000 0.00000 0.00000 0.00000 0.00000 0.00000 0.00000 0.00000 0.00000 0.00000 0.00000 0.00000 0.00000 0.00000 0.00000 0.00000 0.00000 0.00000 0.00000 0.00000 0.00000
0.00000 0.00000 0.00000 0.00000 0.00000 0.00000 0.00000 0.00000 0.00000 0.00000 0.00000 0.00000 0.00000 0.00000 0.00000 0.00000 0.00000 0.00000 0.00000 0.00000 0.00000 0.00000 0.00000 0.00000 0.00000 0.00000 0.00000 0.00000 0.00000 0.00000 0.00000 0.00000 0.00000 0.00000 0.00000 0.00000 0.00000 0.00000 0.00000 0.00000 0.00000 0.00000 0.00000 0.00000 0.00000 0.00000 0.00000 0.00000 0.00000 0.00000 0.00000 0.00000 0.00000 0.00000 0.00000 0.00000 0.00000 0.00000 0.00000 0.00000 0.00000 0.00000 0.00000 0.00000 0.00000 0.00000 0.00000 0.00000 0.00000 0.00000 0.00000 0.00000 0.00000 0.00000 0.00000 0.00000 0.00000 0.00000 0.00000 0.00000 0.00000 0.00000 0.00000 0.00000 0.00000 0.00000 0.00000 0.00000 0.00000 0.00000 0.00000 0.00000 0.00000 0.00000 0.00000 0.00000 0.00000 0.00000 0.00000 0.00000 0.00000 0.00000 0.00000 0.00000 0.00000 0.00000 0.00000 0.00000 0.00000 0.00000 0.00000 0.00000 0.00000 0.00000 0.00000 0.00000 0.00000 0.00000 0.00000 0.00000 0.00000 0.00000 0.00000 0.00000 0.00000 0.00000 0.00000 0.00000 0.00000 0.00000 0.00000 0.00000 0.00000 0.00000 0.00000 0.00000 0.00000 0.00000 0.00000 0.00000 0.00000 0.00000 0.00000 0.00000 0.00000 0.00000 0.00000 0.00000 0.00000 0.00000 0.00000 0.00000 0.00000 0.00000 0.00000 0.00000 0.00000 0.00000 0.00000 0.00000 0.00000 0.00000 0.00000 0.00000 0.00000 0.00000 0.00000 0.00000 0.00000 0.00000 0.00000 0.00000 0.00000 0.00000 0.00000 0.00000 0.00000 0.00000 0.00000 0.00000 0.00000 0.00000 0.00000 0.00000 0.00000 0.00000 0.00000 0.00000 0.00000 0.00000 0.00000 0.00000 0.00000 0.00000 0.00000 0.00000 0.00000 0.00000 0.00000 0.00000 0.00000 0.00000 0.00000 0.00000 0.00000 0.00000 0.00000 0.00000 0.00000 0.00000 0.00000 0.00000 0.00000 0.00000 0.00000 0.00000 0.00000 0.00000 0.00000 0.00000 0.00000 0.00000 0.00000 0.00000 0.00000 0.00000 0.00000 0.00000 0.00000 0.00000 0.00000 0.00000 0.00000 0.00000 0.00000 0.00000 0.00000 0.00000 0.00000 0.00000 0.00000 0.00000 0.00000 0.00000 0.00000 0.00000 0.00000 0.00000 0.00000 0.00000 0.00000 0.00000 0.00000 0.00000 0.00000 0.00000 0.00000 0.00000 0.00000 0.00000 0.00000 0.00000 0.00000 0.00000 0.00000 0.00000 0.00000 0.00000 0.00000 0.00000 0.00000 0.00000 0.00000 0.00000 0.00000 0.00000 0.00000 0.00000 0.00000 0.00000 0.00000 0.00000 0.00000 0.00000 0.00000 0.00000 0.00000 0.00000 0.00000 0.00000 0.00000 0.00000 0.00000 0.00000 0.00000 0.00000 0.00000 0.00000 0.00000 0.00000 0.00000 0.00000 0.00000 0.00000 0.00000 0.00000 0.00000 0.00000 0.00000 0.00000 0.00000 0.00000 0.00000 0.00000 0.00000 0.00000 0.00000 0.00000 0.00000 0.00000 0.00000 0.00000 0.00000 0.00000 0.00000 0.00000 0.00000 0.00000 0.00000 0.00000 0.00000 0.00000 0.00000 0.00000 0.00000 0.00000 0.00000 0.00000 0.00000 0.00000 0.00000 0.00000 0.00000 0.00000 0.00000 0.00000 0.00000 0.00000 0.00000 0.00000
0.00000 0.00000 0.00000 0.00000 0.00000 0.00000 0.00000 0.00000 0.00000 0.00000 0.00000 0.00000 0.00000 0.00000 0.00000 0.00000 0.00000 0.00000 0.00000 0.00000 0.00000 0.00000 0.00000 0.00000 0.00000 0.00000 0.00000 0.00000 0.00000 0.00000 0.00000 0.00000 0.00000 0.00000 0.00000 0.00000 0.00000 0.00000 0.00000 0.00000 0.00000 0.00000 0.00000 0.00000 0.00000 0.00000 0.00000 0.00000 0.00000 0.00000 0.00000 0.00000 0.00000 0.00000 0.00000 0.00000 0.00000 0.00000 0.00000 0.00000 0.00000 0.00000 0.00000 0.00000 0.00000 0.00000 0.00000 0.00000 0.00000 0.00000 0.00000 0.00000 0.00000 0.00000 0.00000 0.00000 0.00000 0.00000 0.00000 0.00000 0.00000 0.00000 0.00000 0.00000 0.00000 0.00000 0.00000 0.00000 0.00000 0.00000 0.00000 0.00000 0.00000 0.00000 0.00000 0.00000 0.00000 0.00000 0.00000 0.00000 0.00000 0.00000 0.00000 0.00000 0.00000 0.00000 0.00000 0.00000 0.00000 0.00000 0.00000 0.00000 0.00000 0.00000 0.00000 0.00000 0.00000 0.00000 0.00000 0.00000 0.00000 0.00000 0.00000 0.00000 0.00000 0.00000 0.00000 0.00000 0.00000 0.00000 0.00000 0.00000 0.00000 0.00000 0.00000 0.00000 0.00000 0.00000 0.00000 0.00000 0.00000 0.00000 0.00000 0.00000 0.00000 0.00000 0.00000 0.00000 0.00000 0.00000 0.00000 0.00000 0.00000 0.00000 0.00000 0.00000 0.00000 0.00000 0.00000 0.00000 0.00000 0.00000 0.00000 0.00000 0.00000 0.00000 0.00000 0.00000 0.00000 0.00000 0.00000 0.00000 0.00000 0.00000 0.00000 0.00000 0.00000 0.00000 0.00000 0.00000 0.00000 0.00000 0.00000 0.00000 0.00000 0.00000 0.00000 0.00000 0.00000 0.00000 0.00000 0.00000 0.00000 0.00000 0.00000 0.00000 0.00000 0.00000 0.00000 0.00000 0.00000 0.00000 0.00000 0.00000 0.00000 0.00000 0.00000 0.00000 0.00000 0.00000 0.00000 0.00000 0.00000 0.00000 0.00000 0.00000 0.00000 0.00000 0.00000 0.00000 0.00000 0.00000 0.00000 0.00000 0.00000 0.00000 0.00000 0.00000 0.00000 0.00000 0.00000 0.00000 0.00000 0.00000 0.00000 0.00000 0.00000 0.00000 0.00000 0.00000 0.00000 0.00000 0.00000 0.00000 0.00000 0.00000 0.00000 0.00000 0.00000 0.00000 0.00000 0.00000 0.00000 0.00000 0.00000 0.00000 0.00000 0.00000 0.00000 0.00000 0.00000 0.00000 0.00000 0.00000 0.00000 0.00000 0.00000 0.00000 0.00000 0.00000 0.00000 0.00000 0.00000 0.00000 0.00000 0.00000 0.00000 0.00000 0.00000 0.00000 0.00000 0.00000 0.00000 0.00000 0.00000 0.00000 0.00000 0.00000 0.00000 0.00000 0.00000 0.00000 0.00000 0.00000 0.00000 0.00000 0.00000 0.00000 0.00000 0.00000 0.00000 0.00000 0.00000 0.00000 0.00000 0.00000 0.00000 0.00000 0.00000 0.00000 0.00000 0.00000 0.00000 0.00000 0.00000 0.00000 0.00000 0.00000 0.00000 0.00000 0.00000 0.00000 0.00000 0.00000 0.00000 0.00000 0.00000 0.00000 0.00000 0.00000 0.00000 0.00000 0.00000 0.00000 0.00000 0.00000 0.00000 0.00000 0.00000 0.00000 0.00000 0.00000 0.00000 0.00000 0.00000 0.00000 0.00000 0.00000 0.00000 0.00000
0.00000 0.00000 0.00000 0.00000 0.00000 0.00000 0.00000 0.00000 0.00000 0.00000 0.00000 0.00000 0.00000 0.00000 0.00000 0.00000 0.00000 0.00000 0.00000 0.00000 0.00000 0.00000 0.00000 0.00000 0.00000 0.00000 0.00000 0.00000 0.00000 0.00000 0.00000 0.00000 0.00000 0.00000 0.00000 0.00000 0.00000 0.00000 0.00000 0.00000 0.00000 0.00000 0.00000 0.00000 0.00000 0.00000 0.00000 0.00000 0.00000 0.00000 0.00000 0.00000 0.00000 0.00000 0.00000 0.00000 0.00000 0.00000 0.00000 0.00000 0.00000 0.00000 0.00000 0.00000 0.00000 0.00000 0.00000 0.00000 0.00000 0.00000 0.00000 0.00000 0.00000 0.00000 0.00000 0.00000 0.00000 0.00000 0.00000 0.00000 0.00000 0.00000 0.00000 0.00000 0.00000 0.00000 0.00000 0.00000 0.00000 0.00000 0.00000 0.00000 0.00000 0.00000 0.00000 0.00000 0.00000 0.00000 0.00000 0.00000 0.00000 0.00000 0.00000 0.00000 0.00000 0.00000 0.00000 0.00000 0.00000 0.00000 0.00000 0.00000 0.00000 0.00000 0.00000 0.00000 0.00000 0.00000 0.00000 0.00000 0.00000 0.00000 0.00000 0.00000 0.00000 0.00000 0.00000 0.00000 0.00000 0.00000 0.00000 0.00000 0.00000 0.00000 0.00000 0.00000 0.00000 0.00000 0.00000 0.00000 0.00000 0.00000 0.00000 0.00000 0.00000 0.00000 0.00000 0.00000 0.00000 0.00000 0.00000 0.00000 0.00000 0.00000 0.00000 0.00000 0.00000 0.00000 0.00000 0.00000 0.00000 0.00000 0.00000 0.00000 0.00000 0.00000 0.00000 0.00000 0.00000 0.00000 0.00000 0.00000 0.00000 0.00000 0.00000 0.00000 0.00000 0.00000 0.00000 0.00000 0.00000 0.00000 0.00000 0.00000 0.00000 0.00000 0.00000 0.00000 0.00000 0.00000 0.00000 0.00000 0.00000 0.00000 0.00000 0.00000 0.00000 0.00000 0.00000 0.00000 0.00000 0.00000 0.00000 0.00000 0.00000 0.00000 0.00000 0.00000 0.00000 0.00000 0.00000 0.00000 0.00000 0.00000 0.00000 0.00000 0.00000 0.00000 0.00000 0.00000 0.00000 0.00000 0.00000 0.00000 0.00000 0.00000 0.00000 0.00000 0.00000 0.00000 0.00000 0.00000 0.00000 0.00000 0.00000 0.00000 0.00000 0.00000 0.00000 0.00000 0.00000 0.00000 0.00000 0.00000 0.00000 0.00000 0.00000 0.00000 0.00000 0.00000 0.00000 0.00000 0.00000 0.00000 0.00000 0.00000 0.00000 0.00000 0.00000 0.00000 0.00000 0.00000 0.00000 0.00000 0.00000 0.00000 0.00000 0.00000 0.00000 0.00000 0.00000 0.00000 0.00000 0.00000 0.00000 0.00000 0.00000 0.00000 0.00000 0.00000 0.00000 0.00000 0.00000 0.00000 0.00000 0.00000 0.00000 0.00000 0.00000 0.00000 0.00000 0.00000 0.00000 0.00000 0.00000 0.00000 0.00000 0.00000 0.00000 0.00000 0.00000 0.00000 0.00000 0.00000 0.00000 0.00000 0.00000 0.00000 0.00000 0.00000 0.00000 0.00000 0.00000 0.00000 0.00000 0.00000 0.00000 0.00000 0.00000 0.00000 0.00000 0.00000 0.00000 0.00000 0.00000 0.00000 0.00000 0.00000 0.00000 0.00000 0.00000 0.00000 0.00000 0.00000 0.00000 0.00000 0.00000 0.00000 0.00000 0.00000 0.00000 0.00000 0.00000 0.00000 0.00000 0.00000 0.00000 0.00000 0.00000 0.00000
0.00000 0.00000 0.00000 0.00000 0.00000 0.00000 0.00000 0.00000 0.00000 0.00000 0.00000 0.00000 0.00000 0.00000 0.00000 0.00000 0.00000 0.00000 0.00000 0.00000 0.00000 0.00000 0.00000 0.00000 0.00000 0.00000 0.00000 0.00000 0.00000 0.00000 0.00000 0.00000 0.00000 0.00000 0.00000 0.00000 0.00000 0.00000 0.00000 0.00000 0.00000 0.00000 0.00000 0.00000 0.00000 0.00000 0.00000 0.00000 0.00000 0.00000 0.00000 0.00000 0.00000 0.00000 0.00000 0.00000 0.00000 0.00000 0.00000 0.00000 0.00000 0.00000 0.00000 0.00000 0.00000 0.00000 0.00000 0.00000 0.00000 0.00000 0.00000 0.00000 0.00000 0.00000 0.00000 0.00000 0.00000 0.00000 0.00000 0.00000 0.00000 0.00000 0.00000 0.00000 0.00000 0.00000 0.00000 0.00000 0.00000 0.00000 0.00000 0.00000 0.00000 0.00000 0.00000 0.00000 0.00000 0.00000 0.00000 0.00000 0.00000 0.00000 0.00000 0.00000 0.00000 0.00000 0.00000 0.00000 0.00000 0.00000 0.00000 0.00000 0.00000 0.00000 0.00000 0.00000 0.00000 0.00000 0.00000 0.00000 0.00000 0.00000 0.00000 0.00000 0.00000 0.00000 0.00000 0.00000 0.00000 0.00000 0.00000 0.00000 0.00000 0.00000 0.00000 0.00000 0.00000 0.00000 0.00000 0.00000 0.00000 0.00000 0.00000 0.00000 0.00000 0.00000 0.00000 0.00000 0.00000 0.00000 0.00000 0.00000 0.00000 0.00000 0.00000 0.00000 0.00000 0.00000 0.00000 0.00000 0.00000 0.00000 0.00000 0.00000 0.00000 0.00000 0.00000 0.00000 0.00000 0.00000 0.00000 0.00000 0.00000 0.00000 0.00000 0.00000 0.00000 0.00000 0.00000 0.00000 0.00000 0.00000 0.00000 0.00000 0.00000 0.00000 0.00000 0.00000 0.00000 0.00000 0.00000 0.00000 0.00000 0.00000 0.00000 0.00000 0.00000 0.00000 0.00000 0.00000 0.00000 0.00000 0.00000 0.00000 0.00000 0.00000 0.00000 0.00000 0.00000 0.00000 0.00000 0.00000 0.00000 0.00000 0.00000 0.00000 0.00000 0.00000 0.00000 0.00000 0.00000 0.00000 0.00000 0.00000 0.00000 0.00000 0.00000 0.00000 0.00000 0.00000 0.00000 0.00000 0.00000 0.00000 0.00000 0.00000 0.00000 0.00000 0.00000 0.00000 0.00000 0.00000 0.00000 0.00000 0.00000 0.00000 0.00000 0.00000 0.00000 0.00000 0.00000 0.00000 0.00000 0.00000 0.00000 0.00000 0.00000 0.00000 0.00000 0.00000 0.00000 0.00000 0.00000 0.00000 0.00000 0.00000 0.00000 0.00000 0.00000 0.00000 0.00000 0.00000 0.00000 0.00000 0.00000 0.00000 0.00000 0.00000 0.00000 0.00000 0.00000 0.00000 0.00000 0.00000 0.00000 0.00000 0.00000 0.00000 0.00000 0.00000 0.00000 0.00000 0.00000 0.00000 0.00000 0.00000 0.00000 0.00000 0.00000 0.00000 0.00000 0.00000 0.00000 0.00000 0.00000 0.00000 0.00000 0.00000 0.00000 0.00000 0.00000 0.00000 0.00000 0.00000 0.00000 0.00000 0.00000 0.00000 0.00000 0.00000 0.00000 0.00000 0.00000 0.00000 0.00000 0.00000 0.00000 0.00000 0.00000 0.00000 0.00000 0.00000 0.00000 0.00000 0.00000 0.00000 0.00000 0.00000 0.00000 0.00000 0.00000 0.00000 0.00000 0.00000 0.00000 0.00000 0.00000 0.00000 0.00000 0.00000
0.00000 0.00000 0.00000 0.00000 0.00000 0.00000 0.00000 0.00000 0.00000 0.00000 0.00000 0.00000 0.00000 0.00000 0.00000 0.00000 0.00000 0.00000 0.00000 0.00000 0.00000 0.00000 0.00000 0.00000 0.00000 0.00000 0.00000 0.00000 0.00000 0.00000 0.00000 0.00000 0.00000 0.00000 0.00000 0.00000 0.00000 0.00000 0.00000 0.00000 0.00000 0.00000 0.00000 0.00000 0.00000 0.00000 0.00000 0.00000 0.00000 0.00000 0.00000 0.00000 0.00000 0.00000 0.00000 0.00000 0.00000 0.00000 0.00000 0.00000 0.00000 0.00000 0.00000 0.00000 0.00000 0.00000 0.00000 0.00000 0.00000 0.00000 0.00000 0.00000 0.00000 0.00000 0.00000 0.00000 0.00000 0.00000 0.00000 0.00000 0.00000 0.00000 0.00000 0.00000 0.00000 0.00000 0.00000 0.00000 0.00000 0.00000 0.00000 0.00000 0.00000 0.00000 0.00000 0.00000 0.00000 0.00000 0.00000 0.00000 0.00000 0.00000 0.00000 0.00000 0.00000 0.00000 0.00000 0.00000 0.00000 0.00000 0.00000 0.00000 0.00000 0.00000 0.00000 0.00000 0.00000 0.00000 0.00000 0.00000 0.00000 0.00000 0.00000 0.00000 0.00000 0.00000 0.00000 0.00000 0.00000 0.00000 0.00000 0.00000 0.00000 0.00000 0.00000 0.00000 0.00000 0.00000 0.00000 0.00000 0.00000 0.00000 0.00000 0.00000 0.00000 0.00000 0.00000 0.00000 0.00000 0.00000 0.00000 0.00000 0.00000 0.00000 0.00000 0.00000 0.00000 0.00000 0.00000 0.00000 0.00000 0.00000 0.00000 0.00000 0.00000 0.00000 0.00000 0.00000 0.00000 0.00000 0.00000 0.00000 0.00000 0.00000 0.00000 0.00000 0.00000 0.00000 0.00000 0.00000 0.00000 0.00000 0.00000 0.00000 0.00000 0.00000 0.00000 0.00000 0.00000 0.00000 0.00000 0.00000 0.00000 0.00000 0.00000 0.00000 0.00000 0.00000 0.00000 0.00000 0.00000 0.00000 0.00000 0.00000 0.00000 0.00000 0.00000 0.00000 0.00000 0.00000 0.00000 0.00000 0.00000 0.00000 0.00000 0.00000 0.00000 0.00000 0.00000 0.00000 0.00000 0.00000 0.00000 0.00000 0.00000 0.00000 0.00000 0.00000 0.00000 0.00000 0.00000 0.00000 0.00000 0.00000 0.00000 0.00000 0.00000 0.00000 0.00000 0.00000 0.00000 0.00000 0.00000 0.00000 0.00000 0.00000 0.00000 0.00000 0.00000 0.00000 0.00000 0.00000 0.00000 0.00000 0.00000 0.00000 0.00000 0.00000 0.00000 0.00000 0.00000 0.00000 0.00000 0.00000 0.00000 0.00000 0.00000 0.00000 0.00000 0.00000 0.00000 0.00000 0.00000 0.00000 0.00000 0.00000 0.00000 0.00000 0.00000 0.00000 0.00000 0.00000 0.00000 0.00000 0.00000 0.00000 0.00000 0.00000 0.00000 0.00000 0.00000 0.00000 0.00000 0.00000 0.00000 0.00000 0.00000 0.00000 0.00000 0.00000 0.00000 0.00000 0.00000 0.00000 0.00000 0.00000 0.00000 0.00000 0.00000 0.00000 0.00000 0.00000 0.00000 0.00000 0.00000 0.00000 0.00000 0.00000 0.00000 0.00000 0.00000 0.00000 0.00000 0.00000 0.00000 0.00000 0.00000 0.00000 0.00000 0.00000 0.00000 0.00000 0.00000 0.00000 0.00000 0.00000 0.00000 0.00000 0.00000 0.00000 0.00000 0.00000 0.00000 0.00000 0.00000 0.00000 0.00000 0.00000 0.00000 0.00000
0.00000 0.00000 0.00000 0.00000 0.00000 0.00000 0.00000 0.00000 0.00000 0.00000 0.00000 0.00000 0.00000 0.00000 0.00000 0.00000 0.00000 0.00000 0.00000 0.00000 0.00000 0.00000 0.00000 0.00000 0.00000 0.00000 0.00000 0.00000 0.00000 0.00000 0.00000 0.00000 0.00000 0.00000 0.00000 0.00000 0.00000 0.00000 0.00000 0.00000 0.00000 0.00000 0.00000 0.00000 0.00000 0.00000 0.00000 0.00000 0.00000 0.00000 0.00000 0.00000 0.00000 0.00000 0.00000 0.00000 0.00000 0.00000 0.00000 0.00000 0.00000 0.00000 0.00000 0.00000 0.00000 0.00000 0.00000 0.00000 0.00000 0.00000 0.00000 0.00000 0.00000 0.00000 0.00000 0.00000 0.00000 0.00000 0.00000 0.00000 0.00000 0.00000 0.00000 0.00000 0.00000 0.00000 0.00000 0.00000 0.00000 0.00000 0.00000 0.00000 0.00000 0.00000 0.00000 0.00000 0.00000 0.00000 0.00000 0.00000 0.00000 0.00000 0.00000 0.00000 0.00000 0.00000 0.00000 0.00000 0.00000 0.00000 0.00000 0.00000 0.00000 0.00000 0.00000 0.00000 0.00000 0.00000 0.00000 0.00000 0.00000 0.00000 0.00000 0.00000 0.00000 0.00000 0.00000 0.00000 0.00000 0.00000 0.00000 0.00000 0.00000 0.00000 0.00000 0.00000 0.00000 0.00000 0.00000 0.00000 0.00000 0.00000 0.00000 0.00000 0.00000 0.00000 0.00000 0.00000 0.00000 0.00000 0.00000 0.00000 0.00000 0.00000 0.00000 0.00000 0.00000 0.00000 0.00000 0.00000 0.00000 0.00000 0.00000 0.00000 0.00000 0.00000 0.00000 0.00000 0.00000 0.00000 0.00000 0.00000 0.00000 0.00000 0.00000 0.00000 0.00000 0.00000 0.00000 0.00000 0.00000 0.00000 0.00000 0.00000 0.00000 0.00000 0.00000 0.00000 0.00000 0.00000 0.00000 0.00000 0.00000 0.00000 0.00000 0.00000 0.00000 0.00000 0.00000 0.00000 0.00000 0.00000 0.00000 0.00000 0.00000 0.00000 0.00000 0.00000 0.00000 0.00000 0.00000 0.00000 0.00000 0.00000 0.00000 0.00000 0.00000 0.00000 0.00000 0.00000 0.00000 0.00000 0.00000 0.00000 0.00000 0.00000 0.00000 0.00000 0.00000 0.00000 0.00000 0.00000 0.00000 0.00000 0.00000 0.00000 0.00000 0.00000 0.00000 0.00000 0.00000 0.00000 0.00000 0.00000 0.00000 0.00000 0.00000 0.00000 0.00000 0.00000 0.00000 0.00000 0.00000 0.00000 0.00000 0.00000 0.00000 0.00000 0.00000 0.00000 0.00000 0.00000 0.00000 0.00000 0.00000 0.00000 0.00000 0.00000 0.00000 0.00000 0.00000 0.00000 0.00000 0.00000 0.00000 0.00000 0.00000 0.00000 0.00000 0.00000 0.00000 0.00000 0.00000 0.00000 0.00000 0.00000 0.00000 0.00000 0.00000 0.00000 0.00000 0.00000 0.00000 0.00000 0.00000 0.00000 0.00000 0.00000 0.00000 0.00000 0.00000 0.00000 0.00000 0.00000 0.00000 0.00000 0.00000 0.00000 0.00000 0.00000 0.00000 0.00000 0.00000 0.00000 0.00000 0.00000 0.00000 0.00000 0.00000 0.00000 0.00000 0.00000 0.00000 0.00000 0.00000 0.00000 0.00000 0.00000 0.00000 0.00000 0.00000 0.00000 0.00000 0.00000 0.00000 0.00000 0.00000 0.00000 0.00000 0.00000 0.00000 0.00000 0.00000 0.00000 0.00000 0.00000 0.00000 0.00000 0.00000 0.00000
0.00000 0.00000 0.00000 0.00000 0.00000 0.00000 0.00000 0.00000 0.00000 0.00000 0.00000 0.00000 0.00000 0.00000 0.00000 0.00000 0.00000 0.00000 0.00000 0.00000 0.00000 0.00000 0.00000 0.00000 0.00000 0.00000 0.00000 0.00000 0.00000 0.00000 0.00000 0.00000 0.00000 0.00000 0.00000 0.00000 0.00000 0.00000 0.00000 0.00000 0.00000 0.00000 0.00000 0.00000 0.00000 0.00000 0.00000 0.00000 0.00000 0.00000 0.00000 0.00000 0.00000 0.00000 0.00000 0.00000 0.00000 0.00000 0.00000 0.00000 0.00000 0.00000 0.00000 0.00000 0.00000 0.00000 0.00000 0.00000 0.00000 0.00000 0.00000 0.00000 0.00000 0.00000 0.00000 0.00000 0.00000 0.00000 0.00000 0.00000 0.00000 0.00000 0.00000 0.00000 0.00000 0.00000 0.00000 0.00000 0.00000 0.00000 0.00000 0.00000 0.00000 0.00000 0.00000 0.00000 0.00000 0.00000 0.00000 0.00000 0.00000 0.00000 0.00000 0.00000 0.00000 0.00000 0.00000 0.00000 0.00000 0.00000 0.00000 0.00000 0.00000 0.00000 0.00000 0.00000 0.00000 0.00000 0.00000 0.00000 0.00000 0.00000 0.00000 0.00000 0.00000 0.00000 0.00000 0.00000 0.00000 0.00000 0.00000 0.00000 0.00000 0.00000 0.00000 0.00000 0.00000 0.00000 0.00000 0.00000 0.00000 0.00000 0.00000 0.00000 0.00000 0.00000 0.00000 0.00000 0.00000 0.00000 0.00000 0.00000 0.00000 0.00000 0.00000 0.00000 0.00000 0.00000 0.00000 0.00000 0.00000 0.00000 0.00000 0.00000 0.00000 0.00000 0.00000 0.00000 0.00000 0.00000 0.00000 0.00000 0.00000 0.00000 0.00000 0.00000 0.00000 0.00000 0.00000 0.00000 0.00000 0.00000 0.00000 0.00000 0.00000 0.00000 0.00000 0.00000 0.00000 0.00000 0.00000 0.00000 0.00000 0.00000 0.00000 0.00000 0.00000 0.00000 0.00000 0.00000 0.00000 0.00000 0.00000 0.00000 0.00000 0.00000 0.00000 0.00000 0.00000 0.00000 0.00000 0.00000 0.00000 0.00000 0.00000 0.00000 0.00000 0.00000 0.00000 0.00000 0.00000 0.00000 0.00000 0.00000 0.00000 0.00000 0.00000 0.00000 0.00000 0.00000 0.00000 0.00000 0.00000 0.00000 0.00000 0.00000 0.00000 0.00000 0.00000 0.00000 0.00000 0.00000 0.00000 0.00000 0.00000 0.00000 0.00000 0.00000 0.00000 0.00000 0.00000 0.00000 0.00000 0.00000 0.00000 0.00000 0.00000 0.00000 0.00000 0.00000 0.00000 0.00000 0.00000 0.00000 0.00000 0.00000 0.00000 0.00000 0.00000 0.00000 0.00000 0.00000 0.00000 0.00000 0.00000 0.00000 0.00000 0.00000 0.00000 0.00000 0.00000 0.00000 0.00000 0.00000 0.00000 0.00000 0.00000 0.00000 0.00000 0.00000 0.00000 0.00000 0.00000 0.00000 0.00000 0.00000 0.00000 0.00000 0.00000 0.00000 0.00000 0.00000 0.00000 0.00000 0.00000 0.00000 0.00000 0.00000 0.00000 0.00000 0.00000 0.00000 0.00000 0.00000 0.00000 0.00000 0.00000 0.00000 0.00000 0.00000 0.00000 0.00000 0.00000 0.00000 0.00000 0.00000 0.00000 0.00000 0.00000 0.00000 0.00000 0.00000 0.00000 0.00000 0.00000 0.00000 0.00000 0.00000 0.00000 0.00000 0.00000 0.00000 0.00000 0.00000 0.00000 0.00000 0.00000 0.00000 0.00000 0.00000
0.00000 0.00000 0.00000 0.00000 0.00000 0.00000 0.00000 0.00000 0.00000 0.00000 0.00000 0.00000 0.00000 0.00000 0.00000 0.00000 0.00000 0.00000 0.00000 0.00000 0.00000 0.00000 0.00000 0.00000 0.00000 0.00000 0.00000 0.00000 0.00000 0.00000 0.00000 0.00000 0.00000 0.00000 0.00000 0.00000 0.00000 0.00000 0.00000 0.00000 0.00000 0.00000 0.00000 0.00000 0.00000 0.00000 0.00000 0.00000 0.00000 0.00000 0.00000 0.00000 0.00000 0.00000 0.00000 0.00000 0.00000 0.00000 0.00000 0.00000 0.00000 0.00000 0.00000 0.00000 0.00000 0.00000 0.00000 0.00000 0.00000 0.00000 0.00000 0.00000 0.00000 0.00000 0.00000 0.00000 0.00000 0.00000 0.00000 0.00000 0.00000 0.00000 0.00000 0.00000 0.00000 0.00000 0.00000 0.00000 0.00000 0.00000 0.00000 0.00000 0.00000 0.00000 0.00000 0.00000 0.00000 0.00000 0.00000 0.00000 0.00000 0.00000 0.00000 0.00000 0.00000 0.00000 0.00000 0.00000 0.00000 0.00000 0.00000 0.00000 0.00000 0.00000 0.00000 0.00000 0.00000 0.00000 0.00000 0.00000 0.00000 0.00000 0.00000 0.00000 0.00000 0.00000 0.00000 0.00000 0.00000 0.00000 0.00000 0.00000 0.00000 0.00000 0.00000 0.00000 0.00000 0.00000 0.00000 0.00000 0.00000 0.00000 0.00000 0.00000 0.00000 0.00000 0.00000 0.00000 0.00000 0.00000 0.00000 0.00000 0.00000 0.00000 0.00000 0.00000 0.00000 0.00000 0.00000 0.00000 0.00000 0.00000 0.00000 0.00000 0.00000 0.00000 0.00000 0.00000 0.00000 0.00000 0.00000 0.00000 0.00000 0.00000 0.00000 0.00000 0.00000 0.00000 0.00000 0.00000 0.00000 0.00000 0.00000 0.00000 0.00000 0.00000 0.00000 0.00000 0.00000 0.00000 0.00000 0.00000 0.00000 0.00000 0.00000 0.00000 0.00000 0.00000 0.00000 0.00000 0.00000 0.00000 0.00000 0.00000 0.00000 0.00000 0.00000 0.00000 0.00000 0.00000 0.00000 0.00000 0.00000 0.00000 0.00000 0.00000 0.00000 0.00000 0.00000 0.00000 0.00000 0.00000 0.00000 0.00000 0.00000 0.00000 0.00000 0.00000 0.00000 0.00000 0.00000 0.00000 0.00000 0.00000 0.00000 0.00000 0.00000 0.00000 0.00000 0.00000 0.00000 0.00000 0.00000 0.00000 0.00000 0.00000 0.00000 0.00000 0.00000 0.00000 0.00000 0.00000 0.00000 0.00000 0.00000 0.00000 0.00000 0.00000 0.00000 0.00000 0.00000 0.00000 0.00000 0.00000 0.00000 0.00000 0.00000 0.00000 0.00000 0.00000 0.00000 0.00000 0.00000 0.00000 0.00000 0.00000 0.00000 0.00000 0.00000 0.00000 0.00000 0.00000 0.00000 0.00000 0.00000 0.00000 0.00000 0.00000 0.00000 0.00000 0.00000 0.00000 0.00000 0.00000 0.00000 0.00000 0.00000 0.00000 0.00000 0.00000 0.00000 0.00000 0.00000 0.00000 0.00000 0.00000 0.00000 0.00000 0.00000 0.00000 0.00000 0.00000 0.00000 0.00000 0.00000 0.00000 0.00000 0.00000 0.00000 0.00000 0.00000 0.00000 0.00000 0.00000 0.00000 0.00000 0.00000 0.00000 0.00000 0.00000 0.00000 0.00000 0.00000 0.00000 0.00000 0.00000 0.00000 0.00000 0.00000 0.00000 0.00000 0.00000 0.00000 0.00000 0.00000 0.00000 0.00000 0.00000 0.00000 0.00000
0.00000 0.00000 0.00000 0.00000 0.00000 0.00000 0.00000 0.00000 0.00000 0.00000 0.00000 0.00000 0.00000 0.00000 0.00000 0.00000 0.00000 0.00000 0.00000 0.00000 0.00000 0.00000 0.00000 0.00000 0.00000 0.00000 0.00000 0.00000 0.00000 0.00000 0.00000 0.00000 0.00000 0.00000 0.00000 0.00000 0.00000 0.00000 0.00000 0.00000 0.00000 0.00000 0.00000 0.00000 0.00000 0.00000 0.00000 0.00000 0.00000 0.00000 0.00000 0.00000 0.00000 0.00000 0.00000 0.00000 0.00000 0.00000 0.00000 0.00000 0.00000 0.00000 0.00000 0.00000 0.00000 0.00000 0.00000 0.00000 0.00000 0.00000 0.00000 0.00000 0.00000 0.00000 0.00000 0.00000 0.00000 0.00000 0.00000 0.00000 0.00000 0.00000 0.00000 0.00000 0.00000 0.00000 0.00000 0.00000 0.00000 0.00000 0.00000 0.00000 0.00000 0.00000 0.00000 0.00000 0.00000 0.00000 0.00000 0.00000 0.00000 0.00000 0.00000 0.00000 0.00000 0.00000 0.00000 0.00000 0.00000 0.00000 0.00000 0.00000 0.00000 0.00000 0.00000 0.00000 0.00000 0.00000 0.00000 0.00000 0.00000 0.00000 0.00000 0.00000 0.00000 0.00000 0.00000 0.00000 0.00000 0.00000 0.00000 0.00000 0.00000 0.00000 0.00000 0.00000 0.00000 0.00000 0.00000 0.00000 0.00000 0.00000 0.00000 0.00000 0.00000 0.00000 0.00000 0.00000 0.00000 0.00000 0.00000 0.00000 0.00000 0.00000 0.00000 0.00000 0.00000 0.00000 0.00000 0.00000 0.00000 0.00000 0.00000 0.00000 0.00000 0.00000 0.00000 0.00000 0.00000 0.00000 0.00000 0.00000 0.00000 0.00000 0.00000 0.00000 0.00000 0.00000 0.00000 0.00000 0.00000 0.00000 0.00000 0.00000 0.00000 0.00000 0.00000 0.00000 0.00000 0.00000 0.00000 0.00000 0.00000 0.00000 0.00000 0.00000 0.00000 0.00000 0.00000 0.00000 0.00000 0.00000 0.00000 0.00000 0.00000 0.00000 0.00000 0.00000 0.00000 0.00000 0.00000 0.00000 0.00000 0.00000 0.00000 0.00000 0.00000 0.00000 0.00000 0.00000 0.00000 0.00000 0.00000 0.00000 0.00000 0.00000 0.00000 0.00000 0.00000 0.00000 0.00000 0.00000 0.00000 0.00000 0.00000 0.00000 0.00000 0.00000 0.00000 0.00000 0.00000 0.00000 0.00000 0.00000 0.00000 0.00000 0.00000 0.00000 0.00000 0.00000 0.00000 0.00000 0.00000 0.00000 0.00000 0.00000 0.00000 0.00000 0.00000 0.00000 0.00000 0.00000 0.00000 0.00000 0.00000 0.00000 0.00000 0.00000 0.00000 0.00000 0.00000 0.00000 0.00000 0.00000 0.00000 0.00000 0.00000 0.00000 0.00000 0.00000 0.00000 0.00000 0.00000 0.00000 0.00000 0.00000 0.00000 0.00000 0.00000 0.00000 0.00000 0.00000 0.00000 0.00000 0.00000 0.00000 0.00000 0.00000 0.00000 0.00000 0.00000 0.00000 0.00000 0.00000 0.00000 0.00000 0.00000 0.00000 0.00000 0.00000 0.00000 0.00000 0.00000 0.00000 0.00000 0.00000 0.00000 0.00000 0.00000 0.00000 0.00000 0.00000 0.00000 0.00000 0.00000 0.00000 0.00000 0.00000 0.00000 0.00000 0.00000 0.00000 0.00000 0.00000 0.00000 0.00000 0.00000 0.00000 0.00000 0.00000 0.00000 0.00000 0.00000 0.00000 0.00000 0.00000 0.00000 0.00000 0.00000 0.00000
0.00000 0.00000 0.00000 0.00000 0.00000 0.00000 0.00000 0.00000 0.00000 0.00000 0.00000 0.00000 0.00000 0.00000 0.00000 0.00000 0.00000 0.00000 0.00000 0.00000 0.00000 0.00000 0.00000 0.00000 0.00000 0.00000 0.00000 0.00000 0.00000 0.00000 0.00000 0.00000 0.00000 0.00000 0.00000 0.00000 0.00000 0.00000 0.00000 0.00000 0.00000 0.00000 0.00000 0.00000 0.00000 0.00000 0.00000 0.00000 0.00000 0.00000 0.00000 0.00000 0.00000 0.00000 0.00000 0.00000 0.00000 0.00000 0.00000 0.00000 0.00000 0.00000 0.00000 0.00000 0.00000 0.00000 0.00000 0.00000 0.00000 0.00000 0.00000 0.00000 0.00000 0.00000 0.00000 0.00000 0.00000 0.00000 0.00000 0.00000 0.00000 0.00000 0.00000 0.00000 0.00000 0.00000 0.00000 0.00000 0.00000 0.00000 0.00000 0.00000 0.00000 0.00000 0.00000 0.00000 0.00000 0.00000 0.00000 0.00000 0.00000 0.00000 0.00000 0.00000 0.00000 0.00000 0.00000 0.00000 0.00000 0.00000 0.00000 0.00000 0.00000 0.00000 0.00000 0.00000 0.00000 0.00000 0.00000 0.00000 0.00000 0.00000 0.00000 0.00000 0.00000 0.00000 0.00000 0.00000 0.00000 0.00000 0.00000 0.00000 0.00000 0.00000 0.00000 0.00000 0.00000 0.00000 0.00000 0.00000 0.00000 0.00000 0.00000 0.00000 0.00000 0.00000 0.00000 0.00000 0.00000 0.00000 0.00000 0.00000 0.00000 0.00000 0.00000 0.00000 0.00000 0.00000 0.00000 0.00000 0.00000 0.00000 0.00000 0.00000 0.00000 0.00000 0.00000 0.00000 0.00000 0.00000 0.00000 0.00000 0.00000 0.00000 0.00000 0.00000 0.00000 0.00000 0.00000 0.00000 0.00000 0.00000 0.00000 0.00000 0.00000 0.00000 0.00000 0.00000 0.00000 0.00000 0.00000 0.00000 0.00000 0.00000 0.00000 0.00000 0.00000 0.00000 0.00000 0.00000 0.00000 0.00000 0.00000 0.00000 0.00000 0.00000 0.00000 0.00000 0.00000 0.00000 0.00000 0.00000 0.00000 0.00000 0.00000 0.00000 0.00000 0.00000 0.00000 0.00000 0.00000 0.00000 0.00000 0.00000 0.00000 0.00000 0.00000 0.00000 0.00000 0.00000 0.00000 0.00000 0.00000 0.00000 0.00000 0.00000 0.00000 0.00000 0.00000 0.00000 0.00000 0.00000 0.00000 0.00000 0.00000 0.00000 0.00000 0.00000 0.00000 0.00000 0.00000 0.00000 0.00000 0.00000 0.00000 0.00000 0.00000 0.00000 0.00000 0.00000 0.00000 0.00000 0.00000 0.00000 0.00000 0.00000 0.00000 0.00000 0.00000 0.00000 0.00000 0.00000 0.00000 0.00000 0.00000 0.00000 0.00000 0.00000 0.00000 0.00000 0.00000 0.00000 0.00000 0.00000 0.00000 0.00000 0.00000 0.00000 0.00000 0.00000 0.00000 0.00000 0.00000 0.00000 0.00000 0.00000 0.00000 0.00000 0.00000 0.00000 0.00000 0.00000 0.00000 0.00000 0.00000 0.00000 0.00000 0.00000 0.00000 0.00000 0.00000 0.00000 0.00000 0.00000 0.00000 0.00000 0.00000 0.00000 0.00000 0.00000 0.00000 0.00000 0.00000 0.00000 0.00000 0.00000 0.00000 0.00000 0.00000 0.00000 0.00000 0.00000 0.00000 0.00000 0.00000 0.00000 0.00000 0.00000 0.00000 0.00000 0.00000 0.00000 0.00000 0.00000 0.00000 0.00000 0.00000 0.00000 0.00000 0.00000
0.00000 0.00000 0.00000 0.00000 0.00000 0.00000 0.00000 0.00000 0.00000 0.00000 0.00000 0.00000 0.00000 0.00000 0.00000 0.00000 0.00000 0.00000 0.00000 0.00000 0.00000 0.00000 0.00000 0.00000 0.00000 0.00000 0.00000 0.00000 0.00000 0.00000 0.00000 0.00000 0.00000 0.00000 0.00000 0.00000 0.00000 0.00000 0.00000 0.00000 0.00000 0.00000 0.00000 0.00000 0.00000 0.00000 0.00000 0.00000 0.00000 0.00000 0.00000 0.00000 0.00000 0.00000 0.00000 0.00000 0.00000 0.00000 0.00000 0.00000 0.00000 0.00000 0.00000 0.00000 0.00000 0.00000 0.00000 0.00000 0.00000 0.00000 0.00000 0.00000 0.00000 0.00000 0.00000 0.00000 0.00000 0.00000 0.00000 0.00000 0.00000 0.00000 0.00000 0.00000 0.00000 0.00000 0.00000 0.00000 0.00000 0.00000 0.00000 0.00000 0.00000 0.00000 0.00000 0.00000 0.00000 0.00000 0.00000 0.00000 0.00000 0.00000 0.00000 0.00000 0.00000 0.00000 0.00000 0.00000 0.00000 0.00000 0.00000 0.00000 0.00000 0.00000 0.00000 0.00000 0.00000 0.00000 0.00000 0.00000 0.00000 0.00000 0.00000 0.00000 0.00000 0.00000 0.00000 0.00000 0.00000 0.00000 0.00000 0.00000 0.00000 0.00000 0.00000 0.00000 0.00000 0.00000 0.00000 0.00000 0.00000 0.00000 0.00000 0.00000 0.00000 0.00000 0.00000 0.00000 0.00000 0.00000 0.00000 0.00000 0.00000 0.00000 0.00000 0.00000 0.00000 0.00000 0.00000 0.00000 0.00000 0.00000 0.00000 0.00000 0.00000 0.00000 0.00000 0.00000 0.00000 0.00000 0.00000 0.00000 0.00000 0.00000 0.00000 0.00000 0.00000 0.00000 0.00000 0.00000 0.00000 0.00000 0.00000 0.00000 0.00000 0.00000 0.00000 0.00000 0.00000 0.00000 0.00000 0.00000 0.00000 0.00000 0.00000 0.00000 0.00000 0.00000 0.00000 0.00000 0.00000 0.00000 0.00000 0.00000 0.00000 0.00000 0.00000 0.00000 0.00000 0.00000 0.00000 0.00000 0.00000 0.00000 0.00000 0.00000 0.00000 0.00000 0.00000 0.00000 0.00000 0.00000 0.00000 0.00000 0.00000 0.00000 0.00000 0.00000 0.00000 0.00000 0.00000 0.00000 0.00000 0.00000 0.00000 0.00000 0.00000 0.00000 0.00000 0.00000 0.00000 0.00000 0.00000 0.00000 0.00000 0.00000 0.00000 0.00000 0.00000 0.00000 0.00000 0.00000 0.00000 0.00000 0.00000 0.00000 0.00000 0.00000 0.00000 0.00000 0.00000 0.00000 0.00000 0.00000 0.00000 0.00000 0.00000 0.00000 0.00000 0.00000 0.00000 0.00000 0.00000 0.00000 0.00000 0.00000 0.00000 0.00000 0.00000 0.00000 0.00000 0.00000 0.00000 0.00000 0.00000 0.00000 0.00000 0.00000 0.00000 0.00000 0.00000 0.00000 0.00000 0.00000 0.00000 0.00000 0.00000 0.00000 0.00000 0.00000 0.00000 0.00000 0.00000 0.00000 0.00000 0.00000 0.00000 0.00000 0.00000 0.00000 0.00000 0.00000 0.00000 0.00000 0.00000 0.00000 0.00000 0.00000 0.00000 0.00000 0.00000 0.00000 0.00000 0.00000 0.00000 0.00000 0.00000 0.00000 0.00000 0.00000 0.00000 0.00000 0.00000 0.00000 0.00000 0.00000 0.00000 0.00000 0.00000 0.00000 0.00000 0.00000 0.00000 0.00000 0.00000 0.00000 0.00000 0.00000 0.00000 0.00000
0.00000 0.00000 0.00000 0.00000 0.00000 0.00000 0.00000 0.00000 0.00000 0.00000 0.00000 0.00000 0.00000 0.00000 0.00000 0.00000 0.00000 0.00000 0.00000 0.00000 0.00000 0.00000 0.00000 0.00000 0.00000 0.00000 0.00000 0.00000 0.00000 0.00000 0.00000 0.00000 0.00000 0.00000 0.00000 0.00000 0.00000 0.00000 0.00000 0.00000 0.00000 0.00000 0.00000 0.00000 0.00000 0.00000 0.00000 0.00000 0.00000 0.00000 0.00000 0.00000 0.00000 0.00000 0.00000 0.00000 0.00000 0.00000 0.00000 0.00000 0.00000 0.00000 0.00000 0.00000 0.00000 0.00000 0.00000 0.00000 0.00000 0.00000 0.00000 0.00000 0.00000 0.00000 0.00000 0.00000 0.00000 0.00000 0.00000 0.00000 0.00000 0.00000 0.00000 0.00000 0.00000 0.00000 0.00000 0.00000 0.00000 0.00000 0.00000 0.00000 0.00000 0.00000 0.00000 0.00000 0.00000 0.00000 0.00000 0.00000 0.00000 0.00000 0.00000 0.00000 0.00000 0.00000 0.00000 0.00000 0.00000 0.00000 0.00000 0.00000 0.00000 0.00000 0.00000 0.00000 0.00000 0.00000 0.00000 0.00000 0.00000 0.00000 0.00000 0.00000 0.00000 0.00000 0.00000 0.00000 0.00000 0.00000 0.00000 0.00000 0.00000 0.00000 0.00000 0.00000 0.00000 0.00000 0.00000 0.00000 0.00000 0.00000 0.00000 0.00000 0.00000 0.00000 0.00000 0.00000 0.00000 0.00000 0.00000 0.00000 0.00000 0.00000 0.00000 0.00000 0.00000 0.00000 0.00000 0.00000 0.00000 0.00000 0.00000 0.00000 0.00000 0.00000 0.00000 0.00000 0.00000 0.00000 0.00000 0.00000 0.00000 0.00000 0.00000 0.00000 0.00000 0.00000 0.00000 0.00000 0.00000 0.00000 0.00000 0.00000 0.00000 0.00000 0.00000 0.00000 0.00000 0.00000 0.00000 0.00000 0.00000 0.00000 0.00000 0.00000 0.00000 0.00000 0.00000 0.00000 0.00000 0.00000 0.00000 0.00000 0.00000 0.00000 0.00000 0.00000 0.00000 0.00000 0.00000 0.00000 0.00000 0.00000 0.00000 0.00000 0.00000 0.00000 0.00000 0.00000 0.00000 0.00000 0.00000 0.00000 0.00000 0.00000 0.00000 0.00000 0.00000 0.00000 0.00000 0.00000 0.00000 0.00000 0.00000 0.00000 0.00000 0.00000 0.00000 0.00000 0.00000 0.00000 0.00000 0.00000 0.00000 0.00000 0.00000 0.00000 0.00000 0.00000 0.00000 0.00000 0.00000 0.00000 0.00000 0.00000 0.00000 0.00000 0.00000 0.00000 0.00000 0.00000 0.00000 0.00000 0.00000 0.00000 0.00000 0.00000 0.00000 0.00000 0.00000 0.00000 0.00000 0.00000 0.00000 0.00000 0.00000 0.00000 0.00000 0.00000 0.00000 0.00000 0.00000 0.00000 0.00000 0.00000 0.00000 0.00000 0.00000 0.00000 0.00000 0.00000 0.00000 0.00000 0.00000 0.00000 0.00000 0.00000 0.00000 0.00000 0.00000 0.00000 0.00000 0.00000 0.00000 0.00000 0.00000 0.00000 0.00000 0.00000 0.00000 0.00000 0.00000 0.00000 0.00000 0.00000 0.00000 0.00000 0.00000 0.00000 0.00000 0.00000 0.00000 0.00000 0.00000 0.00000 0.00000 0.00000 0.00000 0.00000 0.00000 0.00000 0.00000 0.00000 0.00000 0.00000 0.00000 0.00000 0.00000 0.00000 0.00000 0.00000 0.00000 0.00000 0.00000 0.00000 0.00000 0.00000 0.00000 0.00000
0.00000 0.00000 0.00000 0.00000 0.00000 0.00000 0.00000 0.00000 0.00000 0.00000 0.00000 0.00000 0.00000 0.00000 0.00000 0.00000 0.00000 0.00000 0.00000 0.00000 0.00000 0.00000 0.00000 0.00000 0.00000 0.00000 0.00000 0.00000 0.00000 0.00000 0.00000 0.00000 0.00000 0.00000 0.00000 0.00000 0.00000 0.00000 0.00000 0.00000 0.00000 0.00000 0.00000 0.00000 0.00000 0.00000 0.00000 0.00000 0.00000 0.00000 0.00000 0.00000 0.00000 0.00000 0.00000 0.00000 0.00000 0.00000 0.00000 0.00000 0.00000 0.00000 0.00000 0.00000 0.00000 0.00000 0.00000 0.00000 0.00000 0.00000 0.00000 0.00000 0.00000 0.00000 0.00000 0.00000 0.00000 0.00000 0.00000 0.00000 0.00000 0.00000 0.00000 0.00000 0.00000 0.00000 0.00000 0.00000 0.00000 0.00000 0.00000 0.00000 0.00000 0.00000 0.00000 0.00000 0.00000 0.00000 0.00000 0.00000 0.00000 0.00000 0.00000 0.00000 0.00000 0.00000 0.00000 0.00000 0.00000 0.00000 0.00000 0.00000 0.00000 0.00000 0.00000 0.00000 0.00000 0.00000 0.00000 0.00000 0.00000 0.00000 0.00000 0.00000 0.00000 0.00000 0.00000 0.00000 0.00000 0.00000 0.00000 0.00000 0.00000 0.00000 0.00000 0.00000 0.00000 0.00000 0.00000 0.00000 0.00000 0.00000 0.00000 0.00000 0.00000 0.00000 0.00000 0.00000 0.00000 0.00000 0.00000 0.00000 0.00000 0.00000 0.00000 0.00000 0.00000 0.00000 0.00000 0.00000 0.00000 0.00000 0.00000 0.00000 0.00000 0.00000 0.00000 0.00000 0.00000 0.00000 0.00000 0.00000 0.00000 0.00000 0.00000 0.00000 0.00000 0.00000 0.00000 0.00000 0.00000 0.00000 0.00000 0.00000 0.00000 0.00000 0.00000 0.00000 0.00000 0.00000 0.00000 0.00000 0.00000 0.00000 0.00000 0.00000 0.00000 0.00000 0.00000 0.00000 0.00000 0.00000 0.00000 0.00000 0.00000 0.00000 0.00000 0.00000 0.00000 0.00000 0.00000 0.00000 0.00000 0.00000 0.00000 0.00000 0.00000 0.00000 0.00000 0.00000 0.00000 0.00000 0.00000 0.00000 0.00000 0.00000 0.00000 0.00000 0.00000 0.00000 0.00000 0.00000 0.00000 0.00000 0.00000 0.00000 0.00000 0.00000 0.00000 0.00000 0.00000 0.00000 0.00000 0.00000 0.00000 0.00000 0.00000 0.00000 0.00000 0.00000 0.00000 0.00000 0.00000 0.00000 0.00000 0.00000 0.00000 0.00000 0.00000 0.00000 0.00000 0.00000 0.00000 0.00000 0.00000 0.00000 0.00000 0.00000 0.00000 0.00000 0.00000 0.00000 0.00000 0.00000 0.00000 0.00000 0.00000 0.00000 0.00000 0.00000 0.00000 0.00000 0.00000 0.00000 0.00000 0.00000 0.00000 0.00000 0.00000 0.00000 0.00000 0.00000 0.00000 0.00000 0.00000 0.00000 0.00000 0.00000 0.00000 0.00000 0.00000 0.00000 0.00000 0.00000 0.00000 0.00000 0.00000 0.00000 0.00000 0.00000 0.00000 0.00000 0.00000 0.00000 0.00000 0.00000 0.00000 0.00000 0.00000 0.00000 0.00000 0.00000 0.00000 0.00000 0.00000 0.00000 0.00000 0.00000 0.00000 0.00000 0.00000 0.00000 0.00000 0.00000 0.00000 0.00000 0.00000 0.00000 0.00000 0.00000 0.00000 0.00000 0.00000 0.00000 0.00000 0.00000 0.00000 0.00000 0.00000 0.00000
0.00000 0.00000 0.00000 0.00000 0.00000 0.00000 0.00000 0.00000 0.00000 0.00000 0.00000 0.00000 0.00000 0.00000 0.00000 0.00000 0.00000 0.00000 0.00000 0.00000 0.00000 0.00000 0.00000 0.00000 0.00000 0.00000 0.00000 0.00000 0.00000 0.00000 0.00000 0.00000 0.00000 0.00000 0.00000 0.00000 0.00000 0.00000 0.00000 0.00000 0.00000 0.00000 0.00000 0.00000 0.00000 0.00000 0.00000 0.00000 0.00000 0.00000 0.00000 0.00000 0.00000 0.00000 0.00000 0.00000 0.00000 0.00000 0.00000 0.00000 0.00000 0.00000 0.00000 0.00000 0.00000 0.00000 0.00000 0.00000 0.00000 0.00000 0.00000 0.00000 0.00000 0.00000 0.00000 0.00000 0.00000 0.00000 0.00000 0.00000 0.00000 0.00000 0.00000 0.00000 0.00000 0.00000 0.00000 0.00000 0.00000 0.00000 0.00000 0.00000 0.00000 0.00000 0.00000 0.00000 0.00000 0.00000 0.00000 0.00000 0.00000 0.00000 0.00000 0.00000 0.00000 0.00000 0.00000 0.00000 0.00000 0.00000 0.00000 0.00000 0.00000 0.00000 0.00000 0.00000 0.00000 0.00000 0.00000 0.00000 0.00000 0.00000 0.00000 0.00000 0.00000 0.00205 0.00616 0.01024 0.01430 0.01837 0.02250 0.02658 0.03057 0.03455 0.03868 0.04073 0.04068 0.04056 0.04051 0.04056 0.04059 0.04048 0.04035 0.04036 0.04047 0.04043 0.04021 0.04020 0.04034 0.04033 0.04013 0.04009 0.04023 0.04023 0.04012 0.04001 0.04006 0.04015 0.04011 0.03992 0.03991 0.04006 0.04003 0.03985 0.03983 0.03996 0.03995 0.03988 0.03977 0.03975 0.03989 0.03989 0.03977 0.03968 0.03972 0.03984 0.03982 0.03968 0.03966 0.03974 0.03978 0.03966 0.03966 0.03975 0.03974 0.03960 0.03962 0.03973 0.03972 0.03960 0.03960 0.03969 0.03970 0.03963 0.03960 0.03964 0.03970 0.03966 0.03961 0.03964 0.03971 0.03966 0.03962 0.03965 0.03972 0.03969 0.03965 0.03965 0.03972 0.03975 0.03970 0.03965 0.03974 0.03982 0.03975 0.03770 0.03384 0.02991 0.02583 0.02185 0.01796 0.01397 0.00994 0.00597 0.00200 0.00000 0.00000 0.00000 0.00000 0.00000 0.00000 0.00000 0.00000 0.00000 0.00000 0.00000 0.00000 0.00000 0.00000 0.00000 0.00000 0.00000 0.00000 0.00000 0.00000 0.00000 0.00000 0.00000 0.00000 0.00000 0.00000 0.00000 0.00000 0.00000 0.00000 0.00000 0.00000 0.00000 0.00000 0.00000 0.00000 0.00000 0.00000 0.00000 0.00000 0.00000 0.00000 0.00000 0.00000 0.00000 0.00000 0.00000 0.00000 0.00000 0.00000 0.00000 0.00000 0.00000 0.00000 0.00000 0.00000 0.00000 0.00000 0.00000 0.00000 0.00000 0.00000 0.00000 0.00000 0.00000 0.00000 0.00000 0.00000 0.00000 0.00000 0.00000 0.00000 0.00000 0.00000 0.00000 0.00000 0.00000 0.00000 0.00000 0.00000 0.00000 0.00000 0.00000 0.00000 0.00000 0.00000 0.00000 0.00000 0.00000 0.00000 0.00000 0.00000 0.00000 0.00000 0.00000 0.00000 0.00000 0.00000 0.00000 0.00000 0.00000 0.00000 0.00000 0.00000 0.00000 0.00000 0.00000 0.00000 0.00000 0.00000 0.00000 0.00000 0.00000 0.00000 0.00000 0.00000 0.00000 0.00000 0.00000 0.00000 0.00000 0.00000 0.00000 0.00000 0.00000
0.00000 0.00000 0.00000 0.00000 0.00000 0.00000 0.00000 0.00000 0.00000 0.00000 0.00000 0.00000 0.00000 0.00000 0.00000 0.00000 0.00000 0.00000 0.00000 0.00000 0.00000 0.00000 0.00000 0.00000 0.00000 0.00000 0.00000 0.00000 0.00000 0.00000 0.00000 0.00000 0.00000 0.00000 0.00000 0.00000 0.00000 0.00000 0.00000 0.00000 0.00000 0.00000 0.00000 0.00000 0.00000 0.00000 0.00000 0.00000 0.00000 0.00000 0.00000 0.00000 0.00000 0.00000 0.00000 0.00000 0.00000 0.00000 0.00000 0.00000 0.00000 0.00000 0.00000 0.00000 0.00000 0.00000 0.00000 0.00000 0.00000 0.00000 0.00000 0.00000 0.00000 0.00000 0.00000 0.00000 0.00000 0.00000 0.00000 0.00000 0.00000 0.00000 0.00000 0.00000 0.00000 0.00000 0.00000 0.00000 0.00000 0.00000 0.00000 0.00000 0.00000 0.00000 0.00000 0.00000 0.00000 0.00000 0.00000 0.00000 0.00000 0.00000 0.00000 0.00000 0.00000 0.00000 0.00000 0.00000 0.00000 0.00000 0.00000 0.00000 0.00000 0.00000 0.00000 0.00000 0.00000 0.00000 0.00000 0.00000 0.00000 0.00000 0.00000 0.00000 0.00000 0.00616 0.01843 0.03069 0.04296 0.05501 0.06722 0.07968 0.09183 0.10355 0.11557 0.12205 0.12199 0.12155 0.12127 0.12146 0.12155 0.12135 0.12102 0.12088 0.12100 0.12105 0.12089 0.12047 0.12048 0.12052 0.12067 0.12055 0.12016 0.12008 0.12039 0.12043 0.11993 0.11976 0.12008 0.12014 0.11968 0.11955 0.11982 0.11980 0.11948 0.11944 0.11945 0.11943 0.11953 0.11943 0.11922 0.11913 0.11929 0.11943 0.11904 0.11891 0.11928 0.11934 0.11885 0.11876 0.11918 0.11925 0.11880 0.11867 0.11902 0.11914 0.11874 0.11862 0.11897 0.11906 0.11864 0.11859 0.11900 0.11902 0.11857 0.11857 0.11903 0.11904 0.11856 0.11857 0.11903 0.11908 0.11863 0.11860 0.11893 0.11914 0.11887 0.11865 0.11892 0.11924 0.11895 0.11875 0.11914 0.11935 0.11897 0.11295 0.10142 0.08957 0.07742 0.06554 0.05377 0.04179 0.02980 0.01792 0.00599 0.00000 0.00000 0.00000 0.00000 0.00000 0.00000 0.00000 0.00000 0.00000 0.00000 0.00000 0.00000 0.00000 0.00000 0.00000 0.00000 0.00000 0.00000 0.00000 0.00000 0.00000 0.00000 0.00000 0.00000 0.00000 0.00000 0.00000 0.00000 0.00000 0.00000 0.00000 0.00000 0.00000 0.00000 0.00000 0.00000 0.00000 0.00000 0.00000 0.00000 0.00000 0.00000 0.00000 0.00000 0.00000 0.00000 0.00000 0.00000 0.00000 0.00000 0.00000 0.00000 0.00000 0.00000 0.00000 0.00000 0.00000 0.00000 0.00000 0.00000 0.00000 0.00000 0.00000 0.00000 0.00000 0.00000 0.00000 0.00000 0.00000 0.00000 0.00000 0.00000 0.00000 0.00000 0.00000 0.00000 0.00000 0.00000 0.00000 0.00000 0.00000 0.00000 0.00000 0.00000 0.00000 0.00000 0.00000 0.00000 0.00000 0.00000 0.00000 0.00000 0.00000 0.00000 0.00000 0.00000 0.00000 0.00000 0.00000 0.00000 0.00000 0.00000 0.00000 0.00000 0.00000 0.00000 0.00000 0.00000 0.00000 0.00000 0.00000 0.00000 0.00000 0.00000 0.00000 0.00000 0.00000 0.00000 0.00000 0.00000 0.00000 0.00000 0.00000 0.00000 0.00000
0.00000 0.00000 0.00000 0.00000 0.00000 0.00000 0.00000 0.00000 0.00000 0.00000 0.00000 0.00000 0.00000 0.00000 0.00000 0.00000 0.00000 0.00000 0.00000 0.00000 0.00000 0.00000 0.00000 0.00000 0.00000 0.00000 0.00000 0.00000 0.00000 0.00000 0.00000 0.00000 0.00000 0.00000 0.00000 0.00000 0.00000 0.00000 0.00000 0.00000 0.00000 0.00000 0.00000 0.00000 0.00000 0.00000 0.00000 0.00000 0.00000 0.00000 0.00000 0.00000 0.00000 0.00000 0.00000 0.00000 0.00000 0.00000 0.00000 0.00000 0.00000 0.00000 0.00000 0.00000 0.00000 0.00000 0.00000 0.00000 0.00000 0.00000 0.00000 0.00000 0.00000 0.00000 0.00000 0.00000 0.00000 0.00000 0.00000 0.00000 0.00000 0.00000 0.00000 0.00000 0.00000 0.00000 0.00000 0.00000 0.00000 0.00000 0.00000 0.00000 0.00000 0.00000 0.00000 0.00000 0.00000 0.00000 0.00000 0.00000 0.00000 0.00000 0.00000 0.00000 0.00000 0.00000 0.00000 0.00000 0.00000 0.00000 0.00000 0.00000 0.00000 0.00000 0.00000 0.00000 0.00000 0.00000 0.00000 0.00000 0.00000 0.00000 0.00000 0.00000 0.00000 0.01023 0.03066 0.05104 0.07149 0.09183 0.11185 0.13206 0.15259 0.17279 0.19270 0.20252 0.20247 0.20232 0.20237 0.20200 0.20146 0.20152 0.20187 0.20163 0.20071 0.20068 0.20121 0.20121 0.20038 0.20004 0.20059 0.20076 0.20028 0.19958 0.19990 0.20033 0.19994 0.19918 0.19929 0.19986 0.19959 0.19878 0.19895 0.19937 0.19907 0.19869 0.19855 0.19850 0.19876 0.19896 0.19829 0.19791 0.19840 0.19871 0.19836 0.19771 0.19794 0.19844 0.19820 0.19758 0.19772 0.19825 0.19806 0.19737 0.19750 0.19812 0.19798 0.19729 0.19735 0.19794 0.19792 0.19739 0.19730 0.19768 0.19788 0.19757 0.19730 0.19756 0.19785 0.19764 0.19739 0.19755 0.19785 0.19778 0.19754 0.19743 0.19786 0.19812 0.19781 0.19747 0.19789 0.19842 0.19805 0.19759 0.19816 0.18868 0.16835 0.14838 0.12913 0.10937 0.08914 0.06936 0.04977 0.02985 0.00991 0.00000 0.00000 0.00000 0.00000 0.00000 0.00000 0.00000 0.00000 0.00000 0.00000 0.00000 0.00000 0.00000 0.00000 0.00000 0.00000 0.00000 0.00000 0.00000 0.00000 0.00000 0.00000 0.00000 0.00000 0.00000 0.00000 0.00000 0.00000 0.00000 0.00000 0.00000 0.00000 0.00000 0.00000 0.00000 0.00000 0.00000 0.00000 0.00000 0.00000 0.00000 0.00000 0.00000 0.00000 0.00000 0.00000 0.00000 0.00000 0.00000 0.00000 0.00000 0.00000 0.00000 0.00000 0.00000 0.00000 0.00000 0.00000 0.00000 0.00000 0.00000 0.00000 0.00000 0.00000 0.00000 0.00000 0.00000 0.00000 0.00000 0.00000 0.00000 0.00000 0.00000 0.00000 0.00000 0.00000 0.00000 0.00000 0.00000 0.00000 0.00000 0.00000 0.00000 0.00000 0.00000 0.00000 0.00000 0.00000 0.00000 0.00000 0.00000 0.00000 0.00000 0.00000 0.00000 0.00000 0.00000 0.00000 0.00000 0.00000 0.00000 0.00000 0.00000 0.00000 0.00000 0.00000 0.00000 0.00000 0.00000 0.00000 0.00000 0.00000 0.00000 0.00000 0.00000 0.00000 0.00000 0.00000 0.00000 0.00000 0.00000 0.00000 0.00000 0.00000 0.00000
0.00000 0.00000 0.00000 0.00000 0.00000 0.00000 0.00000 0.00000 0.00000 0.00000 0.00000 0.00000 0.00000 0.00000 0.00000 0.00000 0.00000 0.00000 0.00000 0.00000 0.00000 0.00000 0.00000 0.00000 0.00000 0.00000 0.00000 0.00000 0.00000 0.00000 0.00000 0.00000 0.00000 0.00000 0.00000 0.00000 0.00000 0.00000 0.00000 0.00000 0.00000 0.00000 0.00000 0.00000 0.00000 0.00000 0.00000 0.00000 0.00000 0.00000 0.00000 0.00000 0.00000 0.00000 0.00000 0.00000 0.00000 0.00000 0.00000 0.00000 0.00000 0.00000 0.00000 0.00000 0.00000 0.00000 0.00000 0.00000 0.00000 0.00000 0.00000 0.00000 0.00000 0.00000 0.00000 0.00000 0.00000 0.00000 0.00000 0.00000 0.00000 0.00000 0.00000 0.00000 0.00000 0.00000 0.00000 0.00000 0.00000 0.00000 0.00000 0.00000 0.00000 0.00000 0.00000 0.00000 0.00000 0.00000 0.00000 0.00000 0.00000 0.00000 0.00000 0.00000 0.00000 0.00000 0.00000 0.00000 0.00000 0.00000 0.00000 0.00000 0.00000 0.00000 0.00000 0.00000 0.00000 0.00000 0.00000 0.00000 0.00000 0.00000 0.00000 0.00000 0.00000 0.01428 0.04291 0.07137 0.09970 0.12850 0.15693 0.18451 0.21272 0.24185 0.26997 0.28290 0.28270 0.28330 0.28298 0.28217 0.28193 0.28182 0.28191 0.28172 0.28131 0.28066 0.28081 0.28066 0.28072 0.28101 0.27997 0.27962 0.28022 0.28042 0.27927 0.27884 0.27963 0.27978 0.27854 0.27821 0.27912 0.27916 0.27789 0.27778 0.27857 0.27832 0.27782 0.27778 0.27760 0.27713 0.27770 0.27792 0.27701 0.27663 0.27744 0.27768 0.27654 0.27627 0.27725 0.27737 0.27625 0.27602 0.27696 0.27710 0.27606 0.27586 0.27680 0.27689 0.27584 0.27576 0.27683 0.27679 0.27564 0.27571 0.27689 0.27676 0.27559 0.27571 0.27689 0.27681 0.27565 0.27573 0.27683 0.27696 0.27618 0.27581 0.27633 0.27719 0.27681 0.27598 0.27666 0.27745 0.27668 0.27625 0.27726 0.26381 0.23526 0.20754 0.18050 0.15278 0.12467 0.09710 0.06958 0.04167 0.01386 0.00000 0.00000 0.00000 0.00000 0.00000 0.00000 0.00000 0.00000 0.00000 0.00000 0.00000 0.00000 0.00000 0.00000 0.00000 0.00000 0.00000 0.00000 0.00000 0.00000 0.00000 0.00000 0.00000 0.00000 0.00000 0.00000 0.00000 0.00000 0.00000 0.00000 0.00000 0.00000 0.00000 0.00000 0.00000 0.00000 0.00000 0.00000 0.00000 0.00000 0.00000 0.00000 0.00000 0.00000 0.00000 0.00000 0.00000 0.00000 0.00000 0.00000 0.00000 0.00000 0.00000 0.00000 0.00000 0.00000 0.00000 0.00000 0.00000 0.00000 0.00000 0.00000 0.00000 0.00000 0.00000 0.00000 0.00000 0.00000 0.00000 0.00000 0.00000 0.00000 0.00000 0.00000 0.00000 0.00000 0.00000 0.00000 0.00000 0.00000 0.00000 0.00000 0.00000 0.00000 0.00000 0.00000 0.00000 0.00000 0.00000 0.00000 0.00000 0.00000 0.00000 0.00000 0.00000 0.00000 0.00000 0.00000 0.00000 0.00000 0.00000 0.00000 0.00000 0.00000 0.00000 0.00000 0.00000 0.00000 0.00000 0.00000 0.00000 0.00000 0.00000 0.00000 0.00000 0.00000 0.00000 0.00000 0.00000 0.00000 0.00000 0.00000 0.00000 0.00000 0.00000
0.00000 0.00000 0.00000 0.00000 0.00000 0.00000 0.00000 0.00000 0.00000 0.00000 0.00000 0.00000 0.00000 0.00000 0.00000 0.00000 0.00000 0.00000 0.00000 0.00000 0.00000 0.00000 0.00000 0.00000 0.00000 0.00000 0.00000 0.00000 0.00000 0.00000 0.00000 0.00000 0.00000 0.00000 0.00000 0.00000 0.00000 0.00000 0.00000 0.00000 0.00000 0.00000 0.00000 0.00000 0.00000 0.00000 0.00000 0.00000 0.00000 0.00000 0.00000 0.00000 0.00000 0.00000 0.00000 0.00000 0.00000 0.00000 0.00000 0.00000 0.00000 0.00000 0.00000 0.00000 0.00000 0.00000 0.00000 0.00000 0.00000 0.00000 0.00000 0.00000 0.00000 0.00000 0.00000 0.00000 0.00000 0.00000 0.00000 0.00000 0.00000 0.00000 0.00000 0.00000 0.00000 0.00000 0.00000 0.00000 0.00000 0.00000 0.00000 0.00000 0.00000 0.00000 0.00000 0.00000 0.00000 0.00000 0.00000 0.00000 0.00000 0.00000 0.00000 0.00000 0.00000 0.00000 0.00000 0.00000 0.00000 0.00000 0.00000 0.00000 0.00000 0.00000 0.00000 0.00000 0.00000 0.00000 0.00000 0.00000 0.00000 0.00000 0.00000 0.00000 0.00000 0.01833 0.05496 0.09171 0.12793 0.16436 0.20126 0.23743 0.27313 0.30950 0.34606 0.36345 0.36310 0.36339 0.36258 0.36181 0.36224 0.36238 0.36079 0.36057 0.36115 0.36134 0.36054 0.35944 0.35983 0.36048 0.36015 0.35850 0.35875 0.35973 0.35910 0.35772 0.35792 0.35883 0.35821 0.35697 0.35727 0.35788 0.35724 0.35667 0.35674 0.35651 0.35646 0.35709 0.35605 0.35535 0.35600 0.35663 0.35571 0.35480 0.35535 0.35610 0.35547 0.35446 0.35479 0.35567 0.35525 0.35412 0.35434 0.35539 0.35509 0.35391 0.35403 0.35512 0.35498 0.35392 0.35386 0.35476 0.35491 0.35416 0.35381 0.35444 0.35487 0.35434 0.35389 0.35437 0.35483 0.35457 0.35414 0.35403 0.35476 0.35532 0.35464 0.35409 0.35469 0.35571 0.35522 0.35426 0.35496 0.35608 0.35539 0.33690 0.30242 0.26733 0.23097 0.19535 0.16052 0.12489 0.08888 0.05341 0.01787 0.00000 0.00000 0.00000 0.00000 0.00000 0.00000 0.00000 0.00000 0.00000 0.00000 0.00000 0.00000 0.00000 0.00000 0.00000 0.00000 0.00000 0.00000 0.00000 0.00000 0.00000 0.00000 0.00000 0.00000 0.00000 0.00000 0.00000 0.00000 0.00000 0.00000 0.00000 0.00000 0.00000 0.00000 0.00000 0.00000 0.00000 0.00000 0.00000 0.00000 0.00000 0.00000 0.00000 0.00000 0.00000 0.00000 0.00000 0.00000 0.00000 0.00000 0.00000 0.00000 0.00000 0.00000 0.00000 0.00000 0.00000 0.00000 0.00000 0.00000 0.00000 0.00000 0.00000 0.00000 0.00000 0.00000 0.00000 0.00000 0.00000 0.00000 0.00000 0.00000 0.00000 0.00000 0.00000 0.00000 0.00000 0.00000 0.00000 0.00000 0.00000 0.00000 0.00000 0.00000 0.00000 0.00000 0.00000 0.00000 0.00000 0.00000 0.00000 0.00000 0.00000 0.00000 0.00000 0.00000 0.00000 0.00000 0.00000 0.00000 0.00000 0.00000 0.00000 0.00000 0.00000 0.00000 0.00000 0.00000 0.00000 0.00000 0.00000 0.00000 0.00000 0.00000 0.00000 0.00000 0.00000 0.00000 0.00000 0.00000 0.00000 0.00000 0.00000 0.00000 0.00000
0.00000 0.00000 0.00000 0.00000 0.00000 0.00000 0.00000 0.00000 0.00000 0.00000 0.00000 0.00000 0.00000 0.00000 0.00000 0.00000 0.00000 0.00000 0.00000 0.00000 0.00000 0.00000 0.00000 0.00000 0.00000 0.00000 0.00000 0.00000 0.00000 0.00000 0.00000 0.00000 0.00000 0.00000 0.00000 0.00000 0.00000 0.00000 0.00000 0.00000 0.00000 0.00000 0.00000 0.00000 0.00000 0.00000 0.00000 0.00000 0.00000 0.00000 0.00000 0.00000 0.00000 0.00000 0.00000 0.00000 0.00000 0.00000 0.00000 0.00000 0.00000 0.00000 0.00000 0.00000 0.00000 0.00000 0.00000 0.00000 0.00000 0.00000 0.00000 0.00000 0.00000 0.00000 0.00000 0.00000 0.00000 0.00000 0.00000 0.00000 0.00000 0.00000 0.00000 0.00000 0.00000 0.00000 0.00000 0.00000 0.00000 0.00000 0.00000 0.00000 0.00000 0.00000 0.00000 0.00000 0.00000 0.00000 0.00000 0.00000 0.00000 0.00000 0.00000 0.00000 0.00000 0.00000 0.00000 0.00000 0.00000 0.00000 0.00000 0.00000 0.00000 0.00000 0.00000 0.00000 0.00000 0.00000 0.00000 0.00000 0.00000 0.00000 0.00000 0.00000 0.00000 0.02241 0.06703 0.11175 0.15664 0.20049 0.24474 0.29012 0.33433 0.37716 0.42142 0.44469 0.44358 0.44220 0.44289 0.44293 0.44173 0.44094 0.44145 0.44107 0.44045 0.44011 0.43994 0.44070 0.43930 0.43844 0.43899 0.43957 0.43798 0.43714 0.43832 0.43848 0.43661 0.43608 0.43752 0.43747 0.43545 0.43518 0.43674 0.43644 0.43482 0.43462 0.43546 0.43465 0.43492 0.43530 0.43415 0.43337 0.43452 0.43490 0.43329 0.43273 0.43418 0.43442 0.43266 0.43228 0.43380 0.43398 0.43227 0.43198 0.43351 0.43362 0.43196 0.43179 0.43342 0.43338 0.43166 0.43171 0.43348 0.43327 0.43151 0.43169 0.43350 0.43329 0.43152 0.43169 0.43353 0.43348 0.43183 0.43173 0.43289 0.43382 0.43335 0.43196 0.43267 0.43418 0.43352 0.43238 0.43362 0.43465 0.43329 0.41122 0.36939 0.32626 0.28182 0.23858 0.19595 0.15232 0.10849 0.06523 0.02182 0.00000 0.00000 0.00000 0.00000 0.00000 0.00000 0.00000 0.00000 0.00000 0.00000 0.00000 0.00000 0.00000 0.00000 0.00000 0.00000 0.00000 0.00000 0.00000 0.00000 0.00000 0.00000 0.00000 0.00000 0.00000 0.00000 0.00000 0.00000 0.00000 0.00000 0.00000 0.00000 0.00000 0.00000 0.00000 0.00000 0.00000 0.00000 0.00000 0.00000 0.00000 0.00000 0.00000 0.00000 0.00000 0.00000 0.00000 0.00000 0.00000 0.00000 0.00000 0.00000 0.00000 0.00000 0.00000 0.00000 0.00000 0.00000 0.00000 0.00000 0.00000 0.00000 0.00000 0.00000 0.00000 0.00000 0.00000 0.00000 0.00000 0.00000 0.00000 0.00000 0.00000 0.00000 0.00000 0.00000 0.00000 0.00000 0.00000 0.00000 0.00000 0.00000 0.00000 0.00000 0.00000 0.00000 0.00000 0.00000 0.00000 0.00000 0.00000 0.00000 0.00000 0.00000 0.00000 0.00000 0.00000 0.00000 0.00000 0.00000 0.00000 0.00000 0.00000 0.00000 0.00000 0.00000 0.00000 0.00000 0.00000 0.00000 0.00000 0.00000 0.00000 0.00000 0.00000 0.00000 0.00000 0.00000 0.00000 0.00000 0.00000 0.00000 0.00000 0.00000 0.00000
0.00000 0.00000 0.00000 0.00000 0.00000 0.00000 0.00000 0.00000 0.00000 0.00000 0.00000 0.00000 0.00000 0.00000 0.00000 0.00000 0.00000 0.00000 0.00000 0.00000 0.00000 0.00000 0.00000 0.00000 0.00000 0.00000 0.00000 0.00000 0.00000 0.00000 0.00000 0.00000 0.00000 0.00000 0.00000 0.00000 0.00000 0.00000 0.00000 0.00000 0.00000 0.00000 0.00000 0.00000 0.00000 0.00000 0.00000 0.00000 0.00000 0.00000 0.00000 0.00000 0.00000 0.00000 0.00000 0.00000 0.00000 0.00000 0.00000 0.00000 0.00000 0.00000 0.00000 0.00000 0.00000 0.00000 0.00000 0.00000 0.00000 0.00000 0.00000 0.00000 0.00000 0.00000 0.00000 0.00000 0.00000 0.00000 0.00000 0.00000 0.00000 0.00000 0.00000 0.00000 0.00000 0.00000 0.00000 0.00000 0.00000 0.00000 0.00000 0.00000 0.00000 0.00000 0.00000 0.00000 0.00000 0.00000 0.00000 0.00000 0.00000 0.00000 0.00000 0.00000 0.00000 0.00000 0.00000 0.00000 0.00000 0.00000 0.00000 0.00000 0.00000 0.00000 0.00000 0.00000 0.00000 0.00000 0.00000 0.00000 0.00000 0.00000 0.00000 0.00000 0.00000 0.02644 0.07910 0.13155 0.18457 0.23709 0.28864 0.34094 0.39408 0.44575 0.49688 0.52344 0.52336 0.52160 0.52141 0.52256 0.52141 0.51966 0.51987 0.52087 0.52049 0.51816 0.51817 0.51925 0.51918 0.51678 0.51666 0.51813 0.51758 0.51540 0.51545 0.51691 0.51612 0.51423 0.51448 0.51548 0.51464 0.51353 0.51373 0.51365 0.51331 0.51393 0.51282 0.51186 0.51263 0.51352 0.51209 0.51088 0.51173 0.51275 0.51165 0.51025 0.51085 0.51204 0.51133 0.50978 0.51013 0.51152 0.51107 0.50943 0.50961 0.51113 0.51089 0.50929 0.50927 0.51072 0.51078 0.50944 0.50912 0.51029 0.51074 0.50971 0.50913 0.51009 0.51068 0.50994 0.50941 0.50984 0.51054 0.51100 0.51010 0.50942 0.51027 0.51157 0.51112 0.50980 0.51034 0.51225 0.51168 0.51011 0.51126 0.48710 0.43485 0.38316 0.33326 0.28230 0.23026 0.17918 0.12848 0.07703 0.02561 0.00000 0.00000 0.00000 0.00000 0.00000 0.00000 0.00000 0.00000 0.00000 0.00000 0.00000 0.00000 0.00000 0.00000 0.00000 0.00000 0.00000 0.00000 0.00000 0.00000 0.00000 0.00000 0.00000 0.00000 0.00000 0.00000 0.00000 0.00000 0.00000 0.00000 0.00000 0.00000 0.00000 0.00000 0.00000 0.00000 0.00000 0.00000 0.00000 0.00000 0.00000 0.00000 0.00000 0.00000 0.00000 0.00000 0.00000 0.00000 0.00000 0.00000 0.00000 0.00000 0.00000 0.00000 0.00000 0.00000 0.00000 0.00000 0.00000 0.00000 0.00000 0.00000 0.00000 0.00000 0.00000 0.00000 0.00000 0.00000 0.00000 0.00000 0.00000 0.00000 0.00000 0.00000 0.00000 0.00000 0.00000 0.00000 0.00000 0.00000 0.00000 0.00000 0.00000 0.00000 0.00000 0.00000 0.00000 0.00000 0.00000 0.00000 0.00000 0.00000 0.00000 0.00000 0.00000 0.00000 0.00000 0.00000 0.00000 0.00000 0.00000 0.00000 0.00000 0.00000 0.00000 0.00000 0.00000 0.00000 0.00000 0.00000 0.00000 0.00000 0.00000 0.00000 0.00000 0.00000 0.00000 0.00000 0.00000 0.00000 0.00000 0.00000 0.00000 0.00000 0.00000
0.00000 0.00000 0.00000 0.00000 0.00000 0.00000 0.00000 0.00000 0.00000 0.00000 0.00000 0.00000 0.00000 0.00000 0.00000 0.00000 0.00000 0.00000 0.00000 0.00000 0.00000 0.00000 0.00000 0.00000 0.00000 0.00000 0.00000 0.00000 0.00000 0.00000 0.00000 0.00000 0.00000 0.00000 0.00000 0.00000 0.00000 0.00000 0.00000 0.00000 0.00000 0.00000 0.00000 0.00000 0.00000 0.00000 0.00000 0.00000 0.00000 0.00000 0.00000 0.00000 0.00000 0.00000 0.00000 0.00000 0.00000 0.00000 0.00000 0.00000 0.00000 0.00000 0.00000 0.00000 0.00000 0.00000 0.00000 0.00000 0.00000 0.00000 0.00000 0.00000 0.00000 0.00000 0.00000 0.00000 0.00000 0.00000 0.00000 0.00000 0.00000 0.00000 0.00000 0.00000 0.00000 0.00000 0.00000 0.00000 0.00000 0.00000 0.00000 0.00000 0.00000 0.00000 0.00000 0.00000 0.00000 0.00000 0.00000 0.00000 0.00000 0.00000 0.00000 0.00000 0.00000 0.00000 0.00000 0.00000 0.00000 0.00000 0.00000 0.00000 0.00000 0.00000 0.00000 0.00000 0.00000 0.00000 0.00000 0.00000 0.00000 0.00000 0.00000 0.00000 0.00000 0.03036 0.09131 0.15170 0.21194 0.27323 0.33369 0.39249 0.45248 0.51433 0.57398 0.60165 0.60202 0.60298 0.60091 0.59964 0.60105 0.60113 0.59884 0.59818 0.59875 0.59943 0.59767 0.59644 0.59682 0.59778 0.59590 0.59461 0.59595 0.59624 0.59384 0.59304 0.59491 0.59483 0.59211 0.59167 0.59374 0.59346 0.59090 0.59058 0.59225 0.59184 0.59094 0.59104 0.59040 0.58925 0.59046 0.59102 0.58914 0.58817 0.58992 0.59037 0.58811 0.58747 0.58948 0.58975 0.58740 0.58699 0.58908 0.58921 0.58694 0.58669 0.58883 0.58882 0.58656 0.58653 0.58879 0.58859 0.58627 0.58650 0.58884 0.58852 0.58620 0.58650 0.58890 0.58868 0.58635 0.58647 0.58866 0.58912 0.58810 0.58666 0.58752 0.58957 0.58919 0.58730 0.58833 0.59012 0.58889 0.58782 0.58990 0.56135 0.50048 0.44151 0.38427 0.32525 0.26521 0.20650 0.14810 0.08878 0.02950 0.00000 0.00000 0.00000 0.00000 0.00000 0.00000 0.00000 0.00000 0.00000 0.00000 0.00000 0.00000 0.00000 0.00000 0.00000 0.00000 0.00000 0.00000 0.00000 0.00000 0.00000 0.00000 0.00000 0.00000 0.00000 0.00000 0.00000 0.00000 0.00000 0.00000 0.00000 0.00000 0.00000 0.00000 0.00000 0.00000 0.00000 0.00000 0.00000 0.00000 0.00000 0.00000 0.00000 0.00000 0.00000 0.00000 0.00000 0.00000 0.00000 0.00000 0.00000 0.00000 0.00000 0.00000 0.00000 0.00000 0.00000 0.00000 0.00000 0.00000 0.00000 0.00000 0.00000 0.00000 0.00000 0.00000 0.00000 0.00000 0.00000 0.00000 0.00000 0.00000 0.00000 0.00000 0.00000 0.00000 0.00000 0.00000 0.00000 0.00000 0.00000 0.00000 0.00000 0.00000 0.00000 0.00000 0.00000 0.00000 0.00000 0.00000 0.00000 0.00000 0.00000 0.00000 0.00000 0.00000 0.00000 0.00000 0.00000 0.00000 0.00000 0.00000 0.00000 0.00000 0.00000 0.00000 0.00000 0.00000 0.00000 0.00000 0.00000 0.00000 0.00000 0.00000 0.00000 0.00000 0.00000 0.00000 0.00000 0.00000 0.00000 0.00000 0.00000 0.00000 0.00000
0.00000 0.00000 0.00000 0.00000 0.00000 0.00000 0.00000 0.00000 0.00000 0.00000 0.00000 0.00000 0.00000 0.00000 0.00000 0.00000 0.00000 0.00000 0.00000 0.00000 0.00000 0.00000 0.00000 0.00000 0.00000 0.00000 0.00000 0.00000 0.00000 0.00000 0.00000 0.00000 0.00000 0.00000 0.00000 0.00000 0.00000 0.00000 0.00000 0.00000 0.00000 0.00000 0.00000 0.00000 0.00000 0.00000 0.00000 0.00000 0.00000 0.00000 0.00000 0.00000 0.00000 0.00000 0.00000 0.00000 0.00000 0.00000 0.00000 0.00000 0.00000 0.00000 0.00000 0.00000 0.00000 0.00000 0.00000 0.00000 0.00000 0.00000 0.00000 0.00000 0.00000 0.00000 0.00000 0.00000 0.00000 0.00000 0.00000 0.00000 0.00000 0.00000 0.00000 0.00000 0.00000 0.00000 0.00000 0.00000 0.00000 0.00000 0.00000 0.00000 0.00000 0.00000 0.00000 0.00000 0.00000 0.00000 0.00000 0.00000 0.00000 0.00000 0.00000 0.00000 0.00000 0.00000 0.00000 0.00000 0.00000 0.00000 0.00000 0.00000 0.00000 0.00000 0.00000 0.00000 0.00000 0.00000 0.00000 0.00000 0.00000 0.00000 0.00000 0.00000 0.00000 0.03433 0.10300 0.17194 0.23968 0.30783 0.37715 0.44517 0.51172 0.57974 0.64888 0.68155 0.68005 0.68104 0.68060 0.67798 0.67778 0.67950 0.67902 0.67583 0.67568 0.67729 0.67726 0.67416 0.67375 0.67554 0.67519 0.67218 0.67203 0.67408 0.67326 0.67054 0.67060 0.67221 0.67131 0.66933 0.66956 0.66986 0.66935 0.66959 0.66865 0.66742 0.66808 0.66935 0.66754 0.66598 0.66711 0.66833 0.66676 0.66499 0.66588 0.66739 0.66634 0.66431 0.66484 0.66659 0.66597 0.66383 0.66408 0.66602 0.66567 0.66353 0.66357 0.66555 0.66549 0.66349 0.66327 0.66508 0.66543 0.66372 0.66318 0.66473 0.66539 0.66400 0.66336 0.66457 0.66523 0.66482 0.66411 0.66360 0.66471 0.66621 0.66561 0.66416 0.66445 0.66685 0.66670 0.66440 0.66523 0.66776 0.66687 0.63193 0.56695 0.50127 0.43340 0.36656 0.30095 0.23415 0.16683 0.10022 0.03351 0.00000 0.00000 0.00000 0.00000 0.00000 0.00000 0.00000 0.00000 0.00000 0.00000 0.00000 0.00000 0.00000 0.00000 0.00000 0.00000 0.00000 0.00000 0.00000 0.00000 0.00000 0.00000 0.00000 0.00000 0.00000 0.00000 0.00000 0.00000 0.00000 0.00000 0.00000 0.00000 0.00000 0.00000 0.00000 0.00000 0.00000 0.00000 0.00000 0.00000 0.00000 0.00000 0.00000 0.00000 0.00000 0.00000 0.00000 0.00000 0.00000 0.00000 0.00000 0.00000 0.00000 0.00000 0.00000 0.00000 0.00000 0.00000 0.00000 0.00000 0.00000 0.00000 0.00000 0.00000 0.00000 0.00000 0.00000 0.00000 0.00000 0.00000 0.00000 0.00000 0.00000 0.00000 0.00000 0.00000 0.00000 0.00000 0.00000 0.00000 0.00000 0.00000 0.00000 0.00000 0.00000 0.00000 0.00000 0.00000 0.00000 0.00000 0.00000 0.00000 0.00000 0.00000 0.00000 0.00000 0.00000 0.00000 0.00000 0.00000 0.00000 0.00000 0.00000 0.00000 0.00000 0.00000 0.00000 0.00000 0.00000 0.00000 0.00000 0.00000 0.00000 0.00000 0.00000 0.00000 0.00000 0.00000 0.00000 0.00000 0.00000 0.00000 0.00000 0.00000 0.00000
0.00000 0.00000 0.00000 0.00000 0.00000 0.00000 0.00000 0.00000 0.00000 0.00000 0.00000 0.00000 0.00000 0.00000 0.00000 0.00000 0.00000 0.00000 0.00000 0.00000 0.00000 0.00000 0.00000 0.00000 0.00000 0.00000 0.00000 0.00000 0.00000 0.00000 0.00000 0.00000 0.00000 0.00000 0.00000 0.00000 0.00000 0.00000 0.00000 0.00000 0.00000 0.00000 0.00000 0.00000 0.00000 0.00000 0.00000 0.00000 0.00000 0.00000 0.00000 0.00000 0.00000 0.00000 0.00000 0.00000 0.00000 0.00000 0.00000 0.00000 0.00000 0.00000 0.00000 0.00000 0.00000 0.00000 0.00000 0.00000 0.00000 0.00000 0.00000 0.00000 0.00000 0.00000 0.00000 0.00000 0.00000 0.00000 0.00000 0.00000 0.00000 0.00000 0.00000 0.00000 0.00000 0.00000 0.00000 0.00000 0.00000 0.00000 0.00000 0.00000 0.00000 0.00000 0.00000 0.00000 0.00000 0.00000 0.00000 0.00000 0.00000 0.00000 0.00000 0.00000 0.00000 0.00000 0.00000 0.00000 0.00000 0.00000 0.00000 0.00000 0.00000 0.00000 0.00000 0.00000 0.00000 0.00000 0.00000 0.00000 0.00000 0.00000 0.00000 0.00000 0.00000 0.03840 0.11484 0.19155 0.26833 0.34350 0.41931 0.49698 0.57292 0.64625 0.72183 0.76187 0.76054 0.75768 0.75862 0.75937 0.75649 0.75529 0.75688 0.75728 0.75454 0.75346 0.75402 0.75505 0.75278 0.75122 0.75256 0.75302 0.75020 0.74913 0.75129 0.75116 0.74789 0.74723 0.74967 0.74944 0.74602 0.74566 0.74784 0.74764 0.74599 0.74504 0.74554 0.74481 0.74540 0.74594 0.74392 0.74260 0.74446 0.74518 0.74259 0.74157 0.74387 0.74436 0.74149 0.74090 0.74340 0.74363 0.74079 0.74044 0.74301 0.74307 0.74031 0.74018 0.74281 0.74269 0.73992 0.74010 0.74280 0.74250 0.73971 0.74012 0.74289 0.74254 0.73976 0.74006 0.74294 0.74300 0.74089 0.74005 0.74144 0.74358 0.74338 0.74088 0.74160 0.74406 0.74351 0.74168 0.74342 0.74517 0.74291 0.70518 0.63361 0.55959 0.48318 0.40903 0.33612 0.26141 0.18606 0.11179 0.03741 0.00000 0.00000 0.00000 0.00000 0.00000 0.00000 0.00000 0.00000 0.00000 0.00000 0.00000 0.00000 0.00000 0.00000 0.00000 0.00000 0.00000 0.00000 0.00000 0.00000 0.00000 0.00000 0.00000 0.00000 0.00000 0.00000 0.00000 0.00000 0.00000 0.00000 0.00000 0.00000 0.00000 0.00000 0.00000 0.00000 0.00000 0.00000 0.00000 0.00000 0.00000 0.00000 0.00000 0.00000 0.00000 0.00000 0.00000 0.00000 0.00000 0.00000 0.00000 0.00000 0.00000 0.00000 0.00000 0.00000 0.00000 0.00000 0.00000 0.00000 0.00000 0.00000 0.00000 0.00000 0.00000 0.00000 0.00000 0.00000 0.00000 0.00000 0.00000 0.00000 0.00000 0.00000 0.00000 0.00000 0.00000 0.00000 0.00000 0.00000 0.00000 0.00000 0.00000 0.00000 0.00000 0.00000 0.00000 0.00000 0.00000 0.00000 0.00000 0.00000 0.00000 0.00000 0.00000 0.00000 0.00000 0.00000 0.00000 0.00000 0.00000 0.00000 0.00000 0.00000 0.00000 0.00000 0.00000 0.00000 0.00000 0.00000 0.00000 0.00000 0.00000 0.00000 0.00000 0.00000 0.00000 0.00000 0.00000 0.00000 0.00000 0.00000 0.00000 0.00000 0.00000
0.00000 0.00000 0.00000 0.00000 0.00000 0.00000 0.00000 0.00000 0.00000 0.00000 0.00000 0.00000 0.00000 0.00000 0.00000 0.00000 0.00000 0.00000 0.00000 0.00000 0.00000 0.00000 0.00000 0.00000 0.00000 0.00000 0.00000 0.00000 0.00000 0.00000 0.00000 0.00000 0.00000 0.00000 0.00000 0.00000 0.00000 0.00000 0.00000 0.00000 0.00000 0.00000 0.00000 0.00000 0.00000 0.00000 0.00000 0.00000 0.00000 0.00000 0.00000 0.00000 0.00000 0.00000 0.00000 0.00000 0.00000 0.00000 0.00000 0.00000 0.00000 0.00000 0.00000 0.00000 0.00000 0.00000 0.00000 0.00000 0.00000 0.00000 0.00000 0.00000 0.00000 0.00000 0.00000 0.00000 0.00000 0.00000 0.00000 0.00000 0.00000 0.00000 0.00000 0.00000 0.00000 0.00000 0.00000 0.00000 0.00000 0.00000 0.00000 0.00000 0.00000 0.00000 0.00000 0.00208 0.00623 0.01035 0.01447 0.01863 0.02274 0.02683 0.03094 0.03500 0.03907 0.04113 0.04112 0.04099 0.04092 0.04095 0.04095 0.04083 0.04073 0.04073 0.04079 0.04074 0.04056 0.04053 0.04063 0.04054 0.04040 0.04042 0.04045 0.04032 0.04025 0.07869 0.15491 0.23081 0.30780 0.38401 0.45847 0.53404 0.61132 0.68679 0.76019 0.79791 0.79872 0.79693 0.79554 0.79682 0.79625 0.79307 0.79282 0.79474 0.79455 0.79087 0.79050 0.79246 0.79228 0.78866 0.78834 0.79078 0.79000 0.78664 0.78643 0.78863 0.78781 0.78492 0.78494 0.78593 0.78542 0.78493 0.78404 0.78287 0.78320 0.78495 0.78321 0.78104 0.78221 0.78364 0.78182 0.77972 0.78076 0.78248 0.78123 0.77874 0.77946 0.78149 0.78076 0.77813 0.77850 0.78073 0.78033 0.77769 0.77783 0.78020 0.78004 0.77745 0.77740 0.77974 0.77990 0.77750 0.77718 0.77933 0.77987 0.77777 0.77721 0.77908 0.77977 0.77828 0.77776 0.77839 0.77914 0.78039 0.77958 0.77835 0.77841 0.78097 0.78121 0.77870 0.77893 0.78216 0.78180 0.77914 0.78065 0.74575 0.67030 0.59520 0.52255 0.44873 0.37345 0.29918 0.22556 0.15102 0.07636 0.03921 0.03930 0.03925 0.03923 0.03931 0.03937 0.03930 0.03933 0.03942 0.03944 0.03741 0.03353 0.02963 0.02567 0.02171 0.01781 0.01386 0.00988 0.00594 0.00199 0.00000 0.00000 0.00000 0.00000 0.00000 0.00000 0.00000 0.00000 0.00000 0.00000 0.00000 0.00000 0.00000 0.00000 0.00000 0.00000 0.00000 0.00000 0.00000 0.00000 0.00000 0.00000 0.00000 0.00000 0.00000 0.00000 0.00000 0.00000 0.00000 0.00000 0.00000 0.00000 0.00000 0.00000 0.00000 0.00000 0.00000 0.00000 0.00000 0.00000 0.00000 0.00000 0.00000 0.00000 0.00000 0.00000 0.00000 0.00000 0.00000 0.00000 0.00000 0.00000 0.00000 0.00000 0.00000 0.00000 0.00000 0.00000 0.00000 0.00000 0.00000 0.00000 0.00000 0.00000 0.00000 0.00000 0.00000 0.00000 0.00000 0.00000 0.00000 0.00000 0.00000 0.00000 0.00000 0.00000 0.00000 0.00000 0.00000 0.00000 0.00000 0.00000 0.00000 0.00000 0.00000 0.00000 0.00000 0.00000 0.00000 0.00000 0.00000 0.00000 0.00000 0.00000 0.00000 0.00000 0.00000 0.00000 0.00000 0.00000 0.00000 0.00000 0.00000 0.00000 0.00000
0.00000 0.00000 0.00000 0.00000 0.00000 0.00000 0.00000 0.00000 0.00000 0.00000 0.00000 0.00000 0.00000 0.00000 0.00000 0.00000 0.00000 0.00000 0.00000 0.00000 0.00000 0.00000 0.00000 0.00000 0.00000 0.00000 0.00000 0.00000 0.00000 0.00000 0.00000 0.00000 0.00000 0.00000 0.00000 0.00000 0.00000 0.00000 0.00000 0.00000 0.00000 0.00000 0.00000 0.00000 0.00000 0.00000 0.00000 0.00000 0.00000 0.00000 0.00000 0.00000 0.00000 0.00000 0.00000 0.00000 0.00000 0.00000 0.00000 0.00000 0.00000 0.00000 0.00000 0.00000 0.00000 0.00000 0.00000 0.00000 0.00000 0.00000 0.00000 0.00000 0.00000 0.00000 0.00000 0.00000 0.00000 0.00000 0.00000 0.00000 0.00000 0.00000 0.00000 0.00000 0.00000 0.00000 0.00000 0.00000 0.00000 0.00000 0.00000 0.00000 0.00000 0.00000 0.00000 0.00621 0.01867 0.03107 0.04336 0.05567 0.06810 0.08038 0.09265 0.10502 0.11698 0.12298 0.12307 0.12298 0.12258 0.12241 0.12252 0.12247 0.12215 0.12187 0.12185 0.12199 0.12184 0.12135 0.12121 0.12152 0.12129 0.12084 0.12092 0.12102 0.12067 0.15456 0.22331 0.29083 0.35832 0.42746 0.49527 0.56087 0.62816 0.69788 0.76524 0.79555 0.79522 0.79708 0.79558 0.79294 0.79410 0.79472 0.79173 0.79068 0.79206 0.79252 0.78978 0.78858 0.79001 0.79026 0.78735 0.78634 0.78848 0.78820 0.78498 0.78425 0.78660 0.78636 0.78283 0.78237 0.78450 0.78447 0.78287 0.78139 0.78205 0.78217 0.78221 0.78194 0.78033 0.77928 0.78082 0.78153 0.77909 0.77789 0.77989 0.78066 0.77784 0.77711 0.77943 0.77984 0.77692 0.77655 0.77900 0.77919 0.77640 0.77619 0.77867 0.77872 0.77601 0.77604 0.77854 0.77842 0.77570 0.77604 0.77859 0.77833 0.77559 0.77602 0.77871 0.77862 0.77609 0.77582 0.77784 0.77931 0.77914 0.77654 0.77711 0.77960 0.77979 0.77759 0.77836 0.78062 0.77926 0.77804 0.78078 0.74873 0.67974 0.61354 0.54973 0.48345 0.41537 0.34933 0.28419 0.21757 0.15036 0.11732 0.11780 0.11782 0.11739 0.11754 0.11797 0.11807 0.11769 0.11777 0.11820 0.11244 0.10028 0.08850 0.07701 0.06526 0.05322 0.04139 0.02969 0.01784 0.00593 0.00000 0.00000 0.00000 0.00000 0.00000 0.00000 0.00000 0.00000 0.00000 0.00000 0.00000 0.00000 0.00000 0.00000 0.00000 0.00000 0.00000 0.00000 0.00000 0.00000 0.00000 0.00000 0.00000 0.00000 0.00000 0.00000 0.00000 0.00000 0.00000 0.00000 0.00000 0.00000 0.00000 0.00000 0.00000 0.00000 0.00000 0.00000 0.00000 0.00000 0.00000 0.00000 0.00000 0.00000 0.00000 0.00000 0.00000 0.00000 0.00000 0.00000 0.00000 0.00000 0.00000 0.00000 0.00000 0.00000 0.00000 0.00000 0.00000 0.00000 0.00000 0.00000 0.00000 0.00000 0.00000 0.00000 0.00000 0.00000 0.00000 0.00000 0.00000 0.00000 0.00000 0.00000 0.00000 0.00000 0.00000 0.00000 0.00000 0.00000 0.00000 0.00000 0.00000 0.00000 0.00000 0.00000 0.00000 0.00000 0.00000 0.00000 0.00000 0.00000 0.00000 0.00000 0.00000 0.00000 0.00000 0.00000 0.00000 0.00000 0.00000 0.00000 0.00000 0.00000 0.00000
0.00000 0.00000 0.00000 0.00000 0.00000 0.00000 0.00000 0.00000 0.00000 0.00000 0.00000 0.00000 0.00000 0.00000 0.00000 0.00000 0.00000 0.00000 0.00000 0.00000 0.00000 0.00000 0.00000 0.00000 0.00000 0.00000 0.00000 0.00000 0.00000 0.00000 0.00000 0.00000 0.00000 0.00000 0.00000 0.00000 0.00000 0.00000 0.00000 0.00000 0.00000 0.00000 0.00000 0.00000 0.00000 0.00000 0.00000 0.00000 0.00000 0.00000 0.00000 0.00000 0.00000 0.00000 0.00000 0.00000 0.00000 0.00000 0.00000 0.00000 0.00000 0.00000 0.00000 0.00000 0.00000 0.00000 0.00000 0.00000 0.00000 0.00000 0.00000 0.00000 0.00000 0.00000 0.00000 0.00000 0.00000 0.00000 0.00000 0.00000 0.00000 0.00000 0.00000 0.00000 0.00000 0.00000 0.00000 0.00000 0.00000 0.00000 0.00000 0.00000 0.00000 0.00000 0.00000 0.01033 0.03096 0.05167 0.07224 0.09263 0.11317 0.13362 0.15392 0.17441 0.19498 0.20454 0.20414 0.20434 0.20431 0.20368 0.20323 0.20339 0.20347 0.20302 0.20236 0.20229 0.20267 0.20233 0.20152 0.20146 0.20184 0.20125 0.20073 0.20116 0.20093 0.23031 0.29047 0.35102 0.40958 0.46879 0.52991 0.58946 0.64688 0.70585 0.76680 0.79620 0.79367 0.79327 0.79376 0.79255 0.79112 0.79193 0.79185 0.78940 0.78842 0.79000 0.79001 0.78696 0.78611 0.78840 0.78778 0.78454 0.78402 0.78635 0.78566 0.78254 0.78223 0.78390 0.78352 0.78189 0.78096 0.78065 0.78095 0.78245 0.78077 0.77861 0.77932 0.78098 0.77958 0.77711 0.77795 0.77968 0.77864 0.77594 0.77662 0.77866 0.77806 0.77518 0.77562 0.77785 0.77752 0.77469 0.77492 0.77731 0.77711 0.77433 0.77445 0.77691 0.77688 0.77416 0.77416 0.77658 0.77680 0.77425 0.77406 0.77625 0.77675 0.77463 0.77432 0.77580 0.77634 0.77642 0.77588 0.77529 0.77521 0.77755 0.77786 0.77574 0.77540 0.77844 0.77862 0.77588 0.77676 0.77958 0.77877 0.74784 0.69124 0.63400 0.57451 0.51572 0.45864 0.40050 0.34125 0.28273 0.22487 0.19558 0.19536 0.19547 0.19590 0.19568 0.19578 0.19608 0.19627 0.19596 0.19625 0.18679 0.16714 0.14732 0.12793 0.10841 0.08862 0.06892 0.04937 0.02964 0.00986 0.00000 0.00000 0.00000 0.00000 0.00000 0.00000 0.00000 0.00000 0.00000 0.00000 0.00000 0.00000 0.00000 0.00000 0.00000 0.00000 0.00000 0.00000 0.00000 0.00000 0.00000 0.00000 0.00000 0.00000 0.00000 0.00000 0.00000 0.00000 0.00000 0.00000 0.00000 0.00000 0.00000 0.00000 0.00000 0.00000 0.00000 0.00000 0.00000 0.00000 0.00000 0.00000 0.00000 0.00000 0.00000 0.00000 0.00000 0.00000 0.00000 0.00000 0.00000 0.00000 0.00000 0.00000 0.00000 0.00000 0.00000 0.00000 0.00000 0.00000 0.00000 0.00000 0.00000 0.00000 0.00000 0.00000 0.00000 0.00000 0.00000 0.00000 0.00000 0.00000 0.00000 0.00000 0.00000 0.00000 0.00000 0.00000 0.00000 0.00000 0.00000 0.00000 0.00000 0.00000 0.00000 0.00000 0.00000 0.00000 0.00000 0.00000 0.00000 0.00000 0.00000 0.00000 0.00000 0.00000 0.00000 0.00000 0.00000 0.00000 0.00000 0.00000 0.00000 0.00000 0.00000
0.00000 0.00000 0.00000 0.00000 0.00000 0.00000 0.00000 0.00000 0.00000 0.00000 0.00000 0.00000 0.00000 0.00000 0.00000 0.00000 0.00000 0.00000 0.00000 0.00000 0.00000 0.00000 0.00000 0.00000 0.00000 0.00000 0.00000 0.00000 0.00000 0.00000 0.00000 0.00000 0.00000 0.00000 0.00000 0.00000 0.00000 0.00000 0.00000 0.00000 0.00000 0.00000 0.00000 0.00000 0.00000 0.00000 0.00000 0.00000 0.00000 0.00000 0.00000 0.00000 0.00000 0.00000 0.00000 0.00000 0.00000 0.00000 0.00000 0.00000 0.00000 0.00000 0.00000 0.00000 0.00000 0.00000 0.00000 0.00000 0.00000 0.00000 0.00000 0.00000 0.00000 0.00000 0.00000 0.00000 0.00000 0.00000 0.00000 0.00000 0.00000 0.00000 0.00000 0.00000 0.00000 0.00000 0.00000 0.00000 0.00000 0.00000 0.00000 0.00000 0.00000 0.00000 0.00000 0.01447 0.04325 0.07203 0.10094 0.12959 0.15806 0.18693 0.21512 0.24333 0.27210 0.28642 0.28541 0.28491 0.28524 0.28513 0.28422 0.28369 0.28395 0.28396 0.28328 0.28249 0.28247 0.28283 0.28226 0.28130 0.28140 0.28170 0.28097 0.28017 0.28079 0.30640 0.35753 0.41001 0.46186 0.51179 0.56292 0.61626 0.66749 0.71612 0.76706 0.79481 0.79428 0.79092 0.79070 0.79210 0.79083 0.78844 0.78978 0.79004 0.78752 0.78623 0.78814 0.78782 0.78491 0.78400 0.78631 0.78566 0.78258 0.78190 0.78419 0.78372 0.78051 0.78000 0.78180 0.78189 0.78059 0.77877 0.77914 0.77944 0.77989 0.77892 0.77736 0.77726 0.77823 0.77846 0.77622 0.77528 0.77677 0.77769 0.77512 0.77433 0.77615 0.77681 0.77403 0.77367 0.77578 0.77610 0.77344 0.77320 0.77535 0.77559 0.77311 0.77295 0.77507 0.77522 0.77284 0.77287 0.77500 0.77503 0.77261 0.77286 0.77507 0.77516 0.77275 0.77272 0.77471 0.77585 0.77559 0.77315 0.77379 0.77602 0.77657 0.77428 0.77440 0.77678 0.77664 0.77468 0.77647 0.77827 0.77579 0.75025 0.70279 0.65274 0.59985 0.54959 0.50121 0.45075 0.39860 0.34826 0.29894 0.27367 0.27260 0.27291 0.27401 0.27422 0.27312 0.27348 0.27441 0.27481 0.27393 0.26036 0.23382 0.20660 0.17851 0.15106 0.12410 0.09666 0.06885 0.04129 0.01382 0.00000 0.00000 0.00000 0.00000 0.00000 0.00000 0.00000 0.00000 0.00000 0.00000 0.00000 0.00000 0.00000 0.00000 0.00000 0.00000 0.00000 0.00000 0.00000 0.00000 0.00000 0.00000 0.00000 0.00000 0.00000 0.00000 0.00000 0.00000 0.00000 0.00000 0.00000 0.00000 0.00000 0.00000 0.00000 0.00000 0.00000 0.00000 0.00000 0.00000 0.00000 0.00000 0.00000 0.00000 0.00000 0.00000 0.00000 0.00000 0.00000 0.00000 0.00000 0.00000 0.00000 0.00000 0.00000 0.00000 0.00000 0.00000 0.00000 0.00000 0.00000 0.00000 0.00000 0.00000 0.00000 0.00000 0.00000 0.00000 0.00000 0.00000 0.00000 0.00000 0.00000 0.00000 0.00000 0.00000 0.00000 0.00000 0.00000 0.00000 0.00000 0.00000 0.00000 0.00000 0.00000 0.00000 0.00000 0.00000 0.00000 0.00000 0.00000 0.00000 0.00000 0.00000 0.00000 0.00000 0.00000 0.00000 0.00000 0.00000 0.00000 0.00000 0.00000 0.00000 0.00000
0.00000 0.00000 0.00000 0.00000 0.00000 0.00000 0.00000 0.00000 0.00000 0.00000 0.00000 0.00000 0.00000 0.00000 0.00000 0.00000 0.00000 0.00000 0.00000 0.00000 0.00000 0.00000 0.00000 0.00000 0.00000 0.00000 0.00000 0.00000 0.00000 0.00000 0.00000 0.00000 0.00000 0.00000 0.00000 0.00000 0.00000 0.00000 0.00000 0.00000 0.00000 0.00000 0.00000 0.00000 0.00000 0.00000 0.00000 0.00000 0.00000 0.00000 0.00000 0.00000 0.00000 0.00000 0.00000 0.00000 0.00000 0.00000 0.00000 0.00000 0.00000 0.00000 0.00000 0.00000 0.00000 0.00000 0.00000 0.00000 0.00000 0.00000 0.00000 0.00000 0.00000 0.00000 0.00000 0.00000 0.00000 0.00000 0.00000 0.00000 0.00000 0.00000 0.00000 0.00000 0.00000 0.00000 0.00000 0.00000 0.00000 0.00000 0.00000 0.00000 0.00000 0.00000 0.00000 0.01856 0.05563 0.09239 0.12928 0.16625 0.20285 0.23940 0.27649 0.31237 0.34834 0.36695 0.36702 0.36579 0.36498 0.36537 0.36543 0.36433 0.36341 0.36371 0.36394 0.36309 0.36191 0.36204 0.36245 0.36151 0.36045 0.36115 0.36090 0.35974 0.35919 0.38208 0.42487 0.46763 0.51264 0.55610 0.59761 0.64037 0.68539 0.72876 0.76987 0.79049 0.79143 0.79155 0.78945 0.78845 0.78871 0.78873 0.78670 0.78689 0.78734 0.78581 0.78388 0.78539 0.78537 0.78277 0.78163 0.78381 0.78327 0.78033 0.77965 0.78171 0.78135 0.77881 0.77797 0.77865 0.77936 0.77964 0.77757 0.77619 0.77681 0.77821 0.77708 0.77451 0.77519 0.77684 0.77614 0.77315 0.77367 0.77568 0.77539 0.77218 0.77266 0.77485 0.77468 0.77164 0.77193 0.77430 0.77413 0.77118 0.77141 0.77395 0.77379 0.77087 0.77107 0.77369 0.77361 0.77075 0.77090 0.77347 0.77351 0.77089 0.77103 0.77291 0.77327 0.77261 0.77219 0.77227 0.77221 0.77423 0.77441 0.77252 0.77194 0.77476 0.77514 0.77288 0.77305 0.77603 0.77544 0.77326 0.77496 0.75539 0.71172 0.66824 0.62722 0.58540 0.54167 0.49854 0.45719 0.41505 0.37148 0.34980 0.35084 0.35121 0.35080 0.35080 0.35154 0.35107 0.35156 0.35213 0.35231 0.33423 0.29954 0.26482 0.22948 0.19401 0.15903 0.12392 0.08841 0.05304 0.01773 0.00000 0.00000 0.00000 0.00000 0.00000 0.00000 0.00000 0.00000 0.00000 0.00000 0.00000 0.00000 0.00000 0.00000 0.00000 0.00000 0.00000 0.00000 0.00000 0.00000 0.00000 0.00000 0.00000 0.00000 0.00000 0.00000 0.00000 0.00000 0.00000 0.00000 0.00000 0.00000 0.00000 0.00000 0.00000 0.00000 0.00000 0.00000 0.00000 0.00000 0.00000 0.00000 0.00000 0.00000 0.00000 0.00000 0.00000 0.00000 0.00000 0.00000 0.00000 0.00000 0.00000 0.00000 0.00000 0.00000 0.00000 0.00000 0.00000 0.00000 0.00000 0.00000 0.00000 0.00000 0.00000 0.00000 0.00000 0.00000 0.00000 0.00000 0.00000 0.00000 0.00000 0.00000 0.00000 0.00000 0.00000 0.00000 0.00000 0.00000 0.00000 0.00000 0.00000 0.00000 0.00000 0.00000 0.00000 0.00000 0.00000 0.00000 0.00000 0.00000 0.00000 0.00000 0.00000 0.00000 0.00000 0.00000 0.00000 0.00000 0.00000 0.00000 0.00000 0.00000 0.00000
0.00000 0.00000 0.00000 0.00000 0.00000 0.00000 0.00000 0.00000 0.00000 0.00000 0.00000 0.00000 0.00000 0.00000 0.00000 0.00000 0.00000 0.00000 0.00000 0.00000 0.00000 0.00000 0.00000 0.00000 0.00000 0.00000 0.00000 0.00000 0.00000 0.00000 0.00000 0.00000 0.00000 0.00000 0.00000 0.00000 0.00000 0.00000 0.00000 0.00000 0.00000 0.00000 0.00000 0.00000 0.00000 0.00000 0.00000 0.00000 0.00000 0.00000 0.00000 0.00000 0.00000 0.00000 0.00000 0.00000 0.00000 0.00000 0.00000 0.00000 0.00000 0.00000 0.00000 0.00000 0.00000 0.00000 0.00000 0.00000 0.00000 0.00000 0.00000 0.00000 0.00000 0.00000 0.00000 0.00000 0.00000 0.00000 0.00000 0.00000 0.00000 0.00000 0.00000 0.00000 0.00000 0.00000 0.00000 0.00000 0.00000 0.00000 0.00000 0.00000 0.00000 0.00000 0.00000 0.02259 0.06784 0.11293 0.15759 0.20260 0.24749 0.29191 0.33658 0.38172 0.42523 0.44664 0.44708 0.44712 0.44554 0.44466 0.44522 0.44519 0.44372 0.44278 0.44332 0.44335 0.44203 0.44094 0.44161 0.44154 0.44023 0.43913 0.44008 0.43963 0.43842 0.45601 0.49235 0.52664 0.56155 0.59870 0.63369 0.66675 0.70164 0.73910 0.77405 0.78878 0.78796 0.78955 0.78916 0.78662 0.78641 0.78699 0.78584 0.78392 0.78532 0.78525 0.78271 0.78154 0.78378 0.78309 0.78009 0.77941 0.78180 0.78105 0.77804 0.77754 0.77954 0.77916 0.77734 0.77622 0.77635 0.77686 0.77734 0.77630 0.77437 0.77441 0.77570 0.77536 0.77313 0.77291 0.77392 0.77455 0.77233 0.77160 0.77272 0.77370 0.77120 0.77077 0.77249 0.77294 0.77042 0.77017 0.77203 0.77238 0.77015 0.76980 0.77158 0.77197 0.76998 0.76962 0.77132 0.77172 0.76992 0.76953 0.77114 0.77178 0.77019 0.76942 0.77094 0.77236 0.77218 0.76985 0.77051 0.77260 0.77311 0.77084 0.77078 0.77307 0.77363 0.77112 0.77202 0.77449 0.77316 0.77181 0.77455 0.75823 0.72071 0.68604 0.65393 0.61949 0.58264 0.54786 0.51501 0.48051 0.44424 0.42671 0.42842 0.42882 0.42742 0.42759 0.42910 0.42970 0.42822 0.42856 0.42994 0.40911 0.36501 0.32218 0.28026 0.23743 0.19378 0.15070 0.10806 0.06493 0.02160 0.00000 0.00000 0.00000 0.00000 0.00000 0.00000 0.00000 0.00000 0.00000 0.00000 0.00000 0.00000 0.00000 0.00000 0.00000 0.00000 0.00000 0.00000 0.00000 0.00000 0.00000 0.00000 0.00000 0.00000 0.00000 0.00000 0.00000 0.00000 0.00000 0.00000 0.00000 0.00000 0.00000 0.00000 0.00000 0.00000 0.00000 0.00000 0.00000 0.00000 0.00000 0.00000 0.00000 0.00000 0.00000 0.00000 0.00000 0.00000 0.00000 0.00000 0.00000 0.00000 0.00000 0.00000 0.00000 0.00000 0.00000 0.00000 0.00000 0.00000 0.00000 0.00000 0.00000 0.00000 0.00000 0.00000 0.00000 0.00000 0.00000 0.00000 0.00000 0.00000 0.00000 0.00000 0.00000 0.00000 0.00000 0.00000 0.00000 0.00000 0.00000 0.00000 0.00000 0.00000 0.00000 0.00000 0.00000 0.00000 0.00000 0.00000 0.00000 0.00000 0.00000 0.00000 0.00000 0.00000 0.00000 0.00000 0.00000 0.00000 0.00000 0.00000 0.00000 0.00000 0.00000
0.00000 0.00000 0.00000 0.00000 0.00000 0.00000 0.00000 0.00000 0.00000 0.00000 0.00000 0.00000 0.00000 0.00000 0.00000 0.00000 0.00000 0.00000 0.00000 0.00000 0.00000 0.00000 0.00000 0.00000 0.00000 0.00000 0.00000 0.00000 0.00000 0.00000 0.00000 0.00000 0.00000 0.00000 0.00000 0.00000 0.00000 0.00000 0.00000 0.00000 0.00000 0.00000 0.00000 0.00000 0.00000 0.00000 0.00000 0.00000 0.00000 0.00000 0.00000 0.00000 0.00000 0.00000 0.00000 0.00000 0.00000 0.00000 0.00000 0.00000 0.00000 0.00000 0.00000 0.00000 0.00000 0.00000 0.00000 0.00000 0.00000 0.00000 0.00000 0.00000 0.00000 0.00000 0.00000 0.00000 0.00000 0.00000 0.00000 0.00000 0.00000 0.00000 0.00000 0.00000 0.00000 0.00000 0.00000 0.00000 0.00000 0.00000 0.00000 0.00000 0.00000 0.00000 0.00000 0.02663 0.07983 0.13316 0.18615 0.23869 0.29185 0.34444 0.39656 0.44928 0.50244 0.52722 0.52605 0.52647 0.52663 0.52486 0.52371 0.52427 0.52441 0.52276 0.52151 0.52210 0.52222 0.52062 0.51937 0.52044 0.52000 0.51831 0.51739 0.51863 0.51749 0.53003 0.55873 0.58633 0.61188 0.63860 0.66788 0.69504 0.72027 0.74664 0.77552 0.78913 0.78723 0.78555 0.78597 0.78668 0.78538 0.78369 0.78381 0.78399 0.78186 0.78210 0.78269 0.78096 0.77920 0.78083 0.78070 0.77813 0.77708 0.77920 0.77880 0.77606 0.77523 0.77670 0.77715 0.77631 0.77403 0.77362 0.77495 0.77534 0.77384 0.77189 0.77259 0.77396 0.77311 0.77041 0.77085 0.77263 0.77256 0.76955 0.76965 0.77157 0.77175 0.76876 0.76885 0.77114 0.77108 0.76807 0.76828 0.77086 0.77062 0.76764 0.76788 0.77061 0.77034 0.76741 0.76766 0.77046 0.77015 0.76743 0.76776 0.77014 0.76986 0.76911 0.76883 0.76907 0.76913 0.77090 0.77088 0.76906 0.76862 0.77126 0.77158 0.76963 0.76952 0.77216 0.77174 0.76993 0.77128 0.77347 0.77211 0.75737 0.73230 0.70645 0.67829 0.65052 0.62522 0.59936 0.57105 0.54333 0.51777 0.50548 0.50430 0.50390 0.50523 0.50609 0.50533 0.50584 0.50638 0.50538 0.50640 0.48208 0.43148 0.38018 0.32992 0.27987 0.22901 0.17789 0.12724 0.07655 0.02549 0.00000 0.00000 0.00000 0.00000 0.00000 0.00000 0.00000 0.00000 0.00000 0.00000 0.00000 0.00000 0.00000 0.00000 0.00000 0.00000 0.00000 0.00000 0.00000 0.00000 0.00000 0.00000 0.00000 0.00000 0.00000 0.00000 0.00000 0.00000 0.00000 0.00000 0.00000 0.00000 0.00000 0.00000 0.00000 0.00000 0.00000 0.00000 0.00000 0.00000 0.00000 0.00000 0.00000 0.00000 0.00000 0.00000 0.00000 0.00000 0.00000 0.00000 0.00000 0.00000 0.00000 0.00000 0.00000 0.00000 0.00000 0.00000 0.00000 0.00000 0.00000 0.00000 0.00000 0.00000 0.00000 0.00000 0.00000 0.00000 0.00000 0.00000 0.00000 0.00000 0.00000 0.00000 0.00000 0.00000 0.00000 0.00000 0.00000 0.00000 0.00000 0.00000 0.00000 0.00000 0.00000 0.00000 0.00000 0.00000 0.00000 0.00000 0.00000 0.00000 0.00000 0.00000 0.00000 0.00000 0.00000 0.00000 0.00000 0.00000 0.00000 0.00000 0.00000 0.00000 0.00000
0.00000 0.00000 0.00000 0.00000 0.00000 0.00000 0.00000 0.00000 0.00000 0.00000 0.00000 0.00000 0.00000 0.00000 0.00000 0.00000 0.00000 0.00000 0.00000 0.00000 0.00000 0.00000 0.00000 0.00000 0.00000 0.00000 0.00000 0.00000 0.00000 0.00000 0.00000 0.00000 0.00000 0.00000 0.00000 0.00000 0.00000 0.00000 0.00000 0.00000 0.00000 0.00000 0.00000 0.00000 0.00000 0.00000 0.00000 0.00000 0.00000 0.00000 0.00000 0.00000 0.00000 0.00000 0.00000 0.00000 0.00000 0.00000 0.00000 0.00000 0.00000 0.00000 0.00000 0.00000 0.00000 0.00000 0.00000 0.00000 0.00000 0.00000 0.00000 0.00000 0.00000 0.00000 0.00000 0.00000 0.00000 0.00000 0.00000 0.00000 0.00000 0.00000 0.00000 0.00000 0.00000 0.00000 0.00000 0.00000 0.00000 0.00000 0.00000 0.00000 0.00000 0.00000 0.00000 0.03073 0.09187 0.15301 0.21439 0.27516 0.33550 0.39670 0.45700 0.51670 0.57747 0.60818 0.60619 0.60493 0.60553 0.60564 0.60342 0.60230 0.60311 0.60310 0.60089 0.59976 0.60075 0.60057 0.59834 0.59726 0.59869 0.59803 0.59617 0.59521 0.59621 0.60489 0.62352 0.64451 0.66338 0.68075 0.69973 0.72129 0.73997 0.75693 0.77563 0.78731 0.78653 0.78433 0.78330 0.78403 0.78364 0.78248 0.78218 0.78203 0.78052 0.77912 0.78074 0.78045 0.77763 0.77682 0.77918 0.77837 0.77543 0.77491 0.77720 0.77639 0.77379 0.77347 0.77431 0.77432 0.77430 0.77308 0.77153 0.77167 0.77300 0.77253 0.77011 0.76999 0.77132 0.77138 0.76936 0.76875 0.76948 0.77058 0.76887 0.76779 0.76904 0.76978 0.76748 0.76709 0.76881 0.76914 0.76708 0.76661 0.76821 0.76867 0.76699 0.76634 0.76775 0.76838 0.76707 0.76615 0.76725 0.76842 0.76786 0.76596 0.76682 0.76896 0.76916 0.76643 0.76704 0.76927 0.76954 0.76734 0.76730 0.76961 0.77012 0.76750 0.76805 0.77081 0.77057 0.76813 0.77000 0.77188 0.76977 0.75960 0.74322 0.72465 0.70310 0.68379 0.66695 0.64846 0.62772 0.60786 0.59037 0.58182 0.58119 0.58011 0.58176 0.58300 0.58284 0.58143 0.58260 0.58422 0.58289 0.55374 0.49704 0.43911 0.37972 0.32148 0.26388 0.20541 0.14649 0.08795 0.02939 0.00000 0.00000 0.00000 0.00000 0.00000 0.00000 0.00000 0.00000 0.00000 0.00000 0.00000 0.00000 0.00000 0.00000 0.00000 0.00000 0.00000 0.00000 0.00000 0.00000 0.00000 0.00000 0.00000 0.00000 0.00000 0.00000 0.00000 0.00000 0.00000 0.00000 0.00000 0.00000 0.00000 0.00000 0.00000 0.00000 0.00000 0.00000 0.00000 0.00000 0.00000 0.00000 0.00000 0.00000 0.00000 0.00000 0.00000 0.00000 0.00000 0.00000 0.00000 0.00000 0.00000 0.00000 0.00000 0.00000 0.00000 0.00000 0.00000 0.00000 0.00000 0.00000 0.00000 0.00000 0.00000 0.00000 0.00000 0.00000 0.00000 0.00000 0.00000 0.00000 0.00000 0.00000 0.00000 0.00000 0.00000 0.00000 0.00000 0.00000 0.00000 0.00000 0.00000 0.00000 0.00000 0.00000 0.00000 0.00000 0.00000 0.00000 0.00000 0.00000 0.00000 0.00000 0.00000 0.00000 0.00000 0.00000 0.00000 0.00000 0.00000 0.00000 0.00000 0.00000 0.00000
0.00000 0.00000 0.00000 0.00000 0.00000 0.00000 0.00000 0.00000 0.00000 0.00000 0.00000 0.00000 0.00000 0.00000 0.00000 0.00000 0.00000 0.00000 0.00000 0.00000 0.00000 0.00000 0.00000 0.00000 0.00000 0.00000 0.00000 0.00000 0.00000 0.00000 0.00000 0.00000 0.00000 0.00000 0.00000 0.00000 0.00000 0.00000 0.00000 0.00000 0.00000 0.00000 0.00000 0.00000 0.00000 0.00000 0.00000 0.00000 0.00000 0.00000 0.00000 0.00000 0.00000 0.00000 0.00000 0.00000 0.00000 0.00000 0.00000 0.00000 0.00000 0.00000 0.00000 0.00000 0.00000 0.00000 0.00000 0.00000 0.00000 0.00000 0.00000 0.00000 0.00000 0.00000 0.00000 0.00000 0.00000 0.00000 0.00000 0.00000 0.00000 0.00000 0.00000 0.00000 0.00000 0.00000 0.00000 0.00000 0.00000 0.00000 0.00000 0.00000 0.00000 0.00000 0.00000 0.03474 0.10410 0.17294 0.24202 0.31135 0.37966 0.44785 0.51709 0.58499 0.65222 0.68646 0.68682 0.68473 0.68336 0.68382 0.68398 0.68166 0.68040 0.68110 0.68113 0.67882 0.67752 0.67854 0.67824 0.67578 0.67481 0.67636 0.67515 0.67316 0.67334 0.67970 0.68929 0.70000 0.71363 0.72456 0.73375 0.74435 0.75792 0.76884 0.77865 0.78323 0.78387 0.78367 0.78303 0.78111 0.78054 0.78145 0.78091 0.77916 0.77922 0.77881 0.77690 0.77763 0.77797 0.77585 0.77448 0.77643 0.77609 0.77348 0.77250 0.77456 0.77441 0.77238 0.77092 0.77122 0.77272 0.77249 0.77017 0.76911 0.77034 0.77110 0.76963 0.76764 0.76840 0.76978 0.76920 0.76697 0.76673 0.76805 0.76866 0.76667 0.76577 0.76756 0.76796 0.76522 0.76510 0.76766 0.76742 0.76448 0.76462 0.76742 0.76706 0.76415 0.76434 0.76721 0.76679 0.76412 0.76442 0.76686 0.76636 0.76550 0.76555 0.76581 0.76565 0.76732 0.76730 0.76550 0.76537 0.76782 0.76804 0.76602 0.76609 0.76842 0.76796 0.76672 0.76779 0.76972 0.76818 0.76712 0.76915 0.76496 0.75184 0.73943 0.72992 0.71988 0.70691 0.69448 0.68493 0.67499 0.66194 0.65567 0.65735 0.65887 0.65746 0.65786 0.65888 0.65912 0.65880 0.66056 0.66056 0.62626 0.56114 0.49649 0.43060 0.36367 0.29770 0.23238 0.16616 0.09944 0.03317 0.00000 0.00000 0.00000 0.00000 0.00000 0.00000 0.00000 0.00000 0.00000 0.00000 0.00000 0.00000 0.00000 0.00000 0.00000 0.00000 0.00000 0.00000 0.00000 0.00000 0.00000 0.00000 0.00000 0.00000 0.00000 0.00000 0.00000 0.00000 0.00000 0.00000 0.00000 0.00000 0.00000 0.00000 0.00000 0.00000 0.00000 0.00000 0.00000 0.00000 0.00000 0.00000 0.00000 0.00000 0.00000 0.00000 0.00000 0.00000 0.00000 0.00000 0.00000 0.00000 0.00000 0.00000 0.00000 0.00000 0.00000 0.00000 0.00000 0.00000 0.00000 0.00000 0.00000 0.00000 0.00000 0.00000 0.00000 0.00000 0.00000 0.00000 0.00000 0.00000 0.00000 0.00000 0.00000 0.00000 0.00000 0.00000 0.00000 0.00000 0.00000 0.00000 0.00000 0.00000 0.00000 0.00000 0.00000 0.00000 0.00000 0.00000 0.00000 0.00000 0.00000 0.00000 0.00000 0.00000 0.00000 0.00000 0.00000 0.00000 0.00000 0.00000 0.00000 0.00000 0.00000
0.00000 0.00000 0.00000 0.00000 0.00000 0.00000 0.00000 0.00000 0.00000 0.00000 0.00000 0.00000 0.00000 0.00000 0.00000 0.00000 0.00000 0.00000 0.00000 0.00000 0.00000 0.00000 0.00000 0.00000 0.00000 0.00000 0.00000 0.00000 0.00000 0.00000 0.00000 0.00000 0.00000 0.00000 0.00000 0.00000 0.00000 0.00000 0.00000 0.00000 0.00000 0.00000 0.00000 0.00000 0.00000 0.00000 0.00000 0.00000 0.00000 0.00000 0.00000 0.00000 0.00000 0.00000 0.00000 0.00000 0.00000 0.00000 0.00000 0.00000 0.00000 0.00000 0.00000 0.00000 0.00000 0.00000 0.00000 0.00000 0.00000 0.00000 0.00000 0.00000 0.00000 0.00000 0.00000 0.00000 0.00000 0.00000 0.00000 0.00000 0.00000 0.00000 0.00000 0.00000 0.00000 0.00000 0.00000 0.00000 0.00000 0.00000 0.00000 0.00000 0.00000 0.00000 0.00000 0.03866 0.11614 0.19324 0.26965 0.34663 0.42388 0.49965 0.57556 0.65279 0.72820 0.76459 0.76466 0.76502 0.76253 0.76113 0.76188 0.76190 0.75903 0.75784 0.75895 0.75875 0.75578 0.75461 0.75614 0.75558 0.75267 0.75166 0.75319 0.75205 0.75013 0.75266 0.75608 0.75772 0.76080 0.76650 0.76898 0.77033 0.77344 0.77937 0.78183 0.78154 0.78152 0.78181 0.78084 0.78030 0.77995 0.77860 0.77796 0.77801 0.77786 0.77727 0.77526 0.77430 0.77631 0.77563 0.77278 0.77219 0.77462 0.77359 0.77091 0.77063 0.77256 0.77160 0.77028 0.76967 0.76914 0.76933 0.77009 0.76922 0.76727 0.76718 0.76858 0.76831 0.76637 0.76581 0.76664 0.76754 0.76653 0.76466 0.76532 0.76671 0.76509 0.76392 0.76556 0.76596 0.76390 0.76339 0.76509 0.76539 0.76378 0.76305 0.76446 0.76501 0.76383 0.76279 0.76382 0.76502 0.76455 0.76250 0.76300 0.76557 0.76579 0.76292 0.76334 0.76582 0.76596 0.76375 0.76381 0.76619 0.76645 0.76403 0.76438 0.76720 0.76717 0.76444 0.76553 0.76800 0.76736 0.76545 0.76777 0.76711 0.76135 0.75701 0.75581 0.75302 0.74762 0.74299 0.74117 0.73901 0.73458 0.73106 0.73253 0.73469 0.73499 0.73274 0.73393 0.73622 0.73689 0.73458 0.73586 0.70087 0.62581 0.55255 0.48027 0.40647 0.33223 0.25884 0.18520 0.11109 0.03704 0.00000 0.00000 0.00000 0.00000 0.00000 0.00000 0.00000 0.00000 0.00000 0.00000 0.00000 0.00000 0.00000 0.00000 0.00000 0.00000 0.00000 0.00000 0.00000 0.00000 0.00000 0.00000 0.00000 0.00000 0.00000 0.00000 0.00000 0.00000 0.00000 0.00000 0.00000 0.00000 0.00000 0.00000 0.00000 0.00000 0.00000 0.00000 0.00000 0.00000 0.00000 0.00000 0.00000 0.00000 0.00000 0.00000 0.00000 0.00000 0.00000 0.00000 0.00000 0.00000 0.00000 0.00000 0.00000 0.00000 0.00000 0.00000 0.00000 0.00000 0.00000 0.00000 0.00000 0.00000 0.00000 0.00000 0.00000 0.00000 0.00000 0.00000 0.00000 0.00000 0.00000 0.00000 0.00000 0.00000 0.00000 0.00000 0.00000 0.00000 0.00000 0.00000 0.00000 0.00000 0.00000 0.00000 0.00000 0.00000 0.00000 0.00000 0.00000 0.00000 0.00000 0.00000 0.00000 0.00000 0.00000 0.00000 0.00000 0.00000 0.00000 0.00000 0.00000 0.00000 0.00000
0.00000 0.00000 0.00000 0.00000 0.00000 0.00000 0.00000 0.00000 0.00000 0.00000 0.00000 0.00000 0.00000 0.00000 0.00000 0.00000 0.00000 0.00000 0.00000 0.00000 0.00000 0.00000 0.00000 0.00000 0.00000 0.00000 0.00000 0.00000 0.00000 0.00000 0.00000 0.00000 0.00000 0.00000 0.00000 0.00000 0.00000 0.00000 0.00000 0.00000 0.00000 0.00000 0.00000 0.00000 0.00000 0.00000 0.00000 0.00000 0.00000 0.00000 0.00000 0.00000 0.00000 0.00000 0.00000 0.00000 0.00000 0.00000 0.00000 0.00000 0.00000 0.00000 0.00000 0.00000 0.00000 0.00000 0.00000 0.00000 0.00000 0.00000 0.00000 0.00000 0.00000 0.00000 0.00000 0.00208 0.00624 0.01037 0.01450 0.01863 0.02277 0.02688 0.03092 0.03501 0.03914 0.04119 0.04104 0.04098 0.04098 0.04097 0.04088 0.04080 0.04076 0.04077 0.04072 0.07917 0.15615 0.23357 0.31003 0.38591 0.46278 0.53971 0.61463 0.69025 0.76740 0.80421 0.80213 0.80202 0.80241 0.80002 0.79861 0.79917 0.79911 0.79645 0.79518 0.79605 0.79580 0.79300 0.79186 0.79336 0.79238 0.78959 0.78922 0.79038 0.78831 0.78654 0.78821 0.78732 0.78442 0.78334 0.78547 0.78394 0.78177 0.78192 0.78221 0.78070 0.77987 0.78061 0.77830 0.77821 0.77891 0.77753 0.77558 0.77611 0.77607 0.77475 0.77463 0.77352 0.77205 0.77351 0.77324 0.77090 0.76975 0.77203 0.77155 0.76904 0.76801 0.76962 0.76995 0.76918 0.76673 0.76636 0.76810 0.76832 0.76597 0.76478 0.76623 0.76703 0.76534 0.76387 0.76446 0.76528 0.76521 0.76430 0.76287 0.76372 0.76473 0.76285 0.76197 0.76423 0.76419 0.76145 0.76136 0.76420 0.76379 0.76093 0.76098 0.76394 0.76348 0.76073 0.76098 0.76355 0.76297 0.76162 0.76215 0.76241 0.76215 0.76358 0.76377 0.76194 0.76192 0.76429 0.76448 0.76234 0.76253 0.76484 0.76458 0.76309 0.76405 0.76574 0.76425 0.76378 0.76551 0.76724 0.76509 0.76438 0.76653 0.76830 0.76651 0.76560 0.76786 0.76967 0.76796 0.76738 0.76951 0.77096 0.76943 0.76962 0.77135 0.77233 0.77098 0.77244 0.77330 0.77242 0.77263 0.73799 0.66494 0.59000 0.51672 0.44479 0.37150 0.29678 0.22309 0.15004 0.07612 0.03890 0.03893 0.03910 0.03915 0.03900 0.03905 0.03922 0.03927 0.03912 0.03916 0.03738 0.03349 0.02943 0.02554 0.02171 0.01779 0.01378 0.00985 0.00594 0.00198 0.00000 0.00000 0.00000 0.00000 0.00000 0.00000 0.00000 0.00000 0.00000 0.00000 0.00000 0.00000 0.00000 0.00000 0.00000 0.00000 0.00000 0.00000 0.00000 0.00000 0.00000 0.00000 0.00000 0.00000 0.00000 0.00000 0.00000 0.00000 0.00000 0.00000 0.00000 0.00000 0.00000 0.00000 0.00000 0.00000 0.00000 0.00000 0.00000 0.00000 0.00000 0.00000 0.00000 0.00000 0.00000 0.00000 0.00000 0.00000 0.00000 0.00000 0.00000 0.00000 0.00000 0.00000 0.00000 0.00000 0.00000 0.00000 0.00000 0.00000 0.00000 0.00000 0.00000 0.00000 0.00000 0.00000 0.00000 0.00000 0.00000 0.00000 0.00000 0.00000 0.00000 0.00000 0.00000 0.00000 0.00000 0.00000 0.00000 0.00000 0.00000 0.00000 0.00000 0.00000 0.00000
0.00000 0.00000 0.00000 0.00000 0.00000 0.00000 0.00000 0.00000 0.00000 0.00000 0.00000 0.00000 0.00000 0.00000 0.00000 0.00000 0.00000 0.00000 0.00000 0.00000 0.00000 0.00000 0.00000 0.00000 0.00000 0.00000 0.00000 0.00000 0.00000 0.00000 0.00000 0.00000 0.00000 0.00000 0.00000 0.00000 0.00000 0.00000 0.00000 0.00000 0.00000 0.00000 0.00000 0.00000 0.00000 0.00000 0.00000 0.00000 0.00000 0.00000 0.00000 0.00000 0.00000 0.00000 0.00000 0.00000 0.00000 0.00000 0.00000 0.00000 0.00000 0.00000 0.00000 0.00000 0.00000 0.00000 0.00000 0.00000 0.00000 0.00000 0.00000 0.00000 0.00000 0.00000 0.00000 0.00623 0.01867 0.03105 0.04343 0.05576 0.06808 0.08039 0.09276 0.10479 0.11695 0.12310 0.12314 0.12275 0.12249 0.12244 0.12253 0.12227 0.12193 0.12180 0.12198 0.15625 0.22450 0.29301 0.36238 0.43004 0.49733 0.56601 0.63458 0.70072 0.76810 0.80298 0.80138 0.79928 0.79943 0.79974 0.79709 0.79579 0.79675 0.79650 0.79349 0.79234 0.79371 0.79327 0.79009 0.78904 0.79087 0.78995 0.78710 0.78671 0.78744 0.78558 0.78411 0.78552 0.78423 0.78180 0.78142 0.78304 0.78117 0.77894 0.78077 0.78012 0.77815 0.77703 0.77874 0.77620 0.77518 0.77626 0.77604 0.77358 0.77263 0.77337 0.77353 0.77249 0.77019 0.76969 0.77194 0.77071 0.76823 0.76789 0.77007 0.76868 0.76655 0.76660 0.76767 0.76687 0.76671 0.76558 0.76470 0.76499 0.76567 0.76481 0.76353 0.76346 0.76389 0.76422 0.76369 0.76170 0.76188 0.76378 0.76320 0.76066 0.76165 0.76290 0.76103 0.76012 0.76207 0.76218 0.76041 0.75977 0.76146 0.76168 0.76035 0.75949 0.76085 0.76159 0.76070 0.75911 0.75969 0.76217 0.76206 0.75941 0.75964 0.76237 0.76242 0.76015 0.76022 0.76267 0.76280 0.76059 0.76078 0.76353 0.76349 0.76083 0.76161 0.76421 0.76425 0.76164 0.76317 0.76497 0.76440 0.76269 0.76503 0.76633 0.76521 0.76401 0.76601 0.76784 0.76737 0.76562 0.76690 0.76938 0.76962 0.76744 0.76832 0.77097 0.77180 0.76937 0.77015 0.77268 0.77235 0.73865 0.67486 0.60960 0.54294 0.47815 0.41313 0.34668 0.28111 0.21588 0.14971 0.11652 0.11673 0.11707 0.11695 0.11688 0.11715 0.11739 0.11725 0.11729 0.11757 0.11187 0.09991 0.08825 0.07672 0.06499 0.05303 0.04131 0.02963 0.01778 0.00591 0.00000 0.00000 0.00000 0.00000 0.00000 0.00000 0.00000 0.00000 0.00000 0.00000 0.00000 0.00000 0.00000 0.00000 0.00000 0.00000 0.00000 0.00000 0.00000 0.00000 0.00000 0.00000 0.00000 0.00000 0.00000 0.00000 0.00000 0.00000 0.00000 0.00000 0.00000 0.00000 0.00000 0.00000 0.00000 0.00000 0.00000 0.00000 0.00000 0.00000 0.00000 0.00000 0.00000 0.00000 0.00000 0.00000 0.00000 0.00000 0.00000 0.00000 0.00000 0.00000 0.00000 0.00000 0.00000 0.00000 0.00000 0.00000 0.00000 0.00000 0.00000 0.00000 0.00000 0.00000 0.00000 0.00000 0.00000 0.00000 0.00000 0.00000 0.00000 0.00000 0.00000 0.00000 0.00000 0.00000 0.00000 0.00000 0.00000 0.00000 0.00000 0.00000 0.00000 0.00000 0.00000
0.00000 0.00000 0.00000 0.00000 0.00000 0.00000 0.00000 0.00000 0.00000 0.00000 0.00000 0.00000 0.00000 0.00000 0.00000 0.00000 0.00000 0.00000 0.00000 0.00000 0.00000 0.00000 0.00000 0.00000 0.00000 0.00000 0.00000 0.00000 0.00000 0.00000 0.00000 0.00000 0.00000 0.00000 0.00000 0.00000 0.00000 0.00000 0.00000 0.00000 0.00000 0.00000 0.00000 0.00000 0.00000 0.00000 0.00000 0.00000 0.00000 0.00000 0.00000 0.00000 0.00000 0.00000 0.00000 0.00000 0.00000 0.00000 0.00000 0.00000 0.00000 0.00000 0.00000 0.00000 0.00000 0.00000 0.00000 0.00000 0.00000 0.00000 0.00000 0.00000 0.00000 0.00000 0.00000 0.01035 0.03100 0.05165 0.07225 0.09285 0.11311 0.13353 0.15414 0.17468 0.19443 0.20438 0.20452 0.20453 0.20380 0.20344 0.20342 0.20350 0.20301 0.20252 0.20232 0.23305 0.29313 0.35272 0.41294 0.47413 0.53291 0.59192 0.65261 0.71276 0.77021 0.79932 0.80022 0.79877 0.79662 0.79664 0.79691 0.79455 0.79321 0.79394 0.79364 0.79111 0.78984 0.79090 0.79039 0.78761 0.78674 0.78831 0.78691 0.78421 0.78484 0.78510 0.78241 0.78112 0.78314 0.78158 0.77919 0.78048 0.78040 0.77813 0.77676 0.77909 0.77703 0.77520 0.77561 0.77639 0.77303 0.77290 0.77439 0.77316 0.77091 0.77084 0.77144 0.77076 0.76986 0.76832 0.76762 0.76944 0.76851 0.76620 0.76546 0.76754 0.76690 0.76507 0.76386 0.76432 0.76546 0.76545 0.76268 0.76197 0.76403 0.76423 0.76166 0.76083 0.76281 0.76283 0.76111 0.76100 0.76073 0.76076 0.76119 0.76060 0.75907 0.76052 0.76089 0.75858 0.75819 0.76094 0.76053 0.75781 0.75766 0.76071 0.76022 0.75745 0.75751 0.76042 0.75971 0.75761 0.75860 0.75908 0.75881 0.75985 0.76022 0.75838 0.75848 0.76071 0.76090 0.75871 0.75890 0.76126 0.76141 0.75939 0.75988 0.76200 0.76128 0.76023 0.76146 0.76320 0.76107 0.76095 0.76273 0.76464 0.76238 0.76187 0.76396 0.76583 0.76389 0.76351 0.76571 0.76696 0.76533 0.76559 0.76763 0.76827 0.76686 0.76778 0.76957 0.76993 0.76862 0.77041 0.77150 0.74140 0.68374 0.62768 0.57064 0.51143 0.45339 0.39729 0.33950 0.28055 0.22264 0.19446 0.19464 0.19402 0.19413 0.19511 0.19528 0.19457 0.19477 0.19576 0.19593 0.18540 0.16610 0.14729 0.12778 0.10769 0.08821 0.06896 0.04931 0.02949 0.00983 0.00000 0.00000 0.00000 0.00000 0.00000 0.00000 0.00000 0.00000 0.00000 0.00000 0.00000 0.00000 0.00000 0.00000 0.00000 0.00000 0.00000 0.00000 0.00000 0.00000 0.00000 0.00000 0.00000 0.00000 0.00000 0.00000 0.00000 0.00000 0.00000 0.00000 0.00000 0.00000 0.00000 0.00000 0.00000 0.00000 0.00000 0.00000 0.00000 0.00000 0.00000 0.00000 0.00000 0.00000 0.00000 0.00000 0.00000 0.00000 0.00000 0.00000 0.00000 0.00000 0.00000 0.00000 0.00000 0.00000 0.00000 0.00000 0.00000 0.00000 0.00000 0.00000 0.00000 0.00000 0.00000 0.00000 0.00000 0.00000 0.00000 0.00000 0.00000 0.00000 0.00000 0.00000 0.00000 0.00000 0.00000 0.00000 0.00000 0.00000 0.00000 0.00000 0.00000 0.00000 0.00000
0.00000 0.00000 0.00000 0.00000 0.00000 0.00000 0.00000 0.00000 0.00000 0.00000 0.00000 0.00000 0.00000 0.00000 0.00000 0.00000 0.00000 0.00000 0.00000 0.00000 0.00000 0.00000 0.00000 0.00000 0.00000 0.00000 0.00000 0.00000 0.00000 0.00000 0.00000 0.00000 0.00000 0.00000 0.00000 0.00000 0.00000 0.00000 0.00000 0.00000 0.00000 0.00000 0.00000 0.00000 0.00000 0.00000 0.00000 0.00000 0.00000 0.00000 0.00000 0.00000 0.00000 0.00000 0.00000 0.00000 0.00000 0.00000 0.00000 0.00000 0.00000 0.00000 0.00000 0.00000 0.00000 0.00000 0.00000 0.00000 0.00000 0.00000 0.00000 0.00000 0.00000 0.00000 0.00000 0.01446 0.04332 0.07213 0.10089 0.12953 0.15832 0.18657 0.21493 0.24360 0.27234 0.28564 0.28511 0.28522 0.28536 0.28442 0.28378 0.28369 0.28402 0.28327 0.28248 0.30839 0.36157 0.41295 0.46395 0.51594 0.56903 0.61909 0.66985 0.72261 0.77436 0.79729 0.79664 0.79762 0.79591 0.79376 0.79425 0.79435 0.79162 0.79032 0.79161 0.79116 0.78821 0.78696 0.78865 0.78805 0.78487 0.78392 0.78577 0.78473 0.78168 0.78203 0.78233 0.78015 0.77930 0.78041 0.77895 0.77672 0.77892 0.77804 0.77554 0.77405 0.77641 0.77494 0.77270 0.77308 0.77399 0.77092 0.77007 0.77180 0.77145 0.76885 0.76769 0.76907 0.76929 0.76750 0.76567 0.76612 0.76742 0.76557 0.76382 0.76436 0.76558 0.76405 0.76264 0.76238 0.76269 0.76314 0.76255 0.76106 0.76083 0.76180 0.76100 0.76030 0.76059 0.75997 0.75900 0.76041 0.76074 0.75769 0.75775 0.75997 0.75931 0.75679 0.75841 0.75909 0.75722 0.75646 0.75853 0.75840 0.75684 0.75626 0.75808 0.75813 0.75678 0.75582 0.75749 0.75875 0.75763 0.75593 0.75627 0.75902 0.75878 0.75656 0.75666 0.75924 0.75922 0.75703 0.75716 0.75983 0.75987 0.75767 0.75788 0.76065 0.76066 0.75834 0.75899 0.76096 0.76141 0.75925 0.76062 0.76209 0.76211 0.76003 0.76189 0.76374 0.76377 0.76175 0.76283 0.76538 0.76579 0.76365 0.76416 0.76697 0.76774 0.76561 0.76603 0.76874 0.76968 0.76748 0.76920 0.74569 0.69384 0.64453 0.59638 0.54566 0.49541 0.44686 0.39662 0.34551 0.29602 0.27177 0.27153 0.27117 0.27188 0.27228 0.27221 0.27237 0.27293 0.27304 0.27284 0.25968 0.23291 0.20549 0.17780 0.15080 0.12379 0.09626 0.06860 0.04125 0.01381 0.00000 0.00000 0.00000 0.00000 0.00000 0.00000 0.00000 0.00000 0.00000 0.00000 0.00000 0.00000 0.00000 0.00000 0.00000 0.00000 0.00000 0.00000 0.00000 0.00000 0.00000 0.00000 0.00000 0.00000 0.00000 0.00000 0.00000 0.00000 0.00000 0.00000 0.00000 0.00000 0.00000 0.00000 0.00000 0.00000 0.00000 0.00000 0.00000 0.00000 0.00000 0.00000 0.00000 0.00000 0.00000 0.00000 0.00000 0.00000 0.00000 0.00000 0.00000 0.00000 0.00000 0.00000 0.00000 0.00000 0.00000 0.00000 0.00000 0.00000 0.00000 0.00000 0.00000 0.00000 0.00000 0.00000 0.00000 0.00000 0.00000 0.00000 0.00000 0.00000 0.00000 0.00000 0.00000 0.00000 0.00000 0.00000 0.00000 0.00000 0.00000 0.00000 0.00000 0.00000 0.00000
0.00000 0.00000 0.00000 0.00000 0.00000 0.00000 0.00000 0.00000 0.00000 0.00000 0.00000 0.00000 0.00000 0.00000 0.00000 0.00000 0.00000 0.00000 0.00000 0.00000 0.00000 0.00000 0.00000 0.00000 0.00000 0.00000 0.00000 0.00000 0.00000 0.00000 0.00000 0.00000 0.00000 0.00000 0.00000 0.00000 0.00000 0.00000 0.00000 0.00000 0.00000 0.00000 0.00000 0.00000 0.00000 0.00000 0.00000 0.00000 0.00000 0.00000 0.00000 0.00000 0.00000 0.00000 0.00000 0.00000 0.00000 0.00000 0.00000 0.00000 0.00000 0.00000 0.00000 0.00000 0.00000 0.00000 0.00000 0.00000 0.00000 0.00000 0.00000 0.00000 0.00000 0.00000 0.00000 0.01856 0.05560 0.09259 0.12929 0.16602 0.20294 0.23988 0.27564 0.31196 0.34899 0.36734 0.36579 0.36526 0.36559 0.36557 0.36424 0.36364 0.36359 0.36389 0.36280 0.38407 0.42791 0.47302 0.51571 0.55841 0.60244 0.64720 0.68851 0.73128 0.77620 0.79767 0.79452 0.79385 0.79490 0.79324 0.79112 0.79162 0.79158 0.78921 0.78776 0.78877 0.78839 0.78596 0.78451 0.78585 0.78532 0.78262 0.78172 0.78307 0.78186 0.77946 0.78004 0.77959 0.77730 0.77855 0.77816 0.77578 0.77417 0.77678 0.77554 0.77267 0.77197 0.77406 0.77187 0.77010 0.77149 0.77147 0.76816 0.76786 0.76974 0.76887 0.76625 0.76567 0.76729 0.76700 0.76493 0.76349 0.76448 0.76517 0.76340 0.76175 0.76244 0.76294 0.76216 0.76166 0.76057 0.75947 0.76124 0.76134 0.75895 0.75795 0.76043 0.76002 0.75744 0.75764 0.75929 0.75821 0.75707 0.75767 0.75697 0.75703 0.75726 0.75615 0.75525 0.75761 0.75718 0.75473 0.75441 0.75745 0.75698 0.75434 0.75407 0.75721 0.75654 0.75432 0.75495 0.75653 0.75562 0.75623 0.75661 0.75473 0.75520 0.75728 0.75727 0.75508 0.75548 0.75769 0.75790 0.75577 0.75598 0.75833 0.75884 0.75657 0.75691 0.75931 0.75920 0.75745 0.75880 0.76065 0.75901 0.75842 0.76010 0.76193 0.75961 0.75988 0.76196 0.76299 0.76119 0.76183 0.76393 0.76419 0.76277 0.76382 0.76590 0.76587 0.76457 0.76579 0.76772 0.76816 0.76684 0.74657 0.70600 0.66297 0.62127 0.58001 0.53768 0.49477 0.45326 0.41195 0.36939 0.34744 0.34771 0.34934 0.34940 0.34844 0.34865 0.35055 0.35060 0.34948 0.34995 0.33412 0.29904 0.26297 0.22821 0.19404 0.15890 0.12319 0.08805 0.05308 0.01772 0.00000 0.00000 0.00000 0.00000 0.00000 0.00000 0.00000 0.00000 0.00000 0.00000 0.00000 0.00000 0.00000 0.00000 0.00000 0.00000 0.00000 0.00000 0.00000 0.00000 0.00000 0.00000 0.00000 0.00000 0.00000 0.00000 0.00000 0.00000 0.00000 0.00000 0.00000 0.00000 0.00000 0.00000 0.00000 0.00000 0.00000 0.00000 0.00000 0.00000 0.00000 0.00000 0.00000 0.00000 0.00000 0.00000 0.00000 0.00000 0.00000 0.00000 0.00000 0.00000 0.00000 0.00000 0.00000 0.00000 0.00000 0.00000 0.00000 0.00000 0.00000 0.00000 0.00000 0.00000 0.00000 0.00000 0.00000 0.00000 0.00000 0.00000 0.00000 0.00000 0.00000 0.00000 0.00000 0.00000 0.00000 0.00000 0.00000 0.00000 0.00000 0.00000 0.00000 0.00000 0.00000
0.00000 0.00000 0.00000 0.00000 0.00000 0.00000 0.00000 0.00000 0.00000 0.00000 0.00000 0.00000 0.00000 0.00000 0.00000 0.00000 0.00000 0.00000 0.00000 0.00000 0.00000 0.00000 0.00000 0.00000 0.00000 0.00000 0.00000 0.00000 0.00000 0.00000 0.00000 0.00000 0.00000 0.00000 0.00000 0.00000 0.00000 0.00000 0.00000 0.00000 0.00000 0.00000 0.00000 0.00000 0.00000 0.00000 0.00000 0.00000 0.00000 0.00000 0.00000 0.00000 0.00000 0.00000 0.00000 0.00000 0.00000 0.00000 0.00000 0.00000 0.00000 0.00000 0.00000 0.00000 0.00000 0.00000 0.00000 0.00000 0.00000 0.00000 0.00000 0.00000 0.00000 0.00000 0.00000 0.02262 0.06783 0.11278 0.15783 0.20261 0.24715 0.29194 0.33709 0.38065 0.42465 0.44729 0.44741 0.44562 0.44484 0.44523 0.44532 0.44367 0.44282 0.44281 0.44331 0.45991 0.49489 0.53047 0.56768 0.60172 0.63624 0.67249 0.70888 0.74158 0.77642 0.79569 0.79487 0.79165 0.79136 0.79238 0.79030 0.78824 0.78941 0.78912 0.78628 0.78488 0.78651 0.78603 0.78312 0.78174 0.78361 0.78312 0.77996 0.77898 0.78075 0.77992 0.77742 0.77702 0.77722 0.77544 0.77644 0.77542 0.77326 0.77192 0.77401 0.77318 0.77026 0.76951 0.77147 0.76968 0.76768 0.76888 0.76908 0.76612 0.76534 0.76709 0.76675 0.76421 0.76338 0.76490 0.76472 0.76257 0.76139 0.76281 0.76291 0.76113 0.75952 0.76042 0.76122 0.76076 0.75884 0.75803 0.75856 0.75981 0.75793 0.75664 0.75769 0.75828 0.75617 0.75629 0.75766 0.75600 0.75463 0.75665 0.75706 0.75378 0.75414 0.75613 0.75501 0.75304 0.75521 0.75522 0.75351 0.75303 0.75518 0.75466 0.75316 0.75271 0.75512 0.75521 0.75309 0.75252 0.75490 0.75569 0.75461 0.75302 0.75354 0.75593 0.75555 0.75340 0.75361 0.75636 0.75633 0.75417 0.75418 0.75679 0.75710 0.75567 0.75512 0.75704 0.75793 0.75794 0.75641 0.75740 0.75889 0.75846 0.75773 0.75910 0.76034 0.75820 0.75880 0.76124 0.76214 0.75991 0.76009 0.76294 0.76393 0.76189 0.76181 0.76471 0.76575 0.76372 0.76428 0.76694 0.76661 0.74821 0.71651 0.68299 0.64588 0.61299 0.57958 0.54428 0.50980 0.47698 0.44198 0.42372 0.42485 0.42575 0.42569 0.42581 0.42653 0.42631 0.42668 0.42763 0.42832 0.40641 0.36351 0.32174 0.27953 0.23623 0.19302 0.15058 0.10792 0.06468 0.02152 0.00000 0.00000 0.00000 0.00000 0.00000 0.00000 0.00000 0.00000 0.00000 0.00000 0.00000 0.00000 0.00000 0.00000 0.00000 0.00000 0.00000 0.00000 0.00000 0.00000 0.00000 0.00000 0.00000 0.00000 0.00000 0.00000 0.00000 0.00000 0.00000 0.00000 0.00000 0.00000 0.00000 0.00000 0.00000 0.00000 0.00000 0.00000 0.00000 0.00000 0.00000 0.00000 0.00000 0.00000 0.00000 0.00000 0.00000 0.00000 0.00000 0.00000 0.00000 0.00000 0.00000 0.00000 0.00000 0.00000 0.00000 0.00000 0.00000 0.00000 0.00000 0.00000 0.00000 0.00000 0.00000 0.00000 0.00000 0.00000 0.00000 0.00000 0.00000 0.00000 0.00000 0.00000 0.00000 0.00000 0.00000 0.00000 0.00000 0.00000 0.00000 0.00000 0.00000 0.00000 0.00000
0.00000 0.00000 0.00000 0.00000 0.00000 0.00000 0.00000 0.00000 0.00000 0.00000 0.00000 0.00000 0.00000 0.00000 0.00000 0.00000 0.00000 0.00000 0.00000 0.00000 0.00000 0.00000 0.00000 0.00000 0.00000 0.00000 0.00000 0.00000 0.00000 0.00000 0.00000 0.00000 0.00000 0.00000 0.00000 0.00000 0.00000 0.00000 0.00000 0.00000 0.00000 0.00000 0.00000 0.00000 0.00000 0.00000 0.00000 0.00000 0.00000 0.00000 0.00000 0.00000 0.00000 0.00000 0.00000 0.00000 0.00000 0.00000 0.00000 0.00000 0.00000 0.00000 0.00000 0.00000 0.00000 0.00000 0.00000 0.00000 0.00000 0.00000 0.00000 0.00000 0.00000 0.00000 0.00000 0.02667 0.07989 0.13299 0.18603 0.23922 0.29151 0.34381 0.39685 0.45002 0.50071 0.52638 0.52707 0.52690 0.52455 0.52397 0.52462 0.52437 0.52224 0.52161 0.52170 0.53610 0.56217 0.58903 0.61649 0.64566 0.67102 0.69765 0.72642 0.75418 0.77855 0.79152 0.79310 0.79210 0.78897 0.78888 0.78970 0.78760 0.78561 0.78677 0.78644 0.78396 0.78234 0.78361 0.78341 0.78101 0.77933 0.78056 0.78052 0.77829 0.77676 0.77737 0.77711 0.77639 0.77510 0.77365 0.77255 0.77444 0.77335 0.77031 0.76936 0.77171 0.77080 0.76760 0.76760 0.76912 0.76674 0.76518 0.76701 0.76671 0.76344 0.76299 0.76503 0.76465 0.76157 0.76093 0.76295 0.76276 0.75998 0.75897 0.76111 0.76087 0.75857 0.75765 0.75917 0.75827 0.75777 0.75805 0.75685 0.75543 0.75713 0.75706 0.75476 0.75463 0.75669 0.75544 0.75340 0.75452 0.75550 0.75392 0.75312 0.75388 0.75326 0.75385 0.75341 0.75177 0.75137 0.75421 0.75367 0.75124 0.75072 0.75390 0.75346 0.75124 0.75118 0.75351 0.75248 0.75247 0.75300 0.75181 0.75202 0.75419 0.75359 0.75136 0.75227 0.75430 0.75417 0.75218 0.75251 0.75472 0.75531 0.75303 0.75295 0.75555 0.75661 0.75388 0.75435 0.75670 0.75711 0.75490 0.75640 0.75788 0.75715 0.75637 0.75859 0.75894 0.75692 0.75824 0.76027 0.76010 0.75871 0.76014 0.76217 0.76166 0.76054 0.76190 0.76402 0.76391 0.76279 0.76344 0.76551 0.75335 0.72578 0.69881 0.67263 0.64585 0.62159 0.59427 0.56646 0.53967 0.51467 0.50186 0.50142 0.50074 0.50157 0.50366 0.50330 0.50223 0.50318 0.50543 0.50508 0.47863 0.42907 0.38026 0.32956 0.27812 0.22785 0.17802 0.12726 0.07616 0.02540 0.00000 0.00000 0.00000 0.00000 0.00000 0.00000 0.00000 0.00000 0.00000 0.00000 0.00000 0.00000 0.00000 0.00000 0.00000 0.00000 0.00000 0.00000 0.00000 0.00000 0.00000 0.00000 0.00000 0.00000 0.00000 0.00000 0.00000 0.00000 0.00000 0.00000 0.00000 0.00000 0.00000 0.00000 0.00000 0.00000 0.00000 0.00000 0.00000 0.00000 0.00000 0.00000 0.00000 0.00000 0.00000 0.00000 0.00000 0.00000 0.00000 0.00000 0.00000 0.00000 0.00000 0.00000 0.00000 0.00000 0.00000 0.00000 0.00000 0.00000 0.00000 0.00000 0.00000 0.00000 0.00000 0.00000 0.00000 0.00000 0.00000 0.00000 0.00000 0.00000 0.00000 0.00000 0.00000 0.00000 0.00000 0.00000 0.00000 0.00000 0.00000 0.00000 0.00000 0.00000 0.00000
0.00000 0.00000 0.00000 0.00000 0.00000 0.00000 0.00000 0.00000 0.00000 0.00000 0.00000 0.00000 0.00000 0.00000 0.00000 0.00000 0.00000 0.00000 0.00000 0.00000 0.00000 0.00000 0.00000 0.00000 0.00000 0.00000 0.00000 0.00000 0.00000 0.00000 0.00000 0.00000 0.00000 0.00000 0.00000 0.00000 0.00000 0.00000 0.00000 0.00000 0.00000 0.00000 0.00000 0.00000 0.00000 0.00000 0.00000 0.00000 0.00000 0.00000 0.00000 0.00000 0.00000 0.00000 0.00000 0.00000 0.00000 0.00000 0.00000 0.00000 0.00000 0.00000 0.00000 0.00000 0.00000 0.00000 0.00000 0.00000 0.00000 0.00000 0.00000 0.00000 0.00000 0.00000 0.00000 0.03068 0.09194 0.15326 0.21413 0.27477 0.33622 0.39641 0.45616 0.51686 0.57834 0.60610 0.60523 0.60614 0.60588 0.60316 0.60242 0.60340 0.60303 0.60040 0.59969 0.61015 0.63035 0.64795 0.66656 0.68662 0.70719 0.72409 0.74277 0.76421 0.78329 0.78960 0.78887 0.79061 0.78915 0.78615 0.78679 0.78722 0.78455 0.78278 0.78457 0.78401 0.78107 0.77963 0.78134 0.78103 0.77823 0.77674 0.77826 0.77818 0.77567 0.77404 0.77497 0.77505 0.77379 0.77206 0.77122 0.77070 0.77160 0.77055 0.76798 0.76720 0.76905 0.76848 0.76527 0.76515 0.76656 0.76497 0.76290 0.76403 0.76409 0.76183 0.76117 0.76200 0.76177 0.76013 0.75927 0.75989 0.76009 0.75874 0.75712 0.75796 0.75864 0.75776 0.75537 0.75566 0.75713 0.75692 0.75454 0.75366 0.75528 0.75580 0.75318 0.75263 0.75470 0.75417 0.75170 0.75262 0.75414 0.75207 0.75072 0.75285 0.75321 0.75008 0.75097 0.75216 0.75066 0.74974 0.75203 0.75117 0.74982 0.75006 0.75210 0.75127 0.74951 0.74930 0.75248 0.75229 0.74997 0.74955 0.75157 0.75262 0.75147 0.74982 0.75045 0.75305 0.75271 0.75044 0.75059 0.75331 0.75364 0.75188 0.75135 0.75332 0.75448 0.75414 0.75245 0.75333 0.75543 0.75618 0.75364 0.75432 0.75683 0.75722 0.75478 0.75632 0.75850 0.75656 0.75611 0.75887 0.76021 0.75812 0.75773 0.76071 0.76193 0.75999 0.75981 0.76286 0.76349 0.76163 0.76352 0.75600 0.73433 0.71585 0.69971 0.68135 0.65987 0.64237 0.62430 0.60492 0.58564 0.57777 0.57772 0.57848 0.57828 0.57776 0.57917 0.58087 0.58077 0.57957 0.58042 0.55343 0.49577 0.43640 0.37826 0.32132 0.26349 0.20454 0.14597 0.08789 0.02939 0.00000 0.00000 0.00000 0.00000 0.00000 0.00000 0.00000 0.00000 0.00000 0.00000 0.00000 0.00000 0.00000 0.00000 0.00000 0.00000 0.00000 0.00000 0.00000 0.00000 0.00000 0.00000 0.00000 0.00000 0.00000 0.00000 0.00000 0.00000 0.00000 0.00000 0.00000 0.00000 0.00000 0.00000 0.00000 0.00000 0.00000 0.00000 0.00000 0.00000 0.00000 0.00000 0.00000 0.00000 0.00000 0.00000 0.00000 0.00000 0.00000 0.00000 0.00000 0.00000 0.00000 0.00000 0.00000 0.00000 0.00000 0.00000 0.00000 0.00000 0.00000 0.00000 0.00000 0.00000 0.00000 0.00000 0.00000 0.00000 0.00000 0.00000 0.00000 0.00000 0.00000 0.00000 0.00000 0.00000 0.00000 0.00000 0.00000 0.00000 0.00000 0.00000 0.00000 0.00000 0.00000
0.00000 0.00000 0.00000 0.00000 0.00000 0.00000 0.00000 0.00000 0.00000 0.00000 0.00000 0.00000 0.00000 0.00000 0.00000 0.00000 0.00000 0.00000 0.00000 0.00000 0.00000 0.00000 0.00000 0.00000 0.00000 0.00000 0.00000 0.00000 0.00000 0.00000 0.00000 0.00000 0.00000 0.00000 0.00000 0.00000 0.00000 0.00000 0.00000 0.00000 0.00000 0.00000 0.00000 0.00000 0.00000 0.00000 0.00000 0.00000 0.00000 0.00000 0.00000 0.00000 0.00000 0.00000 0.00000 0.00000 0.00000 0.00000 0.00000 0.00000 0.00000 0.00000 0.00000 0.00000 0.00000 0.00000 0.00000 0.00000 0.00000 0.00000 0.00000 0.00000 0.00000 0.00000 0.00000 0.03474 0.10400 0.17318 0.24233 0.31062 0.37937 0.44900 0.51653 0.58383 0.65270 0.68752 0.68430 0.68363 0.68495 0.68416 0.68111 0.68058 0.68187 0.68093 0.67809 0.68345 0.69633 0.70788 0.71772 0.72780 0.74085 0.75239 0.76120 0.77182 0.78560 0.79044 0.78695 0.78628 0.78800 0.78621 0.78351 0.78458 0.78460 0.78201 0.78020 0.78177 0.78145 0.77884 0.77713 0.77834 0.77849 0.77630 0.77428 0.77498 0.77557 0.77407 0.77177 0.77152 0.77208 0.77196 0.77024 0.76812 0.76765 0.76943 0.76860 0.76523 0.76467 0.76678 0.76609 0.76268 0.76344 0.76428 0.76210 0.76035 0.76232 0.76200 0.75923 0.75860 0.76024 0.76007 0.75769 0.75645 0.75836 0.75839 0.75602 0.75466 0.75670 0.75659 0.75457 0.75404 0.75466 0.75393 0.75366 0.75385 0.75239 0.75213 0.75342 0.75248 0.75052 0.75158 0.75292 0.75095 0.74952 0.75115 0.75184 0.75002 0.74916 0.74991 0.74985 0.75059 0.74982 0.74811 0.74774 0.75066 0.75038 0.74804 0.74777 0.75028 0.74947 0.74864 0.74935 0.74943 0.74882 0.75045 0.74993 0.74804 0.74914 0.75120 0.75036 0.74845 0.74936 0.75129 0.75145 0.74953 0.74937 0.75186 0.75289 0.75045 0.75021 0.75287 0.75371 0.75141 0.75195 0.75388 0.75424 0.75289 0.75423 0.75482 0.75394 0.75475 0.75690 0.75597 0.75466 0.75659 0.75840 0.75748 0.75658 0.75826 0.76025 0.75960 0.75868 0.75963 0.76189 0.76269 0.76148 0.75544 0.74580 0.73540 0.72511 0.71308 0.70077 0.69004 0.68180 0.66994 0.65698 0.65155 0.65519 0.65501 0.65360 0.65348 0.65618 0.65745 0.65612 0.65544 0.65761 0.62673 0.55996 0.49326 0.42858 0.36401 0.29772 0.23107 0.16531 0.09961 0.03322 0.00000 0.00000 0.00000 0.00000 0.00000 0.00000 0.00000 0.00000 0.00000 0.00000 0.00000 0.00000 0.00000 0.00000 0.00000 0.00000 0.00000 0.00000 0.00000 0.00000 0.00000 0.00000 0.00000 0.00000 0.00000 0.00000 0.00000 0.00000 0.00000 0.00000 0.00000 0.00000 0.00000 0.00000 0.00000 0.00000 0.00000 0.00000 0.00000 0.00000 0.00000 0.00000 0.00000 0.00000 0.00000 0.00000 0.00000 0.00000 0.00000 0.00000 0.00000 0.00000 0.00000 0.00000 0.00000 0.00000 0.00000 0.00000 0.00000 0.00000 0.00000 0.00000 0.00000 0.00000 0.00000 0.00000 0.00000 0.00000 0.00000 0.00000 0.00000 0.00000 0.00000 0.00000 0.00000 0.00000 0.00000 0.00000 0.00000 0.00000 0.00000 0.00000 0.00000 0.00000 0.00000
0.00000 0.00000 0.00000 0.00000 0.00000 0.00000 0.00000 0.00000 0.00000 0.00000 0.00000 0.00000 0.00000 0.00000 0.00000 0.00000 0.00000 0.00000 0.00000 0.00000 0.00000 0.00000 0.00000 0.00000 0.00000 0.00000 0.00000 0.00000 0.00000 0.00000 0.00000 0.00000 0.00000 0.00000 0.00000 0.00000 0.00000 0.00000 0.00000 0.00000 0.00000 0.00000 0.00000 0.00000 0.00000 0.00000 0.00000 0.00000 0.00000 0.00000 0.00000 0.00000 0.00000 0.00000 0.00000 0.00000 0.00000 0.00000 0.00000 0.00000 0.00000 0.00000 0.00000 0.00000 0.00000 0.00000 0.00000 0.00000 0.00000 0.00000 0.00000 0.00000 0.00000 0.00000 0.00000 0.03876 0.11612 0.19289 0.26996 0.34737 0.42289 0.49906 0.57713 0.65239 0.72673 0.76570 0.76579 0.76237 0.76136 0.76311 0.76208 0.75873 0.75798 0.75965 0.75852 0.75760 0.76054 0.76585 0.76907 0.77086 0.77279 0.77833 0.78145 0.78225 0.78498 0.78892 0.78756 0.78429 0.78414 0.78541 0.78317 0.78085 0.78262 0.78203 0.77903 0.77767 0.77949 0.77886 0.77602 0.77467 0.77603 0.77593 0.77356 0.77175 0.77267 0.77312 0.77132 0.76904 0.76924 0.76995 0.76911 0.76727 0.76592 0.76571 0.76666 0.76592 0.76303 0.76244 0.76412 0.76406 0.76051 0.76052 0.76151 0.76113 0.75871 0.75869 0.75873 0.75894 0.75757 0.75655 0.75688 0.75749 0.75493 0.75465 0.75575 0.75559 0.75278 0.75294 0.75475 0.75396 0.75132 0.75107 0.75330 0.75285 0.75012 0.74946 0.75203 0.75170 0.74879 0.74899 0.75124 0.75013 0.74772 0.74888 0.75046 0.74864 0.74710 0.74876 0.74903 0.74767 0.74829 0.74758 0.74668 0.74802 0.74892 0.74707 0.74624 0.74744 0.74916 0.74849 0.74615 0.74617 0.74929 0.74926 0.74704 0.74632 0.74812 0.74972 0.74875 0.74676 0.74732 0.75009 0.75011 0.74789 0.74771 0.74997 0.75109 0.74997 0.74865 0.74991 0.75207 0.75205 0.74967 0.75033 0.75339 0.75379 0.75076 0.75161 0.75485 0.75440 0.75217 0.75449 0.75646 0.75439 0.75377 0.75682 0.75816 0.75614 0.75565 0.75883 0.75976 0.75790 0.75851 0.76132 0.76039 0.75762 0.75720 0.75443 0.74753 0.74467 0.74394 0.74065 0.73500 0.73259 0.73029 0.72907 0.72820 0.72906 0.73034 0.73239 0.73118 0.73021 0.73205 0.73487 0.73453 0.69589 0.62362 0.55279 0.47945 0.40448 0.33116 0.25868 0.18513 0.11081 0.03693 0.00000 0.00000 0.00000 0.00000 0.00000 0.00000 0.00000 0.00000 0.00000 0.00000 0.00000 0.00000 0.00000 0.00000 0.00000 0.00000 0.00000 0.00000 0.00000 0.00000 0.00000 0.00000 0.00000 0.00000 0.00000 0.00000 0.00000 0.00000 0.00000 0.00000 0.00000 0.00000 0.00000 0.00000 0.00000 0.00000 0.00000 0.00000 0.00000 0.00000 0.00000 0.00000 0.00000 0.00000 0.00000 0.00000 0.00000 0.00000 0.00000 0.00000 0.00000 0.00000 0.00000 0.00000 0.00000 0.00000 0.00000 0.00000 0.00000 0.00000 0.00000 0.00000 0.00000 0.00000 0.00000 0.00000 0.00000 0.00000 0.00000 0.00000 0.00000 0.00000 0.00000 0.00000 0.00000 0.00000 0.00000 0.00000 0.00000 0.00000 0.00000 0.00000 0.00000 0.00000 0.00000
0.00000 0.00000 0.00000 0.00000 0.00000 0.00000 0.00000 0.00000 0.00000 0.00000 0.00000 0.00000 0.00000 0.00000 0.00000 0.00000 0.00000 0.00000 0.00000 0.00000 0.00000 0.00000 0.00000 0.00000 0.00000 0.00000 0.00000 0.00000 0.00000 0.00000 0.00000 0.00000 0.00000 0.00000 0.00000 0.00000 0.00000 0.00000 0.00000 0.00000 0.00000 0.00000 0.00000 0.00000 0.00000 0.00000 0.00000 0.00000 0.00000 0.00000 0.00000 0.00000 0.00000 0.00000 0.00000 0.00000 0.00000 0.00000 0.00000 0.00000 0.00000 0.00000 0.00000 0.00000 0.00000 0.00206 0.00617 0.01028 0.01433 0.01842 0.02252 0.02657 0.03060 0.03467 0.03866 0.07923 0.15656 0.23333 0.30965 0.38676 0.46366 0.53840 0.61429 0.69208 0.76721 0.80259 0.80374 0.80313 0.80005 0.79891 0.80054 0.79917 0.79608 0.79549 0.79687 0.79549 0.79297 0.79185 0.79280 0.79211 0.78978 0.78799 0.78955 0.78861 0.78544 0.78434 0.78630 0.78473 0.78167 0.78220 0.78283 0.78029 0.77831 0.78006 0.77951 0.77663 0.77518 0.77658 0.77638 0.77394 0.77211 0.77292 0.77343 0.77174 0.76924 0.76941 0.77047 0.76951 0.76692 0.76608 0.76684 0.76712 0.76560 0.76304 0.76263 0.76455 0.76397 0.76034 0.76019 0.76196 0.76143 0.75788 0.75898 0.75941 0.75838 0.75638 0.75726 0.75697 0.75650 0.75461 0.75512 0.75548 0.75470 0.75203 0.75345 0.75406 0.75238 0.75067 0.75198 0.75225 0.75054 0.75027 0.75016 0.75010 0.74992 0.74933 0.74792 0.74895 0.74986 0.74795 0.74654 0.74836 0.74919 0.74677 0.74577 0.74779 0.74845 0.74632 0.74553 0.74590 0.74699 0.74730 0.74675 0.74487 0.74539 0.74713 0.74682 0.74511 0.74561 0.74659 0.74589 0.74620 0.74621 0.74554 0.74607 0.74772 0.74655 0.74488 0.74641 0.74820 0.74744 0.74585 0.74621 0.74834 0.74905 0.74706 0.74644 0.74910 0.75022 0.74815 0.74777 0.75002 0.75081 0.74968 0.74968 0.75069 0.75128 0.75151 0.75269 0.75177 0.75081 0.75314 0.75471 0.75333 0.75273 0.75471 0.75637 0.75542 0.75471 0.75589 0.75818 0.75839 0.75709 0.75707 0.75964 0.76131 0.76029 0.75980 0.76049 0.76153 0.76388 0.76350 0.76185 0.76288 0.76668 0.76634 0.76443 0.76509 0.76928 0.76915 0.76697 0.76733 0.77117 0.77214 0.76985 0.73311 0.66292 0.59082 0.51608 0.44220 0.37001 0.29741 0.22334 0.14926 0.07578 0.03707 0.03314 0.02920 0.02537 0.02152 0.01759 0.01369 0.00980 0.00588 0.00196 0.00000 0.00000 0.00000 0.00000 0.00000 0.00000 0.00000 0.00000 0.00000 0.00000 0.00000 0.00000 0.00000 0.00000 0.00000 0.00000 0.00000 0.00000 0.00000 0.00000 0.00000 0.00000 0.00000 0.00000 0.00000 0.00000 0.00000 0.00000 0.00000 0.00000 0.00000 0.00000 0.00000 0.00000 0.00000 0.00000 0.00000 0.00000 0.00000 0.00000 0.00000 0.00000 0.00000 0.00000 0.00000 0.00000 0.00000 0.00000 0.00000 0.00000 0.00000 0.00000 0.00000 0.00000 0.00000 0.00000 0.00000 0.00000 0.00000 0.00000 0.00000 0.00000 0.00000 0.00000 0.00000 0.00000 0.00000 0.00000 0.00000 0.00000 0.00000 0.00000 0.00000 0.00000 0.00000
0.00000 0.00000 0.00000 0.00000 0.00000 0.00000 0.00000 0.00000 0.00000 0.00000 0.00000 0.00000 0.00000 0.00000 0.00000 0.00000 0.00000 0.00000 0.00000 0.00000 0.00000 0.00000 0.00000 0.00000 0.00000 0.00000 0.00000 0.00000 0.00000 0.00000 0.00000 0.00000 0.00000 0.00000 0.00000 0.00000 0.00000 0.00000 0.00000 0.00000 0.00000 0.00000 0.00000 0.00000 0.00000 0.00000 0.00000 0.00000 0.00000 0.00000 0.00000 0.00000 0.00000 0.00000 0.00000 0.00000 0.00000 0.00000 0.00000 0.00000 0.00000 0.00000 0.00000 0.00000 0.00000 0.00615 0.01843 0.03073 0.04302 0.05516 0.06737 0.07945 0.09156 0.10384 0.11595 0.15600 0.22457 0.29405 0.36207 0.42944 0.49890 0.56720 0.63294 0.70067 0.77022 0.80267 0.79972 0.80120 0.80044 0.79734 0.79611 0.79782 0.79653 0.79347 0.79280 0.79406 0.79284 0.79033 0.78922 0.79007 0.78939 0.78688 0.78543 0.78687 0.78578 0.78286 0.78210 0.78357 0.78166 0.77927 0.78046 0.78006 0.77722 0.77619 0.77781 0.77663 0.77379 0.77311 0.77426 0.77354 0.77121 0.76975 0.77062 0.77083 0.76899 0.76670 0.76724 0.76813 0.76666 0.76419 0.76403 0.76479 0.76424 0.76273 0.76105 0.76056 0.76172 0.76160 0.75843 0.75781 0.75902 0.75967 0.75651 0.75586 0.75593 0.75753 0.75605 0.75381 0.75339 0.75569 0.75349 0.75181 0.75251 0.75374 0.75033 0.74998 0.75184 0.75162 0.74850 0.74841 0.75081 0.74985 0.74719 0.74674 0.74947 0.74889 0.74592 0.74572 0.74842 0.74763 0.74483 0.74536 0.74756 0.74640 0.74409 0.74491 0.74677 0.74580 0.74405 0.74414 0.74422 0.74622 0.74567 0.74339 0.74307 0.74576 0.74586 0.74395 0.74285 0.74375 0.74612 0.74586 0.74307 0.74291 0.74591 0.74637 0.74438 0.74325 0.74473 0.74687 0.74631 0.74395 0.74432 0.74697 0.74761 0.74575 0.74500 0.74667 0.74871 0.74788 0.74597 0.74687 0.75004 0.74978 0.74709 0.74762 0.75136 0.75142 0.74843 0.74986 0.75275 0.75107 0.74994 0.75303 0.75439 0.75217 0.75167 0.75502 0.75600 0.75405 0.75423 0.75719 0.75705 0.75580 0.75833 0.75977 0.75725 0.75755 0.76158 0.76214 0.75933 0.76016 0.76324 0.76372 0.76215 0.76334 0.76532 0.76628 0.76498 0.76542 0.76740 0.76932 0.76839 0.76746 0.76911 0.73940 0.67350 0.60618 0.54174 0.47843 0.41272 0.34579 0.28051 0.21565 0.14980 0.11058 0.09901 0.08778 0.07620 0.06422 0.05259 0.04113 0.02941 0.01757 0.00587 0.00000 0.00000 0.00000 0.00000 0.00000 0.00000 0.00000 0.00000 0.00000 0.00000 0.00000 0.00000 0.00000 0.00000 0.00000 0.00000 0.00000 0.00000 0.00000 0.00000 0.00000 0.00000 0.00000 0.00000 0.00000 0.00000 0.00000 0.00000 0.00000 0.00000 0.00000 0.00000 0.00000 0.00000 0.00000 0.00000 0.00000 0.00000 0.00000 0.00000 0.00000 0.00000 0.00000 0.00000 0.00000 0.00000 0.00000 0.00000 0.00000 0.00000 0.00000 0.00000 0.00000 0.00000 0.00000 0.00000 0.00000 0.00000 0.00000 0.00000 0.00000 0.00000 0.00000 0.00000 0.00000 0.00000 0.00000 0.00000 0.00000 0.00000 0.00000 0.00000 0.00000 0.00000 0.00000
0.00000 0.00000 0.00000 0.00000 0.00000 0.00000 0.00000 0.00000 0.00000 0.00000 0.00000 0.00000 0.00000 0.00000 0.00000 0.00000 0.00000 0.00000 0.00000 0.00000 0.00000 0.00000 0.00000 0.00000 0.00000 0.00000 0.00000 0.00000 0.00000 0.00000 0.00000 0.00000 0.00000 0.00000 0.00000 0.00000 0.00000 0.00000 0.00000 0.00000 0.00000 0.00000 0.00000 0.00000 0.00000 0.00000 0.00000 0.00000 0.00000 0.00000 0.00000 0.00000 0.00000 0.00000 0.00000 0.00000 0.00000 0.00000 0.00000 0.00000 0.00000 0.00000 0.00000 0.00000 0.00000 0.01026 0.03063 0.05102 0.07148 0.09189 0.11197 0.13219 0.15230 0.17241 0.19275 0.23305 0.29283 0.35298 0.41427 0.47375 0.53248 0.59369 0.65374 0.71101 0.77038 0.80140 0.79996 0.79720 0.79804 0.79743 0.79485 0.79376 0.79487 0.79347 0.79096 0.79049 0.79111 0.78992 0.78774 0.78673 0.78732 0.78662 0.78415 0.78285 0.78426 0.78300 0.78021 0.77997 0.78098 0.77867 0.77680 0.77826 0.77750 0.77463 0.77380 0.77502 0.77415 0.77155 0.77054 0.77125 0.77115 0.76933 0.76707 0.76745 0.76837 0.76720 0.76433 0.76410 0.76537 0.76479 0.76234 0.76105 0.76155 0.76231 0.76117 0.75823 0.75775 0.75975 0.75940 0.75571 0.75590 0.75706 0.75691 0.75438 0.75416 0.75402 0.75477 0.75369 0.75209 0.75176 0.75293 0.75055 0.75019 0.75103 0.75077 0.74804 0.74879 0.74964 0.74823 0.74707 0.74773 0.74791 0.74639 0.74616 0.74577 0.74649 0.74656 0.74493 0.74377 0.74566 0.74620 0.74373 0.74275 0.74512 0.74545 0.74282 0.74214 0.74460 0.74466 0.74295 0.74263 0.74232 0.74315 0.74388 0.74351 0.74177 0.74230 0.74366 0.74407 0.74233 0.74209 0.74299 0.74346 0.74364 0.74269 0.74205 0.74357 0.74499 0.74338 0.74208 0.74362 0.74520 0.74493 0.74345 0.74306 0.74550 0.74657 0.74482 0.74383 0.74625 0.74743 0.74650 0.74550 0.74677 0.74783 0.74854 0.74806 0.74759 0.74775 0.74995 0.75112 0.74922 0.74898 0.75123 0.75248 0.75136 0.75095 0.75226 0.75429 0.75437 0.75301 0.75316 0.75609 0.75748 0.75560 0.75535 0.75742 0.75879 0.75904 0.75898 0.75822 0.75948 0.76239 0.76214 0.76013 0.76147 0.76514 0.76483 0.76275 0.76378 0.76779 0.76785 0.76532 0.76595 0.77024 0.74199 0.68169 0.62434 0.56962 0.51259 0.45334 0.39524 0.33855 0.28152 0.22294 0.18388 0.16510 0.14617 0.12635 0.10689 0.08783 0.06842 0.04874 0.02929 0.00980 0.00000 0.00000 0.00000 0.00000 0.00000 0.00000 0.00000 0.00000 0.00000 0.00000 0.00000 0.00000 0.00000 0.00000 0.00000 0.00000 0.00000 0.00000 0.00000 0.00000 0.00000 0.00000 0.00000 0.00000 0.00000 0.00000 0.00000 0.00000 0.00000 0.00000 0.00000 0.00000 0.00000 0.00000 0.00000 0.00000 0.00000 0.00000 0.00000 0.00000 0.00000 0.00000 0.00000 0.00000 0.00000 0.00000 0.00000 0.00000 0.00000 0.00000 0.00000 0.00000 0.00000 0.00000 0.00000 0.00000 0.00000 0.00000 0.00000 0.00000 0.00000 0.00000 0.00000 0.00000 0.00000 0.00000 0.00000 0.00000 0.00000 0.00000 0.00000 0.00000 0.00000 0.00000 0.00000
0.00000 0.00000 0.00000 0.00000 0.00000 0.00000 0.00000 0.00000 0.00000 0.00000 0.00000 0.00000 0.00000 0.00000 0.00000 0.00000 0.00000 0.00000 0.00000 0.00000 0.00000 0.00000 0.00000 0.00000 0.00000 0.00000 0.00000 0.00000 0.00000 0.00000 0.00000 0.00000 0.00000 0.00000 0.00000 0.00000 0.00000 0.00000 0.00000 0.00000 0.00000 0.00000 0.00000 0.00000 0.00000 0.00000 0.00000 0.00000 0.00000 0.00000 0.00000 0.00000 0.00000 0.00000 0.00000 0.00000 0.00000 0.00000 0.00000 0.00000 0.00000 0.00000 0.00000 0.00000 0.00000 0.01431 0.04296 0.07138 0.09971 0.12805 0.15653 0.18491 0.21306 0.24057 0.26861 0.30963 0.36169 0.41242 0.46450 0.51766 0.56807 0.61875 0.67220 0.72349 0.77223 0.79804 0.79878 0.79670 0.79434 0.79554 0.79482 0.79201 0.79101 0.79223 0.79091 0.78823 0.78778 0.78846 0.78731 0.78496 0.78409 0.78480 0.78387 0.78143 0.78049 0.78159 0.77998 0.77787 0.77817 0.77808 0.77560 0.77486 0.77608 0.77438 0.77177 0.77206 0.77267 0.77097 0.76883 0.76858 0.76891 0.76825 0.76667 0.76467 0.76526 0.76590 0.76439 0.76178 0.76212 0.76319 0.76185 0.75954 0.75925 0.75945 0.75930 0.75874 0.75663 0.75560 0.75658 0.75731 0.75468 0.75330 0.75342 0.75522 0.75415 0.75125 0.75077 0.75324 0.75230 0.74926 0.74914 0.75131 0.74898 0.74734 0.74911 0.74943 0.74590 0.74557 0.74807 0.74728 0.74440 0.74447 0.74677 0.74576 0.74310 0.74277 0.74564 0.74501 0.74199 0.74215 0.74468 0.74376 0.74121 0.74157 0.74385 0.74292 0.74081 0.74073 0.74283 0.74304 0.74194 0.74010 0.74004 0.74289 0.74264 0.74020 0.73971 0.74233 0.74282 0.74188 0.73965 0.74024 0.74302 0.74298 0.74024 0.74001 0.74253 0.74352 0.74207 0.74044 0.74142 0.74416 0.74396 0.74139 0.74151 0.74394 0.74522 0.74351 0.74241 0.74373 0.74654 0.74561 0.74364 0.74396 0.74779 0.74761 0.74505 0.74561 0.74906 0.74814 0.74633 0.74920 0.75068 0.74830 0.74786 0.75141 0.75235 0.75004 0.75024 0.75333 0.75336 0.75201 0.75395 0.75557 0.75395 0.75381 0.75769 0.75818 0.75528 0.75576 0.75979 0.76016 0.75797 0.75881 0.76173 0.76198 0.76065 0.76184 0.76402 0.76465 0.76366 0.76428 0.76601 0.76755 0.76718 0.74172 0.69311 0.64546 0.59517 0.54378 0.49507 0.44662 0.39637 0.34530 0.29586 0.25815 0.23104 0.20329 0.17656 0.15007 0.12289 0.09520 0.06807 0.04109 0.01371 0.00000 0.00000 0.00000 0.00000 0.00000 0.00000 0.00000 0.00000 0.00000 0.00000 0.00000 0.00000 0.00000 0.00000 0.00000 0.00000 0.00000 0.00000 0.00000 0.00000 0.00000 0.00000 0.00000 0.00000 0.00000 0.00000 0.00000 0.00000 0.00000 0.00000 0.00000 0.00000 0.00000 0.00000 0.00000 0.00000 0.00000 0.00000 0.00000 0.00000 0.00000 0.00000 0.00000 0.00000 0.00000 0.00000 0.00000 0.00000 0.00000 0.00000 0.00000 0.00000 0.00000 0.00000 0.00000 0.00000 0.00000 0.00000 0.00000 0.00000 0.00000 0.00000 0.00000 0.00000 0.00000 0.00000 0.00000 0.00000 0.00000 0.00000 0.00000 0.00000 0.00000 0.00000 0.00000
0.00000 0.00000 0.00000 0.00000 0.00000 0.00000 0.00000 0.00000 0.00000 0.00000 0.00000 0.00000 0.00000 0.00000 0.00000 0.00000 0.00000 0.00000 0.00000 0.00000 0.00000 0.00000 0.00000 0.00000 0.00000 0.00000 0.00000 0.00000 0.00000 0.00000 0.00000 0.00000 0.00000 0.00000 0.00000 0.00000 0.00000 0.00000 0.00000 0.00000 0.00000 0.00000 0.00000 0.00000 0.00000 0.00000 0.00000 0.00000 0.00000 0.00000 0.00000 0.00000 0.00000 0.00000 0.00000 0.00000 0.00000 0.00000 0.00000 0.00000 0.00000 0.00000 0.00000 0.00000 0.00000 0.01833 0.05501 0.09174 0.12817 0.16423 0.20057 0.23715 0.27337 0.30925 0.34460 0.38453 0.42953 0.47312 0.51530 0.55927 0.60419 0.64621 0.68841 0.73358 0.77701 0.79562 0.79503 0.79579 0.79425 0.79192 0.79249 0.79181 0.78951 0.78872 0.78932 0.78794 0.78573 0.78535 0.78563 0.78452 0.78240 0.78151 0.78218 0.78112 0.77884 0.77811 0.77899 0.77704 0.77540 0.77619 0.77546 0.77284 0.77251 0.77343 0.77181 0.76935 0.76954 0.76981 0.76859 0.76682 0.76579 0.76579 0.76594 0.76494 0.76201 0.76212 0.76337 0.76259 0.75971 0.75912 0.76025 0.76002 0.75792 0.75634 0.75612 0.75750 0.75716 0.75382 0.75340 0.75480 0.75479 0.75234 0.75149 0.75143 0.75259 0.75201 0.74942 0.74861 0.75068 0.75030 0.74740 0.74715 0.74876 0.74768 0.74570 0.74636 0.74654 0.74510 0.74463 0.74503 0.74363 0.74337 0.74429 0.74390 0.74260 0.74195 0.74154 0.74304 0.74311 0.74074 0.73991 0.74238 0.74241 0.73976 0.73906 0.74190 0.74150 0.73909 0.73914 0.74136 0.74027 0.73980 0.74027 0.73885 0.73916 0.74063 0.74091 0.73875 0.73863 0.74028 0.74149 0.73962 0.73870 0.73951 0.74100 0.74117 0.73941 0.73881 0.74115 0.74221 0.74053 0.73962 0.74095 0.74223 0.74253 0.74123 0.74036 0.74267 0.74395 0.74295 0.74135 0.74321 0.74431 0.74514 0.74411 0.74378 0.74426 0.74679 0.74747 0.74523 0.74522 0.74785 0.74878 0.74742 0.74732 0.74875 0.75032 0.75048 0.74923 0.74939 0.75228 0.75359 0.75138 0.75123 0.75410 0.75555 0.75420 0.75443 0.75510 0.75625 0.75790 0.75799 0.75613 0.75776 0.76099 0.76076 0.75859 0.76013 0.76369 0.76353 0.76127 0.76240 0.76638 0.76667 0.76396 0.74370 0.70568 0.66383 0.61914 0.57750 0.53759 0.49634 0.45300 0.41026 0.36894 0.33150 0.29600 0.26105 0.22725 0.19269 0.15703 0.12225 0.08779 0.05269 0.01752 0.00000 0.00000 0.00000 0.00000 0.00000 0.00000 0.00000 0.00000 0.00000 0.00000 0.00000 0.00000 0.00000 0.00000 0.00000 0.00000 0.00000 0.00000 0.00000 0.00000 0.00000 0.00000 0.00000 0.00000 0.00000 0.00000 0.00000 0.00000 0.00000 0.00000 0.00000 0.00000 0.00000 0.00000 0.00000 0.00000 0.00000 0.00000 0.00000 0.00000 0.00000 0.00000 0.00000 0.00000 0.00000 0.00000 0.00000 0.00000 0.00000 0.00000 0.00000 0.00000 0.00000 0.00000 0.00000 0.00000 0.00000 0.00000 0.00000 0.00000 0.00000 0.00000 0.00000 0.00000 0.00000 0.00000 0.00000 0.00000 0.00000 0.00000 0.00000 0.00000 0.00000 0.00000 0.00000
0.00000 0.00000 0.00000 0.00000 0.00000 0.00000 0.00000 0.00000 0.00000 0.00000 0.00000 0.00000 0.00000 0.00000 0.00000 0.00000 0.00000 0.00000 0.00000 0.00000 0.00000 0.00000 0.00000 0.00000 0.00000 0.00000 0.00000 0.00000 0.00000 0.00000 0.00000 0.00000 0.00000 0.00000 0.00000 0.00000 0.00000 0.00000 0.00000 0.00000 0.00000 0.00000 0.00000 0.00000 0.00000 0.00000 0.00000 0.00000 0.00000 0.00000 0.00000 0.00000 0.00000 0.00000 0.00000 0.00000 0.00000 0.00000 0.00000 0.00000 0.00000 0.00000 0.00000 0.00000 0.00000 0.02242 0.06698 0.11159 0.15640 0.20093 0.24474 0.28848 0.33289 0.37771 0.42137 0.45973 0.49527 0.53271 0.56770 0.60138 0.63794 0.67412 0.70724 0.74183 0.77921 0.79600 0.79268 0.79269 0.79326 0.79110 0.78908 0.79007 0.78932 0.78664 0.78592 0.78675 0.78547 0.78299 0.78255 0.78308 0.78195 0.77973 0.77892 0.77961 0.77826 0.77640 0.77601 0.77615 0.77402 0.77334 0.77411 0.77237 0.76996 0.77068 0.77106 0.76862 0.76663 0.76771 0.76746 0.76541 0.76421 0.76380 0.76346 0.76314 0.76228 0.75965 0.76010 0.76106 0.75969 0.75708 0.75737 0.75816 0.75694 0.75540 0.75488 0.75393 0.75421 0.75504 0.75279 0.75099 0.75117 0.75292 0.75166 0.74882 0.74846 0.75082 0.74989 0.74680 0.74692 0.74885 0.74769 0.74490 0.74610 0.74699 0.74484 0.74304 0.74535 0.74515 0.74220 0.74171 0.74400 0.74268 0.74036 0.74139 0.74284 0.74197 0.73922 0.73916 0.74184 0.74122 0.73840 0.73836 0.74093 0.74010 0.73785 0.73753 0.74012 0.73986 0.73783 0.73694 0.73843 0.73977 0.73940 0.73708 0.73663 0.73939 0.73955 0.73761 0.73650 0.73850 0.73982 0.73911 0.73663 0.73731 0.73988 0.74000 0.73780 0.73739 0.73900 0.74081 0.74003 0.73791 0.73830 0.74170 0.74165 0.73886 0.73887 0.74158 0.74293 0.74087 0.74004 0.74107 0.74419 0.74354 0.74155 0.74196 0.74534 0.74486 0.74287 0.74529 0.74699 0.74476 0.74420 0.74780 0.74877 0.74607 0.74639 0.74969 0.74977 0.74805 0.74992 0.75165 0.75030 0.75010 0.75354 0.75398 0.75149 0.75189 0.75615 0.75649 0.75391 0.75433 0.75802 0.75811 0.75671 0.75774 0.76029 0.76033 0.75941 0.76060 0.76257 0.76290 0.76261 0.76350 0.76472 0.74836 0.71414 0.68003 0.64646 0.61335 0.57843 0.54312 0.51037 0.47668 0.44168 0.40276 0.36163 0.31986 0.27700 0.23387 0.19194 0.14982 0.10710 0.06405 0.02136 0.00000 0.00000 0.00000 0.00000 0.00000 0.00000 0.00000 0.00000 0.00000 0.00000 0.00000 0.00000 0.00000 0.00000 0.00000 0.00000 0.00000 0.00000 0.00000 0.00000 0.00000 0.00000 0.00000 0.00000 0.00000 0.00000 0.00000 0.00000 0.00000 0.00000 0.00000 0.00000 0.00000 0.00000 0.00000 0.00000 0.00000 0.00000 0.00000 0.00000 0.00000 0.00000 0.00000 0.00000 0.00000 0.00000 0.00000 0.00000 0.00000 0.00000 0.00000 0.00000 0.00000 0.00000 0.00000 0.00000 0.00000 0.00000 0.00000 0.00000 0.00000 0.00000 0.00000 0.00000 0.00000 0.00000 0.00000 0.00000 0.00000 0.00000 0.00000 0.00000 0.00000 0.00000 0.00000
0.00000 0.00000 0.00000 0.00000 0.00000 0.00000 0.00000 0.00000 0.00000 0.00000 0.00000 0.00000 0.00000 0.00000 0.00000 0.00000 0.00000 0.00000 0.00000 0.00000 0.00000 0.00000 0.00000 0.00000 0.00000 0.00000 0.00000 0.00000 0.00000 0.00000 0.00000 0.00000 0.00000 0.00000 0.00000 0.00000 0.00000 0.00000 0.00000 0.00000 0.00000 0.00000 0.00000 0.00000 0.00000 0.00000 0.00000 0.00000 0.00000 0.00000 0.00000 0.00000 0.00000 0.00000 0.00000 0.00000 0.00000 0.00000 0.00000 0.00000 0.00000 0.00000 0.00000 0.00000 0.00000 0.02645 0.07930 0.13148 0.18393 0.23690 0.28921 0.34051 0.39212 0.44460 0.49713 0.53618 0.56229 0.58966 0.61897 0.64541 0.67102 0.69964 0.72768 0.75257 0.77882 0.79421 0.79349 0.79019 0.78970 0.79037 0.78869 0.78670 0.78714 0.78643 0.78416 0.78351 0.78389 0.78270 0.78057 0.77998 0.78030 0.77927 0.77732 0.77637 0.77696 0.77540 0.77397 0.77394 0.77350 0.77113 0.77097 0.77168 0.76976 0.76743 0.76818 0.76836 0.76617 0.76440 0.76502 0.76447 0.76314 0.76245 0.76101 0.76027 0.76082 0.76060 0.75762 0.75708 0.75824 0.75788 0.75535 0.75447 0.75485 0.75519 0.75443 0.75200 0.75125 0.75254 0.75278 0.75006 0.74914 0.74913 0.75033 0.74954 0.74698 0.74619 0.74834 0.74810 0.74489 0.74435 0.74647 0.74639 0.74300 0.74294 0.74458 0.74433 0.74148 0.74159 0.74215 0.74180 0.74149 0.74070 0.73926 0.73926 0.74088 0.74038 0.73932 0.73779 0.73777 0.73972 0.73928 0.73679 0.73632 0.73909 0.73833 0.73605 0.73633 0.73865 0.73697 0.73565 0.73749 0.73727 0.73593 0.73723 0.73781 0.73549 0.73553 0.73748 0.73827 0.73586 0.73522 0.73693 0.73851 0.73713 0.73562 0.73603 0.73848 0.73878 0.73647 0.73594 0.73880 0.73925 0.73789 0.73748 0.73873 0.73932 0.73992 0.73922 0.73861 0.73984 0.74107 0.74123 0.74075 0.74038 0.74038 0.74319 0.74391 0.74153 0.74154 0.74443 0.74534 0.74362 0.74361 0.74527 0.74644 0.74661 0.74562 0.74582 0.74829 0.74978 0.74755 0.74728 0.75041 0.75187 0.74979 0.75010 0.75207 0.75298 0.75314 0.75377 0.75249 0.75402 0.75686 0.75698 0.75450 0.75616 0.75965 0.75962 0.75719 0.75861 0.76223 0.76249 0.76003 0.76103 0.76479 0.75205 0.72321 0.69696 0.67364 0.64722 0.61966 0.59243 0.56619 0.54158 0.51482 0.47563 0.42640 0.37724 0.32596 0.27645 0.22711 0.17665 0.12582 0.07565 0.02533 0.00000 0.00000 0.00000 0.00000 0.00000 0.00000 0.00000 0.00000 0.00000 0.00000 0.00000 0.00000 0.00000 0.00000 0.00000 0.00000 0.00000 0.00000 0.00000 0.00000 0.00000 0.00000 0.00000 0.00000 0.00000 0.00000 0.00000 0.00000 0.00000 0.00000 0.00000 0.00000 0.00000 0.00000 0.00000 0.00000 0.00000 0.00000 0.00000 0.00000 0.00000 0.00000 0.00000 0.00000 0.00000 0.00000 0.00000 0.00000 0.00000 0.00000 0.00000 0.00000 0.00000 0.00000 0.00000 0.00000 0.00000 0.00000 0.00000 0.00000 0.00000 0.00000 0.00000 0.00000 0.00000 0.00000 0.00000 0.00000 0.00000 0.00000 0.00000 0.00000 0.00000 0.00000 0.00000
0.00000 0.00000 0.00000 0.00000 0.00000 0.00000 0.00000 0.00000 0.00000 0.00000 0.00000 0.00000 0.00000 0.00000 0.00000 0.00000 0.00000 0.00000 0.00000 0.00000 0.00000 0.00000 0.00000 0.00000 0.00000 0.00000 0.00000 0.00000 0.00000 0.00000 0.00000 0.00000 0.00000 0.00000 0.00000 0.00000 0.00000 0.00000 0.00000 0.00000 0.00000 0.00000 0.00000 0.00000 0.00000 0.00000 0.00000 0.00000 0.00000 0.00000 0.00000 0.00000 0.00000 0.00000 0.00000 0.00000 0.00000 0.00000 0.00000 0.00000 0.00000 0.00000 0.00000 0.00000 0.00000 0.03038 0.09126 0.15195 0.21176 0.27187 0.33268 0.39318 0.45228 0.51091 0.57085 0.61200 0.63070 0.64800 0.66734 0.68884 0.70613 0.72424 0.74582 0.76498 0.78128 0.79014 0.79181 0.79055 0.78728 0.78741 0.78794 0.78564 0.78384 0.78475 0.78406 0.78139 0.78064 0.78132 0.78029 0.77799 0.77719 0.77771 0.77664 0.77489 0.77392 0.77421 0.77247 0.77177 0.77190 0.77054 0.76825 0.76895 0.76936 0.76670 0.76474 0.76617 0.76601 0.76312 0.76176 0.76312 0.76208 0.76006 0.75999 0.75918 0.75808 0.75850 0.75785 0.75529 0.75524 0.75610 0.75483 0.75278 0.75300 0.75264 0.75189 0.75266 0.75083 0.74901 0.74905 0.75079 0.74896 0.74654 0.74604 0.74854 0.74732 0.74442 0.74491 0.74649 0.74498 0.74249 0.74340 0.74457 0.74315 0.74068 0.74198 0.74282 0.74105 0.73897 0.74086 0.74086 0.73845 0.73909 0.73987 0.73840 0.73647 0.73771 0.73899 0.73870 0.73572 0.73535 0.73804 0.73768 0.73504 0.73445 0.73723 0.73693 0.73461 0.73436 0.73642 0.73659 0.73520 0.73443 0.73395 0.73618 0.73642 0.73428 0.73350 0.73593 0.73655 0.73495 0.73340 0.73510 0.73685 0.73616 0.73391 0.73459 0.73647 0.73712 0.73590 0.73490 0.73544 0.73817 0.73805 0.73556 0.73546 0.73939 0.73938 0.73648 0.73643 0.74012 0.74064 0.73852 0.73781 0.73992 0.74182 0.74080 0.73929 0.74152 0.74336 0.74143 0.74062 0.74399 0.74516 0.74232 0.74261 0.74603 0.74632 0.74406 0.74588 0.74795 0.74672 0.74622 0.74940 0.74997 0.74781 0.74831 0.75234 0.75245 0.74987 0.75011 0.75428 0.75428 0.75294 0.75365 0.75630 0.75628 0.75568 0.75661 0.75870 0.75879 0.75852 0.75957 0.76106 0.76088 0.76149 0.75373 0.73516 0.71562 0.69732 0.68086 0.66154 0.64194 0.62303 0.60539 0.58742 0.54900 0.49063 0.43356 0.37725 0.31897 0.26096 0.20284 0.14523 0.08746 0.02918 0.00000 0.00000 0.00000 0.00000 0.00000 0.00000 0.00000 0.00000 0.00000 0.00000 0.00000 0.00000 0.00000 0.00000 0.00000 0.00000 0.00000 0.00000 0.00000 0.00000 0.00000 0.00000 0.00000 0.00000 0.00000 0.00000 0.00000 0.00000 0.00000 0.00000 0.00000 0.00000 0.00000 0.00000 0.00000 0.00000 0.00000 0.00000 0.00000 0.00000 0.00000 0.00000 0.00000 0.00000 0.00000 0.00000 0.00000 0.00000 0.00000 0.00000 0.00000 0.00000 0.00000 0.00000 0.00000 0.00000 0.00000 0.00000 0.00000 0.00000 0.00000 0.00000 0.00000 0.00000 0.00000 0.00000 0.00000 0.00000 0.00000 0.00000 0.00000 0.00000 0.00000 0.00000 0.00000
0.00000 0.00000 0.00000 0.00000 0.00000 0.00000 0.00000 0.00000 0.00000 0.00000 0.00000 0.00000 0.00000 0.00000 0.00000 0.00000 0.00000 0.00000 0.00000 0.00000 0.00000 0.00000 0.00000 0.00000 0.00000 0.00000 0.00000 0.00000 0.00000 0.00000 0.00000 0.00000 0.00000 0.00000 0.00000 0.00000 0.00000 0.00000 0.00000 0.00000 0.00000 0.00000 0.00000 0.00000 0.00000 0.00000 0.00000 0.00000 0.00000 0.00000 0.00000 0.00000 0.00000 0.00000 0.00000 0.00000 0.00000 0.00000 0.00000 0.00000 0.00000 0.00000 0.00000 0.00000 0.00000 0.03433 0.10288 0.17181 0.24031 0.30743 0.37528 0.44433 0.51236 0.57857 0.64516 0.68519 0.69774 0.70777 0.71756 0.72980 0.74212 0.75128 0.76146 0.77500 0.78621 0.78861 0.78737 0.78900 0.78810 0.78479 0.78452 0.78519 0.78325 0.78140 0.78187 0.78135 0.77903 0.77809 0.77845 0.77770 0.77576 0.77454 0.77493 0.77395 0.77258 0.77156 0.77153 0.76947 0.76939 0.76977 0.76791 0.76566 0.76647 0.76679 0.76422 0.76233 0.76352 0.76328 0.76080 0.75970 0.76045 0.75891 0.75770 0.75851 0.75736 0.75499 0.75568 0.75610 0.75395 0.75234 0.75276 0.75299 0.75206 0.75017 0.74939 0.75023 0.75097 0.74788 0.74698 0.74742 0.74821 0.74629 0.74471 0.74415 0.74605 0.74557 0.74253 0.74219 0.74416 0.74381 0.74055 0.74032 0.74233 0.74224 0.73883 0.73862 0.74046 0.74053 0.73787 0.73718 0.73750 0.73799 0.73865 0.73705 0.73550 0.73496 0.73708 0.73714 0.73563 0.73386 0.73479 0.73640 0.73487 0.73309 0.73464 0.73578 0.73352 0.73254 0.73537 0.73530 0.73265 0.73294 0.73507 0.73296 0.73238 0.73452 0.73493 0.73237 0.73222 0.73436 0.73536 0.73318 0.73216 0.73345 0.73564 0.73495 0.73277 0.73267 0.73591 0.73617 0.73378 0.73376 0.73641 0.73619 0.73522 0.73554 0.73689 0.73653 0.73674 0.73730 0.73824 0.73716 0.73716 0.73925 0.74056 0.73811 0.73788 0.74078 0.74187 0.73997 0.73971 0.74173 0.74288 0.74275 0.74187 0.74235 0.74435 0.74593 0.74389 0.74347 0.74647 0.74814 0.74583 0.74592 0.74874 0.74961 0.74830 0.74943 0.74938 0.75043 0.75257 0.75315 0.75053 0.75210 0.75568 0.75605 0.75317 0.75455 0.75830 0.75871 0.75584 0.75709 0.76053 0.76140 0.75941 0.75425 0.74552 0.73531 0.72384 0.71174 0.70132 0.69175 0.68216 0.66904 0.65728 0.62101 0.55741 0.49130 0.42618 0.36069 0.29477 0.23058 0.16478 0.09870 0.03288 0.00000 0.00000 0.00000 0.00000 0.00000 0.00000 0.00000 0.00000 0.00000 0.00000 0.00000 0.00000 0.00000 0.00000 0.00000 0.00000 0.00000 0.00000 0.00000 0.00000 0.00000 0.00000 0.00000 0.00000 0.00000 0.00000 0.00000 0.00000 0.00000 0.00000 0.00000 0.00000 0.00000 0.00000 0.00000 0.00000 0.00000 0.00000 0.00000 0.00000 0.00000 0.00000 0.00000 0.00000 0.00000 0.00000 0.00000 0.00000 0.00000 0.00000 0.00000 0.00000 0.00000 0.00000 0.00000 0.00000 0.00000 0.00000 0.00000 0.00000 0.00000 0.00000 0.00000 0.00000 0.00000 0.00000 0.00000 0.00000 0.00000 0.00000 0.00000 0.00000 0.00000 0.00000 0.00000
0.00000 0.00000 0.00000 0.00000 0.00000 0.00000 0.00000 0.00000 0.00000 0.00000 0.00000 0.00000 0.00000 0.00000 0.00000 0.00000 0.00000 0.00000 0.00000 0.00000 0.00000 0.00000 0.00000 0.00000 0.00000 0.00000 0.00000 0.00000 0.00000 0.00000 0.00000 0.00000 0.00000 0.00000 0.00000 0.00000 0.00000 0.00000 0.00000 0.00000 0.00000 0.00000 0.00000 0.00000 0.00000 0.00000 0.00000 0.00000 0.00000 0.00000 0.00000 0.00000 0.00000 0.00000 0.00000 0.00000 0.00000 0.00000 0.00000 0.00000 0.00000 0.00000 0.00000 0.00000 0.00000 0.03841 0.11469 0.19100 0.26787 0.34411 0.41886 0.49398 0.57055 0.64694 0.72086 0.75831 0.76221 0.76733 0.76898 0.77048 0.77640 0.77944 0.77993 0.78248 0.78857 0.78954 0.78568 0.78487 0.78663 0.78518 0.78195 0.78227 0.78285 0.78038 0.77856 0.77940 0.77905 0.77654 0.77525 0.77583 0.77527 0.77347 0.77183 0.77223 0.77116 0.77035 0.76932 0.76867 0.76658 0.76728 0.76759 0.76495 0.76300 0.76437 0.76442 0.76128 0.75972 0.76140 0.76097 0.75791 0.75712 0.75843 0.75634 0.75503 0.75615 0.75520 0.75293 0.75357 0.75322 0.75147 0.75072 0.75081 0.74969 0.75021 0.74900 0.74728 0.74682 0.74881 0.74658 0.74444 0.74450 0.74639 0.74438 0.74215 0.74334 0.74423 0.74220 0.74014 0.74138 0.74224 0.74061 0.73831 0.73931 0.74043 0.73919 0.73660 0.73762 0.73887 0.73744 0.73551 0.73643 0.73652 0.73494 0.73559 0.73585 0.73525 0.73340 0.73361 0.73504 0.73520 0.73246 0.73232 0.73428 0.73419 0.73177 0.73262 0.73362 0.73310 0.73150 0.73225 0.73252 0.73279 0.73299 0.73146 0.73060 0.73292 0.73336 0.73129 0.73046 0.73272 0.73366 0.73213 0.73044 0.73206 0.73366 0.73334 0.73191 0.73191 0.73264 0.73441 0.73443 0.73239 0.73221 0.73557 0.73594 0.73320 0.73293 0.73685 0.73713 0.73438 0.73413 0.73778 0.73837 0.73636 0.73557 0.73829 0.73979 0.73788 0.73702 0.74006 0.74151 0.73886 0.73885 0.74218 0.74285 0.74024 0.74176 0.74422 0.74338 0.74224 0.74524 0.74619 0.74421 0.74465 0.74837 0.74823 0.74592 0.74667 0.75062 0.75020 0.74896 0.74983 0.75229 0.75213 0.75214 0.75282 0.75454 0.75491 0.75490 0.75528 0.75703 0.75719 0.75757 0.75919 0.75994 0.75661 0.75429 0.75377 0.74996 0.74443 0.74148 0.74159 0.73799 0.73258 0.72885 0.69415 0.62198 0.54734 0.47443 0.40318 0.33073 0.25692 0.18354 0.10991 0.03676 0.00000 0.00000 0.00000 0.00000 0.00000 0.00000 0.00000 0.00000 0.00000 0.00000 0.00000 0.00000 0.00000 0.00000 0.00000 0.00000 0.00000 0.00000 0.00000 0.00000 0.00000 0.00000 0.00000 0.00000 0.00000 0.00000 0.00000 0.00000 0.00000 0.00000 0.00000 0.00000 0.00000 0.00000 0.00000 0.00000 0.00000 0.00000 0.00000 0.00000 0.00000 0.00000 0.00000 0.00000 0.00000 0.00000 0.00000 0.00000 0.00000 0.00000 0.00000 0.00000 0.00000 0.00000 0.00000 0.00000 0.00000 0.00000 0.00000 0.00000 0.00000 0.00000 0.00000 0.00000 0.00000 0.00000 0.00000 0.00000 0.00000 0.00000 0.00000 0.00000 0.00000 0.00000 0.00000
0.00000 0.00000 0.00000 0.00000 0.00000 0.00000 0.00000 0.00000 0.00000 0.00000 0.00000 0.00000 0.00000 0.00000 0.00000 0.00000 0.00000 0.00000 0.00000 0.00000 0.00000 0.00000 0.00000 0.00000 0.00000 0.00000 0.00000 0.00000 0.00000 0.00000 0.00000 0.00000 0.00000 0.00000 0.00000 0.00000 0.00000 0.00000 0.00000 0.00000 0.00000 0.00000 0.00000 0.00000 0.00000 0.00000 0.00000 0.00000 0.00000 0.00000 0.00000 0.00000 0.00000 0.00000 0.00000 0.00204 0.00611 0.01017 0.01423 0.01824 0.02227 0.02634 0.03038 0.03427 0.03825 0.07867 0.15522 0.23060 0.30648 0.38351 0.45935 0.53302 0.60810 0.68490 0.76032 0.79535 0.79402 0.79455 0.79415 0.79147 0.79005 0.79199 0.79044 0.78712 0.78597 0.78776 0.78690 0.78315 0.78215 0.78395 0.78278 0.77945 0.77946 0.78024 0.77807 0.77603 0.77649 0.77650 0.77443 0.77259 0.77293 0.77276 0.77132 0.76913 0.76948 0.76828 0.76803 0.76750 0.76602 0.76393 0.76483 0.76515 0.76244 0.76053 0.76175 0.76190 0.75898 0.75740 0.75862 0.75817 0.75571 0.75528 0.75572 0.75320 0.75268 0.75451 0.75323 0.75008 0.75036 0.75131 0.75064 0.74804 0.74744 0.74788 0.74902 0.74614 0.74489 0.74532 0.74631 0.74333 0.74254 0.74358 0.74388 0.74265 0.74029 0.74064 0.74188 0.74114 0.73822 0.73816 0.74003 0.73976 0.73640 0.73612 0.73825 0.73832 0.73499 0.73447 0.73621 0.73681 0.73525 0.73330 0.73314 0.73394 0.73501 0.73450 0.73206 0.73110 0.73364 0.73382 0.73136 0.73019 0.73319 0.73304 0.73034 0.72957 0.73307 0.73248 0.72954 0.72923 0.73244 0.73154 0.72922 0.73110 0.73191 0.72933 0.72927 0.73166 0.73196 0.72949 0.72913 0.73117 0.73249 0.73085 0.72929 0.72972 0.73286 0.73283 0.73009 0.73026 0.73330 0.73312 0.73120 0.73201 0.73397 0.73328 0.73255 0.73358 0.73494 0.73394 0.73370 0.73529 0.73664 0.73484 0.73444 0.73695 0.73825 0.73642 0.73584 0.73809 0.73957 0.73893 0.73783 0.73884 0.74078 0.74198 0.74004 0.73983 0.74253 0.74444 0.74208 0.74185 0.74498 0.74617 0.74397 0.74503 0.74742 0.74709 0.74747 0.74899 0.74688 0.74823 0.75165 0.75235 0.74935 0.75047 0.75442 0.75512 0.75178 0.75304 0.75693 0.75765 0.75488 0.75590 0.75799 0.75994 0.76004 0.75940 0.76019 0.76222 0.76432 0.76309 0.76241 0.76472 0.76772 0.73048 0.65669 0.58494 0.51419 0.44155 0.36793 0.29434 0.22129 0.14899 0.07549 0.03673 0.03288 0.02912 0.02526 0.02135 0.01749 0.01366 0.00975 0.00584 0.00195 0.00000 0.00000 0.00000 0.00000 0.00000 0.00000 0.00000 0.00000 0.00000 0.00000 0.00000 0.00000 0.00000 0.00000 0.00000 0.00000 0.00000 0.00000 0.00000 0.00000 0.00000 0.00000 0.00000 0.00000 0.00000 0.00000 0.00000 0.00000 0.00000 0.00000 0.00000 0.00000 0.00000 0.00000 0.00000 0.00000 0.00000 0.00000 0.00000 0.00000 0.00000 0.00000 0.00000 0.00000 0.00000 0.00000 0.00000 0.00000 0.00000 0.00000 0.00000 0.00000 0.00000 0.00000 0.00000 0.00000 0.00000 0.00000 0.00000 0.00000 0.00000 0.00000 0.00000 0.00000 0.00000
0.00000 0.00000 0.00000 0.00000 0.00000 0.00000 0.00000 0.00000 0.00000 0.00000 0.00000 0.00000 0.00000 0.00000 0.00000 0.00000 0.00000 0.00000 0.00000 0.00000 0.00000 0.00000 0.00000 0.00000 0.00000 0.00000 0.00000 0.00000 0.00000 0.00000 0.00000 0.00000 0.00000 0.00000 0.00000 0.00000 0.00000 0.00000 0.00000 0.00000 0.00000 0.00000 0.00000 0.00000 0.00000 0.00000 0.00000 0.00000 0.00000 0.00000 0.00000 0.00000 0.00000 0.00000 0.00000 0.00610 0.01826 0.03047 0.04263 0.05468 0.06660 0.07873 0.09093 0.10292 0.11446 0.15454 0.22321 0.29127 0.35783 0.42526 0.49403 0.56182 0.62721 0.69344 0.76171 0.79583 0.79308 0.79120 0.79200 0.79174 0.78867 0.78722 0.78938 0.78802 0.78426 0.78321 0.78537 0.78431 0.78037 0.77976 0.78159 0.77985 0.77673 0.77718 0.77792 0.77550 0.77329 0.77392 0.77417 0.77221 0.76984 0.77025 0.77027 0.76912 0.76646 0.76671 0.76519 0.76584 0.76572 0.76316 0.76134 0.76270 0.76276 0.75957 0.75806 0.75958 0.75954 0.75620 0.75487 0.75638 0.75588 0.75306 0.75369 0.75330 0.75096 0.75080 0.75204 0.75041 0.74806 0.74849 0.74810 0.74833 0.74706 0.74537 0.74438 0.74675 0.74498 0.74247 0.74232 0.74433 0.74151 0.74001 0.74247 0.74207 0.73939 0.73788 0.73977 0.74001 0.73790 0.73599 0.73716 0.73813 0.73679 0.73423 0.73500 0.73651 0.73548 0.73268 0.73331 0.73516 0.73427 0.73223 0.73189 0.73289 0.73291 0.73146 0.73154 0.73198 0.73052 0.73038 0.73113 0.73098 0.72929 0.73038 0.73059 0.72973 0.72864 0.73004 0.72996 0.72935 0.72905 0.72897 0.72809 0.72972 0.73050 0.72814 0.72760 0.73004 0.73044 0.72829 0.72749 0.72972 0.73075 0.72937 0.72802 0.72916 0.72969 0.73069 0.73094 0.72923 0.72904 0.73185 0.73260 0.72985 0.72956 0.73306 0.73371 0.73082 0.73059 0.73430 0.73490 0.73223 0.73190 0.73524 0.73625 0.73403 0.73337 0.73633 0.73785 0.73556 0.73510 0.73815 0.73930 0.73680 0.73768 0.74025 0.74011 0.73842 0.74100 0.74237 0.74082 0.74075 0.74424 0.74426 0.74219 0.74396 0.74698 0.74564 0.74474 0.74734 0.74860 0.74752 0.74827 0.74950 0.75042 0.75072 0.75137 0.75119 0.75285 0.75414 0.75400 0.75420 0.75582 0.75464 0.75608 0.75911 0.75944 0.75717 0.75826 0.76255 0.76291 0.76047 0.76102 0.76540 0.76629 0.73137 0.66665 0.60554 0.54066 0.47391 0.40885 0.34431 0.27958 0.21451 0.14873 0.10983 0.09856 0.08735 0.07568 0.06387 0.05245 0.04092 0.02918 0.01751 0.00586 0.00000 0.00000 0.00000 0.00000 0.00000 0.00000 0.00000 0.00000 0.00000 0.00000 0.00000 0.00000 0.00000 0.00000 0.00000 0.00000 0.00000 0.00000 0.00000 0.00000 0.00000 0.00000 0.00000 0.00000 0.00000 0.00000 0.00000 0.00000 0.00000 0.00000 0.00000 0.00000 0.00000 0.00000 0.00000 0.00000 0.00000 0.00000 0.00000 0.00000 0.00000 0.00000 0.00000 0.00000 0.00000 0.00000 0.00000 0.00000 0.00000 0.00000 0.00000 0.00000 0.00000 0.00000 0.00000 0.00000 0.00000 0.00000 0.00000 0.00000 0.00000 0.00000 0.00000 0.00000 0.00000
0.00000 0.00000 0.00000 0.00000 0.00000 0.00000 0.00000 0.00000 0.00000 0.00000 0.00000 0.00000 0.00000 0.00000 0.00000 0.00000 0.00000 0.00000 0.00000 0.00000 0.00000 0.00000 0.00000 0.00000 0.00000 0.00000 0.00000 0.00000 0.00000 0.00000 0.00000 0.00000 0.00000 0.00000 0.00000 0.00000 0.00000 0.00000 0.00000 0.00000 0.00000 0.00000 0.00000 0.00000 0.00000 0.00000 0.00000 0.00000 0.00000 0.00000 0.00000 0.00000 0.00000 0.00000 0.00000 0.01015 0.03044 0.05061 0.07073 0.09098 0.11120 0.13084 0.15073 0.17111 0.19118 0.23021 0.28995 0.35074 0.41049 0.46809 0.52737 0.58840 0.64743 0.70403 0.76310 0.79366 0.79245 0.78967 0.78924 0.79033 0.78853 0.78567 0.78507 0.78664 0.78509 0.78168 0.78077 0.78266 0.78169 0.77784 0.77708 0.77899 0.77755 0.77422 0.77438 0.77537 0.77337 0.77073 0.77100 0.77170 0.77016 0.76711 0.76743 0.76790 0.76686 0.76415 0.76405 0.76278 0.76344 0.76356 0.76063 0.75892 0.76014 0.76033 0.75726 0.75563 0.75678 0.75714 0.75429 0.75259 0.75327 0.75349 0.75168 0.75253 0.75069 0.74867 0.74883 0.74988 0.74875 0.74543 0.74547 0.74584 0.74686 0.74479 0.74278 0.74269 0.74443 0.74203 0.74040 0.74146 0.74185 0.73938 0.73814 0.73966 0.73970 0.73827 0.73600 0.73640 0.73779 0.73718 0.73408 0.73386 0.73597 0.73592 0.73248 0.73201 0.73418 0.73445 0.73168 0.73061 0.73189 0.73297 0.73199 0.73055 0.72955 0.72980 0.73125 0.73110 0.72841 0.72761 0.73067 0.73040 0.72737 0.72670 0.73027 0.72972 0.72662 0.72618 0.72970 0.72919 0.72614 0.72695 0.72916 0.72710 0.72622 0.72873 0.72872 0.72625 0.72640 0.72877 0.72906 0.72677 0.72620 0.72777 0.72971 0.72903 0.72655 0.72709 0.73015 0.72993 0.72753 0.72864 0.73071 0.73004 0.72875 0.73008 0.73155 0.73069 0.73009 0.73151 0.73282 0.73160 0.73118 0.73312 0.73450 0.73295 0.73224 0.73442 0.73617 0.73516 0.73381 0.73530 0.73768 0.73802 0.73580 0.73627 0.73911 0.74067 0.73806 0.73795 0.74113 0.74267 0.74009 0.74068 0.74402 0.74396 0.74234 0.74451 0.74570 0.74473 0.74705 0.74831 0.74590 0.74650 0.75030 0.75134 0.74803 0.74901 0.75315 0.75400 0.75163 0.75177 0.75450 0.75619 0.75689 0.75537 0.75543 0.75812 0.76038 0.75926 0.75844 0.76060 0.76342 0.76287 0.76151 0.73463 0.68047 0.62307 0.56424 0.50714 0.45239 0.39482 0.33643 0.27867 0.22150 0.18351 0.16430 0.14489 0.12568 0.10673 0.08733 0.06784 0.04858 0.02926 0.00973 0.00000 0.00000 0.00000 0.00000 0.00000 0.00000 0.00000 0.00000 0.00000 0.00000 0.00000 0.00000 0.00000 0.00000 0.00000 0.00000 0.00000 0.00000 0.00000 0.00000 0.00000 0.00000 0.00000 0.00000 0.00000 0.00000 0.00000 0.00000 0.00000 0.00000 0.00000 0.00000 0.00000 0.00000 0.00000 0.00000 0.00000 0.00000 0.00000 0.00000 0.00000 0.00000 0.00000 0.00000 0.00000 0.00000 0.00000 0.00000 0.00000 0.00000 0.00000 0.00000 0.00000 0.00000 0.00000 0.00000 0.00000 0.00000 0.00000 0.00000 0.00000 0.00000 0.00000 0.00000 0.00000
0.00000 0.00000 0.00000 0.00000 0.00000 0.00000 0.00000 0.00000 0.00000 0.00000 0.00000 0.00000 0.00000 0.00000 0.00000 0.00000 0.00000 0.00000 0.00000 0.00000 0.00000 0.00000 0.00000 0.00000 0.00000 0.00000 0.00000 0.00000 0.00000 0.00000 0.00000 0.00000 0.00000 0.00000 0.00000 0.00000 0.00000 0.00000 0.00000 0.00000 0.00000 0.00000 0.00000 0.00000 0.00000 0.00000 0.00000 0.00000 0.00000 0.00000 0.00000 0.00000 0.00000 0.00000 0.00000 0.01419 0.04254 0.07077 0.09875 0.12696 0.15532 0.18331 0.21049 0.23843 0.26699 0.30683 0.35706 0.40858 0.46143 0.51293 0.56209 0.61284 0.66559 0.71696 0.76542 0.78995 0.79067 0.79012 0.78732 0.78624 0.78753 0.78625 0.78296 0.78214 0.78407 0.78274 0.77894 0.77799 0.78023 0.77908 0.77519 0.77485 0.77657 0.77469 0.77162 0.77201 0.77300 0.77098 0.76811 0.76841 0.76936 0.76789 0.76454 0.76477 0.76563 0.76458 0.76300 0.76131 0.76057 0.76124 0.76109 0.75783 0.75663 0.75796 0.75781 0.75455 0.75336 0.75451 0.75470 0.75198 0.75091 0.75100 0.75070 0.75043 0.75057 0.74804 0.74620 0.74751 0.74746 0.74597 0.74409 0.74352 0.74267 0.74449 0.74382 0.74051 0.73967 0.74227 0.74035 0.73795 0.74023 0.73998 0.73689 0.73572 0.73823 0.73788 0.73515 0.73374 0.73532 0.73592 0.73423 0.73192 0.73275 0.73418 0.73312 0.73026 0.73079 0.73280 0.73190 0.72908 0.72909 0.73127 0.73123 0.72846 0.72792 0.72955 0.72950 0.72775 0.72759 0.72816 0.72750 0.72762 0.72728 0.72680 0.72636 0.72745 0.72680 0.72612 0.72613 0.72663 0.72571 0.72637 0.72771 0.72547 0.72467 0.72705 0.72749 0.72488 0.72473 0.72733 0.72756 0.72537 0.72493 0.72688 0.72681 0.72670 0.72773 0.72637 0.72581 0.72816 0.72936 0.72657 0.72628 0.72947 0.73037 0.72734 0.72719 0.73080 0.73147 0.72849 0.72836 0.73207 0.73276 0.73008 0.72974 0.73307 0.73424 0.73201 0.73138 0.73425 0.73572 0.73382 0.73370 0.73604 0.73676 0.73528 0.73678 0.73825 0.73756 0.73705 0.74003 0.74047 0.73870 0.73994 0.74314 0.74169 0.74061 0.74443 0.74523 0.74277 0.74396 0.74659 0.74670 0.74605 0.74750 0.74781 0.74880 0.75038 0.75047 0.74936 0.75158 0.75411 0.75257 0.75410 0.75540 0.75419 0.75419 0.75814 0.75902 0.75659 0.75691 0.76135 0.76230 0.75935 0.76000 0.73987 0.69097 0.63887 0.58965 0.54330 0.49364 0.44334 0.39358 0.34360 0.29418 0.25683 0.22982 0.20220 0.17571 0.14934 0.12212 0.09480 0.06797 0.04089 0.01360 0.00000 0.00000 0.00000 0.00000 0.00000 0.00000 0.00000 0.00000 0.00000 0.00000 0.00000 0.00000 0.00000 0.00000 0.00000 0.00000 0.00000 0.00000 0.00000 0.00000 0.00000 0.00000 0.00000 0.00000 0.00000 0.00000 0.00000 0.00000 0.00000 0.00000 0.00000 0.00000 0.00000 0.00000 0.00000 0.00000 0.00000 0.00000 0.00000 0.00000 0.00000 0.00000 0.00000 0.00000 0.00000 0.00000 0.00000 0.00000 0.00000 0.00000 0.00000 0.00000 0.00000 0.00000 0.00000 0.00000 0.00000 0.00000 0.00000 0.00000 0.00000 0.00000 0.00000 0.00000 0.00000
0.00000 0.00000 0.00000 0.00000 0.00000 0.00000 0.00000 0.00000 0.00000 0.00000 0.00000 0.00000 0.00000 0.00000 0.00000 0.00000 0.00000 0.00000 0.00000 0.00000 0.00000 0.00000 0.00000 0.00000 0.00000 0.00000 0.00000 0.00000 0.00000 0.00000 0.00000 0.00000 0.00000 0.00000 0.00000 0.00000 0.00000 0.00000 0.00000 0.00000 0.00000 0.00000 0.00000 0.00000 0.00000 0.00000 0.00000 0.00000 0.00000 0.00000 0.00000 0.00000 0.00000 0.00000 0.00000 0.01820 0.05446 0.09077 0.12717 0.16285 0.19862 0.23505 0.27123 0.30586 0.34135 0.38205 0.42579 0.46726 0.51053 0.55562 0.59860 0.63917 0.68244 0.72726 0.76927 0.78796 0.78809 0.78878 0.78671 0.78413 0.78425 0.78527 0.78310 0.78024 0.77991 0.78139 0.77989 0.77641 0.77546 0.77760 0.77657 0.77267 0.77223 0.77402 0.77243 0.76912 0.76918 0.77048 0.76888 0.76559 0.76558 0.76697 0.76565 0.76227 0.76211 0.76327 0.76220 0.76139 0.75878 0.75798 0.75874 0.75864 0.75549 0.75416 0.75523 0.75549 0.75267 0.75094 0.75143 0.75246 0.75096 0.74903 0.74796 0.74823 0.74920 0.74779 0.74593 0.74435 0.74464 0.74477 0.74442 0.74347 0.74078 0.74044 0.74244 0.74162 0.73824 0.73790 0.73993 0.73846 0.73600 0.73782 0.73763 0.73561 0.73388 0.73492 0.73563 0.73447 0.73188 0.73188 0.73376 0.73351 0.73013 0.72969 0.73195 0.73207 0.72888 0.72809 0.73008 0.73059 0.72854 0.72707 0.72786 0.72878 0.72829 0.72742 0.72603 0.72603 0.72784 0.72751 0.72465 0.72433 0.72747 0.72698 0.72380 0.72346 0.72694 0.72642 0.72324 0.72355 0.72650 0.72525 0.72308 0.72551 0.72593 0.72348 0.72353 0.72597 0.72559 0.72333 0.72372 0.72606 0.72626 0.72426 0.72341 0.72490 0.72702 0.72649 0.72391 0.72545 0.72748 0.72682 0.72513 0.72669 0.72815 0.72745 0.72657 0.72792 0.72920 0.72840 0.72796 0.72937 0.73070 0.72958 0.72902 0.73078 0.73255 0.73146 0.73016 0.73178 0.73446 0.73411 0.73173 0.73273 0.73624 0.73682 0.73369 0.73422 0.73786 0.73906 0.73607 0.73654 0.74013 0.74077 0.73819 0.73991 0.74293 0.74165 0.74161 0.74396 0.74308 0.74283 0.74569 0.74738 0.74451 0.74508 0.74894 0.75027 0.74763 0.74773 0.75100 0.75273 0.75319 0.75109 0.75160 0.75415 0.75686 0.75542 0.75426 0.75648 0.75965 0.75884 0.75739 0.75954 0.76223 0.74140 0.69830 0.65745 0.61844 0.57668 0.53285 0.49102 0.45118 0.40927 0.36703 0.32878 0.29444 0.26046 0.22597 0.19110 0.15657 0.12221 0.08726 0.05228 0.01748 0.00000 0.00000 0.00000 0.00000 0.00000 0.00000 0.00000 0.00000 0.00000 0.00000 0.00000 0.00000 0.00000 0.00000 0.00000 0.00000 0.00000 0.00000 0.00000 0.00000 0.00000 0.00000 0.00000 0.00000 0.00000 0.00000 0.00000 0.00000 0.00000 0.00000 0.00000 0.00000 0.00000 0.00000 0.00000 0.00000 0.00000 0.00000 0.00000 0.00000 0.00000 0.00000 0.00000 0.00000 0.00000 0.00000 0.00000 0.00000 0.00000 0.00000 0.00000 0.00000 0.00000 0.00000 0.00000 0.00000 0.00000 0.00000 0.00000 0.00000 0.00000 0.00000 0.00000 0.00000 0.00000
0.00000 0.00000 0.00000 0.00000 0.00000 0.00000 0.00000 0.00000 0.00000 0.00000 0.00000 0.00000 0.00000 0.00000 0.00000 0.00000 0.00000 0.00000 0.00000 0.00000 0.00000 0.00000 0.00000 0.00000 0.00000 0.00000 0.00000 0.00000 0.00000 0.00000 0.00000 0.00000 0.00000 0.00000 0.00000 0.00000 0.00000 0.00000 0.00000 0.00000 0.00000 0.00000 0.00000 0.00000 0.00000 0.00000 0.00000 0.00000 0.00000 0.00000 0.00000 0.00000 0.00000 0.00000 0.00000 0.02221 0.06643 0.11064 0.15502 0.19909 0.24222 0.28604 0.33067 0.37439 0.41617 0.45563 0.49265 0.52800 0.56087 0.59588 0.63306 0.66814 0.70052 0.73509 0.77188 0.78879 0.78573 0.78495 0.78588 0.78458 0.78170 0.78113 0.78254 0.78096 0.77759 0.77690 0.77887 0.77760 0.77375 0.77286 0.77513 0.77379 0.77012 0.77010 0.77153 0.76969 0.76660 0.76679 0.76803 0.76643 0.76311 0.76303 0.76452 0.76325 0.76022 0.75951 0.76046 0.75988 0.75889 0.75610 0.75566 0.75651 0.75591 0.75284 0.75200 0.75296 0.75288 0.75041 0.74901 0.74908 0.74959 0.74910 0.74755 0.74569 0.74521 0.74706 0.74583 0.74307 0.74199 0.74301 0.74257 0.74175 0.74190 0.73884 0.73825 0.74014 0.73948 0.73598 0.73702 0.73794 0.73534 0.73365 0.73636 0.73581 0.73262 0.73158 0.73373 0.73381 0.73153 0.72970 0.73078 0.73197 0.73069 0.72794 0.72850 0.73042 0.72945 0.72647 0.72669 0.72911 0.72848 0.72549 0.72510 0.72762 0.72771 0.72476 0.72423 0.72598 0.72614 0.72460 0.72377 0.72430 0.72477 0.72464 0.72330 0.72324 0.72412 0.72419 0.72258 0.72306 0.72476 0.72323 0.72176 0.72371 0.72487 0.72207 0.72180 0.72452 0.72448 0.72178 0.72221 0.72480 0.72402 0.72251 0.72481 0.72432 0.72260 0.72404 0.72620 0.72369 0.72303 0.72582 0.72707 0.72393 0.72386 0.72737 0.72810 0.72492 0.72494 0.72880 0.72932 0.72631 0.72621 0.73005 0.73072 0.72814 0.72774 0.73093 0.73219 0.73050 0.72982 0.73191 0.73335 0.73280 0.73268 0.73374 0.73426 0.73424 0.73584 0.73636 0.73536 0.73605 0.73904 0.73844 0.73687 0.73978 0.74177 0.73893 0.73954 0.74332 0.74340 0.74125 0.74323 0.74529 0.74507 0.74534 0.74670 0.74528 0.74744 0.75026 0.74942 0.74873 0.75091 0.75230 0.75046 0.75306 0.75502 0.75390 0.75280 0.75691 0.75835 0.75531 0.75604 0.76054 0.76161 0.74133 0.70804 0.67815 0.64443 0.60783 0.57428 0.54168 0.50706 0.47431 0.44014 0.40047 0.35888 0.31842 0.27604 0.23287 0.19107 0.14925 0.10650 0.06381 0.02135 0.00000 0.00000 0.00000 0.00000 0.00000 0.00000 0.00000 0.00000 0.00000 0.00000 0.00000 0.00000 0.00000 0.00000 0.00000 0.00000 0.00000 0.00000 0.00000 0.00000 0.00000 0.00000 0.00000 0.00000 0.00000 0.00000 0.00000 0.00000 0.00000 0.00000 0.00000 0.00000 0.00000 0.00000 0.00000 0.00000 0.00000 0.00000 0.00000 0.00000 0.00000 0.00000 0.00000 0.00000 0.00000 0.00000 0.00000 0.00000 0.00000 0.00000 0.00000 0.00000 0.00000 0.00000 0.00000 0.00000 0.00000 0.00000 0.00000 0.00000 0.00000 0.00000 0.00000 0.00000 0.00000
0.00000 0.00000 0.00000 0.00000 0.00000 0.00000 0.00000 0.00000 0.00000 0.00000 0.00000 0.00000 0.00000 0.00000 0.00000 0.00000 0.00000 0.00000 0.00000 0.00000 0.00000 0.00000 0.00000 0.00000 0.00000 0.00000 0.00000 0.00000 0.00000 0.00000 0.00000 0.00000 0.00000 0.00000 0.00000 0.00000 0.00000 0.00000 0.00000 0.00000 0.00000 0.00000 0.00000 0.00000 0.00000 0.00000 0.00000 0.00000 0.00000 0.00000 0.00000 0.00000 0.00000 0.00000 0.00000 0.02616 0.07860 0.13056 0.18226 0.23458 0.28684 0.33745 0.38861 0.44120 0.49294 0.53017 0.55725 0.58640 0.61350 0.63804 0.66521 0.69455 0.72077 0.74510 0.77263 0.78756 0.78536 0.78265 0.78303 0.78379 0.78133 0.77880 0.77907 0.78010 0.77795 0.77501 0.77455 0.77626 0.77491 0.77124 0.77029 0.77258 0.77142 0.76761 0.76749 0.76904 0.76743 0.76412 0.76401 0.76552 0.76420 0.76078 0.76038 0.76190 0.76089 0.75835 0.75700 0.75755 0.75743 0.75649 0.75374 0.75308 0.75388 0.75362 0.75084 0.74952 0.75000 0.75069 0.74909 0.74664 0.74611 0.74736 0.74747 0.74503 0.74330 0.74331 0.74436 0.74280 0.74133 0.74093 0.74005 0.73914 0.74023 0.74020 0.73624 0.73578 0.73810 0.73764 0.73387 0.73477 0.73569 0.73384 0.73178 0.73324 0.73355 0.73177 0.72978 0.73028 0.73163 0.73097 0.72792 0.72755 0.72980 0.72975 0.72640 0.72572 0.72798 0.72822 0.72550 0.72436 0.72614 0.72666 0.72512 0.72392 0.72420 0.72466 0.72482 0.72412 0.72236 0.72273 0.72469 0.72389 0.72112 0.72156 0.72424 0.72343 0.72049 0.72122 0.72380 0.72256 0.72011 0.72228 0.72343 0.72100 0.72029 0.72303 0.72268 0.72035 0.72113 0.72328 0.72253 0.72042 0.72131 0.72339 0.72355 0.72268 0.72089 0.72246 0.72443 0.72366 0.72140 0.72329 0.72476 0.72431 0.72318 0.72440 0.72565 0.72527 0.72472 0.72568 0.72696 0.72639 0.72602 0.72712 0.72874 0.72794 0.72696 0.72830 0.73088 0.73029 0.72818 0.72923 0.73295 0.73299 0.73002 0.73057 0.73496 0.73536 0.73201 0.73261 0.73666 0.73738 0.73446 0.73547 0.73923 0.73870 0.73675 0.73934 0.74097 0.73957 0.74042 0.74323 0.74224 0.74132 0.74409 0.74643 0.74439 0.74385 0.74664 0.74929 0.74850 0.74673 0.74871 0.75100 0.75257 0.75150 0.75083 0.75216 0.75587 0.75497 0.75335 0.75572 0.75781 0.75797 0.75757 0.74592 0.72093 0.69490 0.66791 0.64253 0.61741 0.59065 0.56394 0.53833 0.51137 0.47349 0.42474 0.37488 0.32496 0.27574 0.22587 0.17549 0.12556 0.07563 0.02522 0.00000 0.00000 0.00000 0.00000 0.00000 0.00000 0.00000 0.00000 0.00000 0.00000 0.00000 0.00000 0.00000 0.00000 0.00000 0.00000 0.00000 0.00000 0.00000 0.00000 0.00000 0.00000 0.00000 0.00000 0.00000 0.00000 0.00000 0.00000 0.00000 0.00000 0.00000 0.00000 0.00000 0.00000 0.00000 0.00000 0.00000 0.00000 0.00000 0.00000 0.00000 0.00000 0.00000 0.00000 0.00000 0.00000 0.00000 0.00000 0.00000 0.00000 0.00000 0.00000 0.00000 0.00000 0.00000 0.00000 0.00000 0.00000 0.00000 0.00000 0.00000 0.00000 0.00000 0.00000 0.00000
0.00000 0.00000 0.00000 0.00000 0.00000 0.00000 0.00000 0.00000 0.00000 0.00000 0.00000 0.00000 0.00000 0.00000 0.00000 0.00000 0.00000 0.00000 0.00000 0.00000 0.00000 0.00000 0.00000 0.00000 0.00000 0.00000 0.00000 0.00000 0.00000 0.00000 0.00000 0.00000 0.00000 0.00000 0.00000 0.00000 0.00000 0.00000 0.00000 0.00000 0.00000 0.00000 0.00000 0.00000 0.00000 0.00000 0.00000 0.00000 0.00000 0.00000 0.00000 0.00000 0.00000 0.00000 0.00000 0.03012 0.09041 0.15060 0.20993 0.26958 0.33013 0.38978 0.44740 0.50652 0.56753 0.60670 0.62318 0.64227 0.66394 0.68286 0.69910 0.71783 0.73940 0.75811 0.77434 0.78324 0.78465 0.78332 0.78036 0.77980 0.78101 0.77933 0.77632 0.77593 0.77750 0.77588 0.77240 0.77153 0.77378 0.77256 0.76867 0.76818 0.77009 0.76841 0.76513 0.76539 0.76652 0.76475 0.76170 0.76163 0.76298 0.76169 0.75856 0.75789 0.75923 0.75848 0.75637 0.75445 0.75490 0.75512 0.75384 0.75117 0.75095 0.75158 0.75093 0.74856 0.74755 0.74757 0.74798 0.74721 0.74492 0.74381 0.74441 0.74527 0.74335 0.74085 0.74051 0.74238 0.74086 0.73860 0.73886 0.73837 0.73703 0.73767 0.73757 0.73438 0.73425 0.73592 0.73444 0.73169 0.73375 0.73380 0.73064 0.72952 0.73210 0.73177 0.72880 0.72757 0.72922 0.72986 0.72809 0.72575 0.72646 0.72817 0.72704 0.72411 0.72445 0.72678 0.72589 0.72284 0.72268 0.72549 0.72515 0.72188 0.72145 0.72408 0.72415 0.72144 0.72072 0.72226 0.72311 0.72164 0.72004 0.72072 0.72242 0.72155 0.71944 0.72004 0.72230 0.72103 0.71894 0.72021 0.72220 0.71997 0.71886 0.72119 0.72166 0.71883 0.71916 0.72210 0.72104 0.71893 0.72113 0.72250 0.71963 0.71970 0.72310 0.72217 0.71984 0.72144 0.72381 0.72081 0.72060 0.72397 0.72476 0.72140 0.72161 0.72551 0.72593 0.72273 0.72281 0.72691 0.72727 0.72433 0.72422 0.72805 0.72871 0.72654 0.72608 0.72858 0.72995 0.72953 0.72870 0.72943 0.73090 0.73192 0.73177 0.73185 0.73201 0.73290 0.73488 0.73498 0.73340 0.73505 0.73798 0.73667 0.73540 0.73904 0.74019 0.73742 0.73877 0.74203 0.74168 0.74057 0.74261 0.74338 0.74356 0.74606 0.74610 0.74459 0.74624 0.74904 0.74841 0.74815 0.75043 0.75149 0.74859 0.75176 0.75430 0.75326 0.75207 0.75605 0.75758 0.75450 0.75568 0.75038 0.73245 0.71100 0.69303 0.67744 0.65885 0.64002 0.62177 0.60049 0.58210 0.54732 0.49017 0.43077 0.37403 0.31829 0.26037 0.20196 0.14474 0.08721 0.02902 0.00000 0.00000 0.00000 0.00000 0.00000 0.00000 0.00000 0.00000 0.00000 0.00000 0.00000 0.00000 0.00000 0.00000 0.00000 0.00000 0.00000 0.00000 0.00000 0.00000 0.00000 0.00000 0.00000 0.00000 0.00000 0.00000 0.00000 0.00000 0.00000 0.00000 0.00000 0.00000 0.00000 0.00000 0.00000 0.00000 0.00000 0.00000 0.00000 0.00000 0.00000 0.00000 0.00000 0.00000 0.00000 0.00000 0.00000 0.00000 0.00000 0.00000 0.00000 0.00000 0.00000 0.00000 0.00000 0.00000 0.00000 0.00000 0.00000 0.00000 0.00000 0.00000 0.00000 0.00000 0.00000
0.00000 0.00000 0.00000 0.00000 0.00000 0.00000 0.00000 0.00000 0.00000 0.00000 0.00000 0.00000 0.00000 0.00000 0.00000 0.00000 0.00000 0.00000 0.00000 0.00000 0.00000 0.00000 0.00000 0.00000 0.00000 0.00000 0.00000 0.00000 0.00000 0.00000 0.00000 0.00000 0.00000 0.00000 0.00000 0.00000 0.00000 0.00000 0.00000 0.00000 0.00000 0.00000 0.00000 0.00000 0.00000 0.00000 0.00000 0.00000 0.00000 0.00000 0.00000 0.00000 0.00000 0.00000 0.00000 0.03411 0.10197 0.17008 0.23832 0.30517 0.37206 0.44041 0.50810 0.57317 0.63950 0.68052 0.69180 0.70028 0.71127 0.72502 0.73552 0.74384 0.75514 0.76871 0.77854 0.78122 0.78128 0.78250 0.78006 0.77742 0.77784 0.77877 0.77624 0.77364 0.77380 0.77501 0.77304 0.76990 0.76908 0.77123 0.76997 0.76618 0.76577 0.76763 0.76600 0.76263 0.76281 0.76408 0.76246 0.75931 0.75900 0.76045 0.75937 0.75643 0.75540 0.75655 0.75606 0.75418 0.75209 0.75226 0.75256 0.75156 0.74909 0.74843 0.74871 0.74879 0.74707 0.74504 0.74461 0.74592 0.74561 0.74247 0.74131 0.74239 0.74294 0.74051 0.73876 0.73912 0.73966 0.73758 0.73713 0.73780 0.73535 0.73405 0.73622 0.73589 0.73191 0.73175 0.73394 0.73272 0.72969 0.73097 0.73161 0.72952 0.72772 0.72888 0.72956 0.72820 0.72581 0.72580 0.72771 0.72738 0.72410 0.72350 0.72592 0.72595 0.72285 0.72191 0.72416 0.72438 0.72213 0.72105 0.72243 0.72261 0.72169 0.72103 0.72054 0.72092 0.72172 0.72064 0.71874 0.71991 0.72159 0.72004 0.71783 0.71942 0.72112 0.71932 0.71739 0.71964 0.72081 0.71832 0.71716 0.72012 0.72042 0.71755 0.71777 0.72031 0.71936 0.71730 0.71909 0.72049 0.71953 0.71899 0.71930 0.71954 0.72083 0.72068 0.71895 0.71983 0.72156 0.72138 0.71994 0.72084 0.72198 0.72226 0.72162 0.72202 0.72330 0.72339 0.72295 0.72339 0.72491 0.72474 0.72407 0.72474 0.72703 0.72668 0.72490 0.72581 0.72931 0.72921 0.72649 0.72699 0.73124 0.73164 0.72845 0.72884 0.73336 0.73380 0.73078 0.73133 0.73534 0.73557 0.73334 0.73471 0.73817 0.73661 0.73538 0.73882 0.74039 0.73782 0.73838 0.74247 0.74317 0.74006 0.74181 0.74556 0.74508 0.74306 0.74491 0.74857 0.74813 0.74748 0.74775 0.74749 0.75152 0.75125 0.75083 0.75171 0.75424 0.75378 0.75461 0.75571 0.75546 0.75118 0.74147 0.73094 0.71936 0.70885 0.70019 0.68978 0.67580 0.66459 0.65653 0.61906 0.55272 0.48853 0.42471 0.35911 0.29397 0.22948 0.16410 0.09826 0.03280 0.00000 0.00000 0.00000 0.00000 0.00000 0.00000 0.00000 0.00000 0.00000 0.00000 0.00000 0.00000 0.00000 0.00000 0.00000 0.00000 0.00000 0.00000 0.00000 0.00000 0.00000 0.00000 0.00000 0.00000 0.00000 0.00000 0.00000 0.00000 0.00000 0.00000 0.00000 0.00000 0.00000 0.00000 0.00000 0.00000 0.00000 0.00000 0.00000 0.00000 0.00000 0.00000 0.00000 0.00000 0.00000 0.00000 0.00000 0.00000 0.00000 0.00000 0.00000 0.00000 0.00000 0.00000 0.00000 0.00000 0.00000 0.00000 0.00000 0.00000 0.00000 0.00000 0.00000 0.00000 0.00000
0.00000 0.00000 0.00000 0.00000 0.00000 0.00000 0.00000 0.00000 0.00000 0.00000 0.00000 0.00000 0.00000 0.00000 0.00000 0.00000 0.00000 0.00000 0.00000 0.00000 0.00000 0.00000 0.00000 0.00000 0.00000 0.00000 0.00000 0.00000 0.00000 0.00000 0.00000 0.00000 0.00000 0.00000 0.00000 0.00000 0.00000 0.00000 0.00000 0.00000 0.00000 0.00000 0.00000 0.00000 0.00000 0.00000 0.00000 0.00000 0.00000 0.00000 0.00000 0.00000 0.00000 0.00000 0.00000 0.03809 0.11382 0.18939 0.26567 0.34127 0.41504 0.48983 0.56665 0.64150 0.71310 0.75169 0.75790 0.76081 0.76077 0.76364 0.76998 0.77271 0.77287 0.77564 0.78165 0.78235 0.77894 0.77806 0.77970 0.77815 0.77510 0.77467 0.77611 0.77429 0.77114 0.77070 0.77250 0.77093 0.76733 0.76634 0.76879 0.76719 0.76368 0.76405 0.76516 0.76306 0.76023 0.76066 0.76154 0.75985 0.75707 0.75666 0.75783 0.75691 0.75436 0.75296 0.75388 0.75370 0.75178 0.74961 0.75002 0.75021 0.74891 0.74678 0.74642 0.74626 0.74615 0.74520 0.74317 0.74225 0.74319 0.74344 0.74080 0.73902 0.73954 0.74075 0.73877 0.73627 0.73665 0.73778 0.73556 0.73457 0.73551 0.73364 0.73228 0.73378 0.73312 0.73007 0.73066 0.73183 0.72940 0.72758 0.73005 0.72976 0.72644 0.72552 0.72790 0.72780 0.72522 0.72365 0.72484 0.72600 0.72455 0.72193 0.72239 0.72449 0.72343 0.72044 0.72040 0.72321 0.72264 0.71928 0.71892 0.72199 0.72173 0.71846 0.71807 0.72047 0.72081 0.71848 0.71726 0.71859 0.72021 0.71873 0.71660 0.71738 0.71979 0.71858 0.71616 0.71698 0.71940 0.71808 0.71602 0.71745 0.71888 0.71678 0.71619 0.71879 0.71821 0.71590 0.71770 0.71972 0.71679 0.71643 0.72001 0.72035 0.71684 0.71723 0.72059 0.72022 0.71752 0.71986 0.72145 0.71812 0.71842 0.72229 0.72255 0.71927 0.71957 0.72365 0.72384 0.72074 0.72091 0.72501 0.72526 0.72255 0.72256 0.72596 0.72659 0.72528 0.72486 0.72615 0.72756 0.72843 0.72784 0.72765 0.72859 0.72999 0.73087 0.73113 0.73000 0.73100 0.73394 0.73421 0.73168 0.73372 0.73672 0.73600 0.73439 0.73725 0.73846 0.73777 0.73829 0.73994 0.73995 0.74155 0.74229 0.74129 0.74203 0.74511 0.74613 0.74389 0.74497 0.74813 0.74810 0.74707 0.74979 0.75139 0.74815 0.75041 0.75355 0.75352 0.75196 0.75482 0.75674 0.75341 0.75001 0.74905 0.74666 0.74265 0.73909 0.73554 0.73290 0.73209 0.72861 0.68769 0.61601 0.54722 0.47421 0.39995 0.32811 0.25650 0.18301 0.10958 0.03668 0.00000 0.00000 0.00000 0.00000 0.00000 0.00000 0.00000 0.00000 0.00000 0.00000 0.00000 0.00000 0.00000 0.00000 0.00000 0.00000 0.00000 0.00000 0.00000 0.00000 0.00000 0.00000 0.00000 0.00000 0.00000 0.00000 0.00000 0.00000 0.00000 0.00000 0.00000 0.00000 0.00000 0.00000 0.00000 0.00000 0.00000 0.00000 0.00000 0.00000 0.00000 0.00000 0.00000 0.00000 0.00000 0.00000 0.00000 0.00000 0.00000 0.00000 0.00000 0.00000 0.00000 0.00000 0.00000 0.00000 0.00000 0.00000 0.00000 0.00000 0.00000 0.00000 0.00000 0.00000 0.00000
0.00000 0.00000 0.00000 0.00000 0.00000 0.00000 0.00000 0.00000 0.00000 0.00000 0.00000 0.00000 0.00000 0.00000 0.00000 0.00000 0.00000 0.00000 0.00000 0.00000 0.00000 0.00000 0.00000 0.00000 0.00000 0.00000 0.00000 0.00000 0.00000 0.00000 0.00000 0.00000 0.00000 0.00000 0.00000 0.00000 0.00000 0.00000 0.00000 0.00000 0.00000 0.00000 0.00000 0.00000 0.00000 0.00202 0.00605 0.01006 0.01413 0.01814 0.02207 0.02605 0.03014 0.03408 0.03793 0.07789 0.15397 0.22914 0.30392 0.37997 0.45559 0.52889 0.60289 0.67934 0.75407 0.78806 0.78677 0.78875 0.78761 0.78393 0.78294 0.78519 0.78355 0.77994 0.77935 0.78131 0.77931 0.77610 0.77607 0.77749 0.77504 0.77232 0.77271 0.77378 0.77133 0.76859 0.76848 0.77000 0.76814 0.76488 0.76388 0.76632 0.76467 0.76124 0.76181 0.76277 0.76061 0.75782 0.75815 0.75913 0.75755 0.75484 0.75419 0.75528 0.75456 0.75223 0.75062 0.75130 0.75119 0.74956 0.74748 0.74749 0.74743 0.74678 0.74516 0.74386 0.74328 0.74419 0.74371 0.74058 0.73962 0.74132 0.74133 0.73810 0.73680 0.73800 0.73834 0.73565 0.73443 0.73570 0.73489 0.73244 0.73340 0.73409 0.73063 0.72963 0.73226 0.73149 0.72775 0.72815 0.72984 0.72799 0.72564 0.72718 0.72757 0.72553 0.72375 0.72458 0.72560 0.72469 0.72192 0.72158 0.72388 0.72371 0.72038 0.71963 0.72219 0.72217 0.71936 0.71848 0.72051 0.72034 0.71872 0.71847 0.71881 0.71854 0.71857 0.71800 0.71679 0.71768 0.71882 0.71701 0.71533 0.71736 0.71851 0.71615 0.71474 0.71726 0.71810 0.71539 0.71446 0.71737 0.71793 0.71473 0.71436 0.71744 0.71731 0.71441 0.71578 0.71739 0.71608 0.71608 0.71716 0.71640 0.71664 0.71802 0.71757 0.71634 0.71764 0.71873 0.71869 0.71719 0.71772 0.71947 0.71907 0.71834 0.71956 0.72051 0.71989 0.71964 0.72122 0.72182 0.72108 0.72105 0.72309 0.72343 0.72207 0.72235 0.72548 0.72559 0.72294 0.72351 0.72755 0.72799 0.72481 0.72517 0.72971 0.73017 0.72710 0.72745 0.73158 0.73219 0.73021 0.73035 0.73382 0.73365 0.73263 0.73422 0.73693 0.73460 0.73477 0.73834 0.73969 0.73632 0.73757 0.74168 0.74189 0.73917 0.74085 0.74465 0.74422 0.74298 0.74404 0.74719 0.74713 0.74743 0.74755 0.74823 0.74991 0.74953 0.75256 0.75214 0.75081 0.75249 0.75597 0.75580 0.75410 0.75588 0.75939 0.75969 0.75756 0.75869 0.76281 0.76364 0.76079 0.72517 0.65631 0.58341 0.51034 0.43921 0.36703 0.29335 0.22078 0.14853 0.07532 0.03658 0.03276 0.02909 0.02523 0.02127 0.01741 0.01363 0.00975 0.00583 0.00194 0.00000 0.00000 0.00000 0.00000 0.00000 0.00000 0.00000 0.00000 0.00000 0.00000 0.00000 0.00000 0.00000 0.00000 0.00000 0.00000 0.00000 0.00000 0.00000 0.00000 0.00000 0.00000 0.00000 0.00000 0.00000 0.00000 0.00000 0.00000 0.00000 0.00000 0.00000 0.00000 0.00000 0.00000 0.00000 0.00000 0.00000 0.00000 0.00000 0.00000 0.00000 0.00000 0.00000 0.00000 0.00000 0.00000 0.00000 0.00000 0.00000 0.00000 0.00000 0.00000 0.00000 0.00000 0.00000
0.00000 0.00000 0.00000 0.00000 0.00000 0.00000 0.00000 0.00000 0.00000 0.00000 0.00000 0.00000 0.00000 0.00000 0.00000 0.00000 0.00000 0.00000 0.00000 0.00000 0.00000 0.00000 0.00000 0.00000 0.00000 0.00000 0.00000 0.00000 0.00000 0.00000 0.00000 0.00000 0.00000 0.00000 0.00000 0.00000 0.00000 0.00000 0.00000 0.00000 0.00000 0.00000 0.00000 0.00000 0.00000 0.00605 0.01817 0.03019 0.04215 0.05430 0.06625 0.07805 0.09006 0.10210 0.11370 0.15326 0.22135 0.28894 0.35499 0.42175 0.49037 0.55724 0.62137 0.68747 0.75673 0.78926 0.78506 0.78393 0.78658 0.78531 0.78130 0.78004 0.78261 0.78139 0.77752 0.77631 0.77860 0.77734 0.77379 0.77295 0.77482 0.77319 0.76996 0.76965 0.77123 0.76935 0.76611 0.76547 0.76758 0.76580 0.76238 0.76251 0.76394 0.76150 0.75882 0.75998 0.76033 0.75785 0.75558 0.75597 0.75656 0.75504 0.75275 0.75185 0.75267 0.75218 0.75001 0.74821 0.74893 0.74882 0.74704 0.74518 0.74540 0.74494 0.74421 0.74328 0.74187 0.74081 0.74167 0.74166 0.73876 0.73739 0.73866 0.73910 0.73644 0.73446 0.73538 0.73630 0.73384 0.73196 0.73349 0.73304 0.73058 0.73105 0.73162 0.72897 0.72805 0.72984 0.72849 0.72588 0.72734 0.72775 0.72471 0.72353 0.72628 0.72572 0.72250 0.72156 0.72371 0.72382 0.72171 0.71982 0.72064 0.72216 0.72105 0.71824 0.71831 0.72084 0.72025 0.71690 0.71656 0.71970 0.71935 0.71584 0.71571 0.71848 0.71830 0.71539 0.71477 0.71673 0.71765 0.71574 0.71393 0.71506 0.71713 0.71591 0.71346 0.71415 0.71658 0.71581 0.71327 0.71395 0.71602 0.71530 0.71342 0.71484 0.71530 0.71339 0.71473 0.71654 0.71411 0.71342 0.71697 0.71723 0.71415 0.71407 0.71736 0.71795 0.71476 0.71529 0.71809 0.71706 0.71550 0.71880 0.71914 0.71605 0.71652 0.72041 0.72039 0.71729 0.71782 0.72174 0.72179 0.71887 0.71933 0.72312 0.72321 0.72094 0.72127 0.72390 0.72431 0.72387 0.72401 0.72450 0.72516 0.72625 0.72707 0.72742 0.72651 0.72733 0.73000 0.73089 0.72818 0.72926 0.73296 0.73355 0.73031 0.73215 0.73519 0.73574 0.73388 0.73518 0.73652 0.73807 0.73820 0.73775 0.73819 0.74115 0.74221 0.74010 0.74074 0.74429 0.74609 0.74295 0.74408 0.74764 0.74682 0.74601 0.74930 0.75148 0.74844 0.74936 0.75262 0.75350 0.75192 0.75329 0.75589 0.75620 0.75556 0.75655 0.75900 0.76080 0.75980 0.75842 0.76129 0.73190 0.66657 0.59983 0.53668 0.47410 0.40825 0.34242 0.27843 0.21403 0.14817 0.10953 0.09849 0.08713 0.07529 0.06370 0.05246 0.04081 0.02906 0.01746 0.00585 0.00000 0.00000 0.00000 0.00000 0.00000 0.00000 0.00000 0.00000 0.00000 0.00000 0.00000 0.00000 0.00000 0.00000 0.00000 0.00000 0.00000 0.00000 0.00000 0.00000 0.00000 0.00000 0.00000 0.00000 0.00000 0.00000 0.00000 0.00000 0.00000 0.00000 0.00000 0.00000 0.00000 0.00000 0.00000 0.00000 0.00000 0.00000 0.00000 0.00000 0.00000 0.00000 0.00000 0.00000 0.00000 0.00000 0.00000 0.00000 0.00000 0.00000 0.00000 0.00000 0.00000 0.00000 0.00000
0.00000 0.00000 0.00000 0.00000 0.00000 0.00000 0.00000 0.00000 0.00000 0.00000 0.00000 0.00000 0.00000 0.00000 0.00000 0.00000 0.00000 0.00000 0.00000 0.00000 0.00000 0.00000 0.00000 0.00000 0.00000 0.00000 0.00000 0.00000 0.00000 0.00000 0.00000 0.00000 0.00000 0.00000 0.00000 0.00000 0.00000 0.00000 0.00000 0.00000 0.00000 0.00000 0.00000 0.00000 0.00000 0.01006 0.03024 0.05031 0.07014 0.09001 0.11038 0.13020 0.14949 0.16943 0.18968 0.22891 0.28758 0.34753 0.40724 0.46495 0.52301 0.58335 0.64231 0.69848 0.75605 0.78741 0.78653 0.78289 0.78155 0.78387 0.78264 0.77882 0.77770 0.78012 0.77869 0.77485 0.77409 0.77630 0.77449 0.77106 0.77102 0.77256 0.77019 0.76733 0.76767 0.76885 0.76643 0.76364 0.76344 0.76513 0.76258 0.75999 0.76099 0.76154 0.75886 0.75644 0.75768 0.75799 0.75549 0.75331 0.75352 0.75412 0.75277 0.75060 0.74949 0.75016 0.74975 0.74782 0.74604 0.74644 0.74611 0.74490 0.74346 0.74285 0.74195 0.74229 0.74187 0.73922 0.73808 0.73992 0.73974 0.73608 0.73508 0.73704 0.73685 0.73355 0.73244 0.73421 0.73377 0.73078 0.73054 0.73225 0.72994 0.72790 0.73004 0.72990 0.72617 0.72558 0.72818 0.72691 0.72365 0.72481 0.72570 0.72347 0.72163 0.72337 0.72342 0.72170 0.71982 0.72032 0.72172 0.72122 0.71803 0.71755 0.72022 0.72007 0.71665 0.71614 0.71854 0.71819 0.71593 0.71618 0.71683 0.71600 0.71559 0.71595 0.71499 0.71494 0.71586 0.71466 0.71309 0.71481 0.71592 0.71338 0.71215 0.71477 0.71548 0.71249 0.71183 0.71475 0.71513 0.71184 0.71172 0.71473 0.71506 0.71161 0.71188 0.71437 0.71357 0.71373 0.71419 0.71311 0.71318 0.71559 0.71500 0.71297 0.71395 0.71623 0.71581 0.71362 0.71421 0.71688 0.71722 0.71469 0.71561 0.71773 0.71704 0.71597 0.71763 0.71894 0.71795 0.71737 0.71936 0.72043 0.71919 0.71883 0.72141 0.72222 0.72021 0.72015 0.72382 0.72446 0.72130 0.72159 0.72592 0.72657 0.72370 0.72377 0.72777 0.72865 0.72678 0.72638 0.72954 0.73048 0.72957 0.72972 0.73216 0.73160 0.73193 0.73399 0.73517 0.73271 0.73417 0.73774 0.73800 0.73523 0.73693 0.74068 0.74054 0.73870 0.74007 0.74363 0.74322 0.74235 0.74351 0.74718 0.74601 0.74483 0.74767 0.74902 0.74812 0.74829 0.75232 0.75217 0.75000 0.75172 0.75580 0.75561 0.75338 0.75525 0.75926 0.75934 0.75686 0.75861 0.76197 0.73413 0.67514 0.62074 0.56425 0.50521 0.44892 0.39356 0.33633 0.27775 0.22060 0.18329 0.16416 0.14430 0.12515 0.10664 0.08731 0.06767 0.04835 0.02918 0.00975 0.00000 0.00000 0.00000 0.00000 0.00000 0.00000 0.00000 0.00000 0.00000 0.00000 0.00000 0.00000 0.00000 0.00000 0.00000 0.00000 0.00000 0.00000 0.00000 0.00000 0.00000 0.00000 0.00000 0.00000 0.00000 0.00000 0.00000 0.00000 0.00000 0.00000 0.00000 0.00000 0.00000 0.00000 0.00000 0.00000 0.00000 0.00000 0.00000 0.00000 0.00000 0.00000 0.00000 0.00000 0.00000 0.00000 0.00000 0.00000 0.00000 0.00000 0.00000 0.00000 0.00000 0.00000 0.00000
0.00000 0.00000 0.00000 0.00000 0.00000 0.00000 0.00000 0.00000 0.00000 0.00000 0.00000 0.00000 0.00000 0.00000 0.00000 0.00000 0.00000 0.00000 0.00000 0.00000 0.00000 0.00000 0.00000 0.00000 0.00000 0.00000 0.00000 0.00000 0.00000 0.00000 0.00000 0.00000 0.00000 0.00000 0.00000 0.00000 0.00000 0.00000 0.00000 0.00000 0.00000 0.00000 0.00000 0.00000 0.00000 0.01407 0.04207 0.07034 0.09834 0.12589 0.15374 0.18193 0.20931 0.23652 0.26475 0.30442 0.35458 0.40531 0.45790 0.50891 0.55749 0.60778 0.66093 0.71131 0.75843 0.78277 0.78540 0.78424 0.78007 0.77887 0.78156 0.78039 0.77621 0.77503 0.77759 0.77654 0.77243 0.77127 0.77372 0.77254 0.76872 0.76808 0.77001 0.76830 0.76495 0.76480 0.76640 0.76422 0.76120 0.76143 0.76278 0.75994 0.75757 0.75970 0.75921 0.75601 0.75418 0.75559 0.75550 0.75291 0.75123 0.75129 0.75153 0.75037 0.74846 0.74711 0.74771 0.74740 0.74544 0.74373 0.74427 0.74358 0.74238 0.74157 0.74077 0.73938 0.73989 0.73995 0.73723 0.73585 0.73748 0.73751 0.73429 0.73287 0.73449 0.73475 0.73185 0.73007 0.73184 0.73188 0.72892 0.72826 0.72993 0.72811 0.72608 0.72763 0.72732 0.72452 0.72443 0.72572 0.72366 0.72177 0.72413 0.72357 0.72040 0.71946 0.72240 0.72166 0.71867 0.71762 0.71931 0.71971 0.71856 0.71638 0.71638 0.71819 0.71803 0.71475 0.71435 0.71717 0.71715 0.71342 0.71359 0.71616 0.71578 0.71266 0.71267 0.71478 0.71506 0.71276 0.71145 0.71298 0.71456 0.71313 0.71081 0.71165 0.71387 0.71325 0.71063 0.71098 0.71311 0.71323 0.71099 0.71098 0.71218 0.71244 0.71241 0.71258 0.71133 0.71053 0.71391 0.71413 0.71166 0.71103 0.71405 0.71478 0.71228 0.71176 0.71461 0.71509 0.71290 0.71429 0.71563 0.71331 0.71367 0.71710 0.71689 0.71398 0.71480 0.71848 0.71828 0.71539 0.71626 0.71990 0.71977 0.71710 0.71795 0.72143 0.72113 0.71919 0.72030 0.72272 0.72190 0.72145 0.72342 0.72457 0.72291 0.72331 0.72636 0.72744 0.72465 0.72531 0.72918 0.73006 0.72662 0.72783 0.73179 0.73252 0.72948 0.73068 0.73318 0.73489 0.73403 0.73362 0.73443 0.73745 0.73823 0.73635 0.73672 0.74040 0.74188 0.73910 0.73986 0.74365 0.74501 0.74207 0.74407 0.74726 0.74568 0.74511 0.74845 0.75080 0.74824 0.74837 0.75187 0.75341 0.75157 0.75200 0.75536 0.75702 0.75510 0.75499 0.75890 0.76074 0.75874 0.73338 0.68871 0.63994 0.58824 0.53873 0.49163 0.44327 0.39238 0.34231 0.29399 0.25634 0.22871 0.20169 0.17586 0.14902 0.12148 0.09457 0.06799 0.04083 0.01356 0.00000 0.00000 0.00000 0.00000 0.00000 0.00000 0.00000 0.00000 0.00000 0.00000 0.00000 0.00000 0.00000 0.00000 0.00000 0.00000 0.00000 0.00000 0.00000 0.00000 0.00000 0.00000 0.00000 0.00000 0.00000 0.00000 0.00000 0.00000 0.00000 0.00000 0.00000 0.00000 0.00000 0.00000 0.00000 0.00000 0.00000 0.00000 0.00000 0.00000 0.00000 0.00000 0.00000 0.00000 0.00000 0.00000 0.00000 0.00000 0.00000 0.00000 0.00000 0.00000 0.00000 0.00000 0.00000
0.00000 0.00000 0.00000 0.00000 0.00000 0.00000 0.00000 0.00000 0.00000 0.00000 0.00000 0.00000 0.00000 0.00000 0.00000 0.00000 0.00000 0.00000 0.00000 0.00000 0.00000 0.00000 0.00000 0.00000 0.00000 0.00000 0.00000 0.00000 0.00000 0.00000 0.00000 0.00000 0.00000 0.00000 0.00000 0.00000 0.00000 0.00000 0.00000 0.00000 0.00000 0.00000 0.00000 0.00000 0.00000 0.01808 0.05405 0.08993 0.12628 0.16209 0.19706 0.23272 0.26918 0.30436 0.33863 0.37855 0.42256 0.46450 0.50644 0.55078 0.59409 0.63471 0.67648 0.72135 0.76393 0.78184 0.78035 0.78262 0.78175 0.77781 0.77645 0.77892 0.77797 0.77378 0.77264 0.77514 0.77403 0.76988 0.76912 0.77142 0.76974 0.76613 0.76622 0.76771 0.76536 0.76245 0.76297 0.76402 0.76120 0.75881 0.76103 0.76039 0.75720 0.75522 0.75734 0.75687 0.75359 0.75187 0.75318 0.75314 0.75068 0.74902 0.74881 0.74908 0.74812 0.74626 0.74484 0.74527 0.74481 0.74325 0.74183 0.74180 0.74061 0.74040 0.74018 0.73816 0.73656 0.73819 0.73814 0.73456 0.73350 0.73584 0.73539 0.73163 0.73075 0.73301 0.73246 0.72903 0.72835 0.73051 0.72907 0.72625 0.72732 0.72822 0.72500 0.72366 0.72636 0.72564 0.72195 0.72209 0.72400 0.72215 0.71948 0.72155 0.72141 0.71911 0.71817 0.71954 0.71918 0.71795 0.71590 0.71579 0.71817 0.71795 0.71417 0.71409 0.71671 0.71616 0.71299 0.71402 0.71454 0.71365 0.71323 0.71411 0.71275 0.71212 0.71316 0.71286 0.71098 0.71190 0.71331 0.71114 0.70970 0.71211 0.71297 0.70981 0.70921 0.71219 0.71245 0.70898 0.70917 0.71218 0.71214 0.70898 0.70929 0.71161 0.71177 0.71133 0.71094 0.71003 0.71011 0.71300 0.71214 0.70983 0.71069 0.71361 0.71265 0.71033 0.71125 0.71426 0.71408 0.71121 0.71185 0.71502 0.71431 0.71243 0.71414 0.71600 0.71485 0.71385 0.71585 0.71738 0.71606 0.71536 0.71759 0.71902 0.71757 0.71688 0.71960 0.72102 0.71920 0.71822 0.72173 0.72314 0.72115 0.72023 0.72350 0.72505 0.72363 0.72280 0.72544 0.72708 0.72610 0.72563 0.72799 0.72872 0.72846 0.72940 0.73089 0.72939 0.73080 0.73373 0.73391 0.73134 0.73326 0.73674 0.73679 0.73475 0.73614 0.73960 0.73955 0.73812 0.73940 0.74314 0.74232 0.74085 0.74315 0.74603 0.74491 0.74409 0.74759 0.74861 0.74694 0.74772 0.75170 0.75178 0.74973 0.75134 0.75524 0.75507 0.75335 0.75516 0.75820 0.75829 0.75715 0.73901 0.69850 0.65521 0.61412 0.57541 0.53360 0.48971 0.44865 0.40905 0.36710 0.32737 0.29332 0.26048 0.22591 0.19040 0.15594 0.12204 0.08730 0.05223 0.01741 0.00000 0.00000 0.00000 0.00000 0.00000 0.00000 0.00000 0.00000 0.00000 0.00000 0.00000 0.00000 0.00000 0.00000 0.00000 0.00000 0.00000 0.00000 0.00000 0.00000 0.00000 0.00000 0.00000 0.00000 0.00000 0.00000 0.00000 0.00000 0.00000 0.00000 0.00000 0.00000 0.00000 0.00000 0.00000 0.00000 0.00000 0.00000 0.00000 0.00000 0.00000 0.00000 0.00000 0.00000 0.00000 0.00000 0.00000 0.00000 0.00000 0.00000 0.00000 0.00000 0.00000 0.00000 0.00000
0.00000 0.00000 0.00000 0.00000 0.00000 0.00000 0.00000 0.00000 0.00000 0.00000 0.00000 0.00000 0.00000 0.00000 0.00000 0.00000 0.00000 0.00000 0.00000 0.00000 0.00000 0.00000 0.00000 0.00000 0.00000 0.00000 0.00000 0.00000 0.00000 0.00000 0.00000 0.00000 0.00000 0.00000 0.00000 0.00000 0.00000 0.00000 0.00000 0.00000 0.00000 0.00000 0.00000 0.00000 0.00000 0.02208 0.06616 0.10975 0.15337 0.19770 0.24122 0.28385 0.32768 0.37152 0.41372 0.45216 0.48875 0.52399 0.55682 0.59124 0.62847 0.66313 0.69476 0.72895 0.76667 0.78323 0.77893 0.77790 0.78051 0.77938 0.77507 0.77415 0.77661 0.77556 0.77120 0.77029 0.77275 0.77181 0.76746 0.76650 0.76896 0.76783 0.76378 0.76346 0.76526 0.76332 0.76008 0.76047 0.76164 0.75877 0.75642 0.75908 0.75807 0.75443 0.75291 0.75518 0.75449 0.75097 0.74977 0.75095 0.75058 0.74826 0.74693 0.74645 0.74659 0.74583 0.74399 0.74239 0.74303 0.74236 0.74079 0.73989 0.73973 0.73794 0.73797 0.73840 0.73602 0.73428 0.73596 0.73597 0.73262 0.73134 0.73342 0.73327 0.72985 0.72853 0.73056 0.73050 0.72725 0.72601 0.72815 0.72732 0.72444 0.72506 0.72576 0.72348 0.72215 0.72365 0.72271 0.72066 0.72142 0.72128 0.71886 0.71828 0.72057 0.71928 0.71633 0.71640 0.71836 0.71727 0.71536 0.71550 0.71453 0.71511 0.71606 0.71423 0.71229 0.71397 0.71510 0.71176 0.71158 0.71354 0.71335 0.71053 0.71087 0.71243 0.71234 0.71021 0.70937 0.71087 0.71204 0.71042 0.70825 0.70936 0.71136 0.71061 0.70807 0.70834 0.71025 0.71075 0.70891 0.70788 0.70892 0.71080 0.71050 0.70813 0.70826 0.70937 0.71112 0.71102 0.70901 0.70818 0.71080 0.71173 0.70980 0.70862 0.71115 0.71232 0.71046 0.70992 0.71205 0.71113 0.71106 0.71371 0.71335 0.71083 0.71185 0.71528 0.71484 0.71205 0.71311 0.71663 0.71637 0.71359 0.71471 0.71824 0.71795 0.71537 0.71669 0.72018 0.71898 0.71731 0.71971 0.72218 0.71947 0.71931 0.72293 0.72421 0.72102 0.72142 0.72566 0.72643 0.72310 0.72387 0.72828 0.72876 0.72542 0.72664 0.73018 0.73126 0.72971 0.72957 0.73066 0.73382 0.73440 0.73252 0.73274 0.73659 0.73798 0.73538 0.73575 0.73968 0.74112 0.73828 0.73949 0.74314 0.74295 0.74126 0.74411 0.74685 0.74469 0.74431 0.74799 0.75021 0.74772 0.74769 0.75150 0.75350 0.75101 0.75113 0.75524 0.75708 0.75432 0.75437 0.75942 0.74332 0.70625 0.67253 0.64263 0.60921 0.57266 0.53858 0.50711 0.47385 0.43790 0.39960 0.35956 0.31791 0.27448 0.23239 0.19138 0.14905 0.10599 0.06367 0.02135 0.00000 0.00000 0.00000 0.00000 0.00000 0.00000 0.00000 0.00000 0.00000 0.00000 0.00000 0.00000 0.00000 0.00000 0.00000 0.00000 0.00000 0.00000 0.00000 0.00000 0.00000 0.00000 0.00000 0.00000 0.00000 0.00000 0.00000 0.00000 0.00000 0.00000 0.00000 0.00000 0.00000 0.00000 0.00000 0.00000 0.00000 0.00000 0.00000 0.00000 0.00000 0.00000 0.00000 0.00000 0.00000 0.00000 0.00000 0.00000 0.00000 0.00000 0.00000 0.00000 0.00000 0.00000 0.00000
0.00000 0.00000 0.00000 0.00000 0.00000 0.00000 0.00000 0.00000 0.00000 0.00000 0.00000 0.00000 0.00000 0.00000 0.00000 0.00000 0.00000 0.00000 0.00000 0.00000 0.00000 0.00000 0.00000 0.00000 0.00000 0.00000 0.00000 0.00000 0.00000 0.00000 0.00000 0.00000 0.00000 0.00000 0.00000 0.00000 0.00000 0.00000 0.00000 0.00000 0.00000 0.00000 0.00000 0.00000 0.00000 0.02596 0.07805 0.12985 0.18092 0.23232 0.28479 0.33608 0.38562 0.43697 0.48939 0.52748 0.55291 0.58121 0.60915 0.63408 0.65985 0.68885 0.71595 0.73983 0.76565 0.78153 0.78085 0.77680 0.77544 0.77781 0.77712 0.77285 0.77166 0.77400 0.77328 0.76892 0.76784 0.77031 0.76935 0.76506 0.76453 0.76663 0.76494 0.76132 0.76165 0.76295 0.76035 0.75766 0.75908 0.75929 0.75573 0.75408 0.75686 0.75572 0.75202 0.75059 0.75266 0.75216 0.74873 0.74749 0.74837 0.74819 0.74619 0.74468 0.74388 0.74420 0.74354 0.74175 0.74019 0.74067 0.73951 0.73866 0.73846 0.73724 0.73506 0.73617 0.73659 0.73337 0.73193 0.73431 0.73386 0.73004 0.72922 0.73174 0.73111 0.72730 0.72658 0.72898 0.72807 0.72467 0.72473 0.72649 0.72428 0.72200 0.72411 0.72404 0.72060 0.71980 0.72226 0.72118 0.71828 0.71898 0.71979 0.71734 0.71754 0.71826 0.71637 0.71484 0.71683 0.71589 0.71532 0.71530 0.71394 0.71266 0.71451 0.71411 0.71214 0.71208 0.71247 0.71156 0.71230 0.71222 0.70980 0.70956 0.71155 0.71122 0.70849 0.70889 0.71101 0.70943 0.70734 0.70918 0.71054 0.70753 0.70666 0.70959 0.70993 0.70636 0.70657 0.70965 0.70936 0.70673 0.70689 0.70887 0.70889 0.70871 0.70830 0.70723 0.70707 0.71021 0.70960 0.70687 0.70759 0.71078 0.70972 0.70728 0.70839 0.71144 0.71038 0.70800 0.70892 0.71223 0.71132 0.70903 0.71095 0.71308 0.71177 0.71045 0.71252 0.71419 0.71288 0.71204 0.71410 0.71572 0.71441 0.71368 0.71571 0.71756 0.71663 0.71510 0.71713 0.71985 0.71929 0.71675 0.71872 0.72152 0.72127 0.71950 0.72101 0.72346 0.72299 0.72211 0.72392 0.72560 0.72468 0.72497 0.72712 0.72708 0.72699 0.72926 0.73010 0.72757 0.72954 0.73275 0.73304 0.73107 0.73231 0.73551 0.73594 0.73437 0.73537 0.73893 0.73875 0.73707 0.73889 0.74253 0.74141 0.73995 0.74296 0.74509 0.74389 0.74384 0.74724 0.74803 0.74644 0.74742 0.75102 0.75121 0.74982 0.75122 0.75423 0.75420 0.75366 0.75562 0.75730 0.74348 0.71742 0.69407 0.66783 0.63919 0.61382 0.59066 0.56423 0.53531 0.50954 0.47433 0.42471 0.37320 0.32394 0.27577 0.22589 0.17512 0.12516 0.07544 0.02521 0.00000 0.00000 0.00000 0.00000 0.00000 0.00000 0.00000 0.00000 0.00000 0.00000 0.00000 0.00000 0.00000 0.00000 0.00000 0.00000 0.00000 0.00000 0.00000 0.00000 0.00000 0.00000 0.00000 0.00000 0.00000 0.00000 0.00000 0.00000 0.00000 0.00000 0.00000 0.00000 0.00000 0.00000 0.00000 0.00000 0.00000 0.00000 0.00000 0.00000 0.00000 0.00000 0.00000 0.00000 0.00000 0.00000 0.00000 0.00000 0.00000 0.00000 0.00000 0.00000 0.00000 0.00000 0.00000
0.00000 0.00000 0.00000 0.00000 0.00000 0.00000 0.00000 0.00000 0.00000 0.00000 0.00000 0.00000 0.00000 0.00000 0.00000 0.00000 0.00000 0.00000 0.00000 0.00000 0.00000 0.00000 0.00000 0.00000 0.00000 0.00000 0.00000 0.00000 0.00000 0.00000 0.00000 0.00000 0.00000 0.00000 0.00000 0.00000 0.00000 0.00000 0.00000 0.00000 0.00000 0.00000 0.00000 0.00000 0.00000 0.02991 0.08949 0.14962 0.20923 0.26768 0.32678 0.38689 0.44544 0.50295 0.56259 0.60218 0.61929 0.63762 0.65896 0.67795 0.69392 0.71243 0.73434 0.75289 0.76816 0.77697 0.77952 0.77836 0.77405 0.77333 0.77565 0.77448 0.77018 0.76954 0.77182 0.77072 0.76638 0.76554 0.76804 0.76713 0.76265 0.76197 0.76425 0.76297 0.75897 0.75898 0.76054 0.75818 0.75532 0.75671 0.75693 0.75322 0.75175 0.75449 0.75337 0.74946 0.74843 0.75038 0.74964 0.74627 0.74542 0.74599 0.74565 0.74399 0.74252 0.74129 0.74187 0.74138 0.73937 0.73779 0.73865 0.73674 0.73613 0.73692 0.73520 0.73277 0.73393 0.73443 0.73126 0.72976 0.73210 0.73179 0.72813 0.72710 0.72934 0.72910 0.72553 0.72433 0.72652 0.72632 0.72301 0.72247 0.72392 0.72276 0.72058 0.72140 0.72127 0.71968 0.71896 0.71902 0.71790 0.71838 0.71826 0.71630 0.71456 0.71769 0.71665 0.71439 0.71355 0.71607 0.71373 0.71236 0.71465 0.71444 0.71053 0.71075 0.71317 0.71294 0.70965 0.71000 0.71112 0.71055 0.70911 0.70952 0.70964 0.70880 0.70770 0.70836 0.70930 0.70822 0.70602 0.70704 0.70896 0.70805 0.70545 0.70591 0.70758 0.70822 0.70690 0.70515 0.70590 0.70836 0.70841 0.70496 0.70534 0.70842 0.70853 0.70682 0.70610 0.70609 0.70780 0.70872 0.70718 0.70571 0.70783 0.70941 0.70796 0.70646 0.70855 0.70895 0.70856 0.71042 0.70979 0.70782 0.70907 0.71219 0.71147 0.70885 0.70989 0.71344 0.71314 0.71024 0.71131 0.71495 0.71480 0.71190 0.71311 0.71681 0.71624 0.71385 0.71577 0.71865 0.71659 0.71608 0.71938 0.72055 0.71748 0.71798 0.72232 0.72282 0.71959 0.71995 0.72482 0.72490 0.72195 0.72292 0.72724 0.72736 0.72507 0.72590 0.72702 0.73005 0.73072 0.72880 0.72878 0.73285 0.73428 0.73172 0.73175 0.73581 0.73740 0.73463 0.73525 0.73913 0.73976 0.73751 0.73971 0.74279 0.74130 0.74049 0.74412 0.74637 0.74392 0.74372 0.74773 0.74977 0.74717 0.74720 0.75135 0.75328 0.75037 0.75064 0.75541 0.75665 0.75342 0.74470 0.73084 0.71266 0.69051 0.67232 0.65764 0.63963 0.61812 0.59942 0.58385 0.54666 0.48712 0.43015 0.37515 0.31796 0.25889 0.20163 0.14494 0.08712 0.02893 0.00000 0.00000 0.00000 0.00000 0.00000 0.00000 0.00000 0.00000 0.00000 0.00000 0.00000 0.00000 0.00000 0.00000 0.00000 0.00000 0.00000 0.00000 0.00000 0.00000 0.00000 0.00000 0.00000 0.00000 0.00000 0.00000 0.00000 0.00000 0.00000 0.00000 0.00000 0.00000 0.00000 0.00000 0.00000 0.00000 0.00000 0.00000 0.00000 0.00000 0.00000 0.00000 0.00000 0.00000 0.00000 0.00000 0.00000 0.00000 0.00000 0.00000 0.00000 0.00000 0.00000 0.00000 0.00000
0.00000 0.00000 0.00000 0.00000 0.00000 0.00000 0.00000 0.00000 0.00000 0.00000 0.00000 0.00000 0.00000 0.00000 0.00000 0.00000 0.00000 0.00000 0.00000 0.00000 0.00000 0.00000 0.00000 0.00000 0.00000 0.00000 0.00000 0.00000 0.00000 0.00000 0.00000 0.00000 0.00000 0.00000 0.00000 0.00000 0.00000 0.00000 0.00000 0.00000 0.00000 0.00000 0.00000 0.00000 0.00000 0.03390 0.10132 0.16864 0.23675 0.30388 0.36937 0.43605 0.50464 0.57084 0.63469 0.67410 0.68720 0.69648 0.70586 0.71900 0.73081 0.73905 0.74910 0.76291 0.77407 0.77581 0.77448 0.77684 0.77619 0.77190 0.77073 0.77297 0.77234 0.76808 0.76690 0.76920 0.76851 0.76422 0.76316 0.76558 0.76458 0.76034 0.76011 0.76192 0.76003 0.75658 0.75729 0.75823 0.75503 0.75295 0.75525 0.75459 0.75068 0.74940 0.75191 0.75104 0.74720 0.74610 0.74777 0.74732 0.74425 0.74313 0.74311 0.74330 0.74219 0.74027 0.73878 0.73957 0.73899 0.73712 0.73577 0.73639 0.73389 0.73408 0.73512 0.73258 0.73078 0.73237 0.73197 0.72862 0.72775 0.73038 0.72965 0.72570 0.72505 0.72759 0.72694 0.72307 0.72265 0.72484 0.72364 0.72056 0.72148 0.72229 0.71976 0.71815 0.72029 0.71983 0.71715 0.71646 0.71772 0.71659 0.71643 0.71579 0.71461 0.71291 0.71599 0.71508 0.71224 0.71175 0.71400 0.71259 0.71112 0.71166 0.71188 0.71057 0.70972 0.70950 0.71100 0.71024 0.70782 0.70732 0.71041 0.70944 0.70620 0.70611 0.70920 0.70802 0.70505 0.70596 0.70827 0.70595 0.70424 0.70659 0.70752 0.70405 0.70401 0.70699 0.70678 0.70465 0.70439 0.70598 0.70609 0.70604 0.70528 0.70459 0.70492 0.70732 0.70733 0.70401 0.70445 0.70787 0.70705 0.70437 0.70543 0.70846 0.70721 0.70501 0.70655 0.70928 0.70789 0.70585 0.70828 0.71019 0.70858 0.70711 0.70945 0.71105 0.70972 0.70885 0.71081 0.71231 0.71114 0.71058 0.71236 0.71401 0.71320 0.71217 0.71350 0.71629 0.71624 0.71347 0.71452 0.71830 0.71877 0.71604 0.71651 0.71977 0.72054 0.71892 0.71938 0.72206 0.72125 0.72119 0.72351 0.72477 0.72284 0.72393 0.72672 0.72609 0.72555 0.72829 0.72954 0.72788 0.72845 0.73130 0.73238 0.73099 0.73146 0.73466 0.73525 0.73353 0.73477 0.73866 0.73792 0.73606 0.73870 0.74162 0.74038 0.73989 0.74297 0.74434 0.74298 0.74360 0.74693 0.74753 0.74614 0.74721 0.75033 0.75056 0.74995 0.75142 0.75336 0.75303 0.75380 0.75061 0.73987 0.72715 0.71716 0.70939 0.69828 0.68456 0.67439 0.66704 0.65606 0.61528 0.55146 0.48951 0.42468 0.35812 0.29330 0.22916 0.16408 0.09834 0.03275 0.00000 0.00000 0.00000 0.00000 0.00000 0.00000 0.00000 0.00000 0.00000 0.00000 0.00000 0.00000 0.00000 0.00000 0.00000 0.00000 0.00000 0.00000 0.00000 0.00000 0.00000 0.00000 0.00000 0.00000 0.00000 0.00000 0.00000 0.00000 0.00000 0.00000 0.00000 0.00000 0.00000 0.00000 0.00000 0.00000 0.00000 0.00000 0.00000 0.00000 0.00000 0.00000 0.00000 0.00000 0.00000 0.00000 0.00000 0.00000 0.00000 0.00000 0.00000 0.00000 0.00000 0.00000 0.00000
0.00000 0.00000 0.00000 0.00000 0.00000 0.00000 0.00000 0.00000 0.00000 0.00000 0.00000 0.00000 0.00000 0.00000 0.00000 0.00000 0.00000 0.00000 0.00000 0.00000 0.00000 0.00000 0.00000 0.00000 0.00000 0.00000 0.00000 0.00000 0.00000 0.00000 0.00000 0.00000 0.00000 0.00000 0.00000 0.00000 0.00000 0.00000 0.00000 0.00000 0.00000 0.00000 0.00000 0.00000 0.00000 0.03783 0.11346 0.18823 0.26289 0.33886 0.41379 0.48675 0.56089 0.63673 0.70969 0.74684 0.75185 0.75542 0.75574 0.75847 0.76466 0.76755 0.76723 0.77022 0.77663 0.77738 0.77307 0.77241 0.77473 0.77347 0.76922 0.76868 0.77087 0.76965 0.76543 0.76472 0.76712 0.76606 0.76168 0.76079 0.76336 0.76245 0.75793 0.75750 0.75956 0.75796 0.75425 0.75464 0.75584 0.75285 0.75063 0.75282 0.75219 0.74822 0.74720 0.74960 0.74855 0.74476 0.74405 0.74534 0.74474 0.74208 0.74105 0.74047 0.74086 0.74037 0.73805 0.73603 0.73747 0.73711 0.73460 0.73454 0.73458 0.73191 0.73151 0.73292 0.73028 0.72862 0.73054 0.72983 0.72666 0.72555 0.72811 0.72770 0.72383 0.72300 0.72517 0.72503 0.72148 0.72041 0.72212 0.72213 0.71948 0.71892 0.71926 0.71884 0.71751 0.71703 0.71664 0.71699 0.71586 0.71427 0.71352 0.71606 0.71426 0.71201 0.71225 0.71430 0.71194 0.71020 0.71211 0.71263 0.70926 0.70848 0.71108 0.71110 0.70786 0.70712 0.70902 0.70970 0.70725 0.70628 0.70719 0.70801 0.70616 0.70541 0.70640 0.70674 0.70448 0.70440 0.70629 0.70592 0.70296 0.70347 0.70514 0.70576 0.70471 0.70261 0.70316 0.70590 0.70608 0.70224 0.70259 0.70593 0.70596 0.70278 0.70304 0.70474 0.70505 0.70548 0.70447 0.70306 0.70464 0.70657 0.70539 0.70341 0.70519 0.70665 0.70601 0.70683 0.70631 0.70502 0.70647 0.70915 0.70805 0.70579 0.70685 0.71034 0.71001 0.70703 0.70787 0.71173 0.71174 0.70858 0.70953 0.71344 0.71339 0.71038 0.71177 0.71520 0.71419 0.71282 0.71544 0.71648 0.71427 0.71535 0.71884 0.71875 0.71610 0.71710 0.72143 0.72116 0.71855 0.71944 0.72379 0.72313 0.72189 0.72276 0.72523 0.72597 0.72737 0.72545 0.72506 0.72899 0.73066 0.72819 0.72795 0.73203 0.73373 0.73107 0.73115 0.73523 0.73645 0.73389 0.73530 0.73885 0.73811 0.73668 0.74006 0.74249 0.74025 0.73985 0.74397 0.74594 0.74344 0.74330 0.74747 0.74943 0.74675 0.74679 0.75140 0.75288 0.74959 0.75038 0.75534 0.75444 0.74722 0.74448 0.74571 0.74292 0.73595 0.73281 0.73383 0.73121 0.72431 0.68689 0.61853 0.54666 0.47155 0.39949 0.32899 0.25632 0.18242 0.10947 0.03668 0.00000 0.00000 0.00000 0.00000 0.00000 0.00000 0.00000 0.00000 0.00000 0.00000 0.00000 0.00000 0.00000 0.00000 0.00000 0.00000 0.00000 0.00000 0.00000 0.00000 0.00000 0.00000 0.00000 0.00000 0.00000 0.00000 0.00000 0.00000 0.00000 0.00000 0.00000 0.00000 0.00000 0.00000 0.00000 0.00000 0.00000 0.00000 0.00000 0.00000 0.00000 0.00000 0.00000 0.00000 0.00000 0.00000 0.00000 0.00000 0.00000 0.00000 0.00000 0.00000 0.00000 0.00000 0.00000
0.00000 0.00000 0.00000 0.00000 0.00000 0.00000 0.00000 0.00000 0.00000 0.00000 0.00000 0.00000 0.00000 0.00000 0.00000 0.00000 0.00000 0.00000 0.00000 0.00000 0.00000 0.00000 0.00000 0.00000 0.00000 0.00000 0.00000 0.00000 0.00000 0.00000 0.00000 0.00000 0.00000 0.00000 0.00000 0.00201 0.00603 0.01003 0.01398 0.01798 0.02200 0.02594 0.02985 0.03384 0.03772 0.07734 0.15302 0.22802 0.30193 0.37653 0.45267 0.52692 0.59868 0.67238 0.74927 0.78448 0.78113 0.78217 0.78285 0.77936 0.77731 0.77934 0.77902 0.77495 0.77351 0.77590 0.77525 0.77094 0.76976 0.77208 0.77143 0.76715 0.76596 0.76818 0.76759 0.76342 0.76213 0.76450 0.76379 0.75953 0.75871 0.76092 0.75970 0.75562 0.75565 0.75723 0.75501 0.75188 0.75301 0.75353 0.74964 0.74825 0.75088 0.74989 0.74596 0.74485 0.74694 0.74626 0.74266 0.74179 0.74244 0.74241 0.74064 0.73888 0.73766 0.73852 0.73860 0.73585 0.73382 0.73528 0.73536 0.73234 0.73307 0.73231 0.73079 0.72960 0.72981 0.72737 0.72722 0.72902 0.72766 0.72428 0.72357 0.72628 0.72564 0.72148 0.72101 0.72343 0.72279 0.71909 0.71901 0.72045 0.71933 0.71711 0.71795 0.71792 0.71609 0.71492 0.71585 0.71562 0.71471 0.71288 0.71282 0.71273 0.71385 0.71281 0.71027 0.71013 0.71218 0.71117 0.70854 0.70914 0.71041 0.70916 0.70712 0.70737 0.70895 0.70829 0.70570 0.70527 0.70794 0.70753 0.70428 0.70374 0.70696 0.70644 0.70306 0.70289 0.70597 0.70505 0.70205 0.70280 0.70513 0.70306 0.70160 0.70396 0.70435 0.70275 0.70196 0.70315 0.70346 0.70347 0.70262 0.70211 0.70261 0.70430 0.70415 0.70127 0.70138 0.70496 0.70463 0.70157 0.70258 0.70542 0.70439 0.70214 0.70373 0.70623 0.70446 0.70286 0.70579 0.70724 0.70533 0.70389 0.70663 0.70811 0.70652 0.70565 0.70772 0.70896 0.70793 0.70759 0.70918 0.71043 0.70968 0.70926 0.71049 0.71251 0.71252 0.71050 0.71109 0.71518 0.71548 0.71230 0.71269 0.71642 0.71779 0.71557 0.71507 0.71831 0.71965 0.71794 0.71944 0.72139 0.71862 0.71984 0.72356 0.72482 0.72139 0.72293 0.72634 0.72583 0.72447 0.72676 0.72900 0.72805 0.72761 0.73023 0.73178 0.73028 0.73084 0.73447 0.73450 0.73242 0.73461 0.73810 0.73684 0.73582 0.73896 0.74080 0.73926 0.73974 0.74310 0.74391 0.74226 0.74327 0.74671 0.74723 0.74590 0.74708 0.74983 0.74967 0.74996 0.75221 0.75293 0.75171 0.75368 0.75678 0.75682 0.75502 0.75667 0.76083 0.76110 0.75847 0.75982 0.72806 0.65597 0.58121 0.50950 0.43925 0.36699 0.29370 0.22054 0.14794 0.07529 0.03671 0.03277 0.02892 0.02519 0.02136 0.01745 0.01356 0.00972 0.00585 0.00195 0.00000 0.00000 0.00000 0.00000 0.00000 0.00000 0.00000 0.00000 0.00000 0.00000 0.00000 0.00000 0.00000 0.00000 0.00000 0.00000 0.00000 0.00000 0.00000 0.00000 0.00000 0.00000 0.00000 0.00000 0.00000 0.00000 0.00000 0.00000 0.00000 0.00000 0.00000 0.00000 0.00000 0.00000 0.00000 0.00000 0.00000 0.00000 0.00000 0.00000 0.00000 0.00000 0.00000 0.00000 0.00000
0.00000 0.00000 0.00000 0.00000 0.00000 0.00000 0.00000 0.00000 0.00000 0.00000 0.00000 0.00000 0.00000 0.00000 0.00000 0.00000 0.00000 0.00000 0.00000 0.00000 0.00000 0.00000 0.00000 0.00000 0.00000 0.00000 0.00000 0.00000 0.00000 0.00000 0.00000 0.00000 0.00000 0.00000 0.00000 0.00601 0.01804 0.03005 0.04194 0.05377 0.06585 0.07778 0.08936 0.10116 0.11332 0.15254 0.21919 0.28692 0.35413 0.41944 0.48515 0.55308 0.61956 0.68373 0.74912 0.78344 0.78051 0.77936 0.78127 0.78010 0.77607 0.77521 0.77766 0.77645 0.77214 0.77144 0.77383 0.77256 0.76830 0.76772 0.76997 0.76872 0.76448 0.76380 0.76618 0.76506 0.76077 0.75986 0.76246 0.76151 0.75700 0.75622 0.75867 0.75764 0.75325 0.75294 0.75486 0.75292 0.74957 0.75033 0.75109 0.74722 0.74608 0.74859 0.74737 0.74360 0.74293 0.74455 0.74366 0.74048 0.73984 0.73979 0.73988 0.73909 0.73687 0.73515 0.73622 0.73684 0.73351 0.73224 0.73344 0.73294 0.72963 0.73096 0.73062 0.72885 0.72778 0.72752 0.72543 0.72509 0.72697 0.72604 0.72227 0.72182 0.72406 0.72363 0.71973 0.71894 0.72085 0.72106 0.71791 0.71671 0.71723 0.71811 0.71673 0.71500 0.71453 0.71560 0.71439 0.71256 0.71280 0.71415 0.71165 0.71005 0.71227 0.71243 0.70946 0.70811 0.71033 0.71057 0.70767 0.70641 0.70880 0.70896 0.70614 0.70493 0.70693 0.70755 0.70536 0.70373 0.70501 0.70631 0.70451 0.70272 0.70372 0.70520 0.70332 0.70170 0.70318 0.70425 0.70208 0.70080 0.70255 0.70369 0.70301 0.70013 0.70059 0.70354 0.70371 0.69971 0.69998 0.70347 0.70347 0.69981 0.69999 0.70308 0.70251 0.70157 0.70172 0.70081 0.70145 0.70378 0.70300 0.70057 0.70180 0.70442 0.70340 0.70297 0.70298 0.70243 0.70386 0.70609 0.70464 0.70285 0.70409 0.70728 0.70685 0.70394 0.70462 0.70861 0.70873 0.70536 0.70604 0.71018 0.71040 0.70704 0.70800 0.71203 0.71170 0.70920 0.71117 0.71300 0.71163 0.71241 0.71515 0.71438 0.71266 0.71517 0.71792 0.71656 0.71502 0.71849 0.72036 0.71795 0.71802 0.72050 0.72206 0.72140 0.72261 0.72259 0.72243 0.72483 0.72672 0.72494 0.72452 0.72819 0.72990 0.72758 0.72731 0.73145 0.73294 0.73037 0.73098 0.73501 0.73497 0.73302 0.73578 0.73871 0.73684 0.73605 0.74007 0.74216 0.73979 0.73956 0.74363 0.74560 0.74335 0.74303 0.74719 0.74917 0.74642 0.74651 0.75126 0.75261 0.74902 0.75020 0.75503 0.75617 0.75307 0.75377 0.75886 0.75996 0.75681 0.75737 0.76250 0.73120 0.66343 0.59927 0.53824 0.47382 0.40731 0.34221 0.27855 0.21399 0.14827 0.10950 0.09824 0.08715 0.07551 0.06372 0.05222 0.04080 0.02919 0.01748 0.00583 0.00000 0.00000 0.00000 0.00000 0.00000 0.00000 0.00000 0.00000 0.00000 0.00000 0.00000 0.00000 0.00000 0.00000 0.00000 0.00000 0.00000 0.00000 0.00000 0.00000 0.00000 0.00000 0.00000 0.00000 0.00000 0.00000 0.00000 0.00000 0.00000 0.00000 0.00000 0.00000 0.00000 0.00000 0.00000 0.00000 0.00000 0.00000 0.00000 0.00000 0.00000 0.00000 0.00000 0.00000 0.00000
0.00000 0.00000 0.00000 0.00000 0.00000 0.00000 0.00000 0.00000 0.00000 0.00000 0.00000 0.00000 0.00000 0.00000 0.00000 0.00000 0.00000 0.00000 0.00000 0.00000 0.00000 0.00000 0.00000 0.00000 0.00000 0.00000 0.00000 0.00000 0.00000 0.00000 0.00000 0.00000 0.00000 0.00000 0.00000 0.01002 0.02993 0.04986 0.06995 0.08977 0.10919 0.12912 0.14892 0.16853 0.18832 0.22765 0.28591 0.34487 0.40476 0.46306 0.51970 0.57806 0.63827 0.69570 0.75114 0.78080 0.78172 0.77854 0.77640 0.77835 0.77817 0.77424 0.77260 0.77486 0.77435 0.77005 0.76881 0.77121 0.77052 0.76617 0.76501 0.76732 0.76669 0.76248 0.76119 0.76352 0.76289 0.75871 0.75755 0.75993 0.75904 0.75478 0.75427 0.75629 0.75487 0.75091 0.75101 0.75255 0.74998 0.74718 0.74854 0.74882 0.74491 0.74378 0.74601 0.74511 0.74154 0.74080 0.74173 0.74134 0.73905 0.73784 0.73670 0.73747 0.73775 0.73495 0.73292 0.73384 0.73471 0.73123 0.73045 0.73160 0.73101 0.72751 0.72781 0.72850 0.72815 0.72724 0.72449 0.72354 0.72397 0.72506 0.72411 0.72018 0.71968 0.72220 0.72168 0.71738 0.71718 0.71916 0.71862 0.71565 0.71553 0.71561 0.71533 0.71431 0.71392 0.71345 0.71305 0.71149 0.71125 0.71229 0.71181 0.70920 0.70856 0.71018 0.71019 0.70868 0.70652 0.70733 0.70845 0.70737 0.70489 0.70532 0.70697 0.70640 0.70345 0.70329 0.70571 0.70559 0.70220 0.70166 0.70456 0.70462 0.70118 0.70051 0.70345 0.70369 0.70039 0.69978 0.70254 0.70301 0.69978 0.70008 0.70186 0.70152 0.69975 0.70038 0.70100 0.70099 0.70020 0.69982 0.70027 0.70112 0.70090 0.69884 0.69920 0.70199 0.70198 0.69905 0.69979 0.70225 0.70165 0.69960 0.70121 0.70304 0.70123 0.69994 0.70317 0.70420 0.70213 0.70085 0.70388 0.70527 0.70332 0.70242 0.70485 0.70591 0.70472 0.70458 0.70610 0.70697 0.70632 0.70633 0.70758 0.70883 0.70863 0.70765 0.70835 0.71160 0.71192 0.70885 0.70922 0.71344 0.71437 0.71185 0.71166 0.71481 0.71659 0.71466 0.71513 0.71757 0.71686 0.71645 0.72024 0.72112 0.71769 0.71860 0.72319 0.72367 0.72050 0.72212 0.72578 0.72552 0.72373 0.72562 0.72839 0.72754 0.72705 0.72993 0.73110 0.72891 0.73067 0.73432 0.73345 0.73182 0.73502 0.73737 0.73556 0.73574 0.73940 0.74036 0.73833 0.73936 0.74324 0.74389 0.74174 0.74276 0.74662 0.74707 0.74565 0.74764 0.74959 0.74792 0.74989 0.75302 0.75272 0.75109 0.75368 0.75715 0.75671 0.75487 0.75675 0.76091 0.76096 0.73008 0.67445 0.62111 0.56411 0.50573 0.44856 0.39252 0.33635 0.27890 0.22061 0.18231 0.16411 0.14505 0.12540 0.10604 0.08706 0.06802 0.04854 0.02906 0.00971 0.00000 0.00000 0.00000 0.00000 0.00000 0.00000 0.00000 0.00000 0.00000 0.00000 0.00000 0.00000 0.00000 0.00000 0.00000 0.00000 0.00000 0.00000 0.00000 0.00000 0.00000 0.00000 0.00000 0.00000 0.00000 0.00000 0.00000 0.00000 0.00000 0.00000 0.00000 0.00000 0.00000 0.00000 0.00000 0.00000 0.00000 0.00000 0.00000 0.00000 0.00000 0.00000 0.00000 0.00000 0.00000
0.00000 0.00000 0.00000 0.00000 0.00000 0.00000 0.00000 0.00000 0.00000 0.00000 0.00000 0.00000 0.00000 0.00000 0.00000 0.00000 0.00000 0.00000 0.00000 0.00000 0.00000 0.00000 0.00000 0.00000 0.00000 0.00000 0.00000 0.00000 0.00000 0.00000 0.00000 0.00000 0.00000 0.00000 0.00000 0.01400 0.04189 0.06968 0.09763 0.12548 0.15282 0.18008 0.20842 0.23581 0.26244 0.30199 0.35376 0.40348 0.45337 0.50507 0.55640 0.60511 0.65414 0.70565 0.75592 0.77914 0.78030 0.77851 0.77529 0.77461 0.77679 0.77547 0.77124 0.77056 0.77294 0.77170 0.76738 0.76675 0.76908 0.76785 0.76355 0.76286 0.76528 0.76415 0.75982 0.75894 0.76157 0.76055 0.75611 0.75517 0.75783 0.75692 0.75234 0.75168 0.75399 0.75289 0.74859 0.74817 0.75013 0.74788 0.74507 0.74640 0.74626 0.74284 0.74207 0.74366 0.74243 0.73942 0.73908 0.73906 0.73876 0.73760 0.73602 0.73423 0.73502 0.73591 0.73295 0.73120 0.73165 0.73225 0.72861 0.72866 0.73004 0.72893 0.72587 0.72552 0.72627 0.72634 0.72589 0.72242 0.72125 0.72199 0.72309 0.72225 0.71818 0.71773 0.72004 0.71975 0.71573 0.71503 0.71631 0.71709 0.71534 0.71304 0.71228 0.71434 0.71378 0.71095 0.71040 0.71235 0.71043 0.70839 0.71036 0.71065 0.70730 0.70622 0.70923 0.70873 0.70554 0.70439 0.70694 0.70696 0.70432 0.70284 0.70490 0.70540 0.70350 0.70159 0.70296 0.70414 0.70274 0.70041 0.70139 0.70317 0.70187 0.69930 0.70030 0.70241 0.70113 0.69836 0.69938 0.70185 0.70138 0.69773 0.69823 0.70145 0.70141 0.69734 0.69747 0.70115 0.70100 0.69725 0.69723 0.70094 0.70048 0.69773 0.69877 0.69916 0.69830 0.70082 0.70092 0.69787 0.69826 0.70187 0.70120 0.69913 0.69963 0.70052 0.70102 0.70289 0.70149 0.69996 0.70140 0.70424 0.70364 0.70097 0.70167 0.70553 0.70569 0.70225 0.70276 0.70700 0.70735 0.70383 0.70451 0.70879 0.70885 0.70569 0.70712 0.71029 0.70924 0.70864 0.71127 0.71075 0.70943 0.71220 0.71443 0.71227 0.71150 0.71558 0.71692 0.71407 0.71422 0.71875 0.71886 0.71664 0.71804 0.72015 0.72003 0.72035 0.72231 0.72201 0.72166 0.72414 0.72576 0.72425 0.72402 0.72770 0.72925 0.72688 0.72675 0.73124 0.73150 0.72951 0.73156 0.73502 0.73353 0.73234 0.73600 0.73842 0.73626 0.73591 0.73971 0.74175 0.73990 0.73952 0.74298 0.74531 0.74383 0.74289 0.74645 0.74897 0.74627 0.74630 0.75044 0.75240 0.74976 0.75015 0.75477 0.75603 0.75341 0.75381 0.75879 0.75994 0.75711 0.73273 0.68824 0.63960 0.58841 0.53849 0.49163 0.44324 0.39333 0.34237 0.29311 0.25646 0.22958 0.20189 0.17509 0.14887 0.12214 0.09478 0.06765 0.04076 0.01364 0.00000 0.00000 0.00000 0.00000 0.00000 0.00000 0.00000 0.00000 0.00000 0.00000 0.00000 0.00000 0.00000 0.00000 0.00000 0.00000 0.00000 0.00000 0.00000 0.00000 0.00000 0.00000 0.00000 0.00000 0.00000 0.00000 0.00000 0.00000 0.00000 0.00000 0.00000 0.00000 0.00000 0.00000 0.00000 0.00000 0.00000 0.00000 0.00000 0.00000 0.00000 0.00000 0.00000 0.00000 0.00000
0.00000 0.00000 0.00000 0.00000 0.00000 0.00000 0.00000 0.00000 0.00000 0.00000 0.00000 0.00000 0.00000 0.00000 0.00000 0.00000 0.00000 0.00000 0.00000 0.00000 0.00000 0.00000 0.00000 0.00000 0.00000 0.00000 0.00000 0.00000 0.00000 0.00000 0.00000 0.00000 0.00000 0.00000 0.00000 0.01794 0.05392 0.08967 0.12492 0.16067 0.19665 0.23188 0.26662 0.30239 0.33721 0.37624 0.41988 0.46241 0.50372 0.54665 0.59031 0.63218 0.67285 0.71592 0.75884 0.77785 0.77575 0.77795 0.77700 0.77348 0.77173 0.77371 0.77350 0.76939 0.76790 0.77020 0.76965 0.76528 0.76408 0.76647 0.76581 0.76149 0.76027 0.76264 0.76200 0.75780 0.75657 0.75901 0.75822 0.75395 0.75309 0.75541 0.75436 0.75005 0.74966 0.75168 0.75031 0.74623 0.74601 0.74790 0.74575 0.74283 0.74456 0.74403 0.74126 0.74015 0.74086 0.74009 0.73783 0.73730 0.73591 0.73630 0.73672 0.73435 0.73201 0.73242 0.73370 0.73130 0.72914 0.72921 0.73026 0.72665 0.72618 0.72792 0.72752 0.72428 0.72294 0.72370 0.72462 0.72356 0.72031 0.71940 0.71977 0.72092 0.72051 0.71622 0.71592 0.71821 0.71753 0.71343 0.71358 0.71426 0.71445 0.71376 0.71199 0.71076 0.71159 0.71128 0.70985 0.70958 0.70980 0.70751 0.70717 0.70913 0.70819 0.70587 0.70490 0.70628 0.70636 0.70518 0.70306 0.70356 0.70487 0.70450 0.70132 0.70138 0.70374 0.70369 0.69995 0.69971 0.70249 0.70270 0.69902 0.69849 0.70108 0.70177 0.69871 0.69764 0.69974 0.70094 0.69857 0.69734 0.69898 0.69976 0.69811 0.69784 0.69853 0.69850 0.69798 0.69772 0.69799 0.69795 0.69810 0.69785 0.69776 0.69827 0.69860 0.69757 0.69740 0.69882 0.69879 0.69809 0.69866 0.69939 0.69867 0.69739 0.70060 0.70110 0.69874 0.69791 0.70112 0.70237 0.70018 0.69934 0.70209 0.70317 0.70148 0.70142 0.70324 0.70386 0.70302 0.70331 0.70464 0.70543 0.70492 0.70471 0.70585 0.70797 0.70801 0.70570 0.70616 0.71050 0.71093 0.70804 0.70816 0.71167 0.71288 0.71116 0.71129 0.71389 0.71441 0.71322 0.71564 0.71733 0.71487 0.71492 0.71946 0.72037 0.71683 0.71783 0.72244 0.72280 0.71982 0.72113 0.72506 0.72528 0.72327 0.72488 0.72769 0.72608 0.72686 0.73012 0.73017 0.72801 0.73105 0.73376 0.73213 0.73175 0.73563 0.73685 0.73452 0.73541 0.73970 0.74038 0.73773 0.73875 0.74336 0.74423 0.74133 0.74264 0.74666 0.74654 0.74541 0.74898 0.74942 0.74718 0.75020 0.75348 0.75227 0.75105 0.75410 0.75736 0.75637 0.75487 0.75711 0.74027 0.69802 0.65465 0.61378 0.57527 0.53368 0.49139 0.44863 0.40734 0.36739 0.32903 0.29365 0.25929 0.22564 0.19148 0.15658 0.12157 0.08694 0.05248 0.01750 0.00000 0.00000 0.00000 0.00000 0.00000 0.00000 0.00000 0.00000 0.00000 0.00000 0.00000 0.00000 0.00000 0.00000 0.00000 0.00000 0.00000 0.00000 0.00000 0.00000 0.00000 0.00000 0.00000 0.00000 0.00000 0.00000 0.00000 0.00000 0.00000 0.00000 0.00000 0.00000 0.00000 0.00000 0.00000 0.00000 0.00000 0.00000 0.00000 0.00000 0.00000 0.00000 0.00000 0.00000 0.00000
0.00000 0.00000 0.00000 0.00000 0.00000 0.00000 0.00000 0.00000 0.00000 0.00000 0.00000 0.00000 0.00000 0.00000 0.00000 0.00000 0.00000 0.00000 0.00000 0.00000 0.00000 0.00000 0.00000 0.00000 0.00000 0.00000 0.00000 0.00000 0.00000 0.00000 0.00000 0.00000 0.00000 0.00000 0.00000 0.02190 0.06571 0.10939 0.15265 0.19588 0.23988 0.28323 0.32532 0.36802 0.41259 0.45105 0.48439 0.51976 0.55584 0.58938 0.62247 0.65748 0.69335 0.72667 0.75992 0.77650 0.77535 0.77445 0.77545 0.77413 0.77050 0.76979 0.77197 0.77087 0.76651 0.76585 0.76823 0.76703 0.76265 0.76196 0.76440 0.76329 0.75887 0.75805 0.76067 0.75965 0.75520 0.75426 0.75699 0.75605 0.75149 0.75063 0.75319 0.75237 0.74772 0.74706 0.74931 0.74851 0.74412 0.74334 0.74532 0.74444 0.74130 0.74227 0.74122 0.73915 0.73873 0.73820 0.73745 0.73630 0.73562 0.73339 0.73382 0.73497 0.73263 0.73035 0.73006 0.73127 0.72943 0.72719 0.72723 0.72821 0.72572 0.72401 0.72526 0.72560 0.72351 0.72090 0.72082 0.72262 0.72183 0.71933 0.71710 0.71743 0.71911 0.71865 0.71422 0.71375 0.71631 0.71585 0.71209 0.71134 0.71213 0.71306 0.71276 0.70940 0.70833 0.71062 0.71020 0.70701 0.70716 0.70884 0.70605 0.70457 0.70745 0.70699 0.70343 0.70254 0.70542 0.70514 0.70235 0.70072 0.70306 0.70331 0.70169 0.69973 0.70099 0.70183 0.70095 0.69854 0.69930 0.70086 0.70013 0.69716 0.69797 0.70024 0.69948 0.69635 0.69681 0.69964 0.69933 0.69586 0.69580 0.69933 0.69910 0.69526 0.69508 0.69897 0.69854 0.69493 0.69491 0.69873 0.69812 0.69494 0.69636 0.69860 0.69622 0.69700 0.69894 0.69562 0.69547 0.69928 0.69923 0.69596 0.69625 0.69940 0.69812 0.69910 0.69901 0.69719 0.69828 0.70119 0.70070 0.69809 0.69889 0.70247 0.70265 0.69929 0.69974 0.70387 0.70430 0.70073 0.70129 0.70551 0.70582 0.70243 0.70354 0.70746 0.70665 0.70465 0.70735 0.70804 0.70652 0.70853 0.71095 0.70866 0.70811 0.71206 0.71348 0.71038 0.71060 0.71535 0.71569 0.71250 0.71389 0.71757 0.71711 0.71587 0.71792 0.71923 0.71892 0.71987 0.72143 0.72110 0.72151 0.72383 0.72481 0.72345 0.72396 0.72750 0.72742 0.72609 0.72796 0.73129 0.72979 0.72878 0.73210 0.73478 0.73272 0.73219 0.73569 0.73792 0.73638 0.73604 0.73892 0.74128 0.74071 0.73967 0.74163 0.74499 0.74560 0.74285 0.74481 0.74873 0.74781 0.74627 0.74994 0.75204 0.75048 0.75070 0.75456 0.75586 0.75384 0.75413 0.75863 0.74283 0.70692 0.67222 0.64195 0.60916 0.57465 0.53873 0.50549 0.47403 0.43992 0.40016 0.35815 0.31783 0.27613 0.23318 0.19050 0.14855 0.10672 0.06397 0.02127 0.00000 0.00000 0.00000 0.00000 0.00000 0.00000 0.00000 0.00000 0.00000 0.00000 0.00000 0.00000 0.00000 0.00000 0.00000 0.00000 0.00000 0.00000 0.00000 0.00000 0.00000 0.00000 0.00000 0.00000 0.00000 0.00000 0.00000 0.00000 0.00000 0.00000 0.00000 0.00000 0.00000 0.00000 0.00000 0.00000 0.00000 0.00000 0.00000 0.00000 0.00000 0.00000 0.00000 0.00000 0.00000
0.00000 0.00000 0.00000 0.00000 0.00000 0.00000 0.00000 0.00000 0.00000 0.00000 0.00000 0.00000 0.00000 0.00000 0.00000 0.00000 0.00000 0.00000 0.00000 0.00000 0.00000 0.00000 0.00000 0.00000 0.00000 0.00000 0.00000 0.00000 0.00000 0.00000 0.00000 0.00000 0.00000 0.00000 0.00000 0.02587 0.07728 0.12884 0.18069 0.23164 0.28190 0.33359 0.38512 0.43508 0.48531 0.52476 0.55114 0.57762 0.60499 0.63150 0.65734 0.68403 0.71065 0.73670 0.76254 0.77642 0.77504 0.77241 0.77091 0.77250 0.77260 0.76920 0.76708 0.76882 0.76884 0.76474 0.76321 0.76551 0.76498 0.76064 0.75939 0.76179 0.76117 0.75686 0.75565 0.75812 0.75741 0.75308 0.75206 0.75458 0.75368 0.74923 0.74857 0.75089 0.74991 0.74540 0.74496 0.74710 0.74626 0.74190 0.74147 0.74314 0.74238 0.73947 0.73930 0.73888 0.73744 0.73699 0.73518 0.73505 0.73558 0.73390 0.73111 0.73134 0.73275 0.73114 0.72827 0.72752 0.72922 0.72839 0.72492 0.72570 0.72648 0.72395 0.72172 0.72301 0.72370 0.72162 0.71872 0.71889 0.72065 0.71945 0.71788 0.71544 0.71575 0.71686 0.71621 0.71280 0.71231 0.71412 0.71329 0.71220 0.71032 0.70949 0.71019 0.71112 0.70865 0.70669 0.70775 0.70772 0.70626 0.70652 0.70603 0.70357 0.70388 0.70529 0.70412 0.70281 0.70215 0.70213 0.70233 0.70256 0.69971 0.69957 0.70184 0.70187 0.69777 0.69783 0.70072 0.70082 0.69659 0.69655 0.69914 0.69977 0.69653 0.69561 0.69729 0.69877 0.69704 0.69518 0.69611 0.69746 0.69678 0.69565 0.69590 0.69586 0.69599 0.69605 0.69579 0.69481 0.69563 0.69666 0.69582 0.69432 0.69525 0.69746 0.69702 0.69504 0.69511 0.69706 0.69657 0.69529 0.69622 0.69740 0.69728 0.69713 0.69570 0.69594 0.69846 0.69934 0.69718 0.69670 0.69930 0.70038 0.69828 0.69830 0.70060 0.70112 0.69966 0.70015 0.70192 0.70239 0.70135 0.70162 0.70333 0.70460 0.70381 0.70267 0.70392 0.70741 0.70731 0.70445 0.70462 0.70871 0.70949 0.70758 0.70765 0.71051 0.71111 0.70991 0.71123 0.71360 0.71240 0.71160 0.71522 0.71683 0.71364 0.71398 0.71877 0.71958 0.71605 0.71706 0.72169 0.72245 0.71941 0.72023 0.72431 0.72544 0.72307 0.72492 0.72692 0.72495 0.72702 0.72980 0.72902 0.72809 0.73162 0.73319 0.73097 0.73148 0.73597 0.73680 0.73392 0.73484 0.73985 0.74070 0.73736 0.73843 0.74347 0.74448 0.74100 0.74363 0.74677 0.74502 0.74554 0.74921 0.74862 0.74751 0.75129 0.75360 0.75146 0.75115 0.75487 0.75755 0.75601 0.74193 0.71750 0.69476 0.66778 0.64011 0.61369 0.58998 0.56475 0.53739 0.50984 0.47302 0.42531 0.37506 0.32474 0.27511 0.22513 0.17594 0.12597 0.07537 0.02512 0.00000 0.00000 0.00000 0.00000 0.00000 0.00000 0.00000 0.00000 0.00000 0.00000 0.00000 0.00000 0.00000 0.00000 0.00000 0.00000 0.00000 0.00000 0.00000 0.00000 0.00000 0.00000 0.00000 0.00000 0.00000 0.00000 0.00000 0.00000 0.00000 0.00000 0.00000 0.00000 0.00000 0.00000 0.00000 0.00000 0.00000 0.00000 0.00000 0.00000 0.00000 0.00000 0.00000 0.00000 0.00000
0.00000 0.00000 0.00000 0.00000 0.00000 0.00000 0.00000 0.00000 0.00000 0.00000 0.00000 0.00000 0.00000 0.00000 0.00000 0.00000 0.00000 0.00000 0.00000 0.00000 0.00000 0.00000 0.00000 0.00000 0.00000 0.00000 0.00000 0.00000 0.00000 0.00000 0.00000 0.00000 0.00000 0.00000 0.00000 0.02979 0.08908 0.14838 0.20800 0.26700 0.32499 0.38359 0.44373 0.50243 0.55843 0.59691 0.61816 0.63682 0.65309 0.67191 0.69290 0.71135 0.72757 0.74571 0.76659 0.77505 0.77255 0.77158 0.77128 0.76912 0.77070 0.77010 0.76635 0.76501 0.76720 0.76627 0.76191 0.76113 0.76360 0.76249 0.75800 0.75724 0.75980 0.75881 0.75427 0.75343 0.75614 0.75520 0.75064 0.74974 0.75241 0.75161 0.74694 0.74614 0.74857 0.74791 0.74326 0.74244 0.74459 0.74424 0.74041 0.73974 0.74022 0.73964 0.73832 0.73685 0.73612 0.73563 0.73539 0.73260 0.73253 0.73392 0.73220 0.72942 0.72890 0.73034 0.72945 0.72627 0.72514 0.72716 0.72705 0.72280 0.72327 0.72456 0.72262 0.71970 0.72012 0.72159 0.72019 0.71704 0.71636 0.71795 0.71783 0.71654 0.71326 0.71313 0.71524 0.71464 0.71077 0.71002 0.71262 0.71181 0.71008 0.70800 0.70827 0.70899 0.70888 0.70600 0.70482 0.70690 0.70657 0.70348 0.70434 0.70518 0.70193 0.70131 0.70382 0.70329 0.70036 0.69965 0.70142 0.70143 0.69992 0.69848 0.69911 0.69928 0.69925 0.69770 0.69732 0.69810 0.69834 0.69560 0.69593 0.69790 0.69757 0.69431 0.69467 0.69723 0.69722 0.69409 0.69352 0.69674 0.69689 0.69340 0.69304 0.69667 0.69610 0.69275 0.69325 0.69652 0.69538 0.69255 0.69439 0.69646 0.69411 0.69312 0.69625 0.69517 0.69334 0.69622 0.69642 0.69332 0.69452 0.69731 0.69572 0.69452 0.69761 0.69516 0.69483 0.69813 0.69851 0.69520 0.69591 0.69945 0.69974 0.69650 0.69694 0.70072 0.70128 0.69789 0.69829 0.70224 0.70275 0.69946 0.70030 0.70414 0.70387 0.70112 0.70360 0.70585 0.70386 0.70422 0.70743 0.70562 0.70487 0.70848 0.71009 0.70687 0.70715 0.71164 0.71241 0.70897 0.71010 0.71442 0.71409 0.71169 0.71380 0.71640 0.71591 0.71554 0.71723 0.71807 0.71872 0.71978 0.72017 0.72014 0.72237 0.72368 0.72271 0.72273 0.72652 0.72744 0.72515 0.72539 0.72906 0.73119 0.72875 0.72838 0.73186 0.73425 0.73283 0.73235 0.73482 0.73736 0.73721 0.73638 0.73767 0.74071 0.74210 0.74015 0.74045 0.74454 0.74622 0.74332 0.74471 0.74841 0.74826 0.74786 0.74973 0.75126 0.75099 0.75177 0.75427 0.75550 0.75461 0.74490 0.72966 0.71250 0.69286 0.67238 0.65606 0.63978 0.62102 0.60029 0.58195 0.54658 0.49002 0.43183 0.37384 0.31687 0.26074 0.20309 0.14449 0.08682 0.02911 0.00000 0.00000 0.00000 0.00000 0.00000 0.00000 0.00000 0.00000 0.00000 0.00000 0.00000 0.00000 0.00000 0.00000 0.00000 0.00000 0.00000 0.00000 0.00000 0.00000 0.00000 0.00000 0.00000 0.00000 0.00000 0.00000 0.00000 0.00000 0.00000 0.00000 0.00000 0.00000 0.00000 0.00000 0.00000 0.00000 0.00000 0.00000 0.00000 0.00000 0.00000 0.00000 0.00000 0.00000 0.00000
0.00000 0.00000 0.00000 0.00000 0.00000 0.00000 0.00000 0.00000 0.00000 0.00000 0.00000 0.00000 0.00000 0.00000 0.00000 0.00000 0.00000 0.00000 0.00000 0.00000 0.00000 0.00000 0.00000 0.00000 0.00000 0.00000 0.00000 0.00000 0.00000 0.00000 0.00000 0.00000 0.00000 0.00000 0.00000 0.03368 0.10117 0.16806 0.23442 0.30176 0.36924 0.43469 0.49992 0.56743 0.63447 0.67109 0.68163 0.69349 0.70470 0.71449 0.72490 0.73636 0.74762 0.75754 0.76715 0.77319 0.77196 0.77084 0.77045 0.77056 0.76634 0.76687 0.76810 0.76523 0.76244 0.76405 0.76425 0.76026 0.75858 0.76090 0.76041 0.75607 0.75482 0.75728 0.75666 0.75220 0.75116 0.75377 0.75297 0.74842 0.74760 0.75017 0.74929 0.74464 0.74403 0.74640 0.74559 0.74101 0.74034 0.74247 0.74199 0.73848 0.73721 0.73802 0.73780 0.73646 0.73401 0.73389 0.73462 0.73342 0.73016 0.73029 0.73193 0.73036 0.72743 0.72655 0.72819 0.72772 0.72400 0.72309 0.72538 0.72459 0.72061 0.72125 0.72264 0.72046 0.71759 0.71813 0.71964 0.71790 0.71518 0.71477 0.71592 0.71531 0.71429 0.71200 0.71172 0.71264 0.71195 0.70996 0.70906 0.70955 0.70884 0.70924 0.70756 0.70561 0.70579 0.70764 0.70575 0.70328 0.70368 0.70401 0.70346 0.70352 0.70173 0.70038 0.70187 0.70080 0.69947 0.70068 0.70061 0.69793 0.69858 0.70015 0.69747 0.69604 0.69881 0.69902 0.69520 0.69468 0.69753 0.69786 0.69385 0.69363 0.69515 0.69680 0.69515 0.69301 0.69364 0.69544 0.69508 0.69347 0.69328 0.69340 0.69414 0.69457 0.69353 0.69199 0.69332 0.69516 0.69364 0.69165 0.69287 0.69538 0.69429 0.69202 0.69203 0.69515 0.69496 0.69219 0.69328 0.69579 0.69417 0.69284 0.69481 0.69586 0.69486 0.69546 0.69514 0.69484 0.69618 0.69726 0.69534 0.69550 0.69794 0.69844 0.69631 0.69696 0.69948 0.69965 0.69774 0.69845 0.70098 0.70152 0.69966 0.69967 0.70220 0.70419 0.70279 0.70114 0.70189 0.70583 0.70601 0.70399 0.70411 0.70735 0.70775 0.70651 0.70744 0.71007 0.70953 0.70838 0.71090 0.71331 0.71094 0.71044 0.71478 0.71616 0.71255 0.71330 0.71817 0.71906 0.71555 0.71637 0.72096 0.72226 0.71919 0.71997 0.72367 0.72455 0.72296 0.72492 0.72616 0.72542 0.72729 0.72902 0.72792 0.72790 0.73199 0.73308 0.73028 0.73088 0.73614 0.73696 0.73363 0.73453 0.73991 0.74071 0.73728 0.73886 0.74357 0.74333 0.74136 0.74419 0.74673 0.74493 0.74778 0.74924 0.74690 0.74781 0.75234 0.75358 0.75104 0.75145 0.75550 0.75184 0.73914 0.72728 0.71684 0.70964 0.69895 0.68621 0.67447 0.66640 0.65715 0.61767 0.55223 0.48906 0.42463 0.35954 0.29489 0.22933 0.16358 0.09856 0.03296 0.00000 0.00000 0.00000 0.00000 0.00000 0.00000 0.00000 0.00000 0.00000 0.00000 0.00000 0.00000 0.00000 0.00000 0.00000 0.00000 0.00000 0.00000 0.00000 0.00000 0.00000 0.00000 0.00000 0.00000 0.00000 0.00000 0.00000 0.00000 0.00000 0.00000 0.00000 0.00000 0.00000 0.00000 0.00000 0.00000 0.00000 0.00000 0.00000 0.00000 0.00000 0.00000 0.00000 0.00000 0.00000
0.00000 0.00000 0.00000 0.00000 0.00000 0.00000 0.00000 0.00000 0.00000 0.00000 0.00000 0.00000 0.00000 0.00000 0.00000 0.00000 0.00000 0.00000 0.00000 0.00000 0.00000 0.00000 0.00000 0.00000 0.00000 0.00000 0.00000 0.00000 0.00000 0.00000 0.00000 0.00000 0.00000 0.00000 0.00000 0.03757 0.11285 0.18763 0.26166 0.33630 0.41185 0.48586 0.55792 0.63172 0.70787 0.74661 0.74599 0.74900 0.75488 0.75830 0.75779 0.76040 0.76643 0.76973 0.76942 0.76968 0.77270 0.77024 0.76791 0.76919 0.76783 0.76432 0.76534 0.76568 0.76208 0.76036 0.76267 0.76179 0.75744 0.75649 0.75907 0.75806 0.75344 0.75269 0.75533 0.75440 0.74980 0.74899 0.75163 0.75081 0.74620 0.74535 0.74786 0.74721 0.74250 0.74168 0.74398 0.74351 0.73936 0.73805 0.73959 0.73968 0.73751 0.73505 0.73512 0.73561 0.73495 0.73153 0.73137 0.73298 0.73163 0.72830 0.72787 0.72966 0.72861 0.72543 0.72418 0.72614 0.72590 0.72185 0.72119 0.72348 0.72235 0.71860 0.71882 0.72055 0.71890 0.71573 0.71565 0.71728 0.71633 0.71397 0.71250 0.71308 0.71375 0.71300 0.70981 0.70918 0.71125 0.71058 0.70773 0.70678 0.70826 0.70753 0.70643 0.70520 0.70465 0.70490 0.70550 0.70307 0.70153 0.70309 0.70317 0.70082 0.70093 0.70119 0.69926 0.69955 0.69971 0.69881 0.69829 0.69913 0.69737 0.69649 0.69763 0.69817 0.69542 0.69487 0.69664 0.69602 0.69399 0.69432 0.69567 0.69333 0.69276 0.69485 0.69510 0.69227 0.69149 0.69433 0.69482 0.69156 0.69107 0.69430 0.69365 0.69066 0.69191 0.69431 0.69234 0.69028 0.69287 0.69420 0.69138 0.69035 0.69380 0.69385 0.69091 0.69193 0.69387 0.69113 0.69188 0.69466 0.69280 0.69152 0.69471 0.69494 0.69209 0.69496 0.69637 0.69252 0.69288 0.69667 0.69711 0.69372 0.69415 0.69759 0.69828 0.69538 0.69548 0.69887 0.69967 0.69704 0.69726 0.70057 0.70094 0.69863 0.70005 0.70283 0.70130 0.70016 0.70386 0.70312 0.70179 0.70494 0.70671 0.70338 0.70385 0.70815 0.70907 0.70556 0.70660 0.71090 0.71102 0.70799 0.70997 0.71349 0.71280 0.71124 0.71332 0.71507 0.71552 0.71564 0.71612 0.71696 0.71913 0.71973 0.71870 0.71945 0.72351 0.72347 0.72092 0.72222 0.72664 0.72731 0.72434 0.72482 0.72902 0.73078 0.72887 0.72839 0.73070 0.73370 0.73382 0.73274 0.73359 0.73669 0.73835 0.73709 0.73669 0.73992 0.74270 0.74141 0.74017 0.74377 0.74600 0.74626 0.74468 0.74612 0.74870 0.74984 0.74942 0.75025 0.75177 0.75290 0.75372 0.75345 0.74996 0.74499 0.74406 0.74303 0.73926 0.73391 0.73187 0.73123 0.72828 0.68930 0.61691 0.54569 0.47464 0.40234 0.32828 0.25535 0.18343 0.11028 0.03667 0.00000 0.00000 0.00000 0.00000 0.00000 0.00000 0.00000 0.00000 0.00000 0.00000 0.00000 0.00000 0.00000 0.00000 0.00000 0.00000 0.00000 0.00000 0.00000 0.00000 0.00000 0.00000 0.00000 0.00000 0.00000 0.00000 0.00000 0.00000 0.00000 0.00000 0.00000 0.00000 0.00000 0.00000 0.00000 0.00000 0.00000 0.00000 0.00000 0.00000 0.00000 0.00000 0.00000 0.00000 0.00000
0.00000 0.00000 0.00000 0.00000 0.00000 0.00000 0.00000 0.00000 0.00000 0.00000 0.00000 0.00000 0.00000 0.00000 0.00000 0.00000 0.00000 0.00000 0.00000 0.00000 0.00000 0.00000 0.00000 0.00000 0.00000 0.00199 0.00600 0.00998 0.01392 0.01788 0.02191 0.02581 0.02967 0.03365 0.03766 0.07701 0.15156 0.22669 0.30179 0.37527 0.44849 0.52382 0.59882 0.67054 0.74272 0.78082 0.78134 0.77803 0.77613 0.77671 0.77705 0.77411 0.77194 0.77286 0.77309 0.76994 0.76776 0.77005 0.76828 0.76541 0.76689 0.76640 0.76200 0.76186 0.76367 0.76087 0.75789 0.75967 0.75977 0.75571 0.75407 0.75650 0.75598 0.75145 0.75037 0.75302 0.75230 0.74761 0.74676 0.74949 0.74866 0.74392 0.74319 0.74575 0.74497 0.74023 0.73956 0.74189 0.74127 0.73725 0.73585 0.73756 0.73769 0.73551 0.73258 0.73303 0.73418 0.73277 0.72919 0.72932 0.73124 0.72952 0.72645 0.72569 0.72736 0.72667 0.72321 0.72199 0.72432 0.72378 0.71966 0.71933 0.72158 0.72001 0.71652 0.71703 0.71862 0.71658 0.71377 0.71411 0.71539 0.71376 0.71212 0.71139 0.71142 0.71103 0.71042 0.70894 0.70814 0.70841 0.70761 0.70703 0.70635 0.70528 0.70428 0.70578 0.70506 0.70201 0.70166 0.70428 0.70308 0.70026 0.69971 0.70110 0.70124 0.69885 0.69765 0.69996 0.69999 0.69630 0.69584 0.69857 0.69819 0.69439 0.69544 0.69732 0.69539 0.69292 0.69483 0.69604 0.69370 0.69174 0.69300 0.69492 0.69424 0.69091 0.69128 0.69370 0.69325 0.69105 0.69091 0.69158 0.69228 0.69257 0.69119 0.68972 0.69118 0.69322 0.69146 0.68940 0.69061 0.69296 0.69168 0.68969 0.69025 0.69264 0.69238 0.68985 0.69035 0.69314 0.69145 0.68983 0.69252 0.69333 0.69130 0.69188 0.69462 0.69299 0.69217 0.69397 0.69335 0.69302 0.69492 0.69563 0.69324 0.69391 0.69697 0.69701 0.69431 0.69526 0.69867 0.69865 0.69589 0.69663 0.70033 0.70096 0.69808 0.69802 0.70163 0.70304 0.70137 0.70037 0.70175 0.70438 0.70397 0.70304 0.70430 0.70678 0.70621 0.70511 0.70689 0.70988 0.70852 0.70710 0.71037 0.71275 0.70957 0.70973 0.71441 0.71557 0.71183 0.71270 0.71758 0.71858 0.71529 0.71604 0.72042 0.72153 0.71890 0.71999 0.72331 0.72356 0.72276 0.72424 0.72554 0.72569 0.72751 0.72884 0.72698 0.72704 0.73223 0.73309 0.72995 0.73092 0.73623 0.73684 0.73363 0.73499 0.73973 0.74016 0.73783 0.73946 0.74328 0.74279 0.74306 0.74435 0.74472 0.74535 0.74870 0.74908 0.74695 0.74843 0.75294 0.75336 0.75136 0.75210 0.75431 0.75724 0.75765 0.75632 0.75624 0.76078 0.76280 0.76073 0.76049 0.72613 0.65122 0.57370 0.49776 0.42252 0.34547 0.26909 0.19296 0.11583 0.03851 0.00000 0.00000 0.00000 0.00000 0.00000 0.00000 0.00000 0.00000 0.00000 0.00000 0.00000 0.00000 0.00000 0.00000 0.00000 0.00000 0.00000 0.00000 0.00000 0.00000 0.00000 0.00000 0.00000 0.00000 0.00000 0.00000 0.00000 0.00000 0.00000 0.00000 0.00000 0.00000 0.00000 0.00000 0.00000 0.00000 0.00000 0.00000 0.00000 0.00000 0.00000 0.00000 0.00000 0.00000 0.00000
0.00000 0.00000 0.00000 0.00000 0.00000 0.00000 0.00000 0.00000 0.00000 0.00000 0.00000 0.00000 0.00000 0.00000 0.00000 0.00000 0.00000 0.00000 0.00000 0.00000 0.00000 0.00000 0.00000 0.00000 0.00000 0.00599 0.01794 0.02986 0.04171 0.05360 0.06555 0.07733 0.08888 0.10076 0.11278 0.15192 0.21813 0.28502 0.35251 0.41835 0.48307 0.54942 0.61725 0.68267 0.74536 0.77777 0.77975 0.77912 0.77454 0.77354 0.77569 0.77512 0.77057 0.76941 0.77196 0.77087 0.76660 0.76598 0.76847 0.76468 0.76317 0.76512 0.76336 0.75970 0.76061 0.76128 0.75749 0.75583 0.75842 0.75746 0.75291 0.75201 0.75467 0.75372 0.74903 0.74833 0.75092 0.75004 0.74552 0.74469 0.74716 0.74646 0.74185 0.74100 0.74340 0.74285 0.73834 0.73729 0.73926 0.73916 0.73626 0.73372 0.73452 0.73550 0.73420 0.73039 0.73048 0.73231 0.73095 0.72725 0.72698 0.72913 0.72770 0.72450 0.72337 0.72530 0.72481 0.72101 0.71986 0.72244 0.72169 0.71761 0.71738 0.71952 0.71799 0.71459 0.71479 0.71638 0.71489 0.71234 0.71190 0.71270 0.71217 0.71106 0.70919 0.70865 0.70965 0.70924 0.70661 0.70568 0.70721 0.70633 0.70449 0.70416 0.70430 0.70312 0.70323 0.70263 0.70089 0.70083 0.70247 0.70045 0.69831 0.69899 0.70067 0.69880 0.69709 0.69671 0.69767 0.69788 0.69567 0.69448 0.69606 0.69699 0.69370 0.69272 0.69497 0.69555 0.69213 0.69149 0.69390 0.69420 0.69090 0.69153 0.69309 0.69129 0.68965 0.69207 0.69277 0.68968 0.68890 0.69206 0.69164 0.68865 0.68999 0.69210 0.68976 0.68809 0.69109 0.69196 0.68876 0.68795 0.69165 0.69190 0.68837 0.68829 0.69184 0.69094 0.68869 0.69164 0.69076 0.68899 0.69168 0.69263 0.68944 0.69060 0.69357 0.69133 0.69004 0.69396 0.69448 0.69074 0.69133 0.69472 0.69536 0.69284 0.69277 0.69540 0.69658 0.69494 0.69438 0.69674 0.69793 0.69673 0.69669 0.69876 0.69876 0.69839 0.70015 0.70102 0.69906 0.70199 0.70329 0.70007 0.70070 0.70506 0.70569 0.70206 0.70330 0.70734 0.70781 0.70475 0.70642 0.71008 0.70969 0.70729 0.70963 0.71205 0.71224 0.71155 0.71234 0.71381 0.71568 0.71572 0.71490 0.71629 0.71955 0.71942 0.71759 0.71925 0.72327 0.72309 0.72053 0.72191 0.72653 0.72706 0.72419 0.72443 0.72704 0.73019 0.73045 0.72883 0.72937 0.73307 0.73496 0.73347 0.73287 0.73579 0.73900 0.73815 0.73643 0.73903 0.74280 0.74301 0.74026 0.74218 0.74626 0.74730 0.74452 0.74532 0.74945 0.75095 0.74893 0.74984 0.75281 0.75397 0.75309 0.75535 0.75663 0.75568 0.75693 0.76001 0.76075 0.76013 0.76077 0.72483 0.65008 0.57418 0.49715 0.42083 0.34582 0.26974 0.19233 0.11526 0.03859 0.00000 0.00000 0.00000 0.00000 0.00000 0.00000 0.00000 0.00000 0.00000 0.00000 0.00000 0.00000 0.00000 0.00000 0.00000 0.00000 0.00000 0.00000 0.00000 0.00000 0.00000 0.00000 0.00000 0.00000 0.00000 0.00000 0.00000 0.00000 0.00000 0.00000 0.00000 0.00000 0.00000 0.00000 0.00000 0.00000 0.00000 0.00000 0.00000 0.00000 0.00000 0.00000 0.00000 0.00000 0.00000
0.00000 0.00000 0.00000 0.00000 0.00000 0.00000 0.00000 0.00000 0.00000 0.00000 0.00000 0.00000 0.00000 0.00000 0.00000 0.00000 0.00000 0.00000 0.00000 0.00000 0.00000 0.00000 0.00000 0.00000 0.00000 0.00997 0.02978 0.04959 0.06966 0.08930 0.10869 0.12852 0.14853 0.16766 0.18682 0.22662 0.28572 0.34342 0.40116 0.46083 0.51973 0.57619 0.63284 0.69254 0.75155 0.77744 0.77512 0.77627 0.77686 0.77345 0.77116 0.77236 0.77276 0.76932 0.76703 0.76896 0.76860 0.76494 0.76340 0.76597 0.76231 0.76049 0.76315 0.76170 0.75740 0.75756 0.75930 0.75588 0.75349 0.75574 0.75542 0.75097 0.74971 0.75240 0.75168 0.74689 0.74603 0.74889 0.74802 0.74325 0.74243 0.74517 0.74436 0.73957 0.73884 0.74135 0.74065 0.73608 0.73522 0.73729 0.73701 0.73416 0.73161 0.73254 0.73365 0.73198 0.72833 0.72853 0.73045 0.72873 0.72546 0.72494 0.72677 0.72567 0.72234 0.72117 0.72340 0.72284 0.71881 0.71786 0.72055 0.71945 0.71551 0.71579 0.71759 0.71556 0.71265 0.71343 0.71447 0.71229 0.71049 0.71094 0.71089 0.70935 0.70882 0.70846 0.70738 0.70679 0.70648 0.70588 0.70499 0.70431 0.70324 0.70391 0.70382 0.70130 0.70016 0.70270 0.70219 0.69846 0.69800 0.70089 0.70016 0.69680 0.69605 0.69910 0.69845 0.69473 0.69409 0.69727 0.69671 0.69287 0.69279 0.69568 0.69472 0.69123 0.69200 0.69429 0.69297 0.68995 0.69072 0.69309 0.69280 0.68897 0.68905 0.69198 0.69164 0.68868 0.68882 0.69016 0.69039 0.69002 0.68894 0.68777 0.68922 0.69100 0.68923 0.68718 0.68846 0.69059 0.68930 0.68745 0.68835 0.69016 0.68925 0.68789 0.68934 0.69019 0.68840 0.68780 0.69082 0.69024 0.68840 0.68941 0.69176 0.69024 0.68881 0.69115 0.69243 0.69043 0.69112 0.69288 0.69086 0.69098 0.69410 0.69442 0.69125 0.69212 0.69605 0.69593 0.69274 0.69355 0.69784 0.69785 0.69457 0.69501 0.69971 0.70013 0.69679 0.69690 0.70192 0.70163 0.69919 0.69952 0.70264 0.70370 0.70204 0.70174 0.70374 0.70656 0.70571 0.70387 0.70576 0.70942 0.70786 0.70632 0.71021 0.71216 0.70829 0.70916 0.71410 0.71497 0.71153 0.71239 0.71714 0.71788 0.71494 0.71598 0.72025 0.72079 0.71842 0.71966 0.72331 0.72389 0.72250 0.72339 0.72456 0.72601 0.72800 0.72857 0.72633 0.72790 0.73254 0.73266 0.72995 0.73175 0.73600 0.73638 0.73410 0.73553 0.73917 0.73996 0.73883 0.73963 0.74221 0.74322 0.74406 0.74409 0.74427 0.74627 0.74874 0.74864 0.74788 0.74948 0.75223 0.75296 0.75327 0.75305 0.75337 0.75702 0.75934 0.75704 0.75701 0.76099 0.76300 0.72305 0.64735 0.57382 0.49764 0.42072 0.34531 0.26928 0.19189 0.11526 0.03862 0.00000 0.00000 0.00000 0.00000 0.00000 0.00000 0.00000 0.00000 0.00000 0.00000 0.00000 0.00000 0.00000 0.00000 0.00000 0.00000 0.00000 0.00000 0.00000 0.00000 0.00000 0.00000 0.00000 0.00000 0.00000 0.00000 0.00000 0.00000 0.00000 0.00000 0.00000 0.00000 0.00000 0.00000 0.00000 0.00000 0.00000 0.00000 0.00000 0.00000 0.00000 0.00000 0.00000 0.00000 0.00000
0.00000 0.00000 0.00000 0.00000 0.00000 0.00000 0.00000 0.00000 0.00000 0.00000 0.00000 0.00000 0.00000 0.00000 0.00000 0.00000 0.00000 0.00000 0.00000 0.00000 0.00000 0.00000 0.00000 0.00000 0.00000 0.01393 0.04170 0.06937 0.09715 0.12486 0.15199 0.17955 0.20759 0.23459 0.26112 0.30058 0.35233 0.40209 0.45134 0.50235 0.55427 0.60342 0.65143 0.70181 0.75401 0.77784 0.77395 0.77330 0.77528 0.77419 0.76996 0.76906 0.77138 0.77024 0.76594 0.76489 0.76777 0.76608 0.76209 0.76208 0.76382 0.76031 0.75826 0.76091 0.75870 0.75543 0.75699 0.75709 0.75267 0.75143 0.75420 0.75320 0.74847 0.74769 0.75033 0.74938 0.74500 0.74409 0.74647 0.74570 0.74138 0.74041 0.74280 0.74216 0.73756 0.73667 0.73895 0.73856 0.73474 0.73303 0.73425 0.73499 0.73317 0.72959 0.72987 0.73164 0.73025 0.72643 0.72622 0.72842 0.72688 0.72353 0.72269 0.72473 0.72385 0.72013 0.71896 0.72154 0.72090 0.71671 0.71607 0.71855 0.71723 0.71354 0.71387 0.71539 0.71366 0.71109 0.71138 0.71195 0.71061 0.70951 0.70885 0.70809 0.70792 0.70785 0.70615 0.70468 0.70562 0.70538 0.70341 0.70266 0.70323 0.70198 0.70146 0.70157 0.70023 0.69909 0.70052 0.69968 0.69713 0.69716 0.69920 0.69759 0.69483 0.69517 0.69707 0.69612 0.69382 0.69282 0.69454 0.69499 0.69243 0.69092 0.69311 0.69376 0.69057 0.68952 0.69208 0.69249 0.68909 0.68858 0.69126 0.69054 0.68787 0.68968 0.69076 0.68791 0.68680 0.69008 0.69009 0.68671 0.68743 0.68999 0.68790 0.68600 0.68883 0.68980 0.68648 0.68570 0.68939 0.68970 0.68598 0.68577 0.68969 0.68974 0.68601 0.68739 0.68984 0.68772 0.68785 0.68979 0.68714 0.68772 0.69083 0.68993 0.68747 0.69026 0.69177 0.68848 0.68866 0.69240 0.69251 0.68969 0.69019 0.69220 0.69350 0.69266 0.69173 0.69301 0.69484 0.69472 0.69361 0.69472 0.69608 0.69639 0.69645 0.69703 0.69669 0.69838 0.69976 0.69854 0.69780 0.70159 0.70229 0.69937 0.70018 0.70418 0.70446 0.70147 0.70313 0.70610 0.70652 0.70486 0.70614 0.70888 0.70902 0.70801 0.70872 0.71034 0.71233 0.71197 0.71115 0.71313 0.71595 0.71539 0.71399 0.71629 0.71954 0.71874 0.71715 0.71957 0.72296 0.72249 0.72094 0.72171 0.72562 0.72649 0.72724 0.72490 0.72547 0.72959 0.73164 0.72965 0.72912 0.73217 0.73547 0.73448 0.73282 0.73489 0.73921 0.73921 0.73660 0.73833 0.74301 0.74378 0.74045 0.74143 0.74673 0.74768 0.74441 0.74542 0.75026 0.75152 0.74857 0.75003 0.75380 0.75382 0.75279 0.75561 0.75746 0.75702 0.75703 0.75948 0.76126 0.72360 0.64718 0.57176 0.49718 0.42177 0.34473 0.26781 0.19200 0.11566 0.03855 0.00000 0.00000 0.00000 0.00000 0.00000 0.00000 0.00000 0.00000 0.00000 0.00000 0.00000 0.00000 0.00000 0.00000 0.00000 0.00000 0.00000 0.00000 0.00000 0.00000 0.00000 0.00000 0.00000 0.00000 0.00000 0.00000 0.00000 0.00000 0.00000 0.00000 0.00000 0.00000 0.00000 0.00000 0.00000 0.00000 0.00000 0.00000 0.00000 0.00000 0.00000 0.00000 0.00000 0.00000 0.00000
0.00000 0.00000 0.00000 0.00000 0.00000 0.00000 0.00000 0.00000 0.00000 0.00000 0.00000 0.00000 0.00000 0.00000 0.00000 0.00000 0.00000 0.00000 0.00000 0.00000 0.00000 0.00000 0.00000 0.00000 0.00000 0.01782 0.05368 0.08929 0.12437 0.15981 0.19590 0.23065 0.26522 0.30142 0.33664 0.37435 0.41658 0.46082 0.50344 0.54436 0.58576 0.62990 0.67272 0.71277 0.75314 0.77588 0.77624 0.77293 0.77045 0.77192 0.77221 0.76882 0.76636 0.76822 0.76821 0.76465 0.76242 0.76484 0.76389 0.76035 0.76164 0.76125 0.75767 0.75588 0.75918 0.75621 0.75317 0.75512 0.75504 0.75063 0.74923 0.75198 0.75116 0.74636 0.74541 0.74837 0.74743 0.74273 0.74176 0.74462 0.74377 0.73903 0.73817 0.74086 0.74007 0.73527 0.73459 0.73693 0.73633 0.73253 0.73110 0.73238 0.73281 0.73102 0.72777 0.72795 0.72957 0.72801 0.72466 0.72430 0.72616 0.72481 0.72140 0.72057 0.72274 0.72196 0.71794 0.71690 0.71961 0.71880 0.71458 0.71455 0.71656 0.71478 0.71158 0.71269 0.71348 0.71104 0.70935 0.71046 0.71008 0.70785 0.70749 0.70813 0.70659 0.70509 0.70544 0.70541 0.70366 0.70276 0.70257 0.70283 0.70208 0.70023 0.69912 0.70112 0.70087 0.69736 0.69656 0.69967 0.69886 0.69510 0.69459 0.69756 0.69689 0.69306 0.69254 0.69592 0.69519 0.69140 0.69074 0.69402 0.69316 0.68972 0.68991 0.69264 0.69140 0.68817 0.68888 0.69133 0.69042 0.68714 0.68708 0.69018 0.68991 0.68661 0.68693 0.68877 0.68845 0.68733 0.68699 0.68633 0.68735 0.68874 0.68699 0.68496 0.68652 0.68853 0.68699 0.68510 0.68627 0.68794 0.68675 0.68564 0.68709 0.68754 0.68598 0.68664 0.68912 0.68697 0.68552 0.68875 0.68947 0.68669 0.68611 0.68907 0.69046 0.68752 0.68723 0.69038 0.68991 0.68810 0.69043 0.69191 0.68851 0.68906 0.69303 0.69338 0.68992 0.69043 0.69480 0.69498 0.69163 0.69201 0.69670 0.69704 0.69348 0.69374 0.69879 0.69893 0.69559 0.69604 0.70089 0.70081 0.69775 0.69835 0.70233 0.70337 0.70152 0.70061 0.70173 0.70615 0.70614 0.70304 0.70491 0.70885 0.70668 0.70577 0.71035 0.71147 0.70812 0.70897 0.71376 0.71417 0.71120 0.71249 0.71700 0.71724 0.71447 0.71588 0.72036 0.72076 0.71800 0.71910 0.72361 0.72486 0.72280 0.72277 0.72283 0.72634 0.72880 0.72786 0.72636 0.72898 0.73264 0.73215 0.73027 0.73226 0.73529 0.73639 0.73499 0.73560 0.73854 0.74047 0.73965 0.73938 0.74177 0.74417 0.74407 0.74360 0.74522 0.74751 0.74793 0.74809 0.74966 0.75069 0.75065 0.75262 0.75524 0.75404 0.75379 0.75706 0.75947 0.75770 0.75799 0.72347 0.64832 0.57103 0.49602 0.42137 0.34432 0.26767 0.19215 0.11557 0.03839 0.00000 0.00000 0.00000 0.00000 0.00000 0.00000 0.00000 0.00000 0.00000 0.00000 0.00000 0.00000 0.00000 0.00000 0.00000 0.00000 0.00000 0.00000 0.00000 0.00000 0.00000 0.00000 0.00000 0.00000 0.00000 0.00000 0.00000 0.00000 0.00000 0.00000 0.00000 0.00000 0.00000 0.00000 0.00000 0.00000 0.00000 0.00000 0.00000 0.00000 0.00000 0.00000 0.00000 0.00000 0.00000
0.00000 0.00000 0.00000 0.00000 0.00000 0.00000 0.00000 0.00000 0.00000 0.00000 0.00000 0.00000 0.00000 0.00000 0.00000 0.00000 0.00000 0.00000 0.00000 0.00000 0.00000 0.00000 0.00000 0.00000 0.00000 0.02176 0.06530 0.10898 0.15214 0.19498 0.23858 0.28180 0.32377 0.36712 0.41117 0.44854 0.48223 0.51811 0.55408 0.58674 0.61983 0.65536 0.69140 0.72403 0.75603 0.77344 0.77493 0.77300 0.76948 0.76900 0.77094 0.76927 0.76546 0.76436 0.76714 0.76602 0.76154 0.76035 0.76338 0.76201 0.75764 0.75931 0.75930 0.75581 0.75396 0.75690 0.75367 0.75113 0.75399 0.75290 0.74821 0.74713 0.74988 0.74890 0.74468 0.74346 0.74576 0.74503 0.74124 0.73982 0.74209 0.74149 0.73716 0.73608 0.73855 0.73798 0.73339 0.73243 0.73430 0.73435 0.73182 0.72902 0.72948 0.73084 0.72955 0.72576 0.72559 0.72763 0.72621 0.72263 0.72208 0.72427 0.72303 0.71923 0.71837 0.72088 0.72011 0.71582 0.71499 0.71770 0.71668 0.71256 0.71289 0.71444 0.71275 0.70996 0.71078 0.71104 0.70928 0.70844 0.70850 0.70729 0.70630 0.70669 0.70594 0.70376 0.70384 0.70456 0.70300 0.70100 0.70168 0.70158 0.70044 0.69973 0.69915 0.69816 0.69893 0.69837 0.69621 0.69583 0.69768 0.69614 0.69356 0.69417 0.69568 0.69407 0.69198 0.69211 0.69302 0.69268 0.69172 0.68943 0.69084 0.69197 0.68984 0.68771 0.68986 0.69072 0.68767 0.68653 0.68946 0.68921 0.68607 0.68727 0.68893 0.68613 0.68494 0.68837 0.68847 0.68478 0.68480 0.68805 0.68669 0.68403 0.68616 0.68772 0.68469 0.68359 0.68701 0.68755 0.68383 0.68350 0.68741 0.68752 0.68367 0.68428 0.68780 0.68674 0.68438 0.68649 0.68727 0.68570 0.68748 0.68747 0.68540 0.68685 0.68892 0.68716 0.68625 0.68942 0.68967 0.68662 0.68778 0.68968 0.69044 0.69002 0.68936 0.68957 0.69165 0.69240 0.69095 0.69112 0.69312 0.69400 0.69312 0.69336 0.69425 0.69545 0.69616 0.69592 0.69521 0.69744 0.69889 0.69791 0.69723 0.69999 0.70103 0.70006 0.70005 0.70172 0.70318 0.70311 0.70291 0.70405 0.70574 0.70717 0.70532 0.70571 0.70907 0.70932 0.70748 0.70952 0.71262 0.71167 0.71028 0.71321 0.71606 0.71457 0.71355 0.71691 0.71938 0.71769 0.71726 0.72079 0.72229 0.72152 0.72210 0.72270 0.72325 0.72565 0.72770 0.72608 0.72565 0.72898 0.73179 0.73061 0.72922 0.73113 0.73564 0.73550 0.73304 0.73435 0.73931 0.73990 0.73711 0.73808 0.74308 0.74389 0.74099 0.74187 0.74701 0.74760 0.74471 0.74621 0.75091 0.75101 0.74864 0.75108 0.75459 0.75407 0.75291 0.75564 0.75817 0.75827 0.75749 0.72113 0.64733 0.57232 0.49564 0.41918 0.34405 0.26869 0.19193 0.11484 0.03836 0.00000 0.00000 0.00000 0.00000 0.00000 0.00000 0.00000 0.00000 0.00000 0.00000 0.00000 0.00000 0.00000 0.00000 0.00000 0.00000 0.00000 0.00000 0.00000 0.00000 0.00000 0.00000 0.00000 0.00000 0.00000 0.00000 0.00000 0.00000 0.00000 0.00000 0.00000 0.00000 0.00000 0.00000 0.00000 0.00000 0.00000 0.00000 0.00000 0.00000 0.00000 0.00000 0.00000 0.00000 0.00000
0.00000 0.00000 0.00000 0.00000 0.00000 0.00000 0.00000 0.00000 0.00000 0.00000 0.00000 0.00000 0.00000 0.00000 0.00000 0.00000 0.00000 0.00000 0.00000 0.00000 0.00000 0.00000 0.00000 0.00000 0.00000 0.02579 0.07696 0.12802 0.17988 0.23085 0.28074 0.33237 0.38354 0.43275 0.48305 0.52379 0.54972 0.57485 0.60163 0.62997 0.65616 0.68107 0.70678 0.73494 0.76177 0.77246 0.77024 0.77156 0.77153 0.76842 0.76589 0.76768 0.76750 0.76437 0.76209 0.76397 0.76347 0.76037 0.75922 0.76027 0.75817 0.75644 0.75858 0.75612 0.75308 0.75470 0.75488 0.75053 0.74901 0.75189 0.75077 0.74602 0.74497 0.74793 0.74693 0.74246 0.74115 0.74401 0.74323 0.73878 0.73757 0.74037 0.73954 0.73478 0.73401 0.73656 0.73578 0.73104 0.73060 0.73235 0.73203 0.72985 0.72734 0.72753 0.72862 0.72738 0.72403 0.72373 0.72547 0.72410 0.72057 0.72008 0.72225 0.72116 0.71708 0.71628 0.71890 0.71821 0.71375 0.71337 0.71563 0.71433 0.71054 0.71174 0.71255 0.71017 0.70843 0.70976 0.70910 0.70672 0.70658 0.70757 0.70569 0.70370 0.70454 0.70502 0.70249 0.70116 0.70213 0.70227 0.70017 0.69881 0.69884 0.70005 0.69914 0.69623 0.69556 0.69838 0.69753 0.69379 0.69340 0.69643 0.69537 0.69168 0.69157 0.69453 0.69353 0.69008 0.68946 0.69233 0.69179 0.68904 0.68822 0.69084 0.68923 0.68693 0.68793 0.68965 0.68792 0.68521 0.68648 0.68836 0.68733 0.68494 0.68554 0.68710 0.68629 0.68501 0.68548 0.68517 0.68534 0.68626 0.68497 0.68308 0.68472 0.68666 0.68469 0.68270 0.68440 0.68606 0.68442 0.68317 0.68487 0.68551 0.68375 0.68409 0.68640 0.68486 0.68302 0.68623 0.68734 0.68358 0.68350 0.68751 0.68795 0.68443 0.68430 0.68812 0.68863 0.68528 0.68603 0.68947 0.68778 0.68617 0.68955 0.69089 0.68739 0.68743 0.69156 0.69237 0.68895 0.68898 0.69350 0.69408 0.69048 0.69074 0.69562 0.69609 0.69238 0.69278 0.69776 0.69800 0.69465 0.69506 0.69997 0.70031 0.69768 0.69731 0.70065 0.70292 0.70299 0.69980 0.70096 0.70560 0.70603 0.70248 0.70535 0.70820 0.70589 0.70568 0.71008 0.71042 0.70776 0.70937 0.71361 0.71336 0.71084 0.71269 0.71693 0.71697 0.71431 0.71567 0.72030 0.72107 0.71870 0.71862 0.72144 0.72441 0.72526 0.72290 0.72288 0.72639 0.72931 0.72773 0.72666 0.72931 0.73183 0.73236 0.73125 0.73220 0.73452 0.73702 0.73591 0.73541 0.73831 0.74128 0.73990 0.73918 0.74246 0.74513 0.74333 0.74333 0.74683 0.74861 0.74685 0.74783 0.75149 0.75176 0.75040 0.75258 0.75575 0.75493 0.75455 0.75744 0.75938 0.72026 0.64542 0.57192 0.49554 0.41876 0.34407 0.26850 0.19125 0.11472 0.03848 0.00000 0.00000 0.00000 0.00000 0.00000 0.00000 0.00000 0.00000 0.00000 0.00000 0.00000 0.00000 0.00000 0.00000 0.00000 0.00000 0.00000 0.00000 0.00000 0.00000 0.00000 0.00000 0.00000 0.00000 0.00000 0.00000 0.00000 0.00000 0.00000 0.00000 0.00000 0.00000 0.00000 0.00000 0.00000 0.00000 0.00000 0.00000 0.00000 0.00000 0.00000 0.00000 0.00000 0.00000 0.00000
0.00000 0.00000 0.00000 0.00000 0.00000 0.00000 0.00000 0.00000 0.00000 0.00000 0.00000 0.00000 0.00000 0.00000 0.00000 0.00000 0.00000 0.00000 0.00000 0.00000 0.00000 0.00000 0.00000 0.00000 0.00000 0.02972 0.08899 0.14751 0.20648 0.26611 0.32461 0.38209 0.44190 0.49895 0.55664 0.59688 0.61639 0.63234 0.65055 0.67167 0.69126 0.70697 0.72462 0.74524 0.76500 0.77151 0.76905 0.76964 0.77061 0.76790 0.76507 0.76469 0.76665 0.76490 0.76117 0.75995 0.76281 0.76177 0.75745 0.75698 0.75878 0.75659 0.75386 0.75610 0.75422 0.75112 0.75265 0.75276 0.74861 0.74681 0.74942 0.74861 0.74458 0.74288 0.74504 0.74451 0.74140 0.73918 0.74112 0.74088 0.73727 0.73549 0.73797 0.73749 0.73278 0.73190 0.73427 0.73383 0.72971 0.72849 0.72921 0.73016 0.72892 0.72520 0.72507 0.72687 0.72566 0.72189 0.72150 0.72374 0.72236 0.71847 0.71789 0.72040 0.71939 0.71501 0.71422 0.71706 0.71627 0.71177 0.71180 0.71358 0.71224 0.70915 0.70995 0.71008 0.70840 0.70781 0.70782 0.70628 0.70510 0.70591 0.70555 0.70284 0.70232 0.70378 0.70275 0.69971 0.70001 0.70137 0.69996 0.69753 0.69771 0.69824 0.69791 0.69642 0.69511 0.69527 0.69636 0.69449 0.69252 0.69354 0.69446 0.69201 0.69060 0.69209 0.69172 0.68992 0.69085 0.69016 0.68855 0.68911 0.68989 0.68716 0.68712 0.68888 0.68764 0.68544 0.68678 0.68771 0.68455 0.68530 0.68726 0.68467 0.68314 0.68697 0.68673 0.68286 0.68260 0.68633 0.68561 0.68212 0.68329 0.68575 0.68353 0.68163 0.68440 0.68546 0.68208 0.68142 0.68505 0.68535 0.68155 0.68185 0.68552 0.68491 0.68168 0.68335 0.68585 0.68405 0.68321 0.68467 0.68438 0.68443 0.68566 0.68503 0.68412 0.68612 0.68680 0.68510 0.68544 0.68771 0.68747 0.68778 0.68713 0.68610 0.68844 0.69006 0.68870 0.68775 0.68991 0.69151 0.69035 0.68994 0.69146 0.69269 0.69278 0.69271 0.69267 0.69397 0.69555 0.69558 0.69440 0.69573 0.69767 0.69850 0.69711 0.69755 0.69967 0.70200 0.69999 0.69964 0.70223 0.70415 0.70237 0.70225 0.70561 0.70741 0.70410 0.70525 0.70929 0.70875 0.70668 0.70971 0.71269 0.71083 0.70993 0.71381 0.71605 0.71349 0.71345 0.71794 0.71919 0.71657 0.71759 0.72206 0.72125 0.72068 0.72302 0.72331 0.72260 0.72567 0.72783 0.72666 0.72571 0.72818 0.73198 0.73171 0.72941 0.73031 0.73575 0.73627 0.73363 0.73426 0.73915 0.74025 0.73802 0.73842 0.74281 0.74344 0.74188 0.74319 0.74705 0.74693 0.74533 0.74765 0.75134 0.75063 0.74905 0.75190 0.75527 0.75486 0.75331 0.75557 0.75867 0.72158 0.64472 0.56918 0.49484 0.42030 0.34396 0.26683 0.19091 0.11524 0.03845 0.00000 0.00000 0.00000 0.00000 0.00000 0.00000 0.00000 0.00000 0.00000 0.00000 0.00000 0.00000 0.00000 0.00000 0.00000 0.00000 0.00000 0.00000 0.00000 0.00000 0.00000 0.00000 0.00000 0.00000 0.00000 0.00000 0.00000 0.00000 0.00000 0.00000 0.00000 0.00000 0.00000 0.00000 0.00000 0.00000 0.00000 0.00000 0.00000 0.00000 0.00000 0.00000 0.00000 0.00000 0.00000
0.00000 0.00000 0.00000 0.00000 0.00000 0.00000 0.00000 0.00000 0.00000 0.00000 0.00000 0.00000 0.00000 0.00000 0.00000 0.00000 0.00000 0.00000 0.00000 0.00000 0.00000 0.00000 0.00000 0.00000 0.00000 0.03346 0.10064 0.16780 0.23396 0.30018 0.36724 0.43310 0.49937 0.56695 0.63093 0.66780 0.68059 0.69270 0.70142 0.71131 0.72339 0.73503 0.74484 0.75451 0.76533 0.77134 0.77045 0.76805 0.76660 0.76729 0.76657 0.76411 0.76168 0.76334 0.76270 0.76032 0.75912 0.75939 0.75818 0.75669 0.75690 0.75524 0.75274 0.75366 0.75470 0.75051 0.74885 0.75150 0.75048 0.74596 0.74473 0.74750 0.74654 0.74233 0.74066 0.74330 0.74276 0.73897 0.73699 0.73957 0.73907 0.73463 0.73356 0.73627 0.73527 0.73052 0.73015 0.73225 0.73144 0.72802 0.72690 0.72714 0.72784 0.72687 0.72353 0.72325 0.72477 0.72351 0.71995 0.71963 0.72179 0.72043 0.71645 0.71585 0.71843 0.71760 0.71304 0.71244 0.71501 0.71409 0.70985 0.71054 0.71163 0.70977 0.70788 0.70878 0.70812 0.70599 0.70615 0.70669 0.70466 0.70270 0.70391 0.70438 0.70143 0.69988 0.70167 0.70176 0.69856 0.69740 0.69901 0.69934 0.69686 0.69499 0.69561 0.69734 0.69587 0.69265 0.69278 0.69533 0.69387 0.69052 0.69109 0.69327 0.69162 0.68871 0.68955 0.69082 0.68974 0.68860 0.68848 0.68842 0.68696 0.68699 0.68843 0.68742 0.68497 0.68468 0.68681 0.68623 0.68406 0.68383 0.68632 0.68505 0.68343 0.68340 0.68464 0.68373 0.68306 0.68382 0.68338 0.68176 0.68284 0.68459 0.68255 0.68057 0.68269 0.68440 0.68210 0.68065 0.68294 0.68380 0.68157 0.68138 0.68400 0.68327 0.68094 0.68277 0.68503 0.68223 0.68108 0.68506 0.68561 0.68154 0.68176 0.68594 0.68633 0.68254 0.68290 0.68702 0.68725 0.68349 0.68457 0.68836 0.68651 0.68468 0.68800 0.68980 0.68663 0.68612 0.69028 0.69137 0.68773 0.68781 0.69255 0.69318 0.68931 0.68977 0.69465 0.69512 0.69160 0.69194 0.69664 0.69730 0.69440 0.69409 0.69826 0.69971 0.69865 0.69660 0.69832 0.70234 0.70257 0.69923 0.70090 0.70510 0.70452 0.70224 0.70562 0.70693 0.70496 0.70639 0.71006 0.70922 0.70736 0.70983 0.71345 0.71287 0.71079 0.71275 0.71649 0.71701 0.71504 0.71543 0.71895 0.72117 0.72083 0.71840 0.71990 0.72366 0.72573 0.72339 0.72320 0.72621 0.72944 0.72823 0.72724 0.72912 0.73024 0.73314 0.73269 0.73196 0.73406 0.73783 0.73662 0.73542 0.73869 0.74188 0.73930 0.73941 0.74387 0.74580 0.74257 0.74348 0.74832 0.74942 0.74660 0.74796 0.75232 0.75269 0.75091 0.75283 0.75593 0.75569 0.75570 0.72043 0.64532 0.56861 0.49452 0.41995 0.34296 0.26660 0.19147 0.11511 0.03825 0.00000 0.00000 0.00000 0.00000 0.00000 0.00000 0.00000 0.00000 0.00000 0.00000 0.00000 0.00000 0.00000 0.00000 0.00000 0.00000 0.00000 0.00000 0.00000 0.00000 0.00000 0.00000 0.00000 0.00000 0.00000 0.00000 0.00000 0.00000 0.00000 0.00000 0.00000 0.00000 0.00000 0.00000 0.00000 0.00000 0.00000 0.00000 0.00000 0.00000 0.00000 0.00000 0.00000 0.00000 0.00000
0.00000 0.00000 0.00000 0.00000 0.00000 0.00000 0.00000 0.00000 0.00000 0.00000 0.00000 0.00000 0.00000 0.00000 0.00000 0.00000 0.00000 0.00000 0.00000 0.00000 0.00000 0.00000 0.00000 0.00000 0.00000 0.03737 0.11198 0.18720 0.26199 0.33507 0.40897 0.48359 0.55778 0.63239 0.70523 0.74072 0.74390 0.75029 0.75322 0.75231 0.75514 0.76172 0.76487 0.76416 0.76670 0.77079 0.77038 0.76639 0.76471 0.76624 0.76630 0.76233 0.76087 0.76128 0.76230 0.76125 0.75726 0.75668 0.75821 0.75670 0.75387 0.75415 0.75382 0.75107 0.75099 0.75256 0.74905 0.74665 0.74847 0.74842 0.74476 0.74253 0.74430 0.74420 0.74166 0.73868 0.74002 0.74022 0.73786 0.73490 0.73687 0.73715 0.73293 0.73159 0.73409 0.73343 0.72847 0.72810 0.72989 0.72963 0.72835 0.72472 0.72457 0.72622 0.72526 0.72130 0.72101 0.72319 0.72179 0.71787 0.71743 0.71999 0.71873 0.71446 0.71373 0.71663 0.71578 0.71124 0.71077 0.71311 0.71205 0.70885 0.70888 0.70900 0.70804 0.70765 0.70681 0.70525 0.70445 0.70547 0.70475 0.70190 0.70131 0.70312 0.70229 0.69877 0.69862 0.70087 0.69960 0.69608 0.69622 0.69841 0.69730 0.69418 0.69381 0.69553 0.69539 0.69258 0.69141 0.69324 0.69341 0.69030 0.68933 0.69177 0.69092 0.68807 0.68896 0.69039 0.68723 0.68633 0.68932 0.68897 0.68508 0.68567 0.68776 0.68599 0.68379 0.68527 0.68541 0.68432 0.68510 0.68373 0.68194 0.68518 0.68509 0.68125 0.68085 0.68467 0.68420 0.68025 0.68078 0.68396 0.68265 0.67976 0.68156 0.68346 0.68093 0.67954 0.68246 0.68322 0.67983 0.67978 0.68315 0.68289 0.67955 0.68078 0.68372 0.68229 0.67992 0.68194 0.68373 0.68245 0.68178 0.68239 0.68250 0.68365 0.68385 0.68273 0.68309 0.68502 0.68473 0.68440 0.68475 0.68406 0.68547 0.68780 0.68650 0.68456 0.68670 0.68912 0.68804 0.68663 0.68838 0.69014 0.68986 0.68943 0.68994 0.69103 0.69238 0.69257 0.69155 0.69235 0.69455 0.69561 0.69417 0.69405 0.69618 0.69895 0.69730 0.69589 0.69844 0.70114 0.69995 0.69894 0.70165 0.70417 0.70166 0.70129 0.70567 0.70653 0.70319 0.70553 0.70911 0.70780 0.70652 0.71026 0.71259 0.70986 0.70984 0.71456 0.71604 0.71265 0.71349 0.71866 0.71899 0.71637 0.71804 0.72103 0.72000 0.72173 0.72381 0.72308 0.72218 0.72637 0.72822 0.72712 0.72582 0.72706 0.73228 0.73266 0.72989 0.73038 0.73567 0.73681 0.73462 0.73446 0.73872 0.73993 0.73915 0.74019 0.74257 0.74234 0.74282 0.74496 0.74718 0.74644 0.74608 0.74877 0.75177 0.75109 0.74964 0.75217 0.75588 0.75601 0.75392 0.71774 0.64471 0.57053 0.49442 0.41749 0.34219 0.26776 0.19148 0.11444 0.03818 0.00000 0.00000 0.00000 0.00000 0.00000 0.00000 0.00000 0.00000 0.00000 0.00000 0.00000 0.00000 0.00000 0.00000 0.00000 0.00000 0.00000 0.00000 0.00000 0.00000 0.00000 0.00000 0.00000 0.00000 0.00000 0.00000 0.00000 0.00000 0.00000 0.00000 0.00000 0.00000 0.00000 0.00000 0.00000 0.00000 0.00000 0.00000 0.00000 0.00000 0.00000 0.00000 0.00000 0.00000 0.00000
0.00000 0.00000 0.00000 0.00000 0.00000 0.00000 0.00000 0.00000 0.00000 0.00000 0.00000 0.00000 0.00000 0.00000 0.00000 0.00000 0.00000 0.00000 0.00000 0.00000 0.00000 0.00000 0.00000 0.00000 0.00000 0.03944 0.11810 0.19600 0.27433 0.35309 0.43138 0.50879 0.58490 0.66193 0.74227 0.78045 0.77590 0.77448 0.77706 0.77610 0.77216 0.77112 0.77258 0.77139 0.76879 0.76759 0.76795 0.76706 0.76510 0.76382 0.76389 0.76291 0.76077 0.76017 0.76107 0.75871 0.75729 0.75680 0.75612 0.75447 0.75280 0.75354 0.75352 0.75013 0.74854 0.75057 0.75026 0.74590 0.74457 0.74695 0.74625 0.74231 0.74038 0.74260 0.74242 0.73929 0.73642 0.73850 0.73846 0.73513 0.73329 0.73553 0.73470 0.73038 0.72998 0.73223 0.73095 0.72651 0.72658 0.72802 0.72724 0.72652 0.72312 0.72287 0.72411 0.72301 0.71946 0.71927 0.72128 0.71975 0.71597 0.71549 0.71805 0.71692 0.71255 0.71183 0.71464 0.71381 0.70959 0.70933 0.71116 0.70973 0.70787 0.70766 0.70715 0.70570 0.70607 0.70562 0.70356 0.70214 0.70353 0.70356 0.70039 0.69898 0.70119 0.70112 0.69738 0.69628 0.69888 0.69867 0.69489 0.69386 0.69617 0.69646 0.69351 0.69160 0.69305 0.69430 0.69209 0.68947 0.69085 0.69215 0.68972 0.68735 0.68940 0.69007 0.68747 0.68697 0.68807 0.68658 0.68547 0.68681 0.68750 0.68473 0.68323 0.68534 0.68640 0.68327 0.68206 0.68502 0.68518 0.68223 0.68103 0.68288 0.68407 0.68174 0.68063 0.68199 0.68228 0.68050 0.68066 0.68230 0.68086 0.67902 0.68088 0.68256 0.67994 0.67836 0.68117 0.68228 0.67940 0.67870 0.68189 0.68180 0.67890 0.67961 0.68277 0.68131 0.67888 0.68140 0.68334 0.67992 0.67945 0.68353 0.68388 0.67988 0.68048 0.68456 0.68461 0.68092 0.68156 0.68579 0.68548 0.68207 0.68397 0.68715 0.68476 0.68348 0.68694 0.68868 0.68535 0.68502 0.68947 0.69037 0.68644 0.68686 0.69170 0.69223 0.68850 0.68895 0.69359 0.69431 0.69122 0.69099 0.69532 0.69654 0.69458 0.69355 0.69621 0.69899 0.69887 0.69631 0.69731 0.70185 0.70207 0.69891 0.70082 0.70460 0.70309 0.70275 0.70604 0.70497 0.70419 0.70718 0.71004 0.70853 0.70725 0.70996 0.71296 0.71279 0.71142 0.71278 0.71539 0.71706 0.71661 0.71527 0.71716 0.72067 0.72199 0.71925 0.71971 0.72282 0.72609 0.72437 0.72380 0.72589 0.72718 0.72912 0.72986 0.72885 0.72925 0.73410 0.73404 0.73194 0.73386 0.73833 0.73719 0.73585 0.74003 0.74224 0.73870 0.73989 0.74505 0.74629 0.74283 0.74389 0.74922 0.75011 0.74705 0.74829 0.75270 0.75364 0.75193 0.75312 0.75593 0.72017 0.64923 0.57909 0.50666 0.43429 0.36397 0.29208 0.21911 0.14696 0.07479 0.03645 0.03254 0.02878 0.02506 0.02123 0.01732 0.01350 0.00969 0.00582 0.00194 0.00000 0.00000 0.00000 0.00000 0.00000 0.00000 0.00000 0.00000 0.00000 0.00000 0.00000 0.00000 0.00000 0.00000 0.00000 0.00000 0.00000 0.00000 0.00000 0.00000 0.00000 0.00000 0.00000 0.00000 0.00000 0.00000 0.00000 0.00000 0.00000 0.00000 0.00000 0.00000 0.00000 0.00000 0.00000
0.00000 0.00000 0.00000 0.00000 0.00000 0.00000 0.00000 0.00000 0.00000 0.00000 0.00000 0.00000 0.00000 0.00000 0.00000 0.00000 0.00000 0.00000 0.00000 0.00000 0.00000 0.00000 0.00000 0.00000 0.00000 0.03934 0.11810 0.19602 0.27359 0.35228 0.43099 0.50812 0.58468 0.66117 0.73883 0.77915 0.77760 0.77360 0.77245 0.77535 0.77436 0.76948 0.76824 0.77149 0.77026 0.76548 0.76435 0.76731 0.76609 0.76150 0.76057 0.76342 0.76193 0.75867 0.75704 0.75782 0.75769 0.75615 0.75386 0.75264 0.75327 0.75127 0.75070 0.75189 0.74894 0.74647 0.74747 0.74833 0.74495 0.74233 0.74353 0.74406 0.74186 0.73848 0.73911 0.73971 0.73849 0.73458 0.73546 0.73662 0.73382 0.73175 0.73313 0.73303 0.72859 0.72805 0.73017 0.72919 0.72537 0.72439 0.72495 0.72568 0.72504 0.72082 0.72073 0.72266 0.72126 0.71737 0.71710 0.71953 0.71808 0.71404 0.71333 0.71624 0.71522 0.71077 0.71000 0.71277 0.71185 0.70847 0.70782 0.70845 0.70789 0.70729 0.70573 0.70451 0.70424 0.70494 0.70364 0.70107 0.70081 0.70252 0.70156 0.69791 0.69770 0.70020 0.69910 0.69523 0.69498 0.69782 0.69678 0.69285 0.69254 0.69554 0.69468 0.69089 0.69023 0.69309 0.69254 0.68886 0.68812 0.69111 0.69024 0.68666 0.68675 0.68940 0.68705 0.68479 0.68756 0.68774 0.68370 0.68327 0.68664 0.68604 0.68219 0.68244 0.68520 0.68391 0.68153 0.68191 0.68239 0.68286 0.68288 0.68023 0.67972 0.68278 0.68252 0.67866 0.67887 0.68228 0.68147 0.67788 0.67892 0.68167 0.68015 0.67769 0.67956 0.68119 0.67877 0.67788 0.68051 0.68083 0.67791 0.67860 0.68129 0.68035 0.67782 0.67951 0.68199 0.68049 0.67823 0.67984 0.68171 0.68160 0.68057 0.68000 0.68089 0.68299 0.68220 0.68082 0.68214 0.68334 0.68294 0.68456 0.68396 0.68172 0.68386 0.68663 0.68569 0.68349 0.68534 0.68786 0.68729 0.68607 0.68706 0.68849 0.68943 0.68936 0.68864 0.68944 0.69174 0.69246 0.69102 0.69103 0.69297 0.69548 0.69461 0.69278 0.69461 0.69813 0.69770 0.69558 0.69738 0.70029 0.70015 0.69852 0.70109 0.70384 0.70161 0.70114 0.70497 0.70554 0.70371 0.70611 0.70883 0.70696 0.70644 0.71089 0.71253 0.70909 0.70985 0.71505 0.71609 0.71261 0.71353 0.71813 0.71869 0.71748 0.71969 0.72006 0.71857 0.72303 0.72458 0.72270 0.72224 0.72719 0.72873 0.72768 0.72622 0.72792 0.73248 0.73301 0.73074 0.73138 0.73533 0.73729 0.73579 0.73707 0.73843 0.73769 0.74016 0.74246 0.74267 0.74189 0.74365 0.74622 0.74750 0.74689 0.74699 0.74918 0.75220 0.75224 0.75053 0.75217 0.75637 0.72502 0.66016 0.59512 0.53192 0.47033 0.40602 0.33995 0.27573 0.21248 0.14758 0.10886 0.09758 0.08654 0.07514 0.06339 0.05203 0.04059 0.02899 0.01738 0.00582 0.00000 0.00000 0.00000 0.00000 0.00000 0.00000 0.00000 0.00000 0.00000 0.00000 0.00000 0.00000 0.00000 0.00000 0.00000 0.00000 0.00000 0.00000 0.00000 0.00000 0.00000 0.00000 0.00000 0.00000 0.00000 0.00000 0.00000 0.00000 0.00000 0.00000 0.00000 0.00000 0.00000 0.00000 0.00000
0.00000 0.00000 0.00000 0.00000 0.00000 0.00000 0.00000 0.00000 0.00000 0.00000 0.00000 0.00000 0.00000 0.00000 0.00000 0.00000 0.00000 0.00000 0.00000 0.00000 0.00000 0.00000 0.00000 0.00000 0.00000 0.03916 0.11741 0.19612 0.27457 0.35158 0.42839 0.50649 0.58584 0.66267 0.73641 0.77414 0.77730 0.77625 0.77128 0.77036 0.77331 0.77170 0.76755 0.76696 0.76910 0.76707 0.76392 0.76346 0.76487 0.76266 0.75987 0.75997 0.76129 0.75825 0.75595 0.75677 0.75671 0.75382 0.75293 0.75365 0.75155 0.74957 0.74845 0.75019 0.74986 0.74562 0.74451 0.74639 0.74608 0.74226 0.74024 0.74202 0.74222 0.73946 0.73633 0.73756 0.73797 0.73591 0.73256 0.73423 0.73386 0.73098 0.73048 0.73184 0.73037 0.72646 0.72659 0.72853 0.72675 0.72465 0.72283 0.72334 0.72352 0.72250 0.71904 0.71913 0.72075 0.71907 0.71554 0.71530 0.71763 0.71620 0.71218 0.71138 0.71432 0.71336 0.70908 0.70840 0.71078 0.70965 0.70746 0.70661 0.70649 0.70556 0.70565 0.70460 0.70292 0.70193 0.70275 0.70260 0.69951 0.69845 0.70074 0.70046 0.69641 0.69548 0.69842 0.69798 0.69371 0.69296 0.69602 0.69559 0.69155 0.69070 0.69345 0.69331 0.69005 0.68854 0.69079 0.69113 0.68804 0.68640 0.68892 0.68916 0.68574 0.68468 0.68730 0.68635 0.68389 0.68518 0.68571 0.68311 0.68223 0.68450 0.68461 0.68136 0.68047 0.68380 0.68369 0.67988 0.67933 0.68267 0.68266 0.67943 0.67845 0.68082 0.68137 0.67886 0.67830 0.68029 0.67973 0.67773 0.67871 0.68039 0.67829 0.67674 0.67925 0.68054 0.67740 0.67631 0.67990 0.68039 0.67690 0.67677 0.68063 0.68014 0.67679 0.67777 0.68114 0.67963 0.67728 0.67998 0.68149 0.67768 0.67835 0.68205 0.68189 0.67845 0.67975 0.68326 0.68278 0.67953 0.68112 0.68456 0.68251 0.68086 0.68389 0.68600 0.68314 0.68238 0.68629 0.68764 0.68393 0.68406 0.68882 0.68941 0.68547 0.68608 0.69075 0.69129 0.68804 0.68810 0.69255 0.69344 0.69094 0.69058 0.69407 0.69554 0.69478 0.69374 0.69421 0.69819 0.69898 0.69651 0.69666 0.70143 0.70158 0.69971 0.70128 0.70235 0.70177 0.70500 0.70637 0.70373 0.70385 0.70716 0.70990 0.70863 0.70754 0.71000 0.71205 0.71272 0.71271 0.71329 0.71406 0.71683 0.71805 0.71649 0.71639 0.71899 0.72252 0.72105 0.72021 0.72230 0.72537 0.72536 0.72606 0.72577 0.72571 0.73010 0.73160 0.72878 0.72926 0.73482 0.73559 0.73225 0.73439 0.73861 0.73699 0.73651 0.74085 0.74261 0.73959 0.74048 0.74575 0.74680 0.74339 0.74446 0.74968 0.75086 0.74799 0.74866 0.75280 0.75508 0.75338 0.72592 0.67082 0.61443 0.55948 0.50325 0.44594 0.38978 0.33407 0.27668 0.21920 0.18183 0.16318 0.14390 0.12454 0.10579 0.08683 0.06755 0.04817 0.02900 0.00969 0.00000 0.00000 0.00000 0.00000 0.00000 0.00000 0.00000 0.00000 0.00000 0.00000 0.00000 0.00000 0.00000 0.00000 0.00000 0.00000 0.00000 0.00000 0.00000 0.00000 0.00000 0.00000 0.00000 0.00000 0.00000 0.00000 0.00000 0.00000 0.00000 0.00000 0.00000 0.00000 0.00000 0.00000 0.00000
0.00000 0.00000 0.00000 0.00000 0.00000 0.00000 0.00000 0.00000 0.00000 0.00000 0.00000 0.00000 0.00000 0.00000 0.00000 0.00000 0.00000 0.00000 0.00000 0.00000 0.00000 0.00000 0.00000 0.00000 0.00000 0.03921 0.11716 0.19546 0.27423 0.35161 0.42806 0.50557 0.58392 0.66145 0.73758 0.77379 0.77287 0.77443 0.77381 0.76978 0.76810 0.77085 0.77016 0.76554 0.76401 0.76730 0.76601 0.76144 0.76028 0.76338 0.76172 0.75754 0.75682 0.75885 0.75731 0.75465 0.75380 0.75262 0.75273 0.75239 0.75080 0.74873 0.74840 0.74632 0.74713 0.74841 0.74483 0.74224 0.74292 0.74400 0.74192 0.73840 0.73848 0.73952 0.73886 0.73532 0.73443 0.73454 0.73475 0.73301 0.73153 0.73216 0.72958 0.72857 0.72966 0.72875 0.72480 0.72431 0.72650 0.72523 0.72372 0.72042 0.72111 0.72220 0.72066 0.71692 0.71709 0.71906 0.71735 0.71361 0.71308 0.71581 0.71463 0.71037 0.70943 0.71250 0.71149 0.70769 0.70696 0.70842 0.70763 0.70634 0.70493 0.70419 0.70398 0.70402 0.70266 0.70068 0.70053 0.70137 0.70069 0.69713 0.69715 0.69960 0.69850 0.69458 0.69410 0.69697 0.69619 0.69213 0.69149 0.69461 0.69401 0.68977 0.68916 0.69249 0.69178 0.68764 0.68701 0.69029 0.68954 0.68550 0.68520 0.68828 0.68706 0.68352 0.68484 0.68649 0.68317 0.68181 0.68521 0.68486 0.68077 0.68034 0.68382 0.68325 0.67964 0.67960 0.68201 0.68134 0.67994 0.67913 0.67917 0.68059 0.68048 0.67750 0.67743 0.68047 0.67995 0.67624 0.67686 0.68007 0.67906 0.67573 0.67684 0.67949 0.67813 0.67591 0.67746 0.67888 0.67699 0.67655 0.67852 0.67838 0.67636 0.67735 0.67938 0.67841 0.67636 0.67760 0.68024 0.67948 0.67685 0.67750 0.67899 0.68097 0.67975 0.67794 0.67946 0.68227 0.68076 0.67977 0.68112 0.68066 0.68153 0.68387 0.68298 0.68074 0.68269 0.68553 0.68471 0.68277 0.68428 0.68638 0.68663 0.68594 0.68581 0.68689 0.68904 0.68924 0.68767 0.68829 0.69046 0.69211 0.69162 0.69017 0.69100 0.69502 0.69523 0.69215 0.69340 0.69651 0.69806 0.69631 0.69655 0.69968 0.70090 0.69778 0.69969 0.70307 0.70348 0.70171 0.70397 0.70484 0.70353 0.70665 0.70879 0.70622 0.70638 0.71139 0.71260 0.70894 0.71003 0.71489 0.71617 0.71339 0.71517 0.71730 0.71584 0.71874 0.72119 0.71951 0.71876 0.72420 0.72526 0.72235 0.72268 0.72716 0.72919 0.72776 0.72686 0.72924 0.73245 0.73273 0.73181 0.73380 0.73501 0.73508 0.73686 0.73957 0.73856 0.73764 0.74098 0.74356 0.74308 0.74257 0.74459 0.74658 0.74775 0.74818 0.74846 0.74908 0.75226 0.75359 0.75335 0.72787 0.68097 0.63504 0.58625 0.53510 0.48669 0.44032 0.39107 0.34038 0.29160 0.25476 0.22813 0.20085 0.17467 0.14819 0.12121 0.09426 0.06760 0.04062 0.01353 0.00000 0.00000 0.00000 0.00000 0.00000 0.00000 0.00000 0.00000 0.00000 0.00000 0.00000 0.00000 0.00000 0.00000 0.00000 0.00000 0.00000 0.00000 0.00000 0.00000 0.00000 0.00000 0.00000 0.00000 0.00000 0.00000 0.00000 0.00000 0.00000 0.00000 0.00000 0.00000 0.00000 0.00000 0.00000
0.00000 0.00000 0.00000 0.00000 0.00000 0.00000 0.00000 0.00000 0.00000 0.00000 0.00000 0.00000 0.00000 0.00000 0.00000 0.00000 0.00000 0.00000 0.00000 0.00000 0.00000 0.00000 0.00000 0.00000 0.00000 0.03921 0.11765 0.19506 0.27244 0.35081 0.42941 0.50613 0.58098 0.65814 0.73816 0.77600 0.77092 0.76992 0.77314 0.77199 0.76706 0.76630 0.76928 0.76735 0.76323 0.76297 0.76530 0.76264 0.75938 0.75974 0.76126 0.75798 0.75523 0.75667 0.75710 0.75335 0.75150 0.75374 0.75120 0.74902 0.75071 0.75024 0.74734 0.74509 0.74511 0.74618 0.74583 0.74197 0.74022 0.74163 0.74209 0.73941 0.73628 0.73699 0.73773 0.73636 0.73364 0.73306 0.73261 0.73202 0.73238 0.73054 0.72922 0.72693 0.72710 0.72820 0.72628 0.72307 0.72271 0.72471 0.72301 0.72144 0.71867 0.71954 0.72022 0.71830 0.71509 0.71545 0.71723 0.71534 0.71181 0.71118 0.71393 0.71283 0.70858 0.70775 0.71060 0.70940 0.70653 0.70582 0.70639 0.70527 0.70465 0.70391 0.70285 0.70160 0.70142 0.70176 0.69945 0.69812 0.69997 0.69975 0.69561 0.69489 0.69793 0.69734 0.69288 0.69223 0.69545 0.69477 0.69046 0.68995 0.69305 0.69234 0.68841 0.68776 0.69058 0.69012 0.68657 0.68556 0.68827 0.68816 0.68437 0.68347 0.68641 0.68633 0.68242 0.68241 0.68440 0.68314 0.68127 0.68269 0.68262 0.68025 0.67970 0.68210 0.68180 0.67830 0.67780 0.68145 0.68099 0.67730 0.67671 0.67980 0.68013 0.67705 0.67612 0.67867 0.67879 0.67628 0.67635 0.67836 0.67725 0.67544 0.67698 0.67836 0.67587 0.67476 0.67782 0.67865 0.67503 0.67442 0.67855 0.67872 0.67477 0.67488 0.67904 0.67875 0.67512 0.67592 0.67930 0.67787 0.67617 0.67921 0.67935 0.67619 0.67787 0.68077 0.67952 0.67715 0.68017 0.68206 0.67935 0.67831 0.68254 0.68346 0.68034 0.67975 0.68337 0.68502 0.68174 0.68137 0.68583 0.68672 0.68270 0.68328 0.68806 0.68842 0.68489 0.68554 0.68985 0.69048 0.68756 0.68754 0.69191 0.69199 0.69043 0.69133 0.69293 0.69430 0.69535 0.69412 0.69342 0.69736 0.69894 0.69695 0.69674 0.70020 0.69948 0.70140 0.70243 0.70054 0.70103 0.70480 0.70662 0.70488 0.70382 0.70676 0.70943 0.70879 0.70853 0.71055 0.71099 0.71206 0.71404 0.71520 0.71329 0.71461 0.71882 0.71893 0.71648 0.71830 0.72275 0.72208 0.72104 0.72247 0.72455 0.72614 0.72740 0.72589 0.72622 0.73103 0.73231 0.72889 0.73019 0.73519 0.73579 0.73290 0.73593 0.73898 0.73705 0.73719 0.74167 0.74313 0.74014 0.74117 0.74644 0.74739 0.74414 0.74534 0.74987 0.75172 0.74950 0.75005 0.75270 0.73432 0.69270 0.65152 0.61036 0.57016 0.53017 0.48794 0.44610 0.40613 0.36516 0.32625 0.29191 0.25894 0.22486 0.18992 0.15539 0.12141 0.08692 0.05209 0.01736 0.00000 0.00000 0.00000 0.00000 0.00000 0.00000 0.00000 0.00000 0.00000 0.00000 0.00000 0.00000 0.00000 0.00000 0.00000 0.00000 0.00000 0.00000 0.00000 0.00000 0.00000 0.00000 0.00000 0.00000 0.00000 0.00000 0.00000 0.00000 0.00000 0.00000 0.00000 0.00000 0.00000 0.00000 0.00000
0.00000 0.00000 0.00000 0.00000 0.00000 0.00000 0.00000 0.00000 0.00000 0.00000 0.00000 0.00000 0.00000 0.00000 0.00000 0.00000 0.00000 0.00000 0.00000 0.00000 0.00000 0.00000 0.00000 0.00000 0.00000 0.03904 0.11747 0.19532 0.27212 0.34973 0.42844 0.50560 0.58154 0.65758 0.73482 0.77378 0.77306 0.77010 0.76835 0.76993 0.76988 0.76597 0.76386 0.76650 0.76601 0.76171 0.75999 0.76288 0.76170 0.75762 0.75664 0.75880 0.75708 0.75365 0.75375 0.75405 0.75230 0.75090 0.75101 0.74798 0.74772 0.74884 0.74742 0.74658 0.74415 0.74231 0.74272 0.74403 0.74176 0.73835 0.73808 0.73950 0.73892 0.73543 0.73391 0.73427 0.73523 0.73413 0.73031 0.73014 0.73073 0.72969 0.72807 0.72796 0.72557 0.72453 0.72598 0.72490 0.72201 0.72020 0.72188 0.72174 0.71980 0.71647 0.71749 0.71860 0.71650 0.71316 0.71328 0.71541 0.71378 0.70999 0.70907 0.71213 0.71114 0.70703 0.70628 0.70846 0.70729 0.70525 0.70441 0.70423 0.70344 0.70301 0.70217 0.70104 0.70007 0.69964 0.69997 0.69745 0.69670 0.69894 0.69791 0.69427 0.69347 0.69614 0.69560 0.69160 0.69068 0.69363 0.69330 0.68908 0.68827 0.69148 0.69101 0.68667 0.68602 0.68937 0.68878 0.68448 0.68404 0.68721 0.68661 0.68243 0.68261 0.68525 0.68390 0.68058 0.68284 0.68365 0.68011 0.67900 0.68262 0.68213 0.67805 0.67753 0.68108 0.68038 0.67739 0.67769 0.67863 0.67837 0.67833 0.67667 0.67618 0.67843 0.67832 0.67495 0.67517 0.67839 0.67759 0.67400 0.67477 0.67802 0.67704 0.67382 0.67467 0.67732 0.67642 0.67441 0.67541 0.67654 0.67551 0.67528 0.67649 0.67631 0.67515 0.67564 0.67733 0.67721 0.67555 0.67534 0.67715 0.67876 0.67797 0.67550 0.67660 0.68011 0.67881 0.67666 0.67819 0.68059 0.67957 0.68015 0.67998 0.67883 0.68051 0.68293 0.68187 0.67984 0.68181 0.68439 0.68382 0.68239 0.68322 0.68484 0.68626 0.68587 0.68455 0.68574 0.68875 0.68885 0.68744 0.68776 0.68784 0.69141 0.69248 0.69044 0.68989 0.69273 0.69545 0.69426 0.69280 0.69480 0.69819 0.69731 0.69599 0.69887 0.70152 0.69831 0.69908 0.70239 0.70311 0.70220 0.70524 0.70449 0.70280 0.70731 0.70901 0.70564 0.70662 0.71157 0.71255 0.70945 0.71107 0.71447 0.71461 0.71437 0.71744 0.71691 0.71551 0.71973 0.72182 0.71936 0.71922 0.72480 0.72576 0.72260 0.72322 0.72770 0.72957 0.72773 0.72764 0.73058 0.73215 0.73193 0.73297 0.73584 0.73505 0.73399 0.73773 0.74029 0.73907 0.73853 0.74182 0.74386 0.74349 0.74400 0.74591 0.74633 0.74774 0.74983 0.75046 0.74903 0.75147 0.73781 0.70446 0.66823 0.63548 0.60542 0.57158 0.53580 0.50282 0.47117 0.43695 0.39809 0.35731 0.31625 0.27401 0.23184 0.19047 0.14830 0.10577 0.06359 0.02128 0.00000 0.00000 0.00000 0.00000 0.00000 0.00000 0.00000 0.00000 0.00000 0.00000 0.00000 0.00000 0.00000 0.00000 0.00000 0.00000 0.00000 0.00000 0.00000 0.00000 0.00000 0.00000 0.00000 0.00000 0.00000 0.00000 0.00000 0.00000 0.00000 0.00000 0.00000 0.00000 0.00000 0.00000 0.00000
0.00000 0.00000 0.00000 0.00000 0.00000 0.00000 0.00000 0.00000 0.00000 0.00000 0.00000 0.00000 0.00000 0.00000 0.00000 0.00000 0.00000 0.00000 0.00000 0.00000 0.00000 0.00000 0.00000 0.00000 0.00000 0.03896 0.11669 0.19494 0.27317 0.34998 0.42587 0.50348 0.58252 0.65926 0.73211 0.76986 0.77285 0.77206 0.76697 0.76587 0.76907 0.76774 0.76302 0.76239 0.76524 0.76293 0.75910 0.75941 0.76127 0.75792 0.75510 0.75660 0.75708 0.75305 0.75082 0.75380 0.75264 0.74864 0.75044 0.75041 0.74629 0.74458 0.74690 0.74629 0.74452 0.74126 0.74039 0.74153 0.74214 0.73921 0.73621 0.73669 0.73778 0.73643 0.73332 0.73246 0.73242 0.73266 0.73246 0.72923 0.72779 0.72788 0.72816 0.72714 0.72556 0.72319 0.72287 0.72442 0.72266 0.72016 0.71844 0.72036 0.71964 0.71738 0.71455 0.71598 0.71680 0.71428 0.71154 0.71151 0.71351 0.71205 0.70824 0.70726 0.71024 0.70918 0.70566 0.70523 0.70640 0.70490 0.70371 0.70354 0.70279 0.70101 0.70052 0.70133 0.70047 0.69767 0.69697 0.69911 0.69667 0.69442 0.69732 0.69677 0.69250 0.69163 0.69483 0.69408 0.68974 0.68928 0.69235 0.69145 0.68735 0.68708 0.68996 0.68915 0.68535 0.68478 0.68751 0.68719 0.68329 0.68266 0.68542 0.68541 0.68113 0.68073 0.68330 0.68368 0.68027 0.67994 0.68084 0.68054 0.67966 0.67997 0.67928 0.67767 0.67736 0.67961 0.67912 0.67557 0.67540 0.67855 0.67840 0.67537 0.67426 0.67713 0.67751 0.67484 0.67432 0.67657 0.67625 0.67390 0.67463 0.67639 0.67486 0.67342 0.67552 0.67643 0.67346 0.67295 0.67648 0.67690 0.67286 0.67272 0.67703 0.67720 0.67300 0.67315 0.67733 0.67748 0.67387 0.67442 0.67716 0.67584 0.67563 0.67807 0.67700 0.67509 0.67778 0.67954 0.67692 0.67597 0.68073 0.68096 0.67711 0.67724 0.68129 0.68250 0.67933 0.67876 0.68268 0.68415 0.68049 0.68054 0.68530 0.68580 0.68188 0.68293 0.68726 0.68720 0.68439 0.68635 0.68926 0.68797 0.68690 0.68935 0.69193 0.69033 0.69020 0.69176 0.69157 0.69352 0.69519 0.69414 0.69427 0.69682 0.69740 0.69714 0.69968 0.69968 0.69787 0.70092 0.70298 0.70335 0.70100 0.70234 0.70687 0.70557 0.70409 0.70717 0.70851 0.70836 0.70986 0.71200 0.71036 0.71080 0.71492 0.71647 0.71320 0.71424 0.71933 0.71907 0.71692 0.71901 0.72289 0.72244 0.72192 0.72304 0.72476 0.72688 0.72773 0.72601 0.72699 0.73172 0.73241 0.72923 0.73135 0.73557 0.73465 0.73365 0.73750 0.73955 0.73703 0.73789 0.74280 0.74372 0.74068 0.74214 0.74696 0.74788 0.74555 0.74674 0.74975 0.75172 0.75125 0.73838 0.71312 0.68892 0.66390 0.63680 0.61054 0.58662 0.56155 0.53357 0.50725 0.47190 0.42301 0.37212 0.32283 0.27468 0.22512 0.17464 0.12485 0.07527 0.02514 0.00000 0.00000 0.00000 0.00000 0.00000 0.00000 0.00000 0.00000 0.00000 0.00000 0.00000 0.00000 0.00000 0.00000 0.00000 0.00000 0.00000 0.00000 0.00000 0.00000 0.00000 0.00000 0.00000 0.00000 0.00000 0.00000 0.00000 0.00000 0.00000 0.00000 0.00000 0.00000 0.00000 0.00000 0.00000
0.00000 0.00000 0.00000 0.00000 0.00000 0.00000 0.00000 0.00000 0.00000 0.00000 0.00000 0.00000 0.00000 0.00000 0.00000 0.00000 0.00000 0.00000 0.00000 0.00000 0.00000 0.00000 0.00000 0.00000 0.00000 0.03906 0.11653 0.19411 0.27272 0.35007 0.42603 0.50241 0.58051 0.65773 0.73381 0.77005 0.76880 0.76928 0.76945 0.76636 0.76403 0.76586 0.76595 0.76203 0.75977 0.76234 0.76186 0.75788 0.75642 0.75847 0.75705 0.75373 0.75374 0.75438 0.75201 0.74931 0.75123 0.75026 0.74724 0.74905 0.74793 0.74438 0.74306 0.74331 0.74329 0.74400 0.74126 0.73844 0.73793 0.73952 0.73883 0.73526 0.73363 0.73448 0.73532 0.73341 0.72981 0.72907 0.73131 0.73077 0.72673 0.72660 0.72662 0.72508 0.72478 0.72453 0.72196 0.72024 0.72200 0.72139 0.71882 0.71599 0.71801 0.71827 0.71563 0.71265 0.71394 0.71497 0.71254 0.70975 0.70912 0.71177 0.71086 0.70675 0.70579 0.70824 0.70707 0.70432 0.70397 0.70431 0.70289 0.70219 0.70200 0.70107 0.69931 0.69863 0.69964 0.69932 0.69610 0.69582 0.69741 0.69548 0.69294 0.69496 0.69505 0.69146 0.69003 0.69270 0.69262 0.68856 0.68753 0.69054 0.69022 0.68593 0.68518 0.68848 0.68798 0.68356 0.68307 0.68630 0.68585 0.68137 0.68134 0.68421 0.68378 0.67937 0.68021 0.68254 0.68096 0.67814 0.68050 0.68070 0.67751 0.67705 0.68007 0.67939 0.67549 0.67589 0.67826 0.67628 0.67613 0.67654 0.67488 0.67570 0.67691 0.67389 0.67347 0.67666 0.67624 0.67250 0.67306 0.67643 0.67531 0.67199 0.67280 0.67600 0.67512 0.67224 0.67277 0.67496 0.67473 0.67326 0.67357 0.67432 0.67414 0.67386 0.67451 0.67484 0.67423 0.67353 0.67480 0.67643 0.67664 0.67327 0.67359 0.67783 0.67742 0.67410 0.67526 0.67867 0.67777 0.67616 0.67695 0.67804 0.67866 0.67983 0.67880 0.67737 0.67973 0.68210 0.68087 0.67908 0.68091 0.68322 0.68333 0.68219 0.68199 0.68361 0.68633 0.68559 0.68385 0.68509 0.68764 0.68820 0.68924 0.68803 0.68686 0.68929 0.69255 0.69277 0.68946 0.69058 0.69524 0.69543 0.69251 0.69377 0.69805 0.69820 0.69575 0.69833 0.70127 0.69873 0.69997 0.70243 0.70099 0.70250 0.70549 0.70395 0.70317 0.70815 0.70912 0.70562 0.70756 0.71151 0.71147 0.71016 0.71328 0.71438 0.71267 0.71511 0.71831 0.71704 0.71582 0.72042 0.72232 0.71955 0.71977 0.72523 0.72632 0.72294 0.72383 0.72831 0.72950 0.72796 0.72878 0.73158 0.73198 0.73120 0.73399 0.73658 0.73557 0.73483 0.73849 0.74064 0.73969 0.74003 0.74294 0.74367 0.74370 0.74587 0.74751 0.74599 0.74760 0.75126 0.75211 0.74014 0.72302 0.70853 0.69005 0.66915 0.65163 0.63631 0.61744 0.59745 0.57999 0.54394 0.48670 0.42936 0.37339 0.31644 0.25859 0.20156 0.14453 0.08671 0.02887 0.00000 0.00000 0.00000 0.00000 0.00000 0.00000 0.00000 0.00000 0.00000 0.00000 0.00000 0.00000 0.00000 0.00000 0.00000 0.00000 0.00000 0.00000 0.00000 0.00000 0.00000 0.00000 0.00000 0.00000 0.00000 0.00000 0.00000 0.00000 0.00000 0.00000 0.00000 0.00000 0.00000 0.00000 0.00000
0.00000 0.00000 0.00000 0.00000 0.00000 0.00000 0.00000 0.00000 0.00000 0.00000 0.00000 0.00000 0.00000 0.00000 0.00000 0.00000 0.00000 0.00000 0.00000 0.00000 0.00000 0.00000 0.00000 0.00000 0.00000 0.03900 0.11703 0.19418 0.27098 0.34869 0.42698 0.50387 0.57770 0.65450 0.73403 0.77200 0.76700 0.76576 0.76870 0.76801 0.76310 0.76197 0.76517 0.76344 0.75905 0.75892 0.76123 0.75823 0.75507 0.75643 0.75714 0.75295 0.75090 0.75386 0.75268 0.74842 0.74735 0.75059 0.74669 0.74452 0.74777 0.74643 0.74186 0.74037 0.74147 0.74180 0.74249 0.73898 0.73642 0.73654 0.73788 0.73636 0.73304 0.73223 0.73285 0.73281 0.73138 0.72857 0.72724 0.72857 0.72900 0.72597 0.72445 0.72373 0.72345 0.72381 0.72234 0.71961 0.71850 0.72065 0.71923 0.71654 0.71406 0.71658 0.71625 0.71330 0.71118 0.71244 0.71306 0.71038 0.70821 0.70705 0.70980 0.70902 0.70519 0.70483 0.70629 0.70472 0.70291 0.70311 0.70258 0.70053 0.70010 0.70107 0.70010 0.69706 0.69629 0.69868 0.69793 0.69394 0.69487 0.69621 0.69309 0.69108 0.69389 0.69351 0.68936 0.68863 0.69162 0.69075 0.68663 0.68638 0.68924 0.68834 0.68440 0.68403 0.68674 0.68636 0.68257 0.68179 0.68428 0.68449 0.68048 0.67985 0.68213 0.68283 0.67947 0.67812 0.67921 0.68113 0.67960 0.67731 0.67702 0.67827 0.67843 0.67709 0.67575 0.67543 0.67675 0.67676 0.67585 0.67422 0.67396 0.67540 0.67555 0.67390 0.67307 0.67460 0.67463 0.67259 0.67298 0.67476 0.67368 0.67150 0.67334 0.67474 0.67221 0.67136 0.67448 0.67481 0.67107 0.67114 0.67515 0.67529 0.67098 0.67114 0.67549 0.67571 0.67157 0.67168 0.67534 0.67604 0.67321 0.67412 0.67488 0.67401 0.67535 0.67679 0.67478 0.67390 0.67765 0.67838 0.67482 0.67496 0.67957 0.67993 0.67641 0.67629 0.67983 0.68162 0.67864 0.67789 0.68210 0.68332 0.67943 0.68005 0.68469 0.68465 0.68132 0.68369 0.68659 0.68468 0.68391 0.68840 0.68897 0.68616 0.68631 0.68953 0.69058 0.68988 0.69107 0.69142 0.69148 0.69339 0.69407 0.69383 0.69622 0.69670 0.69454 0.69697 0.70015 0.70029 0.69808 0.69937 0.70308 0.70315 0.70109 0.70338 0.70678 0.70503 0.70516 0.70858 0.70779 0.70743 0.71080 0.71312 0.71033 0.71067 0.71549 0.71589 0.71356 0.71555 0.71982 0.71889 0.71741 0.72009 0.72327 0.72270 0.72239 0.72362 0.72541 0.72782 0.72816 0.72588 0.72731 0.73215 0.73188 0.72998 0.73360 0.73616 0.73366 0.73433 0.73908 0.74024 0.73739 0.73874 0.74382 0.74419 0.74178 0.74352 0.74708 0.74802 0.74733 0.74822 0.74954 0.74618 0.73601 0.72421 0.71330 0.70504 0.69549 0.68241 0.67155 0.66380 0.65379 0.61364 0.54972 0.48792 0.42352 0.35702 0.29265 0.22891 0.16373 0.09798 0.03270 0.00000 0.00000 0.00000 0.00000 0.00000 0.00000 0.00000 0.00000 0.00000 0.00000 0.00000 0.00000 0.00000 0.00000 0.00000 0.00000 0.00000 0.00000 0.00000 0.00000 0.00000 0.00000 0.00000 0.00000 0.00000 0.00000 0.00000 0.00000 0.00000 0.00000 0.00000 0.00000 0.00000 0.00000 0.00000
0.00000 0.00000 0.00000 0.00000 0.00000 0.00000 0.00000 0.00000 0.00000 0.00000 0.00000 0.00000 0.00000 0.00000 0.00000 0.00000 0.00000 0.00000 0.00000 0.00000 0.00000 0.00000 0.00000 0.00000 0.00000 0.03879 0.11686 0.19453 0.27085 0.34753 0.42593 0.50321 0.57899 0.65378 0.73074 0.76933 0.76910 0.76658 0.76440 0.76542 0.76578 0.76222 0.75984 0.76221 0.76205 0.75801 0.75612 0.75830 0.75737 0.75403 0.75358 0.75416 0.75195 0.74991 0.75142 0.74989 0.74700 0.74793 0.74842 0.74463 0.74263 0.74573 0.74423 0.74072 0.73907 0.73997 0.73806 0.73937 0.73890 0.73544 0.73349 0.73465 0.73531 0.73290 0.72962 0.72934 0.73144 0.73080 0.72615 0.72538 0.72722 0.72606 0.72365 0.72372 0.72250 0.72052 0.72149 0.72121 0.71837 0.71602 0.71821 0.71780 0.71499 0.71233 0.71447 0.71403 0.71141 0.70980 0.71068 0.71134 0.70886 0.70696 0.70590 0.70784 0.70690 0.70387 0.70358 0.70423 0.70267 0.70154 0.70166 0.70072 0.69866 0.69834 0.69947 0.69876 0.69542 0.69452 0.69704 0.69656 0.69241 0.69301 0.69456 0.69197 0.68948 0.69154 0.69201 0.68835 0.68685 0.68961 0.68949 0.68536 0.68443 0.68772 0.68718 0.68278 0.68227 0.68555 0.68503 0.68055 0.68050 0.68334 0.68297 0.67861 0.67883 0.68140 0.68100 0.67792 0.67785 0.67910 0.67827 0.67705 0.67793 0.67739 0.67525 0.67585 0.67741 0.67534 0.67384 0.67669 0.67412 0.67286 0.67593 0.67451 0.67180 0.67473 0.67522 0.67116 0.67104 0.67484 0.67378 0.67043 0.67175 0.67448 0.67286 0.67036 0.67143 0.67351 0.67305 0.67140 0.67136 0.67243 0.67293 0.67228 0.67201 0.67244 0.67274 0.67208 0.67265 0.67398 0.67369 0.67132 0.67208 0.67558 0.67591 0.67179 0.67226 0.67653 0.67616 0.67324 0.67402 0.67686 0.67690 0.67605 0.67572 0.67563 0.67792 0.67944 0.67776 0.67623 0.67891 0.68141 0.68025 0.67848 0.67978 0.68214 0.68333 0.68198 0.68089 0.68270 0.68595 0.68530 0.68446 0.68464 0.68492 0.68740 0.68928 0.68886 0.68640 0.68719 0.69225 0.69262 0.68925 0.69013 0.69495 0.69584 0.69242 0.69361 0.69793 0.69696 0.69580 0.69888 0.70078 0.69848 0.70060 0.70256 0.70005 0.70337 0.70566 0.70292 0.70414 0.70846 0.70838 0.70614 0.70958 0.71170 0.70968 0.71073 0.71481 0.71470 0.71246 0.71565 0.71890 0.71747 0.71642 0.72095 0.72279 0.72005 0.72044 0.72570 0.72686 0.72364 0.72454 0.72775 0.72892 0.72908 0.73013 0.73223 0.73240 0.73169 0.73471 0.73691 0.73644 0.73648 0.73940 0.74071 0.74013 0.74189 0.74433 0.74329 0.74388 0.74758 0.74893 0.74614 0.74783 0.75052 0.74737 0.74113 0.73894 0.73943 0.73590 0.73082 0.72864 0.72784 0.72434 0.68605 0.61538 0.54424 0.47162 0.39963 0.32807 0.25520 0.18197 0.10966 0.03667 0.00000 0.00000 0.00000 0.00000 0.00000 0.00000 0.00000 0.00000 0.00000 0.00000 0.00000 0.00000 0.00000 0.00000 0.00000 0.00000 0.00000 0.00000 0.00000 0.00000 0.00000 0.00000 0.00000 0.00000 0.00000 0.00000 0.00000 0.00000 0.00000 0.00000 0.00000 0.00000 0.00000 0.00000 0.00000
0.00000 0.00000 0.00000 0.00000 0.00000 0.00000 0.00000 0.00000 0.00000 0.00000 0.00000 0.00000 0.00000 0.00000 0.00000 0.00000 0.00000 0.00000 0.00000 0.00000 0.00000 0.00000 0.00000 0.00000 0.00000 0.03877 0.11616 0.19380 0.27162 0.34860 0.42386 0.50059 0.57900 0.65617 0.72858 0.76582 0.76804 0.76815 0.76327 0.76185 0.76524 0.76392 0.75916 0.75846 0.76131 0.75891 0.75510 0.75600 0.75727 0.75324 0.75116 0.75382 0.75300 0.74838 0.74733 0.75067 0.74784 0.74472 0.74813 0.74652 0.74199 0.74102 0.74349 0.74183 0.74069 0.73898 0.73709 0.73639 0.73793 0.73662 0.73305 0.73218 0.73317 0.73278 0.73074 0.72843 0.72775 0.72878 0.72886 0.72534 0.72346 0.72427 0.72448 0.72307 0.72157 0.71975 0.71877 0.72040 0.71920 0.71606 0.71420 0.71687 0.71599 0.71271 0.71220 0.71312 0.71176 0.70907 0.70962 0.70957 0.70922 0.70737 0.70549 0.70541 0.70601 0.70463 0.70240 0.70259 0.70244 0.70041 0.69972 0.70052 0.69945 0.69655 0.69615 0.69827 0.69755 0.69342 0.69289 0.69571 0.69424 0.69057 0.69218 0.69303 0.68957 0.68799 0.69069 0.69027 0.68618 0.68564 0.68852 0.68779 0.68364 0.68323 0.68604 0.68573 0.68205 0.68092 0.68318 0.68378 0.68069 0.67891 0.68029 0.68193 0.68020 0.67715 0.67732 0.68029 0.67984 0.67556 0.67544 0.67864 0.67813 0.67460 0.67403 0.67648 0.67687 0.67373 0.67268 0.67549 0.67555 0.67281 0.67219 0.67384 0.67437 0.67225 0.67165 0.67246 0.67269 0.67226 0.67163 0.66993 0.67201 0.67353 0.67073 0.66932 0.67280 0.67345 0.66938 0.66931 0.67347 0.67342 0.66916 0.66938 0.67370 0.67379 0.66942 0.66964 0.67382 0.67426 0.67067 0.67068 0.67308 0.67376 0.67293 0.67345 0.67276 0.67238 0.67498 0.67567 0.67294 0.67294 0.67705 0.67727 0.67353 0.67410 0.67746 0.67900 0.67669 0.67544 0.67852 0.68084 0.67798 0.67722 0.68161 0.68242 0.67865 0.68016 0.68409 0.68292 0.68097 0.68498 0.68595 0.68264 0.68389 0.68745 0.68829 0.68632 0.68766 0.68872 0.68833 0.69010 0.69109 0.69084 0.69220 0.69349 0.69252 0.69367 0.69718 0.69663 0.69439 0.69722 0.69973 0.69997 0.69857 0.70084 0.70356 0.70128 0.70104 0.70524 0.70595 0.70425 0.70636 0.70987 0.70777 0.70722 0.71140 0.71258 0.71071 0.71217 0.71599 0.71531 0.71407 0.71703 0.72034 0.71871 0.71788 0.72142 0.72395 0.72312 0.72264 0.72340 0.72678 0.72855 0.72833 0.72642 0.73023 0.73274 0.73001 0.73066 0.73565 0.73695 0.73394 0.73497 0.74040 0.74083 0.73833 0.74005 0.74440 0.74442 0.74332 0.74504 0.74685 0.74834 0.74913 0.74922 0.74961 0.75275 0.75449 0.75285 0.75341 0.75742 0.75916 0.75666 0.75758 0.72389 0.64888 0.57036 0.49524 0.42157 0.34534 0.26756 0.19159 0.11554 0.03856 0.00000 0.00000 0.00000 0.00000 0.00000 0.00000 0.00000 0.00000 0.00000 0.00000 0.00000 0.00000 0.00000 0.00000 0.00000 0.00000 0.00000 0.00000 0.00000 0.00000 0.00000 0.00000 0.00000 0.00000 0.00000 0.00000 0.00000 0.00000 0.00000 0.00000 0.00000 0.00000 0.00000 0.00000 0.00000
0.00000 0.00000 0.00000 0.00000 0.00000 0.00000 0.00000 0.00000 0.00000 0.00000 0.00000 0.00000 0.00000 0.00000 0.00000 0.00000 0.00000 0.00000 0.00000 0.00000 0.00000 0.00000 0.00000 0.00000 0.00000 0.03890 0.11595 0.19300 0.27115 0.34857 0.42440 0.49947 0.57710 0.65476 0.73052 0.76637 0.76473 0.76524 0.76564 0.76236 0.76016 0.76266 0.76219 0.75791 0.75599 0.75862 0.75793 0.75407 0.75312 0.75427 0.75235 0.75035 0.75138 0.74959 0.74696 0.74791 0.74869 0.74448 0.74275 0.74592 0.74483 0.74003 0.73900 0.74178 0.73966 0.73803 0.73929 0.73604 0.73354 0.73465 0.73547 0.73279 0.72961 0.72971 0.73149 0.73049 0.72606 0.72507 0.72743 0.72695 0.72310 0.72242 0.72296 0.72126 0.72087 0.72095 0.71845 0.71624 0.71812 0.71772 0.71469 0.71229 0.71465 0.71288 0.71103 0.71292 0.71144 0.70970 0.70720 0.70823 0.70859 0.70718 0.70574 0.70406 0.70385 0.70401 0.70271 0.70104 0.70103 0.70051 0.69856 0.69816 0.69897 0.69793 0.69488 0.69433 0.69668 0.69626 0.69188 0.69137 0.69410 0.69274 0.68901 0.69002 0.69147 0.68869 0.68627 0.68842 0.68887 0.68511 0.68378 0.68697 0.68647 0.68218 0.68174 0.68489 0.68416 0.68010 0.68004 0.68255 0.68196 0.67884 0.67815 0.67989 0.68013 0.67886 0.67636 0.67697 0.67828 0.67731 0.67544 0.67553 0.67577 0.67524 0.67519 0.67439 0.67373 0.67419 0.67368 0.67243 0.67470 0.67403 0.67079 0.67158 0.67415 0.67169 0.66972 0.67283 0.67309 0.66961 0.67060 0.67277 0.67007 0.66909 0.67160 0.67195 0.67017 0.66992 0.67061 0.67054 0.67085 0.67100 0.67026 0.67006 0.67108 0.67102 0.67068 0.67126 0.67140 0.66983 0.67083 0.67333 0.67330 0.66965 0.66995 0.67444 0.67470 0.67079 0.67117 0.67510 0.67520 0.67261 0.67280 0.67512 0.67621 0.67618 0.67462 0.67387 0.67722 0.67899 0.67700 0.67552 0.67793 0.68074 0.68006 0.67806 0.67862 0.68114 0.68340 0.68199 0.68035 0.68173 0.68451 0.68551 0.68518 0.68399 0.68365 0.68695 0.68917 0.68892 0.68618 0.68730 0.69197 0.69266 0.68923 0.68992 0.69482 0.69532 0.69236 0.69435 0.69811 0.69606 0.69589 0.69956 0.70098 0.69864 0.70146 0.70168 0.70108 0.70481 0.70529 0.70258 0.70584 0.70885 0.70677 0.70668 0.71134 0.71216 0.70908 0.71120 0.71547 0.71524 0.71313 0.71617 0.71923 0.71807 0.71749 0.72137 0.72315 0.72146 0.72151 0.72538 0.72561 0.72744 0.72684 0.72685 0.72897 0.73066 0.73084 0.73253 0.73355 0.73358 0.73523 0.73719 0.73724 0.73819 0.74074 0.74068 0.74035 0.74367 0.74563 0.74313 0.74438 0.74901 0.74993 0.74692 0.74872 0.75324 0.75361 0.75190 0.75355 0.75692 0.75735 0.75692 0.75839 0.72251 0.64714 0.57131 0.49618 0.42033 0.34377 0.26829 0.19226 0.11519 0.03835 0.00000 0.00000 0.00000 0.00000 0.00000 0.00000 0.00000 0.00000 0.00000 0.00000 0.00000 0.00000 0.00000 0.00000 0.00000 0.00000 0.00000 0.00000 0.00000 0.00000 0.00000 0.00000 0.00000 0.00000 0.00000 0.00000 0.00000 0.00000 0.00000 0.00000 0.00000 0.00000 0.00000 0.00000 0.00000
0.00000 0.00000 0.00000 0.00000 0.00000 0.00000 0.00000 0.00000 0.00000 0.00000 0.00000 0.00000 0.00000 0.00000 0.00000 0.00000 0.00000 0.00000 0.00000 0.00000 0.00000 0.00000 0.00000 0.00000 0.00000 0.03880 0.11634 0.19341 0.26999 0.34662 0.42439 0.50180 0.57599 0.65103 0.72864 0.76827 0.76482 0.76192 0.76374 0.76424 0.75970 0.75827 0.76142 0.75965 0.75522 0.75545 0.75749 0.75407 0.75125 0.75340 0.75327 0.74849 0.74744 0.75071 0.74845 0.74488 0.74589 0.74647 0.74236 0.74164 0.74393 0.74171 0.73864 0.73908 0.73797 0.73602 0.73762 0.73757 0.73321 0.73212 0.73338 0.73292 0.73050 0.72855 0.72827 0.72878 0.72844 0.72527 0.72334 0.72450 0.72522 0.72265 0.72029 0.71999 0.71966 0.72013 0.71907 0.71595 0.71438 0.71690 0.71629 0.71245 0.71127 0.71330 0.71068 0.70874 0.71151 0.71018 0.70757 0.70516 0.70658 0.70692 0.70537 0.70415 0.70242 0.70235 0.70235 0.70068 0.69932 0.69961 0.69911 0.69654 0.69609 0.69768 0.69682 0.69291 0.69238 0.69531 0.69452 0.69012 0.69042 0.69262 0.69036 0.68744 0.68935 0.68994 0.68630 0.68491 0.68755 0.68745 0.68306 0.68242 0.68535 0.68524 0.68158 0.68013 0.68229 0.68313 0.68065 0.67815 0.67918 0.68120 0.68001 0.67625 0.67639 0.67937 0.67943 0.67453 0.67429 0.67779 0.67746 0.67307 0.67261 0.67627 0.67576 0.67200 0.67142 0.67500 0.67460 0.67069 0.67009 0.67398 0.67381 0.67000 0.66932 0.67258 0.67282 0.66920 0.66907 0.67177 0.67151 0.67074 0.66877 0.66882 0.67157 0.67186 0.66782 0.66774 0.67196 0.67203 0.66760 0.66758 0.67192 0.67205 0.66766 0.66778 0.67225 0.67242 0.66823 0.66831 0.67161 0.67282 0.67052 0.66989 0.67088 0.67173 0.67261 0.67265 0.67102 0.67131 0.67437 0.67453 0.67175 0.67220 0.67566 0.67623 0.67458 0.67336 0.67501 0.67820 0.67698 0.67468 0.67763 0.68014 0.67724 0.67685 0.68124 0.68138 0.67806 0.68061 0.68335 0.68133 0.68128 0.68500 0.68464 0.68271 0.68587 0.68586 0.68464 0.68704 0.68926 0.68788 0.68826 0.69038 0.69017 0.69059 0.69331 0.69340 0.69165 0.69417 0.69734 0.69590 0.69479 0.69908 0.69936 0.69737 0.69839 0.70289 0.70370 0.70095 0.70184 0.70657 0.70561 0.70395 0.70713 0.70937 0.70820 0.70883 0.71188 0.71172 0.71127 0.71391 0.71654 0.71493 0.71462 0.71867 0.72094 0.71854 0.71855 0.72316 0.72515 0.72377 0.72311 0.72360 0.72772 0.72911 0.72745 0.72715 0.73230 0.73348 0.73049 0.73126 0.73695 0.73779 0.73491 0.73611 0.74131 0.74106 0.73960 0.74177 0.74456 0.74481 0.74506 0.74614 0.74669 0.74934 0.75080 0.74973 0.75016 0.75413 0.75579 0.75341 0.75432 0.75869 0.76016 0.71970 0.64487 0.57235 0.49678 0.41885 0.34344 0.26874 0.19205 0.11502 0.03839 0.00000 0.00000 0.00000 0.00000 0.00000 0.00000 0.00000 0.00000 0.00000 0.00000 0.00000 0.00000 0.00000 0.00000 0.00000 0.00000 0.00000 0.00000 0.00000 0.00000 0.00000 0.00000 0.00000 0.00000 0.00000 0.00000 0.00000 0.00000 0.00000 0.00000 0.00000 0.00000 0.00000 0.00000 0.00000
0.00000 0.00000 0.00000 0.00000 0.00000 0.00000 0.00000 0.00000 0.00000 0.00000 0.00000 0.00000 0.00000 0.00000 0.00000 0.00000 0.00000 0.00000 0.00000 0.00000 0.00000 0.00000 0.00000 0.00000 0.00000 0.03859 0.11618 0.19369 0.27003 0.34585 0.42323 0.50093 0.57686 0.65067 0.72663 0.76602 0.76569 0.76271 0.76047 0.76312 0.76226 0.75794 0.75615 0.75944 0.75842 0.75384 0.75262 0.75487 0.75329 0.75028 0.75068 0.75020 0.74721 0.74716 0.74886 0.74433 0.74287 0.74601 0.74498 0.74024 0.73923 0.74174 0.74030 0.73650 0.73712 0.73682 0.73404 0.73462 0.73579 0.73270 0.72974 0.72995 0.73164 0.73037 0.72621 0.72528 0.72751 0.72731 0.72306 0.72152 0.72320 0.72266 0.72051 0.71956 0.71870 0.71664 0.71795 0.71793 0.71465 0.71239 0.71466 0.71404 0.71101 0.71247 0.71132 0.70818 0.70704 0.70948 0.70864 0.70613 0.70381 0.70468 0.70478 0.70365 0.70248 0.70086 0.70047 0.70050 0.69913 0.69782 0.69784 0.69745 0.69477 0.69435 0.69631 0.69561 0.69144 0.69079 0.69370 0.69310 0.68864 0.68856 0.69103 0.68940 0.68592 0.68690 0.68837 0.68572 0.68344 0.68545 0.68581 0.68178 0.68162 0.68425 0.68313 0.67968 0.68007 0.68168 0.68066 0.67858 0.67807 0.67883 0.67886 0.67807 0.67575 0.67578 0.67743 0.67711 0.67391 0.67395 0.67561 0.67497 0.67313 0.67290 0.67345 0.67245 0.67240 0.67259 0.67249 0.67132 0.67039 0.67101 0.67244 0.67094 0.66899 0.67005 0.67139 0.66964 0.66942 0.67031 0.66881 0.66843 0.67153 0.66997 0.66740 0.66883 0.67078 0.66861 0.66794 0.66989 0.66963 0.66781 0.66881 0.67015 0.66918 0.66840 0.66931 0.66896 0.66941 0.67091 0.67038 0.66774 0.66892 0.67243 0.67256 0.66861 0.66869 0.67311 0.67359 0.67005 0.67007 0.67402 0.67447 0.67170 0.67168 0.67346 0.67562 0.67590 0.67368 0.67358 0.67652 0.67830 0.67651 0.67492 0.67692 0.68004 0.68004 0.67796 0.67778 0.67972 0.68305 0.68261 0.68033 0.68063 0.68323 0.68598 0.68569 0.68386 0.68338 0.68634 0.68895 0.68898 0.68621 0.68684 0.69183 0.69260 0.68920 0.69023 0.69502 0.69500 0.69232 0.69499 0.69833 0.69547 0.69661 0.69920 0.69932 0.70047 0.70179 0.70013 0.70224 0.70562 0.70441 0.70307 0.70774 0.70937 0.70577 0.70717 0.71202 0.71273 0.70987 0.71173 0.71572 0.71578 0.71438 0.71680 0.71921 0.71889 0.71960 0.72142 0.72210 0.72340 0.72548 0.72394 0.72452 0.72846 0.72780 0.72808 0.73045 0.73141 0.73083 0.73319 0.73506 0.73502 0.73612 0.73764 0.73738 0.73974 0.74211 0.74071 0.74090 0.74526 0.74673 0.74355 0.74538 0.75013 0.75060 0.74821 0.75015 0.75389 0.75426 0.75344 0.75495 0.75740 0.75845 0.72056 0.64555 0.57074 0.49563 0.41987 0.34414 0.26765 0.19122 0.11524 0.03851 0.00000 0.00000 0.00000 0.00000 0.00000 0.00000 0.00000 0.00000 0.00000 0.00000 0.00000 0.00000 0.00000 0.00000 0.00000 0.00000 0.00000 0.00000 0.00000 0.00000 0.00000 0.00000 0.00000 0.00000 0.00000 0.00000 0.00000 0.00000 0.00000 0.00000 0.00000 0.00000 0.00000 0.00000 0.00000
0.00000 0.00000 0.00000 0.00000 0.00000 0.00000 0.00000 0.00000 0.00000 0.00000 0.00000 0.00000 0.00000 0.00000 0.00000 0.00000 0.00000 0.00000 0.00000 0.00000 0.00000 0.00000 0.00000 0.00000 0.00000 0.03857 0.11579 0.19264 0.26999 0.34751 0.42287 0.49791 0.57521 0.65317 0.72816 0.76207 0.76249 0.76447 0.76173 0.75835 0.76055 0.76019 0.75615 0.75515 0.75760 0.75512 0.75149 0.75265 0.75370 0.74911 0.74747 0.75061 0.74922 0.74497 0.74402 0.74648 0.74310 0.74199 0.74418 0.74180 0.73811 0.73902 0.73955 0.73637 0.73678 0.73753 0.73325 0.73192 0.73367 0.73339 0.73034 0.72872 0.72865 0.72883 0.72827 0.72552 0.72378 0.72457 0.72540 0.72260 0.71956 0.72020 0.72108 0.71998 0.71752 0.71602 0.71467 0.71691 0.71657 0.71239 0.71095 0.71333 0.71235 0.70885 0.71061 0.70998 0.70650 0.70488 0.70762 0.70704 0.70454 0.70319 0.70286 0.70246 0.70213 0.70095 0.69906 0.69877 0.69913 0.69740 0.69579 0.69630 0.69636 0.69264 0.69224 0.69503 0.69427 0.68980 0.68938 0.69231 0.69110 0.68704 0.68787 0.68965 0.68709 0.68438 0.68626 0.68714 0.68348 0.68186 0.68413 0.68473 0.68153 0.67981 0.68140 0.68238 0.68048 0.67798 0.67834 0.68028 0.67940 0.67578 0.67565 0.67851 0.67829 0.67364 0.67345 0.67682 0.67664 0.67198 0.67154 0.67538 0.67490 0.67068 0.67009 0.67392 0.67281 0.66947 0.66975 0.67291 0.67202 0.66830 0.66792 0.67193 0.67145 0.66747 0.66703 0.67127 0.67081 0.66742 0.66676 0.66940 0.67041 0.66893 0.66629 0.66737 0.67040 0.66992 0.66615 0.66624 0.67005 0.67041 0.66637 0.66604 0.67021 0.67066 0.66620 0.66636 0.67034 0.67114 0.66805 0.66720 0.66918 0.67111 0.67044 0.66933 0.66902 0.67023 0.67213 0.67167 0.66985 0.67058 0.67309 0.67339 0.67306 0.67166 0.67167 0.67527 0.67580 0.67276 0.67370 0.67753 0.67669 0.67405 0.67714 0.67948 0.67643 0.67669 0.68077 0.68059 0.67820 0.68056 0.68197 0.68198 0.68258 0.68236 0.68270 0.68499 0.68704 0.68451 0.68424 0.68746 0.68797 0.68762 0.68966 0.69035 0.68937 0.69101 0.69385 0.69280 0.69227 0.69552 0.69686 0.69463 0.69608 0.70015 0.69997 0.69746 0.69828 0.70333 0.70329 0.70097 0.70291 0.70647 0.70588 0.70544 0.70768 0.70811 0.70880 0.71085 0.71244 0.71126 0.71180 0.71554 0.71724 0.71477 0.71520 0.72031 0.72158 0.71864 0.71927 0.72382 0.72525 0.72432 0.72393 0.72509 0.72880 0.72946 0.72757 0.72844 0.73340 0.73428 0.73155 0.73251 0.73790 0.73815 0.73609 0.73852 0.74201 0.74117 0.74104 0.74308 0.74436 0.74583 0.74688 0.74675 0.74706 0.75080 0.75227 0.75030 0.75114 0.75552 0.75690 0.75447 0.75543 0.72179 0.64691 0.56937 0.49396 0.42028 0.34429 0.26746 0.19116 0.11511 0.03845 0.00000 0.00000 0.00000 0.00000 0.00000 0.00000 0.00000 0.00000 0.00000 0.00000 0.00000 0.00000 0.00000 0.00000 0.00000 0.00000 0.00000 0.00000 0.00000 0.00000 0.00000 0.00000 0.00000 0.00000 0.00000 0.00000 0.00000 0.00000 0.00000 0.00000 0.00000 0.00000 0.00000 0.00000 0.00000
0.00000 0.00000 0.00000 0.00000 0.00000 0.00000 0.00000 0.00000 0.00000 0.00000 0.00000 0.00000 0.00000 0.00000 0.00000 0.00000 0.00000 0.00000 0.00000 0.00000 0.00000 0.00000 0.00000 0.00000 0.00000 0.03873 0.11585 0.19219 0.26924 0.34694 0.42348 0.49760 0.57359 0.65156 0.72774 0.76300 0.76063 0.76237 0.76244 0.75821 0.75644 0.75998 0.75879 0.75383 0.75253 0.75576 0.75428 0.75004 0.74951 0.75117 0.74831 0.74652 0.74883 0.74639 0.74313 0.74400 0.74521 0.74093 0.73943 0.74162 0.74070 0.73679 0.73637 0.73681 0.73520 0.73529 0.73533 0.73204 0.72995 0.73036 0.73198 0.73041 0.72643 0.72558 0.72765 0.72746 0.72323 0.72155 0.72340 0.72361 0.72038 0.71798 0.71901 0.71867 0.71780 0.71738 0.71480 0.71284 0.71468 0.71451 0.71116 0.71018 0.71112 0.70905 0.70742 0.70954 0.70811 0.70544 0.70338 0.70519 0.70505 0.70325 0.70204 0.70096 0.70037 0.70055 0.69964 0.69745 0.69662 0.69748 0.69615 0.69416 0.69489 0.69513 0.69126 0.69069 0.69340 0.69303 0.68827 0.68773 0.69073 0.68992 0.68571 0.68555 0.68796 0.68668 0.68333 0.68335 0.68513 0.68332 0.68166 0.68265 0.68201 0.67979 0.68045 0.68079 0.67914 0.67827 0.67855 0.67804 0.67717 0.67715 0.67595 0.67528 0.67596 0.67614 0.67325 0.67294 0.67480 0.67466 0.67176 0.67120 0.67280 0.67242 0.67124 0.67175 0.67107 0.66897 0.67000 0.67169 0.67046 0.66799 0.66846 0.66969 0.66960 0.66918 0.66826 0.66747 0.66783 0.66838 0.66956 0.66754 0.66587 0.66788 0.66989 0.66677 0.66550 0.66865 0.66931 0.66584 0.66613 0.66909 0.66834 0.66581 0.66704 0.66858 0.66806 0.66814 0.66787 0.66621 0.66786 0.67048 0.66983 0.66661 0.66707 0.67116 0.67170 0.66794 0.66767 0.67189 0.67270 0.66908 0.66904 0.67373 0.67388 0.67138 0.67068 0.67255 0.67516 0.67494 0.67287 0.67321 0.67586 0.67766 0.67622 0.67451 0.67607 0.67877 0.67992 0.67924 0.67743 0.67801 0.68277 0.68322 0.68059 0.68025 0.68233 0.68549 0.68560 0.68404 0.68347 0.68554 0.68886 0.68923 0.68617 0.68702 0.69201 0.69272 0.68917 0.69049 0.69529 0.69601 0.69282 0.69465 0.69745 0.69828 0.69789 0.69702 0.69917 0.70229 0.70225 0.69995 0.70323 0.70626 0.70300 0.70361 0.70843 0.70995 0.70676 0.70771 0.71219 0.71326 0.71119 0.71249 0.71567 0.71620 0.71627 0.71749 0.71851 0.71991 0.72229 0.72125 0.72084 0.72475 0.72686 0.72447 0.72644 0.72890 0.72669 0.72907 0.73252 0.73232 0.73119 0.73399 0.73625 0.73626 0.73815 0.73819 0.73745 0.74125 0.74334 0.74081 0.74193 0.74676 0.74760 0.74453 0.74674 0.75106 0.75128 0.74974 0.75159 0.75458 0.75532 0.75497 0.75602 0.72008 0.64596 0.57004 0.49420 0.41888 0.34364 0.26777 0.19146 0.11482 0.03834 0.00000 0.00000 0.00000 0.00000 0.00000 0.00000 0.00000 0.00000 0.00000 0.00000 0.00000 0.00000 0.00000 0.00000 0.00000 0.00000 0.00000 0.00000 0.00000 0.00000 0.00000 0.00000 0.00000 0.00000 0.00000 0.00000 0.00000 0.00000 0.00000 0.00000 0.00000 0.00000 0.00000 0.00000 0.00000
0.00000 0.00000 0.00000 0.00000 0.00000 0.00000 0.00000 0.00000 0.00000 0.00000 0.00000 0.00000 0.00000 0.00000 0.00000 0.00000 0.00000 0.00000 0.00000 0.00000 0.00000 0.00000 0.00000 0.00000 0.00000 0.03863 0.11565 0.19275 0.26922 0.34507 0.42194 0.49961 0.57471 0.64806 0.72458 0.76466 0.76302 0.75861 0.75920 0.76054 0.75770 0.75522 0.75698 0.75592 0.75234 0.75214 0.75384 0.75072 0.74780 0.74944 0.74999 0.74506 0.74369 0.74658 0.74553 0.74242 0.74238 0.74198 0.73960 0.73908 0.74037 0.73710 0.73500 0.73673 0.73445 0.73196 0.73462 0.73396 0.72944 0.72881 0.72910 0.72911 0.72850 0.72583 0.72414 0.72469 0.72548 0.72275 0.71990 0.72043 0.72190 0.71990 0.71581 0.71623 0.71722 0.71694 0.71670 0.71247 0.71142 0.71341 0.71290 0.70914 0.70826 0.70968 0.70799 0.70529 0.70778 0.70683 0.70444 0.70268 0.70320 0.70257 0.70191 0.70100 0.69904 0.69842 0.69927 0.69818 0.69542 0.69485 0.69641 0.69460 0.69203 0.69434 0.69400 0.69012 0.68898 0.69213 0.69144 0.68682 0.68686 0.68941 0.68791 0.68408 0.68490 0.68684 0.68471 0.68163 0.68247 0.68419 0.68335 0.67987 0.67945 0.68130 0.68099 0.67832 0.67744 0.67888 0.67894 0.67609 0.67499 0.67718 0.67740 0.67330 0.67270 0.67584 0.67586 0.67096 0.67086 0.67444 0.67412 0.66961 0.66944 0.67285 0.67198 0.66847 0.67019 0.67165 0.66912 0.66716 0.66927 0.67083 0.66876 0.66612 0.66719 0.66999 0.66908 0.66577 0.66556 0.66868 0.66897 0.66651 0.66480 0.66700 0.66873 0.66734 0.66468 0.66563 0.66821 0.66830 0.66520 0.66470 0.66788 0.66889 0.66520 0.66464 0.66863 0.66933 0.66578 0.66510 0.66765 0.66976 0.66838 0.66644 0.66713 0.66929 0.67013 0.66879 0.66760 0.66919 0.67140 0.67060 0.66975 0.67012 0.67029 0.67224 0.67391 0.67137 0.67060 0.67433 0.67548 0.67228 0.67300 0.67704 0.67640 0.67359 0.67666 0.67893 0.67593 0.67648 0.67940 0.68061 0.67953 0.67928 0.68044 0.68389 0.68350 0.68068 0.68234 0.68528 0.68629 0.68458 0.68711 0.68730 0.68612 0.68807 0.69057 0.68990 0.68981 0.69213 0.69308 0.69186 0.69469 0.69682 0.69519 0.69418 0.69674 0.70033 0.70001 0.69817 0.69932 0.70344 0.70339 0.70286 0.70363 0.70406 0.70647 0.70805 0.70822 0.70756 0.70936 0.71245 0.71328 0.71128 0.71218 0.71702 0.71800 0.71497 0.71582 0.72101 0.72206 0.71958 0.72013 0.72435 0.72560 0.72410 0.72459 0.72724 0.72977 0.72938 0.72848 0.73103 0.73441 0.73446 0.73266 0.73612 0.73883 0.73719 0.73741 0.74026 0.74228 0.74209 0.74274 0.74383 0.74439 0.74736 0.74857 0.74735 0.74813 0.75232 0.75352 0.75136 0.75234 0.75669 0.75789 0.71828 0.64317 0.57044 0.49529 0.41873 0.34258 0.26742 0.19149 0.11498 0.03831 0.00000 0.00000 0.00000 0.00000 0.00000 0.00000 0.00000 0.00000 0.00000 0.00000 0.00000 0.00000 0.00000 0.00000 0.00000 0.00000 0.00000 0.00000 0.00000 0.00000 0.00000 0.00000 0.00000 0.00000 0.00000 0.00000 0.00000 0.00000 0.00000 0.00000 0.00000 0.00000 0.00000 0.00000 0.00000
0.00000 0.00000 0.00000 0.00000 0.00000 0.00000 0.00000 0.00000 0.00000 0.00000 0.00000 0.00000 0.00000 0.00000 0.00000 0.00000 0.00000 0.00000 0.00000 0.00000 0.00000 0.00000 0.00000 0.00000 0.00000 0.03844 0.11529 0.19276 0.26984 0.34457 0.42066 0.49862 0.57506 0.64818 0.72267 0.76282 0.76281 0.75894 0.75670 0.75946 0.75913 0.75418 0.75279 0.75625 0.75502 0.74996 0.74904 0.75210 0.75015 0.74628 0.74630 0.74790 0.74383 0.74257 0.74552 0.74415 0.73988 0.74033 0.74111 0.73894 0.73615 0.73686 0.73628 0.73628 0.73395 0.73147 0.73039 0.73213 0.73241 0.72918 0.72671 0.72600 0.72795 0.72776 0.72343 0.72182 0.72369 0.72401 0.72032 0.71809 0.71946 0.72019 0.71756 0.71460 0.71519 0.71543 0.71465 0.71422 0.71140 0.71014 0.71109 0.71099 0.70805 0.70697 0.70740 0.70720 0.70419 0.70500 0.70477 0.70348 0.70213 0.70106 0.70041 0.70064 0.69986 0.69725 0.69635 0.69779 0.69711 0.69382 0.69293 0.69508 0.69332 0.69050 0.69329 0.69290 0.68840 0.68746 0.69069 0.69010 0.68550 0.68483 0.68773 0.68724 0.68320 0.68243 0.68467 0.68460 0.68150 0.68019 0.68128 0.68188 0.68055 0.67919 0.67793 0.67850 0.67901 0.67716 0.67549 0.67656 0.67669 0.67482 0.67387 0.67511 0.67388 0.67244 0.67306 0.67392 0.67125 0.67015 0.67167 0.67276 0.67071 0.66874 0.66960 0.66958 0.66980 0.67089 0.66846 0.66689 0.66835 0.67005 0.66767 0.66663 0.66761 0.66632 0.66631 0.66876 0.66803 0.66469 0.66468 0.66764 0.66836 0.66465 0.66392 0.66733 0.66823 0.66410 0.66386 0.66773 0.66768 0.66375 0.66464 0.66786 0.66702 0.66473 0.66555 0.66521 0.66664 0.66853 0.66723 0.66476 0.66580 0.66933 0.66945 0.66596 0.66569 0.66978 0.67082 0.66739 0.66675 0.67126 0.67197 0.66800 0.66814 0.67201 0.67337 0.67136 0.66981 0.67195 0.67477 0.67420 0.67223 0.67312 0.67506 0.67670 0.67620 0.67634 0.67550 0.67539 0.67963 0.68054 0.67748 0.67740 0.68195 0.68318 0.68117 0.68020 0.68182 0.68572 0.68579 0.68442 0.68319 0.68519 0.68908 0.68940 0.68618 0.68731 0.69234 0.69321 0.68951 0.69062 0.69495 0.69608 0.69400 0.69404 0.69662 0.69965 0.69923 0.69685 0.69893 0.70305 0.70376 0.70045 0.70359 0.70683 0.70426 0.70419 0.70847 0.71056 0.70819 0.70839 0.71225 0.71353 0.71287 0.71359 0.71526 0.71668 0.71846 0.71808 0.71799 0.72106 0.72350 0.72142 0.72235 0.72573 0.72538 0.72525 0.72902 0.72967 0.72778 0.73002 0.73408 0.73332 0.73341 0.73491 0.73540 0.73752 0.73976 0.73853 0.73841 0.74295 0.74445 0.74136 0.74322 0.74812 0.74836 0.74602 0.74816 0.75200 0.75225 0.75119 0.75276 0.75541 0.75682 0.71861 0.64326 0.56905 0.49484 0.41887 0.34258 0.26685 0.19120 0.11499 0.03833 0.00000 0.00000 0.00000 0.00000 0.00000 0.00000 0.00000 0.00000 0.00000 0.00000 0.00000 0.00000 0.00000 0.00000 0.00000 0.00000 0.00000 0.00000 0.00000 0.00000 0.00000 0.00000 0.00000 0.00000 0.00000 0.00000 0.00000 0.00000 0.00000 0.00000 0.00000 0.00000 0.00000 0.00000 0.00000
0.00000 0.00000 0.00000 0.00000 0.00000 0.00000 0.00000 0.00000 0.00000 0.00000 0.00000 0.00000 0.00000 0.00000 0.00000 0.00000 0.00000 0.00000 0.00000 0.00000 0.00000 0.00000 0.00000 0.00000 0.00000 0.03847 0.11545 0.19200 0.26852 0.34569 0.42143 0.49619 0.57246 0.65005 0.72471 0.75914 0.75928 0.76078 0.75873 0.75555 0.75621 0.75642 0.75359 0.75221 0.75339 0.75188 0.74862 0.74851 0.75009 0.74757 0.74430 0.74526 0.74628 0.74383 0.74071 0.74195 0.74165 0.73964 0.73984 0.73774 0.73624 0.73605 0.73569 0.73263 0.73415 0.73383 0.73014 0.72901 0.72987 0.72949 0.72926 0.72616 0.72436 0.72496 0.72591 0.72294 0.72022 0.72082 0.72217 0.71977 0.71635 0.71671 0.71838 0.71683 0.71400 0.71279 0.71286 0.71352 0.71292 0.70940 0.70804 0.70962 0.70997 0.70643 0.70486 0.70552 0.70622 0.70368 0.70288 0.70221 0.70217 0.70144 0.69909 0.69836 0.69942 0.69847 0.69528 0.69453 0.69670 0.69574 0.69184 0.69111 0.69401 0.69201 0.68881 0.69166 0.69152 0.68710 0.68644 0.68927 0.68840 0.68391 0.68397 0.68662 0.68537 0.68142 0.68143 0.68382 0.68315 0.67973 0.67858 0.68043 0.68142 0.67863 0.67645 0.67748 0.67876 0.67678 0.67430 0.67545 0.67678 0.67419 0.67213 0.67414 0.67512 0.67129 0.67017 0.67321 0.67343 0.66919 0.66899 0.67166 0.67095 0.66814 0.66979 0.67033 0.66723 0.66677 0.67008 0.66946 0.66600 0.66540 0.66906 0.66864 0.66539 0.66478 0.66733 0.66741 0.66618 0.66499 0.66470 0.66602 0.66672 0.66540 0.66365 0.66495 0.66641 0.66602 0.66403 0.66385 0.66559 0.66693 0.66491 0.66324 0.66531 0.66748 0.66556 0.66329 0.66551 0.66805 0.66666 0.66424 0.66537 0.66786 0.66818 0.66629 0.66558 0.66776 0.66968 0.66805 0.66673 0.66856 0.66989 0.66943 0.67073 0.66998 0.66828 0.67099 0.67342 0.67134 0.66996 0.67352 0.67518 0.67168 0.67225 0.67667 0.67707 0.67327 0.67539 0.67859 0.67755 0.67612 0.67793 0.68095 0.68045 0.67824 0.68007 0.68372 0.68295 0.68114 0.68437 0.68422 0.68301 0.68549 0.68835 0.68683 0.68626 0.68904 0.69038 0.68918 0.69111 0.69343 0.69195 0.69132 0.69533 0.69738 0.69586 0.69484 0.69688 0.70009 0.70034 0.70028 0.70002 0.70081 0.70398 0.70601 0.70414 0.70382 0.70722 0.70957 0.70900 0.70784 0.70956 0.71378 0.71436 0.71165 0.71254 0.71778 0.71875 0.71593 0.71662 0.72126 0.72255 0.72044 0.72122 0.72630 0.72629 0.72432 0.72557 0.72895 0.73077 0.72967 0.72951 0.73368 0.73543 0.73327 0.73391 0.73791 0.73967 0.73798 0.73884 0.74106 0.74225 0.74370 0.74465 0.74445 0.74531 0.74895 0.74991 0.74832 0.74956 0.75357 0.75458 0.75286 0.75366 0.71969 0.64504 0.56852 0.49268 0.41852 0.34336 0.26717 0.19068 0.11461 0.03835 0.00000 0.00000 0.00000 0.00000 0.00000 0.00000 0.00000 0.00000 0.00000 0.00000 0.00000 0.00000 0.00000 0.00000 0.00000 0.00000 0.00000 0.00000 0.00000 0.00000 0.00000 0.00000 0.00000 0.00000 0.00000 0.00000 0.00000 0.00000 0.00000 0.00000 0.00000 0.00000 0.00000 0.00000 0.00000
0.00000 0.00000 0.00000 0.00000 0.00000 0.00000 0.00000 0.00000 0.00000 0.00000 0.00000 0.00000 0.00000 0.00000 0.00000 0.00000 0.00000 0.00000 0.00000 0.00000 0.00000 0.00000 0.00000 0.00000 0.00000 0.03854 0.11559 0.19149 0.26770 0.34535 0.42209 0.49561 0.57078 0.64901 0.72518 0.75892 0.75703 0.75971 0.75952 0.75474 0.75315 0.75629 0.75557 0.75040 0.74932 0.75260 0.75142 0.74633 0.74523 0.74866 0.74748 0.74256 0.74447 0.74476 0.74107 0.73884 0.74136 0.74078 0.73664 0.73644 0.73726 0.73632 0.73275 0.73223 0.73186 0.73365 0.73245 0.72808 0.72738 0.72767 0.72830 0.72788 0.72374 0.72236 0.72408 0.72432 0.72029 0.71838 0.72009 0.72052 0.71717 0.71466 0.71593 0.71664 0.71440 0.71216 0.71188 0.71153 0.71115 0.71117 0.70853 0.70660 0.70718 0.70834 0.70589 0.70355 0.70262 0.70474 0.70421 0.70076 0.69997 0.70098 0.70024 0.69716 0.69643 0.69813 0.69716 0.69362 0.69271 0.69527 0.69435 0.69029 0.69074 0.69282 0.68954 0.68743 0.69054 0.69018 0.68543 0.68464 0.68782 0.68739 0.68293 0.68204 0.68460 0.68465 0.68106 0.67954 0.68109 0.68194 0.68007 0.67772 0.67729 0.67897 0.67898 0.67611 0.67448 0.67644 0.67705 0.67415 0.67233 0.67443 0.67492 0.67209 0.67062 0.67301 0.67305 0.66969 0.66905 0.67214 0.67181 0.66758 0.66774 0.67076 0.67007 0.66806 0.66657 0.66714 0.66856 0.66825 0.66567 0.66554 0.66749 0.66701 0.66462 0.66637 0.66721 0.66410 0.66340 0.66722 0.66710 0.66265 0.66261 0.66670 0.66688 0.66215 0.66224 0.66635 0.66665 0.66215 0.66249 0.66628 0.66613 0.66294 0.66329 0.66535 0.66572 0.66673 0.66465 0.66313 0.66434 0.66761 0.66734 0.66400 0.66391 0.66796 0.66887 0.66555 0.66473 0.66860 0.67001 0.66639 0.66594 0.67105 0.67130 0.66749 0.66745 0.67068 0.67284 0.67083 0.66914 0.67182 0.67415 0.67311 0.67231 0.67418 0.67398 0.67396 0.67632 0.67824 0.67518 0.67488 0.67934 0.68068 0.67746 0.67735 0.68160 0.68326 0.68143 0.68030 0.68056 0.68494 0.68615 0.68535 0.68329 0.68512 0.68941 0.69005 0.68648 0.68730 0.69231 0.69322 0.69041 0.69108 0.69432 0.69661 0.69553 0.69383 0.69598 0.70006 0.70090 0.69738 0.69887 0.70358 0.70322 0.70114 0.70430 0.70745 0.70559 0.70478 0.70876 0.71101 0.70963 0.70958 0.71217 0.71363 0.71489 0.71474 0.71478 0.71754 0.71998 0.71847 0.71855 0.72235 0.72370 0.72184 0.72434 0.72676 0.72530 0.72611 0.73009 0.73064 0.72960 0.73108 0.73376 0.73442 0.73578 0.73568 0.73538 0.73911 0.74114 0.73875 0.73962 0.74470 0.74538 0.74255 0.74462 0.74930 0.74931 0.74747 0.74942 0.75310 0.75366 0.75254 0.75364 0.71851 0.64456 0.56839 0.49250 0.41784 0.34310 0.26708 0.19062 0.11453 0.03830 0.00000 0.00000 0.00000 0.00000 0.00000 0.00000 0.00000 0.00000 0.00000 0.00000 0.00000 0.00000 0.00000 0.00000 0.00000 0.00000 0.00000 0.00000 0.00000 0.00000 0.00000 0.00000 0.00000 0.00000 0.00000 0.00000 0.00000 0.00000 0.00000 0.00000 0.00000 0.00000 0.00000 0.00000 0.00000
0.00000 0.00000 0.00000 0.00000 0.00000 0.00000 0.00000 0.00000 0.00000 0.00000 0.00000 0.00000 0.00000 0.00000 0.00000 0.00194 0.00582 0.00969 0.01351 0.01736 0.02127 0.02510 0.02886 0.03268 0.03659 0.07495 0.14764 0.22059 0.29324 0.36495 0.43721 0.51041 0.58163 0.65168 0.72388 0.76097 0.75887 0.75608 0.75635 0.75685 0.75452 0.75256 0.75302 0.75253 0.74988 0.74868 0.74968 0.74891 0.74541 0.74417 0.74620 0.74632 0.74152 0.74119 0.74212 0.74086 0.73907 0.73792 0.73720 0.73629 0.73602 0.73407 0.73338 0.73215 0.73148 0.73039 0.73049 0.72924 0.72818 0.72688 0.72467 0.72521 0.72656 0.72324 0.72050 0.72131 0.72260 0.71961 0.71669 0.71753 0.71881 0.71641 0.71317 0.71349 0.71462 0.71347 0.71108 0.70979 0.70877 0.70982 0.71016 0.70690 0.70470 0.70544 0.70705 0.70477 0.70206 0.70096 0.70298 0.70280 0.69896 0.69812 0.69967 0.69881 0.69531 0.69478 0.69694 0.69565 0.69186 0.69083 0.69410 0.69310 0.68874 0.69006 0.69138 0.68799 0.68625 0.68896 0.68867 0.68398 0.68359 0.68653 0.68572 0.68118 0.68082 0.68372 0.68318 0.67916 0.67815 0.68029 0.68098 0.67842 0.67573 0.67667 0.67859 0.67714 0.67357 0.67404 0.67642 0.67511 0.67155 0.67212 0.67454 0.67308 0.66960 0.67031 0.67288 0.67176 0.66807 0.66902 0.67071 0.66949 0.66805 0.66841 0.66727 0.66714 0.66911 0.66772 0.66468 0.66543 0.66831 0.66700 0.66368 0.66442 0.66751 0.66593 0.66318 0.66416 0.66616 0.66472 0.66337 0.66411 0.66459 0.66387 0.66366 0.66421 0.66384 0.66303 0.66312 0.66494 0.66455 0.66216 0.66243 0.66563 0.66575 0.66196 0.66257 0.66614 0.66581 0.66240 0.66361 0.66592 0.66630 0.66455 0.66387 0.66590 0.66774 0.66602 0.66445 0.66680 0.66903 0.66703 0.66658 0.66837 0.66756 0.66807 0.67077 0.67021 0.66765 0.66969 0.67300 0.67121 0.66949 0.67360 0.67503 0.67078 0.67188 0.67629 0.67647 0.67314 0.67496 0.67843 0.67793 0.67594 0.67753 0.68072 0.68022 0.67926 0.68108 0.68102 0.68126 0.68365 0.68578 0.68327 0.68282 0.68649 0.68843 0.68635 0.68711 0.69021 0.68962 0.68868 0.69219 0.69431 0.69195 0.69159 0.69504 0.69749 0.69675 0.69636 0.69704 0.69873 0.70110 0.70277 0.70047 0.70043 0.70491 0.70677 0.70470 0.70442 0.70781 0.71063 0.71042 0.70843 0.70945 0.71469 0.71536 0.71252 0.71326 0.71784 0.71950 0.71733 0.71776 0.72236 0.72309 0.72082 0.72251 0.72676 0.72712 0.72535 0.72662 0.73054 0.73185 0.72982 0.73064 0.73536 0.73648 0.73377 0.73531 0.73863 0.74006 0.73973 0.74058 0.74162 0.74275 0.74535 0.74621 0.74536 0.74682 0.75025 0.75089 0.74972 0.75115 0.75454 0.75544 0.71690 0.64177 0.56867 0.49395 0.41792 0.34168 0.26649 0.19105 0.11475 0.03821 0.00000 0.00000 0.00000 0.00000 0.00000 0.00000 0.00000 0.00000 0.00000 0.00000 0.00000 0.00000 0.00000 0.00000 0.00000 0.00000 0.00000 0.00000 0.00000 0.00000 0.00000 0.00000 0.00000 0.00000 0.00000 0.00000 0.00000 0.00000 0.00000 0.00000 0.00000 0.00000 0.00000 0.00000 0.00000
0.00000 0.00000 0.00000 0.00000 0.00000 0.00000 0.00000 0.00000 0.00000 0.00000 0.00000 0.00000 0.00000 0.00000 0.00000 0.00581 0.01745 0.02897 0.04050 0.05216 0.06377 0.07501 0.08645 0.09821 0.10982 0.14751 0.21231 0.27820 0.34351 0.40619 0.47011 0.53677 0.60156 0.66217 0.72529 0.76035 0.75995 0.75504 0.75359 0.75659 0.75609 0.75096 0.74977 0.75286 0.75204 0.74698 0.74573 0.74900 0.74816 0.74307 0.74263 0.74515 0.74289 0.73930 0.74103 0.74107 0.73768 0.73621 0.73767 0.73684 0.73309 0.73262 0.73443 0.73339 0.72898 0.72860 0.72936 0.72941 0.72814 0.72621 0.72450 0.72352 0.72440 0.72441 0.72043 0.71893 0.72078 0.72087 0.71678 0.71505 0.71695 0.71718 0.71378 0.71129 0.71279 0.71328 0.71108 0.70910 0.70901 0.70701 0.70739 0.70880 0.70627 0.70320 0.70290 0.70542 0.70435 0.70028 0.69921 0.70163 0.70102 0.69704 0.69644 0.69846 0.69733 0.69361 0.69310 0.69557 0.69402 0.69030 0.68974 0.69280 0.69054 0.68742 0.68978 0.69014 0.68584 0.68466 0.68791 0.68740 0.68267 0.68198 0.68490 0.68452 0.68049 0.67940 0.68144 0.68165 0.67906 0.67727 0.67738 0.67877 0.67850 0.67546 0.67403 0.67634 0.67692 0.67335 0.67185 0.67428 0.67492 0.67153 0.66999 0.67234 0.67304 0.66945 0.66843 0.67124 0.67154 0.66702 0.66676 0.67035 0.67028 0.66577 0.66525 0.66791 0.66861 0.66609 0.66416 0.66535 0.66735 0.66581 0.66317 0.66416 0.66664 0.66474 0.66216 0.66448 0.66612 0.66296 0.66139 0.66492 0.66566 0.66190 0.66093 0.66479 0.66541 0.66182 0.66083 0.66423 0.66509 0.66235 0.66132 0.66360 0.66487 0.66423 0.66194 0.66197 0.66383 0.66592 0.66530 0.66215 0.66218 0.66639 0.66705 0.66343 0.66287 0.66663 0.66811 0.66514 0.66394 0.66822 0.66924 0.66518 0.66541 0.66989 0.67049 0.66753 0.66727 0.67029 0.67206 0.66999 0.66912 0.67220 0.67229 0.67166 0.67332 0.67536 0.67311 0.67261 0.67638 0.67812 0.67497 0.67478 0.67944 0.68066 0.67719 0.67733 0.68159 0.68293 0.68243 0.68123 0.68095 0.68370 0.68645 0.68629 0.68368 0.68494 0.68955 0.69059 0.68716 0.68767 0.69199 0.69327 0.69173 0.69126 0.69370 0.69706 0.69732 0.69423 0.69554 0.70042 0.70129 0.69820 0.70003 0.70410 0.70335 0.70198 0.70511 0.70815 0.70664 0.70548 0.70913 0.71084 0.71132 0.71133 0.71180 0.71412 0.71660 0.71552 0.71499 0.71889 0.72095 0.71878 0.71970 0.72361 0.72365 0.72252 0.72581 0.72783 0.72649 0.72719 0.73072 0.73167 0.73158 0.73215 0.73322 0.73579 0.73765 0.73610 0.73614 0.74109 0.74231 0.73948 0.74102 0.74625 0.74638 0.74398 0.74594 0.75039 0.75060 0.74883 0.75045 0.75416 0.75517 0.71623 0.64138 0.56798 0.49379 0.41762 0.34150 0.26632 0.19090 0.11467 0.03820 0.00000 0.00000 0.00000 0.00000 0.00000 0.00000 0.00000 0.00000 0.00000 0.00000 0.00000 0.00000 0.00000 0.00000 0.00000 0.00000 0.00000 0.00000 0.00000 0.00000 0.00000 0.00000 0.00000 0.00000 0.00000 0.00000 0.00000 0.00000 0.00000 0.00000 0.00000 0.00000 0.00000 0.00000 0.00000
0.00000 0.00000 0.00000 0.00000 0.00000 0.00000 0.00000 0.00000 0.00000 0.00000 0.00000 0.00000 0.00000 0.00000 0.00000 0.00969 0.02893 0.04823 0.06770 0.08685 0.10573 0.12497 0.14455 0.16334 0.18204 0.22050 0.27819 0.33463 0.39140 0.44912 0.50566 0.56101 0.61795 0.67554 0.73054 0.75664 0.75705 0.75734 0.75489 0.75289 0.75327 0.75317 0.75087 0.74905 0.74942 0.74944 0.74687 0.74464 0.74570 0.74653 0.74294 0.74069 0.74190 0.74246 0.73955 0.73769 0.73756 0.73744 0.73637 0.73448 0.73358 0.73258 0.73223 0.73203 0.73029 0.72797 0.72829 0.72873 0.72580 0.72500 0.72623 0.72401 0.72093 0.72162 0.72312 0.71966 0.71705 0.71841 0.71931 0.71582 0.71338 0.71476 0.71557 0.71292 0.70987 0.71053 0.71152 0.71003 0.70891 0.70718 0.70546 0.70591 0.70722 0.70487 0.70178 0.70129 0.70362 0.70287 0.69874 0.69774 0.70009 0.69946 0.69537 0.69492 0.69714 0.69571 0.69198 0.69185 0.69428 0.69246 0.68885 0.68922 0.69130 0.68852 0.68606 0.68836 0.68874 0.68449 0.68350 0.68633 0.68592 0.68114 0.68060 0.68379 0.68323 0.67857 0.67789 0.68069 0.68064 0.67733 0.67545 0.67653 0.67815 0.67714 0.67303 0.67327 0.67621 0.67536 0.67095 0.67099 0.67421 0.67349 0.66912 0.66907 0.67241 0.67200 0.66738 0.66734 0.67057 0.67031 0.66650 0.66633 0.66778 0.66784 0.66708 0.66584 0.66450 0.66570 0.66714 0.66522 0.66260 0.66432 0.66638 0.66434 0.66168 0.66363 0.66573 0.66337 0.66122 0.66318 0.66518 0.66265 0.66095 0.66288 0.66480 0.66202 0.66066 0.66321 0.66456 0.66116 0.66046 0.66394 0.66474 0.66080 0.66071 0.66401 0.66474 0.66201 0.66179 0.66339 0.66458 0.66389 0.66239 0.66341 0.66570 0.66474 0.66266 0.66463 0.66724 0.66522 0.66373 0.66648 0.66770 0.66570 0.66711 0.66861 0.66612 0.66659 0.67048 0.67064 0.66725 0.66910 0.67258 0.66952 0.66931 0.67373 0.67441 0.67056 0.67197 0.67609 0.67580 0.67309 0.67489 0.67829 0.67773 0.67642 0.67809 0.67895 0.67912 0.68219 0.68253 0.67951 0.68024 0.68456 0.68607 0.68314 0.68340 0.68738 0.68826 0.68604 0.68823 0.69117 0.68909 0.68872 0.69266 0.69490 0.69285 0.69252 0.69455 0.69674 0.69790 0.69864 0.69723 0.69777 0.70210 0.70368 0.70094 0.70114 0.70598 0.70756 0.70566 0.70523 0.70736 0.71164 0.71179 0.70919 0.70996 0.71465 0.71637 0.71422 0.71436 0.71829 0.72016 0.71828 0.71917 0.72357 0.72376 0.72154 0.72367 0.72764 0.72821 0.72627 0.72764 0.73209 0.73301 0.73027 0.73195 0.73630 0.73734 0.73549 0.73682 0.73904 0.74037 0.74156 0.74243 0.74243 0.74393 0.74675 0.74730 0.74666 0.74854 0.75132 0.75157 0.75137 0.75276 0.71763 0.64291 0.56725 0.49161 0.41743 0.34256 0.26653 0.19013 0.11433 0.03828 0.00000 0.00000 0.00000 0.00000 0.00000 0.00000 0.00000 0.00000 0.00000 0.00000 0.00000 0.00000 0.00000 0.00000 0.00000 0.00000 0.00000 0.00000 0.00000 0.00000 0.00000 0.00000 0.00000 0.00000 0.00000 0.00000 0.00000 0.00000 0.00000 0.00000 0.00000 0.00000 0.00000 0.00000 0.00000
0.00000 0.00000 0.00000 0.00000 0.00000 0.00000 0.00000 0.00000 0.00000 0.00000 0.00000 0.00000 0.00000 0.00000 0.00000 0.01354 0.04048 0.06752 0.09470 0.12127 0.14785 0.17505 0.20232 0.22812 0.25440 0.29340 0.34363 0.39125 0.43987 0.49106 0.54071 0.58662 0.63467 0.68678 0.73567 0.75530 0.75405 0.75720 0.75657 0.75139 0.75023 0.75324 0.75262 0.74766 0.74630 0.74914 0.74872 0.74401 0.74272 0.74512 0.74431 0.74030 0.74041 0.74112 0.73903 0.73676 0.73753 0.73704 0.73425 0.73314 0.73449 0.73340 0.72925 0.72902 0.73171 0.72972 0.72662 0.72573 0.72607 0.72493 0.72431 0.72391 0.72107 0.71976 0.72125 0.72112 0.71669 0.71561 0.71795 0.71757 0.71309 0.71182 0.71402 0.71395 0.71063 0.70832 0.70974 0.70979 0.70776 0.70894 0.70650 0.70374 0.70345 0.70570 0.70430 0.70017 0.69922 0.70219 0.70156 0.69696 0.69627 0.69882 0.69778 0.69368 0.69342 0.69584 0.69409 0.69044 0.69089 0.69291 0.68954 0.68748 0.69071 0.69006 0.68606 0.68465 0.68764 0.68733 0.68276 0.68202 0.68517 0.68443 0.68000 0.67951 0.68208 0.68134 0.67797 0.67743 0.67844 0.67813 0.67709 0.67571 0.67395 0.67545 0.67666 0.67314 0.67170 0.67421 0.67447 0.67075 0.66975 0.67221 0.67241 0.66904 0.66809 0.67048 0.67054 0.66684 0.66653 0.66959 0.66937 0.66474 0.66455 0.66820 0.66814 0.66391 0.66312 0.66596 0.66684 0.66375 0.66205 0.66375 0.66589 0.66409 0.66106 0.66234 0.66518 0.66329 0.66027 0.66220 0.66457 0.66265 0.65974 0.66159 0.66420 0.66307 0.65949 0.66093 0.66392 0.66298 0.65975 0.66094 0.66358 0.66324 0.66003 0.66059 0.66376 0.66431 0.66212 0.66046 0.66129 0.66491 0.66511 0.66134 0.66133 0.66522 0.66624 0.66308 0.66207 0.66554 0.66738 0.66425 0.66341 0.66821 0.66829 0.66432 0.66555 0.66901 0.66910 0.66708 0.66858 0.67029 0.66955 0.66908 0.67198 0.67271 0.67051 0.67055 0.67378 0.67550 0.67284 0.67233 0.67640 0.67808 0.67477 0.67468 0.67967 0.68058 0.67776 0.67782 0.67966 0.68205 0.68309 0.68240 0.68128 0.68334 0.68664 0.68715 0.68427 0.68501 0.68948 0.69079 0.68818 0.68835 0.69171 0.69366 0.69335 0.69132 0.69302 0.69731 0.69848 0.69515 0.69617 0.70086 0.70101 0.69923 0.70144 0.70470 0.70383 0.70266 0.70605 0.70889 0.70777 0.70745 0.70923 0.71081 0.71316 0.71251 0.71167 0.71537 0.71779 0.71597 0.71590 0.72031 0.72163 0.71934 0.72120 0.72474 0.72416 0.72358 0.72707 0.72882 0.72798 0.72844 0.73109 0.73284 0.73368 0.73300 0.73335 0.73761 0.73915 0.73663 0.73744 0.74285 0.74342 0.74069 0.74240 0.74736 0.74761 0.74528 0.74712 0.75156 0.75207 0.75027 0.75146 0.71716 0.64316 0.56663 0.49123 0.41718 0.34246 0.26623 0.19008 0.11438 0.03824 0.00000 0.00000 0.00000 0.00000 0.00000 0.00000 0.00000 0.00000 0.00000 0.00000 0.00000 0.00000 0.00000 0.00000 0.00000 0.00000 0.00000 0.00000 0.00000 0.00000 0.00000 0.00000 0.00000 0.00000 0.00000 0.00000 0.00000 0.00000 0.00000 0.00000 0.00000 0.00000 0.00000 0.00000 0.00000
0.00000 0.00000 0.00000 0.00000 0.00000 0.00000 0.00000 0.00000 0.00000 0.00000 0.00000 0.00000 0.00000 0.00000 0.00000 0.01736 0.05226 0.08681 0.12097 0.15576 0.19090 0.22472 0.25850 0.29343 0.32848 0.36522 0.40655 0.44927 0.49103 0.53091 0.57242 0.61491 0.65519 0.69461 0.73683 0.75792 0.75523 0.75311 0.75394 0.75402 0.75142 0.74926 0.74966 0.75016 0.74803 0.74509 0.74538 0.74694 0.74451 0.74092 0.74138 0.74350 0.74084 0.73763 0.73733 0.73882 0.73730 0.73426 0.73356 0.73399 0.73310 0.73159 0.73041 0.72863 0.72865 0.72996 0.72646 0.72445 0.72599 0.72544 0.72158 0.72147 0.72345 0.72040 0.71752 0.71895 0.71983 0.71546 0.71380 0.71610 0.71613 0.71189 0.71022 0.71203 0.71240 0.70995 0.70695 0.70759 0.70792 0.70656 0.70697 0.70485 0.70245 0.70196 0.70398 0.70283 0.69879 0.69771 0.70052 0.70002 0.69542 0.69486 0.69738 0.69615 0.69214 0.69230 0.69448 0.69209 0.68902 0.69023 0.69145 0.68771 0.68607 0.68892 0.68868 0.68492 0.68341 0.68583 0.68600 0.68161 0.68060 0.68364 0.68321 0.67849 0.67789 0.68106 0.68041 0.67596 0.67562 0.67750 0.67758 0.67715 0.67334 0.67278 0.67589 0.67537 0.67045 0.67043 0.67406 0.67343 0.66877 0.66841 0.67209 0.67165 0.66694 0.66660 0.67028 0.66992 0.66546 0.66506 0.66815 0.66801 0.66511 0.66433 0.66528 0.66577 0.66531 0.66380 0.66276 0.66403 0.66503 0.66308 0.66068 0.66298 0.66459 0.66227 0.66010 0.66225 0.66416 0.66160 0.65960 0.66173 0.66372 0.66100 0.65950 0.66176 0.66316 0.66016 0.65959 0.66246 0.66308 0.65938 0.65958 0.66270 0.66310 0.66128 0.66020 0.66062 0.66301 0.66398 0.66099 0.66069 0.66368 0.66404 0.66125 0.66208 0.66525 0.66408 0.66167 0.66417 0.66664 0.66397 0.66330 0.66668 0.66609 0.66426 0.66739 0.66897 0.66545 0.66580 0.67009 0.67023 0.66705 0.67054 0.67205 0.66866 0.66936 0.67367 0.67369 0.67051 0.67218 0.67607 0.67540 0.67315 0.67529 0.67800 0.67695 0.67818 0.67935 0.67683 0.67802 0.68240 0.68322 0.67987 0.68037 0.68501 0.68640 0.68318 0.68406 0.68820 0.68828 0.68607 0.68912 0.69194 0.68947 0.68925 0.69200 0.69498 0.69470 0.69424 0.69414 0.69551 0.69903 0.70027 0.69774 0.69807 0.70317 0.70448 0.70175 0.70206 0.70657 0.70845 0.70808 0.70611 0.70672 0.71174 0.71305 0.71100 0.71109 0.71448 0.71728 0.71586 0.71572 0.71941 0.72086 0.71887 0.72040 0.72461 0.72484 0.72262 0.72458 0.72882 0.72951 0.72713 0.72874 0.73343 0.73414 0.73148 0.73340 0.73686 0.73783 0.73752 0.73869 0.73966 0.74105 0.74314 0.74396 0.74363 0.74533 0.74797 0.74821 0.74821 0.75045 0.75233 0.75213 0.71537 0.64103 0.56721 0.49250 0.41689 0.34091 0.26595 0.19070 0.11447 0.03807 0.00000 0.00000 0.00000 0.00000 0.00000 0.00000 0.00000 0.00000 0.00000 0.00000 0.00000 0.00000 0.00000 0.00000 0.00000 0.00000 0.00000 0.00000 0.00000 0.00000 0.00000 0.00000 0.00000 0.00000 0.00000 0.00000 0.00000 0.00000 0.00000 0.00000 0.00000 0.00000 0.00000 0.00000 0.00000
0.00000 0.00000 0.00000 0.00000 0.00000 0.00000 0.00000 0.00000 0.00000 0.00000 0.00000 0.00000 0.00000 0.00000 0.00000 0.02118 0.06380 0.10605 0.14781 0.19015 0.23316 0.27442 0.31551 0.35826 0.40140 0.43755 0.47048 0.50616 0.54106 0.57209 0.60476 0.64141 0.67529 0.70490 0.73754 0.75782 0.75692 0.75183 0.75077 0.75384 0.75305 0.74820 0.74692 0.74954 0.74916 0.74496 0.74328 0.74511 0.74502 0.74156 0.74033 0.74090 0.74030 0.73799 0.73738 0.73677 0.73565 0.73438 0.73411 0.73326 0.73069 0.72973 0.73169 0.73000 0.72592 0.72586 0.72806 0.72566 0.72352 0.72377 0.72256 0.72066 0.72113 0.72128 0.71712 0.71631 0.71870 0.71793 0.71302 0.71245 0.71500 0.71434 0.70966 0.70887 0.71081 0.71047 0.70831 0.70700 0.70670 0.70491 0.70430 0.70592 0.70425 0.70063 0.69973 0.70256 0.70188 0.69713 0.69627 0.69919 0.69833 0.69377 0.69350 0.69611 0.69457 0.69063 0.69103 0.69314 0.69030 0.68762 0.69019 0.69014 0.68557 0.68472 0.68777 0.68729 0.68316 0.68201 0.68492 0.68445 0.67996 0.67959 0.68256 0.68123 0.67734 0.67759 0.67966 0.67769 0.67486 0.67626 0.67614 0.67416 0.67607 0.67460 0.67191 0.67264 0.67410 0.67044 0.66961 0.67237 0.67193 0.66838 0.66778 0.67017 0.67000 0.66665 0.66611 0.66875 0.66850 0.66446 0.66417 0.66779 0.66742 0.66274 0.66240 0.66631 0.66619 0.66174 0.66116 0.66454 0.66507 0.66174 0.66014 0.66129 0.66425 0.66311 0.65928 0.66022 0.66358 0.66230 0.65866 0.65982 0.66311 0.66243 0.65829 0.65897 0.66281 0.66269 0.65839 0.65870 0.66219 0.66265 0.65924 0.65880 0.66179 0.66297 0.66003 0.65888 0.66105 0.66346 0.66263 0.65948 0.66035 0.66392 0.66413 0.66085 0.66055 0.66393 0.66557 0.66296 0.66142 0.66495 0.66651 0.66296 0.66355 0.66767 0.66672 0.66416 0.66683 0.66857 0.66676 0.66654 0.67075 0.67040 0.66736 0.66833 0.67191 0.67294 0.67046 0.67003 0.67358 0.67554 0.67315 0.67219 0.67623 0.67814 0.67553 0.67491 0.67769 0.68001 0.67981 0.67889 0.67916 0.68154 0.68361 0.68316 0.68170 0.68361 0.68676 0.68757 0.68505 0.68591 0.68949 0.69015 0.68940 0.68927 0.69145 0.69379 0.69500 0.69230 0.69284 0.69765 0.69835 0.69616 0.69792 0.70151 0.70102 0.70022 0.70291 0.70598 0.70435 0.70357 0.70712 0.70882 0.70922 0.70915 0.70874 0.71198 0.71442 0.71316 0.71253 0.71688 0.71887 0.71658 0.71701 0.72146 0.72221 0.72042 0.72288 0.72567 0.72505 0.72498 0.72822 0.72982 0.72967 0.72966 0.73125 0.73436 0.73566 0.73371 0.73414 0.73949 0.74045 0.73758 0.73889 0.74426 0.74463 0.74186 0.74372 0.74861 0.74904 0.74676 0.74826 0.75205 0.75358 0.71452 0.63976 0.56681 0.49277 0.41635 0.34071 0.26607 0.19056 0.11418 0.03810 0.00000 0.00000 0.00000 0.00000 0.00000 0.00000 0.00000 0.00000 0.00000 0.00000 0.00000 0.00000 0.00000 0.00000 0.00000 0.00000 0.00000 0.00000 0.00000 0.00000 0.00000 0.00000 0.00000 0.00000 0.00000 0.00000 0.00000 0.00000 0.00000 0.00000 0.00000 0.00000 0.00000 0.00000 0.00000
0.00000 0.00000 0.00000 0.00000 0.00000 0.00000 0.00000 0.00000 0.00000 0.00000 0.00000 0.00000 0.00000 0.00000 0.00000 0.02506 0.07497 0.12504 0.17556 0.22454 0.27364 0.32429 0.37491 0.42232 0.47124 0.51089 0.53772 0.56142 0.58750 0.61546 0.64105 0.66470 0.69149 0.71884 0.74287 0.75338 0.75451 0.75494 0.75197 0.74938 0.75025 0.75110 0.74876 0.74542 0.74560 0.74757 0.74568 0.74147 0.74126 0.74408 0.74207 0.73792 0.73710 0.73996 0.73850 0.73434 0.73322 0.73545 0.73433 0.73095 0.73045 0.73048 0.72930 0.72909 0.72707 0.72486 0.72602 0.72676 0.72236 0.72104 0.72379 0.72201 0.71809 0.71857 0.72037 0.71581 0.71430 0.71700 0.71672 0.71162 0.71071 0.71359 0.71296 0.70832 0.70721 0.70821 0.70896 0.70742 0.70562 0.70480 0.70364 0.70297 0.70411 0.70270 0.69926 0.69826 0.70093 0.70033 0.69566 0.69491 0.69769 0.69678 0.69231 0.69228 0.69470 0.69280 0.68922 0.69016 0.69170 0.68828 0.68624 0.68907 0.68874 0.68446 0.68339 0.68574 0.68600 0.68255 0.68059 0.68290 0.68322 0.67917 0.67790 0.68098 0.68037 0.67617 0.67580 0.67840 0.67711 0.67506 0.67426 0.67288 0.67417 0.67557 0.67111 0.67015 0.67423 0.67330 0.66866 0.66805 0.67180 0.67132 0.66664 0.66613 0.66995 0.66949 0.66486 0.66444 0.66811 0.66769 0.66373 0.66329 0.66591 0.66565 0.66337 0.66273 0.66369 0.66362 0.66288 0.66219 0.66183 0.66215 0.66251 0.66154 0.66005 0.66116 0.66279 0.66092 0.65882 0.66048 0.66251 0.66025 0.65840 0.66035 0.66181 0.65934 0.65878 0.66097 0.66121 0.65815 0.65888 0.66178 0.66127 0.65894 0.65903 0.65954 0.66144 0.66261 0.65960 0.65856 0.66189 0.66317 0.66000 0.65965 0.66323 0.66330 0.66007 0.66152 0.66490 0.66297 0.66089 0.66430 0.66587 0.66248 0.66352 0.66696 0.66444 0.66351 0.66746 0.66841 0.66506 0.66682 0.66972 0.66779 0.66700 0.67106 0.67151 0.66826 0.66959 0.67376 0.67313 0.67047 0.67268 0.67624 0.67472 0.67386 0.67640 0.67604 0.67589 0.67952 0.68036 0.67708 0.67774 0.68262 0.68366 0.68026 0.68088 0.68554 0.68694 0.68336 0.68457 0.68890 0.68940 0.68648 0.68858 0.69264 0.69253 0.69017 0.69071 0.69422 0.69619 0.69660 0.69461 0.69511 0.69993 0.70136 0.69876 0.69896 0.70405 0.70525 0.70365 0.70333 0.70520 0.70927 0.70960 0.70794 0.70789 0.71065 0.71419 0.71343 0.71237 0.71503 0.71816 0.71688 0.71689 0.72089 0.72198 0.71944 0.72121 0.72572 0.72629 0.72386 0.72545 0.73017 0.73083 0.72810 0.73006 0.73460 0.73499 0.73325 0.73515 0.73730 0.73830 0.73940 0.74066 0.74069 0.74191 0.74457 0.74555 0.74511 0.74683 0.74915 0.74885 0.74987 0.75187 0.71568 0.64064 0.56599 0.49089 0.41651 0.34167 0.26587 0.18973 0.11413 0.03824 0.00000 0.00000 0.00000 0.00000 0.00000 0.00000 0.00000 0.00000 0.00000 0.00000 0.00000 0.00000 0.00000 0.00000 0.00000 0.00000 0.00000 0.00000 0.00000 0.00000 0.00000 0.00000 0.00000 0.00000 0.00000 0.00000 0.00000 0.00000 0.00000 0.00000 0.00000 0.00000 0.00000 0.00000 0.00000
0.00000 0.00000 0.00000 0.00000 0.00000 0.00000 0.00000 0.00000 0.00000 0.00000 0.00000 0.00000 0.00000 0.00000 0.00000 0.02897 0.08639 0.14380 0.20239 0.25947 0.31548 0.37311 0.43209 0.48787 0.54292 0.58214 0.60260 0.61868 0.63554 0.65651 0.67582 0.69076 0.70801 0.72983 0.74800 0.75264 0.75160 0.75443 0.75331 0.74878 0.74788 0.75015 0.74925 0.74571 0.74422 0.74545 0.74532 0.74268 0.74093 0.74092 0.74111 0.73912 0.73761 0.73649 0.73687 0.73594 0.73397 0.73256 0.73240 0.73161 0.73102 0.73021 0.72710 0.72615 0.72885 0.72624 0.72292 0.72428 0.72452 0.72136 0.72028 0.72173 0.71903 0.71699 0.71867 0.71830 0.71345 0.71314 0.71546 0.71475 0.71031 0.70935 0.71133 0.71114 0.70939 0.70645 0.70666 0.70621 0.70567 0.70558 0.70407 0.70137 0.70065 0.70296 0.70201 0.69758 0.69658 0.69959 0.69888 0.69407 0.69364 0.69640 0.69519 0.69083 0.69096 0.69341 0.69132 0.68783 0.68906 0.69038 0.68650 0.68489 0.68782 0.68745 0.68326 0.68203 0.68449 0.68462 0.68074 0.67951 0.68231 0.68148 0.67736 0.67742 0.68010 0.67786 0.67464 0.67623 0.67772 0.67391 0.67313 0.67540 0.67314 0.67068 0.67354 0.67300 0.66968 0.67173 0.67165 0.66803 0.66750 0.67024 0.66971 0.66633 0.66568 0.66812 0.66802 0.66443 0.66380 0.66701 0.66677 0.66237 0.66190 0.66592 0.66563 0.66092 0.66045 0.66470 0.66441 0.66008 0.65940 0.66250 0.66341 0.66262 0.65853 0.65853 0.66264 0.66214 0.65780 0.65834 0.66211 0.66139 0.65725 0.65781 0.66179 0.66159 0.65708 0.65722 0.66122 0.66168 0.65820 0.65719 0.65922 0.66183 0.66057 0.65738 0.65887 0.66211 0.66090 0.65786 0.65939 0.66254 0.66188 0.65889 0.65952 0.66269 0.66348 0.66106 0.65976 0.66234 0.66497 0.66290 0.66121 0.66488 0.66496 0.66197 0.66478 0.66698 0.66453 0.66407 0.66839 0.66835 0.66516 0.66610 0.67027 0.67050 0.66785 0.66780 0.67129 0.67308 0.67107 0.66978 0.67292 0.67566 0.67463 0.67234 0.67426 0.67784 0.67837 0.67579 0.67635 0.67950 0.68090 0.67968 0.67924 0.68182 0.68402 0.68344 0.68225 0.68482 0.68696 0.68640 0.68592 0.68919 0.68979 0.68907 0.69050 0.69105 0.69170 0.69406 0.69509 0.69332 0.69491 0.69847 0.69793 0.69696 0.69984 0.70262 0.70107 0.70079 0.70472 0.70709 0.70480 0.70512 0.70832 0.70937 0.71037 0.70994 0.70968 0.71355 0.71539 0.71392 0.71365 0.71808 0.71988 0.71773 0.71845 0.72227 0.72263 0.72198 0.72475 0.72647 0.72614 0.72647 0.72920 0.73108 0.73160 0.73068 0.73143 0.73615 0.73731 0.73460 0.73546 0.74106 0.74167 0.73895 0.74035 0.74549 0.74602 0.74340 0.74503 0.75041 0.75056 0.74945 0.74951 0.71446 0.64189 0.56546 0.49010 0.41648 0.34179 0.26528 0.18968 0.11443 0.03817 0.00000 0.00000 0.00000 0.00000 0.00000 0.00000 0.00000 0.00000 0.00000 0.00000 0.00000 0.00000 0.00000 0.00000 0.00000 0.00000 0.00000 0.00000 0.00000 0.00000 0.00000 0.00000 0.00000 0.00000 0.00000 0.00000 0.00000 0.00000 0.00000 0.00000 0.00000 0.00000 0.00000 0.00000 0.00000
0.00000 0.00000 0.00000 0.00000 0.00000 0.00000 0.00000 0.00000 0.00000 0.00000 0.00000 0.00000 0.00000 0.00000 0.00000 0.03273 0.09829 0.16297 0.22782 0.29391 0.35946 0.42197 0.48628 0.55353 0.61879 0.65255 0.66338 0.67726 0.68800 0.69533 0.70645 0.71962 0.72918 0.73687 0.74901 0.75594 0.75300 0.74981 0.75079 0.75203 0.74949 0.74591 0.74614 0.74818 0.74653 0.74211 0.74160 0.74462 0.74298 0.73849 0.73738 0.74076 0.73928 0.73479 0.73353 0.73659 0.73526 0.73096 0.73002 0.73217 0.73047 0.72801 0.72789 0.72688 0.72579 0.72655 0.72306 0.72151 0.72437 0.72346 0.71878 0.71771 0.72098 0.71860 0.71488 0.71723 0.71732 0.71251 0.71122 0.71403 0.71374 0.70913 0.70768 0.70918 0.70971 0.70909 0.70477 0.70454 0.70497 0.70445 0.70404 0.70239 0.69999 0.69928 0.70138 0.70047 0.69615 0.69518 0.69812 0.69738 0.69264 0.69239 0.69498 0.69362 0.68947 0.68989 0.69197 0.68955 0.68654 0.68812 0.68891 0.68475 0.68362 0.68626 0.68605 0.68328 0.68071 0.68191 0.68330 0.68074 0.67789 0.68007 0.68055 0.67695 0.67560 0.67827 0.67729 0.67440 0.67451 0.67486 0.67347 0.67454 0.67318 0.67027 0.67149 0.67325 0.66893 0.66787 0.67174 0.67109 0.66643 0.66587 0.66969 0.66916 0.66449 0.66409 0.66786 0.66734 0.66290 0.66268 0.66606 0.66542 0.66201 0.66186 0.66413 0.66333 0.66117 0.66142 0.66290 0.66144 0.65975 0.66099 0.66278 0.66006 0.65988 0.66051 0.65920 0.65914 0.66109 0.65985 0.65750 0.65885 0.66085 0.65887 0.65747 0.65929 0.66002 0.65751 0.65795 0.66047 0.65962 0.65705 0.65810 0.65972 0.65986 0.66059 0.65832 0.65721 0.66036 0.66180 0.65867 0.65770 0.66141 0.66233 0.65873 0.65898 0.66318 0.66241 0.65908 0.66138 0.66418 0.66165 0.66077 0.66467 0.66365 0.66150 0.66483 0.66637 0.66328 0.66440 0.66750 0.66638 0.66479 0.66842 0.66942 0.66636 0.66714 0.67147 0.67087 0.66806 0.67030 0.67390 0.67232 0.67089 0.67383 0.67566 0.67369 0.67570 0.67762 0.67528 0.67535 0.67982 0.68089 0.67770 0.67812 0.68293 0.68412 0.68069 0.68144 0.68605 0.68737 0.68380 0.68509 0.68951 0.69007 0.68731 0.68799 0.69317 0.69387 0.69256 0.69127 0.69223 0.69685 0.69824 0.69587 0.69598 0.70055 0.70213 0.70030 0.70045 0.70378 0.70564 0.70585 0.70598 0.70525 0.70681 0.71085 0.71173 0.70924 0.71066 0.71522 0.71521 0.71349 0.71634 0.71934 0.71700 0.71767 0.72240 0.72351 0.72048 0.72196 0.72692 0.72776 0.72517 0.72659 0.73162 0.73198 0.72929 0.73170 0.73540 0.73560 0.73538 0.73725 0.73800 0.73880 0.74110 0.74277 0.74206 0.74268 0.74597 0.74827 0.74674 0.74804 0.75033 0.75063 0.71396 0.63959 0.56585 0.49114 0.41595 0.34056 0.26548 0.19017 0.11421 0.03808 0.00000 0.00000 0.00000 0.00000 0.00000 0.00000 0.00000 0.00000 0.00000 0.00000 0.00000 0.00000 0.00000 0.00000 0.00000 0.00000 0.00000 0.00000 0.00000 0.00000 0.00000 0.00000 0.00000 0.00000 0.00000 0.00000 0.00000 0.00000 0.00000 0.00000 0.00000 0.00000 0.00000 0.00000 0.00000
0.00000 0.00000 0.00000 0.00000 0.00000 0.00000 0.00000 0.00000 0.00000 0.00000 0.00000 0.00000 0.00000 0.00000 0.00000 0.03641 0.10975 0.18286 0.25443 0.32679 0.40111 0.47310 0.54319 0.61604 0.69054 0.72638 0.72717 0.73226 0.73729 0.73759 0.73897 0.74499 0.74861 0.74826 0.75071 0.75490 0.75365 0.74973 0.74927 0.75074 0.74926 0.74646 0.74566 0.74601 0.74519 0.74361 0.74208 0.74131 0.74146 0.74001 0.73833 0.73692 0.73774 0.73660 0.73431 0.73239 0.73379 0.73354 0.73062 0.72959 0.72909 0.72828 0.72829 0.72739 0.72373 0.72473 0.72582 0.72181 0.71987 0.72280 0.72128 0.71748 0.71682 0.71891 0.71643 0.71391 0.71547 0.71502 0.71228 0.71001 0.71121 0.71182 0.70972 0.70630 0.70580 0.70788 0.70774 0.70497 0.70371 0.70221 0.70217 0.70335 0.70182 0.69819 0.69712 0.70011 0.69954 0.69459 0.69394 0.69681 0.69576 0.69117 0.69110 0.69369 0.69222 0.68814 0.68850 0.69069 0.68835 0.68520 0.68654 0.68770 0.68394 0.68222 0.68413 0.68490 0.68228 0.67944 0.68132 0.68198 0.67854 0.67702 0.67997 0.67860 0.67493 0.67550 0.67777 0.67439 0.67256 0.67507 0.67463 0.67069 0.67227 0.67380 0.67026 0.66843 0.67132 0.66894 0.66739 0.67010 0.66957 0.66618 0.66530 0.66776 0.66784 0.66448 0.66341 0.66616 0.66635 0.66238 0.66153 0.66523 0.66514 0.66053 0.65991 0.66407 0.66392 0.65940 0.65875 0.66262 0.66272 0.65963 0.65792 0.65899 0.66173 0.66153 0.65720 0.65686 0.66108 0.66065 0.65648 0.65690 0.66078 0.66032 0.65596 0.65622 0.66058 0.66052 0.65627 0.65590 0.65838 0.66066 0.65957 0.65601 0.65660 0.66086 0.66034 0.65641 0.65783 0.66117 0.66008 0.65728 0.65856 0.66141 0.66119 0.65918 0.65873 0.66063 0.66302 0.66223 0.65913 0.66081 0.66412 0.66229 0.66227 0.66484 0.66262 0.66210 0.66627 0.66644 0.66306 0.66406 0.66840 0.66818 0.66536 0.66573 0.66936 0.67068 0.66869 0.66745 0.67051 0.67322 0.67221 0.67001 0.67179 0.67551 0.67645 0.67312 0.67316 0.67740 0.67890 0.67663 0.67645 0.67966 0.68157 0.68004 0.67953 0.68265 0.68449 0.68329 0.68281 0.68645 0.68749 0.68584 0.68652 0.69004 0.69097 0.69010 0.69017 0.69131 0.69419 0.69533 0.69404 0.69375 0.69728 0.69966 0.69780 0.69769 0.70185 0.70402 0.70116 0.70149 0.70676 0.70748 0.70520 0.70621 0.70898 0.71073 0.71110 0.71086 0.71144 0.71478 0.71654 0.71522 0.71454 0.71873 0.72039 0.71952 0.72097 0.72277 0.72298 0.72376 0.72659 0.72750 0.72748 0.72772 0.72981 0.73273 0.73367 0.73164 0.73220 0.73780 0.73874 0.73607 0.73702 0.74226 0.74301 0.74123 0.74182 0.74688 0.74755 0.74744 0.74638 0.74795 0.75221 0.71476 0.63831 0.56520 0.49185 0.41543 0.34001 0.26578 0.19025 0.11383 0.03803 0.00000 0.00000 0.00000 0.00000 0.00000 0.00000 0.00000 0.00000 0.00000 0.00000 0.00000 0.00000 0.00000 0.00000 0.00000 0.00000 0.00000 0.00000 0.00000 0.00000 0.00000 0.00000 0.00000 0.00000 0.00000 0.00000 0.00000 0.00000 0.00000 0.00000 0.00000 0.00000 0.00000 0.00000 0.00000
0.00000 0.00000 0.00000 0.00000 0.00000 0.00000 0.00000 0.00000 0.00000 0.00000 0.00000 0.00000 0.00000 0.00000 0.00000 0.03834 0.11504 0.19234 0.26897 0.34353 0.41950 0.49832 0.57477 0.64647 0.72217 0.76392 0.76344 0.75804 0.75749 0.76030 0.75924 0.75445 0.75453 0.75676 0.75457 0.75049 0.75105 0.75280 0.75056 0.74675 0.74671 0.74869 0.74739 0.74301 0.74219 0.74494 0.74389 0.73932 0.73801 0.74140 0.73984 0.73550 0.73411 0.73748 0.73573 0.73150 0.73151 0.73339 0.73079 0.72773 0.72966 0.72893 0.72572 0.72543 0.72544 0.72336 0.72356 0.72377 0.71983 0.71832 0.72150 0.72036 0.71554 0.71440 0.71796 0.71580 0.71189 0.71380 0.71449 0.71088 0.70832 0.70973 0.71040 0.70802 0.70460 0.70468 0.70620 0.70617 0.70429 0.70217 0.70069 0.70083 0.70194 0.70013 0.69681 0.69581 0.69867 0.69788 0.69319 0.69281 0.69544 0.69429 0.68984 0.68996 0.69227 0.69068 0.68697 0.68749 0.68916 0.68679 0.68419 0.68523 0.68613 0.68423 0.68127 0.68119 0.68338 0.68264 0.67829 0.67867 0.68079 0.67868 0.67542 0.67763 0.67796 0.67481 0.67373 0.67540 0.67375 0.67307 0.67338 0.67127 0.67070 0.67280 0.67071 0.66789 0.67162 0.67102 0.66599 0.66572 0.66962 0.66894 0.66424 0.66393 0.66760 0.66703 0.66244 0.66240 0.66592 0.66514 0.66110 0.66122 0.66420 0.66319 0.66018 0.66058 0.66275 0.66112 0.65885 0.66032 0.66225 0.65927 0.65744 0.66008 0.66070 0.65798 0.65850 0.65957 0.65721 0.65739 0.65994 0.65867 0.65611 0.65755 0.65940 0.65755 0.65653 0.65830 0.65859 0.65623 0.65700 0.65878 0.65848 0.65813 0.65714 0.65667 0.65900 0.66023 0.65729 0.65622 0.65992 0.66104 0.65739 0.65696 0.66152 0.66160 0.65756 0.65856 0.66238 0.66163 0.65986 0.66128 0.66186 0.66047 0.66389 0.66414 0.66113 0.66247 0.66574 0.66450 0.66266 0.66603 0.66758 0.66460 0.66463 0.66922 0.66894 0.66587 0.66812 0.67168 0.66972 0.66829 0.67173 0.67372 0.67121 0.67185 0.67517 0.67456 0.67306 0.67641 0.67829 0.67582 0.67559 0.68001 0.68131 0.67840 0.67875 0.68321 0.68458 0.68132 0.68209 0.68643 0.68763 0.68466 0.68567 0.68981 0.69122 0.68896 0.68840 0.69174 0.69430 0.69491 0.69285 0.69333 0.69711 0.69902 0.69739 0.69748 0.70089 0.70246 0.70196 0.70258 0.70351 0.70509 0.70720 0.70897 0.70652 0.70710 0.71196 0.71329 0.71037 0.71183 0.71646 0.71627 0.71439 0.71848 0.72080 0.71717 0.71860 0.72373 0.72500 0.72227 0.72298 0.72823 0.72906 0.72639 0.72814 0.73312 0.73284 0.73110 0.73375 0.73593 0.73608 0.73747 0.73959 0.73912 0.73949 0.74275 0.74551 0.74363 0.74406 0.74737 0.74996 0.74844 0.74924 0.71584 0.64555 0.57431 0.50323 0.43275 0.36138 0.28989 0.21823 0.14629 0.07423 0.03626 0.03248 0.02861 0.02486 0.02113 0.01730 0.01343 0.00962 0.00579 0.00193 0.00000 0.00000 0.00000 0.00000 0.00000 0.00000 0.00000 0.00000 0.00000 0.00000 0.00000 0.00000 0.00000 0.00000 0.00000 0.00000 0.00000 0.00000 0.00000 0.00000 0.00000 0.00000 0.00000 0.00000 0.00000
0.00000 0.00000 0.00000 0.00000 0.00000 0.00000 0.00000 0.00000 0.00000 0.00000 0.00000 0.00000 0.00000 0.00000 0.00000 0.03850 0.11503 0.19096 0.26834 0.34514 0.42001 0.49560 0.57327 0.64880 0.72237 0.76062 0.76223 0.75979 0.75661 0.75804 0.75882 0.75553 0.75336 0.75503 0.75423 0.75115 0.75060 0.75119 0.74945 0.74744 0.74726 0.74663 0.74511 0.74453 0.74353 0.74184 0.74148 0.74110 0.73947 0.73774 0.73829 0.73642 0.73508 0.73378 0.73484 0.73412 0.73086 0.73003 0.73078 0.72967 0.72761 0.72792 0.72573 0.72531 0.72570 0.72296 0.72062 0.72348 0.72270 0.71788 0.71681 0.71987 0.71857 0.71444 0.71368 0.71540 0.71483 0.71127 0.71082 0.71192 0.71075 0.70732 0.70676 0.70910 0.70814 0.70340 0.70316 0.70347 0.70372 0.70395 0.70157 0.69879 0.69856 0.70076 0.69972 0.69524 0.69434 0.69736 0.69630 0.69172 0.69158 0.69417 0.69285 0.68850 0.68858 0.69101 0.68957 0.68567 0.68584 0.68795 0.68633 0.68274 0.68290 0.68511 0.68465 0.67974 0.67992 0.68242 0.68052 0.67691 0.67871 0.67954 0.67600 0.67455 0.67776 0.67593 0.67263 0.67388 0.67526 0.67087 0.67097 0.67360 0.67139 0.66828 0.67061 0.67114 0.66771 0.66851 0.66935 0.66669 0.66515 0.66738 0.66776 0.66461 0.66309 0.66541 0.66616 0.66267 0.66123 0.66445 0.66474 0.66046 0.65954 0.66346 0.66350 0.65892 0.65816 0.66214 0.66226 0.65828 0.65729 0.66014 0.66098 0.65914 0.65668 0.65698 0.66006 0.65974 0.65597 0.65614 0.65968 0.65895 0.65520 0.65575 0.65957 0.65918 0.65488 0.65496 0.65893 0.65945 0.65738 0.65483 0.65535 0.65964 0.65952 0.65512 0.65594 0.65986 0.65902 0.65588 0.65721 0.66005 0.65924 0.65752 0.65788 0.65937 0.66069 0.66080 0.65818 0.65834 0.66246 0.66295 0.65953 0.66063 0.66121 0.66167 0.66428 0.66413 0.66110 0.66253 0.66646 0.66586 0.66317 0.66435 0.66755 0.66810 0.66628 0.66538 0.66850 0.67072 0.66971 0.66802 0.66971 0.67294 0.67341 0.67094 0.67111 0.67511 0.67680 0.67395 0.67354 0.67752 0.67947 0.67699 0.67667 0.68041 0.68233 0.68027 0.67980 0.68365 0.68524 0.68343 0.68320 0.68729 0.68853 0.68688 0.68666 0.68965 0.69256 0.69219 0.69010 0.69094 0.69533 0.69676 0.69445 0.69449 0.69911 0.70084 0.69800 0.69852 0.70364 0.70492 0.70170 0.70260 0.70783 0.70839 0.70643 0.70730 0.71031 0.71188 0.71200 0.71228 0.71327 0.71538 0.71757 0.71714 0.71759 0.71899 0.71978 0.72161 0.72358 0.72346 0.72373 0.72523 0.72818 0.72914 0.72922 0.72870 0.73013 0.73448 0.73562 0.73299 0.73373 0.73906 0.74006 0.73818 0.73862 0.74302 0.74450 0.74409 0.74333 0.74631 0.74915 0.74993 0.74798 0.71789 0.65763 0.59329 0.52870 0.46661 0.40376 0.33846 0.27452 0.21128 0.14681 0.10840 0.09727 0.08614 0.07453 0.06319 0.05187 0.04037 0.02883 0.01735 0.00578 0.00000 0.00000 0.00000 0.00000 0.00000 0.00000 0.00000 0.00000 0.00000 0.00000 0.00000 0.00000 0.00000 0.00000 0.00000 0.00000 0.00000 0.00000 0.00000 0.00000 0.00000 0.00000 0.00000 0.00000 0.00000
0.00000 0.00000 0.00000 0.00000 0.00000 0.00000 0.00000 0.00000 0.00000 0.00000 0.00000 0.00000 0.00000 0.00000 0.00000 0.03846 0.11513 0.19098 0.26714 0.34505 0.42142 0.49452 0.56992 0.64962 0.72582 0.75793 0.75772 0.76099 0.76050 0.75500 0.75460 0.75739 0.75624 0.75112 0.75119 0.75363 0.75191 0.74781 0.74718 0.74918 0.74840 0.74413 0.74288 0.74524 0.74487 0.74032 0.73871 0.74181 0.74060 0.73635 0.73520 0.73830 0.73526 0.73228 0.73362 0.73435 0.73070 0.72829 0.73094 0.73029 0.72645 0.72479 0.72778 0.72568 0.72283 0.72301 0.72205 0.72003 0.72111 0.72085 0.71664 0.71528 0.71847 0.71736 0.71270 0.71266 0.71480 0.71300 0.70885 0.70954 0.71116 0.70860 0.70579 0.70649 0.70670 0.70552 0.70453 0.70272 0.70106 0.70224 0.70285 0.69989 0.69744 0.69745 0.69931 0.69755 0.69390 0.69373 0.69598 0.69476 0.69039 0.69060 0.69279 0.69139 0.68739 0.68748 0.68948 0.68808 0.68488 0.68473 0.68619 0.68504 0.68224 0.68145 0.68326 0.68351 0.67923 0.67802 0.68071 0.68066 0.67614 0.67620 0.67833 0.67592 0.67315 0.67543 0.67516 0.67279 0.67364 0.67247 0.67027 0.67184 0.67150 0.66840 0.66928 0.67090 0.66698 0.66565 0.66947 0.66889 0.66419 0.66379 0.66748 0.66683 0.66229 0.66229 0.66563 0.66487 0.66060 0.66088 0.66412 0.66307 0.65948 0.65977 0.66252 0.66119 0.65829 0.65938 0.66152 0.65901 0.65683 0.65942 0.66081 0.65719 0.65592 0.65918 0.65862 0.65620 0.65903 0.65847 0.65478 0.65598 0.65899 0.65759 0.65486 0.65609 0.65823 0.65750 0.65545 0.65605 0.65763 0.65739 0.65583 0.65596 0.65785 0.65850 0.65594 0.65517 0.65864 0.65964 0.65601 0.65540 0.65999 0.66038 0.65614 0.65640 0.66101 0.66105 0.65818 0.65802 0.66001 0.66188 0.66195 0.66018 0.65926 0.66184 0.66455 0.66219 0.66059 0.66407 0.66601 0.66280 0.66228 0.66703 0.66768 0.66388 0.66539 0.66957 0.66712 0.66594 0.67009 0.67168 0.66841 0.66889 0.67313 0.67337 0.67065 0.67269 0.67593 0.67469 0.67325 0.67658 0.67865 0.67678 0.67629 0.68001 0.68172 0.67948 0.67947 0.68323 0.68508 0.68247 0.68278 0.68643 0.68849 0.68626 0.68601 0.68931 0.69204 0.69125 0.68981 0.69126 0.69405 0.69587 0.69473 0.69470 0.69761 0.69943 0.69873 0.69933 0.70139 0.70258 0.70334 0.70472 0.70445 0.70517 0.70833 0.71012 0.70763 0.70856 0.71329 0.71449 0.71134 0.71362 0.71790 0.71591 0.71566 0.72038 0.72214 0.71940 0.71972 0.72477 0.72630 0.72410 0.72438 0.72974 0.73006 0.72775 0.73022 0.73452 0.73345 0.73337 0.73611 0.73664 0.73670 0.73935 0.74195 0.74056 0.74073 0.74437 0.74715 0.74527 0.74573 0.74870 0.75071 0.72198 0.66632 0.61187 0.55577 0.49993 0.44426 0.38842 0.33145 0.27528 0.21890 0.18080 0.16191 0.14339 0.12450 0.10522 0.08621 0.06729 0.04813 0.02889 0.00963 0.00000 0.00000 0.00000 0.00000 0.00000 0.00000 0.00000 0.00000 0.00000 0.00000 0.00000 0.00000 0.00000 0.00000 0.00000 0.00000 0.00000 0.00000 0.00000 0.00000 0.00000 0.00000 0.00000 0.00000 0.00000
0.00000 0.00000 0.00000 0.00000 0.00000 0.00000 0.00000 0.00000 0.00000 0.00000 0.00000 0.00000 0.00000 0.00000 0.00000 0.03820 0.11485 0.19186 0.26781 0.34295 0.41980 0.49639 0.57157 0.64664 0.72362 0.76049 0.75753 0.75813 0.75965 0.75703 0.75349 0.75500 0.75513 0.75277 0.75153 0.75148 0.75002 0.74871 0.74864 0.74726 0.74549 0.74545 0.74493 0.74256 0.74164 0.74227 0.74076 0.73811 0.73863 0.73789 0.73613 0.73661 0.73568 0.73214 0.73156 0.73238 0.73208 0.72984 0.72762 0.72849 0.72774 0.72592 0.72497 0.72466 0.72241 0.72301 0.72307 0.71913 0.71765 0.72060 0.71969 0.71449 0.71383 0.71630 0.71604 0.71281 0.71059 0.71131 0.71232 0.71025 0.70701 0.70914 0.70802 0.70541 0.70401 0.70496 0.70454 0.70464 0.70217 0.69961 0.70010 0.70167 0.69927 0.69592 0.69515 0.69805 0.69702 0.69243 0.69243 0.69471 0.69317 0.68899 0.68926 0.69156 0.69022 0.68617 0.68600 0.68828 0.68725 0.68357 0.68302 0.68519 0.68456 0.68065 0.67962 0.68255 0.68199 0.67755 0.67727 0.68002 0.67776 0.67457 0.67765 0.67733 0.67305 0.67188 0.67559 0.67351 0.67053 0.67347 0.67252 0.66865 0.66953 0.67174 0.66860 0.66664 0.66886 0.66788 0.66538 0.66663 0.66759 0.66493 0.66299 0.66490 0.66608 0.66302 0.66102 0.66368 0.66449 0.66067 0.65933 0.66294 0.66308 0.65862 0.65777 0.66173 0.66192 0.65752 0.65663 0.66014 0.66057 0.65732 0.65608 0.65818 0.65925 0.65747 0.65554 0.65716 0.65860 0.65703 0.65473 0.65616 0.65841 0.65738 0.65420 0.65468 0.65808 0.65806 0.65501 0.65400 0.65495 0.65839 0.65838 0.65405 0.65438 0.65859 0.65831 0.65463 0.65547 0.65872 0.65801 0.65600 0.65666 0.65825 0.65865 0.65896 0.65735 0.65685 0.66008 0.66153 0.65852 0.65792 0.66055 0.66181 0.66252 0.66109 0.65932 0.66167 0.66454 0.66338 0.66120 0.66344 0.66576 0.66486 0.66397 0.66548 0.66675 0.66747 0.66724 0.66683 0.66785 0.66992 0.67063 0.66933 0.66936 0.67242 0.67405 0.67176 0.67130 0.67527 0.67717 0.67426 0.67403 0.67829 0.68016 0.67721 0.67702 0.68132 0.68316 0.68068 0.68015 0.68443 0.68620 0.68429 0.68356 0.68735 0.68965 0.68905 0.68720 0.68865 0.69304 0.69403 0.69127 0.69147 0.69649 0.69790 0.69501 0.69547 0.70069 0.70188 0.69865 0.69951 0.70495 0.70586 0.70277 0.70378 0.70875 0.70956 0.70750 0.70874 0.71226 0.71233 0.71231 0.71433 0.71628 0.71555 0.71624 0.71942 0.72076 0.71939 0.72020 0.72344 0.72554 0.72511 0.72511 0.72603 0.72926 0.73106 0.73147 0.72989 0.73109 0.73592 0.73721 0.73489 0.73543 0.73979 0.74145 0.74069 0.74024 0.74328 0.74608 0.74647 0.74495 0.74671 0.75074 0.72694 0.67647 0.62919 0.58347 0.53371 0.48463 0.43754 0.38943 0.33908 0.29059 0.25361 0.22667 0.20020 0.17421 0.14758 0.12052 0.09406 0.06744 0.04043 0.01349 0.00000 0.00000 0.00000 0.00000 0.00000 0.00000 0.00000 0.00000 0.00000 0.00000 0.00000 0.00000 0.00000 0.00000 0.00000 0.00000 0.00000 0.00000 0.00000 0.00000 0.00000 0.00000 0.00000 0.00000 0.00000
0.00000 0.00000 0.00000 0.00000 0.00000 0.00000 0.00000 0.00000 0.00000 0.00000 0.00000 0.00000 0.00000 0.00000 0.00000 0.03822 0.11470 0.19163 0.26817 0.34274 0.41811 0.49661 0.57304 0.64466 0.71990 0.76155 0.76141 0.75555 0.75514 0.75781 0.75749 0.75174 0.75156 0.75448 0.75333 0.74879 0.74775 0.74996 0.74938 0.74537 0.74362 0.74571 0.74583 0.74137 0.73960 0.74228 0.74162 0.73728 0.73554 0.73908 0.73652 0.73314 0.73588 0.73526 0.73083 0.72914 0.73247 0.73130 0.72677 0.72527 0.72867 0.72730 0.72312 0.72221 0.72426 0.72235 0.72039 0.72061 0.71883 0.71685 0.71821 0.71804 0.71334 0.71249 0.71486 0.71457 0.71138 0.70926 0.70976 0.71035 0.70843 0.70604 0.70676 0.70466 0.70489 0.70589 0.70216 0.70217 0.70363 0.70083 0.69808 0.69902 0.70009 0.69663 0.69466 0.69645 0.69661 0.69432 0.69113 0.69218 0.69334 0.69163 0.68781 0.68816 0.69000 0.68882 0.68539 0.68491 0.68642 0.68579 0.68326 0.68189 0.68307 0.68328 0.68049 0.67862 0.68035 0.68103 0.67741 0.67534 0.67801 0.67794 0.67430 0.67487 0.67557 0.67311 0.67231 0.67321 0.67048 0.67103 0.67259 0.66954 0.66787 0.67036 0.66884 0.66592 0.66848 0.66895 0.66458 0.66366 0.66734 0.66687 0.66231 0.66213 0.66537 0.66475 0.66046 0.66073 0.66389 0.66293 0.65902 0.65923 0.66239 0.66135 0.65791 0.65830 0.66100 0.65929 0.65642 0.65842 0.66021 0.65689 0.65519 0.65861 0.65918 0.65535 0.65549 0.65817 0.65533 0.65474 0.65835 0.65740 0.65363 0.65455 0.65808 0.65729 0.65372 0.65391 0.65738 0.65794 0.65420 0.65421 0.65714 0.65719 0.65451 0.65442 0.65759 0.65811 0.65465 0.65423 0.65862 0.65904 0.65478 0.65480 0.65977 0.65984 0.65621 0.65593 0.65889 0.66091 0.65977 0.65720 0.65818 0.66230 0.66269 0.65921 0.65880 0.66274 0.66445 0.66084 0.66049 0.66502 0.66602 0.66204 0.66328 0.66750 0.66593 0.66381 0.66848 0.66970 0.66574 0.66633 0.67132 0.67169 0.66812 0.66941 0.67385 0.67362 0.67087 0.67289 0.67623 0.67568 0.67402 0.67636 0.67893 0.67828 0.67714 0.67960 0.68227 0.68120 0.68017 0.68273 0.68587 0.68449 0.68341 0.68583 0.68955 0.68856 0.68701 0.68871 0.69165 0.69295 0.69201 0.69196 0.69443 0.69660 0.69589 0.69625 0.69866 0.69985 0.69976 0.70109 0.70248 0.70318 0.70439 0.70616 0.70575 0.70652 0.70978 0.71082 0.70834 0.71060 0.71475 0.71446 0.71280 0.71619 0.71901 0.71694 0.71731 0.72132 0.72321 0.72136 0.72087 0.72600 0.72743 0.72563 0.72677 0.73167 0.73070 0.72945 0.73263 0.73519 0.73404 0.73558 0.73846 0.73778 0.73769 0.74120 0.74370 0.74209 0.74243 0.74593 0.74811 0.74686 0.74764 0.72968 0.68937 0.64815 0.60841 0.56825 0.52566 0.48551 0.44571 0.40481 0.36228 0.32512 0.29202 0.25764 0.22328 0.18948 0.15545 0.12104 0.08640 0.05182 0.01735 0.00000 0.00000 0.00000 0.00000 0.00000 0.00000 0.00000 0.00000 0.00000 0.00000 0.00000 0.00000 0.00000 0.00000 0.00000 0.00000 0.00000 0.00000 0.00000 0.00000 0.00000 0.00000 0.00000 0.00000 0.00000
0.00000 0.00000 0.00000 0.00000 0.00000 0.00000 0.00000 0.00000 0.00000 0.00000 0.00000 0.00000 0.00000 0.00000 0.00000 0.03838 0.11491 0.19044 0.26694 0.34396 0.41993 0.49467 0.57031 0.64654 0.72220 0.75863 0.76011 0.75795 0.75455 0.75530 0.75650 0.75427 0.75194 0.75178 0.75071 0.75008 0.74999 0.74793 0.74615 0.74634 0.74614 0.74350 0.74223 0.74315 0.74195 0.73880 0.73908 0.73975 0.73728 0.73479 0.73642 0.73404 0.73252 0.73470 0.73315 0.72990 0.72818 0.72996 0.72928 0.72633 0.72471 0.72588 0.72465 0.72309 0.72258 0.72106 0.71917 0.72060 0.72044 0.71621 0.71472 0.71753 0.71693 0.71337 0.71107 0.71154 0.71346 0.71244 0.70754 0.70691 0.70939 0.70763 0.70507 0.70541 0.70358 0.70353 0.70450 0.70080 0.70050 0.70247 0.69974 0.69663 0.69746 0.69889 0.69557 0.69318 0.69481 0.69536 0.69281 0.68970 0.69078 0.69216 0.69044 0.68660 0.68676 0.68876 0.68781 0.68432 0.68340 0.68523 0.68501 0.68180 0.68024 0.68236 0.68235 0.67873 0.67718 0.67993 0.67909 0.67554 0.67672 0.67761 0.67352 0.67249 0.67612 0.67523 0.67050 0.67064 0.67331 0.67081 0.66868 0.67109 0.66984 0.66635 0.66800 0.66925 0.66611 0.66557 0.66719 0.66547 0.66318 0.66465 0.66595 0.66318 0.66097 0.66331 0.66436 0.66090 0.65919 0.66258 0.66277 0.65846 0.65765 0.66145 0.66148 0.65696 0.65620 0.65997 0.66043 0.65637 0.65534 0.65814 0.65881 0.65610 0.65507 0.65772 0.65769 0.65444 0.65441 0.65755 0.65732 0.65497 0.65371 0.65524 0.65693 0.65618 0.65408 0.65383 0.65520 0.65689 0.65664 0.65339 0.65338 0.65725 0.65746 0.65363 0.65377 0.65743 0.65732 0.65461 0.65499 0.65719 0.65736 0.65696 0.65609 0.65593 0.65821 0.65992 0.65720 0.65593 0.65899 0.66083 0.65965 0.65824 0.65845 0.66105 0.66244 0.66079 0.65954 0.66231 0.66389 0.66214 0.66187 0.66521 0.66509 0.66317 0.66481 0.66729 0.66623 0.66615 0.66801 0.66845 0.66770 0.66927 0.67113 0.67019 0.66970 0.67264 0.67430 0.67199 0.67208 0.67607 0.67749 0.67442 0.67489 0.67923 0.68063 0.67767 0.67790 0.68210 0.68368 0.68151 0.68112 0.68479 0.68679 0.68603 0.68471 0.68669 0.69009 0.69132 0.68858 0.68874 0.69365 0.69515 0.69228 0.69251 0.69779 0.69889 0.69576 0.69662 0.70195 0.70287 0.69971 0.70078 0.70610 0.70703 0.70394 0.70529 0.71013 0.70965 0.70829 0.71114 0.71417 0.71237 0.71264 0.71672 0.71823 0.71594 0.71685 0.72149 0.72257 0.72040 0.72153 0.72436 0.72714 0.72751 0.72685 0.72684 0.73014 0.73271 0.73346 0.73165 0.73271 0.73686 0.73844 0.73728 0.73709 0.74023 0.74300 0.74314 0.74189 0.74386 0.74768 0.74847 0.74659 0.73080 0.70152 0.66868 0.63296 0.60060 0.56950 0.53437 0.50115 0.46889 0.43541 0.39689 0.35643 0.31517 0.27284 0.23130 0.19004 0.14782 0.10552 0.06349 0.02118 0.00000 0.00000 0.00000 0.00000 0.00000 0.00000 0.00000 0.00000 0.00000 0.00000 0.00000 0.00000 0.00000 0.00000 0.00000 0.00000 0.00000 0.00000 0.00000 0.00000 0.00000 0.00000 0.00000 0.00000 0.00000
0.00000 0.00000 0.00000 0.00000 0.00000 0.00000 0.00000 0.00000 0.00000 0.00000 0.00000 0.00000 0.00000 0.00000 0.00000 0.03833 0.11484 0.19058 0.26635 0.34367 0.42048 0.49386 0.56858 0.64717 0.72372 0.75737 0.75571 0.75808 0.75850 0.75501 0.75230 0.75501 0.75448 0.75071 0.74848 0.75071 0.75043 0.74678 0.74453 0.74649 0.74662 0.74257 0.74047 0.74290 0.74271 0.73817 0.73649 0.73983 0.73789 0.73403 0.73626 0.73631 0.73154 0.73013 0.73374 0.73225 0.72745 0.72619 0.72959 0.72839 0.72363 0.72243 0.72561 0.72433 0.72041 0.71992 0.72093 0.71891 0.71765 0.71833 0.71645 0.71369 0.71425 0.71550 0.71452 0.70975 0.70995 0.71205 0.71062 0.70633 0.70629 0.70735 0.70652 0.70632 0.70339 0.70184 0.70302 0.70249 0.69905 0.69944 0.70080 0.69761 0.69553 0.69744 0.69733 0.69268 0.69194 0.69473 0.69396 0.69120 0.68848 0.68960 0.69062 0.68912 0.68578 0.68562 0.68691 0.68642 0.68404 0.68242 0.68313 0.68347 0.68169 0.67949 0.68010 0.68068 0.67873 0.67660 0.67759 0.67815 0.67559 0.67406 0.67536 0.67343 0.67269 0.67388 0.67249 0.67072 0.67173 0.67078 0.66824 0.66951 0.66990 0.66681 0.66788 0.66875 0.66535 0.66376 0.66720 0.66705 0.66239 0.66192 0.66535 0.66490 0.66037 0.66058 0.66369 0.66289 0.65889 0.65897 0.66228 0.66140 0.65779 0.65751 0.66059 0.65974 0.65624 0.65717 0.65965 0.65717 0.65468 0.65781 0.65868 0.65487 0.65404 0.65778 0.65691 0.65380 0.65641 0.65714 0.65353 0.65338 0.65738 0.65674 0.65253 0.65286 0.65717 0.65720 0.65259 0.65244 0.65680 0.65661 0.65294 0.65346 0.65686 0.65662 0.65327 0.65346 0.65745 0.65759 0.65351 0.65359 0.65851 0.65847 0.65435 0.65438 0.65831 0.65948 0.65732 0.65546 0.65724 0.66088 0.66036 0.65677 0.65748 0.66180 0.66254 0.65867 0.65881 0.66332 0.66415 0.66017 0.66120 0.66548 0.66471 0.66189 0.66560 0.66774 0.66416 0.66405 0.66913 0.66987 0.66594 0.66669 0.67184 0.67209 0.66842 0.66962 0.67416 0.67446 0.67163 0.67280 0.67639 0.67706 0.67499 0.67599 0.67938 0.68006 0.67793 0.67902 0.68309 0.68332 0.68082 0.68212 0.68687 0.68680 0.68429 0.68543 0.68969 0.69057 0.68895 0.68897 0.69188 0.69414 0.69309 0.69311 0.69588 0.69726 0.69651 0.69784 0.70015 0.70061 0.70058 0.70251 0.70417 0.70443 0.70542 0.70692 0.70677 0.70857 0.71139 0.71087 0.70989 0.71310 0.71580 0.71432 0.71481 0.71807 0.71974 0.71836 0.71922 0.72268 0.72459 0.72297 0.72373 0.72774 0.72775 0.72690 0.72948 0.73318 0.73127 0.73154 0.73509 0.73559 0.73483 0.73773 0.74044 0.73911 0.73922 0.74301 0.74508 0.74358 0.74437 0.74758 0.74918 0.73519 0.71071 0.68646 0.65880 0.63405 0.61105 0.58503 0.55695 0.53173 0.50771 0.47032 0.42007 0.37154 0.32326 0.27373 0.22380 0.17425 0.12494 0.07522 0.02502 0.00000 0.00000 0.00000 0.00000 0.00000 0.00000 0.00000 0.00000 0.00000 0.00000 0.00000 0.00000 0.00000 0.00000 0.00000 0.00000 0.00000 0.00000 0.00000 0.00000 0.00000 0.00000 0.00000 0.00000 0.00000
0.00000 0.00000 0.00000 0.00000 0.00000 0.00000 0.00000 0.00000 0.00000 0.00000 0.00000 0.00000 0.00000 0.00000 0.00000 0.03811 0.11442 0.19136 0.26744 0.34246 0.41791 0.49464 0.57154 0.64540 0.72010 0.75832 0.75816 0.75594 0.75699 0.75538 0.75362 0.75235 0.75150 0.75137 0.75156 0.74869 0.74676 0.74728 0.74753 0.74468 0.74299 0.74369 0.74306 0.74012 0.73977 0.74054 0.73840 0.73498 0.73713 0.73689 0.73359 0.73463 0.73417 0.73090 0.72911 0.73137 0.73054 0.72682 0.72510 0.72717 0.72647 0.72335 0.72213 0.72272 0.72144 0.72057 0.72038 0.71805 0.71595 0.71747 0.71793 0.71452 0.71197 0.71240 0.71415 0.71349 0.70866 0.70780 0.71043 0.70948 0.70564 0.70534 0.70517 0.70430 0.70507 0.70242 0.70069 0.70194 0.70133 0.69725 0.69786 0.69998 0.69650 0.69396 0.69596 0.69614 0.69202 0.69049 0.69312 0.69287 0.69003 0.68716 0.68820 0.68950 0.68807 0.68484 0.68419 0.68552 0.68548 0.68280 0.68092 0.68221 0.68262 0.68002 0.67794 0.67963 0.67959 0.67679 0.67595 0.67739 0.67516 0.67350 0.67670 0.67526 0.67041 0.67061 0.67388 0.67262 0.66840 0.66907 0.67096 0.66862 0.66705 0.66905 0.66727 0.66493 0.66654 0.66599 0.66375 0.66455 0.66570 0.66320 0.66113 0.66345 0.66428 0.66085 0.65916 0.66255 0.66262 0.65829 0.65762 0.66137 0.66107 0.65649 0.65613 0.65995 0.66010 0.65555 0.65479 0.65800 0.65876 0.65572 0.65444 0.65647 0.65710 0.65412 0.65414 0.65763 0.65633 0.65294 0.65341 0.65592 0.65594 0.65411 0.65331 0.65424 0.65480 0.65502 0.65482 0.65330 0.65289 0.65563 0.65634 0.65307 0.65251 0.65602 0.65664 0.65353 0.65324 0.65610 0.65668 0.65511 0.65440 0.65530 0.65704 0.65799 0.65561 0.65448 0.65765 0.65970 0.65751 0.65593 0.65783 0.66025 0.66006 0.65827 0.65836 0.66109 0.66181 0.66007 0.66020 0.66346 0.66324 0.66093 0.66263 0.66624 0.66468 0.66284 0.66551 0.66768 0.66617 0.66600 0.66841 0.66915 0.66822 0.66956 0.67122 0.67035 0.67066 0.67353 0.67431 0.67206 0.67325 0.67702 0.67755 0.67485 0.67617 0.68006 0.68064 0.67847 0.67940 0.68263 0.68361 0.68292 0.68287 0.68471 0.68677 0.68819 0.68651 0.68654 0.69041 0.69252 0.68998 0.68980 0.69470 0.69607 0.69312 0.69382 0.69902 0.69977 0.69678 0.69811 0.70315 0.70378 0.70091 0.70260 0.70733 0.70763 0.70513 0.70834 0.71142 0.70865 0.70945 0.71390 0.71545 0.71294 0.71382 0.71885 0.71961 0.71686 0.71833 0.72360 0.72418 0.72333 0.72317 0.72438 0.72851 0.72933 0.72873 0.72861 0.73120 0.73390 0.73500 0.73401 0.73415 0.73736 0.73993 0.73991 0.73880 0.74090 0.74458 0.74540 0.74360 0.74495 0.74928 0.74140 0.72023 0.70233 0.68791 0.66987 0.64978 0.63282 0.61573 0.59608 0.57867 0.54221 0.48519 0.42840 0.37261 0.31575 0.25830 0.20123 0.14410 0.08651 0.02888 0.00000 0.00000 0.00000 0.00000 0.00000 0.00000 0.00000 0.00000 0.00000 0.00000 0.00000 0.00000 0.00000 0.00000 0.00000 0.00000 0.00000 0.00000 0.00000 0.00000 0.00000 0.00000 0.00000 0.00000 0.00000
0.00000 0.00000 0.00000 0.00000 0.00000 0.00000 0.00000 0.00000 0.00000 0.00000 0.00000 0.00000 0.00000 0.00000 0.00000 0.03813 0.11441 0.19098 0.26770 0.34220 0.41728 0.49451 0.57165 0.64497 0.71839 0.75722 0.75926 0.75746 0.75315 0.75343 0.75551 0.75371 0.74936 0.75058 0.75148 0.74886 0.74552 0.74705 0.74750 0.74397 0.74158 0.74375 0.74371 0.73934 0.73741 0.74059 0.73937 0.73495 0.73505 0.73729 0.73304 0.73115 0.73482 0.73328 0.72849 0.72734 0.73057 0.72935 0.72448 0.72333 0.72664 0.72563 0.72085 0.71983 0.72253 0.72114 0.71785 0.71792 0.71811 0.71535 0.71418 0.71625 0.71529 0.71070 0.71032 0.71292 0.71211 0.70716 0.70647 0.70906 0.70829 0.70451 0.70388 0.70367 0.70324 0.70330 0.70113 0.69974 0.70022 0.69929 0.69682 0.69729 0.69803 0.69414 0.69292 0.69581 0.69469 0.69050 0.68930 0.69159 0.69129 0.68897 0.68631 0.68688 0.68761 0.68681 0.68465 0.68322 0.68348 0.68392 0.68269 0.68028 0.68010 0.68073 0.67990 0.67786 0.67743 0.67735 0.67680 0.67579 0.67512 0.67366 0.67363 0.67484 0.67298 0.67062 0.67096 0.67194 0.67006 0.66879 0.66929 0.66820 0.66813 0.66809 0.66512 0.66432 0.66780 0.66713 0.66247 0.66188 0.66563 0.66517 0.66039 0.66040 0.66380 0.66305 0.65901 0.65887 0.66214 0.66139 0.65791 0.65715 0.66026 0.66000 0.65643 0.65613 0.65896 0.65779 0.65444 0.65670 0.65833 0.65486 0.65343 0.65726 0.65666 0.65318 0.65512 0.65687 0.65375 0.65245 0.65619 0.65631 0.65207 0.65197 0.65648 0.65635 0.65151 0.65146 0.65637 0.65614 0.65155 0.65215 0.65632 0.65559 0.65187 0.65272 0.65656 0.65608 0.65227 0.65281 0.65725 0.65699 0.65282 0.65325 0.65771 0.65798 0.65478 0.65404 0.65685 0.65930 0.65791 0.65509 0.65653 0.66057 0.66041 0.65656 0.65733 0.66190 0.66230 0.65819 0.65922 0.66370 0.66330 0.66001 0.66258 0.66578 0.66341 0.66205 0.66634 0.66799 0.66445 0.66439 0.66944 0.67028 0.66632 0.66698 0.67225 0.67277 0.66904 0.66981 0.67433 0.67544 0.67263 0.67288 0.67672 0.67832 0.67588 0.67601 0.68018 0.68156 0.67857 0.67907 0.68416 0.68495 0.68156 0.68235 0.68757 0.68841 0.68568 0.68592 0.69004 0.69193 0.69002 0.68988 0.69353 0.69505 0.69334 0.69461 0.69773 0.69793 0.69710 0.69942 0.70195 0.70171 0.70131 0.70359 0.70639 0.70629 0.70646 0.70717 0.70812 0.71088 0.71220 0.71096 0.71210 0.71534 0.71658 0.71517 0.71711 0.71976 0.72040 0.71981 0.72219 0.72432 0.72422 0.72440 0.72685 0.72963 0.72816 0.72839 0.73203 0.73357 0.73196 0.73406 0.73733 0.73640 0.73614 0.73989 0.74202 0.74046 0.74118 0.74476 0.74640 0.74504 0.74655 0.74382 0.73292 0.72149 0.71364 0.70346 0.69038 0.68031 0.67270 0.66234 0.64931 0.61269 0.55077 0.48650 0.42111 0.35698 0.29318 0.22850 0.16300 0.09778 0.03271 0.00000 0.00000 0.00000 0.00000 0.00000 0.00000 0.00000 0.00000 0.00000 0.00000 0.00000 0.00000 0.00000 0.00000 0.00000 0.00000 0.00000 0.00000 0.00000 0.00000 0.00000 0.00000 0.00000 0.00000 0.00000
0.00000 0.00000 0.00000 0.00000 0.00000 0.00000 0.00000 0.00000 0.00000 0.00000 0.00000 0.00000 0.00000 0.00000 0.00000 0.03826 0.11467 0.19027 0.26598 0.34285 0.41934 0.49383 0.56787 0.64478 0.72239 0.75668 0.75589 0.75616 0.75585 0.75314 0.75234 0.75251 0.75260 0.74962 0.74740 0.74826 0.74907 0.74597 0.74364 0.74424 0.74444 0.74189 0.74058 0.74074 0.73957 0.73705 0.73788 0.73815 0.73472 0.73349 0.73507 0.73243 0.73020 0.73245 0.73164 0.72765 0.72604 0.72851 0.72789 0.72384 0.72233 0.72424 0.72352 0.72080 0.71983 0.71965 0.71800 0.71789 0.71849 0.71565 0.71301 0.71380 0.71522 0.71355 0.70965 0.70904 0.71109 0.71049 0.70658 0.70556 0.70683 0.70569 0.70452 0.70355 0.70166 0.70089 0.70245 0.69935 0.69811 0.70102 0.69828 0.69467 0.69577 0.69704 0.69310 0.69138 0.69449 0.69362 0.68943 0.68785 0.69020 0.69063 0.68792 0.68519 0.68545 0.68618 0.68584 0.68361 0.68176 0.68234 0.68304 0.68122 0.67882 0.67946 0.67989 0.67806 0.67647 0.67719 0.67623 0.67470 0.67576 0.67516 0.67143 0.67135 0.67432 0.67312 0.66861 0.66853 0.67170 0.67061 0.66650 0.66653 0.66861 0.66768 0.66561 0.66531 0.66470 0.66516 0.66534 0.66320 0.66150 0.66372 0.66424 0.66064 0.65929 0.66275 0.66259 0.65810 0.65762 0.66147 0.66087 0.65616 0.65619 0.66001 0.65962 0.65486 0.65457 0.65829 0.65878 0.65497 0.65370 0.65512 0.65693 0.65550 0.65375 0.65588 0.65557 0.65253 0.65323 0.65574 0.65500 0.65262 0.65281 0.65454 0.65422 0.65321 0.65355 0.65353 0.65265 0.65381 0.65504 0.65301 0.65169 0.65435 0.65571 0.65297 0.65189 0.65479 0.65605 0.65372 0.65266 0.65467 0.65640 0.65585 0.65375 0.65373 0.65680 0.65821 0.65551 0.65408 0.65689 0.65933 0.65785 0.65592 0.65751 0.66006 0.65952 0.65803 0.65916 0.66163 0.66095 0.65931 0.66111 0.66431 0.66275 0.66062 0.66336 0.66634 0.66457 0.66318 0.66599 0.66810 0.66662 0.66636 0.66846 0.66935 0.66928 0.67049 0.67107 0.67031 0.67192 0.67454 0.67429 0.67244 0.67446 0.67787 0.67766 0.67561 0.67748 0.68071 0.68069 0.67968 0.68098 0.68285 0.68364 0.68473 0.68466 0.68475 0.68702 0.68962 0.68815 0.68753 0.69123 0.69333 0.69101 0.69137 0.69602 0.69670 0.69401 0.69560 0.70024 0.70045 0.69801 0.70007 0.70443 0.70413 0.70216 0.70568 0.70837 0.70572 0.70680 0.71178 0.71226 0.70981 0.71116 0.71594 0.71649 0.71395 0.71545 0.72077 0.72107 0.71911 0.71998 0.72334 0.72578 0.72575 0.72484 0.72594 0.72995 0.73074 0.73043 0.73105 0.73207 0.73447 0.73676 0.73681 0.73573 0.73791 0.74153 0.74234 0.74060 0.74206 0.74621 0.74753 0.74533 0.74462 0.74526 0.74303 0.73721 0.73479 0.73445 0.73054 0.72735 0.72544 0.72241 0.68483 0.61468 0.54338 0.47093 0.39901 0.32735 0.25494 0.18229 0.10952 0.03650 0.00000 0.00000 0.00000 0.00000 0.00000 0.00000 0.00000 0.00000 0.00000 0.00000 0.00000 0.00000 0.00000 0.00000 0.00000 0.00000 0.00000 0.00000 0.00000 0.00000 0.00000 0.00000 0.00000 0.00000 0.00000
0.00000 0.00000 0.00000 0.00000 0.00000 0.00000 0.00000 0.00000 0.00000 0.00000 0.00000 0.00000 0.00000 0.00000 0.00000 0.03821 0.11453 0.19019 0.26587 0.34253 0.41943 0.49336 0.56747 0.64376 0.72212 0.75804 0.75393 0.75357 0.75648 0.75534 0.75038 0.74995 0.75255 0.75110 0.74660 0.74704 0.74847 0.74586 0.74286 0.74440 0.74454 0.74069 0.73899 0.74153 0.74085 0.73614 0.73476 0.73816 0.73508 0.73217 0.73551 0.73434 0.72967 0.72847 0.73163 0.73031 0.72559 0.72463 0.72765 0.72664 0.72169 0.72061 0.72381 0.72275 0.71833 0.71743 0.71958 0.71756 0.71508 0.71658 0.71590 0.71194 0.71090 0.71394 0.71317 0.70812 0.70739 0.71010 0.70936 0.70481 0.70410 0.70591 0.70470 0.70281 0.70250 0.70084 0.69905 0.70066 0.70002 0.69717 0.69776 0.69640 0.69427 0.69532 0.69548 0.69125 0.69030 0.69308 0.69200 0.68874 0.68709 0.68850 0.68831 0.68698 0.68553 0.68434 0.68396 0.68437 0.68364 0.68116 0.68026 0.68110 0.68098 0.67879 0.67751 0.67750 0.67784 0.67704 0.67510 0.67386 0.67470 0.67539 0.67301 0.67073 0.67148 0.67306 0.67103 0.66846 0.66876 0.66971 0.66878 0.66715 0.66577 0.66565 0.66838 0.66677 0.66230 0.66206 0.66614 0.66540 0.66056 0.66036 0.66406 0.66327 0.65909 0.65886 0.66203 0.66143 0.65809 0.65708 0.65999 0.66002 0.65676 0.65564 0.65829 0.65824 0.65514 0.65556 0.65756 0.65533 0.65360 0.65653 0.65562 0.65291 0.65569 0.65651 0.65240 0.65180 0.65587 0.65597 0.65162 0.65120 0.65559 0.65568 0.65095 0.65073 0.65559 0.65554 0.65063 0.65089 0.65563 0.65502 0.65070 0.65167 0.65581 0.65493 0.65102 0.65209 0.65619 0.65547 0.65155 0.65254 0.65681 0.65629 0.65268 0.65310 0.65666 0.65771 0.65528 0.65369 0.65610 0.65910 0.65805 0.65485 0.65629 0.66044 0.66033 0.65644 0.65752 0.66205 0.66187 0.65821 0.66005 0.66392 0.66249 0.66019 0.66350 0.66605 0.66334 0.66238 0.66668 0.66835 0.66487 0.66476 0.66998 0.67079 0.66673 0.66741 0.67261 0.67342 0.66993 0.67027 0.67462 0.67628 0.67357 0.67336 0.67744 0.67928 0.67655 0.67655 0.68133 0.68261 0.67915 0.67973 0.68517 0.68604 0.68263 0.68319 0.68822 0.68955 0.68681 0.68692 0.69157 0.69308 0.69024 0.69117 0.69553 0.69553 0.69385 0.69659 0.69952 0.69859 0.69793 0.70107 0.70382 0.70311 0.70223 0.70413 0.70767 0.70844 0.70788 0.70751 0.70992 0.71295 0.71337 0.71179 0.71406 0.71719 0.71738 0.71648 0.71972 0.72145 0.72045 0.72137 0.72452 0.72604 0.72468 0.72605 0.72932 0.73092 0.72895 0.73081 0.73442 0.73351 0.73316 0.73678 0.73904 0.73748 0.73811 0.74187 0.74342 0.74189 0.74333 0.74656 0.74761 0.74661 0.74886 0.75135 0.75085 0.75102 0.75474 0.75653 0.75450 0.75518 0.75938 0.72266 0.64539 0.57061 0.49653 0.42075 0.34392 0.26772 0.19189 0.11550 0.03845 0.00000 0.00000 0.00000 0.00000 0.00000 0.00000 0.00000 0.00000 0.00000 0.00000 0.00000 0.00000 0.00000 0.00000 0.00000 0.00000 0.00000 0.00000 0.00000 0.00000 0.00000 0.00000 0.00000 0.00000 0.00000
0.00000 0.00000 0.00000 0.00000 0.00000 0.00000 0.00000 0.00000 0.00000 0.00000 0.00000 0.00000 0.00000 0.00000 0.00000 0.03810 0.11403 0.19054 0.26688 0.34206 0.41650 0.49328 0.57077 0.64374 0.71752 0.75686 0.75768 0.75392 0.75302 0.75355 0.75329 0.75068 0.74858 0.74926 0.75014 0.74732 0.74425 0.74492 0.74604 0.74366 0.74125 0.74097 0.74100 0.73963 0.73873 0.73731 0.73598 0.73600 0.73591 0.73350 0.73138 0.73367 0.73264 0.72869 0.72719 0.72985 0.72897 0.72459 0.72327 0.72571 0.72518 0.72124 0.71983 0.72129 0.72043 0.71837 0.71768 0.71694 0.71459 0.71497 0.71628 0.71372 0.71066 0.71043 0.71210 0.71119 0.70751 0.70647 0.70800 0.70719 0.70446 0.70398 0.70365 0.70185 0.70238 0.70211 0.69903 0.69839 0.69982 0.69628 0.69559 0.69787 0.69540 0.69243 0.69402 0.69442 0.68994 0.68886 0.69221 0.69161 0.68758 0.68535 0.68706 0.68741 0.68607 0.68426 0.68288 0.68273 0.68350 0.68237 0.67977 0.67941 0.68029 0.67942 0.67740 0.67711 0.67670 0.67594 0.67573 0.67509 0.67279 0.67247 0.67444 0.67326 0.66934 0.66908 0.67216 0.67131 0.66667 0.66635 0.66962 0.66902 0.66471 0.66435 0.66630 0.66645 0.66451 0.66307 0.66206 0.66401 0.66427 0.66076 0.65944 0.66284 0.66272 0.65815 0.65764 0.66157 0.66093 0.65605 0.65618 0.66005 0.65937 0.65458 0.65460 0.65847 0.65856 0.65397 0.65324 0.65537 0.65705 0.65665 0.65315 0.65297 0.65523 0.65447 0.65296 0.65448 0.65426 0.65222 0.65248 0.65426 0.65357 0.65197 0.65266 0.65358 0.65238 0.65220 0.65376 0.65309 0.65122 0.65258 0.65462 0.65292 0.65098 0.65312 0.65514 0.65306 0.65131 0.65363 0.65575 0.65402 0.65198 0.65340 0.65634 0.65626 0.65331 0.65297 0.65620 0.65810 0.65600 0.65396 0.65635 0.65917 0.65743 0.65587 0.65852 0.66021 0.65827 0.65770 0.66051 0.66230 0.66010 0.65896 0.66209 0.66462 0.66246 0.66091 0.66409 0.66663 0.66474 0.66359 0.66633 0.66842 0.66749 0.66717 0.66829 0.66929 0.67058 0.67165 0.67104 0.67053 0.67298 0.67545 0.67475 0.67314 0.67529 0.67861 0.67830 0.67669 0.67847 0.68113 0.68131 0.68130 0.68226 0.68305 0.68419 0.68632 0.68616 0.68564 0.68776 0.69037 0.68950 0.68935 0.69251 0.69360 0.69171 0.69346 0.69729 0.69716 0.69531 0.69760 0.70145 0.70093 0.69929 0.70256 0.70568 0.70390 0.70418 0.70870 0.70878 0.70679 0.70894 0.71317 0.71303 0.71114 0.71299 0.71768 0.71781 0.71554 0.71714 0.72160 0.72268 0.72181 0.72164 0.72390 0.72748 0.72731 0.72626 0.72845 0.73169 0.73139 0.73295 0.73399 0.73287 0.73487 0.73852 0.73941 0.73761 0.73902 0.74320 0.74447 0.74237 0.74367 0.74791 0.74933 0.74729 0.74849 0.75260 0.75331 0.75259 0.75410 0.75565 0.75648 0.75838 0.72154 0.64557 0.57064 0.49608 0.42029 0.34408 0.26803 0.19168 0.11518 0.03847 0.00000 0.00000 0.00000 0.00000 0.00000 0.00000 0.00000 0.00000 0.00000 0.00000 0.00000 0.00000 0.00000 0.00000 0.00000 0.00000 0.00000 0.00000 0.00000 0.00000 0.00000 0.00000 0.00000 0.00000 0.00000
0.00000 0.00000 0.00000 0.00000 0.00000 0.00000 0.00000 0.00000 0.00000 0.00000 0.00000 0.00000 0.00000 0.00000 0.00000 0.03807 0.11409 0.19044 0.26682 0.34162 0.41648 0.49285 0.57071 0.64424 0.71689 0.75430 0.75758 0.75631 0.75139 0.75067 0.75366 0.75253 0.74779 0.74702 0.74953 0.74796 0.74421 0.74455 0.74533 0.74242 0.74060 0.74243 0.74133 0.73744 0.73683 0.73923 0.73706 0.73330 0.73515 0.73541 0.73123 0.72953 0.73262 0.73142 0.72697 0.72584 0.72867 0.72755 0.72285 0.72196 0.72492 0.72394 0.71912 0.71799 0.72104 0.71968 0.71586 0.71551 0.71698 0.71354 0.71219 0.71504 0.71381 0.70926 0.70836 0.71122 0.71043 0.70569 0.70479 0.70732 0.70632 0.70246 0.70230 0.70281 0.70087 0.70156 0.70115 0.69763 0.69662 0.69846 0.69612 0.69468 0.69611 0.69381 0.69154 0.69288 0.69289 0.68948 0.68800 0.68981 0.68905 0.68736 0.68721 0.68564 0.68424 0.68481 0.68489 0.68221 0.68053 0.68160 0.68208 0.67971 0.67759 0.67792 0.67886 0.67795 0.67548 0.67428 0.67562 0.67609 0.67308 0.67104 0.67248 0.67389 0.67133 0.66852 0.66913 0.67103 0.66957 0.66650 0.66612 0.66755 0.66796 0.66561 0.66290 0.66314 0.66652 0.66539 0.66073 0.66056 0.66443 0.66331 0.65902 0.65915 0.66228 0.66144 0.65799 0.65729 0.66002 0.65993 0.65685 0.65560 0.65808 0.65833 0.65557 0.65491 0.65635 0.65582 0.65487 0.65570 0.65401 0.65297 0.65570 0.65606 0.65200 0.65144 0.65605 0.65561 0.65075 0.65062 0.65509 0.65515 0.65045 0.65010 0.65477 0.65495 0.65006 0.64994 0.65474 0.65458 0.64994 0.65048 0.65490 0.65426 0.65007 0.65109 0.65525 0.65435 0.65043 0.65182 0.65575 0.65461 0.65116 0.65273 0.65622 0.65561 0.65281 0.65284 0.65602 0.65753 0.65544 0.65351 0.65583 0.65892 0.65808 0.65521 0.65633 0.66002 0.66019 0.65723 0.65800 0.66185 0.66145 0.65873 0.66083 0.66406 0.66234 0.66060 0.66390 0.66636 0.66376 0.66282 0.66721 0.66883 0.66518 0.66527 0.67065 0.67116 0.66734 0.66819 0.67298 0.67403 0.67091 0.67093 0.67525 0.67698 0.67434 0.67420 0.67858 0.68008 0.67705 0.67744 0.68258 0.68355 0.67994 0.68068 0.68605 0.68704 0.68380 0.68435 0.68948 0.69067 0.68742 0.68813 0.69336 0.69405 0.69092 0.69356 0.69718 0.69536 0.69489 0.69898 0.70112 0.69926 0.69910 0.70275 0.70529 0.70516 0.70388 0.70448 0.70826 0.71029 0.70977 0.70861 0.71137 0.71470 0.71472 0.71316 0.71630 0.71890 0.71778 0.71806 0.72188 0.72309 0.72120 0.72323 0.72667 0.72734 0.72581 0.72872 0.73162 0.72967 0.73026 0.73431 0.73613 0.73436 0.73519 0.73915 0.74040 0.73881 0.74033 0.74367 0.74485 0.74364 0.74544 0.74829 0.74895 0.74854 0.75097 0.75338 0.75248 0.75206 0.75630 0.75852 0.75657 0.71996 0.64690 0.57160 0.49494 0.41949 0.34435 0.26846 0.19162 0.11494 0.03842 0.00000 0.00000 0.00000 0.00000 0.00000 0.00000 0.00000 0.00000 0.00000 0.00000 0.00000 0.00000 0.00000 0.00000 0.00000 0.00000 0.00000 0.00000 0.00000 0.00000 0.00000 0.00000 0.00000 0.00000 0.00000
0.00000 0.00000 0.00000 0.00000 0.00000 0.00000 0.00000 0.00000 0.00000 0.00000 0.00000 0.00000 0.00000 0.00000 0.00000 0.03808 0.11444 0.19022 0.26515 0.34162 0.41849 0.49270 0.56638 0.64382 0.72084 0.75457 0.75327 0.75472 0.75468 0.75164 0.75004 0.75027 0.75070 0.74874 0.74536 0.74575 0.74742 0.74534 0.74167 0.74147 0.74270 0.74161 0.73955 0.73750 0.73743 0.73800 0.73688 0.73343 0.73268 0.73527 0.73362 0.72965 0.72842 0.73126 0.73001 0.72561 0.72448 0.72715 0.72632 0.72194 0.72074 0.72293 0.72244 0.71885 0.71708 0.71853 0.71746 0.71581 0.71625 0.71462 0.71202 0.71195 0.71312 0.71175 0.70865 0.70770 0.70906 0.70847 0.70525 0.70436 0.70527 0.70389 0.70179 0.70262 0.70105 0.69819 0.70077 0.69995 0.69622 0.69786 0.69742 0.69378 0.69325 0.69529 0.69257 0.69007 0.69247 0.69213 0.68719 0.68637 0.68867 0.68914 0.68641 0.68436 0.68414 0.68333 0.68400 0.68359 0.68084 0.67953 0.68081 0.68087 0.67843 0.67688 0.67719 0.67743 0.67641 0.67518 0.67361 0.67381 0.67459 0.67321 0.67032 0.67018 0.67244 0.67161 0.66747 0.66685 0.67013 0.66962 0.66479 0.66445 0.66770 0.66714 0.66297 0.66294 0.66385 0.66442 0.66425 0.66124 0.65956 0.66266 0.66302 0.65868 0.65762 0.66151 0.66128 0.65627 0.65609 0.66007 0.65951 0.65460 0.65456 0.65850 0.65837 0.65342 0.65306 0.65649 0.65713 0.65593 0.65258 0.65223 0.65522 0.65530 0.65252 0.65273 0.65389 0.65275 0.65211 0.65346 0.65305 0.65142 0.65202 0.65327 0.65207 0.65109 0.65266 0.65298 0.65095 0.65110 0.65349 0.65294 0.65040 0.65134 0.65407 0.65306 0.65042 0.65196 0.65481 0.65312 0.65068 0.65286 0.65567 0.65410 0.65142 0.65266 0.65622 0.65630 0.65385 0.65271 0.65480 0.65802 0.65654 0.65392 0.65718 0.65918 0.65591 0.65584 0.66002 0.66059 0.65724 0.65750 0.66169 0.66275 0.65965 0.65909 0.66304 0.66491 0.66235 0.66133 0.66491 0.66703 0.66511 0.66424 0.66657 0.66851 0.66876 0.66839 0.66809 0.66928 0.67178 0.67275 0.67155 0.67112 0.67345 0.67628 0.67589 0.67415 0.67579 0.67919 0.67944 0.67818 0.67929 0.68137 0.68226 0.68301 0.68348 0.68374 0.68496 0.68731 0.68772 0.68733 0.68863 0.69059 0.69103 0.69156 0.69349 0.69393 0.69308 0.69543 0.69801 0.69786 0.69751 0.69971 0.70252 0.70139 0.70184 0.70513 0.70521 0.70437 0.70709 0.71036 0.70921 0.70830 0.71104 0.71471 0.71422 0.71246 0.71479 0.71934 0.71937 0.71779 0.71885 0.72210 0.72444 0.72366 0.72329 0.72611 0.72935 0.72808 0.72856 0.73140 0.73123 0.73179 0.73521 0.73663 0.73486 0.73596 0.74025 0.74154 0.73949 0.74070 0.74495 0.74637 0.74425 0.74554 0.74972 0.75088 0.74955 0.75068 0.75365 0.75453 0.75585 0.75620 0.75569 0.72043 0.64684 0.57096 0.49490 0.41970 0.34418 0.26792 0.19166 0.11519 0.03838 0.00000 0.00000 0.00000 0.00000 0.00000 0.00000 0.00000 0.00000 0.00000 0.00000 0.00000 0.00000 0.00000 0.00000 0.00000 0.00000 0.00000 0.00000 0.00000 0.00000 0.00000 0.00000 0.00000 0.00000 0.00000
0.00000 0.00000 0.00000 0.00000 0.00000 0.00000 0.00000 0.00000 0.00000 0.00000 0.00000 0.00000 0.00000 0.00000 0.00000 0.03810 0.11437 0.18991 0.26518 0.34154 0.41838 0.49257 0.56644 0.64199 0.72064 0.75650 0.75248 0.75174 0.75481 0.75381 0.74907 0.74789 0.75066 0.74966 0.74574 0.74447 0.74619 0.74450 0.74228 0.74292 0.74196 0.73901 0.73864 0.74034 0.73797 0.73459 0.73533 0.73658 0.73311 0.73067 0.73318 0.73261 0.72860 0.72695 0.72965 0.72870 0.72431 0.72323 0.72596 0.72497 0.72026 0.71947 0.72235 0.72124 0.71673 0.71533 0.71836 0.71612 0.71325 0.71631 0.71471 0.71066 0.70947 0.71228 0.71154 0.70687 0.70593 0.70853 0.70767 0.70322 0.70251 0.70492 0.70328 0.70021 0.70033 0.69862 0.69893 0.70042 0.69788 0.69487 0.69681 0.69619 0.69289 0.69211 0.69391 0.69231 0.68909 0.68908 0.69011 0.68951 0.68761 0.68651 0.68423 0.68559 0.68664 0.68327 0.68083 0.68225 0.68323 0.68069 0.67782 0.67853 0.67990 0.67883 0.67611 0.67488 0.67623 0.67691 0.67385 0.67166 0.67343 0.67453 0.67142 0.66888 0.67009 0.67203 0.67014 0.66644 0.66665 0.66921 0.66838 0.66453 0.66359 0.66568 0.66674 0.66381 0.66109 0.66185 0.66488 0.66289 0.65913 0.66015 0.66286 0.66098 0.65757 0.65809 0.66067 0.65963 0.65650 0.65604 0.65850 0.65816 0.65532 0.65490 0.65687 0.65594 0.65428 0.65518 0.65466 0.65313 0.65538 0.65561 0.65201 0.65129 0.65556 0.65524 0.65030 0.65026 0.65485 0.65472 0.64986 0.64958 0.65421 0.65439 0.64958 0.64925 0.65394 0.65410 0.64943 0.64946 0.65390 0.65380 0.64957 0.64996 0.65410 0.65372 0.64976 0.65073 0.65470 0.65355 0.64999 0.65215 0.65533 0.65344 0.65096 0.65341 0.65585 0.65491 0.65287 0.65311 0.65578 0.65673 0.65551 0.65473 0.65579 0.65748 0.65815 0.65713 0.65658 0.65889 0.66010 0.65842 0.65852 0.66151 0.66147 0.65947 0.66119 0.66417 0.66280 0.66128 0.66433 0.66671 0.66406 0.66340 0.66811 0.66928 0.66544 0.66637 0.67128 0.67131 0.66822 0.66910 0.67354 0.67473 0.67180 0.67181 0.67628 0.67758 0.67490 0.67535 0.67998 0.68088 0.67762 0.67849 0.68369 0.68459 0.68105 0.68181 0.68714 0.68804 0.68480 0.68589 0.69096 0.69170 0.68834 0.69073 0.69475 0.69240 0.69217 0.69680 0.69855 0.69561 0.69623 0.70142 0.70257 0.70043 0.70068 0.70328 0.70628 0.70685 0.70600 0.70597 0.70926 0.71184 0.71158 0.71020 0.71323 0.71636 0.71571 0.71478 0.71878 0.72064 0.71834 0.71985 0.72381 0.72437 0.72271 0.72588 0.72874 0.72718 0.72745 0.73263 0.73318 0.73096 0.73245 0.73673 0.73733 0.73578 0.73749 0.74102 0.74189 0.74064 0.74239 0.74524 0.74643 0.74597 0.74749 0.74981 0.75047 0.75101 0.75294 0.75534 0.75429 0.75519 0.75808 0.72120 0.64493 0.57045 0.49571 0.42011 0.34370 0.26751 0.19158 0.11534 0.03843 0.00000 0.00000 0.00000 0.00000 0.00000 0.00000 0.00000 0.00000 0.00000 0.00000 0.00000 0.00000 0.00000 0.00000 0.00000 0.00000 0.00000 0.00000 0.00000 0.00000 0.00000 0.00000 0.00000 0.00000 0.00000
0.00000 0.00000 0.00000 0.00000 0.00000 0.00000 0.00000 0.00000 0.00000 0.00000 0.00000 0.00000 0.00000 0.00000 0.00000 0.03810 0.11367 0.18980 0.26640 0.34150 0.41528 0.49242 0.56948 0.64200 0.71546 0.75586 0.75623 0.75218 0.75103 0.75136 0.75176 0.75018 0.74709 0.74670 0.74824 0.74692 0.74229 0.74230 0.74453 0.74326 0.74016 0.73828 0.73907 0.73947 0.73792 0.73446 0.73413 0.73607 0.73469 0.73056 0.72976 0.73264 0.73106 0.72676 0.72578 0.72863 0.72739 0.72293 0.72195 0.72448 0.72377 0.71953 0.71826 0.72026 0.72036 0.71647 0.71428 0.71606 0.71504 0.71307 0.71353 0.71261 0.71028 0.70900 0.70994 0.70962 0.70661 0.70532 0.70627 0.70574 0.70281 0.70246 0.70310 0.70089 0.70000 0.70077 0.69773 0.69711 0.69904 0.69538 0.69361 0.69620 0.69508 0.69128 0.69076 0.69287 0.69061 0.68792 0.68880 0.68913 0.68769 0.68511 0.68516 0.68405 0.68480 0.68488 0.68194 0.68007 0.68148 0.68214 0.67945 0.67675 0.67784 0.67964 0.67730 0.67493 0.67435 0.67535 0.67507 0.67329 0.67132 0.67191 0.67270 0.67143 0.66859 0.66791 0.67032 0.67004 0.66592 0.66500 0.66818 0.66773 0.66325 0.66312 0.66603 0.66491 0.66213 0.66177 0.66109 0.66245 0.66316 0.65976 0.65801 0.66107 0.66169 0.65716 0.65602 0.65991 0.65998 0.65502 0.65443 0.65852 0.65844 0.65351 0.65299 0.65688 0.65710 0.65436 0.65234 0.65253 0.65523 0.65566 0.65217 0.65142 0.65375 0.65334 0.65168 0.65251 0.65278 0.65137 0.65145 0.65271 0.65178 0.65048 0.65180 0.65263 0.65073 0.65009 0.65247 0.65273 0.65002 0.64996 0.65300 0.65306 0.64987 0.65013 0.65368 0.65324 0.64985 0.65125 0.65474 0.65254 0.65027 0.65277 0.65546 0.65392 0.65193 0.65238 0.65424 0.65630 0.65613 0.65264 0.65419 0.65807 0.65559 0.65399 0.65851 0.65936 0.65537 0.65591 0.66078 0.66096 0.65712 0.65768 0.66247 0.66300 0.65958 0.65957 0.66402 0.66530 0.66233 0.66190 0.66592 0.66725 0.66576 0.66538 0.66610 0.66833 0.67028 0.66981 0.66834 0.66959 0.67248 0.67374 0.67308 0.67205 0.67344 0.67697 0.67741 0.67554 0.67634 0.67952 0.68070 0.67997 0.68030 0.68179 0.68309 0.68439 0.68510 0.68506 0.68551 0.68787 0.68978 0.68932 0.68882 0.69103 0.69348 0.69335 0.69372 0.69489 0.69603 0.69716 0.69817 0.69877 0.70091 0.70190 0.70160 0.70208 0.70563 0.70726 0.70524 0.70559 0.70942 0.71192 0.71036 0.70979 0.71297 0.71655 0.71571 0.71434 0.71666 0.72038 0.72107 0.71990 0.72061 0.72389 0.72578 0.72463 0.72563 0.72888 0.72972 0.72869 0.73175 0.73391 0.73255 0.73298 0.73709 0.73868 0.73705 0.73772 0.74194 0.74348 0.74130 0.74259 0.74674 0.74819 0.74651 0.74754 0.75110 0.75236 0.75264 0.75287 0.75327 0.75614 0.75939 0.72029 0.64438 0.57037 0.49597 0.41959 0.34353 0.26790 0.19155 0.11499 0.03841 0.00000 0.00000 0.00000 0.00000 0.00000 0.00000 0.00000 0.00000 0.00000 0.00000 0.00000 0.00000 0.00000 0.00000 0.00000 0.00000 0.00000 0.00000 0.00000 0.00000 0.00000 0.00000 0.00000 0.00000 0.00000
0.00000 0.00000 0.00000 0.00000 0.00000 0.00000 0.00000 0.00000 0.00000 0.00000 0.00000 0.00000 0.00000 0.00000 0.00000 0.03803 0.11376 0.18981 0.26631 0.34117 0.41552 0.49135 0.56910 0.64313 0.71586 0.75265 0.75550 0.75469 0.75058 0.74927 0.75170 0.75118 0.74750 0.74525 0.74714 0.74666 0.74401 0.74267 0.74272 0.74077 0.74047 0.74142 0.73880 0.73607 0.73650 0.73785 0.73500 0.73197 0.73335 0.73388 0.73049 0.72812 0.73042 0.72997 0.72602 0.72439 0.72699 0.72618 0.72172 0.72072 0.72347 0.72241 0.71784 0.71711 0.71979 0.71848 0.71427 0.71490 0.71591 0.71258 0.71059 0.71315 0.71263 0.70836 0.70701 0.70948 0.70898 0.70459 0.70353 0.70641 0.70506 0.70032 0.70023 0.70216 0.70139 0.70105 0.69628 0.69570 0.69870 0.69791 0.69390 0.69250 0.69507 0.69414 0.69030 0.68930 0.69141 0.69145 0.68763 0.68581 0.68663 0.68723 0.68714 0.68392 0.68147 0.68327 0.68426 0.68158 0.67874 0.67940 0.68088 0.67965 0.67647 0.67567 0.67682 0.67778 0.67608 0.67245 0.67357 0.67526 0.67207 0.66951 0.67127 0.67273 0.67058 0.66685 0.66748 0.67026 0.66911 0.66443 0.66419 0.66758 0.66714 0.66233 0.66156 0.66511 0.66526 0.66080 0.65955 0.66258 0.66331 0.65954 0.65753 0.65999 0.66149 0.65862 0.65595 0.65741 0.65941 0.65757 0.65475 0.65562 0.65762 0.65566 0.65349 0.65528 0.65657 0.65307 0.65255 0.65542 0.65332 0.65116 0.65458 0.65497 0.65039 0.65004 0.65461 0.65435 0.64939 0.64922 0.65388 0.65393 0.64908 0.64873 0.65339 0.65363 0.64895 0.64869 0.65310 0.65336 0.64916 0.64899 0.65294 0.65328 0.64963 0.64952 0.65314 0.65314 0.64971 0.65083 0.65411 0.65241 0.64996 0.65313 0.65510 0.65186 0.65089 0.65535 0.65569 0.65292 0.65298 0.65578 0.65568 0.65415 0.65577 0.65776 0.65581 0.65565 0.65832 0.65851 0.65688 0.65836 0.66039 0.65934 0.65868 0.66139 0.66215 0.66042 0.66136 0.66417 0.66312 0.66243 0.66543 0.66688 0.66397 0.66481 0.66917 0.66833 0.66597 0.66838 0.67188 0.67175 0.66921 0.66972 0.67440 0.67521 0.67254 0.67323 0.67763 0.67815 0.67543 0.67663 0.68129 0.68190 0.67855 0.67952 0.68473 0.68568 0.68226 0.68328 0.68842 0.68870 0.68590 0.68835 0.69223 0.69101 0.68966 0.69428 0.69602 0.69266 0.69357 0.69881 0.69993 0.69710 0.69779 0.70274 0.70390 0.70268 0.70257 0.70448 0.70735 0.70835 0.70801 0.70791 0.71084 0.71338 0.71294 0.71199 0.71559 0.71807 0.71619 0.71657 0.72075 0.72250 0.71984 0.72201 0.72566 0.72443 0.72472 0.72898 0.73008 0.72803 0.72985 0.73421 0.73421 0.73283 0.73483 0.73864 0.73882 0.73733 0.73954 0.74242 0.74364 0.74322 0.74436 0.74640 0.74812 0.74893 0.74959 0.75084 0.75215 0.75400 0.75493 0.75571 0.75627 0.72063 0.64585 0.57030 0.49471 0.41945 0.34378 0.26804 0.19154 0.11477 0.03836 0.00000 0.00000 0.00000 0.00000 0.00000 0.00000 0.00000 0.00000 0.00000 0.00000 0.00000 0.00000 0.00000 0.00000 0.00000 0.00000 0.00000 0.00000 0.00000 0.00000 0.00000 0.00000 0.00000 0.00000 0.00000
0.00000 0.00000 0.00000 0.00000 0.00000 0.00000 0.00000 0.00000 0.00000 0.00000 0.00000 0.00000 0.00000 0.00000 0.00000 0.03797 0.11432 0.18999 0.26472 0.34091 0.41799 0.49156 0.56471 0.64297 0.71989 0.75259 0.75149 0.75353 0.75329 0.75126 0.74865 0.74744 0.74918 0.74858 0.74401 0.74346 0.74598 0.74471 0.74054 0.73929 0.74086 0.74087 0.73896 0.73566 0.73567 0.73712 0.73589 0.73203 0.73119 0.73365 0.73221 0.72805 0.72718 0.73003 0.72848 0.72413 0.72330 0.72601 0.72489 0.72051 0.71947 0.72191 0.72140 0.71721 0.71567 0.71779 0.71762 0.71394 0.71301 0.71390 0.71248 0.71022 0.71051 0.71075 0.70833 0.70651 0.70697 0.70726 0.70470 0.70306 0.70351 0.70321 0.70202 0.70003 0.69985 0.69928 0.69997 0.69624 0.69487 0.69734 0.69671 0.69245 0.69123 0.69398 0.69288 0.68916 0.68812 0.69017 0.68970 0.68644 0.68564 0.68568 0.68614 0.68550 0.68283 0.68115 0.68244 0.68307 0.68037 0.67761 0.67872 0.68027 0.67815 0.67427 0.67526 0.67731 0.67574 0.67329 0.67236 0.67423 0.67309 0.67087 0.66989 0.67022 0.67040 0.66980 0.66745 0.66597 0.66807 0.66834 0.66467 0.66369 0.66615 0.66553 0.66206 0.66216 0.66366 0.66260 0.66157 0.66081 0.66003 0.66045 0.66107 0.65869 0.65701 0.65919 0.66018 0.65618 0.65464 0.65816 0.65863 0.65418 0.65312 0.65682 0.65702 0.65348 0.65251 0.65415 0.65505 0.65547 0.65224 0.65018 0.65349 0.65395 0.65154 0.65174 0.65254 0.65142 0.65103 0.65216 0.65156 0.65023 0.65119 0.65214 0.65048 0.64951 0.65167 0.65232 0.64970 0.64907 0.65209 0.65271 0.64946 0.64891 0.65253 0.65322 0.64943 0.64912 0.65359 0.65301 0.64936 0.65241 0.65457 0.65137 0.65060 0.65289 0.65423 0.65394 0.65414 0.65219 0.65273 0.65650 0.65594 0.65263 0.65577 0.65825 0.65474 0.65421 0.65887 0.65961 0.65570 0.65624 0.66117 0.66102 0.65740 0.65856 0.66309 0.66302 0.65975 0.66024 0.66507 0.66550 0.66249 0.66309 0.66711 0.66697 0.66702 0.66708 0.66631 0.66826 0.67145 0.67112 0.66962 0.67030 0.67140 0.67458 0.67519 0.67334 0.67369 0.67741 0.67886 0.67732 0.67726 0.67977 0.68167 0.68169 0.68193 0.68268 0.68340 0.68542 0.68722 0.68670 0.68591 0.68857 0.69186 0.69098 0.68971 0.69216 0.69476 0.69479 0.69453 0.69617 0.69866 0.69899 0.69841 0.69977 0.70358 0.70405 0.70185 0.70318 0.70762 0.70903 0.70662 0.70715 0.71133 0.71363 0.71184 0.71152 0.71498 0.71813 0.71718 0.71639 0.71894 0.72182 0.72219 0.72121 0.72308 0.72634 0.72610 0.72560 0.72858 0.73116 0.73024 0.73012 0.73386 0.73582 0.73495 0.73483 0.73841 0.74059 0.73899 0.73966 0.74351 0.74537 0.74367 0.74457 0.74799 0.74989 0.74952 0.74970 0.75146 0.75390 0.75607 0.75509 0.75514 0.72010 0.64670 0.57007 0.49414 0.41954 0.34419 0.26750 0.19114 0.11515 0.03839 0.00000 0.00000 0.00000 0.00000 0.00000 0.00000 0.00000 0.00000 0.00000 0.00000 0.00000 0.00000 0.00000 0.00000 0.00000 0.00000 0.00000 0.00000 0.00000 0.00000 0.00000 0.00000 0.00000 0.00000 0.00000
0.00000 0.00000 0.00000 0.00000 0.00000 0.00000 0.00000 0.00000 0.00000 0.00000 0.00000 0.00000 0.00000 0.00000 0.00000 0.03794 0.11418 0.18984 0.26464 0.34019 0.41760 0.49219 0.56542 0.64020 0.71856 0.75545 0.75197 0.75048 0.75160 0.75256 0.74977 0.74689 0.74800 0.74854 0.74586 0.74281 0.74371 0.74321 0.74225 0.74193 0.73954 0.73767 0.73835 0.73924 0.73629 0.73342 0.73394 0.73524 0.73256 0.72944 0.73091 0.73127 0.72795 0.72563 0.72792 0.72751 0.72335 0.72194 0.72460 0.72370 0.71920 0.71841 0.72109 0.71978 0.71538 0.71541 0.71738 0.71501 0.71177 0.71331 0.71366 0.71015 0.70811 0.71022 0.71026 0.70629 0.70473 0.70691 0.70656 0.70223 0.70121 0.70392 0.70269 0.69909 0.69741 0.69749 0.70014 0.69901 0.69427 0.69355 0.69657 0.69547 0.69146 0.69026 0.69268 0.69207 0.68836 0.68631 0.68865 0.68910 0.68660 0.68408 0.68362 0.68488 0.68486 0.68219 0.68006 0.68064 0.68166 0.68032 0.67756 0.67671 0.67744 0.67852 0.67785 0.67339 0.67242 0.67607 0.67463 0.67035 0.67146 0.67331 0.67092 0.66766 0.66849 0.67078 0.67036 0.66512 0.66469 0.66854 0.66778 0.66263 0.66213 0.66615 0.66573 0.66047 0.65999 0.66395 0.66364 0.65868 0.65807 0.66196 0.66174 0.65716 0.65605 0.65970 0.66015 0.65621 0.65435 0.65725 0.65840 0.65490 0.65306 0.65602 0.65698 0.65275 0.65153 0.65561 0.65561 0.65095 0.65180 0.65494 0.65150 0.64979 0.65418 0.65413 0.64925 0.64892 0.65362 0.65358 0.64870 0.64832 0.65304 0.65320 0.64848 0.64815 0.65257 0.65291 0.64866 0.64826 0.65216 0.65283 0.64925 0.64854 0.65178 0.65288 0.65035 0.64930 0.65174 0.65241 0.65069 0.65145 0.65328 0.65117 0.65019 0.65431 0.65503 0.65074 0.65098 0.65584 0.65550 0.65215 0.65343 0.65725 0.65545 0.65316 0.65629 0.65810 0.65591 0.65574 0.65871 0.65909 0.65691 0.65845 0.66123 0.66012 0.65861 0.66134 0.66299 0.66173 0.66269 0.66375 0.66239 0.66477 0.66704 0.66513 0.66410 0.66868 0.67003 0.66737 0.66691 0.67054 0.67263 0.67182 0.67015 0.67148 0.67558 0.67547 0.67320 0.67478 0.67900 0.67906 0.67624 0.67767 0.68239 0.68325 0.67980 0.68066 0.68591 0.68637 0.68346 0.68554 0.68971 0.68865 0.68718 0.69112 0.69351 0.69071 0.69105 0.69595 0.69739 0.69443 0.69510 0.70004 0.70138 0.69917 0.69953 0.70325 0.70522 0.70456 0.70447 0.70623 0.70886 0.70986 0.70951 0.70984 0.71297 0.71492 0.71378 0.71401 0.71774 0.71982 0.71741 0.71890 0.72246 0.72303 0.72215 0.72556 0.72684 0.72512 0.72734 0.73117 0.73102 0.73004 0.73230 0.73604 0.73567 0.73400 0.73683 0.74055 0.74069 0.74013 0.74142 0.74315 0.74547 0.74629 0.74643 0.74740 0.74981 0.75179 0.75178 0.75189 0.75390 0.75644 0.75692 0.71909 0.64466 0.57066 0.49493 0.41923 0.34360 0.26745 0.19126 0.11522 0.03841 0.00000 0.00000 0.00000 0.00000 0.00000 0.00000 0.00000 0.00000 0.00000 0.00000 0.00000 0.00000 0.00000 0.00000 0.00000 0.00000 0.00000 0.00000 0.00000 0.00000 0.00000 0.00000 0.00000 0.00000 0.00000
0.00000 0.00000 0.00000 0.00000 0.00000 0.00000 0.00000 0.00000 0.00000 0.00000 0.00000 0.00000 0.00000 0.00000 0.00000 0.03805 0.11373 0.18941 0.26615 0.34096 0.41545 0.49183 0.56911 0.64020 0.71455 0.75540 0.75507 0.75030 0.74975 0.74929 0.75051 0.75059 0.74609 0.74466 0.74700 0.74626 0.74130 0.74063 0.74279 0.74216 0.74011 0.73681 0.73718 0.73831 0.73721 0.73404 0.73265 0.73439 0.73354 0.72978 0.72862 0.73118 0.72966 0.72554 0.72475 0.72751 0.72603 0.72167 0.72088 0.72348 0.72253 0.71819 0.71700 0.71949 0.71898 0.71477 0.71346 0.71554 0.71480 0.71130 0.71085 0.71193 0.71024 0.70766 0.70765 0.70859 0.70653 0.70411 0.70390 0.70491 0.70418 0.70075 0.69903 0.70101 0.70137 0.69711 0.69591 0.69820 0.69794 0.69350 0.69235 0.69507 0.69438 0.69044 0.68902 0.69145 0.69106 0.68746 0.68596 0.68739 0.68771 0.68555 0.68342 0.68281 0.68378 0.68373 0.68112 0.67906 0.67992 0.68069 0.67883 0.67625 0.67646 0.67744 0.67636 0.67395 0.67364 0.67521 0.67355 0.67033 0.67132 0.67336 0.67051 0.66808 0.66911 0.66833 0.66782 0.66843 0.66649 0.66475 0.66588 0.66619 0.66334 0.66264 0.66429 0.66322 0.66075 0.66138 0.66220 0.66039 0.65935 0.66000 0.65945 0.65837 0.65876 0.65789 0.65624 0.65723 0.65820 0.65549 0.65391 0.65632 0.65673 0.65377 0.65306 0.65480 0.65470 0.65367 0.65278 0.65158 0.65296 0.65422 0.65199 0.65133 0.65201 0.65103 0.65114 0.65209 0.65116 0.64999 0.65098 0.65173 0.65010 0.64922 0.65123 0.65184 0.64930 0.64853 0.65143 0.65222 0.64906 0.64820 0.65160 0.65271 0.64917 0.64821 0.65224 0.65306 0.64898 0.65032 0.65364 0.64977 0.64920 0.65361 0.65404 0.65104 0.65145 0.65239 0.65297 0.65450 0.65428 0.65188 0.65376 0.65691 0.65454 0.65277 0.65681 0.65845 0.65473 0.65461 0.65929 0.65977 0.65609 0.65754 0.66157 0.66004 0.65786 0.66052 0.66367 0.66253 0.66021 0.66186 0.66587 0.66473 0.66335 0.66515 0.66668 0.66658 0.66822 0.66876 0.66828 0.66864 0.67017 0.67221 0.67353 0.67141 0.67107 0.67517 0.67686 0.67506 0.67461 0.67763 0.68001 0.67927 0.67882 0.68031 0.68180 0.68316 0.68438 0.68397 0.68352 0.68643 0.68923 0.68827 0.68696 0.68978 0.69296 0.69233 0.69134 0.69365 0.69641 0.69633 0.69555 0.69741 0.70079 0.70102 0.69934 0.70090 0.70528 0.70594 0.70344 0.70471 0.70933 0.71065 0.70824 0.70896 0.71320 0.71525 0.71331 0.71345 0.71731 0.71955 0.71798 0.71801 0.72272 0.72379 0.72152 0.72262 0.72653 0.72835 0.72709 0.72737 0.73097 0.73292 0.73238 0.73207 0.73515 0.73770 0.73789 0.73677 0.73952 0.74250 0.74117 0.74166 0.74475 0.74721 0.74667 0.74670 0.74874 0.75149 0.75267 0.75206 0.75256 0.75552 0.75797 0.71942 0.64375 0.57006 0.49574 0.41902 0.34277 0.26779 0.19179 0.11482 0.03826 0.00000 0.00000 0.00000 0.00000 0.00000 0.00000 0.00000 0.00000 0.00000 0.00000 0.00000 0.00000 0.00000 0.00000 0.00000 0.00000 0.00000 0.00000 0.00000 0.00000 0.00000 0.00000 0.00000 0.00000 0.00000
0.00000 0.00000 0.00000 0.00000 0.00000 0.00000 0.00000 0.00000 0.00000 0.00000 0.00000 0.00000 0.00000 0.00000 0.00000 0.03806 0.11359 0.18911 0.26586 0.34130 0.41484 0.48971 0.56802 0.64308 0.71518 0.75153 0.75265 0.75397 0.75324 0.74854 0.74764 0.75007 0.74810 0.74430 0.74474 0.74606 0.74391 0.74076 0.74055 0.73945 0.74055 0.74062 0.73676 0.73494 0.73540 0.73666 0.73437 0.73088 0.73127 0.73267 0.73012 0.72702 0.72877 0.72884 0.72514 0.72323 0.72575 0.72509 0.72064 0.71966 0.72236 0.72119 0.71672 0.71637 0.71879 0.71694 0.71296 0.71364 0.71501 0.71217 0.70936 0.71087 0.71140 0.70804 0.70591 0.70741 0.70798 0.70444 0.70243 0.70372 0.70422 0.70101 0.69884 0.69902 0.70069 0.69993 0.69509 0.69487 0.69815 0.69671 0.69226 0.69139 0.69402 0.69311 0.68951 0.68793 0.69011 0.69004 0.68686 0.68449 0.68592 0.68688 0.68499 0.68248 0.68176 0.68236 0.68240 0.68080 0.67870 0.67813 0.67865 0.67896 0.67725 0.67455 0.67379 0.67672 0.67628 0.67145 0.67046 0.67383 0.67207 0.66879 0.66952 0.67106 0.67099 0.66632 0.66484 0.66887 0.66872 0.66359 0.66268 0.66691 0.66634 0.66098 0.66053 0.66455 0.66417 0.65897 0.65860 0.66247 0.66192 0.65713 0.65675 0.66097 0.66017 0.65532 0.65476 0.65905 0.65884 0.65398 0.65300 0.65711 0.65739 0.65239 0.65161 0.65602 0.65607 0.65082 0.65033 0.65507 0.65459 0.64965 0.65122 0.65409 0.65027 0.64867 0.65322 0.65335 0.64869 0.64808 0.65276 0.65287 0.64813 0.64786 0.65224 0.65247 0.64817 0.64779 0.65169 0.65236 0.64865 0.64782 0.65121 0.65251 0.64974 0.64813 0.65019 0.65250 0.65222 0.64941 0.64945 0.65155 0.65155 0.65228 0.65296 0.65030 0.64998 0.65482 0.65489 0.65060 0.65154 0.65611 0.65505 0.65182 0.65438 0.65728 0.65513 0.65378 0.65692 0.65822 0.65622 0.65620 0.65927 0.65953 0.65722 0.65877 0.66153 0.66095 0.66021 0.66128 0.66139 0.66336 0.66521 0.66303 0.66228 0.66722 0.66812 0.66443 0.66493 0.67014 0.67077 0.66758 0.66796 0.67200 0.67363 0.67221 0.67100 0.67320 0.67687 0.67635 0.67404 0.67590 0.68012 0.68063 0.67750 0.67840 0.68347 0.68423 0.68113 0.68278 0.68719 0.68638 0.68476 0.68819 0.69102 0.68880 0.68859 0.69312 0.69490 0.69203 0.69256 0.69736 0.69887 0.69626 0.69677 0.70121 0.70284 0.70106 0.70134 0.70461 0.70678 0.70620 0.70602 0.70804 0.71083 0.71139 0.71063 0.71189 0.71512 0.71637 0.71496 0.71645 0.71942 0.72067 0.71973 0.72227 0.72356 0.72264 0.72495 0.72804 0.72777 0.72715 0.72993 0.73315 0.73246 0.73183 0.73427 0.73832 0.73767 0.73663 0.73860 0.74062 0.74269 0.74344 0.74341 0.74439 0.74728 0.74905 0.74871 0.74878 0.75142 0.75402 0.75405 0.75369 0.75573 0.72066 0.64503 0.56916 0.49448 0.41972 0.34329 0.26739 0.19148 0.11479 0.03830 0.00000 0.00000 0.00000 0.00000 0.00000 0.00000 0.00000 0.00000 0.00000 0.00000 0.00000 0.00000 0.00000 0.00000 0.00000 0.00000 0.00000 0.00000 0.00000 0.00000 0.00000 0.00000 0.00000 0.00000 0.00000
0.00000 0.00000 0.00000 0.00000 0.00000 0.00000 0.00000 0.00000 0.00000 0.00000 0.00000 0.00000 0.00000 0.00000 0.00000 0.03789 0.11387 0.18978 0.26520 0.34039 0.41696 0.49072 0.56537 0.64287 0.71836 0.75010 0.75083 0.75248 0.75216 0.75125 0.74766 0.74652 0.74810 0.74797 0.74356 0.74213 0.74430 0.74362 0.74206 0.73812 0.73834 0.73944 0.73870 0.73626 0.73403 0.73486 0.73499 0.73240 0.73003 0.73158 0.73105 0.72731 0.72626 0.72889 0.72724 0.72313 0.72239 0.72495 0.72372 0.71937 0.71846 0.72103 0.72027 0.71587 0.71464 0.71719 0.71654 0.71229 0.71145 0.71342 0.71221 0.70876 0.70841 0.70988 0.70821 0.70524 0.70481 0.70643 0.70513 0.70183 0.70031 0.70256 0.70285 0.69841 0.69635 0.69878 0.69920 0.69484 0.69352 0.69576 0.69569 0.69194 0.69030 0.69246 0.69209 0.68886 0.68706 0.68885 0.68884 0.68597 0.68400 0.68488 0.68528 0.68398 0.68183 0.68081 0.68138 0.68136 0.67941 0.67785 0.67798 0.67787 0.67677 0.67567 0.67525 0.67479 0.67389 0.67230 0.67290 0.67383 0.67072 0.66762 0.67073 0.67121 0.66771 0.66667 0.66839 0.66653 0.66544 0.66647 0.66524 0.66350 0.66416 0.66400 0.66164 0.66173 0.66309 0.66103 0.65892 0.66064 0.66133 0.65829 0.65722 0.65918 0.65872 0.65645 0.65668 0.65709 0.65573 0.65547 0.65596 0.65485 0.65405 0.65460 0.65424 0.65339 0.65358 0.65309 0.65236 0.65255 0.65288 0.65227 0.65115 0.64975 0.65196 0.65321 0.65034 0.64922 0.65146 0.65180 0.64937 0.64896 0.65133 0.65142 0.64867 0.64822 0.65116 0.65174 0.64855 0.64771 0.65096 0.65213 0.64887 0.64756 0.65105 0.65256 0.64902 0.64845 0.65218 0.65115 0.64859 0.65255 0.65359 0.64897 0.64938 0.65312 0.65348 0.65241 0.65190 0.65141 0.65324 0.65540 0.65351 0.65167 0.65517 0.65725 0.65379 0.65321 0.65764 0.65870 0.65491 0.65597 0.65984 0.65769 0.65652 0.66062 0.66205 0.65857 0.65848 0.66325 0.66418 0.66115 0.66112 0.66453 0.66599 0.66424 0.66486 0.66703 0.66733 0.66676 0.66831 0.67014 0.67112 0.66949 0.66909 0.67308 0.67504 0.67293 0.67218 0.67547 0.67806 0.67708 0.67615 0.67794 0.68022 0.68105 0.68154 0.68128 0.68137 0.68445 0.68669 0.68542 0.68444 0.68768 0.69060 0.68967 0.68858 0.69131 0.69414 0.69377 0.69286 0.69504 0.69812 0.69826 0.69688 0.69858 0.70256 0.70299 0.70082 0.70242 0.70692 0.70748 0.70514 0.70669 0.71101 0.71210 0.70994 0.71095 0.71512 0.71680 0.71474 0.71521 0.71982 0.72118 0.71881 0.71982 0.72482 0.72549 0.72350 0.72478 0.72861 0.72994 0.72908 0.72952 0.73280 0.73476 0.73512 0.73396 0.73598 0.73966 0.73983 0.73875 0.74145 0.74446 0.74387 0.74377 0.74600 0.74899 0.74964 0.74906 0.74993 0.75302 0.75503 0.75452 0.75456 0.71940 0.64593 0.56954 0.49359 0.41925 0.34422 0.26721 0.19084 0.11510 0.03846 0.00000 0.00000 0.00000 0.00000 0.00000 0.00000 0.00000 0.00000 0.00000 0.00000 0.00000 0.00000 0.00000 0.00000 0.00000 0.00000 0.00000 0.00000 0.00000 0.00000 0.00000 0.00000 0.00000 0.00000 0.00000
0.00000 0.00000 0.00000 0.00000 0.00000 0.00000 0.00000 0.00000 0.00000 0.00000 0.00000 0.00000 0.00000 0.00000 0.00000 0.03787 0.11400 0.18986 0.26447 0.33952 0.41688 0.49233 0.56484 0.63950 0.71668 0.75506 0.75354 0.75005 0.74861 0.75152 0.75069 0.74601 0.74571 0.74768 0.74559 0.74162 0.74193 0.74334 0.74209 0.74134 0.73737 0.73649 0.73882 0.73807 0.73467 0.73233 0.73218 0.73414 0.73239 0.72846 0.72962 0.73025 0.72707 0.72466 0.72704 0.72652 0.72223 0.72092 0.72367 0.72271 0.71808 0.71748 0.72014 0.71866 0.71438 0.71438 0.71644 0.71420 0.71064 0.71156 0.71270 0.70982 0.70715 0.70833 0.70922 0.70620 0.70373 0.70454 0.70571 0.70311 0.70020 0.70038 0.70195 0.70081 0.69666 0.69629 0.69882 0.69789 0.69273 0.69272 0.69598 0.69425 0.69067 0.68944 0.69114 0.69094 0.68801 0.68575 0.68760 0.68856 0.68520 0.68261 0.68379 0.68453 0.68285 0.68118 0.68019 0.67990 0.67980 0.67928 0.67767 0.67619 0.67566 0.67700 0.67630 0.67299 0.67172 0.67423 0.67362 0.67020 0.66984 0.67128 0.67054 0.66787 0.66671 0.66876 0.66921 0.66518 0.66328 0.66713 0.66706 0.66196 0.66122 0.66536 0.66484 0.65949 0.65911 0.66287 0.66250 0.65791 0.65736 0.66085 0.66027 0.65592 0.65561 0.65964 0.65875 0.65383 0.65361 0.65801 0.65762 0.65224 0.65184 0.65644 0.65632 0.65088 0.65049 0.65518 0.65500 0.64989 0.64948 0.65403 0.65324 0.64894 0.65117 0.65314 0.64960 0.64830 0.65222 0.65252 0.64807 0.64799 0.65198 0.65198 0.64778 0.64765 0.65138 0.65187 0.64814 0.64735 0.65086 0.65209 0.64881 0.64733 0.65012 0.65231 0.65090 0.64786 0.64835 0.65204 0.65279 0.64992 0.64959 0.65073 0.65117 0.65292 0.65348 0.64999 0.65032 0.65495 0.65434 0.65075 0.65275 0.65622 0.65425 0.65233 0.65569 0.65714 0.65504 0.65459 0.65684 0.65843 0.65765 0.65684 0.65851 0.65993 0.65929 0.65927 0.66060 0.66186 0.66277 0.66132 0.66108 0.66494 0.66613 0.66295 0.66324 0.66830 0.66885 0.66537 0.66605 0.67109 0.67165 0.66886 0.66899 0.67233 0.67483 0.67370 0.67191 0.67410 0.67795 0.67812 0.67535 0.67639 0.68108 0.68207 0.67898 0.68024 0.68468 0.68415 0.68249 0.68560 0.68854 0.68656 0.68619 0.69046 0.69243 0.68972 0.69010 0.69480 0.69640 0.69359 0.69420 0.69887 0.70037 0.69797 0.69859 0.70272 0.70440 0.70275 0.70292 0.70628 0.70857 0.70785 0.70736 0.70987 0.71289 0.71299 0.71201 0.71402 0.71691 0.71764 0.71710 0.71905 0.72054 0.72108 0.72259 0.72481 0.72451 0.72450 0.72774 0.73016 0.72916 0.72914 0.73204 0.73522 0.73457 0.73357 0.73585 0.73934 0.73987 0.74019 0.74045 0.74165 0.74467 0.74607 0.74566 0.74605 0.74890 0.75133 0.75123 0.75068 0.75291 0.75601 0.75638 0.71800 0.64406 0.57061 0.49445 0.41839 0.34341 0.26771 0.19105 0.11490 0.03840 0.00000 0.00000 0.00000 0.00000 0.00000 0.00000 0.00000 0.00000 0.00000 0.00000 0.00000 0.00000 0.00000 0.00000 0.00000 0.00000 0.00000 0.00000 0.00000 0.00000 0.00000 0.00000 0.00000 0.00000 0.00000
0.00000 0.00000 0.00000 0.00000 0.00000 0.00000 0.00000 0.00000 0.00000 0.00000 0.00000 0.00000 0.00000 0.00000 0.00000 0.03800 0.11385 0.18903 0.26494 0.34080 0.41579 0.49137 0.56720 0.63933 0.71461 0.75404 0.75364 0.75011 0.74898 0.74855 0.74966 0.74942 0.74527 0.74387 0.74541 0.74529 0.74232 0.73965 0.73857 0.74084 0.74056 0.73725 0.73508 0.73496 0.73650 0.73581 0.73140 0.73058 0.73263 0.73026 0.72770 0.72969 0.72864 0.72499 0.72396 0.72628 0.72499 0.72096 0.71998 0.72233 0.72158 0.71724 0.71605 0.71862 0.71804 0.71358 0.71242 0.71500 0.71410 0.70988 0.70929 0.71133 0.70993 0.70636 0.70595 0.70786 0.70646 0.70301 0.70197 0.70416 0.70361 0.69969 0.69787 0.70008 0.70043 0.69659 0.69474 0.69613 0.69693 0.69467 0.69168 0.69257 0.69312 0.69095 0.68865 0.68962 0.68961 0.68718 0.68543 0.68674 0.68638 0.68420 0.68301 0.68295 0.68275 0.68183 0.68023 0.67947 0.67954 0.67878 0.67722 0.67708 0.67697 0.67525 0.67416 0.67439 0.67463 0.67312 0.67097 0.67003 0.67229 0.67173 0.66787 0.66675 0.67000 0.66849 0.66525 0.66615 0.66733 0.66479 0.66359 0.66466 0.66346 0.66228 0.66314 0.66200 0.65964 0.66091 0.66224 0.65899 0.65708 0.65982 0.66030 0.65646 0.65558 0.65827 0.65774 0.65490 0.65502 0.65617 0.65533 0.65406 0.65386 0.65410 0.65437 0.65321 0.65199 0.65256 0.65377 0.65240 0.65041 0.65043 0.65295 0.65346 0.64937 0.64830 0.65232 0.65258 0.64842 0.64834 0.65186 0.65132 0.64782 0.64804 0.65134 0.65132 0.64787 0.64736 0.65070 0.65165 0.64846 0.64711 0.65018 0.65201 0.64909 0.64726 0.65055 0.65174 0.64877 0.64990 0.65241 0.64948 0.64831 0.65251 0.65343 0.65091 0.64968 0.65052 0.65344 0.65410 0.65169 0.65076 0.65429 0.65607 0.65267 0.65211 0.65637 0.65713 0.65364 0.65495 0.65841 0.65644 0.65524 0.65966 0.66052 0.65646 0.65700 0.66210 0.66263 0.65872 0.65928 0.66405 0.66459 0.66171 0.66235 0.66583 0.66632 0.66465 0.66588 0.66845 0.66886 0.66743 0.66806 0.67134 0.67298 0.67066 0.67002 0.67367 0.67611 0.67488 0.67386 0.67567 0.67836 0.67907 0.67901 0.67868 0.67930 0.68259 0.68430 0.68259 0.68206 0.68575 0.68822 0.68690 0.68610 0.68915 0.69180 0.69117 0.69033 0.69273 0.69557 0.69568 0.69449 0.69617 0.69977 0.70041 0.69851 0.69995 0.70422 0.70451 0.70253 0.70455 0.70858 0.70867 0.70695 0.70889 0.71268 0.71363 0.71177 0.71280 0.71707 0.71854 0.71632 0.71712 0.72201 0.72266 0.72050 0.72229 0.72642 0.72683 0.72562 0.72733 0.73058 0.73167 0.73137 0.73129 0.73482 0.73683 0.73716 0.73586 0.73874 0.74168 0.74100 0.74085 0.74350 0.74645 0.74650 0.74601 0.74744 0.75066 0.75214 0.75164 0.75181 0.75447 0.75714 0.71911 0.64318 0.56940 0.49533 0.41874 0.34261 0.26758 0.19167 0.11474 0.03828 0.00000 0.00000 0.00000 0.00000 0.00000 0.00000 0.00000 0.00000 0.00000 0.00000 0.00000 0.00000 0.00000 0.00000 0.00000 0.00000 0.00000 0.00000 0.00000 0.00000 0.00000 0.00000 0.00000 0.00000 0.00000
0.00000 0.00000 0.00000 0.00000 0.00000 0.00000 0.00000 0.00000 0.00000 0.00000 0.00000 0.00000 0.00000 0.00000 0.00000 0.03800 0.11356 0.18893 0.26535 0.34091 0.41524 0.48976 0.56666 0.64221 0.71640 0.75131 0.75045 0.75275 0.75217 0.74771 0.74679 0.74895 0.74743 0.74341 0.74351 0.74478 0.74333 0.74031 0.73893 0.73845 0.74027 0.73948 0.73385 0.73361 0.73501 0.73561 0.73350 0.72997 0.72981 0.73175 0.72906 0.72616 0.72888 0.72798 0.72391 0.72232 0.72515 0.72430 0.71964 0.71865 0.72147 0.72039 0.71581 0.71534 0.71785 0.71615 0.71208 0.71232 0.71417 0.71171 0.70848 0.70939 0.71045 0.70777 0.70508 0.70577 0.70702 0.70472 0.70164 0.70169 0.70340 0.70193 0.69821 0.69772 0.69955 0.69904 0.69464 0.69418 0.69638 0.69542 0.69128 0.69115 0.69177 0.69172 0.68989 0.68776 0.68843 0.68912 0.68643 0.68366 0.68554 0.68695 0.68313 0.68138 0.68210 0.68178 0.68060 0.67979 0.67879 0.67806 0.67718 0.67719 0.67670 0.67495 0.67320 0.67439 0.67476 0.67206 0.67026 0.67146 0.67155 0.66963 0.66829 0.66868 0.66927 0.66712 0.66471 0.66676 0.66760 0.66371 0.66207 0.66599 0.66557 0.66013 0.65978 0.66382 0.66333 0.65849 0.65781 0.66104 0.66091 0.65708 0.65626 0.65934 0.65886 0.65475 0.65451 0.65836 0.65759 0.65259 0.65247 0.65677 0.65654 0.65112 0.65080 0.65530 0.65526 0.65031 0.64954 0.65387 0.65401 0.64961 0.64907 0.65268 0.65158 0.64899 0.65078 0.65180 0.64872 0.64859 0.65159 0.65124 0.64757 0.64793 0.65122 0.65127 0.64770 0.64717 0.65054 0.65166 0.64822 0.64679 0.65002 0.65192 0.64948 0.64694 0.64855 0.65211 0.65208 0.64797 0.64771 0.65125 0.65261 0.65080 0.64935 0.65015 0.65114 0.65329 0.65290 0.65018 0.65156 0.65494 0.65343 0.65137 0.65460 0.65599 0.65326 0.65334 0.65710 0.65713 0.65566 0.65544 0.65657 0.65863 0.65847 0.65773 0.65884 0.66028 0.66058 0.65991 0.66036 0.66289 0.66394 0.66162 0.66187 0.66616 0.66688 0.66369 0.66437 0.66916 0.66964 0.66668 0.66726 0.67136 0.67272 0.67110 0.67000 0.67246 0.67593 0.67588 0.67324 0.67440 0.67875 0.67989 0.67701 0.67799 0.68216 0.68191 0.68044 0.68327 0.68605 0.68421 0.68392 0.68804 0.68998 0.68738 0.68772 0.69237 0.69397 0.69106 0.69172 0.69653 0.69791 0.69516 0.69611 0.70061 0.70187 0.69958 0.70030 0.70450 0.70598 0.70440 0.70450 0.70796 0.71039 0.70974 0.70899 0.71156 0.71478 0.71480 0.71399 0.71604 0.71820 0.71909 0.71990 0.72136 0.72151 0.72248 0.72548 0.72705 0.72586 0.72644 0.73030 0.73227 0.73097 0.73106 0.73333 0.73763 0.73702 0.73643 0.73746 0.73975 0.74209 0.74280 0.74257 0.74358 0.74655 0.74845 0.74825 0.74790 0.75007 0.75340 0.75395 0.75285 0.75454 0.72029 0.64481 0.56835 0.49396 0.41956 0.34305 0.26696 0.19135 0.11494 0.03828 0.00000 0.00000 0.00000 0.00000 0.00000 0.00000 0.00000 0.00000 0.00000 0.00000 0.00000 0.00000 0.00000 0.00000 0.00000 0.00000 0.00000 0.00000 0.00000 0.00000 0.00000 0.00000 0.00000 0.00000 0.00000
0.00000 0.00000 0.00000 0.00000 0.00000 0.00000 0.00000 0.00000 0.00000 0.00000 0.00000 0.00000 0.00000 0.00000 0.00000 0.03783 0.11354 0.18967 0.26518 0.33963 0.41576 0.49112 0.56528 0.64110 0.71720 0.75170 0.75015 0.75032 0.75143 0.75018 0.74662 0.74562 0.74722 0.74706 0.74308 0.74125 0.74218 0.74270 0.74197 0.73790 0.73627 0.73746 0.73800 0.73697 0.73274 0.73115 0.73419 0.73399 0.72911 0.72786 0.73026 0.72769 0.72548 0.72729 0.72637 0.72304 0.72163 0.72349 0.72287 0.71906 0.71763 0.71974 0.71944 0.71522 0.71375 0.71635 0.71579 0.71132 0.71028 0.71289 0.71182 0.70757 0.70716 0.70929 0.70801 0.70418 0.70352 0.70580 0.70485 0.70093 0.69967 0.70175 0.70162 0.69812 0.69611 0.69722 0.69820 0.69665 0.69301 0.69181 0.69434 0.69390 0.69035 0.68931 0.69025 0.68932 0.68767 0.68781 0.68667 0.68504 0.68559 0.68523 0.68332 0.68206 0.68189 0.68152 0.68075 0.67951 0.67818 0.67851 0.67845 0.67620 0.67473 0.67603 0.67627 0.67310 0.67140 0.67260 0.67375 0.67149 0.66835 0.66865 0.67125 0.66946 0.66560 0.66641 0.66892 0.66616 0.66333 0.66524 0.66590 0.66311 0.66248 0.66303 0.66112 0.66118 0.66261 0.66013 0.65776 0.66010 0.66122 0.65719 0.65553 0.65893 0.65910 0.65502 0.65442 0.65722 0.65659 0.65375 0.65372 0.65509 0.65501 0.65303 0.65201 0.65312 0.65444 0.65234 0.65013 0.65128 0.65364 0.65241 0.64882 0.64873 0.65292 0.65298 0.64782 0.64755 0.65230 0.65184 0.64713 0.64775 0.65168 0.65094 0.64712 0.64724 0.65081 0.65122 0.64790 0.64674 0.64970 0.65151 0.64906 0.64668 0.64913 0.65173 0.64944 0.64795 0.65053 0.65025 0.64815 0.65059 0.65269 0.65047 0.64833 0.64946 0.65332 0.65369 0.64988 0.64973 0.65393 0.65499 0.65129 0.65099 0.65543 0.65581 0.65239 0.65433 0.65725 0.65488 0.65391 0.65858 0.65919 0.65498 0.65561 0.66074 0.66127 0.65703 0.65760 0.66284 0.66327 0.65960 0.66025 0.66455 0.66513 0.66261 0.66350 0.66694 0.66732 0.66536 0.66639 0.66983 0.67079 0.66829 0.66831 0.67245 0.67429 0.67226 0.67178 0.67378 0.67625 0.67704 0.67697 0.67621 0.67718 0.68081 0.68211 0.67987 0.67979 0.68393 0.68591 0.68419 0.68377 0.68708 0.68945 0.68857 0.68795 0.69050 0.69310 0.69318 0.69217 0.69375 0.69703 0.69807 0.69635 0.69728 0.70131 0.70239 0.70037 0.70209 0.70590 0.70529 0.70433 0.70701 0.71014 0.71005 0.70895 0.71086 0.71431 0.71568 0.71381 0.71452 0.71896 0.72012 0.71813 0.71962 0.72391 0.72383 0.72239 0.72520 0.72823 0.72823 0.72801 0.72977 0.73271 0.73401 0.73316 0.73292 0.73696 0.73882 0.73787 0.73799 0.74127 0.74378 0.74316 0.74301 0.74530 0.74847 0.74908 0.74827 0.74923 0.75212 0.75439 0.75442 0.75396 0.71822 0.64541 0.56944 0.49322 0.41874 0.34377 0.26711 0.19087 0.11499 0.03837 0.00000 0.00000 0.00000 0.00000 0.00000 0.00000 0.00000 0.00000 0.00000 0.00000 0.00000 0.00000 0.00000 0.00000 0.00000 0.00000 0.00000 0.00000 0.00000 0.00000 0.00000 0.00000 0.00000 0.00000 0.00000
0.00000 0.00000 0.00000 0.00000 0.00000 0.00000 0.00000 0.00000 0.00000 0.00000 0.00000 0.00000 0.00000 0.00000 0.00000 0.03784 0.11377 0.18947 0.26470 0.33983 0.41561 0.49108 0.56616 0.64009 0.71426 0.75328 0.75309 0.74949 0.74824 0.75022 0.74912 0.74538 0.74512 0.74612 0.74470 0.74149 0.74087 0.74116 0.74143 0.74102 0.73593 0.73480 0.73774 0.73713 0.73331 0.73133 0.73240 0.73314 0.73070 0.72780 0.73033 0.72946 0.72529 0.72387 0.72684 0.72584 0.72129 0.72003 0.72296 0.72210 0.71742 0.71647 0.71916 0.71808 0.71360 0.71318 0.71566 0.71375 0.70989 0.71032 0.71194 0.70946 0.70651 0.70712 0.70822 0.70622 0.70313 0.70309 0.70477 0.70341 0.69975 0.69908 0.70084 0.70036 0.69680 0.69551 0.69645 0.69674 0.69391 0.69266 0.69210 0.69264 0.69220 0.69001 0.68863 0.68901 0.68904 0.68638 0.68616 0.68697 0.68414 0.68188 0.68410 0.68338 0.68103 0.68065 0.68052 0.67966 0.67838 0.67777 0.67753 0.67694 0.67473 0.67458 0.67559 0.67417 0.67130 0.67166 0.67306 0.67152 0.66876 0.66885 0.67006 0.66903 0.66617 0.66644 0.66807 0.66593 0.66313 0.66558 0.66628 0.66168 0.66064 0.66494 0.66417 0.65884 0.65839 0.66191 0.66187 0.65790 0.65667 0.65932 0.65953 0.65612 0.65520 0.65825 0.65777 0.65349 0.65331 0.65721 0.65667 0.65153 0.65132 0.65556 0.65554 0.65069 0.64981 0.65389 0.65436 0.65029 0.64876 0.65230 0.65292 0.64977 0.64897 0.65109 0.65040 0.64930 0.65045 0.65040 0.64783 0.64849 0.65115 0.65053 0.64719 0.64731 0.65052 0.65119 0.64772 0.64647 0.64980 0.65152 0.64863 0.64652 0.64879 0.65160 0.65087 0.64678 0.64724 0.65156 0.65225 0.64927 0.64776 0.65016 0.65261 0.65165 0.65035 0.64998 0.65121 0.65344 0.65251 0.65077 0.65317 0.65473 0.65218 0.65236 0.65631 0.65586 0.65312 0.65431 0.65684 0.65728 0.65653 0.65649 0.65788 0.65870 0.65856 0.65885 0.65973 0.66083 0.66184 0.66058 0.66055 0.66398 0.66501 0.66234 0.66278 0.66711 0.66769 0.66496 0.66571 0.66970 0.67045 0.66883 0.66861 0.67099 0.67399 0.67390 0.67113 0.67240 0.67652 0.67769 0.67521 0.67603 0.67959 0.67967 0.67867 0.68114 0.68353 0.68187 0.68181 0.68580 0.68757 0.68503 0.68541 0.69006 0.69157 0.68863 0.68933 0.69422 0.69549 0.69254 0.69376 0.69839 0.69907 0.69672 0.69847 0.70255 0.70314 0.70116 0.70217 0.70640 0.70741 0.70632 0.70638 0.70919 0.71229 0.71207 0.71091 0.71304 0.71641 0.71693 0.71665 0.71789 0.71916 0.72094 0.72282 0.72352 0.72285 0.72409 0.72820 0.72927 0.72747 0.72849 0.73275 0.73451 0.73379 0.73336 0.73439 0.73822 0.73952 0.73933 0.73942 0.74148 0.74429 0.74524 0.74498 0.74550 0.74812 0.75071 0.75136 0.75001 0.75121 0.75558 0.75663 0.71726 0.64311 0.57028 0.49432 0.41795 0.34305 0.26758 0.19098 0.11475 0.03836 0.00000 0.00000 0.00000 0.00000 0.00000 0.00000 0.00000 0.00000 0.00000 0.00000 0.00000 0.00000 0.00000 0.00000 0.00000 0.00000 0.00000 0.00000 0.00000 0.00000 0.00000 0.00000 0.00000 0.00000 0.00000
0.00000 0.00000 0.00000 0.00000 0.00000 0.00000 0.00000 0.00000 0.00000 0.00000 0.00000 0.00000 0.00000 0.00000 0.00000 0.03797 0.11383 0.18875 0.26444 0.34080 0.41561 0.48984 0.56711 0.64091 0.71333 0.75133 0.75333 0.75130 0.74775 0.74721 0.74919 0.74860 0.74419 0.74299 0.74481 0.74460 0.74091 0.73906 0.73990 0.73985 0.73945 0.73696 0.73481 0.73391 0.73555 0.73501 0.73050 0.72939 0.73194 0.73116 0.72700 0.72705 0.72795 0.72561 0.72332 0.72446 0.72417 0.72127 0.71946 0.72083 0.72071 0.71728 0.71544 0.71732 0.71725 0.71322 0.71153 0.71414 0.71358 0.70910 0.70826 0.71086 0.70994 0.70538 0.70500 0.70740 0.70641 0.70209 0.70132 0.70378 0.70308 0.69930 0.69765 0.69886 0.69958 0.69749 0.69424 0.69387 0.69597 0.69599 0.69159 0.68953 0.69151 0.69169 0.68956 0.68762 0.68710 0.68685 0.68785 0.68760 0.68257 0.68235 0.68489 0.68379 0.68092 0.67988 0.67981 0.68024 0.67955 0.67715 0.67582 0.67750 0.67753 0.67374 0.67239 0.67460 0.67496 0.67129 0.66920 0.67105 0.67231 0.66968 0.66643 0.66793 0.66989 0.66716 0.66385 0.66611 0.66793 0.66404 0.66176 0.66415 0.66346 0.66160 0.66233 0.66149 0.65885 0.66023 0.66193 0.65841 0.65614 0.65928 0.65998 0.65572 0.65435 0.65794 0.65768 0.65393 0.65384 0.65601 0.65547 0.65296 0.65250 0.65382 0.65483 0.65239 0.65033 0.65189 0.65413 0.65200 0.64873 0.64985 0.65326 0.65230 0.64771 0.64777 0.65253 0.65239 0.64690 0.64703 0.65186 0.65083 0.64662 0.64749 0.65104 0.65060 0.64725 0.64666 0.64966 0.65107 0.64878 0.64633 0.64820 0.65138 0.65003 0.64688 0.64815 0.65066 0.64932 0.64930 0.65161 0.64974 0.64763 0.64974 0.65270 0.65258 0.64865 0.64869 0.65347 0.65407 0.64997 0.64990 0.65466 0.65509 0.65120 0.65267 0.65624 0.65418 0.65266 0.65695 0.65798 0.65392 0.65433 0.65936 0.65999 0.65584 0.65615 0.66136 0.66202 0.65787 0.65839 0.66303 0.66398 0.66100 0.66131 0.66523 0.66603 0.66352 0.66435 0.66825 0.66892 0.66611 0.66671 0.67131 0.67248 0.66939 0.66983 0.67314 0.67415 0.67478 0.67524 0.67386 0.67498 0.67904 0.68011 0.67727 0.67763 0.68231 0.68371 0.68151 0.68155 0.68502 0.68715 0.68613 0.68568 0.68824 0.69073 0.69076 0.68991 0.69139 0.69441 0.69574 0.69427 0.69468 0.69832 0.70044 0.69857 0.69905 0.70270 0.70253 0.70251 0.70522 0.70756 0.70627 0.70629 0.70906 0.71144 0.71226 0.71134 0.71239 0.71583 0.71773 0.71607 0.71668 0.72081 0.72132 0.71988 0.72259 0.72607 0.72496 0.72489 0.72844 0.72991 0.72976 0.73039 0.73137 0.73464 0.73559 0.73474 0.73539 0.73910 0.74087 0.73981 0.74022 0.74341 0.74601 0.74567 0.74499 0.74708 0.75074 0.75154 0.75097 0.75132 0.75325 0.75662 0.71922 0.64273 0.56847 0.49491 0.41872 0.34243 0.26727 0.19134 0.11474 0.03828 0.00000 0.00000 0.00000 0.00000 0.00000 0.00000 0.00000 0.00000 0.00000 0.00000 0.00000 0.00000 0.00000 0.00000 0.00000 0.00000 0.00000 0.00000 0.00000 0.00000 0.00000 0.00000 0.00000 0.00000 0.00000
0.00000 0.00000 0.00000 0.00000 0.00000 0.00000 0.00000 0.00000 0.00000 0.00000 0.00000 0.00000 0.00000 0.00000 0.00000 0.03794 0.11354 0.18912 0.26463 0.33981 0.41576 0.49144 0.56474 0.63959 0.71622 0.75181 0.74979 0.75086 0.75054 0.74755 0.74672 0.74750 0.74618 0.74354 0.74296 0.74306 0.74258 0.74156 0.73802 0.73713 0.73952 0.73928 0.73419 0.73250 0.73498 0.73456 0.73182 0.72940 0.73069 0.73081 0.72704 0.72561 0.72820 0.72738 0.72304 0.72163 0.72454 0.72373 0.71911 0.71790 0.72071 0.71993 0.71536 0.71433 0.71699 0.71580 0.71151 0.71112 0.71346 0.71144 0.70787 0.70823 0.70964 0.70787 0.70473 0.70457 0.70596 0.70508 0.70147 0.70047 0.70224 0.70196 0.69874 0.69687 0.69779 0.69831 0.69623 0.69376 0.69328 0.69412 0.69417 0.69177 0.68948 0.68966 0.69140 0.68923 0.68571 0.68592 0.68743 0.68573 0.68525 0.68341 0.68191 0.68246 0.68256 0.68072 0.67912 0.67905 0.67897 0.67847 0.67621 0.67535 0.67637 0.67601 0.67267 0.67218 0.67432 0.67335 0.66951 0.66931 0.67148 0.67080 0.66696 0.66662 0.66895 0.66800 0.66428 0.66471 0.66701 0.66420 0.66165 0.66548 0.66499 0.65954 0.65921 0.66317 0.66289 0.65829 0.65714 0.65996 0.66057 0.65725 0.65566 0.65793 0.65840 0.65485 0.65405 0.65778 0.65696 0.65203 0.65201 0.65605 0.65587 0.65092 0.65019 0.65422 0.65471 0.65078 0.64896 0.65228 0.65347 0.65038 0.64828 0.65079 0.65193 0.64983 0.64857 0.64990 0.64947 0.64899 0.65078 0.64990 0.64680 0.64763 0.65090 0.65069 0.64686 0.64636 0.65000 0.65122 0.64790 0.64625 0.64886 0.65089 0.64979 0.64709 0.64721 0.65088 0.65169 0.64886 0.64697 0.64943 0.65236 0.65086 0.64824 0.64946 0.65164 0.65222 0.65125 0.65025 0.65189 0.65347 0.65177 0.65158 0.65507 0.65467 0.65164 0.65326 0.65663 0.65607 0.65416 0.65527 0.65761 0.65739 0.65626 0.65778 0.65975 0.65893 0.65891 0.65985 0.65942 0.66174 0.66348 0.66133 0.66099 0.66499 0.66602 0.66353 0.66405 0.66778 0.66834 0.66696 0.66746 0.66949 0.67116 0.67199 0.67029 0.67050 0.67405 0.67557 0.67369 0.67427 0.67684 0.67741 0.67730 0.67917 0.68079 0.67964 0.68004 0.68367 0.68520 0.68276 0.68314 0.68785 0.68923 0.68630 0.68700 0.69197 0.69311 0.69008 0.69143 0.69609 0.69634 0.69415 0.69684 0.70026 0.69939 0.69846 0.70165 0.70456 0.70357 0.70294 0.70456 0.70763 0.70923 0.70931 0.70823 0.70999 0.71424 0.71465 0.71329 0.71456 0.71755 0.71935 0.71968 0.71961 0.72035 0.72315 0.72549 0.72580 0.72463 0.72593 0.73045 0.73161 0.73010 0.73052 0.73217 0.73578 0.73677 0.73614 0.73637 0.73936 0.74189 0.74187 0.74168 0.74353 0.74658 0.74773 0.74764 0.74736 0.74869 0.75299 0.75466 0.75228 0.75339 0.71997 0.64491 0.56787 0.49335 0.41926 0.34297 0.26680 0.19116 0.11490 0.03828 0.00000 0.00000 0.00000 0.00000 0.00000 0.00000 0.00000 0.00000 0.00000 0.00000 0.00000 0.00000 0.00000 0.00000 0.00000 0.00000 0.00000 0.00000 0.00000 0.00000 0.00000 0.00000 0.00000 0.00000 0.00000
0.00000 0.00000 0.00000 0.00000 0.00000 0.00000 0.00000 0.00000 0.00000 0.00000 0.00000 0.00000 0.00000 0.00000 0.00000 0.03780 0.11336 0.18947 0.26509 0.33910 0.41547 0.49128 0.56401 0.63912 0.71648 0.75273 0.74854 0.74865 0.75115 0.74997 0.74550 0.74474 0.74699 0.74640 0.74177 0.74067 0.74261 0.74196 0.73936 0.73765 0.73793 0.73667 0.73674 0.73579 0.73212 0.73149 0.73359 0.73272 0.72850 0.72760 0.72971 0.72834 0.72495 0.72507 0.72568 0.72368 0.72138 0.72182 0.72193 0.71951 0.71747 0.71836 0.71851 0.71550 0.71337 0.71499 0.71500 0.71127 0.70947 0.71200 0.71159 0.70678 0.70614 0.70902 0.70822 0.70333 0.70291 0.70595 0.70463 0.70005 0.69934 0.70101 0.70106 0.69850 0.69571 0.69574 0.69775 0.69676 0.69246 0.69141 0.69371 0.69357 0.69054 0.68814 0.68861 0.68951 0.68896 0.68771 0.68410 0.68284 0.68669 0.68603 0.68094 0.68029 0.68191 0.68219 0.68030 0.67785 0.67731 0.67886 0.67864 0.67479 0.67367 0.67617 0.67609 0.67166 0.67047 0.67319 0.67328 0.66969 0.66763 0.66999 0.67066 0.66765 0.66508 0.66754 0.66851 0.66480 0.66244 0.66553 0.66588 0.66205 0.66148 0.66305 0.66026 0.66027 0.66238 0.66001 0.65708 0.65941 0.66077 0.65688 0.65485 0.65843 0.65841 0.65456 0.65436 0.65680 0.65574 0.65319 0.65363 0.65458 0.65472 0.65261 0.65111 0.65236 0.65457 0.65223 0.64897 0.65046 0.65356 0.65197 0.64785 0.64868 0.65268 0.65183 0.64702 0.64736 0.65196 0.65119 0.64647 0.64802 0.65123 0.64952 0.64675 0.64745 0.64988 0.65030 0.64823 0.64628 0.64796 0.65098 0.65002 0.64628 0.64678 0.65074 0.65090 0.64815 0.64841 0.64936 0.64799 0.64971 0.65174 0.65076 0.64798 0.64850 0.65271 0.65322 0.64901 0.64899 0.65385 0.65441 0.65017 0.65085 0.65528 0.65411 0.65155 0.65487 0.65685 0.65351 0.65318 0.65768 0.65872 0.65515 0.65488 0.65926 0.66075 0.65783 0.65690 0.66110 0.66281 0.66020 0.65937 0.66296 0.66485 0.66222 0.66231 0.66644 0.66737 0.66428 0.66500 0.66973 0.67067 0.66711 0.66795 0.67275 0.67245 0.67173 0.67344 0.67180 0.67287 0.67714 0.67816 0.67490 0.67560 0.68082 0.68163 0.67876 0.67941 0.68326 0.68495 0.68389 0.68348 0.68576 0.68845 0.68860 0.68769 0.68897 0.69198 0.69346 0.69218 0.69218 0.69543 0.69793 0.69682 0.69680 0.69926 0.70115 0.70128 0.70336 0.70383 0.70264 0.70519 0.70755 0.70797 0.70871 0.70912 0.71038 0.71253 0.71492 0.71406 0.71401 0.71730 0.71930 0.71863 0.71944 0.72274 0.72243 0.72221 0.72572 0.72690 0.72617 0.72841 0.73121 0.73143 0.73134 0.73255 0.73381 0.73636 0.73753 0.73687 0.73779 0.74128 0.74308 0.74220 0.74247 0.74548 0.74844 0.74828 0.74743 0.74894 0.75229 0.75387 0.75443 0.75357 0.71695 0.64505 0.56960 0.49293 0.41819 0.34343 0.26710 0.19079 0.11487 0.03833 0.00000 0.00000 0.00000 0.00000 0.00000 0.00000 0.00000 0.00000 0.00000 0.00000 0.00000 0.00000 0.00000 0.00000 0.00000 0.00000 0.00000 0.00000 0.00000 0.00000 0.00000 0.00000 0.00000 0.00000 0.00000
0.00000 0.00000 0.00000 0.00000 0.00000 0.00000 0.00000 0.00000 0.00000 0.00000 0.00000 0.00000 0.00000 0.00000 0.00000 0.03785 0.11358 0.18896 0.26471 0.34056 0.41460 0.48865 0.56631 0.64121 0.71365 0.75047 0.75176 0.75009 0.74835 0.74847 0.74770 0.74565 0.74494 0.74476 0.74384 0.74228 0.74037 0.74012 0.74082 0.74035 0.73576 0.73461 0.73719 0.73673 0.73281 0.73046 0.73253 0.73209 0.72946 0.72753 0.72904 0.72883 0.72493 0.72336 0.72593 0.72539 0.72095 0.71957 0.72223 0.72162 0.71709 0.71585 0.71853 0.71777 0.71347 0.71233 0.71484 0.71347 0.70943 0.70918 0.71145 0.70963 0.70641 0.70600 0.70709 0.70688 0.70349 0.70208 0.70336 0.70364 0.70138 0.69834 0.69904 0.70005 0.69829 0.69491 0.69469 0.69601 0.69562 0.69276 0.69092 0.69124 0.69275 0.69144 0.68707 0.68658 0.68965 0.68866 0.68429 0.68345 0.68373 0.68505 0.68429 0.68140 0.67988 0.68093 0.68090 0.67947 0.67733 0.67671 0.67754 0.67745 0.67418 0.67313 0.67531 0.67496 0.67082 0.67011 0.67296 0.67238 0.66783 0.66726 0.67027 0.66974 0.66538 0.66464 0.66793 0.66663 0.66287 0.66393 0.66578 0.66177 0.66035 0.66413 0.66377 0.65861 0.65790 0.66113 0.66175 0.65774 0.65609 0.65840 0.65940 0.65643 0.65466 0.65747 0.65751 0.65300 0.65276 0.65671 0.65631 0.65106 0.65072 0.65487 0.65514 0.65116 0.64933 0.65261 0.65382 0.65091 0.64849 0.65085 0.65250 0.65026 0.64785 0.64978 0.65140 0.64937 0.64826 0.64957 0.64778 0.64799 0.65103 0.65027 0.64611 0.64646 0.65073 0.65099 0.64666 0.64595 0.64945 0.65063 0.64877 0.64708 0.64744 0.64948 0.65100 0.64954 0.64651 0.64753 0.65185 0.65121 0.64714 0.64830 0.65207 0.65176 0.64964 0.64935 0.65117 0.65263 0.65143 0.65073 0.65339 0.65365 0.65090 0.65228 0.65598 0.65502 0.65234 0.65403 0.65714 0.65641 0.65438 0.65641 0.65924 0.65759 0.65625 0.65895 0.66080 0.65969 0.66143 0.66061 0.65925 0.66284 0.66477 0.66237 0.66210 0.66578 0.66674 0.66533 0.66587 0.66788 0.66866 0.66994 0.66996 0.66881 0.67053 0.67377 0.67405 0.67239 0.67340 0.67528 0.67638 0.67731 0.67768 0.67753 0.67929 0.68162 0.68258 0.68059 0.68102 0.68570 0.68684 0.68407 0.68483 0.68977 0.69067 0.68779 0.68922 0.69384 0.69385 0.69177 0.69462 0.69774 0.69629 0.69620 0.70053 0.70180 0.69938 0.70084 0.70428 0.70615 0.70544 0.70655 0.70613 0.70695 0.71148 0.71232 0.71036 0.71144 0.71578 0.71714 0.71624 0.71626 0.71850 0.72203 0.72253 0.72117 0.72199 0.72487 0.72772 0.72779 0.72700 0.72896 0.73168 0.73314 0.73340 0.73390 0.73401 0.73641 0.73918 0.73893 0.73865 0.74148 0.74422 0.74434 0.74403 0.74548 0.74872 0.75042 0.75082 0.74945 0.75124 0.75526 0.75663 0.71681 0.64246 0.56997 0.49419 0.41776 0.34272 0.26742 0.19096 0.11468 0.03833 0.00000 0.00000 0.00000 0.00000 0.00000 0.00000 0.00000 0.00000 0.00000 0.00000 0.00000 0.00000 0.00000 0.00000 0.00000 0.00000 0.00000 0.00000 0.00000 0.00000 0.00000 0.00000 0.00000 0.00000 0.00000
0.00000 0.00000 0.00000 0.00000 0.00000 0.00000 0.00000 0.00000 0.00000 0.00000 0.00000 0.00000 0.00000 0.00000 0.00000 0.03793 0.11372 0.18864 0.26431 0.34047 0.41521 0.48901 0.56594 0.64114 0.71261 0.74989 0.75251 0.75127 0.74699 0.74644 0.74896 0.74800 0.74331 0.74253 0.74480 0.74392 0.73971 0.73887 0.74025 0.73909 0.73687 0.73657 0.73548 0.73381 0.73547 0.73409 0.72967 0.72924 0.73168 0.73046 0.72656 0.72589 0.72743 0.72607 0.72315 0.72285 0.72332 0.72177 0.71960 0.71941 0.71966 0.71779 0.71559 0.71597 0.71627 0.71382 0.71153 0.71255 0.71262 0.70943 0.70759 0.71029 0.70917 0.70535 0.70454 0.70717 0.70602 0.70127 0.70128 0.70381 0.70250 0.69898 0.69746 0.69754 0.69930 0.69795 0.69376 0.69318 0.69617 0.69500 0.69089 0.68968 0.69137 0.69144 0.68954 0.68717 0.68639 0.68637 0.68744 0.68678 0.68290 0.68130 0.68367 0.68405 0.68136 0.67863 0.67901 0.68033 0.67982 0.67595 0.67503 0.67737 0.67730 0.67270 0.67188 0.67479 0.67432 0.67008 0.66909 0.67197 0.67144 0.66795 0.66663 0.66926 0.66882 0.66535 0.66421 0.66711 0.66627 0.66252 0.66180 0.66479 0.66180 0.66029 0.66259 0.66190 0.65830 0.65926 0.66154 0.65850 0.65564 0.65874 0.65921 0.65555 0.65544 0.65749 0.65566 0.65370 0.65572 0.65541 0.65354 0.65295 0.65292 0.65287 0.65466 0.65281 0.64961 0.65068 0.65398 0.65248 0.64811 0.64899 0.65292 0.65188 0.64725 0.64818 0.65214 0.64977 0.64654 0.64946 0.65142 0.64756 0.64646 0.64948 0.65021 0.64859 0.64763 0.64743 0.64822 0.65018 0.64953 0.64599 0.64653 0.65076 0.65086 0.64717 0.64641 0.64947 0.65041 0.64930 0.65000 0.64939 0.64802 0.64882 0.65166 0.65218 0.64857 0.64825 0.65287 0.65360 0.64942 0.64952 0.65430 0.65426 0.65061 0.65266 0.65580 0.65337 0.65214 0.65589 0.65750 0.65454 0.65378 0.65738 0.65950 0.65759 0.65564 0.65798 0.66153 0.66130 0.65782 0.65958 0.66366 0.66196 0.66045 0.66420 0.66597 0.66289 0.66323 0.66798 0.66891 0.66521 0.66610 0.67101 0.67119 0.66886 0.67123 0.67242 0.67116 0.67469 0.67621 0.67303 0.67366 0.67883 0.67964 0.67653 0.67737 0.68239 0.68287 0.68146 0.68135 0.68304 0.68627 0.68685 0.68550 0.68629 0.68978 0.69135 0.68998 0.68978 0.69288 0.69556 0.69491 0.69420 0.69610 0.69864 0.69969 0.70025 0.70001 0.70074 0.70447 0.70602 0.70376 0.70500 0.70865 0.70809 0.70882 0.71191 0.71225 0.71160 0.71388 0.71713 0.71697 0.71629 0.71861 0.72052 0.72199 0.72248 0.72330 0.72376 0.72668 0.72859 0.72734 0.72790 0.73236 0.73296 0.73198 0.73370 0.73509 0.73604 0.73843 0.73980 0.73918 0.74011 0.74369 0.74529 0.74458 0.74505 0.74762 0.75066 0.75077 0.75099 0.75100 0.75272 0.75627 0.71949 0.64243 0.56775 0.49461 0.41868 0.34226 0.26702 0.19121 0.11475 0.03826 0.00000 0.00000 0.00000 0.00000 0.00000 0.00000 0.00000 0.00000 0.00000 0.00000 0.00000 0.00000 0.00000 0.00000 0.00000 0.00000 0.00000 0.00000 0.00000 0.00000 0.00000 0.00000 0.00000 0.00000 0.00000
0.00000 0.00000 0.00000 0.00000 0.00000 0.00000 0.00000 0.00000 0.00000 0.00000 0.00000 0.00000 0.00000 0.00000 0.00000 0.03786 0.11346 0.18917 0.26426 0.33877 0.41568 0.49146 0.56429 0.63796 0.71552 0.75276 0.74993 0.74893 0.74922 0.74810 0.74678 0.74616 0.74528 0.74387 0.74268 0.74212 0.74205 0.74081 0.73778 0.73759 0.73902 0.73838 0.73402 0.73244 0.73467 0.73386 0.73104 0.72958 0.73043 0.73016 0.72711 0.72539 0.72715 0.72701 0.72290 0.72133 0.72370 0.72330 0.71900 0.71765 0.72001 0.71947 0.71530 0.71396 0.71631 0.71548 0.71178 0.71072 0.71275 0.71125 0.70756 0.70776 0.70839 0.70795 0.70613 0.70393 0.70410 0.70519 0.70405 0.69998 0.69915 0.70173 0.70092 0.69634 0.69581 0.69794 0.69737 0.69345 0.69240 0.69351 0.69418 0.69263 0.68891 0.68812 0.69075 0.69098 0.68596 0.68421 0.68605 0.68723 0.68517 0.68217 0.68115 0.68282 0.68281 0.68034 0.67820 0.67839 0.67931 0.67863 0.67554 0.67447 0.67643 0.67638 0.67229 0.67120 0.67421 0.67383 0.66914 0.66821 0.67159 0.67125 0.66648 0.66543 0.66900 0.66835 0.66417 0.66345 0.66655 0.66493 0.66189 0.66386 0.66434 0.65999 0.65924 0.66228 0.66279 0.65797 0.65677 0.65997 0.66068 0.65655 0.65519 0.65750 0.65834 0.65536 0.65355 0.65662 0.65686 0.65222 0.65141 0.65524 0.65568 0.65168 0.64985 0.65311 0.65417 0.65171 0.64914 0.65111 0.65260 0.65072 0.64855 0.64991 0.65155 0.64980 0.64758 0.64943 0.65049 0.64845 0.64962 0.64993 0.64688 0.64676 0.65074 0.65077 0.64580 0.64578 0.65051 0.65069 0.64708 0.64645 0.64828 0.64960 0.65013 0.64847 0.64637 0.64771 0.65139 0.65130 0.64662 0.64710 0.65202 0.65169 0.64797 0.64821 0.65112 0.65241 0.65070 0.64953 0.65189 0.65308 0.65084 0.65123 0.65490 0.65413 0.65102 0.65288 0.65648 0.65558 0.65295 0.65492 0.65830 0.65680 0.65471 0.65756 0.66006 0.65826 0.65813 0.65974 0.65939 0.66089 0.66326 0.66140 0.66019 0.66387 0.66564 0.66387 0.66383 0.66624 0.66714 0.66783 0.66813 0.66748 0.66865 0.67223 0.67283 0.67019 0.67037 0.67358 0.67577 0.67539 0.67461 0.67555 0.67865 0.67966 0.67867 0.67853 0.68140 0.68363 0.68363 0.68194 0.68326 0.68761 0.68788 0.68563 0.68738 0.69170 0.69130 0.68948 0.69242 0.69531 0.69386 0.69408 0.69799 0.69886 0.69694 0.69888 0.70295 0.70269 0.70158 0.70423 0.70643 0.70529 0.70790 0.70992 0.70787 0.70864 0.71316 0.71468 0.71321 0.71343 0.71676 0.71948 0.71936 0.71826 0.71977 0.72440 0.72502 0.72359 0.72407 0.72739 0.72964 0.72902 0.72960 0.73293 0.73285 0.73290 0.73591 0.73689 0.73629 0.73881 0.74146 0.74113 0.74097 0.74406 0.74649 0.74697 0.74642 0.74660 0.75060 0.75265 0.75294 0.75203 0.75395 0.71958 0.64423 0.56770 0.49309 0.41913 0.34283 0.26667 0.19102 0.11487 0.03828 0.00000 0.00000 0.00000 0.00000 0.00000 0.00000 0.00000 0.00000 0.00000 0.00000 0.00000 0.00000 0.00000 0.00000 0.00000 0.00000 0.00000 0.00000 0.00000 0.00000 0.00000 0.00000 0.00000 0.00000 0.00000
0.00000 0.00000 0.00000 0.00000 0.00000 0.00000 0.00000 0.00000 0.00000 0.00000 0.00000 0.00000 0.00000 0.00000 0.00000 0.03778 0.11341 0.18929 0.26472 0.33890 0.41504 0.49101 0.56459 0.63832 0.71549 0.75274 0.74890 0.74799 0.75057 0.74951 0.74510 0.74439 0.74678 0.74569 0.74118 0.74046 0.74257 0.74145 0.73748 0.73750 0.73813 0.73621 0.73515 0.73533 0.73268 0.73130 0.73443 0.73214 0.72817 0.72731 0.72949 0.72811 0.72479 0.72414 0.72500 0.72384 0.72159 0.72079 0.72098 0.71987 0.71789 0.71718 0.71746 0.71616 0.71379 0.71346 0.71401 0.71254 0.71003 0.70913 0.71002 0.70950 0.70674 0.70729 0.70671 0.70443 0.70349 0.70414 0.70374 0.70019 0.69952 0.69921 0.70059 0.69925 0.69548 0.69488 0.69780 0.69653 0.69178 0.69138 0.69452 0.69306 0.68939 0.68837 0.68965 0.68897 0.68779 0.68683 0.68581 0.68354 0.68461 0.68532 0.68334 0.67988 0.68044 0.68190 0.68131 0.67724 0.67637 0.67848 0.67866 0.67427 0.67326 0.67600 0.67554 0.67118 0.67061 0.67350 0.67238 0.66867 0.66829 0.67086 0.66934 0.66603 0.66620 0.66855 0.66629 0.66319 0.66401 0.66645 0.66282 0.66056 0.66313 0.66380 0.65956 0.65893 0.66231 0.66052 0.65710 0.65885 0.65988 0.65692 0.65650 0.65813 0.65547 0.65445 0.65778 0.65633 0.65206 0.65334 0.65546 0.65363 0.65265 0.65342 0.65155 0.65091 0.65429 0.65336 0.64855 0.64896 0.65330 0.65275 0.64755 0.64784 0.65239 0.65100 0.64677 0.64995 0.65169 0.64685 0.64635 0.65118 0.65066 0.64680 0.64708 0.64956 0.64877 0.64822 0.64884 0.64704 0.64684 0.65043 0.65033 0.64630 0.64603 0.64993 0.65099 0.64840 0.64764 0.64884 0.64863 0.64918 0.65057 0.65087 0.64860 0.64785 0.65154 0.65286 0.64927 0.64866 0.65313 0.65391 0.64996 0.65069 0.65477 0.65366 0.65123 0.65404 0.65638 0.65400 0.65281 0.65594 0.65828 0.65663 0.65451 0.65647 0.66031 0.66025 0.65654 0.65746 0.66241 0.66215 0.65888 0.66153 0.66464 0.66213 0.66156 0.66608 0.66730 0.66361 0.66434 0.66937 0.66995 0.66672 0.66857 0.67153 0.67015 0.67155 0.67422 0.67216 0.67178 0.67649 0.67771 0.67480 0.67543 0.68008 0.68089 0.67929 0.67929 0.68108 0.68420 0.68524 0.68334 0.68357 0.68771 0.68939 0.68769 0.68744 0.69086 0.69331 0.69275 0.69182 0.69342 0.69640 0.69772 0.69737 0.69705 0.69921 0.70237 0.70294 0.70112 0.70309 0.70715 0.70675 0.70542 0.70936 0.71069 0.70882 0.71068 0.71462 0.71484 0.71356 0.71546 0.71863 0.71979 0.71919 0.71984 0.72184 0.72480 0.72540 0.72409 0.72551 0.72966 0.73099 0.72898 0.73017 0.73429 0.73485 0.73491 0.73614 0.73706 0.73819 0.74111 0.74210 0.74129 0.74254 0.74655 0.74750 0.74642 0.74780 0.74917 0.75184 0.75324 0.75415 0.75330 0.71623 0.64482 0.56935 0.49266 0.41800 0.34331 0.26703 0.19071 0.11478 0.03833 0.00000 0.00000 0.00000 0.00000 0.00000 0.00000 0.00000 0.00000 0.00000 0.00000 0.00000 0.00000 0.00000 0.00000 0.00000 0.00000 0.00000 0.00000 0.00000 0.00000 0.00000 0.00000 0.00000 0.00000 0.00000
0.00000 0.00000 0.00000 0.00000 0.00000 0.00000 0.00000 0.00000 0.00000 0.00000 0.00000 0.00000 0.00000 0.00000 0.00000 0.03785 0.11349 0.18865 0.26455 0.34026 0.41443 0.48834 0.56584 0.64156 0.71381 0.74934 0.75080 0.75077 0.74852 0.74717 0.74685 0.74598 0.74482 0.74397 0.74334 0.74198 0.74006 0.73981 0.74068 0.73861 0.73547 0.73590 0.73683 0.73483 0.73246 0.73326 0.73225 0.73116 0.72907 0.72782 0.72855 0.72857 0.72486 0.72323 0.72528 0.72501 0.72085 0.71947 0.72166 0.72117 0.71714 0.71584 0.71786 0.71728 0.71376 0.71241 0.71376 0.71303 0.71058 0.70983 0.70929 0.70893 0.70901 0.70631 0.70479 0.70614 0.70565 0.70195 0.70039 0.70329 0.70275 0.69811 0.69653 0.69972 0.69906 0.69460 0.69376 0.69575 0.69575 0.69268 0.69057 0.69068 0.69232 0.69206 0.68760 0.68560 0.68803 0.68893 0.68598 0.68306 0.68303 0.68434 0.68437 0.68152 0.67923 0.67998 0.68140 0.67982 0.67664 0.67601 0.67795 0.67772 0.67372 0.67255 0.67545 0.67523 0.67061 0.66941 0.67286 0.67265 0.66774 0.66654 0.67015 0.66978 0.66536 0.66439 0.66744 0.66665 0.66344 0.66370 0.66475 0.66237 0.66124 0.66316 0.66302 0.65873 0.65815 0.66147 0.66206 0.65650 0.65579 0.65986 0.65946 0.65498 0.65433 0.65636 0.65752 0.65459 0.65229 0.65485 0.65635 0.65311 0.65046 0.65322 0.65465 0.65318 0.65001 0.65103 0.65252 0.65136 0.64989 0.65026 0.65073 0.65024 0.64959 0.64948 0.64979 0.64907 0.64914 0.64961 0.64832 0.64734 0.64976 0.65049 0.64663 0.64588 0.65051 0.65081 0.64571 0.64590 0.65006 0.65011 0.64866 0.64705 0.64682 0.64910 0.65086 0.64922 0.64630 0.64722 0.65168 0.65115 0.64701 0.64749 0.65159 0.65224 0.64941 0.64826 0.65115 0.65307 0.65063 0.64986 0.65346 0.65364 0.65043 0.65178 0.65574 0.65476 0.65172 0.65361 0.65733 0.65615 0.65354 0.65595 0.65902 0.65745 0.65639 0.65842 0.65931 0.65945 0.66109 0.66035 0.65913 0.66219 0.66460 0.66251 0.66171 0.66471 0.66617 0.66585 0.66594 0.66638 0.66742 0.67046 0.67057 0.66806 0.66888 0.67259 0.67459 0.67314 0.67200 0.67384 0.67728 0.67773 0.67581 0.67659 0.68102 0.68165 0.67924 0.67990 0.68341 0.68552 0.68429 0.68354 0.68624 0.68954 0.68846 0.68734 0.69049 0.69327 0.69161 0.69178 0.69565 0.69619 0.69459 0.69687 0.70047 0.69978 0.69877 0.70188 0.70488 0.70329 0.70353 0.70729 0.70759 0.70649 0.70956 0.71221 0.71105 0.71084 0.71429 0.71688 0.71643 0.71561 0.71776 0.72163 0.72216 0.72054 0.72156 0.72582 0.72729 0.72565 0.72638 0.73053 0.73158 0.73020 0.73214 0.73536 0.73487 0.73560 0.73826 0.73868 0.73857 0.74186 0.74373 0.74307 0.74340 0.74708 0.74870 0.74935 0.74900 0.74987 0.75322 0.75449 0.75451 0.71688 0.64307 0.56991 0.49344 0.41760 0.34266 0.26740 0.19091 0.11462 0.03831 0.00000 0.00000 0.00000 0.00000 0.00000 0.00000 0.00000 0.00000 0.00000 0.00000 0.00000 0.00000 0.00000 0.00000 0.00000 0.00000 0.00000 0.00000 0.00000 0.00000 0.00000 0.00000 0.00000 0.00000 0.00000
0.00000 0.00000 0.00000 0.00000 0.00000 0.00000 0.00000 0.00000 0.00000 0.00000 0.00000 0.00000 0.00000 0.00000 0.00000 0.03791 0.11354 0.18854 0.26427 0.34026 0.41525 0.48877 0.56496 0.64090 0.71402 0.74950 0.75119 0.75114 0.74726 0.74596 0.74853 0.74753 0.74316 0.74218 0.74457 0.74367 0.73905 0.73857 0.74040 0.73878 0.73531 0.73653 0.73597 0.73346 0.73465 0.73374 0.73038 0.72911 0.73208 0.72995 0.72647 0.72573 0.72698 0.72572 0.72337 0.72253 0.72258 0.72165 0.72001 0.71889 0.71882 0.71805 0.71604 0.71505 0.71559 0.71464 0.71212 0.71076 0.71190 0.71171 0.70885 0.70696 0.70782 0.70793 0.70582 0.70439 0.70471 0.70339 0.70177 0.70085 0.70182 0.70056 0.69755 0.69667 0.69895 0.69792 0.69347 0.69305 0.69622 0.69466 0.68975 0.68992 0.69285 0.69091 0.68763 0.68766 0.68921 0.68609 0.68472 0.68617 0.68613 0.68163 0.68123 0.68342 0.68329 0.67875 0.67761 0.67970 0.68015 0.67623 0.67459 0.67686 0.67691 0.67302 0.67209 0.67467 0.67353 0.66999 0.66996 0.67225 0.67013 0.66715 0.66813 0.66978 0.66675 0.66423 0.66616 0.66777 0.66352 0.66137 0.66448 0.66540 0.66063 0.65898 0.66324 0.66246 0.65845 0.65872 0.66060 0.65863 0.65742 0.65883 0.65640 0.65540 0.65864 0.65735 0.65262 0.65377 0.65697 0.65477 0.65137 0.65378 0.65481 0.65147 0.65244 0.65418 0.65027 0.64915 0.65361 0.65345 0.64791 0.64795 0.65276 0.65203 0.64711 0.64850 0.65201 0.64748 0.64644 0.65153 0.65120 0.64633 0.64658 0.65080 0.64962 0.64656 0.64802 0.64932 0.64755 0.64854 0.64958 0.64621 0.64647 0.65059 0.65043 0.64722 0.64669 0.64922 0.64983 0.64887 0.65044 0.64962 0.64833 0.64811 0.65004 0.65207 0.64978 0.64802 0.65138 0.65326 0.65007 0.64952 0.65351 0.65378 0.65059 0.65219 0.65534 0.65379 0.65193 0.65458 0.65713 0.65562 0.65355 0.65544 0.65914 0.65902 0.65539 0.65616 0.66120 0.66143 0.65757 0.65920 0.66335 0.66181 0.66007 0.66392 0.66581 0.66247 0.66273 0.66776 0.66857 0.66483 0.66614 0.67035 0.66988 0.66894 0.67185 0.67155 0.67020 0.67408 0.67593 0.67323 0.67350 0.67795 0.67902 0.67696 0.67732 0.68055 0.68226 0.68245 0.68126 0.68191 0.68566 0.68712 0.68544 0.68537 0.68914 0.69105 0.69022 0.68962 0.69149 0.69438 0.69551 0.69486 0.69449 0.69704 0.70013 0.70021 0.69861 0.70082 0.70464 0.70455 0.70297 0.70633 0.70882 0.70676 0.70778 0.71191 0.71274 0.71109 0.71270 0.71632 0.71728 0.71629 0.71723 0.71992 0.72228 0.72217 0.72159 0.72353 0.72716 0.72805 0.72627 0.72760 0.73199 0.73319 0.73153 0.73255 0.73569 0.73684 0.73796 0.73860 0.73884 0.74041 0.74389 0.74443 0.74340 0.74504 0.74932 0.74966 0.74951 0.75047 0.75119 0.75433 0.75577 0.71864 0.64218 0.56820 0.49453 0.41819 0.34215 0.26700 0.19124 0.11476 0.03824 0.00000 0.00000 0.00000 0.00000 0.00000 0.00000 0.00000 0.00000 0.00000 0.00000 0.00000 0.00000 0.00000 0.00000 0.00000 0.00000 0.00000 0.00000 0.00000 0.00000 0.00000 0.00000 0.00000 0.00000 0.00000
0.00000 0.00000 0.00000 0.00000 0.00000 0.00000 0.00000 0.00000 0.00000 0.00000 0.00000 0.00000 0.00000 0.00000 0.00000 0.03781 0.11334 0.18906 0.26421 0.33883 0.41539 0.49083 0.56448 0.63782 0.71475 0.75304 0.75014 0.74751 0.74846 0.74836 0.74691 0.74569 0.74474 0.74368 0.74251 0.74203 0.74196 0.73983 0.73740 0.73799 0.73899 0.73575 0.73379 0.73552 0.73437 0.73098 0.73089 0.73079 0.73009 0.72986 0.72697 0.72543 0.72691 0.72680 0.72266 0.72133 0.72352 0.72296 0.71879 0.71769 0.71977 0.71910 0.71543 0.71409 0.71569 0.71504 0.71240 0.71144 0.71108 0.71057 0.71009 0.70887 0.70613 0.70678 0.70762 0.70441 0.70231 0.70453 0.70426 0.70012 0.69834 0.70137 0.70078 0.69632 0.69521 0.69770 0.69728 0.69326 0.69213 0.69356 0.69395 0.69185 0.68910 0.68822 0.68998 0.68985 0.68713 0.68418 0.68520 0.68556 0.68555 0.68304 0.68079 0.68124 0.68347 0.68136 0.67762 0.67750 0.67984 0.67913 0.67504 0.67404 0.67668 0.67667 0.67206 0.67082 0.67422 0.67404 0.66911 0.66787 0.67146 0.67111 0.66652 0.66574 0.66865 0.66786 0.66454 0.66450 0.66555 0.66424 0.66338 0.66389 0.66264 0.66012 0.66059 0.66259 0.66227 0.65734 0.65693 0.66107 0.66080 0.65520 0.65509 0.65841 0.65830 0.65536 0.65333 0.65516 0.65703 0.65437 0.65117 0.65324 0.65546 0.65384 0.65078 0.65080 0.65258 0.65225 0.65130 0.65069 0.65006 0.65042 0.65152 0.64995 0.64788 0.64965 0.65134 0.64942 0.64794 0.64823 0.64961 0.65001 0.64764 0.64644 0.64969 0.65079 0.64641 0.64565 0.65054 0.65058 0.64646 0.64612 0.64857 0.65013 0.64985 0.64670 0.64627 0.65021 0.65122 0.64809 0.64658 0.64856 0.65184 0.65143 0.64788 0.64770 0.65133 0.65277 0.64976 0.64854 0.65250 0.65371 0.65011 0.65039 0.65476 0.65422 0.65082 0.65252 0.65645 0.65541 0.65252 0.65455 0.65807 0.65683 0.65499 0.65689 0.65860 0.65853 0.65919 0.65904 0.65843 0.66089 0.66320 0.66114 0.66000 0.66339 0.66542 0.66402 0.66364 0.66534 0.66667 0.66825 0.66822 0.66662 0.66773 0.67179 0.67274 0.67043 0.67003 0.67268 0.67577 0.67562 0.67371 0.67485 0.67910 0.67969 0.67697 0.67800 0.68276 0.68353 0.68090 0.68149 0.68541 0.68739 0.68549 0.68531 0.68883 0.69144 0.68940 0.68927 0.69338 0.69436 0.69242 0.69449 0.69820 0.69730 0.69628 0.69956 0.70243 0.70091 0.70080 0.70468 0.70670 0.70445 0.70573 0.70972 0.70982 0.70847 0.71111 0.71441 0.71418 0.71305 0.71539 0.71905 0.71941 0.71783 0.71931 0.72365 0.72464 0.72269 0.72372 0.72814 0.72953 0.72755 0.72876 0.73320 0.73369 0.73257 0.73461 0.73707 0.73700 0.73891 0.74064 0.74005 0.74093 0.74490 0.74605 0.74492 0.74595 0.74888 0.75111 0.75112 0.75111 0.75265 0.75663 0.71931 0.64203 0.56761 0.49378 0.41913 0.34251 0.26657 0.19101 0.11487 0.03828 0.00000 0.00000 0.00000 0.00000 0.00000 0.00000 0.00000 0.00000 0.00000 0.00000 0.00000 0.00000 0.00000 0.00000 0.00000 0.00000 0.00000 0.00000 0.00000 0.00000 0.00000 0.00000 0.00000 0.00000 0.00000
0.00000 0.00000 0.00000 0.00000 0.00000 0.00000 0.00000 0.00000 0.00000 0.00000 0.00000 0.00000 0.00000 0.00000 0.00000 0.03775 0.11340 0.18922 0.26460 0.33880 0.41449 0.49079 0.56556 0.63829 0.71361 0.75257 0.75029 0.74759 0.74921 0.74950 0.74538 0.74384 0.74637 0.74575 0.74116 0.74001 0.74244 0.74131 0.73699 0.73751 0.73829 0.73581 0.73355 0.73537 0.73356 0.73100 0.73393 0.73184 0.72813 0.72748 0.72904 0.72754 0.72506 0.72457 0.72447 0.72324 0.72192 0.72102 0.72042 0.71959 0.71818 0.71711 0.71711 0.71629 0.71397 0.71299 0.71424 0.71322 0.71017 0.70856 0.71043 0.71029 0.70736 0.70512 0.70632 0.70625 0.70400 0.70206 0.70314 0.70252 0.69973 0.69839 0.70022 0.69953 0.69555 0.69476 0.69743 0.69622 0.69149 0.69153 0.69438 0.69274 0.68814 0.68897 0.69120 0.68831 0.68498 0.68718 0.68845 0.68367 0.68156 0.68477 0.68521 0.68046 0.67876 0.68113 0.68165 0.67850 0.67601 0.67755 0.67830 0.67544 0.67358 0.67537 0.67487 0.67185 0.67156 0.67351 0.67126 0.66866 0.66991 0.67100 0.66761 0.66565 0.66804 0.66876 0.66435 0.66268 0.66615 0.66678 0.66163 0.66004 0.66441 0.66371 0.65957 0.65881 0.66180 0.66047 0.65822 0.65990 0.65817 0.65641 0.65853 0.65852 0.65395 0.65428 0.65794 0.65623 0.65191 0.65379 0.65625 0.65273 0.65097 0.65468 0.65383 0.64973 0.65197 0.65401 0.64942 0.64868 0.65312 0.65223 0.64746 0.64883 0.65240 0.64920 0.64676 0.65118 0.65168 0.64661 0.64632 0.65123 0.65064 0.64611 0.64703 0.65049 0.64876 0.64675 0.64862 0.64823 0.64726 0.65001 0.64952 0.64617 0.64723 0.65024 0.64951 0.64783 0.64905 0.64930 0.64785 0.64858 0.64876 0.65089 0.65054 0.64798 0.64927 0.65251 0.65112 0.64893 0.65150 0.65329 0.65078 0.65091 0.65413 0.65363 0.65123 0.65327 0.65611 0.65480 0.65268 0.65462 0.65801 0.65773 0.65443 0.65513 0.66002 0.66045 0.65644 0.65751 0.66210 0.66135 0.65879 0.66171 0.66441 0.66184 0.66131 0.66591 0.66712 0.66339 0.66416 0.66915 0.66932 0.66662 0.66890 0.67072 0.66942 0.67170 0.67415 0.67186 0.67155 0.67604 0.67735 0.67483 0.67534 0.67914 0.68050 0.67935 0.67920 0.68119 0.68373 0.68439 0.68331 0.68383 0.68724 0.68869 0.68765 0.68759 0.69036 0.69253 0.69286 0.69228 0.69257 0.69518 0.69777 0.69791 0.69631 0.69819 0.70229 0.70251 0.70056 0.70301 0.70654 0.70597 0.70524 0.70869 0.71059 0.70925 0.71013 0.71358 0.71485 0.71391 0.71483 0.71765 0.71960 0.71929 0.71926 0.72150 0.72456 0.72495 0.72378 0.72553 0.72939 0.73055 0.72878 0.72981 0.73392 0.73532 0.73453 0.73505 0.73734 0.73885 0.74089 0.74115 0.74079 0.74272 0.74627 0.74684 0.74621 0.74755 0.75000 0.75219 0.75260 0.75250 0.75349 0.71889 0.64462 0.56796 0.49260 0.41838 0.34341 0.26692 0.19065 0.11476 0.03834 0.00000 0.00000 0.00000 0.00000 0.00000 0.00000 0.00000 0.00000 0.00000 0.00000 0.00000 0.00000 0.00000 0.00000 0.00000 0.00000 0.00000 0.00000 0.00000 0.00000 0.00000 0.00000 0.00000 0.00000 0.00000
0.00000 0.00000 0.00000 0.00000 0.00000 0.00000 0.00000 0.00000 0.00000 0.00000 0.00000 0.00000 0.00000 0.00000 0.00000 0.03784 0.11348 0.18867 0.26440 0.33991 0.41455 0.48891 0.56541 0.64069 0.71404 0.74877 0.75021 0.75113 0.74887 0.74696 0.74623 0.74554 0.74505 0.74446 0.74305 0.74121 0.73996 0.74030 0.74074 0.73761 0.73526 0.73644 0.73667 0.73304 0.73253 0.73361 0.73184 0.73047 0.72943 0.72777 0.72824 0.72859 0.72479 0.72331 0.72537 0.72478 0.72058 0.71954 0.72172 0.72100 0.71701 0.71584 0.71785 0.71715 0.71384 0.71268 0.71358 0.71274 0.71114 0.71087 0.70869 0.70794 0.70898 0.70707 0.70421 0.70531 0.70590 0.70238 0.70047 0.70290 0.70255 0.69829 0.69690 0.69953 0.69897 0.69463 0.69375 0.69584 0.69550 0.69214 0.69068 0.69144 0.69178 0.69019 0.68847 0.68681 0.68730 0.68682 0.68666 0.68457 0.68285 0.68260 0.68482 0.68308 0.67897 0.67900 0.68223 0.68066 0.67605 0.67561 0.67800 0.67813 0.67372 0.67237 0.67537 0.67548 0.67063 0.66936 0.67289 0.67254 0.66781 0.66704 0.67014 0.66915 0.66535 0.66562 0.66710 0.66566 0.66453 0.66472 0.66292 0.66176 0.66349 0.66359 0.66060 0.65850 0.65962 0.66210 0.66131 0.65611 0.65601 0.66005 0.65911 0.65511 0.65448 0.65671 0.65758 0.65489 0.65222 0.65411 0.65653 0.65394 0.65097 0.65208 0.65323 0.65253 0.65244 0.65141 0.64994 0.64991 0.65264 0.65131 0.64793 0.64972 0.65228 0.64979 0.64718 0.64904 0.65051 0.64956 0.64791 0.64753 0.64944 0.65035 0.64733 0.64602 0.64991 0.65086 0.64603 0.64573 0.65060 0.65064 0.64779 0.64599 0.64732 0.65078 0.65052 0.64627 0.64641 0.65116 0.65155 0.64793 0.64700 0.64901 0.65188 0.65140 0.64840 0.64833 0.65232 0.65327 0.64943 0.64905 0.65393 0.65429 0.65019 0.65123 0.65563 0.65473 0.65162 0.65350 0.65721 0.65609 0.65371 0.65554 0.65811 0.65780 0.65747 0.65764 0.65778 0.65993 0.66163 0.65972 0.65878 0.66230 0.66448 0.66232 0.66155 0.66438 0.66621 0.66605 0.66567 0.66572 0.66718 0.67041 0.67064 0.66795 0.66845 0.67216 0.67423 0.67311 0.67181 0.67355 0.67722 0.67761 0.67519 0.67633 0.68094 0.68153 0.67855 0.67960 0.68419 0.68536 0.68279 0.68325 0.68730 0.68929 0.68713 0.68714 0.69110 0.69312 0.69082 0.69155 0.69606 0.69574 0.69393 0.69684 0.70003 0.69895 0.69848 0.70217 0.70442 0.70223 0.70285 0.70726 0.70853 0.70619 0.70780 0.71202 0.71243 0.71063 0.71261 0.71662 0.71706 0.71529 0.71695 0.72125 0.72204 0.72003 0.72133 0.72584 0.72704 0.72487 0.72604 0.73064 0.73183 0.72986 0.73123 0.73541 0.73580 0.73561 0.73719 0.73828 0.73915 0.74220 0.74310 0.74182 0.74339 0.74719 0.74850 0.74764 0.74847 0.75101 0.75380 0.75402 0.75314 0.71700 0.64469 0.56986 0.49281 0.41753 0.34291 0.26740 0.19086 0.11463 0.03831 0.00000 0.00000 0.00000 0.00000 0.00000 0.00000 0.00000 0.00000 0.00000 0.00000 0.00000 0.00000 0.00000 0.00000 0.00000 0.00000 0.00000 0.00000 0.00000 0.00000 0.00000 0.00000 0.00000 0.00000 0.00000
0.00000 0.00000 0.00000 0.00000 0.00000 0.00000 0.00000 0.00000 0.00000 0.00000 0.00000 0.00000 0.00000 0.00000 0.00000 0.03787 0.11340 0.18846 0.26405 0.34018 0.41560 0.48874 0.56394 0.64085 0.71592 0.74932 0.74821 0.75130 0.74866 0.74583 0.74739 0.74754 0.74372 0.74201 0.74409 0.74350 0.73935 0.73825 0.74027 0.73848 0.73542 0.73684 0.73625 0.73305 0.73246 0.73380 0.73045 0.72921 0.73047 0.72948 0.72688 0.72695 0.72644 0.72474 0.72379 0.72345 0.72229 0.72096 0.72018 0.71942 0.71873 0.71771 0.71597 0.71536 0.71597 0.71459 0.71161 0.71111 0.71329 0.71168 0.70769 0.70683 0.70935 0.70851 0.70536 0.70333 0.70508 0.70479 0.70187 0.70000 0.70171 0.70139 0.69772 0.69649 0.69882 0.69794 0.69365 0.69322 0.69579 0.69449 0.68995 0.69046 0.69223 0.69037 0.68674 0.68839 0.68906 0.68584 0.68306 0.68607 0.68609 0.68225 0.68047 0.68264 0.68275 0.68081 0.67786 0.67817 0.67949 0.67843 0.67530 0.67543 0.67619 0.67435 0.67316 0.67448 0.67262 0.67044 0.67152 0.67240 0.66882 0.66729 0.66978 0.66967 0.66539 0.66443 0.66777 0.66765 0.66267 0.66156 0.66574 0.66461 0.66059 0.66028 0.66321 0.66157 0.65905 0.66086 0.65989 0.65725 0.65857 0.66003 0.65590 0.65477 0.65848 0.65779 0.65296 0.65377 0.65722 0.65480 0.65132 0.65419 0.65564 0.65099 0.65039 0.65448 0.65322 0.64982 0.65210 0.65235 0.64857 0.64981 0.65268 0.64995 0.64722 0.65079 0.65210 0.64732 0.64650 0.65146 0.65137 0.64625 0.64631 0.65099 0.65022 0.64617 0.64737 0.64988 0.64854 0.64789 0.64850 0.64663 0.64800 0.65099 0.64873 0.64656 0.64865 0.64986 0.64863 0.64832 0.64871 0.64979 0.65104 0.64859 0.64761 0.65135 0.65217 0.64892 0.64930 0.65242 0.65205 0.65034 0.65211 0.65312 0.65125 0.65229 0.65508 0.65406 0.65188 0.65394 0.65703 0.65636 0.65353 0.65451 0.65893 0.65943 0.65547 0.65606 0.66092 0.66074 0.65769 0.65974 0.66308 0.66143 0.66009 0.66380 0.66568 0.66259 0.66260 0.66759 0.66833 0.66474 0.66628 0.67015 0.66923 0.66930 0.67187 0.67068 0.67004 0.67417 0.67582 0.67299 0.67330 0.67759 0.67897 0.67694 0.67710 0.68006 0.68215 0.68177 0.68117 0.68246 0.68519 0.68632 0.68543 0.68571 0.68890 0.69058 0.68984 0.68972 0.69163 0.69425 0.69498 0.69515 0.69450 0.69583 0.69987 0.70055 0.69828 0.69994 0.70426 0.70461 0.70288 0.70522 0.70826 0.70803 0.70776 0.71047 0.71245 0.71204 0.71256 0.71504 0.71695 0.71687 0.71712 0.71921 0.72182 0.72213 0.72154 0.72341 0.72674 0.72762 0.72623 0.72764 0.73153 0.73301 0.73146 0.73214 0.73596 0.73736 0.73728 0.73774 0.73940 0.74091 0.74321 0.74380 0.74346 0.74512 0.74793 0.74943 0.74942 0.74995 0.75174 0.75485 0.75559 0.71680 0.64231 0.56920 0.49468 0.41794 0.34212 0.26707 0.19128 0.11476 0.03824 0.00000 0.00000 0.00000 0.00000 0.00000 0.00000 0.00000 0.00000 0.00000 0.00000 0.00000 0.00000 0.00000 0.00000 0.00000 0.00000 0.00000 0.00000 0.00000 0.00000 0.00000 0.00000 0.00000 0.00000 0.00000
0.00000 0.00000 0.00000 0.00000 0.00000 0.00000 0.00000 0.00000 0.00000 0.00000 0.00000 0.00000 0.00000 0.00000 0.00000 0.03780 0.11329 0.18903 0.26423 0.33916 0.41530 0.49025 0.56460 0.63867 0.71452 0.75229 0.75053 0.74873 0.74798 0.74735 0.74740 0.74713 0.74426 0.74264 0.74293 0.74344 0.74178 0.73882 0.73703 0.73819 0.73897 0.73579 0.73403 0.73438 0.73390 0.73198 0.73173 0.72998 0.72938 0.73004 0.72809 0.72534 0.72667 0.72675 0.72267 0.72156 0.72373 0.72276 0.71886 0.71771 0.71974 0.71925 0.71536 0.71412 0.71603 0.71507 0.71229 0.71155 0.71162 0.71031 0.70971 0.70920 0.70688 0.70638 0.70723 0.70459 0.70260 0.70442 0.70420 0.70038 0.69892 0.70132 0.70073 0.69645 0.69555 0.69787 0.69709 0.69318 0.69243 0.69408 0.69346 0.69098 0.69001 0.68959 0.68926 0.68834 0.68798 0.68606 0.68502 0.68467 0.68567 0.68431 0.68113 0.68093 0.68345 0.68211 0.67709 0.67741 0.67926 0.67957 0.67585 0.67407 0.67597 0.67692 0.67288 0.67097 0.67399 0.67403 0.66940 0.66834 0.67168 0.67064 0.66655 0.66669 0.66896 0.66718 0.66445 0.66558 0.66495 0.66348 0.66573 0.66450 0.65994 0.65990 0.66291 0.66308 0.65969 0.65721 0.65860 0.66130 0.65959 0.65553 0.65582 0.65859 0.65809 0.65500 0.65363 0.65562 0.65719 0.65425 0.65142 0.65356 0.65534 0.65274 0.65291 0.65266 0.65025 0.64992 0.65367 0.65335 0.64832 0.64909 0.65286 0.65110 0.64748 0.64927 0.65145 0.64978 0.64790 0.64850 0.64979 0.64979 0.64788 0.64714 0.64958 0.65060 0.64680 0.64601 0.65061 0.65087 0.64605 0.64583 0.64971 0.65088 0.64900 0.64610 0.64685 0.65123 0.65114 0.64651 0.64667 0.65136 0.65189 0.64918 0.64738 0.64928 0.65246 0.65178 0.64850 0.64908 0.65351 0.65390 0.64953 0.64979 0.65493 0.65467 0.65084 0.65260 0.65645 0.65516 0.65261 0.65463 0.65779 0.65691 0.65557 0.65647 0.65754 0.65904 0.65999 0.65839 0.65788 0.66137 0.66325 0.66075 0.65997 0.66349 0.66559 0.66408 0.66324 0.66496 0.66722 0.66850 0.66787 0.66632 0.66743 0.67154 0.67257 0.67035 0.67007 0.67284 0.67551 0.67520 0.67351 0.67512 0.67906 0.67930 0.67668 0.67815 0.68254 0.68340 0.68057 0.68126 0.68566 0.68719 0.68491 0.68508 0.68899 0.69117 0.68934 0.68897 0.69310 0.69478 0.69247 0.69363 0.69774 0.69789 0.69657 0.69916 0.70175 0.70025 0.70066 0.70484 0.70649 0.70386 0.70497 0.70968 0.71070 0.70829 0.70974 0.71426 0.71499 0.71292 0.71440 0.71885 0.71966 0.71759 0.71894 0.72350 0.72452 0.72230 0.72360 0.72819 0.72946 0.72721 0.72846 0.73308 0.73410 0.73252 0.73386 0.73749 0.73779 0.73896 0.73990 0.73878 0.74134 0.74470 0.74569 0.74468 0.74595 0.74903 0.75107 0.75081 0.75092 0.75288 0.75649 0.71926 0.64193 0.56764 0.49412 0.41915 0.34244 0.26667 0.19105 0.11484 0.03828 0.00000 0.00000 0.00000 0.00000 0.00000 0.00000 0.00000 0.00000 0.00000 0.00000 0.00000 0.00000 0.00000 0.00000 0.00000 0.00000 0.00000 0.00000 0.00000 0.00000 0.00000 0.00000 0.00000 0.00000 0.00000
0.00000 0.00000 0.00000 0.00000 0.00000 0.00000 0.00000 0.00000 0.00000 0.00000 0.00000 0.00000 0.00000 0.00000 0.00000 0.03776 0.11340 0.18909 0.26454 0.33875 0.41413 0.49089 0.56640 0.63817 0.71276 0.75289 0.75297 0.74767 0.74718 0.74955 0.74705 0.74434 0.74505 0.74532 0.74245 0.73988 0.74178 0.74132 0.73823 0.73829 0.73825 0.73546 0.73415 0.73572 0.73416 0.73077 0.73120 0.73168 0.72942 0.72883 0.72802 0.72616 0.72579 0.72632 0.72425 0.72204 0.72218 0.72189 0.72054 0.71916 0.71806 0.71771 0.71750 0.71597 0.71358 0.71372 0.71476 0.71284 0.70849 0.70949 0.71154 0.70991 0.70540 0.70534 0.70769 0.70675 0.70339 0.70168 0.70363 0.70334 0.69982 0.69830 0.70041 0.69984 0.69581 0.69500 0.69737 0.69626 0.69201 0.69205 0.69378 0.69238 0.68909 0.68971 0.68978 0.68806 0.68614 0.68739 0.68648 0.68433 0.68331 0.68418 0.68335 0.68227 0.68051 0.67938 0.68037 0.68144 0.67753 0.67528 0.67735 0.67730 0.67498 0.67467 0.67402 0.67245 0.67311 0.67410 0.67026 0.66882 0.67142 0.67101 0.66669 0.66625 0.66931 0.66792 0.66380 0.66390 0.66716 0.66469 0.66160 0.66250 0.66474 0.66188 0.65993 0.66174 0.66162 0.65866 0.65899 0.66132 0.65789 0.65527 0.65880 0.65927 0.65441 0.65406 0.65804 0.65682 0.65223 0.65340 0.65663 0.65419 0.65081 0.65351 0.65501 0.65177 0.65051 0.65231 0.65157 0.65119 0.65226 0.65020 0.64820 0.65131 0.65246 0.64806 0.64700 0.65167 0.65178 0.64664 0.64635 0.65138 0.65109 0.64618 0.64657 0.65069 0.64988 0.64677 0.64748 0.64878 0.64908 0.64969 0.64782 0.64614 0.64926 0.65082 0.64801 0.64763 0.64922 0.64953 0.64977 0.64898 0.64743 0.65010 0.65243 0.64941 0.64805 0.65128 0.65290 0.65032 0.64980 0.65224 0.65272 0.65181 0.65333 0.65324 0.65139 0.65345 0.65622 0.65497 0.65264 0.65439 0.65803 0.65813 0.65451 0.65493 0.65989 0.66020 0.65668 0.65799 0.66189 0.66100 0.65901 0.66173 0.66432 0.66218 0.66134 0.66547 0.66709 0.66386 0.66430 0.66917 0.66879 0.66661 0.66926 0.66976 0.66925 0.67230 0.67402 0.67138 0.67153 0.67595 0.67751 0.67497 0.67503 0.67858 0.68086 0.67958 0.67889 0.68089 0.68377 0.68419 0.68350 0.68386 0.68669 0.68853 0.68737 0.68743 0.69070 0.69291 0.69171 0.69160 0.69368 0.69532 0.69676 0.69819 0.69694 0.69721 0.70218 0.70293 0.70062 0.70204 0.70570 0.70677 0.70566 0.70723 0.70991 0.71049 0.71048 0.71218 0.71429 0.71481 0.71515 0.71672 0.71898 0.71967 0.71956 0.72111 0.72396 0.72487 0.72398 0.72547 0.72893 0.73031 0.72879 0.72981 0.73381 0.73538 0.73395 0.73469 0.73876 0.73932 0.73885 0.74062 0.74167 0.74305 0.74482 0.74653 0.74675 0.74765 0.74958 0.75211 0.75267 0.75240 0.75366 0.71923 0.64481 0.56790 0.49264 0.41848 0.34346 0.26694 0.19074 0.11477 0.03832 0.00000 0.00000 0.00000 0.00000 0.00000 0.00000 0.00000 0.00000 0.00000 0.00000 0.00000 0.00000 0.00000 0.00000 0.00000 0.00000 0.00000 0.00000 0.00000 0.00000 0.00000 0.00000 0.00000 0.00000 0.00000
0.00000 0.00000 0.00000 0.00000 0.00000 0.00000 0.00000 0.00000 0.00000 0.00000 0.00000 0.00000 0.00000 0.00000 0.00000 0.03788 0.11346 0.18867 0.26444 0.33991 0.41446 0.48930 0.56561 0.63998 0.71424 0.75076 0.75008 0.74933 0.74943 0.74897 0.74582 0.74452 0.74567 0.74623 0.74226 0.73992 0.74061 0.74175 0.74143 0.73725 0.73536 0.73589 0.73620 0.73459 0.73337 0.73203 0.73093 0.73151 0.73123 0.72756 0.72644 0.72848 0.72577 0.72348 0.72532 0.72490 0.72076 0.71976 0.72186 0.72112 0.71723 0.71602 0.71810 0.71734 0.71374 0.71253 0.71424 0.71321 0.71073 0.71032 0.70983 0.70857 0.70809 0.70649 0.70533 0.70610 0.70545 0.70236 0.70122 0.70326 0.70235 0.69846 0.69766 0.69980 0.69879 0.69480 0.69442 0.69643 0.69510 0.69199 0.69174 0.69221 0.69113 0.68990 0.68957 0.68790 0.68705 0.68689 0.68695 0.68518 0.68349 0.68324 0.68359 0.68317 0.67995 0.67954 0.67992 0.68086 0.67824 0.67600 0.67626 0.67833 0.67645 0.67272 0.67395 0.67552 0.67195 0.66984 0.67285 0.67222 0.66830 0.66781 0.67074 0.66884 0.66525 0.66639 0.66777 0.66537 0.66499 0.66526 0.66158 0.66166 0.66466 0.66400 0.65917 0.65853 0.66169 0.66235 0.65944 0.65643 0.65782 0.66013 0.65878 0.65541 0.65510 0.65728 0.65763 0.65466 0.65274 0.65498 0.65631 0.65324 0.65176 0.65385 0.65136 0.65092 0.65463 0.65405 0.64909 0.64881 0.65344 0.65294 0.64818 0.64888 0.65206 0.65091 0.64815 0.64872 0.65043 0.65017 0.64828 0.64791 0.64963 0.65049 0.64754 0.64673 0.65017 0.65088 0.64623 0.64613 0.65096 0.65079 0.64670 0.64629 0.64877 0.65096 0.65047 0.64650 0.64662 0.65162 0.65166 0.64745 0.64702 0.65054 0.65237 0.65030 0.64782 0.64980 0.65324 0.65232 0.64890 0.64995 0.65440 0.65457 0.65018 0.65146 0.65577 0.65413 0.65176 0.65424 0.65733 0.65570 0.65386 0.65577 0.65798 0.65795 0.65806 0.65742 0.65735 0.66036 0.66186 0.65947 0.65883 0.66258 0.66456 0.66242 0.66141 0.66415 0.66689 0.66659 0.66491 0.66520 0.66851 0.67039 0.67032 0.66802 0.66870 0.67231 0.67381 0.67257 0.67185 0.67441 0.67730 0.67672 0.67497 0.67734 0.68078 0.68074 0.67868 0.68025 0.68386 0.68510 0.68294 0.68315 0.68701 0.68899 0.68749 0.68697 0.69029 0.69303 0.69257 0.69094 0.69404 0.69686 0.69591 0.69572 0.69844 0.70021 0.69914 0.70211 0.70385 0.70161 0.70282 0.70731 0.70865 0.70603 0.70713 0.71190 0.71299 0.71070 0.71182 0.71641 0.71745 0.71537 0.71650 0.72106 0.72213 0.71996 0.72119 0.72579 0.72700 0.72468 0.72598 0.73058 0.73187 0.72969 0.73104 0.73549 0.73617 0.73517 0.73672 0.73936 0.73967 0.74187 0.74275 0.74233 0.74366 0.74644 0.74835 0.74796 0.74867 0.75086 0.75373 0.75413 0.75322 0.71703 0.64476 0.56994 0.49292 0.41772 0.34287 0.26731 0.19092 0.11476 0.03831 0.00000 0.00000 0.00000 0.00000 0.00000 0.00000 0.00000 0.00000 0.00000 0.00000 0.00000 0.00000 0.00000 0.00000 0.00000 0.00000 0.00000 0.00000 0.00000 0.00000 0.00000 0.00000 0.00000 0.00000 0.00000
0.00000 0.00000 0.00000 0.00000 0.00000 0.00000 0.00000 0.00000 0.00000 0.00000 0.00000 0.00000 0.00000 0.00000 0.00000 0.03784 0.11334 0.18862 0.26414 0.33998 0.41548 0.48878 0.56399 0.64093 0.71613 0.74958 0.74879 0.75144 0.75036 0.74620 0.74577 0.74755 0.74570 0.74254 0.74237 0.74342 0.74199 0.73927 0.73934 0.73786 0.73745 0.73779 0.73606 0.73277 0.73285 0.73391 0.73220 0.72973 0.72934 0.72849 0.72821 0.72934 0.72595 0.72259 0.72417 0.72452 0.72254 0.72037 0.72020 0.72007 0.71926 0.71754 0.71579 0.71614 0.71636 0.71420 0.71111 0.71228 0.71320 0.71100 0.70696 0.70806 0.70968 0.70809 0.70419 0.70401 0.70588 0.70498 0.70159 0.70032 0.70227 0.70170 0.69796 0.69690 0.69902 0.69818 0.69408 0.69378 0.69562 0.69439 0.69121 0.69116 0.69132 0.69027 0.68895 0.68873 0.68730 0.68660 0.68637 0.68569 0.68396 0.68388 0.68355 0.68164 0.68105 0.68235 0.68022 0.67654 0.67834 0.67941 0.67712 0.67478 0.67533 0.67501 0.67482 0.67580 0.67176 0.66993 0.67304 0.67290 0.66815 0.66753 0.67089 0.66929 0.66514 0.66612 0.66859 0.66502 0.66268 0.66532 0.66633 0.66204 0.66083 0.66348 0.66341 0.65999 0.65959 0.66216 0.65990 0.65670 0.65915 0.66060 0.65609 0.65465 0.65878 0.65825 0.65344 0.65365 0.65755 0.65636 0.65171 0.65183 0.65599 0.65524 0.65072 0.65117 0.65370 0.65308 0.65138 0.65020 0.65010 0.65235 0.65238 0.64858 0.64795 0.65213 0.65204 0.64717 0.64707 0.65179 0.65127 0.64646 0.64707 0.65124 0.65033 0.64645 0.64739 0.65023 0.64977 0.64777 0.64731 0.64804 0.65001 0.65033 0.64722 0.64726 0.65010 0.64945 0.64847 0.64913 0.64848 0.64930 0.65165 0.64988 0.64758 0.65019 0.65289 0.65056 0.64864 0.65127 0.65369 0.65168 0.65048 0.65235 0.65306 0.65316 0.65517 0.65372 0.65190 0.65451 0.65727 0.65621 0.65356 0.65483 0.65908 0.65948 0.65564 0.65646 0.66096 0.66050 0.65794 0.65996 0.66317 0.66175 0.66020 0.66337 0.66584 0.66348 0.66280 0.66687 0.66791 0.66579 0.66702 0.66971 0.66863 0.67082 0.67191 0.66961 0.67031 0.67431 0.67576 0.67334 0.67336 0.67686 0.67923 0.67781 0.67698 0.67910 0.68274 0.68241 0.68110 0.68193 0.68435 0.68665 0.68571 0.68536 0.68875 0.69092 0.68892 0.68920 0.69284 0.69501 0.69334 0.69471 0.69641 0.69566 0.69842 0.70077 0.70010 0.69937 0.70244 0.70522 0.70412 0.70419 0.70695 0.70907 0.70876 0.70919 0.71146 0.71302 0.71342 0.71406 0.71603 0.71750 0.71787 0.71868 0.72100 0.72240 0.72209 0.72319 0.72617 0.72767 0.72648 0.72758 0.73129 0.73300 0.73125 0.73215 0.73649 0.73753 0.73578 0.73760 0.74198 0.74122 0.74112 0.74360 0.74489 0.74541 0.74689 0.74924 0.74995 0.75047 0.75160 0.75441 0.75586 0.71784 0.64236 0.56854 0.49481 0.41820 0.34230 0.26702 0.19117 0.11480 0.03829 0.00000 0.00000 0.00000 0.00000 0.00000 0.00000 0.00000 0.00000 0.00000 0.00000 0.00000 0.00000 0.00000 0.00000 0.00000 0.00000 0.00000 0.00000 0.00000 0.00000 0.00000 0.00000 0.00000 0.00000 0.00000
0.00000 0.00000 0.00000 0.00000 0.00000 0.00000 0.00000 0.00000 0.00000 0.00000 0.00000 0.00000 0.00000 0.00000 0.00000 0.03773 0.11341 0.18925 0.26410 0.33907 0.41562 0.49046 0.56450 0.63907 0.71493 0.75147 0.75079 0.74983 0.74786 0.74698 0.74822 0.74742 0.74339 0.74257 0.74423 0.74417 0.74062 0.73805 0.73860 0.73810 0.73831 0.73674 0.73508 0.73404 0.73321 0.73334 0.73266 0.72990 0.72767 0.73021 0.72942 0.72580 0.72564 0.72657 0.72332 0.72168 0.72378 0.72326 0.71909 0.71805 0.72019 0.71940 0.71569 0.71420 0.71631 0.71576 0.71218 0.71135 0.71249 0.71134 0.70915 0.70814 0.70820 0.70801 0.70643 0.70418 0.70397 0.70520 0.70362 0.70040 0.70014 0.70176 0.70038 0.69683 0.69672 0.69840 0.69678 0.69327 0.69374 0.69514 0.69293 0.69112 0.69135 0.69003 0.68896 0.68896 0.68876 0.68635 0.68545 0.68568 0.68498 0.68404 0.68271 0.68190 0.68087 0.68199 0.68079 0.67812 0.67717 0.67963 0.67937 0.67468 0.67371 0.67693 0.67602 0.67163 0.67264 0.67378 0.67065 0.66921 0.67202 0.67048 0.66689 0.66737 0.66986 0.66730 0.66475 0.66593 0.66534 0.66373 0.66530 0.66480 0.66040 0.66020 0.66350 0.66330 0.65953 0.65755 0.66015 0.66138 0.65967 0.65638 0.65649 0.65874 0.65858 0.65545 0.65397 0.65633 0.65715 0.65400 0.65254 0.65493 0.65417 0.65188 0.65418 0.65458 0.65055 0.64955 0.65383 0.65414 0.64924 0.64865 0.65250 0.65247 0.64879 0.64847 0.65105 0.65142 0.64871 0.64778 0.64998 0.65136 0.64821 0.64692 0.64999 0.65130 0.64706 0.64628 0.65077 0.65090 0.64618 0.64658 0.65098 0.65059 0.64808 0.64697 0.64715 0.65134 0.65138 0.64680 0.64696 0.65152 0.65210 0.64909 0.64758 0.65029 0.65293 0.65104 0.64849 0.65077 0.65396 0.65251 0.64967 0.65213 0.65517 0.65240 0.65113 0.65488 0.65661 0.65388 0.65282 0.65573 0.65826 0.65652 0.65558 0.65695 0.65728 0.65910 0.66044 0.65867 0.65792 0.66146 0.66335 0.66127 0.66012 0.66313 0.66590 0.66505 0.66291 0.66415 0.66850 0.66900 0.66623 0.66631 0.66977 0.67144 0.67115 0.67023 0.67065 0.67374 0.67556 0.67412 0.67335 0.67678 0.67901 0.67765 0.67702 0.68042 0.68195 0.68156 0.68125 0.68300 0.68501 0.68636 0.68564 0.68495 0.68816 0.69070 0.69061 0.68905 0.69104 0.69492 0.69562 0.69312 0.69485 0.69909 0.69827 0.69801 0.70073 0.70109 0.70134 0.70429 0.70609 0.70411 0.70505 0.70927 0.71084 0.70873 0.70936 0.71379 0.71530 0.71341 0.71404 0.71840 0.71986 0.71792 0.71879 0.72324 0.72461 0.72239 0.72358 0.72812 0.72949 0.72713 0.72851 0.73301 0.73412 0.73220 0.73390 0.73780 0.73795 0.73765 0.73982 0.74143 0.74161 0.74332 0.74564 0.74568 0.74630 0.74849 0.75089 0.75121 0.75181 0.75282 0.75620 0.71950 0.64273 0.56780 0.49352 0.41908 0.34275 0.26697 0.19101 0.11475 0.03830 0.00000 0.00000 0.00000 0.00000 0.00000 0.00000 0.00000 0.00000 0.00000 0.00000 0.00000 0.00000 0.00000 0.00000 0.00000 0.00000 0.00000 0.00000 0.00000 0.00000 0.00000 0.00000 0.00000 0.00000 0.00000
0.00000 0.00000 0.00000 0.00000 0.00000 0.00000 0.00000 0.00000 0.00000 0.00000 0.00000 0.00000 0.00000 0.00000 0.00000 0.03781 0.11354 0.18895 0.26440 0.33917 0.41463 0.49048 0.56571 0.63860 0.71333 0.75253 0.75206 0.74822 0.74724 0.74993 0.74853 0.74462 0.74366 0.74540 0.74448 0.74169 0.73941 0.74024 0.74085 0.73977 0.73676 0.73490 0.73614 0.73618 0.73410 0.73124 0.73101 0.73151 0.73076 0.72962 0.72753 0.72465 0.72654 0.72712 0.72430 0.72166 0.72229 0.72250 0.72128 0.71907 0.71797 0.71849 0.71818 0.71591 0.71360 0.71483 0.71492 0.71229 0.70983 0.71104 0.71137 0.70916 0.70583 0.70686 0.70807 0.70622 0.70312 0.70287 0.70435 0.70320 0.69996 0.69913 0.70084 0.70004 0.69627 0.69571 0.69733 0.69646 0.69317 0.69280 0.69308 0.69244 0.69159 0.69018 0.68865 0.68887 0.68906 0.68717 0.68500 0.68616 0.68646 0.68338 0.68186 0.68363 0.68310 0.67933 0.67927 0.68076 0.67950 0.67655 0.67660 0.67708 0.67666 0.67625 0.67333 0.67137 0.67464 0.67480 0.66971 0.66830 0.67254 0.67142 0.66654 0.66713 0.67015 0.66701 0.66396 0.66705 0.66785 0.66260 0.66178 0.66570 0.66528 0.66083 0.66029 0.66332 0.66206 0.65845 0.65946 0.66182 0.65817 0.65567 0.65933 0.65932 0.65486 0.65458 0.65855 0.65731 0.65281 0.65297 0.65698 0.65649 0.65151 0.65076 0.65497 0.65508 0.65131 0.65014 0.65208 0.65366 0.65205 0.64895 0.64945 0.65290 0.65204 0.64773 0.64832 0.65233 0.65114 0.64690 0.64842 0.65175 0.64992 0.64658 0.64881 0.65108 0.64933 0.64697 0.64788 0.65001 0.65024 0.64804 0.64700 0.64962 0.65079 0.64771 0.64738 0.65031 0.64998 0.64842 0.65036 0.65037 0.64778 0.64936 0.65261 0.65086 0.64816 0.65044 0.65351 0.65167 0.64934 0.65158 0.65448 0.65293 0.65143 0.65274 0.65269 0.65450 0.65607 0.65438 0.65291 0.65571 0.65832 0.65746 0.65464 0.65572 0.66023 0.65972 0.65683 0.65866 0.66233 0.66106 0.65906 0.66170 0.66476 0.66292 0.66160 0.66481 0.66671 0.66525 0.66541 0.66776 0.66774 0.66888 0.66999 0.66842 0.66929 0.67325 0.67386 0.67189 0.67213 0.67479 0.67725 0.67647 0.67567 0.67712 0.68043 0.68088 0.67990 0.67996 0.68299 0.68499 0.68511 0.68337 0.68626 0.68904 0.68655 0.68711 0.69133 0.69304 0.69050 0.69177 0.69525 0.69540 0.69501 0.69799 0.69954 0.69752 0.69880 0.70318 0.70367 0.70165 0.70346 0.70753 0.70759 0.70630 0.70833 0.71145 0.71199 0.71124 0.71297 0.71557 0.71639 0.71612 0.71791 0.72017 0.72051 0.72081 0.72322 0.72519 0.72456 0.72532 0.72860 0.73053 0.72890 0.72981 0.73392 0.73543 0.73350 0.73490 0.73931 0.73939 0.73808 0.74075 0.74357 0.74326 0.74391 0.74650 0.74758 0.74819 0.74934 0.75146 0.75303 0.75410 0.75373 0.71684 0.64508 0.56946 0.49281 0.41804 0.34338 0.26717 0.19096 0.11477 0.03828 0.00000 0.00000 0.00000 0.00000 0.00000 0.00000 0.00000 0.00000 0.00000 0.00000 0.00000 0.00000 0.00000 0.00000 0.00000 0.00000 0.00000 0.00000 0.00000 0.00000 0.00000 0.00000 0.00000 0.00000 0.00000
0.00000 0.00000 0.00000 0.00000 0.00000 0.00000 0.00000 0.00000 0.00000 0.00000 0.00000 0.00000 0.00000 0.00000 0.00000 0.03791 0.11337 0.18845 0.26484 0.34039 0.41424 0.48917 0.56620 0.64069 0.71432 0.75072 0.75074 0.75003 0.74981 0.74826 0.74556 0.74554 0.74711 0.74516 0.74157 0.74123 0.74228 0.74087 0.73933 0.73814 0.73759 0.73658 0.73546 0.73504 0.73427 0.73273 0.73053 0.73165 0.73131 0.72818 0.72653 0.72843 0.72621 0.72410 0.72543 0.72486 0.72123 0.72026 0.72215 0.72133 0.71750 0.71632 0.71839 0.71786 0.71428 0.71297 0.71468 0.71384 0.71071 0.70973 0.71081 0.71021 0.70766 0.70594 0.70672 0.70716 0.70474 0.70232 0.70291 0.70369 0.70165 0.69895 0.69948 0.70021 0.69828 0.69539 0.69616 0.69750 0.69469 0.69164 0.69331 0.69278 0.69085 0.69074 0.69074 0.68796 0.68721 0.68794 0.68718 0.68515 0.68443 0.68430 0.68262 0.68330 0.68302 0.68033 0.67877 0.68106 0.68142 0.67667 0.67514 0.67842 0.67861 0.67353 0.67222 0.67535 0.67361 0.67094 0.67241 0.67200 0.66907 0.66877 0.67118 0.66902 0.66571 0.66684 0.66812 0.66589 0.66536 0.66546 0.66287 0.66226 0.66470 0.66421 0.66024 0.65906 0.66213 0.66243 0.66042 0.65749 0.65798 0.66012 0.65988 0.65673 0.65482 0.65751 0.65851 0.65511 0.65320 0.65594 0.65630 0.65298 0.65323 0.65528 0.65278 0.65063 0.65381 0.65491 0.65070 0.64911 0.65280 0.65378 0.64982 0.64847 0.65153 0.65263 0.64939 0.64769 0.65045 0.65202 0.64888 0.64681 0.65010 0.65152 0.64793 0.64624 0.65050 0.65136 0.64693 0.64640 0.65101 0.65078 0.64679 0.64740 0.65027 0.65071 0.65006 0.64717 0.64747 0.65193 0.65169 0.64794 0.64763 0.65085 0.65259 0.65033 0.64831 0.65092 0.65358 0.65142 0.64931 0.65233 0.65469 0.65178 0.65064 0.65538 0.65593 0.65177 0.65231 0.65633 0.65743 0.65471 0.65425 0.65699 0.65835 0.65753 0.65913 0.65838 0.65699 0.65999 0.66224 0.66074 0.65907 0.66171 0.66476 0.66414 0.66157 0.66287 0.66735 0.66771 0.66441 0.66493 0.67008 0.67030 0.66764 0.66840 0.67185 0.67274 0.67271 0.67199 0.67217 0.67588 0.67700 0.67519 0.67563 0.67958 0.67996 0.67833 0.67979 0.68356 0.68297 0.68180 0.68403 0.68619 0.68616 0.68735 0.68861 0.68760 0.68916 0.69248 0.69376 0.69128 0.69230 0.69692 0.69745 0.69549 0.69750 0.70105 0.70025 0.70052 0.70309 0.70352 0.70366 0.70606 0.70825 0.70734 0.70736 0.71082 0.71305 0.71184 0.71168 0.71546 0.71765 0.71624 0.71639 0.72044 0.72231 0.72046 0.72121 0.72556 0.72714 0.72484 0.72609 0.73057 0.73189 0.72962 0.73133 0.73548 0.73599 0.73475 0.73710 0.74011 0.73964 0.74011 0.74297 0.74402 0.74394 0.74583 0.74834 0.74856 0.74950 0.75090 0.75259 0.75441 0.75577 0.71722 0.64265 0.57000 0.49395 0.41807 0.34266 0.26712 0.19106 0.11494 0.03832 0.00000 0.00000 0.00000 0.00000 0.00000 0.00000 0.00000 0.00000 0.00000 0.00000 0.00000 0.00000 0.00000 0.00000 0.00000 0.00000 0.00000 0.00000 0.00000 0.00000 0.00000 0.00000 0.00000 0.00000 0.00000
0.00000 0.00000 0.00000 0.00000 0.00000 0.00000 0.00000 0.00000 0.00000 0.00000 0.00000 0.00000 0.00000 0.00000 0.00000 0.03781 0.11339 0.18892 0.26461 0.33967 0.41514 0.48957 0.56483 0.64040 0.71535 0.75018 0.74972 0.75142 0.75029 0.74657 0.74567 0.74832 0.74681 0.74367 0.74164 0.74236 0.74306 0.74129 0.73760 0.73708 0.73994 0.73827 0.73465 0.73318 0.73395 0.73422 0.73262 0.73017 0.72908 0.72880 0.72921 0.72886 0.72595 0.72355 0.72468 0.72496 0.72314 0.72077 0.72030 0.72078 0.72020 0.71769 0.71585 0.71730 0.71682 0.71391 0.71219 0.71398 0.71331 0.71033 0.70836 0.71004 0.70995 0.70729 0.70482 0.70591 0.70651 0.70429 0.70183 0.70189 0.70281 0.70145 0.69844 0.69807 0.69921 0.69839 0.69518 0.69469 0.69482 0.69462 0.69485 0.69178 0.68987 0.69098 0.69161 0.68876 0.68645 0.68843 0.68885 0.68479 0.68312 0.68591 0.68590 0.68102 0.68028 0.68244 0.68199 0.67884 0.67787 0.67864 0.67856 0.67764 0.67497 0.67386 0.67623 0.67635 0.67143 0.66954 0.67414 0.67353 0.66804 0.66778 0.67179 0.66994 0.66537 0.66734 0.66936 0.66448 0.66292 0.66724 0.66702 0.66174 0.66111 0.66489 0.66423 0.65972 0.65988 0.66301 0.66085 0.65698 0.65931 0.66034 0.65688 0.65580 0.65934 0.65789 0.65408 0.65477 0.65810 0.65679 0.65244 0.65210 0.65619 0.65641 0.65179 0.65049 0.65368 0.65497 0.65205 0.64943 0.65109 0.65386 0.65202 0.64830 0.64972 0.65304 0.65107 0.64743 0.64975 0.65235 0.64937 0.64693 0.65036 0.65174 0.64823 0.64689 0.64957 0.65105 0.64946 0.64731 0.64765 0.65058 0.65102 0.64718 0.64702 0.65159 0.65110 0.64708 0.64870 0.65135 0.64879 0.64849 0.65210 0.65132 0.64798 0.64973 0.65326 0.65176 0.64892 0.65100 0.65419 0.65267 0.65036 0.65216 0.65453 0.65420 0.65376 0.65325 0.65329 0.65605 0.65720 0.65477 0.65400 0.65801 0.65946 0.65702 0.65585 0.65846 0.66154 0.65985 0.65804 0.66061 0.66371 0.66206 0.66071 0.66329 0.66528 0.66441 0.66439 0.66613 0.66648 0.66721 0.66849 0.66876 0.66816 0.67061 0.67219 0.67178 0.67093 0.67171 0.67536 0.67580 0.67454 0.67488 0.67822 0.67957 0.67873 0.67804 0.68093 0.68344 0.68298 0.68148 0.68428 0.68730 0.68511 0.68519 0.68967 0.69119 0.68801 0.68944 0.69374 0.69439 0.69244 0.69499 0.69767 0.69640 0.69677 0.70068 0.70228 0.69972 0.70062 0.70547 0.70642 0.70394 0.70526 0.70984 0.71066 0.70847 0.70996 0.71389 0.71499 0.71341 0.71486 0.71818 0.71905 0.71833 0.72020 0.72290 0.72291 0.72303 0.72578 0.72809 0.72687 0.72752 0.73131 0.73317 0.73121 0.73241 0.73666 0.73741 0.73589 0.73808 0.74172 0.74120 0.74110 0.74388 0.74557 0.74579 0.74690 0.74904 0.75023 0.75155 0.75194 0.75282 0.75618 0.72004 0.64239 0.56765 0.49489 0.41890 0.34263 0.26695 0.19103 0.11488 0.03835 0.00000 0.00000 0.00000 0.00000 0.00000 0.00000 0.00000 0.00000 0.00000 0.00000 0.00000 0.00000 0.00000 0.00000 0.00000 0.00000 0.00000 0.00000 0.00000 0.00000 0.00000 0.00000 0.00000 0.00000 0.00000
0.00000 0.00000 0.00000 0.00000 0.00000 0.00000 0.00000 0.00000 0.00000 0.00000 0.00000 0.00000 0.00000 0.00000 0.00000 0.03773 0.11361 0.18938 0.26394 0.33891 0.41614 0.49101 0.56433 0.63877 0.71588 0.75292 0.75092 0.74921 0.74876 0.74872 0.74911 0.74625 0.74348 0.74423 0.74496 0.74286 0.74044 0.74007 0.74017 0.73918 0.73740 0.73622 0.73621 0.73640 0.73321 0.73271 0.73288 0.73127 0.72910 0.72982 0.72852 0.72650 0.72732 0.72673 0.72337 0.72264 0.72427 0.72299 0.71944 0.71885 0.72039 0.71977 0.71633 0.71507 0.71677 0.71620 0.71289 0.71137 0.71301 0.71261 0.70948 0.70791 0.70916 0.70907 0.70617 0.70432 0.70554 0.70559 0.70285 0.70108 0.70239 0.70196 0.69954 0.69783 0.69912 0.69866 0.69623 0.69383 0.69564 0.69559 0.69269 0.69188 0.69269 0.68993 0.68896 0.69004 0.68956 0.68658 0.68560 0.68658 0.68518 0.68479 0.68436 0.68250 0.68069 0.68290 0.68336 0.67856 0.67690 0.68013 0.68048 0.67531 0.67381 0.67710 0.67605 0.67271 0.67281 0.67362 0.67159 0.67055 0.67192 0.67048 0.66763 0.66832 0.66982 0.66776 0.66641 0.66629 0.66524 0.66453 0.66586 0.66498 0.66163 0.66106 0.66376 0.66352 0.66089 0.65873 0.65988 0.66153 0.66107 0.65787 0.65572 0.65876 0.65984 0.65637 0.65389 0.65697 0.65813 0.65427 0.65304 0.65605 0.65518 0.65186 0.65373 0.65564 0.65235 0.65001 0.65310 0.65479 0.65108 0.64897 0.65191 0.65366 0.65037 0.64806 0.65086 0.65280 0.64973 0.64736 0.65032 0.65183 0.64886 0.64716 0.65043 0.65154 0.64787 0.64651 0.65084 0.65157 0.64733 0.64719 0.65089 0.65069 0.64821 0.64794 0.64926 0.65165 0.65066 0.64731 0.64824 0.65180 0.65210 0.64958 0.64841 0.65101 0.65322 0.65098 0.64911 0.65212 0.65434 0.65153 0.65022 0.65428 0.65548 0.65139 0.65181 0.65662 0.65659 0.65299 0.65395 0.65733 0.65752 0.65586 0.65758 0.65838 0.65611 0.65838 0.66142 0.66055 0.65804 0.66005 0.66374 0.66371 0.66047 0.66141 0.66621 0.66662 0.66314 0.66372 0.66887 0.66908 0.66597 0.66695 0.67165 0.67155 0.66911 0.67032 0.67332 0.67469 0.67408 0.67332 0.67486 0.67837 0.67780 0.67634 0.67854 0.68214 0.68096 0.67975 0.68258 0.68553 0.68421 0.68399 0.68685 0.68737 0.68738 0.68959 0.69165 0.68993 0.69045 0.69463 0.69608 0.69351 0.69470 0.69907 0.69916 0.69781 0.70007 0.70298 0.70255 0.70264 0.70522 0.70661 0.70611 0.70752 0.71038 0.71074 0.70977 0.71227 0.71534 0.71493 0.71412 0.71740 0.72008 0.71886 0.71888 0.72281 0.72484 0.72287 0.72376 0.72809 0.72964 0.72730 0.72886 0.73312 0.73390 0.73221 0.73455 0.73800 0.73761 0.73741 0.74040 0.74241 0.74170 0.74309 0.74591 0.74629 0.74690 0.74886 0.75033 0.75126 0.75333 0.75352 0.75358 0.71959 0.64475 0.56818 0.49314 0.41874 0.34312 0.26734 0.19106 0.11466 0.03831 0.00000 0.00000 0.00000 0.00000 0.00000 0.00000 0.00000 0.00000 0.00000 0.00000 0.00000 0.00000 0.00000 0.00000 0.00000 0.00000 0.00000 0.00000 0.00000 0.00000 0.00000 0.00000 0.00000 0.00000 0.00000
0.00000 0.00000 0.00000 0.00000 0.00000 0.00000 0.00000 0.00000 0.00000 0.00000 0.00000 0.00000 0.00000 0.00000 0.00000 0.03787 0.11366 0.18886 0.26439 0.33983 0.41538 0.49006 0.56538 0.63959 0.71461 0.75232 0.75163 0.74872 0.74849 0.75039 0.74844 0.74464 0.74416 0.74508 0.74503 0.74320 0.73991 0.73967 0.74184 0.74000 0.73561 0.73545 0.73772 0.73648 0.73330 0.73165 0.73139 0.73259 0.73151 0.72899 0.72740 0.72688 0.72743 0.72702 0.72487 0.72286 0.72273 0.72294 0.72240 0.71971 0.71793 0.71965 0.71906 0.71560 0.71432 0.71684 0.71533 0.71164 0.71071 0.71331 0.71194 0.70841 0.70704 0.70925 0.70859 0.70526 0.70369 0.70508 0.70499 0.70233 0.70041 0.70089 0.70133 0.69993 0.69729 0.69694 0.69704 0.69680 0.69587 0.69356 0.69103 0.69307 0.69384 0.69048 0.68805 0.69027 0.69079 0.68656 0.68485 0.68830 0.68827 0.68212 0.68157 0.68478 0.68453 0.68017 0.67914 0.68059 0.68047 0.67981 0.67667 0.67570 0.67775 0.67795 0.67332 0.67156 0.67572 0.67534 0.66967 0.66904 0.67346 0.67263 0.66687 0.66710 0.67093 0.66846 0.66439 0.66770 0.66854 0.66340 0.66213 0.66636 0.66614 0.66100 0.66056 0.66435 0.66328 0.65821 0.65916 0.66181 0.65997 0.65698 0.65907 0.65870 0.65599 0.65668 0.65908 0.65673 0.65364 0.65448 0.65744 0.65684 0.65248 0.65152 0.65514 0.65612 0.65246 0.65021 0.65260 0.65485 0.65231 0.64901 0.65104 0.65386 0.65133 0.64806 0.65077 0.65306 0.64967 0.64742 0.65117 0.65243 0.64816 0.64712 0.65100 0.65186 0.64838 0.64719 0.64926 0.65135 0.65052 0.64733 0.64744 0.65153 0.65160 0.64696 0.64776 0.65219 0.65058 0.64760 0.65108 0.65212 0.64827 0.64892 0.65305 0.65215 0.64870 0.65042 0.65396 0.65253 0.64991 0.65185 0.65467 0.65368 0.65201 0.65281 0.65433 0.65566 0.65558 0.65369 0.65400 0.65791 0.65846 0.65486 0.65521 0.65970 0.66064 0.65792 0.65727 0.66022 0.66258 0.66093 0.66013 0.66223 0.66372 0.66349 0.66386 0.66471 0.66492 0.66619 0.66742 0.66751 0.66693 0.66881 0.67081 0.67096 0.66965 0.67035 0.67381 0.67516 0.67325 0.67272 0.67637 0.67839 0.67758 0.67621 0.67886 0.68194 0.68176 0.67972 0.68245 0.68564 0.68407 0.68339 0.68756 0.68942 0.68630 0.68743 0.69207 0.69294 0.69018 0.69234 0.69597 0.69546 0.69468 0.69799 0.69997 0.69823 0.69895 0.70299 0.70446 0.70215 0.70301 0.70767 0.70888 0.70627 0.70741 0.71216 0.71333 0.71077 0.71207 0.71641 0.71757 0.71573 0.71723 0.72085 0.72137 0.72066 0.72288 0.72574 0.72512 0.72530 0.72861 0.73089 0.72912 0.73001 0.73412 0.73526 0.73364 0.73557 0.73940 0.73914 0.73864 0.74134 0.74376 0.74349 0.74438 0.74668 0.74762 0.74897 0.75009 0.75084 0.75295 0.75520 0.75445 0.71683 0.64559 0.56992 0.49316 0.41810 0.34310 0.26738 0.19125 0.11481 0.03826 0.00000 0.00000 0.00000 0.00000 0.00000 0.00000 0.00000 0.00000 0.00000 0.00000 0.00000 0.00000 0.00000 0.00000 0.00000 0.00000 0.00000 0.00000 0.00000 0.00000 0.00000 0.00000 0.00000 0.00000 0.00000
0.00000 0.00000 0.00000 0.00000 0.00000 0.00000 0.00000 0.00000 0.00000 0.00000 0.00000 0.00000 0.00000 0.00000 0.00000 0.03794 0.11336 0.18859 0.26511 0.34058 0.41419 0.48911 0.56695 0.64173 0.71410 0.75023 0.75191 0.75171 0.74947 0.74755 0.74662 0.74728 0.74687 0.74446 0.74227 0.74261 0.74239 0.74131 0.73951 0.73804 0.73831 0.73881 0.73571 0.73299 0.73459 0.73453 0.73180 0.73083 0.73047 0.72952 0.73057 0.72823 0.72482 0.72498 0.72664 0.72501 0.72135 0.72144 0.72266 0.72148 0.71815 0.71783 0.71883 0.71826 0.71553 0.71339 0.71490 0.71500 0.71202 0.70982 0.71111 0.71119 0.70835 0.70653 0.70768 0.70749 0.70461 0.70325 0.70476 0.70387 0.70092 0.70008 0.70214 0.70016 0.69750 0.69702 0.69853 0.69644 0.69427 0.69367 0.69478 0.69210 0.69079 0.69193 0.69171 0.68829 0.68702 0.68871 0.68821 0.68617 0.68483 0.68470 0.68330 0.68507 0.68445 0.68024 0.67894 0.68221 0.68233 0.67689 0.67560 0.67909 0.67787 0.67426 0.67411 0.67555 0.67388 0.67229 0.67281 0.67195 0.67029 0.67031 0.67070 0.66924 0.66819 0.66775 0.66664 0.66661 0.66797 0.66578 0.66298 0.66332 0.66545 0.66449 0.66149 0.66039 0.66210 0.66286 0.66177 0.65876 0.65734 0.66042 0.66100 0.65718 0.65489 0.65844 0.65948 0.65534 0.65335 0.65711 0.65747 0.65316 0.65401 0.65639 0.65389 0.65109 0.65382 0.65576 0.65224 0.64983 0.65251 0.65464 0.65148 0.64878 0.65125 0.65361 0.65084 0.64803 0.65047 0.65256 0.65003 0.64786 0.65033 0.65176 0.64904 0.64741 0.65065 0.65203 0.64823 0.64692 0.65098 0.65162 0.64811 0.64805 0.65072 0.65126 0.64931 0.64776 0.64964 0.65243 0.65112 0.64858 0.64906 0.65154 0.65267 0.65058 0.64917 0.65201 0.65403 0.65132 0.64993 0.65366 0.65523 0.65158 0.65126 0.65601 0.65624 0.65216 0.65336 0.65751 0.65686 0.65440 0.65646 0.65841 0.65669 0.65698 0.66039 0.66021 0.65720 0.65876 0.66288 0.66310 0.65947 0.66018 0.66520 0.66559 0.66206 0.66274 0.66767 0.66783 0.66485 0.66579 0.67046 0.67035 0.66759 0.66895 0.67319 0.67337 0.67136 0.67182 0.67455 0.67699 0.67560 0.67473 0.67751 0.68058 0.67902 0.67830 0.68120 0.68422 0.68236 0.68201 0.68521 0.68641 0.68564 0.68695 0.68966 0.68895 0.68883 0.69215 0.69434 0.69195 0.69244 0.69702 0.69796 0.69566 0.69729 0.70139 0.70129 0.69995 0.70226 0.70554 0.70508 0.70448 0.70733 0.70968 0.70857 0.70914 0.71266 0.71380 0.71226 0.71423 0.71776 0.71756 0.71668 0.71987 0.72261 0.72118 0.72149 0.72547 0.72741 0.72526 0.72646 0.73074 0.73179 0.72985 0.73209 0.73574 0.73545 0.73493 0.73796 0.74052 0.73951 0.74041 0.74348 0.74441 0.74444 0.74655 0.74829 0.74829 0.75056 0.75218 0.75158 0.75376 0.75656 0.71891 0.64269 0.56879 0.49445 0.41871 0.34286 0.26689 0.19114 0.11507 0.03835 0.00000 0.00000 0.00000 0.00000 0.00000 0.00000 0.00000 0.00000 0.00000 0.00000 0.00000 0.00000 0.00000 0.00000 0.00000 0.00000 0.00000 0.00000 0.00000 0.00000 0.00000 0.00000 0.00000 0.00000 0.00000
0.00000 0.00000 0.00000 0.00000 0.00000 0.00000 0.00000 0.00000 0.00000 0.00000 0.00000 0.00000 0.00000 0.00000 0.00000 0.03783 0.11348 0.18923 0.26489 0.33953 0.41517 0.49056 0.56588 0.64010 0.71523 0.75143 0.75121 0.75096 0.74997 0.74704 0.74709 0.74744 0.74665 0.74446 0.74264 0.74207 0.74341 0.74211 0.73834 0.73789 0.73981 0.73834 0.73441 0.73384 0.73428 0.73497 0.73323 0.72978 0.72946 0.73124 0.73000 0.72776 0.72617 0.72578 0.72537 0.72482 0.72440 0.72204 0.72006 0.72148 0.72178 0.71753 0.71613 0.71947 0.71728 0.71312 0.71339 0.71605 0.71368 0.70966 0.70946 0.71253 0.71072 0.70647 0.70571 0.70825 0.70742 0.70327 0.70220 0.70392 0.70389 0.70085 0.69911 0.69957 0.69956 0.69885 0.69695 0.69550 0.69440 0.69541 0.69567 0.69228 0.69007 0.69192 0.69253 0.68878 0.68687 0.68989 0.68971 0.68410 0.68338 0.68713 0.68669 0.68087 0.68045 0.68303 0.68228 0.68115 0.67845 0.67764 0.67918 0.67991 0.67542 0.67336 0.67713 0.67709 0.67155 0.67072 0.67515 0.67452 0.66862 0.66820 0.67258 0.67198 0.66599 0.66606 0.67009 0.66663 0.66356 0.66726 0.66779 0.66283 0.66149 0.66557 0.66518 0.65969 0.65978 0.66366 0.66249 0.65779 0.65839 0.66036 0.65907 0.65802 0.65894 0.65722 0.65548 0.65722 0.65857 0.65601 0.65354 0.65358 0.65648 0.65701 0.65315 0.65136 0.65396 0.65582 0.65299 0.64996 0.65224 0.65475 0.65192 0.64887 0.65175 0.65382 0.65030 0.64811 0.65182 0.65312 0.64883 0.64758 0.65178 0.65265 0.64827 0.64735 0.65090 0.65220 0.64945 0.64740 0.64882 0.65191 0.65146 0.64747 0.64783 0.65226 0.65162 0.64747 0.64969 0.65274 0.64932 0.64820 0.65269 0.65285 0.64872 0.64966 0.65379 0.65280 0.64968 0.65148 0.65455 0.65323 0.65127 0.65280 0.65487 0.65493 0.65402 0.65335 0.65448 0.65739 0.65727 0.65420 0.65493 0.65948 0.65973 0.65632 0.65664 0.66025 0.66165 0.65966 0.65938 0.66150 0.66261 0.66254 0.66321 0.66351 0.66350 0.66542 0.66658 0.66587 0.66568 0.66821 0.66962 0.66911 0.66840 0.66993 0.67253 0.67359 0.67183 0.67135 0.67493 0.67715 0.67622 0.67461 0.67700 0.68050 0.68086 0.67809 0.68014 0.68404 0.68292 0.68171 0.68567 0.68771 0.68478 0.68558 0.69023 0.69137 0.68835 0.69005 0.69434 0.69448 0.69256 0.69527 0.69804 0.69709 0.69724 0.70040 0.70199 0.70059 0.70158 0.70511 0.70642 0.70465 0.70572 0.70990 0.71107 0.70867 0.70994 0.71456 0.71578 0.71322 0.71454 0.71901 0.71986 0.71819 0.71997 0.72359 0.72353 0.72309 0.72578 0.72867 0.72733 0.72766 0.73153 0.73308 0.73151 0.73317 0.73696 0.73696 0.73632 0.73893 0.74194 0.74128 0.74180 0.74428 0.74544 0.74651 0.74799 0.74876 0.74976 0.75260 0.75349 0.75242 0.75556 0.71997 0.64366 0.56829 0.49400 0.41905 0.34327 0.26718 0.19090 0.11491 0.03841 0.00000 0.00000 0.00000 0.00000 0.00000 0.00000 0.00000 0.00000 0.00000 0.00000 0.00000 0.00000 0.00000 0.00000 0.00000 0.00000 0.00000 0.00000 0.00000 0.00000 0.00000 0.00000 0.00000 0.00000 0.00000
0.00000 0.00000 0.00000 0.00000 0.00000 0.00000 0.00000 0.00000 0.00000 0.00000 0.00000 0.00000 0.00000 0.00000 0.00000 0.03778 0.11370 0.18952 0.26414 0.33919 0.41650 0.49182 0.56446 0.63900 0.71692 0.75372 0.75054 0.74911 0.75033 0.75022 0.74732 0.74606 0.74559 0.74552 0.74399 0.74304 0.74194 0.74054 0.74049 0.74048 0.73811 0.73552 0.73663 0.73716 0.73442 0.73197 0.73249 0.73242 0.73206 0.72968 0.72659 0.72786 0.72934 0.72657 0.72311 0.72402 0.72527 0.72293 0.71986 0.72152 0.72107 0.71917 0.71833 0.71626 0.71652 0.71746 0.71515 0.71186 0.71269 0.71343 0.71123 0.70884 0.70927 0.70940 0.70715 0.70568 0.70640 0.70580 0.70295 0.70230 0.70431 0.70217 0.69904 0.69944 0.70159 0.69817 0.69544 0.69646 0.69733 0.69413 0.69252 0.69394 0.69363 0.69029 0.68899 0.69079 0.69087 0.68757 0.68547 0.68701 0.68682 0.68660 0.68438 0.68194 0.68188 0.68454 0.68321 0.67825 0.67773 0.68121 0.67961 0.67567 0.67581 0.67773 0.67598 0.67372 0.67412 0.67376 0.67276 0.67239 0.67173 0.67056 0.67031 0.66985 0.66805 0.66827 0.67000 0.66709 0.66366 0.66560 0.66754 0.66534 0.66228 0.66241 0.66438 0.66406 0.66202 0.65996 0.65978 0.66215 0.66209 0.65799 0.65623 0.66035 0.66075 0.65596 0.65471 0.65884 0.65866 0.65425 0.65425 0.65737 0.65517 0.65219 0.65540 0.65676 0.65289 0.65087 0.65379 0.65568 0.65227 0.64972 0.65202 0.65450 0.65198 0.64883 0.65066 0.65337 0.65145 0.64846 0.65008 0.65243 0.65062 0.64818 0.65019 0.65219 0.64964 0.64747 0.65067 0.65250 0.64890 0.64757 0.65108 0.65198 0.64890 0.64817 0.65092 0.65252 0.65000 0.64808 0.65029 0.65250 0.65174 0.64992 0.64977 0.65228 0.65355 0.65106 0.64988 0.65339 0.65500 0.65161 0.65084 0.65529 0.65616 0.65200 0.65258 0.65729 0.65671 0.65341 0.65566 0.65841 0.65654 0.65583 0.65925 0.65978 0.65679 0.65787 0.66208 0.66233 0.65862 0.65927 0.66431 0.66474 0.66110 0.66187 0.66655 0.66669 0.66394 0.66482 0.66899 0.66918 0.66680 0.66776 0.67217 0.67209 0.66966 0.67057 0.67372 0.67559 0.67396 0.67330 0.67638 0.67905 0.67723 0.67703 0.67996 0.68179 0.68053 0.68172 0.68370 0.68374 0.68393 0.68553 0.68782 0.68740 0.68727 0.68986 0.69236 0.69069 0.69070 0.69488 0.69658 0.69387 0.69480 0.69949 0.70004 0.69784 0.69957 0.70377 0.70372 0.70217 0.70444 0.70808 0.70752 0.70658 0.70969 0.71239 0.71099 0.71132 0.71515 0.71635 0.71485 0.71683 0.72033 0.71976 0.71935 0.72268 0.72521 0.72347 0.72425 0.72823 0.72980 0.72776 0.72967 0.73345 0.73317 0.73253 0.73569 0.73840 0.73719 0.73783 0.74114 0.74275 0.74209 0.74395 0.74610 0.74592 0.74791 0.75016 0.74978 0.75043 0.75422 0.75561 0.75370 0.71736 0.64493 0.57027 0.49369 0.41807 0.34320 0.26776 0.19129 0.11467 0.03832 0.00000 0.00000 0.00000 0.00000 0.00000 0.00000 0.00000 0.00000 0.00000 0.00000 0.00000 0.00000 0.00000 0.00000 0.00000 0.00000 0.00000 0.00000 0.00000 0.00000 0.00000 0.00000 0.00000 0.00000 0.00000
0.00000 0.00000 0.00000 0.00000 0.00000 0.00000 0.00000 0.00000 0.00000 0.00000 0.00000 0.00000 0.00000 0.00000 0.00000 0.03790 0.11369 0.18893 0.26468 0.34043 0.41572 0.48994 0.56582 0.64088 0.71585 0.75203 0.75167 0.75029 0.74983 0.74905 0.74833 0.74654 0.74563 0.74439 0.74491 0.74423 0.74140 0.74011 0.74142 0.74059 0.73767 0.73637 0.73678 0.73691 0.73497 0.73230 0.73193 0.73328 0.73227 0.72822 0.72796 0.72884 0.72823 0.72629 0.72517 0.72466 0.72324 0.72284 0.72368 0.72089 0.71769 0.72152 0.71964 0.71470 0.71659 0.71829 0.71501 0.71108 0.71240 0.71453 0.71243 0.70800 0.70813 0.71103 0.70993 0.70462 0.70400 0.70689 0.70662 0.70163 0.70066 0.70243 0.70238 0.70023 0.69835 0.69770 0.69743 0.69809 0.69683 0.69387 0.69264 0.69406 0.69444 0.69104 0.68910 0.69087 0.69115 0.68700 0.68574 0.68885 0.68791 0.68265 0.68237 0.68518 0.68391 0.68167 0.68046 0.68037 0.68053 0.68144 0.67774 0.67530 0.67830 0.67905 0.67387 0.67240 0.67657 0.67633 0.67055 0.66992 0.67420 0.67372 0.66787 0.66714 0.67176 0.67028 0.66524 0.66676 0.66935 0.66549 0.66282 0.66644 0.66699 0.66173 0.66085 0.66523 0.66429 0.65884 0.65919 0.66268 0.66161 0.65851 0.65819 0.65893 0.65813 0.65884 0.65880 0.65584 0.65521 0.65782 0.65757 0.65561 0.65418 0.65354 0.65513 0.65655 0.65413 0.65132 0.65313 0.65565 0.65290 0.64984 0.65274 0.65469 0.65109 0.64905 0.65262 0.65375 0.64963 0.64846 0.65239 0.65319 0.64884 0.64796 0.65189 0.65293 0.64895 0.64764 0.65071 0.65267 0.65041 0.64769 0.64910 0.65253 0.65156 0.64788 0.64947 0.65288 0.65053 0.64810 0.65204 0.65337 0.64919 0.64897 0.65360 0.65344 0.64966 0.65081 0.65447 0.65325 0.65092 0.65278 0.65502 0.65411 0.65298 0.65365 0.65501 0.65661 0.65604 0.65388 0.65498 0.65893 0.65883 0.65563 0.65614 0.66001 0.66094 0.65862 0.65845 0.66089 0.66218 0.66168 0.66208 0.66247 0.66266 0.66471 0.66570 0.66436 0.66452 0.66782 0.66857 0.66686 0.66724 0.67048 0.67137 0.67094 0.67046 0.67063 0.67382 0.67570 0.67466 0.67333 0.67559 0.67912 0.67946 0.67662 0.67804 0.68249 0.68283 0.68013 0.68363 0.68606 0.68283 0.68388 0.68855 0.68974 0.68667 0.68801 0.69262 0.69330 0.69064 0.69268 0.69645 0.69633 0.69528 0.69769 0.69979 0.69933 0.70019 0.70254 0.70370 0.70311 0.70456 0.70736 0.70831 0.70710 0.70849 0.71233 0.71341 0.71117 0.71242 0.71710 0.71816 0.71581 0.71721 0.72169 0.72204 0.72080 0.72289 0.72639 0.72577 0.72555 0.72875 0.73098 0.72969 0.73083 0.73443 0.73461 0.73412 0.73668 0.73982 0.73896 0.73925 0.74198 0.74383 0.74415 0.74555 0.74659 0.74704 0.75010 0.75164 0.75035 0.75195 0.75572 0.75691 0.71752 0.64345 0.56985 0.49464 0.41870 0.34270 0.26738 0.19154 0.11496 0.03827 0.00000 0.00000 0.00000 0.00000 0.00000 0.00000 0.00000 0.00000 0.00000 0.00000 0.00000 0.00000 0.00000 0.00000 0.00000 0.00000 0.00000 0.00000 0.00000 0.00000 0.00000 0.00000 0.00000 0.00000 0.00000
0.00000 0.00000 0.00000 0.00000 0.00000 0.00000 0.00000 0.00000 0.00000 0.00000 0.00000 0.00000 0.00000 0.00000 0.00000 0.03798 0.11356 0.18881 0.26519 0.34101 0.41474 0.48965 0.56747 0.64230 0.71437 0.75109 0.75322 0.75227 0.74888 0.74782 0.74913 0.74866 0.74540 0.74468 0.74487 0.74374 0.74252 0.74196 0.74044 0.73865 0.73916 0.73896 0.73664 0.73445 0.73473 0.73466 0.73375 0.73147 0.72993 0.73059 0.73124 0.72830 0.72539 0.72664 0.72788 0.72456 0.72195 0.72413 0.72426 0.71944 0.71853 0.72070 0.71806 0.71818 0.71841 0.71405 0.71385 0.71575 0.71444 0.71116 0.71059 0.71125 0.71023 0.70862 0.70762 0.70740 0.70581 0.70503 0.70542 0.70409 0.70137 0.70157 0.70329 0.70043 0.69704 0.69866 0.70014 0.69632 0.69399 0.69589 0.69554 0.69242 0.69128 0.69295 0.69257 0.68926 0.68718 0.68933 0.69007 0.68738 0.68430 0.68456 0.68538 0.68628 0.68330 0.67970 0.68099 0.68325 0.68098 0.67705 0.67789 0.67997 0.67813 0.67498 0.67564 0.67601 0.67520 0.67415 0.67305 0.67210 0.67255 0.67226 0.66990 0.66958 0.67106 0.66910 0.66569 0.66752 0.66957 0.66643 0.66321 0.66475 0.66670 0.66501 0.66231 0.66162 0.66268 0.66379 0.66261 0.65916 0.65825 0.66204 0.66207 0.65683 0.65594 0.66080 0.65997 0.65510 0.65546 0.65885 0.65649 0.65323 0.65752 0.65780 0.65267 0.65199 0.65595 0.65682 0.65235 0.65085 0.65370 0.65550 0.65273 0.64981 0.65126 0.65420 0.65287 0.64923 0.64994 0.65323 0.65238 0.64880 0.64957 0.65271 0.65158 0.64830 0.64988 0.65271 0.65055 0.64780 0.65064 0.65295 0.64969 0.64798 0.65130 0.65299 0.64969 0.64822 0.65135 0.65309 0.65081 0.64933 0.65084 0.65290 0.65276 0.65067 0.65027 0.65345 0.65470 0.65161 0.65066 0.65477 0.65605 0.65212 0.65195 0.65676 0.65705 0.65293 0.65449 0.65831 0.65635 0.65490 0.65855 0.65946 0.65637 0.65715 0.66136 0.66148 0.65792 0.65871 0.66350 0.66408 0.66029 0.66084 0.66553 0.66584 0.66315 0.66392 0.66749 0.66808 0.66637 0.66669 0.66992 0.67089 0.66952 0.66946 0.67213 0.67421 0.67349 0.67205 0.67436 0.67773 0.67622 0.67551 0.67871 0.68005 0.67865 0.68076 0.68249 0.68131 0.68209 0.68551 0.68623 0.68485 0.68567 0.68834 0.69040 0.68921 0.68921 0.69273 0.69481 0.69240 0.69285 0.69761 0.69883 0.69594 0.69706 0.70179 0.70232 0.70033 0.70190 0.70597 0.70606 0.70469 0.70696 0.71045 0.70981 0.70899 0.71234 0.71486 0.71347 0.71396 0.71781 0.71852 0.71752 0.71977 0.72306 0.72196 0.72213 0.72553 0.72787 0.72596 0.72731 0.73101 0.73074 0.73038 0.73360 0.73619 0.73462 0.73533 0.73904 0.74097 0.73966 0.74112 0.74389 0.74440 0.74538 0.74774 0.74791 0.74776 0.75179 0.75339 0.75145 0.75291 0.75675 0.72090 0.64353 0.56820 0.49439 0.41969 0.34340 0.26687 0.19114 0.11520 0.03841 0.00000 0.00000 0.00000 0.00000 0.00000 0.00000 0.00000 0.00000 0.00000 0.00000 0.00000 0.00000 0.00000 0.00000 0.00000 0.00000 0.00000 0.00000 0.00000 0.00000 0.00000 0.00000 0.00000 0.00000 0.00000
0.00000 0.00000 0.00000 0.00000 0.00000 0.00000 0.00000 0.00000 0.00000 0.00000 0.00000 0.00000 0.00000 0.00000 0.00000 0.03787 0.11361 0.18948 0.26490 0.33954 0.41599 0.49145 0.56604 0.64011 0.71604 0.75304 0.75220 0.75060 0.75032 0.74948 0.74826 0.74667 0.74677 0.74640 0.74474 0.74204 0.74277 0.74306 0.74130 0.73878 0.73842 0.73894 0.73763 0.73517 0.73426 0.73517 0.73437 0.73104 0.73016 0.73133 0.73086 0.72800 0.72659 0.72703 0.72644 0.72474 0.72370 0.72368 0.72136 0.72073 0.72070 0.71892 0.71844 0.71953 0.71530 0.71364 0.71599 0.71629 0.71329 0.71020 0.71109 0.71284 0.71182 0.70645 0.70644 0.70929 0.70912 0.70298 0.70235 0.70510 0.70522 0.70131 0.69965 0.70030 0.70046 0.70028 0.69809 0.69529 0.69546 0.69709 0.69628 0.69266 0.69133 0.69237 0.69314 0.69027 0.68802 0.68947 0.68938 0.68596 0.68500 0.68675 0.68537 0.68309 0.68299 0.68312 0.68184 0.68226 0.68036 0.67818 0.67948 0.68088 0.67652 0.67435 0.67767 0.67824 0.67267 0.67169 0.67575 0.67543 0.66997 0.66919 0.67335 0.67249 0.66717 0.66716 0.67099 0.66856 0.66453 0.66683 0.66866 0.66430 0.66215 0.66625 0.66622 0.66065 0.66062 0.66479 0.66328 0.65892 0.65927 0.66154 0.66050 0.65919 0.65867 0.65757 0.65741 0.65944 0.65822 0.65424 0.65562 0.65771 0.65608 0.65540 0.65561 0.65383 0.65354 0.65587 0.65454 0.65142 0.65356 0.65568 0.65208 0.65011 0.65367 0.65440 0.65039 0.64977 0.65320 0.65339 0.64961 0.64925 0.65258 0.65305 0.64932 0.64858 0.65196 0.65308 0.64956 0.64808 0.65117 0.65315 0.65032 0.64811 0.65087 0.65316 0.65034 0.64842 0.65199 0.65357 0.64973 0.64884 0.65339 0.65402 0.64987 0.65008 0.65446 0.65379 0.65070 0.65238 0.65525 0.65370 0.65225 0.65412 0.65551 0.65529 0.65485 0.65442 0.65532 0.65831 0.65789 0.65532 0.65586 0.65926 0.66029 0.65814 0.65761 0.66011 0.66199 0.66109 0.66061 0.66148 0.66256 0.66408 0.66457 0.66311 0.66362 0.66720 0.66764 0.66515 0.66614 0.67019 0.67030 0.66795 0.66920 0.67287 0.67287 0.67251 0.67304 0.67303 0.67464 0.67735 0.67789 0.67545 0.67647 0.68077 0.68170 0.67884 0.68081 0.68433 0.68259 0.68236 0.68680 0.68806 0.68497 0.68622 0.69093 0.69184 0.68893 0.69044 0.69490 0.69551 0.69325 0.69495 0.69811 0.69869 0.69848 0.69984 0.70127 0.70164 0.70335 0.70497 0.70552 0.70543 0.70737 0.70995 0.71069 0.70950 0.71083 0.71493 0.71603 0.71379 0.71486 0.71979 0.72047 0.71850 0.72008 0.72435 0.72432 0.72371 0.72587 0.72899 0.72815 0.72869 0.73173 0.73195 0.73220 0.73466 0.73738 0.73640 0.73685 0.73993 0.74236 0.74167 0.74264 0.74449 0.74539 0.74762 0.74936 0.74835 0.74918 0.75355 0.75475 0.75284 0.75438 0.71993 0.64558 0.56925 0.49358 0.41897 0.34389 0.26762 0.19095 0.11490 0.03844 0.00000 0.00000 0.00000 0.00000 0.00000 0.00000 0.00000 0.00000 0.00000 0.00000 0.00000 0.00000 0.00000 0.00000 0.00000 0.00000 0.00000 0.00000 0.00000 0.00000 0.00000 0.00000 0.00000 0.00000 0.00000
0.00000 0.00000 0.00000 0.00000 0.00000 0.00000 0.00000 0.00000 0.00000 0.00000 0.00000 0.00000 0.00000 0.00000 0.00000 0.03784 0.11358 0.18965 0.26479 0.33976 0.41661 0.49181 0.56516 0.64002 0.71774 0.75429 0.75074 0.74997 0.75189 0.75098 0.74737 0.74635 0.74762 0.74722 0.74425 0.74309 0.74289 0.74231 0.74186 0.74042 0.73852 0.73771 0.73807 0.73660 0.73561 0.73412 0.73259 0.73284 0.73302 0.73033 0.72809 0.72917 0.72976 0.72665 0.72442 0.72558 0.72693 0.72193 0.72005 0.72285 0.72229 0.71719 0.71959 0.71857 0.71559 0.71677 0.71721 0.71383 0.71200 0.71293 0.71315 0.71147 0.70886 0.70878 0.70898 0.70862 0.70617 0.70544 0.70468 0.70406 0.70405 0.70282 0.70010 0.70040 0.70141 0.69913 0.69585 0.69770 0.69752 0.69495 0.69373 0.69490 0.69367 0.69133 0.69018 0.69166 0.69178 0.68861 0.68555 0.68768 0.68834 0.68699 0.68385 0.68257 0.68425 0.68517 0.68208 0.67883 0.68055 0.68209 0.68004 0.67639 0.67736 0.67843 0.67789 0.67540 0.67430 0.67412 0.67510 0.67451 0.67144 0.67085 0.67273 0.67162 0.66808 0.66896 0.67111 0.66820 0.66475 0.66696 0.66890 0.66578 0.66296 0.66402 0.66549 0.66503 0.66274 0.66059 0.66101 0.66386 0.66294 0.65820 0.65745 0.66223 0.66174 0.65616 0.65606 0.66057 0.65884 0.65438 0.65709 0.65897 0.65400 0.65320 0.65787 0.65766 0.65226 0.65240 0.65617 0.65656 0.65220 0.65097 0.65275 0.65501 0.65414 0.65030 0.65022 0.65397 0.65393 0.64960 0.64941 0.65347 0.65336 0.64899 0.64923 0.65316 0.65256 0.64860 0.64970 0.65304 0.65144 0.64847 0.65078 0.65310 0.65050 0.64870 0.65166 0.65310 0.65060 0.64942 0.65177 0.65328 0.65197 0.65045 0.65113 0.65365 0.65419 0.65167 0.65078 0.65429 0.65588 0.65253 0.65167 0.65605 0.65715 0.65291 0.65330 0.65806 0.65762 0.65423 0.65778 0.65929 0.65584 0.65646 0.66078 0.66077 0.65735 0.65837 0.66272 0.66329 0.65963 0.65995 0.66458 0.66545 0.66246 0.66287 0.66623 0.66712 0.66584 0.66579 0.66799 0.66977 0.66942 0.66846 0.67001 0.67289 0.67360 0.67108 0.67163 0.67649 0.67674 0.67405 0.67624 0.67887 0.67699 0.67903 0.68155 0.68006 0.68003 0.68444 0.68507 0.68246 0.68383 0.68748 0.68874 0.68728 0.68768 0.69088 0.69280 0.69106 0.69146 0.69570 0.69706 0.69420 0.69520 0.69996 0.70116 0.69854 0.69942 0.70378 0.70439 0.70313 0.70468 0.70821 0.70818 0.70721 0.70981 0.71298 0.71209 0.71154 0.71515 0.71710 0.71606 0.71694 0.72068 0.72063 0.72026 0.72273 0.72564 0.72441 0.72545 0.72838 0.72861 0.72854 0.73170 0.73384 0.73178 0.73306 0.73714 0.73893 0.73705 0.73833 0.74191 0.74327 0.74280 0.74478 0.74599 0.74615 0.74921 0.75099 0.74945 0.75054 0.75479 0.75612 0.75459 0.71792 0.64482 0.57084 0.49458 0.41827 0.34317 0.26808 0.19162 0.11476 0.03832 0.00000 0.00000 0.00000 0.00000 0.00000 0.00000 0.00000 0.00000 0.00000 0.00000 0.00000 0.00000 0.00000 0.00000 0.00000 0.00000 0.00000 0.00000 0.00000 0.00000 0.00000 0.00000 0.00000 0.00000 0.00000
0.00000 0.00000 0.00000 0.00000 0.00000 0.00000 0.00000 0.00000 0.00000 0.00000 0.00000 0.00000 0.00000 0.00000 0.00000 0.03793 0.11370 0.18898 0.26528 0.34116 0.41559 0.49002 0.56710 0.64199 0.71594 0.75205 0.75270 0.75218 0.75058 0.74886 0.74897 0.74857 0.74722 0.74448 0.74460 0.74531 0.74472 0.74116 0.73945 0.74110 0.74082 0.73846 0.73599 0.73677 0.73698 0.73438 0.73248 0.73311 0.73339 0.73044 0.72871 0.72928 0.72907 0.72724 0.72530 0.72526 0.72487 0.72312 0.72229 0.72225 0.72068 0.72004 0.71813 0.71757 0.71848 0.71725 0.71446 0.71304 0.71421 0.71459 0.71228 0.70926 0.70946 0.71118 0.71072 0.70516 0.70411 0.70741 0.70755 0.70279 0.70088 0.70300 0.70325 0.70139 0.69918 0.69770 0.69834 0.69974 0.69818 0.69344 0.69367 0.69507 0.69539 0.69283 0.69002 0.69018 0.69167 0.69025 0.68718 0.68773 0.68745 0.68594 0.68548 0.68505 0.68311 0.68340 0.68351 0.68127 0.68071 0.68181 0.67929 0.67694 0.67887 0.67987 0.67517 0.67352 0.67715 0.67702 0.67221 0.67116 0.67479 0.67429 0.66943 0.66882 0.67258 0.67117 0.66643 0.66732 0.67028 0.66722 0.66393 0.66685 0.66809 0.66306 0.66174 0.66623 0.66512 0.66008 0.66126 0.66410 0.66195 0.65924 0.65987 0.66041 0.65948 0.65960 0.65885 0.65640 0.65735 0.65965 0.65702 0.65408 0.65701 0.65754 0.65399 0.65482 0.65654 0.65446 0.65316 0.65509 0.65375 0.65196 0.65501 0.65491 0.65107 0.65142 0.65438 0.65347 0.65029 0.65092 0.65342 0.65286 0.65009 0.65021 0.65266 0.65284 0.64986 0.64930 0.65243 0.65329 0.64956 0.64861 0.65260 0.65364 0.64940 0.64867 0.65305 0.65385 0.64957 0.64908 0.65361 0.65433 0.65009 0.64976 0.65451 0.65449 0.65056 0.65174 0.65564 0.65392 0.65159 0.65417 0.65620 0.65425 0.65364 0.65575 0.65603 0.65608 0.65681 0.65630 0.65590 0.65790 0.65961 0.65829 0.65703 0.65901 0.66169 0.66086 0.65930 0.66049 0.66297 0.66355 0.66291 0.66210 0.66335 0.66652 0.66671 0.66398 0.66508 0.66940 0.66942 0.66654 0.66801 0.67214 0.67202 0.66978 0.67142 0.67420 0.67421 0.67388 0.67614 0.67667 0.67531 0.67764 0.68037 0.67851 0.67889 0.68198 0.68226 0.68141 0.68464 0.68617 0.68374 0.68474 0.68931 0.69018 0.68728 0.68857 0.69328 0.69417 0.69137 0.69265 0.69677 0.69802 0.69642 0.69706 0.69939 0.70112 0.70180 0.70258 0.70306 0.70348 0.70620 0.70787 0.70803 0.70764 0.70949 0.71273 0.71365 0.71201 0.71293 0.71767 0.71863 0.71647 0.71757 0.72258 0.72281 0.72139 0.72308 0.72601 0.72672 0.72805 0.72892 0.72842 0.73057 0.73323 0.73477 0.73355 0.73475 0.73818 0.74031 0.73898 0.73974 0.74265 0.74459 0.74501 0.74632 0.74649 0.74725 0.75119 0.75215 0.75058 0.75209 0.75603 0.75732 0.71865 0.64368 0.56981 0.49545 0.41942 0.34291 0.26738 0.19174 0.11515 0.03831 0.00000 0.00000 0.00000 0.00000 0.00000 0.00000 0.00000 0.00000 0.00000 0.00000 0.00000 0.00000 0.00000 0.00000 0.00000 0.00000 0.00000 0.00000 0.00000 0.00000 0.00000 0.00000 0.00000 0.00000 0.00000
0.00000 0.00000 0.00000 0.00000 0.00000 0.00000 0.00000 0.00000 0.00000 0.00000 0.00000 0.00000 0.00000 0.00000 0.00000 0.03795 0.11405 0.18924 0.26471 0.34079 0.41559 0.49070 0.56781 0.64214 0.71499 0.75239 0.75426 0.75284 0.74949 0.74870 0.75020 0.74953 0.74630 0.74459 0.74539 0.74595 0.74426 0.74098 0.74024 0.74119 0.74170 0.73810 0.73648 0.73731 0.73606 0.73463 0.73475 0.73297 0.73079 0.73164 0.73176 0.72877 0.72698 0.72800 0.72829 0.72485 0.72271 0.72445 0.72475 0.72062 0.71923 0.72106 0.71852 0.71766 0.71898 0.71699 0.71423 0.71466 0.71605 0.71398 0.71067 0.71037 0.71181 0.71163 0.70738 0.70576 0.70785 0.70771 0.70490 0.70440 0.70371 0.70227 0.70234 0.70233 0.69949 0.69910 0.69890 0.69815 0.69647 0.69657 0.69468 0.69396 0.69442 0.69372 0.69204 0.69043 0.68929 0.69040 0.69033 0.68778 0.68543 0.68638 0.68690 0.68597 0.68344 0.68193 0.68326 0.68387 0.68145 0.67843 0.67959 0.68069 0.68026 0.67658 0.67550 0.67662 0.67794 0.67630 0.67255 0.67246 0.67507 0.67418 0.66996 0.67005 0.67267 0.67073 0.66683 0.66858 0.67074 0.66711 0.66416 0.66672 0.66804 0.66513 0.66307 0.66295 0.66405 0.66553 0.66328 0.65969 0.65982 0.66388 0.66299 0.65762 0.65702 0.66210 0.66135 0.65579 0.65643 0.66030 0.65781 0.65439 0.65765 0.65851 0.65398 0.65410 0.65752 0.65661 0.65230 0.65269 0.65567 0.65545 0.65448 0.65188 0.65089 0.65440 0.65524 0.65084 0.64985 0.65417 0.65466 0.64979 0.64938 0.65396 0.65404 0.64926 0.64927 0.65353 0.65326 0.64935 0.64994 0.65296 0.65213 0.64996 0.65124 0.65265 0.65130 0.65041 0.65214 0.65307 0.65170 0.65079 0.65206 0.65365 0.65357 0.65188 0.65127 0.65376 0.65570 0.65331 0.65159 0.65489 0.65692 0.65356 0.65299 0.65744 0.65784 0.65392 0.65587 0.65919 0.65576 0.65578 0.66006 0.66036 0.65700 0.65798 0.66191 0.66230 0.65920 0.65966 0.66372 0.66499 0.66187 0.66164 0.66526 0.66664 0.66521 0.66505 0.66672 0.66860 0.66874 0.66769 0.66866 0.67158 0.67228 0.67037 0.67075 0.67498 0.67578 0.67299 0.67388 0.67781 0.67785 0.67756 0.67966 0.67884 0.67838 0.68282 0.68400 0.68101 0.68187 0.68657 0.68753 0.68522 0.68589 0.68948 0.69110 0.68956 0.69003 0.69373 0.69495 0.69275 0.69407 0.69830 0.69914 0.69664 0.69786 0.70189 0.70317 0.70151 0.70272 0.70598 0.70606 0.70571 0.70782 0.71089 0.71024 0.70954 0.71281 0.71536 0.71451 0.71447 0.71811 0.71917 0.71869 0.72007 0.72357 0.72297 0.72317 0.72572 0.72665 0.72692 0.72975 0.73135 0.72938 0.73110 0.73521 0.73672 0.73448 0.73584 0.74011 0.74161 0.74008 0.74152 0.74425 0.74563 0.74645 0.74818 0.74768 0.74840 0.75268 0.75315 0.75211 0.75380 0.75689 0.72071 0.64464 0.56896 0.49441 0.42007 0.34399 0.26718 0.19118 0.11531 0.03846 0.00000 0.00000 0.00000 0.00000 0.00000 0.00000 0.00000 0.00000 0.00000 0.00000 0.00000 0.00000 0.00000 0.00000 0.00000 0.00000 0.00000 0.00000 0.00000 0.00000 0.00000 0.00000 0.00000 0.00000 0.00000
0.00000 0.00000 0.00000 0.00000 0.00000 0.00000 0.00000 0.00000 0.00000 0.00000 0.00000 0.00000 0.00000 0.00000 0.00000 0.03793 0.11384 0.19001 0.26475 0.33977 0.41707 0.49214 0.56609 0.64035 0.71757 0.75452 0.75235 0.75078 0.75150 0.75111 0.74924 0.74716 0.74707 0.74729 0.74719 0.74417 0.74140 0.74317 0.74355 0.74163 0.73757 0.73804 0.73961 0.73856 0.73447 0.73412 0.73613 0.73364 0.73083 0.73108 0.73159 0.72997 0.72744 0.72720 0.72756 0.72645 0.72435 0.72353 0.72349 0.72197 0.72085 0.72020 0.72012 0.71907 0.71692 0.71638 0.71674 0.71583 0.71357 0.71208 0.71291 0.71300 0.71096 0.70800 0.70803 0.70955 0.70860 0.70486 0.70357 0.70557 0.70546 0.70269 0.70112 0.70090 0.70102 0.70082 0.69997 0.69576 0.69610 0.69780 0.69784 0.69390 0.69197 0.69240 0.69432 0.69399 0.68885 0.68828 0.69022 0.68976 0.68696 0.68635 0.68537 0.68554 0.68670 0.68373 0.68155 0.68266 0.68229 0.68017 0.68039 0.68049 0.67769 0.67626 0.67852 0.67801 0.67443 0.67344 0.67627 0.67569 0.67190 0.67091 0.67394 0.67321 0.66869 0.66852 0.67178 0.67002 0.66598 0.66736 0.66954 0.66593 0.66363 0.66706 0.66745 0.66204 0.66322 0.66604 0.66288 0.65991 0.66226 0.66329 0.66082 0.65942 0.66020 0.65958 0.65905 0.65971 0.65825 0.65578 0.65817 0.65972 0.65523 0.65409 0.65813 0.65795 0.65281 0.65359 0.65684 0.65614 0.65565 0.65257 0.65186 0.65452 0.65586 0.65303 0.65076 0.65283 0.65472 0.65282 0.65075 0.65185 0.65343 0.65267 0.65075 0.65093 0.65300 0.65299 0.65009 0.64990 0.65345 0.65375 0.64938 0.64920 0.65400 0.65427 0.64935 0.64937 0.65428 0.65462 0.65004 0.64989 0.65474 0.65505 0.65052 0.65119 0.65575 0.65456 0.65121 0.65384 0.65665 0.65405 0.65258 0.65620 0.65709 0.65439 0.65538 0.65832 0.65642 0.65526 0.65878 0.65914 0.65678 0.65773 0.66121 0.66093 0.65843 0.65951 0.66311 0.66316 0.66110 0.66129 0.66417 0.66586 0.66521 0.66312 0.66433 0.66860 0.66879 0.66555 0.66674 0.67118 0.67135 0.66851 0.66985 0.67383 0.67404 0.67168 0.67363 0.67658 0.67531 0.67468 0.67865 0.67960 0.67755 0.67867 0.68116 0.68159 0.68265 0.68361 0.68279 0.68398 0.68765 0.68826 0.68575 0.68708 0.69168 0.69252 0.68967 0.69080 0.69546 0.69661 0.69423 0.69488 0.69812 0.70063 0.69983 0.69980 0.70109 0.70156 0.70473 0.70607 0.70564 0.70541 0.70825 0.71085 0.71130 0.71002 0.71119 0.71558 0.71660 0.71462 0.71542 0.72057 0.72110 0.71901 0.72060 0.72475 0.72521 0.72551 0.72623 0.72654 0.72902 0.73163 0.73211 0.73087 0.73294 0.73656 0.73787 0.73620 0.73735 0.74106 0.74302 0.74219 0.74277 0.74486 0.74760 0.74860 0.74861 0.74856 0.75029 0.75417 0.75440 0.75379 0.75531 0.72016 0.64592 0.57014 0.49412 0.41909 0.34420 0.26803 0.19118 0.11496 0.03847 0.00000 0.00000 0.00000 0.00000 0.00000 0.00000 0.00000 0.00000 0.00000 0.00000 0.00000 0.00000 0.00000 0.00000 0.00000 0.00000 0.00000 0.00000 0.00000 0.00000 0.00000 0.00000 0.00000 0.00000 0.00000
0.00000 0.00000 0.00000 0.00000 0.00000 0.00000 0.00000 0.00000 0.00000 0.00000 0.00000 0.00000 0.00000 0.00000 0.00000 0.03795 0.11351 0.18946 0.26553 0.34066 0.41678 0.49169 0.56595 0.64146 0.71850 0.75431 0.75163 0.75144 0.75273 0.75138 0.74852 0.74719 0.74801 0.74857 0.74696 0.74250 0.74231 0.74447 0.74399 0.73954 0.73750 0.74035 0.73982 0.73610 0.73567 0.73657 0.73389 0.73333 0.73356 0.73113 0.72973 0.73081 0.73005 0.72697 0.72582 0.72706 0.72636 0.72354 0.72212 0.72295 0.72172 0.72019 0.72041 0.71939 0.71672 0.71677 0.71802 0.71622 0.71278 0.71256 0.71470 0.71341 0.70945 0.70772 0.71064 0.71020 0.70642 0.70480 0.70683 0.70489 0.70360 0.70565 0.70299 0.70036 0.70051 0.70177 0.69956 0.69769 0.69647 0.69717 0.69777 0.69532 0.69252 0.69296 0.69437 0.69262 0.69059 0.68937 0.68905 0.68954 0.68869 0.68640 0.68554 0.68638 0.68563 0.68419 0.68297 0.68179 0.68217 0.68258 0.68138 0.67843 0.67754 0.67914 0.68004 0.67750 0.67360 0.67463 0.67762 0.67640 0.67133 0.67125 0.67473 0.67361 0.66882 0.66957 0.67235 0.66968 0.66594 0.66858 0.67017 0.66549 0.66388 0.66722 0.66697 0.66486 0.66350 0.66203 0.66272 0.66544 0.66362 0.65930 0.65908 0.66373 0.66289 0.65735 0.65688 0.66182 0.66114 0.65567 0.65640 0.65989 0.65775 0.65527 0.65697 0.65682 0.65484 0.65541 0.65621 0.65397 0.65423 0.65502 0.65259 0.65398 0.65605 0.65296 0.65070 0.65442 0.65569 0.65105 0.65009 0.65474 0.65508 0.65000 0.64971 0.65444 0.65449 0.64983 0.64974 0.65368 0.65374 0.65067 0.65065 0.65265 0.65263 0.65160 0.65205 0.65264 0.65207 0.65171 0.65276 0.65343 0.65304 0.65230 0.65217 0.65349 0.65544 0.65406 0.65174 0.65368 0.65688 0.65492 0.65292 0.65608 0.65761 0.65436 0.65528 0.65896 0.65708 0.65520 0.65898 0.66022 0.65707 0.65744 0.66112 0.66162 0.65897 0.65953 0.66297 0.66386 0.66134 0.66126 0.66457 0.66662 0.66451 0.66402 0.66584 0.66725 0.66800 0.66744 0.66758 0.67003 0.67132 0.66994 0.66994 0.67307 0.67450 0.67294 0.67279 0.67624 0.67721 0.67674 0.67685 0.67711 0.67857 0.68149 0.68198 0.67965 0.68072 0.68536 0.68625 0.68342 0.68409 0.68829 0.68988 0.68790 0.68826 0.69192 0.69319 0.69148 0.69281 0.69661 0.69669 0.69480 0.69733 0.70039 0.70057 0.69959 0.70187 0.70406 0.70311 0.70417 0.70646 0.70881 0.70783 0.70783 0.71105 0.71357 0.71248 0.71229 0.71589 0.71741 0.71698 0.71775 0.72142 0.72136 0.72103 0.72326 0.72503 0.72532 0.72692 0.72890 0.72804 0.72928 0.73289 0.73442 0.73244 0.73368 0.73823 0.73957 0.73746 0.73875 0.74264 0.74431 0.74354 0.74426 0.74615 0.74933 0.75017 0.74917 0.74990 0.75248 0.75533 0.75563 0.75565 0.71906 0.64512 0.57100 0.49533 0.41888 0.34333 0.26829 0.19187 0.11493 0.03835 0.00000 0.00000 0.00000 0.00000 0.00000 0.00000 0.00000 0.00000 0.00000 0.00000 0.00000 0.00000 0.00000 0.00000 0.00000 0.00000 0.00000 0.00000 0.00000 0.00000 0.00000 0.00000 0.00000 0.00000 0.00000
0.00000 0.00000 0.00000 0.00000 0.00000 0.00000 0.00000 0.00000 0.00000 0.00000 0.00000 0.00000 0.00000 0.00000 0.00000 0.03797 0.11371 0.18952 0.26578 0.34134 0.41556 0.49091 0.56851 0.64305 0.71629 0.75244 0.75423 0.75372 0.75109 0.74952 0.74997 0.74955 0.74867 0.74709 0.74438 0.74507 0.74606 0.74449 0.73975 0.74041 0.74186 0.74149 0.73671 0.73500 0.73877 0.73706 0.73279 0.73253 0.73407 0.73297 0.72985 0.72920 0.72977 0.72960 0.72677 0.72521 0.72590 0.72562 0.72344 0.72195 0.72230 0.72157 0.71963 0.71880 0.71892 0.71786 0.71589 0.71525 0.71548 0.71459 0.71237 0.71099 0.71183 0.71165 0.70927 0.70729 0.70791 0.70800 0.70587 0.70450 0.70522 0.70387 0.70273 0.70217 0.70237 0.69930 0.69859 0.69966 0.70021 0.69556 0.69404 0.69568 0.69700 0.69514 0.69053 0.69013 0.69323 0.69309 0.68805 0.68730 0.68878 0.68851 0.68707 0.68545 0.68358 0.68442 0.68551 0.68302 0.68190 0.68116 0.67995 0.67992 0.68041 0.67853 0.67647 0.67670 0.67799 0.67642 0.67417 0.67359 0.67527 0.67474 0.67143 0.67044 0.67300 0.67235 0.66832 0.66824 0.67091 0.66893 0.66652 0.66754 0.66775 0.66470 0.66529 0.66726 0.66285 0.66140 0.66562 0.66563 0.66137 0.65986 0.66246 0.66269 0.66041 0.65938 0.65984 0.65922 0.65933 0.65957 0.65711 0.65588 0.65921 0.65959 0.65422 0.65396 0.65868 0.65832 0.65398 0.65269 0.65466 0.65704 0.65648 0.65243 0.65149 0.65493 0.65621 0.65291 0.65110 0.65334 0.65475 0.65300 0.65156 0.65226 0.65355 0.65310 0.65120 0.65134 0.65384 0.65365 0.65015 0.65033 0.65460 0.65452 0.64979 0.64987 0.65490 0.65502 0.65012 0.65022 0.65518 0.65548 0.65071 0.65089 0.65582 0.65550 0.65130 0.65348 0.65664 0.65429 0.65235 0.65613 0.65771 0.65416 0.65397 0.65841 0.65761 0.65470 0.65759 0.65978 0.65696 0.65679 0.66062 0.66095 0.65799 0.65876 0.66280 0.66285 0.65993 0.66069 0.66477 0.66524 0.66273 0.66248 0.66569 0.66790 0.66773 0.66474 0.66558 0.67031 0.67090 0.66758 0.66834 0.67284 0.67360 0.67056 0.67137 0.67572 0.67633 0.67337 0.67535 0.67891 0.67723 0.67647 0.67946 0.68173 0.68127 0.68081 0.68171 0.68403 0.68605 0.68579 0.68439 0.68633 0.69016 0.69072 0.68810 0.68923 0.69402 0.69493 0.69225 0.69316 0.69719 0.69881 0.69751 0.69773 0.69968 0.70163 0.70285 0.70415 0.70363 0.70319 0.70692 0.70914 0.70906 0.70785 0.70963 0.71373 0.71461 0.71258 0.71343 0.71848 0.71922 0.71717 0.71844 0.72328 0.72351 0.72259 0.72385 0.72537 0.72739 0.72922 0.72960 0.72888 0.73118 0.73466 0.73541 0.73380 0.73536 0.73953 0.74088 0.73933 0.74014 0.74338 0.74581 0.74580 0.74531 0.74688 0.75048 0.75197 0.75083 0.75127 0.75391 0.75660 0.75712 0.71955 0.64466 0.57023 0.49570 0.41996 0.34341 0.26759 0.19184 0.11529 0.03837 0.00000 0.00000 0.00000 0.00000 0.00000 0.00000 0.00000 0.00000 0.00000 0.00000 0.00000 0.00000 0.00000 0.00000 0.00000 0.00000 0.00000 0.00000 0.00000 0.00000 0.00000 0.00000 0.00000 0.00000 0.00000
0.00000 0.00000 0.00000 0.00000 0.00000 0.00000 0.00000 0.00000 0.00000 0.00000 0.00000 0.00000 0.00000 0.00000 0.00000 0.03795 0.11414 0.18978 0.26531 0.34075 0.41628 0.49191 0.56816 0.64227 0.71609 0.75398 0.75510 0.75315 0.75079 0.75004 0.75070 0.75034 0.74923 0.74531 0.74501 0.74712 0.74656 0.74140 0.74009 0.74293 0.74212 0.73803 0.73670 0.73977 0.73718 0.73399 0.73524 0.73437 0.73268 0.73307 0.73186 0.72923 0.72909 0.73013 0.72801 0.72546 0.72557 0.72560 0.72386 0.72260 0.72273 0.72153 0.71943 0.71928 0.71999 0.71833 0.71514 0.71515 0.71679 0.71542 0.71173 0.71079 0.71342 0.71205 0.70850 0.70712 0.70959 0.70811 0.70542 0.70668 0.70596 0.70206 0.70221 0.70513 0.70251 0.69874 0.69871 0.70058 0.69983 0.69649 0.69434 0.69600 0.69766 0.69426 0.69098 0.69186 0.69331 0.69180 0.68940 0.68808 0.68874 0.68944 0.68731 0.68453 0.68520 0.68671 0.68449 0.68272 0.68263 0.68139 0.68068 0.68116 0.68109 0.67890 0.67597 0.67720 0.67927 0.67805 0.67287 0.67302 0.67700 0.67614 0.67049 0.67051 0.67413 0.67306 0.66803 0.66905 0.67189 0.66807 0.66537 0.66924 0.66952 0.66409 0.66397 0.66676 0.66583 0.66511 0.66397 0.66182 0.66180 0.66515 0.66369 0.65912 0.65870 0.66342 0.66277 0.65715 0.65672 0.66149 0.66101 0.65605 0.65595 0.65880 0.65833 0.65644 0.65586 0.65508 0.65628 0.65757 0.65454 0.65310 0.65630 0.65607 0.65217 0.65382 0.65648 0.65322 0.65102 0.65511 0.65605 0.65111 0.65050 0.65535 0.65546 0.65042 0.65024 0.65478 0.65490 0.65089 0.65055 0.65357 0.65404 0.65221 0.65183 0.65273 0.65292 0.65273 0.65320 0.65326 0.65281 0.65288 0.65351 0.65372 0.65474 0.65418 0.65223 0.65352 0.65691 0.65575 0.65295 0.65473 0.65756 0.65571 0.65511 0.65801 0.65732 0.65512 0.65829 0.66023 0.65714 0.65683 0.66068 0.66137 0.65870 0.65911 0.66249 0.66300 0.66080 0.66132 0.66421 0.66505 0.66369 0.66387 0.66528 0.66592 0.66724 0.66806 0.66670 0.66765 0.67053 0.67026 0.66892 0.67088 0.67358 0.67302 0.67172 0.67344 0.67633 0.67690 0.67518 0.67503 0.67856 0.68052 0.67959 0.67829 0.68057 0.68411 0.68426 0.68194 0.68308 0.68714 0.68860 0.68625 0.68647 0.69038 0.69200 0.69019 0.69115 0.69475 0.69475 0.69333 0.69609 0.69904 0.69792 0.69751 0.70113 0.70253 0.70053 0.70235 0.70574 0.70687 0.70506 0.70625 0.70981 0.71181 0.71002 0.71028 0.71423 0.71561 0.71479 0.71573 0.71923 0.71945 0.71907 0.72118 0.72388 0.72350 0.72407 0.72669 0.72683 0.72739 0.73013 0.73219 0.73106 0.73164 0.73576 0.73742 0.73552 0.73646 0.74080 0.74238 0.74075 0.74166 0.74474 0.74735 0.74728 0.74645 0.74816 0.75171 0.75344 0.75235 0.75292 0.75547 0.75768 0.72068 0.64539 0.56993 0.49488 0.42031 0.34439 0.26760 0.19137 0.11538 0.03850 0.00000 0.00000 0.00000 0.00000 0.00000 0.00000 0.00000 0.00000 0.00000 0.00000 0.00000 0.00000 0.00000 0.00000 0.00000 0.00000 0.00000 0.00000 0.00000 0.00000 0.00000 0.00000 0.00000 0.00000 0.00000
0.00000 0.00000 0.00000 0.00000 0.00000 0.00000 0.00000 0.00000 0.00000 0.00000 0.00000 0.00000 0.00000 0.00000 0.00000 0.03801 0.11406 0.18972 0.26502 0.34110 0.41770 0.49263 0.56668 0.64049 0.71886 0.75631 0.75300 0.75141 0.75280 0.75232 0.75025 0.74925 0.74785 0.74708 0.74795 0.74728 0.74259 0.74252 0.74411 0.74366 0.73911 0.73799 0.74030 0.73999 0.73503 0.73415 0.73652 0.73604 0.73230 0.73121 0.73187 0.73259 0.72955 0.72727 0.72785 0.72874 0.72639 0.72365 0.72435 0.72449 0.72235 0.72087 0.72114 0.72018 0.71836 0.71772 0.71785 0.71663 0.71454 0.71410 0.71465 0.71353 0.71114 0.70992 0.71106 0.71042 0.70733 0.70667 0.70896 0.70654 0.70328 0.70390 0.70566 0.70237 0.70042 0.70139 0.70259 0.69833 0.69637 0.69831 0.69941 0.69592 0.69241 0.69363 0.69598 0.69464 0.68949 0.68924 0.69213 0.69137 0.68728 0.68679 0.68779 0.68696 0.68567 0.68507 0.68409 0.68292 0.68197 0.68302 0.68272 0.67959 0.67835 0.68024 0.68014 0.67713 0.67588 0.67685 0.67714 0.67564 0.67394 0.67304 0.67423 0.67419 0.67140 0.66984 0.67186 0.67160 0.66959 0.66815 0.66870 0.66782 0.66827 0.66788 0.66469 0.66368 0.66772 0.66728 0.66182 0.66109 0.66536 0.66521 0.66139 0.65979 0.66173 0.66242 0.66063 0.65917 0.65909 0.65932 0.66002 0.65926 0.65621 0.65630 0.65991 0.65927 0.65425 0.65422 0.65836 0.65828 0.65540 0.65319 0.65403 0.65674 0.65684 0.65320 0.65182 0.65489 0.65645 0.65352 0.65192 0.65346 0.65464 0.65368 0.65228 0.65252 0.65420 0.65388 0.65128 0.65165 0.65506 0.65465 0.65048 0.65072 0.65550 0.65548 0.65056 0.65067 0.65571 0.65580 0.65101 0.65122 0.65612 0.65639 0.65159 0.65289 0.65686 0.65465 0.65250 0.65620 0.65771 0.65417 0.65358 0.65840 0.65865 0.65463 0.65600 0.65970 0.65780 0.65655 0.65980 0.66063 0.65791 0.65849 0.66230 0.66239 0.65940 0.66038 0.66447 0.66456 0.66137 0.66211 0.66660 0.66727 0.66405 0.66408 0.66649 0.66954 0.66928 0.66680 0.66760 0.67187 0.67259 0.66974 0.67017 0.67464 0.67537 0.67248 0.67344 0.67784 0.67763 0.67528 0.67748 0.68101 0.68039 0.67883 0.68047 0.68383 0.68465 0.68324 0.68314 0.68627 0.68872 0.68836 0.68662 0.68836 0.69255 0.69323 0.69055 0.69157 0.69617 0.69702 0.69517 0.69608 0.69878 0.70024 0.70064 0.70152 0.70202 0.70225 0.70527 0.70714 0.70692 0.70598 0.70834 0.71189 0.71267 0.71052 0.71156 0.71652 0.71732 0.71522 0.71647 0.72121 0.72160 0.72020 0.72178 0.72473 0.72558 0.72641 0.72736 0.72740 0.72930 0.73222 0.73309 0.73210 0.73343 0.73772 0.73866 0.73670 0.73803 0.74177 0.74381 0.74298 0.74308 0.74540 0.74882 0.74940 0.74800 0.74923 0.75294 0.75492 0.75412 0.75454 0.75688 0.72108 0.64606 0.57068 0.49495 0.41959 0.34438 0.26832 0.19151 0.11508 0.03848 0.00000 0.00000 0.00000 0.00000 0.00000 0.00000 0.00000 0.00000 0.00000 0.00000 0.00000 0.00000 0.00000 0.00000 0.00000 0.00000 0.00000 0.00000 0.00000 0.00000 0.00000 0.00000 0.00000 0.00000 0.00000
0.00000 0.00000 0.00000 0.00000 0.00000 0.00000 0.00000 0.00000 0.00000 0.00000 0.00000 0.00000 0.00000 0.00000 0.00000 0.03804 0.11387 0.18964 0.26593 0.34151 0.41677 0.49211 0.56742 0.64271 0.71846 0.75476 0.75346 0.75286 0.75310 0.75211 0.75105 0.74847 0.74795 0.74920 0.74939 0.74391 0.74281 0.74547 0.74462 0.74045 0.73919 0.74192 0.74017 0.73595 0.73678 0.73790 0.73563 0.73404 0.73388 0.73197 0.73206 0.73279 0.72989 0.72754 0.72882 0.72904 0.72567 0.72428 0.72568 0.72430 0.72169 0.72155 0.72233 0.72058 0.71766 0.71777 0.71899 0.71758 0.71388 0.71350 0.71586 0.71440 0.71072 0.70997 0.71231 0.71068 0.70756 0.70713 0.70866 0.70586 0.70416 0.70650 0.70522 0.70071 0.70081 0.70347 0.70200 0.69777 0.69706 0.69915 0.69941 0.69554 0.69301 0.69480 0.69653 0.69345 0.69026 0.69076 0.69228 0.69116 0.68833 0.68684 0.68817 0.68884 0.68615 0.68307 0.68476 0.68492 0.68333 0.68225 0.68226 0.68104 0.67939 0.67957 0.68052 0.67931 0.67538 0.67532 0.67881 0.67797 0.67225 0.67187 0.67627 0.67572 0.66999 0.66951 0.67348 0.67221 0.66744 0.66894 0.67150 0.66706 0.66506 0.66914 0.66876 0.66473 0.66428 0.66550 0.66487 0.66547 0.66421 0.66129 0.66126 0.66510 0.66366 0.65871 0.65852 0.66310 0.66261 0.65713 0.65653 0.66094 0.66100 0.65671 0.65556 0.65777 0.65895 0.65776 0.65508 0.65415 0.65751 0.65848 0.65368 0.65315 0.65722 0.65622 0.65219 0.65455 0.65699 0.65295 0.65140 0.65604 0.65645 0.65133 0.65102 0.65581 0.65590 0.65125 0.65094 0.65479 0.65532 0.65250 0.65179 0.65341 0.65405 0.65354 0.65348 0.65335 0.65303 0.65360 0.65470 0.65411 0.65343 0.65409 0.65440 0.65429 0.65660 0.65562 0.65333 0.65460 0.65741 0.65660 0.65514 0.65673 0.65729 0.65599 0.65825 0.66000 0.65684 0.65631 0.66074 0.66140 0.65809 0.65854 0.66245 0.66275 0.66010 0.66085 0.66424 0.66426 0.66261 0.66365 0.66533 0.66536 0.66636 0.66772 0.66605 0.66565 0.66981 0.67086 0.66800 0.66850 0.67283 0.67332 0.67062 0.67142 0.67564 0.67627 0.67380 0.67405 0.67802 0.67962 0.67775 0.67709 0.68018 0.68294 0.68219 0.68066 0.68262 0.68600 0.68674 0.68476 0.68543 0.68901 0.69109 0.68884 0.68920 0.69293 0.69318 0.69217 0.69465 0.69751 0.69602 0.69563 0.69956 0.70128 0.69924 0.70030 0.70449 0.70516 0.70278 0.70465 0.70865 0.70996 0.70755 0.70850 0.71289 0.71408 0.71239 0.71372 0.71745 0.71746 0.71696 0.71935 0.72237 0.72143 0.72137 0.72476 0.72599 0.72539 0.72712 0.73013 0.73004 0.72956 0.73264 0.73528 0.73472 0.73436 0.73842 0.74034 0.73853 0.73943 0.74292 0.74527 0.74439 0.74452 0.74680 0.75037 0.75093 0.74947 0.75072 0.75416 0.75630 0.75575 0.75630 0.72039 0.64615 0.57125 0.49577 0.41961 0.34375 0.26847 0.19205 0.11510 0.03840 0.00000 0.00000 0.00000 0.00000 0.00000 0.00000 0.00000 0.00000 0.00000 0.00000 0.00000 0.00000 0.00000 0.00000 0.00000 0.00000 0.00000 0.00000 0.00000 0.00000 0.00000 0.00000 0.00000 0.00000 0.00000
0.00000 0.00000 0.00000 0.00000 0.00000 0.00000 0.00000 0.00000 0.00000 0.00000 0.00000 0.00000 0.00000 0.00000 0.00000 0.03799 0.11388 0.19004 0.26622 0.34130 0.41652 0.49206 0.56881 0.64490 0.71745 0.75290 0.75532 0.75489 0.75224 0.75108 0.75097 0.74993 0.74956 0.74955 0.74594 0.74438 0.74652 0.74600 0.74181 0.74060 0.74245 0.74245 0.73827 0.73666 0.73832 0.73858 0.73495 0.73319 0.73396 0.73532 0.73234 0.72952 0.73004 0.73143 0.72915 0.72558 0.72614 0.72731 0.72529 0.72287 0.72315 0.72263 0.72086 0.72001 0.72034 0.71879 0.71683 0.71675 0.71718 0.71563 0.71325 0.71286 0.71378 0.71261 0.70971 0.70901 0.71090 0.70919 0.70537 0.70590 0.70823 0.70514 0.70183 0.70326 0.70512 0.70108 0.69869 0.70055 0.70188 0.69768 0.69468 0.69699 0.69837 0.69559 0.69136 0.69242 0.69498 0.69338 0.68868 0.68870 0.69121 0.68971 0.68639 0.68659 0.68755 0.68537 0.68359 0.68522 0.68516 0.68153 0.68035 0.68312 0.68260 0.67839 0.67749 0.68010 0.67960 0.67640 0.67566 0.67617 0.67608 0.67554 0.67397 0.67206 0.67290 0.67384 0.67237 0.66932 0.66926 0.67085 0.67118 0.66836 0.66576 0.66668 0.66900 0.66821 0.66369 0.66306 0.66776 0.66714 0.66225 0.66090 0.66381 0.66495 0.66205 0.65977 0.66089 0.66230 0.66112 0.65903 0.65841 0.65952 0.66072 0.65902 0.65578 0.65672 0.66020 0.65895 0.65479 0.65485 0.65767 0.65797 0.65607 0.65409 0.65410 0.65641 0.65744 0.65411 0.65223 0.65483 0.65641 0.65431 0.65292 0.65372 0.65494 0.65435 0.65249 0.65301 0.65548 0.65476 0.65132 0.65188 0.65617 0.65592 0.65116 0.65130 0.65629 0.65626 0.65144 0.65180 0.65658 0.65629 0.65199 0.65297 0.65714 0.65509 0.65267 0.65685 0.65793 0.65398 0.65369 0.65848 0.65898 0.65463 0.65503 0.65959 0.65918 0.65660 0.65851 0.66002 0.65833 0.65876 0.66169 0.66161 0.65927 0.66045 0.66396 0.66363 0.66089 0.66228 0.66620 0.66642 0.66296 0.66360 0.66795 0.66894 0.66647 0.66609 0.66863 0.67104 0.67044 0.66902 0.67030 0.67355 0.67372 0.67183 0.67286 0.67668 0.67662 0.67437 0.67614 0.68000 0.67953 0.67747 0.67932 0.68305 0.68343 0.68136 0.68199 0.68590 0.68739 0.68586 0.68525 0.68857 0.69114 0.69114 0.68903 0.69025 0.69490 0.69520 0.69318 0.69457 0.69807 0.69861 0.69826 0.69951 0.70085 0.70161 0.70332 0.70487 0.70502 0.70475 0.70709 0.70982 0.71062 0.70883 0.70996 0.71454 0.71559 0.71334 0.71452 0.71917 0.71963 0.71815 0.71991 0.72347 0.72360 0.72354 0.72541 0.72651 0.72732 0.72938 0.73101 0.73084 0.73141 0.73474 0.73649 0.73575 0.73603 0.73972 0.74179 0.74057 0.74098 0.74355 0.74680 0.74672 0.74611 0.74770 0.75163 0.75273 0.75133 0.75208 0.75532 0.75775 0.75746 0.72004 0.64581 0.57127 0.49597 0.42031 0.34401 0.26794 0.19196 0.11541 0.03844 0.00000 0.00000 0.00000 0.00000 0.00000 0.00000 0.00000 0.00000 0.00000 0.00000 0.00000 0.00000 0.00000 0.00000 0.00000 0.00000 0.00000 0.00000 0.00000 0.00000 0.00000 0.00000 0.00000 0.00000 0.00000
0.00000 0.00000 0.00000 0.00000 0.00000 0.00000 0.00000 0.00000 0.00000 0.00000 0.00000 0.00000 0.00000 0.00000 0.00000 0.03801 0.11422 0.19015 0.26550 0.34131 0.41833 0.49281 0.56633 0.64317 0.71930 0.75524 0.75437 0.75407 0.75344 0.75150 0.75055 0.75111 0.75117 0.74690 0.74526 0.74795 0.74736 0.74306 0.74170 0.74428 0.74290 0.73901 0.73864 0.74055 0.73869 0.73562 0.73591 0.73524 0.73473 0.73457 0.73209 0.73008 0.73158 0.73207 0.72759 0.72610 0.72847 0.72764 0.72367 0.72317 0.72483 0.72334 0.72009 0.72002 0.72138 0.71990 0.71633 0.71615 0.71786 0.71666 0.71274 0.71242 0.71490 0.71325 0.70983 0.70908 0.71136 0.70939 0.70627 0.70727 0.70784 0.70427 0.70285 0.70552 0.70440 0.70001 0.69951 0.70192 0.70121 0.69695 0.69582 0.69781 0.69849 0.69489 0.69217 0.69374 0.69532 0.69270 0.68955 0.68986 0.69135 0.69027 0.68736 0.68613 0.68758 0.68737 0.68515 0.68357 0.68429 0.68364 0.68230 0.68156 0.68180 0.68085 0.67857 0.67804 0.68017 0.67938 0.67474 0.67399 0.67837 0.67752 0.67180 0.67095 0.67545 0.67479 0.66968 0.66870 0.67305 0.67093 0.66693 0.66922 0.67114 0.66691 0.66503 0.66845 0.66798 0.66454 0.66450 0.66478 0.66430 0.66643 0.66434 0.66050 0.66086 0.66466 0.66375 0.65857 0.65845 0.66275 0.66257 0.65744 0.65653 0.66037 0.66111 0.65764 0.65548 0.65696 0.65948 0.65881 0.65471 0.65410 0.65839 0.65858 0.65349 0.65368 0.65792 0.65589 0.65246 0.65598 0.65746 0.65276 0.65189 0.65670 0.65693 0.65194 0.65161 0.65596 0.65652 0.65280 0.65179 0.65437 0.65549 0.65423 0.65380 0.65370 0.65365 0.65444 0.65542 0.65447 0.65302 0.65431 0.65662 0.65521 0.65337 0.65517 0.65530 0.65544 0.65670 0.65656 0.65556 0.65636 0.65729 0.65707 0.65815 0.65905 0.65669 0.65651 0.66084 0.66156 0.65749 0.65797 0.66259 0.66278 0.65935 0.66018 0.66435 0.66427 0.66151 0.66279 0.66607 0.66526 0.66475 0.66628 0.66597 0.66592 0.66898 0.66998 0.66732 0.66748 0.67209 0.67291 0.66970 0.67001 0.67495 0.67568 0.67261 0.67292 0.67752 0.67868 0.67622 0.67605 0.67961 0.68189 0.68054 0.67947 0.68191 0.68496 0.68494 0.68343 0.68473 0.68774 0.68926 0.68755 0.68811 0.69127 0.69191 0.69110 0.69338 0.69573 0.69406 0.69425 0.69817 0.70000 0.69763 0.69830 0.70276 0.70371 0.70133 0.70288 0.70719 0.70811 0.70552 0.70690 0.71147 0.71268 0.71015 0.71157 0.71589 0.71583 0.71480 0.71749 0.72053 0.71934 0.71927 0.72297 0.72491 0.72334 0.72432 0.72820 0.72898 0.72752 0.72960 0.73323 0.73389 0.73229 0.73462 0.73826 0.73887 0.73736 0.73965 0.74324 0.74210 0.74257 0.74515 0.74829 0.74808 0.74745 0.74922 0.75276 0.75426 0.75313 0.75370 0.75665 0.75911 0.72112 0.64578 0.57095 0.49578 0.42060 0.34472 0.26804 0.19159 0.11547 0.03854 0.00000 0.00000 0.00000 0.00000 0.00000 0.00000 0.00000 0.00000 0.00000 0.00000 0.00000 0.00000 0.00000 0.00000 0.00000 0.00000 0.00000 0.00000 0.00000 0.00000 0.00000 0.00000 0.00000 0.00000 0.00000
0.00000 0.00000 0.00000 0.00000 0.00000 0.00000 0.00000 0.00000 0.00000 0.00000 0.00000 0.00000 0.00000 0.00000 0.00000 0.03809 0.11428 0.18979 0.26558 0.34202 0.41826 0.49292 0.56794 0.64292 0.71960 0.75690 0.75437 0.75362 0.75387 0.75256 0.75148 0.75138 0.74928 0.74719 0.74863 0.74839 0.74486 0.74289 0.74490 0.74479 0.74113 0.73938 0.74063 0.74108 0.73780 0.73558 0.73643 0.73742 0.73484 0.73193 0.73260 0.73385 0.73155 0.72779 0.72841 0.72985 0.72820 0.72496 0.72493 0.72517 0.72371 0.72240 0.72250 0.72100 0.71923 0.71934 0.71971 0.71767 0.71558 0.71568 0.71627 0.71484 0.71210 0.71174 0.71287 0.71164 0.70833 0.70803 0.71029 0.70783 0.70409 0.70523 0.70760 0.70373 0.70092 0.70271 0.70417 0.69993 0.69703 0.69977 0.70085 0.69695 0.69364 0.69588 0.69740 0.69485 0.69064 0.69161 0.69410 0.69211 0.68794 0.68839 0.69062 0.68821 0.68532 0.68679 0.68762 0.68402 0.68230 0.68534 0.68513 0.68036 0.67934 0.68284 0.68213 0.67759 0.67695 0.67937 0.67879 0.67645 0.67557 0.67490 0.67488 0.67578 0.67438 0.67107 0.67106 0.67350 0.67311 0.66918 0.66710 0.66987 0.67111 0.66886 0.66556 0.66575 0.66839 0.66833 0.66423 0.66272 0.66524 0.66695 0.66383 0.66094 0.66247 0.66465 0.66267 0.66000 0.66036 0.66213 0.66169 0.65913 0.65787 0.65957 0.66132 0.65905 0.65569 0.65712 0.66022 0.65873 0.65547 0.65564 0.65734 0.65768 0.65697 0.65499 0.65390 0.65634 0.65797 0.65486 0.65311 0.65518 0.65636 0.65477 0.65347 0.65455 0.65606 0.65471 0.65231 0.65379 0.65686 0.65600 0.65185 0.65217 0.65695 0.65688 0.65201 0.65242 0.65715 0.65659 0.65247 0.65371 0.65748 0.65559 0.65308 0.65700 0.65821 0.65364 0.65385 0.65873 0.65914 0.65468 0.65496 0.65970 0.66005 0.65649 0.65706 0.65978 0.65958 0.65911 0.66079 0.66078 0.65948 0.66082 0.66333 0.66269 0.66088 0.66275 0.66570 0.66481 0.66242 0.66415 0.66780 0.66840 0.66504 0.66538 0.66928 0.67046 0.66841 0.66821 0.67087 0.67277 0.67182 0.67113 0.67293 0.67556 0.67508 0.67372 0.67556 0.67895 0.67833 0.67638 0.67850 0.68210 0.68212 0.67996 0.68106 0.68498 0.68615 0.68409 0.68401 0.68811 0.68982 0.68810 0.68764 0.69149 0.69355 0.69242 0.69153 0.69349 0.69715 0.69672 0.69603 0.69805 0.70003 0.70020 0.70120 0.70291 0.70344 0.70361 0.70563 0.70774 0.70842 0.70749 0.70877 0.71243 0.71393 0.71179 0.71258 0.71709 0.71787 0.71636 0.71804 0.72159 0.72161 0.72127 0.72359 0.72557 0.72535 0.72659 0.72908 0.72976 0.72936 0.73165 0.73443 0.73507 0.73400 0.73613 0.73972 0.73973 0.73894 0.74094 0.74481 0.74441 0.74421 0.74614 0.74990 0.75015 0.74930 0.75043 0.75344 0.75591 0.75503 0.75520 0.75791 0.72264 0.64658 0.57098 0.49581 0.42040 0.34466 0.26861 0.19181 0.11519 0.03852 0.00000 0.00000 0.00000 0.00000 0.00000 0.00000 0.00000 0.00000 0.00000 0.00000 0.00000 0.00000 0.00000 0.00000 0.00000 0.00000 0.00000 0.00000 0.00000 0.00000 0.00000 0.00000 0.00000 0.00000 0.00000
0.00000 0.00000 0.00000 0.00000 0.00000 0.00000 0.00000 0.00000 0.00000 0.00000 0.00000 0.00000 0.00000 0.00000 0.00000 0.03810 0.11405 0.19000 0.26674 0.34210 0.41683 0.49304 0.57057 0.64373 0.71725 0.75615 0.75653 0.75409 0.75274 0.75337 0.75325 0.75000 0.74816 0.75018 0.74998 0.74586 0.74422 0.74661 0.74565 0.74197 0.74107 0.74297 0.74136 0.73805 0.73783 0.73852 0.73759 0.73593 0.73453 0.73335 0.73395 0.73418 0.72998 0.72860 0.73090 0.73099 0.72573 0.72481 0.72734 0.72643 0.72248 0.72174 0.72372 0.72251 0.71889 0.71860 0.72013 0.71893 0.71548 0.71506 0.71702 0.71560 0.71192 0.71170 0.71390 0.71208 0.70842 0.70850 0.71040 0.70803 0.70495 0.70713 0.70694 0.70314 0.70168 0.70436 0.70339 0.69905 0.69849 0.70060 0.70022 0.69652 0.69497 0.69667 0.69753 0.69427 0.69162 0.69294 0.69408 0.69178 0.68893 0.68931 0.69054 0.68909 0.68655 0.68613 0.68701 0.68599 0.68432 0.68368 0.68377 0.68281 0.68150 0.68078 0.68145 0.68058 0.67776 0.67687 0.68004 0.67912 0.67397 0.67324 0.67775 0.67700 0.67177 0.67062 0.67464 0.67391 0.66931 0.66923 0.67296 0.67026 0.66662 0.66955 0.67061 0.66582 0.66513 0.66869 0.66748 0.66560 0.66456 0.66318 0.66386 0.66611 0.66478 0.66024 0.66045 0.66442 0.66402 0.65872 0.65835 0.66247 0.66268 0.65816 0.65663 0.65967 0.66133 0.65881 0.65558 0.65639 0.65998 0.65954 0.65467 0.65420 0.65903 0.65862 0.65368 0.65504 0.65843 0.65514 0.65294 0.65720 0.65790 0.65303 0.65249 0.65698 0.65746 0.65328 0.65231 0.65547 0.65713 0.65489 0.65399 0.65418 0.65442 0.65544 0.65614 0.65478 0.65340 0.65488 0.65728 0.65593 0.65320 0.65502 0.65767 0.65648 0.65533 0.65616 0.65658 0.65689 0.65723 0.65742 0.65802 0.65827 0.65703 0.65760 0.66074 0.66119 0.65736 0.65768 0.66259 0.66295 0.65894 0.65963 0.66427 0.66445 0.66083 0.66183 0.66625 0.66573 0.66312 0.66515 0.66756 0.66611 0.66721 0.66876 0.66718 0.66745 0.67109 0.67190 0.66912 0.66954 0.67410 0.67483 0.67171 0.67214 0.67690 0.67778 0.67492 0.67513 0.67914 0.68091 0.67907 0.67838 0.68107 0.68413 0.68355 0.68212 0.68365 0.68658 0.68777 0.68642 0.68731 0.68968 0.69047 0.69010 0.69270 0.69389 0.69189 0.69322 0.69701 0.69850 0.69588 0.69663 0.70131 0.70240 0.69980 0.70107 0.70562 0.70637 0.70388 0.70538 0.70988 0.71107 0.70827 0.70959 0.71426 0.71475 0.71283 0.71534 0.71877 0.71757 0.71739 0.72113 0.72327 0.72138 0.72212 0.72633 0.72764 0.72561 0.72706 0.73129 0.73238 0.73027 0.73193 0.73624 0.73760 0.73532 0.73686 0.74123 0.74125 0.74055 0.74291 0.74603 0.74553 0.74599 0.74798 0.75147 0.75153 0.75102 0.75204 0.75461 0.75740 0.75672 0.75694 0.72151 0.64771 0.57170 0.49613 0.42035 0.34415 0.26873 0.19231 0.11526 0.03843 0.00000 0.00000 0.00000 0.00000 0.00000 0.00000 0.00000 0.00000 0.00000 0.00000 0.00000 0.00000 0.00000 0.00000 0.00000 0.00000 0.00000 0.00000 0.00000 0.00000 0.00000 0.00000 0.00000 0.00000 0.00000
0.00000 0.00000 0.00000 0.00000 0.00000 0.00000 0.00000 0.00000 0.00000 0.00000 0.00000 0.00000 0.00000 0.00000 0.00000 0.03805 0.11411 0.19044 0.26668 0.34144 0.41746 0.49376 0.56957 0.64398 0.71873 0.75672 0.75645 0.75456 0.75374 0.75376 0.75233 0.75015 0.75065 0.75097 0.74799 0.74570 0.74722 0.74712 0.74402 0.74199 0.74314 0.74340 0.74048 0.73852 0.73905 0.73960 0.73714 0.73441 0.73550 0.73602 0.73340 0.73042 0.73172 0.73218 0.73063 0.72724 0.72707 0.72779 0.72679 0.72501 0.72421 0.72339 0.72210 0.72211 0.72191 0.71966 0.71806 0.71846 0.71867 0.71679 0.71452 0.71454 0.71506 0.71394 0.71125 0.71046 0.71184 0.71040 0.70710 0.70727 0.70995 0.70636 0.70330 0.70482 0.70652 0.70237 0.69950 0.70230 0.70321 0.69885 0.69602 0.69902 0.69979 0.69615 0.69294 0.69494 0.69659 0.69402 0.69000 0.69098 0.69336 0.69099 0.68718 0.68830 0.69022 0.68698 0.68437 0.68691 0.68757 0.68292 0.68147 0.68509 0.68473 0.67950 0.67865 0.68219 0.68164 0.67737 0.67656 0.67823 0.67794 0.67718 0.67570 0.67343 0.67351 0.67592 0.67493 0.67030 0.66973 0.67293 0.67312 0.66987 0.66655 0.66859 0.67036 0.66928 0.66762 0.66521 0.66532 0.66817 0.66677 0.66251 0.66367 0.66669 0.66462 0.66161 0.66211 0.66406 0.66304 0.66042 0.65992 0.66184 0.66241 0.65953 0.65744 0.65955 0.66178 0.65922 0.65605 0.65766 0.66000 0.65862 0.65645 0.65639 0.65680 0.65776 0.65835 0.65557 0.65374 0.65684 0.65824 0.65511 0.65397 0.65627 0.65704 0.65465 0.65336 0.65608 0.65755 0.65472 0.65262 0.65468 0.65767 0.65717 0.65274 0.65336 0.65779 0.65708 0.65301 0.65416 0.65797 0.65649 0.65365 0.65641 0.65843 0.65473 0.65428 0.65899 0.65935 0.65486 0.65514 0.65998 0.66038 0.65628 0.65646 0.66028 0.66106 0.65888 0.65929 0.66063 0.66038 0.66091 0.66258 0.66227 0.66120 0.66275 0.66480 0.66383 0.66260 0.66523 0.66751 0.66625 0.66438 0.66542 0.66919 0.67002 0.66727 0.66724 0.67096 0.67241 0.67036 0.67011 0.67301 0.67487 0.67356 0.67300 0.67538 0.67793 0.67685 0.67555 0.67810 0.68121 0.68049 0.67874 0.68068 0.68395 0.68491 0.68285 0.68293 0.68677 0.68856 0.68699 0.68644 0.69096 0.69219 0.68964 0.69012 0.69328 0.69599 0.69464 0.69419 0.69701 0.69929 0.69843 0.69908 0.70151 0.70217 0.70208 0.70400 0.70603 0.70632 0.70608 0.70782 0.71043 0.71192 0.71044 0.71094 0.71490 0.71643 0.71492 0.71600 0.71949 0.71985 0.71950 0.72169 0.72398 0.72355 0.72430 0.72716 0.72846 0.72748 0.72910 0.73244 0.73356 0.73200 0.73359 0.73767 0.73884 0.73692 0.73837 0.74283 0.74271 0.74210 0.74422 0.74759 0.74755 0.74798 0.74919 0.75139 0.75341 0.75333 0.75337 0.75553 0.75904 0.75844 0.72054 0.64685 0.57285 0.49643 0.42065 0.34460 0.26817 0.19217 0.11561 0.03849 0.00000 0.00000 0.00000 0.00000 0.00000 0.00000 0.00000 0.00000 0.00000 0.00000 0.00000 0.00000 0.00000 0.00000 0.00000 0.00000 0.00000 0.00000 0.00000 0.00000 0.00000 0.00000 0.00000 0.00000 0.00000
0.00000 0.00000 0.00000 0.00000 0.00000 0.00000 0.00000 0.00000 0.00000 0.00000 0.00000 0.00000 0.00000 0.00000 0.00000 0.03808 0.11444 0.19047 0.26587 0.34206 0.41928 0.49359 0.56795 0.64453 0.72157 0.75641 0.75471 0.75561 0.75591 0.75271 0.75098 0.75261 0.75255 0.74876 0.74693 0.74899 0.74836 0.74477 0.74359 0.74535 0.74421 0.74082 0.74040 0.74152 0.74002 0.73754 0.73675 0.73701 0.73654 0.73518 0.73286 0.73213 0.73304 0.73310 0.72832 0.72721 0.72981 0.72952 0.72502 0.72362 0.72599 0.72532 0.72171 0.72091 0.72231 0.72115 0.71823 0.71788 0.71937 0.71762 0.71431 0.71460 0.71626 0.71424 0.71070 0.71095 0.71290 0.71105 0.70734 0.70814 0.70942 0.70635 0.70381 0.70699 0.70582 0.70173 0.70090 0.70332 0.70224 0.69852 0.69790 0.69947 0.69918 0.69609 0.69448 0.69587 0.69625 0.69344 0.69127 0.69241 0.69311 0.69066 0.68827 0.68913 0.68992 0.68783 0.68583 0.68629 0.68643 0.68487 0.68371 0.68353 0.68320 0.68210 0.68083 0.68016 0.68124 0.68014 0.67689 0.67627 0.67984 0.67891 0.67375 0.67283 0.67647 0.67651 0.67210 0.67095 0.67404 0.67320 0.66896 0.66933 0.67272 0.66957 0.66669 0.67071 0.67008 0.66582 0.66511 0.66687 0.66735 0.66726 0.66478 0.66236 0.66267 0.66612 0.66572 0.66030 0.66011 0.66433 0.66426 0.65928 0.65829 0.66189 0.66287 0.65945 0.65683 0.65876 0.66158 0.66007 0.65576 0.65603 0.66044 0.66013 0.65501 0.65478 0.65946 0.65824 0.65426 0.65689 0.65874 0.65482 0.65368 0.65776 0.65812 0.65408 0.65354 0.65663 0.65745 0.65548 0.65431 0.65486 0.65498 0.65657 0.65740 0.65499 0.65369 0.65582 0.65793 0.65651 0.65374 0.65524 0.65859 0.65740 0.65466 0.65594 0.65797 0.65777 0.65706 0.65731 0.65812 0.65833 0.65771 0.65849 0.66036 0.66014 0.65771 0.65852 0.66249 0.66306 0.65891 0.65926 0.66411 0.66451 0.66071 0.66120 0.66601 0.66628 0.66256 0.66386 0.66798 0.66625 0.66488 0.66800 0.66850 0.66718 0.66924 0.67103 0.66924 0.66925 0.67282 0.67388 0.67128 0.67169 0.67596 0.67680 0.67402 0.67445 0.67863 0.67987 0.67768 0.67752 0.68048 0.68322 0.68228 0.68087 0.68249 0.68585 0.68669 0.68544 0.68561 0.68799 0.69040 0.68939 0.69100 0.69198 0.69054 0.69248 0.69586 0.69668 0.69423 0.69545 0.70002 0.70107 0.69823 0.69936 0.70414 0.70481 0.70234 0.70388 0.70832 0.70921 0.70663 0.70802 0.71256 0.71381 0.71113 0.71291 0.71697 0.71633 0.71568 0.71909 0.72146 0.71965 0.72030 0.72443 0.72599 0.72386 0.72505 0.72942 0.73071 0.72837 0.72980 0.73430 0.73566 0.73331 0.73484 0.73927 0.74009 0.73849 0.74060 0.74402 0.74347 0.74414 0.74651 0.74838 0.74859 0.75051 0.75114 0.75146 0.75480 0.75535 0.75505 0.75728 0.76044 0.72187 0.64625 0.57200 0.49719 0.42100 0.34523 0.26847 0.19171 0.11564 0.03861 0.00000 0.00000 0.00000 0.00000 0.00000 0.00000 0.00000 0.00000 0.00000 0.00000 0.00000 0.00000 0.00000 0.00000 0.00000 0.00000 0.00000 0.00000 0.00000 0.00000 0.00000 0.00000 0.00000 0.00000 0.00000
0.00000 0.00000 0.00000 0.00000 0.00000 0.00000 0.00000 0.00000 0.00000 0.00000 0.00000 0.00000 0.00000 0.00000 0.00000 0.03816 0.11449 0.19009 0.26618 0.34282 0.41894 0.49285 0.56903 0.64572 0.72086 0.75633 0.75627 0.75656 0.75495 0.75266 0.75298 0.75351 0.75100 0.74847 0.74945 0.74991 0.74695 0.74475 0.74566 0.74605 0.74324 0.74116 0.74163 0.74186 0.73966 0.73750 0.73837 0.73809 0.73548 0.73331 0.73553 0.73448 0.73175 0.72991 0.73028 0.73026 0.72988 0.72771 0.72597 0.72582 0.72540 0.72509 0.72385 0.72187 0.72090 0.72142 0.72099 0.71842 0.71712 0.71754 0.71754 0.71598 0.71387 0.71329 0.71386 0.71280 0.71054 0.70965 0.71115 0.70894 0.70570 0.70691 0.70923 0.70489 0.70232 0.70469 0.70545 0.70108 0.69854 0.70194 0.70220 0.69776 0.69536 0.69823 0.69894 0.69550 0.69242 0.69402 0.69578 0.69326 0.68935 0.69036 0.69270 0.69007 0.68657 0.68815 0.68988 0.68606 0.68374 0.68674 0.68728 0.68202 0.68075 0.68464 0.68430 0.67890 0.67803 0.68141 0.68121 0.67762 0.67606 0.67672 0.67700 0.67818 0.67686 0.67201 0.67219 0.67559 0.67523 0.67098 0.66920 0.67114 0.67233 0.67100 0.66993 0.66754 0.66643 0.66935 0.66954 0.66510 0.66452 0.66766 0.66695 0.66349 0.66382 0.66562 0.66456 0.66263 0.66198 0.66338 0.66361 0.66102 0.65935 0.66147 0.66321 0.66014 0.65745 0.65965 0.66186 0.65948 0.65693 0.65817 0.65945 0.65904 0.65796 0.65667 0.65590 0.65853 0.65945 0.65562 0.65434 0.65802 0.65854 0.65488 0.65428 0.65793 0.65833 0.65418 0.65349 0.65793 0.65846 0.65419 0.65362 0.65567 0.65845 0.65697 0.65359 0.65501 0.65865 0.65732 0.65430 0.65625 0.65873 0.65615 0.65490 0.65894 0.65954 0.65539 0.65553 0.66032 0.66060 0.65627 0.65652 0.66100 0.66171 0.65828 0.65808 0.66127 0.66216 0.66048 0.66116 0.66254 0.66189 0.66211 0.66378 0.66429 0.66350 0.66448 0.66626 0.66546 0.66429 0.66660 0.66869 0.66865 0.66680 0.66678 0.67055 0.67190 0.66948 0.66904 0.67281 0.67456 0.67235 0.67193 0.67525 0.67721 0.67540 0.67480 0.67793 0.68037 0.67873 0.67765 0.68078 0.68314 0.68273 0.68171 0.68286 0.68542 0.68715 0.68631 0.68554 0.68831 0.69068 0.69013 0.68907 0.69204 0.69466 0.69303 0.69271 0.69596 0.69845 0.69671 0.69713 0.70044 0.70114 0.70027 0.70234 0.70478 0.70442 0.70437 0.70682 0.70885 0.70938 0.70898 0.71014 0.71283 0.71512 0.71370 0.71394 0.71720 0.71842 0.71820 0.71959 0.72188 0.72203 0.72264 0.72509 0.72670 0.72591 0.72712 0.73039 0.73188 0.73017 0.73146 0.73561 0.73705 0.73495 0.73627 0.74084 0.74123 0.73997 0.74217 0.74557 0.74521 0.74573 0.74784 0.74934 0.75049 0.75277 0.75248 0.75255 0.75670 0.75661 0.75614 0.75897 0.72411 0.64718 0.57135 0.49678 0.42154 0.34501 0.26901 0.19212 0.11524 0.03858 0.00000 0.00000 0.00000 0.00000 0.00000 0.00000 0.00000 0.00000 0.00000 0.00000 0.00000 0.00000 0.00000 0.00000 0.00000 0.00000 0.00000 0.00000 0.00000 0.00000 0.00000 0.00000 0.00000 0.00000 0.00000
0.00000 0.00000 0.00000 0.00000 0.00000 0.00000 0.00000 0.00000 0.00000 0.00000 0.00000 0.00000 0.00000 0.00000 0.00000 0.03817 0.11426 0.19041 0.26714 0.34260 0.41747 0.49420 0.57162 0.64474 0.71909 0.75800 0.75865 0.75535 0.75365 0.75496 0.75512 0.75152 0.74981 0.75144 0.75113 0.74759 0.74634 0.74778 0.74699 0.74367 0.74285 0.74412 0.74267 0.73974 0.73940 0.74043 0.73881 0.73643 0.73563 0.73671 0.73542 0.73362 0.73148 0.73123 0.73204 0.73179 0.72774 0.72598 0.72830 0.72856 0.72469 0.72298 0.72451 0.72368 0.72132 0.72056 0.72126 0.71976 0.71708 0.71758 0.71857 0.71617 0.71313 0.71402 0.71542 0.71312 0.70987 0.71020 0.71195 0.70933 0.70636 0.70957 0.70813 0.70431 0.70322 0.70617 0.70459 0.70078 0.70066 0.70223 0.70093 0.69813 0.69767 0.69867 0.69789 0.69543 0.69415 0.69533 0.69519 0.69238 0.69065 0.69217 0.69250 0.68948 0.68755 0.68917 0.68944 0.68671 0.68523 0.68644 0.68559 0.68387 0.68348 0.68338 0.68255 0.68128 0.68027 0.67999 0.68081 0.67937 0.67642 0.67615 0.67820 0.67864 0.67477 0.67339 0.67451 0.67519 0.67294 0.67123 0.67364 0.67278 0.66920 0.66939 0.67197 0.66868 0.66679 0.66892 0.66990 0.66834 0.66497 0.66474 0.66680 0.66786 0.66613 0.66202 0.66192 0.66620 0.66614 0.66056 0.65998 0.66403 0.66446 0.66062 0.65840 0.66068 0.66308 0.66114 0.65704 0.65793 0.66188 0.66120 0.65637 0.65589 0.66071 0.66046 0.65585 0.65626 0.65955 0.65746 0.65525 0.65809 0.65871 0.65542 0.65508 0.65771 0.65775 0.65606 0.65581 0.65587 0.65592 0.65759 0.65819 0.65521 0.65380 0.65722 0.65880 0.65691 0.65432 0.65581 0.65929 0.65822 0.65474 0.65600 0.65925 0.65865 0.65690 0.65721 0.65856 0.65892 0.65838 0.65876 0.65993 0.65964 0.65849 0.65990 0.66219 0.66186 0.65920 0.65977 0.66380 0.66453 0.66093 0.66093 0.66530 0.66610 0.66286 0.66312 0.66747 0.66719 0.66453 0.66764 0.66916 0.66640 0.66720 0.67066 0.67006 0.66872 0.67095 0.67316 0.67162 0.67126 0.67453 0.67583 0.67365 0.67400 0.67778 0.67872 0.67660 0.67695 0.68018 0.68186 0.68084 0.68021 0.68167 0.68528 0.68559 0.68461 0.68415 0.68602 0.68953 0.68913 0.68832 0.68975 0.69042 0.69224 0.69433 0.69446 0.69285 0.69494 0.69874 0.69955 0.69681 0.69787 0.70265 0.70335 0.70094 0.70243 0.70678 0.70726 0.70507 0.70679 0.71097 0.71217 0.70954 0.71097 0.71511 0.71575 0.71420 0.71680 0.71950 0.71820 0.71878 0.72241 0.72411 0.72229 0.72336 0.72749 0.72893 0.72666 0.72795 0.73242 0.73380 0.73136 0.73291 0.73735 0.73810 0.73644 0.73868 0.74219 0.74161 0.74188 0.74479 0.74645 0.74591 0.74811 0.75020 0.75017 0.75154 0.75464 0.75456 0.75446 0.75782 0.75780 0.75802 0.72286 0.64892 0.57215 0.49639 0.42118 0.34463 0.26909 0.19255 0.11541 0.03847 0.00000 0.00000 0.00000 0.00000 0.00000 0.00000 0.00000 0.00000 0.00000 0.00000 0.00000 0.00000 0.00000 0.00000 0.00000 0.00000 0.00000 0.00000 0.00000 0.00000 0.00000 0.00000 0.00000 0.00000 0.00000
0.00000 0.00000 0.00000 0.00000 0.00000 0.00000 0.00000 0.00000 0.00000 0.00000 0.00000 0.00000 0.00000 0.00000 0.00000 0.03811 0.11438 0.19083 0.26707 0.34185 0.41830 0.49536 0.57068 0.64414 0.72075 0.75944 0.75747 0.75501 0.75565 0.75616 0.75368 0.75112 0.75195 0.75270 0.74989 0.74755 0.74808 0.74874 0.74611 0.74367 0.74414 0.74464 0.74240 0.74011 0.74055 0.74060 0.73817 0.73659 0.73846 0.73675 0.73286 0.73279 0.73437 0.73285 0.73168 0.73034 0.72823 0.72833 0.72919 0.72808 0.72545 0.72408 0.72384 0.72481 0.72350 0.72033 0.71964 0.72080 0.72034 0.71758 0.71625 0.71642 0.71646 0.71501 0.71323 0.71248 0.71240 0.71136 0.70978 0.70937 0.71060 0.70746 0.70522 0.70692 0.70745 0.70351 0.70147 0.70473 0.70441 0.69987 0.69785 0.70136 0.70147 0.69699 0.69500 0.69726 0.69810 0.69493 0.69185 0.69310 0.69503 0.69262 0.68884 0.68977 0.69205 0.68945 0.68607 0.68777 0.68966 0.68533 0.68312 0.68645 0.68672 0.68128 0.68007 0.68417 0.68384 0.67843 0.67737 0.68057 0.68069 0.67827 0.67666 0.67499 0.67477 0.67740 0.67763 0.67220 0.67131 0.67362 0.67424 0.67379 0.67078 0.66898 0.66776 0.67152 0.67154 0.66710 0.66576 0.66900 0.66924 0.66574 0.66550 0.66664 0.66619 0.66519 0.66415 0.66436 0.66460 0.66337 0.66170 0.66275 0.66452 0.66196 0.65917 0.66107 0.66343 0.66099 0.65825 0.65970 0.66137 0.66052 0.65832 0.65798 0.65852 0.66030 0.65978 0.65639 0.65549 0.65975 0.66013 0.65545 0.65500 0.65942 0.65940 0.65468 0.65447 0.65926 0.65937 0.65436 0.65453 0.65833 0.65895 0.65618 0.65451 0.65649 0.65948 0.65780 0.65502 0.65648 0.65918 0.65761 0.65567 0.65872 0.65978 0.65622 0.65610 0.66071 0.66086 0.65653 0.65681 0.66160 0.66197 0.65789 0.65794 0.66215 0.66321 0.65988 0.65963 0.66315 0.66347 0.66137 0.66248 0.66507 0.66429 0.66287 0.66426 0.66706 0.66666 0.66474 0.66642 0.66855 0.66740 0.66691 0.66947 0.67100 0.66920 0.66866 0.67225 0.67393 0.67158 0.67103 0.67494 0.67671 0.67423 0.67389 0.67773 0.67956 0.67719 0.67683 0.68070 0.68263 0.68043 0.68038 0.68396 0.68445 0.68400 0.68539 0.68584 0.68643 0.68835 0.69026 0.68868 0.68918 0.69280 0.69268 0.69187 0.69433 0.69720 0.69551 0.69556 0.69935 0.70035 0.69853 0.70079 0.70374 0.70259 0.70249 0.70577 0.70774 0.70684 0.70720 0.70979 0.71116 0.71252 0.71239 0.71280 0.71492 0.71706 0.71717 0.71744 0.71949 0.72074 0.72151 0.72279 0.72448 0.72470 0.72574 0.72814 0.72990 0.72869 0.72967 0.73349 0.73517 0.73313 0.73436 0.73881 0.73948 0.73797 0.74023 0.74379 0.74311 0.74333 0.74626 0.74787 0.74769 0.74971 0.75162 0.75143 0.75344 0.75587 0.75580 0.75686 0.76010 0.75884 0.72112 0.64829 0.57396 0.49681 0.42067 0.34534 0.26865 0.19242 0.11575 0.03855 0.00000 0.00000 0.00000 0.00000 0.00000 0.00000 0.00000 0.00000 0.00000 0.00000 0.00000 0.00000 0.00000 0.00000 0.00000 0.00000 0.00000 0.00000 0.00000 0.00000 0.00000 0.00000 0.00000 0.00000 0.00000
0.00000 0.00000 0.00000 0.00000 0.00000 0.00000 0.00000 0.00000 0.00000 0.00000 0.00000 0.00000 0.00000 0.00000 0.00000 0.03817 0.11469 0.19078 0.26640 0.34279 0.42002 0.49435 0.56917 0.64617 0.72320 0.75769 0.75614 0.75754 0.75783 0.75431 0.75258 0.75393 0.75402 0.75046 0.74932 0.75020 0.74963 0.74667 0.74556 0.74645 0.74550 0.74268 0.74207 0.74287 0.74142 0.73869 0.73863 0.73977 0.73768 0.73416 0.73461 0.73567 0.73445 0.73232 0.73052 0.72968 0.73092 0.73101 0.72756 0.72489 0.72677 0.72671 0.72460 0.72299 0.72313 0.72225 0.72047 0.72038 0.72049 0.71828 0.71601 0.71718 0.71770 0.71486 0.71235 0.71324 0.71437 0.71187 0.70885 0.71014 0.71066 0.70674 0.70595 0.70876 0.70697 0.70309 0.70320 0.70489 0.70314 0.70035 0.70078 0.70144 0.69956 0.69767 0.69741 0.69810 0.69684 0.69446 0.69358 0.69508 0.69463 0.69124 0.68984 0.69207 0.69204 0.68840 0.68670 0.68942 0.68860 0.68568 0.68537 0.68644 0.68421 0.68283 0.68369 0.68346 0.68159 0.68006 0.68014 0.68058 0.67888 0.67713 0.67773 0.67751 0.67517 0.67598 0.67715 0.67442 0.67213 0.67328 0.67360 0.67184 0.67252 0.67111 0.66960 0.67060 0.67136 0.66987 0.66669 0.66703 0.66975 0.66955 0.66504 0.66382 0.66483 0.66803 0.66748 0.66197 0.66186 0.66628 0.66614 0.66134 0.66019 0.66257 0.66452 0.66289 0.65875 0.65940 0.66313 0.66261 0.65792 0.65749 0.66187 0.66194 0.65780 0.65657 0.66028 0.66023 0.65720 0.65790 0.65927 0.65744 0.65679 0.65851 0.65830 0.65696 0.65717 0.65717 0.65687 0.65838 0.65845 0.65571 0.65507 0.65898 0.65968 0.65689 0.65490 0.65660 0.65995 0.65912 0.65535 0.65629 0.66029 0.65953 0.65688 0.65729 0.65927 0.65967 0.65897 0.65884 0.65967 0.65993 0.65953 0.66050 0.66172 0.66085 0.65986 0.66135 0.66345 0.66342 0.66141 0.66126 0.66446 0.66572 0.66384 0.66303 0.66546 0.66679 0.66605 0.66680 0.66758 0.66556 0.66716 0.67069 0.67011 0.66788 0.66953 0.67287 0.67211 0.67066 0.67286 0.67514 0.67388 0.67357 0.67653 0.67765 0.67600 0.67656 0.67977 0.68051 0.67929 0.67977 0.68179 0.68339 0.68433 0.68395 0.68309 0.68421 0.68839 0.68895 0.68675 0.68741 0.69086 0.69241 0.69239 0.69177 0.69203 0.69534 0.69743 0.69672 0.69550 0.69770 0.70118 0.70156 0.69987 0.70121 0.70490 0.70522 0.70383 0.70570 0.70950 0.70979 0.70790 0.70994 0.71339 0.71508 0.71279 0.71473 0.71739 0.71684 0.71754 0.72024 0.72196 0.72096 0.72202 0.72535 0.72690 0.72525 0.72650 0.73045 0.73209 0.72961 0.73100 0.73546 0.73609 0.73444 0.73688 0.74038 0.73967 0.73968 0.74302 0.74487 0.74360 0.74550 0.74870 0.74881 0.74860 0.75186 0.75395 0.75326 0.75427 0.75620 0.75819 0.75913 0.76086 0.72206 0.64686 0.57336 0.49810 0.42139 0.34509 0.26899 0.19226 0.11583 0.03863 0.00000 0.00000 0.00000 0.00000 0.00000 0.00000 0.00000 0.00000 0.00000 0.00000 0.00000 0.00000 0.00000 0.00000 0.00000 0.00000 0.00000 0.00000 0.00000 0.00000 0.00000 0.00000 0.00000 0.00000 0.00000
0.00000 0.00000 0.00000 0.00000 0.00000 0.00000 0.00000 0.00000 0.00000 0.00000 0.00000 0.00000 0.00000 0.00000 0.00000 0.03824 0.11469 0.19046 0.26684 0.34366 0.41946 0.49359 0.57064 0.64762 0.72178 0.75716 0.75832 0.75888 0.75625 0.75376 0.75481 0.75555 0.75255 0.75029 0.75075 0.75147 0.74895 0.74647 0.74676 0.74747 0.74520 0.74269 0.74299 0.74340 0.74131 0.73945 0.73987 0.73931 0.73637 0.73593 0.73695 0.73539 0.73264 0.73271 0.73162 0.73113 0.73195 0.73064 0.72651 0.72657 0.72727 0.72801 0.72569 0.72236 0.72209 0.72412 0.72327 0.71904 0.71852 0.71976 0.71948 0.71694 0.71536 0.71552 0.71518 0.71374 0.71281 0.71215 0.71090 0.70988 0.70946 0.70949 0.70880 0.70614 0.70481 0.70732 0.70672 0.70223 0.70087 0.70426 0.70401 0.69884 0.69741 0.70055 0.70066 0.69636 0.69436 0.69633 0.69743 0.69438 0.69133 0.69225 0.69417 0.69213 0.68845 0.68902 0.69185 0.68921 0.68561 0.68714 0.68889 0.68471 0.68248 0.68637 0.68597 0.68081 0.67966 0.68368 0.68297 0.67833 0.67727 0.67975 0.67870 0.67792 0.67870 0.67541 0.67329 0.67522 0.67655 0.67520 0.67141 0.67010 0.67100 0.67415 0.67359 0.66827 0.66757 0.67154 0.67143 0.66699 0.66708 0.66866 0.66809 0.66620 0.66628 0.66592 0.66564 0.66552 0.66448 0.66395 0.66472 0.66441 0.66156 0.66197 0.66482 0.66336 0.66029 0.66047 0.66267 0.66266 0.65966 0.65899 0.66055 0.66222 0.66011 0.65724 0.65764 0.66144 0.66111 0.65627 0.65595 0.66082 0.66074 0.65560 0.65552 0.66041 0.66037 0.65531 0.65542 0.65976 0.65965 0.65612 0.65608 0.65827 0.65975 0.65799 0.65604 0.65721 0.65967 0.65889 0.65669 0.65830 0.66006 0.65739 0.65684 0.66109 0.66117 0.65697 0.65726 0.66209 0.66230 0.65791 0.65817 0.66293 0.66341 0.65951 0.65939 0.66378 0.66468 0.66098 0.66115 0.66546 0.66520 0.66224 0.66346 0.66726 0.66705 0.66396 0.66463 0.66926 0.66924 0.66569 0.66756 0.67088 0.66978 0.66843 0.67123 0.67316 0.67137 0.67075 0.67434 0.67603 0.67348 0.67318 0.67737 0.67890 0.67602 0.67610 0.68034 0.68188 0.67899 0.67930 0.68351 0.68453 0.68192 0.68428 0.68713 0.68506 0.68524 0.68929 0.68932 0.68769 0.69007 0.69266 0.69207 0.69234 0.69468 0.69488 0.69518 0.69802 0.69892 0.69715 0.69982 0.70254 0.70039 0.70083 0.70482 0.70670 0.70451 0.70520 0.70907 0.71011 0.70941 0.71073 0.71320 0.71295 0.71483 0.71607 0.71603 0.71707 0.71924 0.72064 0.72032 0.72195 0.72379 0.72488 0.72559 0.72731 0.72768 0.72888 0.73114 0.73320 0.73161 0.73253 0.73667 0.73755 0.73611 0.73835 0.74197 0.74116 0.74111 0.74457 0.74644 0.74526 0.74691 0.75024 0.75054 0.75036 0.75278 0.75563 0.75575 0.75650 0.75572 0.75729 0.76140 0.72486 0.64742 0.57175 0.49807 0.42221 0.34529 0.26901 0.19259 0.11561 0.03864 0.00000 0.00000 0.00000 0.00000 0.00000 0.00000 0.00000 0.00000 0.00000 0.00000 0.00000 0.00000 0.00000 0.00000 0.00000 0.00000 0.00000 0.00000 0.00000 0.00000 0.00000 0.00000 0.00000 0.00000 0.00000
0.00000 0.00000 0.00000 0.00000 0.00000 0.00000 0.00000 0.00000 0.00000 0.00000 0.00000 0.00000 0.00000 0.00000 0.00000 0.03824 0.11447 0.19091 0.26782 0.34309 0.41836 0.49536 0.57264 0.64588 0.72058 0.76003 0.76042 0.75692 0.75523 0.75667 0.75702 0.75334 0.75193 0.75279 0.75265 0.74951 0.74845 0.74898 0.74837 0.74573 0.74485 0.74523 0.74412 0.74166 0.74164 0.74181 0.74002 0.73719 0.73793 0.73843 0.73662 0.73346 0.73343 0.73402 0.73375 0.73177 0.73012 0.72829 0.72942 0.72928 0.72773 0.72547 0.72504 0.72475 0.72425 0.72309 0.72188 0.72068 0.71944 0.72010 0.71974 0.71692 0.71519 0.71644 0.71668 0.71396 0.71156 0.71233 0.71310 0.71062 0.70841 0.71001 0.70940 0.70602 0.70575 0.70732 0.70565 0.70298 0.70365 0.70389 0.70163 0.69999 0.70071 0.70078 0.69841 0.69677 0.69690 0.69786 0.69623 0.69332 0.69273 0.69488 0.69427 0.69024 0.68890 0.69226 0.69136 0.68743 0.68647 0.68930 0.68656 0.68467 0.68666 0.68643 0.68286 0.68172 0.68397 0.68380 0.68020 0.67840 0.68093 0.68149 0.67676 0.67592 0.67977 0.67814 0.67369 0.67430 0.67724 0.67530 0.67191 0.67171 0.67335 0.67317 0.67192 0.67121 0.66966 0.66950 0.67100 0.67111 0.66674 0.66576 0.66859 0.66982 0.66714 0.66365 0.66406 0.66813 0.66786 0.66214 0.66244 0.66578 0.66577 0.66415 0.66103 0.66059 0.66401 0.66448 0.66017 0.65894 0.66249 0.66342 0.66032 0.65774 0.66065 0.66225 0.65966 0.65789 0.65963 0.65994 0.65876 0.65890 0.65893 0.65843 0.65860 0.65838 0.65785 0.65910 0.65929 0.65670 0.65645 0.66031 0.66037 0.65640 0.65575 0.65810 0.66075 0.66032 0.65615 0.65658 0.66121 0.66057 0.65688 0.65750 0.66021 0.66051 0.65957 0.65899 0.65962 0.66052 0.66066 0.66069 0.66117 0.66093 0.66089 0.66227 0.66312 0.66229 0.66204 0.66260 0.66399 0.66500 0.66448 0.66319 0.66448 0.66670 0.66713 0.66594 0.66571 0.66683 0.66871 0.67017 0.66880 0.66733 0.66946 0.67278 0.67193 0.66990 0.67176 0.67487 0.67411 0.67295 0.67517 0.67690 0.67587 0.67619 0.67901 0.67937 0.67807 0.67930 0.68219 0.68223 0.68190 0.68281 0.68309 0.68455 0.68689 0.68747 0.68582 0.68631 0.68974 0.69164 0.69074 0.68974 0.69154 0.69533 0.69601 0.69364 0.69433 0.69876 0.70005 0.69788 0.69891 0.70125 0.70269 0.70271 0.70323 0.70493 0.70767 0.70738 0.70642 0.70907 0.71200 0.71228 0.71122 0.71373 0.71540 0.71567 0.71639 0.71782 0.71964 0.71980 0.72101 0.72288 0.72448 0.72419 0.72546 0.72814 0.72976 0.72823 0.72993 0.73346 0.73401 0.73259 0.73517 0.73855 0.73760 0.73759 0.74125 0.74328 0.74159 0.74308 0.74695 0.74743 0.74631 0.74904 0.75223 0.75190 0.75156 0.75428 0.75748 0.75780 0.75720 0.75742 0.75961 0.72488 0.64968 0.57250 0.49661 0.42230 0.34598 0.26937 0.19245 0.11560 0.03862 0.00000 0.00000 0.00000 0.00000 0.00000 0.00000 0.00000 0.00000 0.00000 0.00000 0.00000 0.00000 0.00000 0.00000 0.00000 0.00000 0.00000 0.00000 0.00000 0.00000 0.00000 0.00000 0.00000 0.00000 0.00000
0.00000 0.00000 0.00000 0.00000 0.00000 0.00000 0.00000 0.00000 0.00000 0.00000 0.00000 0.00000 0.00000 0.00000 0.00000 0.03820 0.11466 0.19129 0.26751 0.34256 0.41958 0.49657 0.57138 0.64532 0.72280 0.76145 0.75876 0.75649 0.75768 0.75830 0.75514 0.75275 0.75381 0.75456 0.75153 0.74924 0.74958 0.75040 0.74800 0.74544 0.74561 0.74627 0.74418 0.74217 0.74204 0.74192 0.74006 0.73902 0.73894 0.73800 0.73572 0.73531 0.73498 0.73410 0.73335 0.73274 0.72947 0.72940 0.73080 0.73062 0.72721 0.72495 0.72525 0.72721 0.72561 0.72106 0.72060 0.72283 0.72259 0.71856 0.71734 0.71855 0.71848 0.71613 0.71467 0.71502 0.71379 0.71239 0.71258 0.71227 0.70991 0.70855 0.70860 0.70980 0.70848 0.70468 0.70385 0.70722 0.70630 0.70119 0.69983 0.70369 0.70331 0.69801 0.69680 0.69968 0.70001 0.69578 0.69381 0.69555 0.69654 0.69385 0.69103 0.69145 0.69362 0.69194 0.68816 0.68782 0.69099 0.68920 0.68510 0.68662 0.68813 0.68419 0.68219 0.68590 0.68505 0.68045 0.67976 0.68308 0.68147 0.67860 0.67897 0.67918 0.67664 0.67677 0.67831 0.67693 0.67369 0.67311 0.67468 0.67610 0.67381 0.66995 0.66990 0.67418 0.67360 0.66811 0.66858 0.67154 0.67042 0.66657 0.66808 0.66902 0.66724 0.66578 0.66688 0.66637 0.66501 0.66669 0.66570 0.66305 0.66346 0.66591 0.66376 0.66109 0.66308 0.66483 0.66194 0.65958 0.66185 0.66346 0.66124 0.65819 0.65983 0.66263 0.66172 0.65735 0.65756 0.66211 0.66200 0.65674 0.65667 0.66159 0.66152 0.65641 0.65643 0.66101 0.66078 0.65679 0.65732 0.65988 0.65919 0.65822 0.65911 0.65841 0.65852 0.65974 0.65863 0.65813 0.66006 0.65972 0.65788 0.66121 0.66148 0.65760 0.65788 0.66248 0.66270 0.65831 0.65852 0.66352 0.66375 0.65943 0.65964 0.66454 0.66493 0.66084 0.66087 0.66582 0.66608 0.66222 0.66285 0.66722 0.66716 0.66409 0.66456 0.66882 0.66948 0.66580 0.66635 0.67104 0.67075 0.66776 0.66991 0.67292 0.67172 0.67045 0.67340 0.67535 0.67326 0.67285 0.67682 0.67829 0.67523 0.67544 0.67991 0.68100 0.67796 0.67873 0.68286 0.68367 0.68102 0.68313 0.68616 0.68355 0.68399 0.68837 0.68954 0.68651 0.68756 0.69180 0.69259 0.69077 0.69170 0.69427 0.69577 0.69635 0.69572 0.69625 0.69957 0.70119 0.69842 0.69957 0.70397 0.70513 0.70244 0.70361 0.70807 0.70936 0.70713 0.70859 0.71216 0.71161 0.71206 0.71463 0.71656 0.71493 0.71735 0.71960 0.71778 0.71951 0.72283 0.72406 0.72290 0.72452 0.72699 0.72861 0.72850 0.72994 0.73057 0.73218 0.73435 0.73492 0.73451 0.73660 0.73997 0.73925 0.73913 0.74278 0.74492 0.74321 0.74446 0.74853 0.74922 0.74799 0.75019 0.75384 0.75401 0.75334 0.75486 0.75844 0.75993 0.76028 0.75908 0.72222 0.65017 0.57453 0.49710 0.42120 0.34638 0.26958 0.19245 0.11576 0.03866 0.00000 0.00000 0.00000 0.00000 0.00000 0.00000 0.00000 0.00000 0.00000 0.00000 0.00000 0.00000 0.00000 0.00000 0.00000 0.00000 0.00000 0.00000 0.00000 0.00000 0.00000 0.00000 0.00000 0.00000 0.00000
0.00000 0.00000 0.00000 0.00000 0.00000 0.00000 0.00000 0.00000 0.00000 0.00000 0.00000 0.00000 0.00000 0.00000 0.00000 0.03828 0.11503 0.19108 0.26685 0.34379 0.42112 0.49520 0.57032 0.64800 0.72489 0.75943 0.75794 0.75936 0.75953 0.75605 0.75409 0.75578 0.75593 0.75227 0.75088 0.75170 0.75157 0.74863 0.74747 0.74780 0.74723 0.74472 0.74447 0.74413 0.74251 0.74062 0.74129 0.74072 0.73865 0.73646 0.73688 0.73712 0.73603 0.73350 0.73257 0.73237 0.73235 0.73138 0.73032 0.72844 0.72752 0.72740 0.72774 0.72585 0.72339 0.72308 0.72338 0.72289 0.72105 0.71929 0.71851 0.71932 0.71893 0.71617 0.71441 0.71514 0.71552 0.71377 0.71111 0.71137 0.71188 0.71022 0.70836 0.70868 0.70821 0.70629 0.70621 0.70595 0.70410 0.70276 0.70370 0.70316 0.70024 0.69930 0.70032 0.70047 0.69766 0.69567 0.69620 0.69764 0.69594 0.69230 0.69169 0.69484 0.69391 0.68943 0.68820 0.69200 0.69004 0.68662 0.68792 0.68906 0.68473 0.68382 0.68748 0.68637 0.68178 0.68058 0.68417 0.68409 0.67896 0.67758 0.68183 0.68133 0.67605 0.67574 0.67972 0.67818 0.67349 0.67313 0.67669 0.67602 0.67246 0.67204 0.67315 0.67254 0.67171 0.67246 0.66982 0.66815 0.67050 0.67163 0.66761 0.66553 0.66753 0.66996 0.66839 0.66384 0.66530 0.66783 0.66686 0.66329 0.66396 0.66298 0.66454 0.66606 0.66307 0.66050 0.66245 0.66499 0.66296 0.65926 0.66051 0.66384 0.66229 0.65865 0.65977 0.66230 0.66099 0.65909 0.65954 0.66047 0.66018 0.65921 0.65891 0.66022 0.66029 0.65793 0.65780 0.66119 0.66109 0.65687 0.65684 0.66069 0.66165 0.65921 0.65691 0.65714 0.66168 0.66188 0.65751 0.65771 0.66163 0.66155 0.66027 0.65917 0.65967 0.66130 0.66179 0.66092 0.66063 0.66140 0.66230 0.66255 0.66248 0.66221 0.66310 0.66366 0.66356 0.66421 0.66513 0.66390 0.66403 0.66662 0.66757 0.66546 0.66514 0.66770 0.66952 0.66904 0.66749 0.66768 0.67032 0.67246 0.67109 0.66937 0.67149 0.67482 0.67394 0.67216 0.67417 0.67664 0.67593 0.67567 0.67801 0.67849 0.67743 0.67890 0.68184 0.68129 0.67983 0.68188 0.68491 0.68427 0.68381 0.68548 0.68592 0.68666 0.68803 0.68970 0.68984 0.68931 0.69063 0.69382 0.69470 0.69248 0.69339 0.69780 0.69905 0.69602 0.69768 0.70139 0.70078 0.70021 0.70284 0.70453 0.70510 0.70506 0.70574 0.70827 0.71072 0.71005 0.70941 0.71214 0.71386 0.71503 0.71504 0.71562 0.71747 0.71979 0.72004 0.71980 0.72201 0.72354 0.72459 0.72548 0.72690 0.72735 0.72957 0.73115 0.73098 0.73113 0.73448 0.73662 0.73505 0.73564 0.73958 0.74161 0.73972 0.74086 0.74517 0.74607 0.74437 0.74652 0.75032 0.75041 0.74963 0.75204 0.75534 0.75576 0.75510 0.75610 0.76011 0.76139 0.76171 0.72279 0.64762 0.57493 0.49884 0.42167 0.34530 0.26990 0.19295 0.11595 0.03862 0.00000 0.00000 0.00000 0.00000 0.00000 0.00000 0.00000 0.00000 0.00000 0.00000 0.00000 0.00000 0.00000 0.00000 0.00000 0.00000 0.00000 0.00000 0.00000 0.00000 0.00000 0.00000 0.00000 0.00000 0.00000
0.00000 0.00000 0.00000 0.00000 0.00000 0.00000 0.00000 0.00000 0.00000 0.00000 0.00000 0.00000 0.00000 0.00000 0.00000 0.03835 0.11487 0.19091 0.26772 0.34454 0.42001 0.49465 0.57239 0.64939 0.72305 0.75895 0.76043 0.76069 0.75771 0.75529 0.75701 0.75750 0.75400 0.75156 0.75270 0.75380 0.75062 0.74821 0.74842 0.74946 0.74703 0.74463 0.74454 0.74467 0.74323 0.74201 0.74105 0.74046 0.73929 0.73849 0.73756 0.73678 0.73592 0.73484 0.73319 0.73254 0.73359 0.73286 0.72883 0.72795 0.72885 0.72994 0.72756 0.72369 0.72356 0.72579 0.72510 0.72042 0.71958 0.72156 0.72150 0.71840 0.71663 0.71765 0.71704 0.71515 0.71471 0.71489 0.71236 0.71106 0.71222 0.71231 0.70934 0.70710 0.70734 0.70983 0.70827 0.70353 0.70262 0.70650 0.70580 0.70001 0.69927 0.70284 0.70267 0.69742 0.69624 0.69910 0.69913 0.69519 0.69352 0.69496 0.69573 0.69349 0.69082 0.69044 0.69292 0.69207 0.68779 0.68644 0.69043 0.68874 0.68477 0.68655 0.68743 0.68369 0.68219 0.68520 0.68408 0.68052 0.68066 0.68234 0.68004 0.67844 0.67974 0.67943 0.67648 0.67569 0.67745 0.67778 0.67469 0.67250 0.67308 0.67626 0.67510 0.66997 0.67020 0.67415 0.67309 0.66798 0.66946 0.67173 0.66958 0.66629 0.66857 0.66965 0.66679 0.66687 0.66773 0.66525 0.66382 0.66799 0.66733 0.66230 0.66254 0.66655 0.66498 0.66089 0.66251 0.66484 0.66319 0.66021 0.66149 0.66363 0.66261 0.65920 0.65964 0.66325 0.66285 0.65819 0.65817 0.66279 0.66268 0.65763 0.65767 0.66228 0.66196 0.65766 0.65819 0.66139 0.66030 0.65864 0.66011 0.65990 0.65784 0.66023 0.66144 0.65882 0.65908 0.66133 0.65962 0.65988 0.66158 0.65884 0.65879 0.66275 0.66308 0.65900 0.65903 0.66375 0.66418 0.65986 0.65995 0.66503 0.66522 0.66098 0.66115 0.66615 0.66645 0.66247 0.66261 0.66702 0.66749 0.66448 0.66466 0.66835 0.66927 0.66632 0.66617 0.67064 0.67141 0.66758 0.66886 0.67296 0.67221 0.66995 0.67235 0.67498 0.67355 0.67257 0.67597 0.67767 0.67488 0.67497 0.67945 0.68048 0.67714 0.67817 0.68232 0.68241 0.68023 0.68229 0.68519 0.68376 0.68342 0.68715 0.68855 0.68560 0.68644 0.69066 0.69203 0.68970 0.68987 0.69335 0.69552 0.69486 0.69359 0.69556 0.69902 0.70001 0.69731 0.69841 0.70292 0.70324 0.70102 0.70268 0.70699 0.70806 0.70535 0.70651 0.71100 0.71121 0.71015 0.71268 0.71484 0.71330 0.71547 0.71822 0.71725 0.71744 0.72143 0.72292 0.72050 0.72214 0.72615 0.72748 0.72587 0.72693 0.72983 0.73234 0.73183 0.73138 0.73329 0.73586 0.73779 0.73706 0.73741 0.74101 0.74321 0.74141 0.74228 0.74674 0.74784 0.74601 0.74778 0.75190 0.75244 0.75129 0.75305 0.75693 0.75777 0.75703 0.75747 0.76060 0.76323 0.72592 0.64810 0.57266 0.49942 0.42290 0.34533 0.26928 0.19339 0.11594 0.03859 0.00000 0.00000 0.00000 0.00000 0.00000 0.00000 0.00000 0.00000 0.00000 0.00000 0.00000 0.00000 0.00000 0.00000 0.00000 0.00000 0.00000 0.00000 0.00000 0.00000 0.00000 0.00000 0.00000 0.00000 0.00000
0.00000 0.00000 0.00000 0.00000 0.00000 0.00000 0.00000 0.00000 0.00000 0.00000 0.00000 0.00000 0.00000 0.00000 0.00000 0.03639 0.10892 0.18189 0.25522 0.32647 0.39814 0.47211 0.54561 0.61493 0.68611 0.72583 0.72959 0.73024 0.73202 0.73804 0.74144 0.74169 0.74354 0.74907 0.75317 0.75135 0.74980 0.75053 0.75062 0.74772 0.74660 0.74668 0.74554 0.74379 0.74430 0.74301 0.74085 0.73989 0.74055 0.73958 0.73778 0.73640 0.73561 0.73550 0.73513 0.73376 0.73239 0.73090 0.73045 0.73070 0.73061 0.72853 0.72553 0.72577 0.72700 0.72561 0.72215 0.72193 0.72248 0.72180 0.72065 0.71881 0.71744 0.71778 0.71815 0.71657 0.71378 0.71364 0.71452 0.71408 0.71106 0.70990 0.71068 0.71050 0.70862 0.70703 0.70676 0.70634 0.70629 0.70496 0.70254 0.70226 0.70342 0.70275 0.69932 0.69830 0.69980 0.70023 0.69725 0.69463 0.69535 0.69749 0.69586 0.69150 0.69062 0.69465 0.69347 0.68875 0.68839 0.69164 0.68827 0.68613 0.68952 0.68863 0.68373 0.68318 0.68721 0.68640 0.68108 0.68010 0.68426 0.68388 0.67835 0.67768 0.68196 0.68092 0.67580 0.67530 0.67930 0.67826 0.67392 0.67291 0.67626 0.67588 0.67272 0.67351 0.67306 0.67117 0.67170 0.67325 0.67006 0.66773 0.67040 0.67188 0.66823 0.66571 0.66895 0.66999 0.66668 0.66447 0.66756 0.66706 0.66482 0.66579 0.66592 0.66309 0.66302 0.66621 0.66518 0.66107 0.66119 0.66535 0.66451 0.65997 0.66027 0.66421 0.66323 0.65963 0.66020 0.66274 0.66192 0.65970 0.65999 0.66190 0.66140 0.65898 0.65925 0.66226 0.66186 0.65789 0.65815 0.66235 0.66256 0.65837 0.65776 0.65988 0.66259 0.66205 0.65831 0.65812 0.66254 0.66286 0.66048 0.65927 0.65975 0.66238 0.66281 0.66106 0.66042 0.66212 0.66365 0.66284 0.66165 0.66255 0.66464 0.66415 0.66270 0.66399 0.66625 0.66471 0.66352 0.66643 0.66807 0.66541 0.66487 0.66836 0.66991 0.66787 0.66686 0.66880 0.67119 0.67184 0.67007 0.66927 0.67176 0.67462 0.67349 0.67157 0.67361 0.67675 0.67598 0.67486 0.67690 0.67801 0.67738 0.67857 0.68112 0.68037 0.67899 0.68127 0.68430 0.68375 0.68211 0.68401 0.68648 0.68690 0.68621 0.68755 0.68940 0.68967 0.68943 0.69160 0.69367 0.69250 0.69237 0.69589 0.69784 0.69548 0.69642 0.70010 0.69965 0.69892 0.70199 0.70389 0.70276 0.70311 0.70561 0.70759 0.70878 0.70797 0.70786 0.71104 0.71304 0.71325 0.71325 0.71437 0.71575 0.71860 0.71882 0.71740 0.71981 0.72307 0.72361 0.72276 0.72442 0.72678 0.72840 0.72861 0.72883 0.73012 0.73378 0.73449 0.73259 0.73399 0.73820 0.73983 0.73780 0.73882 0.74339 0.74462 0.74256 0.74420 0.74848 0.74904 0.74781 0.74787 0.74758 0.74449 0.74011 0.73768 0.73745 0.73474 0.73029 0.72682 0.72644 0.69022 0.61791 0.54451 0.47254 0.40233 0.32933 0.25589 0.18302 0.11031 0.03679 0.00000 0.00000 0.00000 0.00000 0.00000 0.00000 0.00000 0.00000 0.00000 0.00000 0.00000 0.00000 0.00000 0.00000 0.00000 0.00000 0.00000 0.00000 0.00000 0.00000 0.00000 0.00000 0.00000 0.00000 0.00000
0.00000 0.00000 0.00000 0.00000 0.00000 0.00000 0.00000 0.00000 0.00000 0.00000 0.00000 0.00000 0.00000 0.00000 0.00000 0.03255 0.09777 0.16304 0.22764 0.29190 0.35787 0.42331 0.48645 0.54974 0.61623 0.65431 0.66326 0.67257 0.68606 0.69706 0.70540 0.71468 0.72770 0.73969 0.74740 0.75044 0.75139 0.75283 0.74981 0.74672 0.74729 0.74781 0.74618 0.74434 0.74353 0.74315 0.74254 0.74182 0.73976 0.73911 0.73927 0.73763 0.73599 0.73545 0.73637 0.73479 0.73113 0.73092 0.73293 0.73272 0.72931 0.72666 0.72711 0.72871 0.72725 0.72291 0.72267 0.72469 0.72362 0.72043 0.71924 0.72017 0.71983 0.71825 0.71696 0.71706 0.71524 0.71396 0.71526 0.71466 0.71089 0.70983 0.71152 0.71217 0.70909 0.70605 0.70632 0.70895 0.70775 0.70241 0.70211 0.70568 0.70519 0.69953 0.69869 0.70218 0.70185 0.69690 0.69590 0.69874 0.69823 0.69455 0.69340 0.69445 0.69495 0.69352 0.69058 0.68910 0.69264 0.69196 0.68743 0.68638 0.69010 0.68773 0.68450 0.68656 0.68701 0.68337 0.68248 0.68464 0.68322 0.68049 0.68125 0.68201 0.67946 0.67793 0.67961 0.67982 0.67671 0.67505 0.67660 0.67816 0.67577 0.67231 0.67234 0.67638 0.67557 0.66998 0.67072 0.67416 0.67247 0.66810 0.66985 0.67193 0.66939 0.66707 0.66903 0.66910 0.66638 0.66849 0.66883 0.66436 0.66370 0.66781 0.66789 0.66288 0.66294 0.66629 0.66569 0.66218 0.66266 0.66485 0.66409 0.66130 0.66163 0.66433 0.66362 0.65994 0.66014 0.66403 0.66353 0.65901 0.65926 0.66359 0.66295 0.65866 0.65941 0.66293 0.66159 0.65915 0.66070 0.66159 0.65947 0.66060 0.66257 0.66014 0.65839 0.66184 0.66214 0.66013 0.66104 0.66080 0.66028 0.66334 0.66328 0.65981 0.65982 0.66396 0.66464 0.66064 0.66039 0.66491 0.66564 0.66170 0.66148 0.66585 0.66677 0.66327 0.66275 0.66649 0.66791 0.66532 0.66470 0.66768 0.66908 0.66713 0.66659 0.66996 0.67142 0.66801 0.66838 0.67281 0.67252 0.66961 0.67168 0.67484 0.67385 0.67226 0.67490 0.67712 0.67519 0.67479 0.67888 0.68010 0.67658 0.67753 0.68192 0.68173 0.67944 0.68173 0.68445 0.68326 0.68294 0.68586 0.68721 0.68539 0.68618 0.68950 0.69063 0.68896 0.68922 0.69229 0.69438 0.69373 0.69246 0.69453 0.69817 0.69884 0.69603 0.69721 0.70187 0.70182 0.69993 0.70184 0.70579 0.70617 0.70400 0.70533 0.70994 0.71092 0.70841 0.71007 0.71356 0.71261 0.71362 0.71653 0.71667 0.71575 0.71943 0.72149 0.71927 0.72024 0.72488 0.72611 0.72368 0.72494 0.72902 0.73079 0.72935 0.72965 0.73234 0.73533 0.73546 0.73468 0.73600 0.73952 0.74125 0.73966 0.74043 0.74492 0.74633 0.74420 0.74555 0.75007 0.75099 0.74381 0.73402 0.72658 0.71622 0.70397 0.69359 0.68590 0.67559 0.66365 0.65231 0.61634 0.55379 0.48869 0.42307 0.35876 0.29515 0.22956 0.16364 0.09856 0.03297 0.00000 0.00000 0.00000 0.00000 0.00000 0.00000 0.00000 0.00000 0.00000 0.00000 0.00000 0.00000 0.00000 0.00000 0.00000 0.00000 0.00000 0.00000 0.00000 0.00000 0.00000 0.00000 0.00000 0.00000 0.00000
0.00000 0.00000 0.00000 0.00000 0.00000 0.00000 0.00000 0.00000 0.00000 0.00000 0.00000 0.00000 0.00000 0.00000 0.00000 0.02879 0.08650 0.14357 0.20055 0.25864 0.31674 0.37207 0.42857 0.48744 0.54492 0.58017 0.59793 0.61921 0.63731 0.65341 0.67069 0.69178 0.71026 0.72562 0.74253 0.75341 0.75407 0.75055 0.74828 0.74933 0.74933 0.74687 0.74630 0.74559 0.74394 0.74314 0.74396 0.74184 0.73965 0.73967 0.73915 0.73811 0.73723 0.73657 0.73484 0.73350 0.73354 0.73422 0.73298 0.73045 0.72842 0.72893 0.73022 0.72822 0.72412 0.72461 0.72641 0.72454 0.72146 0.72164 0.72123 0.72022 0.72088 0.71950 0.71635 0.71594 0.71761 0.71730 0.71362 0.71209 0.71336 0.71412 0.71098 0.70813 0.70951 0.71044 0.70856 0.70610 0.70537 0.70587 0.70601 0.70450 0.70154 0.70140 0.70293 0.70247 0.69877 0.69726 0.69929 0.70010 0.69697 0.69380 0.69438 0.69732 0.69587 0.69103 0.68989 0.69431 0.69260 0.68855 0.68963 0.69069 0.68698 0.68599 0.68960 0.68817 0.68324 0.68281 0.68685 0.68620 0.68059 0.67992 0.68421 0.68364 0.67812 0.67747 0.68166 0.68073 0.67594 0.67487 0.67890 0.67838 0.67429 0.67405 0.67598 0.67480 0.67306 0.67447 0.67286 0.67046 0.67219 0.67358 0.66987 0.66784 0.67129 0.67208 0.66718 0.66598 0.67025 0.66999 0.66500 0.66566 0.66862 0.66666 0.66394 0.66662 0.66733 0.66349 0.66248 0.66665 0.66647 0.66165 0.66146 0.66587 0.66527 0.66072 0.66114 0.66481 0.66373 0.66028 0.66112 0.66388 0.66264 0.65977 0.66076 0.66368 0.66259 0.65896 0.65970 0.66361 0.66337 0.65892 0.65883 0.66247 0.66367 0.66101 0.65898 0.65981 0.66373 0.66373 0.65957 0.65940 0.66146 0.66379 0.66335 0.66099 0.66076 0.66329 0.66454 0.66295 0.66149 0.66320 0.66573 0.66456 0.66225 0.66412 0.66708 0.66543 0.66317 0.66620 0.66845 0.66581 0.66479 0.66868 0.67011 0.66709 0.66664 0.67031 0.67186 0.67048 0.66932 0.66959 0.67223 0.67430 0.67298 0.67128 0.67332 0.67677 0.67598 0.67396 0.67579 0.67836 0.67807 0.67819 0.68004 0.67942 0.67861 0.68115 0.68359 0.68301 0.68153 0.68304 0.68610 0.68672 0.68509 0.68586 0.68896 0.68988 0.68837 0.68952 0.69281 0.69271 0.69134 0.69379 0.69681 0.69538 0.69515 0.69842 0.69909 0.69818 0.70068 0.70283 0.70118 0.70168 0.70505 0.70685 0.70622 0.70608 0.70753 0.71037 0.71224 0.71140 0.71105 0.71310 0.71483 0.71689 0.71721 0.71640 0.71804 0.72200 0.72237 0.72060 0.72235 0.72614 0.72713 0.72614 0.72691 0.72933 0.73213 0.73224 0.73117 0.73271 0.73699 0.73791 0.73589 0.73704 0.74173 0.74302 0.74081 0.74209 0.74675 0.74768 0.74594 0.74748 0.75130 0.74297 0.72343 0.70572 0.68992 0.67225 0.65272 0.63451 0.61901 0.60062 0.58035 0.54328 0.48750 0.43199 0.37435 0.31665 0.25958 0.20294 0.14498 0.08691 0.02902 0.00000 0.00000 0.00000 0.00000 0.00000 0.00000 0.00000 0.00000 0.00000 0.00000 0.00000 0.00000 0.00000 0.00000 0.00000 0.00000 0.00000 0.00000 0.00000 0.00000 0.00000 0.00000 0.00000 0.00000 0.00000
0.00000 0.00000 0.00000 0.00000 0.00000 0.00000 0.00000 0.00000 0.00000 0.00000 0.00000 0.00000 0.00000 0.00000 0.00000 0.02498 0.07480 0.12444 0.17460 0.22457 0.27336 0.32230 0.37332 0.42316 0.47072 0.50752 0.53626 0.56211 0.58636 0.61150 0.63990 0.66587 0.68931 0.71388 0.74128 0.75550 0.75237 0.74907 0.75018 0.75129 0.74901 0.74607 0.74627 0.74637 0.74546 0.74402 0.74238 0.74176 0.74240 0.74080 0.73817 0.73802 0.73935 0.73714 0.73441 0.73398 0.73570 0.73505 0.73106 0.72939 0.73044 0.73180 0.72951 0.72566 0.72595 0.72771 0.72602 0.72256 0.72245 0.72307 0.72210 0.72152 0.72004 0.71881 0.71791 0.71755 0.71813 0.71681 0.71311 0.71295 0.71516 0.71432 0.70979 0.70891 0.71065 0.71123 0.70878 0.70526 0.70568 0.70824 0.70742 0.70191 0.70146 0.70483 0.70447 0.69936 0.69820 0.70170 0.70107 0.69624 0.69582 0.69865 0.69723 0.69423 0.69347 0.69345 0.69433 0.69377 0.69034 0.68826 0.69252 0.69143 0.68691 0.68734 0.68987 0.68681 0.68411 0.68648 0.68658 0.68306 0.68257 0.68432 0.68276 0.68024 0.68129 0.68202 0.67932 0.67746 0.67927 0.68015 0.67695 0.67467 0.67574 0.67847 0.67677 0.67222 0.67232 0.67646 0.67551 0.67011 0.67102 0.67418 0.67236 0.66890 0.67010 0.67157 0.66938 0.66873 0.66971 0.66782 0.66623 0.66869 0.66974 0.66536 0.66405 0.66754 0.66831 0.66416 0.66354 0.66626 0.66614 0.66320 0.66331 0.66554 0.66469 0.66176 0.66229 0.66532 0.66419 0.66050 0.66128 0.66494 0.66364 0.65982 0.66111 0.66444 0.66250 0.65978 0.66187 0.66341 0.66095 0.66091 0.66311 0.66176 0.65941 0.66230 0.66406 0.66122 0.66014 0.66203 0.66256 0.66363 0.66298 0.66004 0.66115 0.66461 0.66491 0.66133 0.66108 0.66515 0.66615 0.66263 0.66191 0.66555 0.66716 0.66447 0.66307 0.66584 0.66833 0.66646 0.66470 0.66690 0.66930 0.66822 0.66700 0.66889 0.67061 0.66923 0.66898 0.67238 0.67236 0.66962 0.67179 0.67476 0.67350 0.67202 0.67423 0.67665 0.67590 0.67483 0.67769 0.67919 0.67649 0.67744 0.68143 0.68115 0.67884 0.68147 0.68407 0.68226 0.68241 0.68541 0.68605 0.68478 0.68606 0.68877 0.68899 0.68820 0.68921 0.69147 0.69277 0.69269 0.69208 0.69361 0.69690 0.69777 0.69514 0.69605 0.70091 0.70103 0.69880 0.70064 0.70461 0.70451 0.70293 0.70456 0.70868 0.70948 0.70705 0.70807 0.71251 0.71306 0.71194 0.71429 0.71547 0.71457 0.71748 0.71994 0.71852 0.71862 0.72309 0.72460 0.72224 0.72325 0.72806 0.72924 0.72712 0.72800 0.73138 0.73395 0.73318 0.73277 0.73484 0.73834 0.73911 0.73777 0.73890 0.74316 0.74459 0.74249 0.74361 0.74837 0.74950 0.74754 0.74881 0.73979 0.71470 0.68725 0.66172 0.63855 0.61306 0.58573 0.55993 0.53630 0.51020 0.47118 0.42225 0.37363 0.32511 0.27511 0.22497 0.17549 0.12579 0.07545 0.02515 0.00000 0.00000 0.00000 0.00000 0.00000 0.00000 0.00000 0.00000 0.00000 0.00000 0.00000 0.00000 0.00000 0.00000 0.00000 0.00000 0.00000 0.00000 0.00000 0.00000 0.00000 0.00000 0.00000 0.00000 0.00000
0.00000 0.00000 0.00000 0.00000 0.00000 0.00000 0.00000 0.00000 0.00000 0.00000 0.00000 0.00000 0.00000 0.00000 0.00000 0.02111 0.06328 0.10562 0.14805 0.18936 0.23119 0.27417 0.31653 0.35663 0.39786 0.43800 0.47169 0.50352 0.53675 0.57309 0.60607 0.63712 0.66999 0.70535 0.73939 0.75306 0.75064 0.75211 0.75275 0.74992 0.74746 0.74820 0.74817 0.74629 0.74579 0.74445 0.74276 0.74282 0.74252 0.74038 0.73917 0.74009 0.73802 0.73625 0.73629 0.73632 0.73509 0.73198 0.73166 0.73230 0.73290 0.73054 0.72689 0.72752 0.72955 0.72742 0.72327 0.72397 0.72553 0.72302 0.72197 0.72258 0.71920 0.71831 0.72103 0.72009 0.71569 0.71442 0.71656 0.71671 0.71339 0.71069 0.71243 0.71351 0.71078 0.70757 0.70854 0.70971 0.70817 0.70556 0.70446 0.70511 0.70545 0.70426 0.70103 0.70038 0.70260 0.70245 0.69819 0.69637 0.69893 0.69987 0.69695 0.69350 0.69317 0.69676 0.69569 0.69100 0.69023 0.69281 0.69126 0.68896 0.69079 0.68927 0.68603 0.68612 0.68924 0.68750 0.68282 0.68251 0.68661 0.68598 0.68036 0.67960 0.68401 0.68338 0.67809 0.67713 0.68137 0.68070 0.67612 0.67504 0.67865 0.67839 0.67468 0.67483 0.67565 0.67409 0.67375 0.67485 0.67231 0.67044 0.67319 0.67384 0.66916 0.66802 0.67224 0.67230 0.66655 0.66651 0.67087 0.67008 0.66512 0.66661 0.66942 0.66673 0.66390 0.66738 0.66830 0.66373 0.66287 0.66741 0.66712 0.66221 0.66237 0.66660 0.66554 0.66134 0.66236 0.66574 0.66402 0.66065 0.66228 0.66522 0.66338 0.66004 0.66150 0.66482 0.66396 0.65997 0.66022 0.66407 0.66467 0.66087 0.65983 0.66237 0.66474 0.66347 0.66009 0.66036 0.66434 0.66508 0.66283 0.66091 0.66184 0.66485 0.66510 0.66273 0.66197 0.66440 0.66633 0.66470 0.66253 0.66462 0.66758 0.66603 0.66352 0.66610 0.66872 0.66657 0.66513 0.66860 0.67009 0.66709 0.66698 0.67104 0.67198 0.66864 0.66901 0.67227 0.67262 0.67298 0.67266 0.67131 0.67311 0.67640 0.67598 0.67349 0.67489 0.67893 0.67884 0.67714 0.67769 0.67858 0.68018 0.68155 0.68218 0.68175 0.68138 0.68256 0.68503 0.68631 0.68481 0.68463 0.68804 0.68971 0.68789 0.68793 0.69186 0.69278 0.69054 0.69189 0.69588 0.69542 0.69394 0.69660 0.69854 0.69777 0.69914 0.70151 0.70027 0.70061 0.70402 0.70590 0.70428 0.70447 0.70739 0.70996 0.71002 0.70934 0.70981 0.71205 0.71493 0.71530 0.71516 0.71505 0.71669 0.72042 0.72092 0.71913 0.72058 0.72511 0.72578 0.72406 0.72509 0.72883 0.73055 0.73004 0.72968 0.73147 0.73547 0.73594 0.73424 0.73555 0.74021 0.74128 0.73903 0.74024 0.74501 0.74622 0.74407 0.74538 0.74966 0.75093 0.74973 0.73384 0.70314 0.67073 0.63637 0.60291 0.57145 0.53810 0.50320 0.47000 0.43799 0.40001 0.35756 0.31608 0.27457 0.23319 0.19088 0.14845 0.10624 0.06400 0.02133 0.00000 0.00000 0.00000 0.00000 0.00000 0.00000 0.00000 0.00000 0.00000 0.00000 0.00000 0.00000 0.00000 0.00000 0.00000 0.00000 0.00000 0.00000 0.00000 0.00000 0.00000 0.00000 0.00000 0.00000 0.00000
0.00000 0.00000 0.00000 0.00000 0.00000 0.00000 0.00000 0.00000 0.00000 0.00000 0.00000 0.00000 0.00000 0.00000 0.00000 0.01729 0.05192 0.08646 0.12072 0.15501 0.19015 0.22457 0.25799 0.29160 0.32750 0.36548 0.40545 0.44647 0.49023 0.53101 0.57002 0.61098 0.65369 0.69508 0.73388 0.75252 0.75309 0.75427 0.75194 0.74856 0.74902 0.75020 0.74846 0.74552 0.74521 0.74564 0.74509 0.74314 0.74081 0.74086 0.74265 0.73986 0.73666 0.73684 0.73813 0.73720 0.73408 0.73233 0.73312 0.73468 0.73216 0.72832 0.72912 0.73086 0.72855 0.72501 0.72559 0.72650 0.72427 0.72306 0.72381 0.72050 0.72020 0.72171 0.72103 0.71829 0.71555 0.71638 0.71803 0.71661 0.71148 0.71198 0.71452 0.71356 0.70954 0.70832 0.70999 0.71054 0.70845 0.70462 0.70484 0.70734 0.70689 0.70212 0.70076 0.70405 0.70397 0.69919 0.69799 0.70167 0.70006 0.69568 0.69609 0.69813 0.69608 0.69464 0.69362 0.69194 0.69369 0.69397 0.68974 0.68869 0.69155 0.69045 0.68611 0.68807 0.68923 0.68606 0.68375 0.68638 0.68633 0.68279 0.68244 0.68418 0.68250 0.67995 0.68113 0.68217 0.67920 0.67708 0.67886 0.68048 0.67742 0.67448 0.67501 0.67865 0.67781 0.67220 0.67250 0.67649 0.67545 0.67075 0.67130 0.67383 0.67240 0.67009 0.67053 0.67080 0.66937 0.66964 0.67050 0.66809 0.66634 0.66868 0.67029 0.66642 0.66463 0.66755 0.66863 0.66510 0.66465 0.66686 0.66619 0.66356 0.66435 0.66668 0.66503 0.66206 0.66349 0.66634 0.66424 0.66111 0.66314 0.66586 0.66316 0.66069 0.66351 0.66516 0.66194 0.66124 0.66416 0.66367 0.66090 0.66271 0.66493 0.66245 0.66037 0.66327 0.66489 0.66362 0.66218 0.66125 0.66321 0.66570 0.66473 0.66179 0.66229 0.66589 0.66651 0.66311 0.66251 0.66613 0.66767 0.66497 0.66350 0.66608 0.66877 0.66712 0.66483 0.66670 0.66986 0.66903 0.66696 0.66811 0.67052 0.67087 0.66996 0.67080 0.67080 0.67015 0.67332 0.67454 0.67189 0.67195 0.67474 0.67622 0.67574 0.67490 0.67602 0.67803 0.67866 0.67815 0.67949 0.67949 0.67904 0.68216 0.68344 0.68074 0.68197 0.68543 0.68496 0.68365 0.68601 0.68864 0.68743 0.68701 0.68933 0.69136 0.69101 0.69143 0.69215 0.69301 0.69531 0.69660 0.69468 0.69507 0.69977 0.70041 0.69778 0.69926 0.70358 0.70334 0.70187 0.70359 0.70712 0.70772 0.70627 0.70709 0.71156 0.71262 0.71050 0.71143 0.71399 0.71504 0.71588 0.71827 0.71739 0.71714 0.72118 0.72303 0.72122 0.72173 0.72656 0.72765 0.72541 0.72642 0.73051 0.73236 0.73115 0.73116 0.73360 0.73705 0.73696 0.73591 0.73763 0.74165 0.74262 0.74072 0.74200 0.74663 0.74786 0.74566 0.74689 0.75141 0.75277 0.73057 0.69011 0.65194 0.61165 0.56943 0.52843 0.48917 0.44775 0.40524 0.36429 0.32758 0.29341 0.25882 0.22465 0.19057 0.15634 0.12166 0.08694 0.05234 0.01746 0.00000 0.00000 0.00000 0.00000 0.00000 0.00000 0.00000 0.00000 0.00000 0.00000 0.00000 0.00000 0.00000 0.00000 0.00000 0.00000 0.00000 0.00000 0.00000 0.00000 0.00000 0.00000 0.00000 0.00000 0.00000
0.00000 0.00000 0.00000 0.00000 0.00000 0.00000 0.00000 0.00000 0.00000 0.00000 0.00000 0.00000 0.00000 0.00000 0.00000 0.01347 0.04040 0.06714 0.09397 0.12109 0.14804 0.17400 0.20058 0.22817 0.25501 0.29158 0.34062 0.39195 0.44056 0.48726 0.53625 0.58682 0.63555 0.68188 0.72972 0.75485 0.75554 0.75286 0.74998 0.75091 0.75168 0.74938 0.74690 0.74711 0.74741 0.74590 0.74454 0.74306 0.74218 0.74320 0.74124 0.73836 0.73863 0.73971 0.73773 0.73508 0.73482 0.73501 0.73522 0.73283 0.73017 0.73078 0.73203 0.72980 0.72619 0.72638 0.72829 0.72626 0.72251 0.72538 0.72298 0.72080 0.72380 0.72251 0.71791 0.71664 0.71983 0.71888 0.71534 0.71387 0.71554 0.71585 0.71317 0.71018 0.71170 0.71318 0.71033 0.70710 0.70799 0.70918 0.70744 0.70540 0.70432 0.70415 0.70491 0.70424 0.70053 0.69938 0.70277 0.70234 0.69773 0.69604 0.69791 0.69912 0.69729 0.69342 0.69237 0.69462 0.69514 0.69186 0.69167 0.69051 0.68968 0.68994 0.69132 0.68824 0.68537 0.68631 0.68900 0.68732 0.68261 0.68212 0.68642 0.68577 0.68025 0.67931 0.68383 0.68316 0.67806 0.67707 0.68123 0.68081 0.67634 0.67527 0.67842 0.67826 0.67522 0.67535 0.67511 0.67379 0.67478 0.67536 0.67157 0.67050 0.67417 0.67415 0.66872 0.66824 0.67288 0.67260 0.66691 0.66711 0.67142 0.67019 0.66551 0.66741 0.67007 0.66680 0.66438 0.66853 0.66890 0.66394 0.66371 0.66833 0.66735 0.66280 0.66371 0.66740 0.66551 0.66192 0.66382 0.66665 0.66433 0.66131 0.66337 0.66600 0.66445 0.66127 0.66199 0.66528 0.66545 0.66170 0.66094 0.66431 0.66578 0.66311 0.66098 0.66247 0.66588 0.66545 0.66212 0.66144 0.66379 0.66632 0.66541 0.66250 0.66285 0.66603 0.66683 0.66449 0.66319 0.66569 0.66808 0.66634 0.66401 0.66636 0.66917 0.66740 0.66552 0.66832 0.67029 0.66784 0.66740 0.67104 0.67149 0.66845 0.66977 0.67326 0.67230 0.67080 0.67307 0.67290 0.67262 0.67548 0.67607 0.67335 0.67427 0.67852 0.67896 0.67624 0.67637 0.67889 0.68148 0.68147 0.67920 0.68000 0.68255 0.68357 0.68331 0.68542 0.68517 0.68374 0.68645 0.68920 0.68818 0.68684 0.69027 0.69248 0.69045 0.69041 0.69489 0.69545 0.69293 0.69477 0.69801 0.69764 0.69760 0.69997 0.69974 0.69983 0.70277 0.70479 0.70292 0.70315 0.70670 0.70901 0.70768 0.70756 0.70973 0.71234 0.71348 0.71371 0.71314 0.71343 0.71573 0.71890 0.71948 0.71772 0.71891 0.72365 0.72442 0.72241 0.72338 0.72830 0.72910 0.72785 0.72806 0.73012 0.73381 0.73416 0.73277 0.73405 0.73857 0.73945 0.73742 0.73867 0.74328 0.74459 0.74230 0.74350 0.74804 0.74945 0.74768 0.74872 0.75249 0.72968 0.68006 0.63163 0.58488 0.53676 0.48735 0.43874 0.39116 0.34149 0.29159 0.25440 0.22828 0.20167 0.17491 0.14825 0.12149 0.09478 0.06775 0.04066 0.01359 0.00000 0.00000 0.00000 0.00000 0.00000 0.00000 0.00000 0.00000 0.00000 0.00000 0.00000 0.00000 0.00000 0.00000 0.00000 0.00000 0.00000 0.00000 0.00000 0.00000 0.00000 0.00000 0.00000 0.00000 0.00000
0.00000 0.00000 0.00000 0.00000 0.00000 0.00000 0.00000 0.00000 0.00000 0.00000 0.00000 0.00000 0.00000 0.00000 0.00000 0.00962 0.02884 0.04804 0.06737 0.08652 0.10533 0.12430 0.14405 0.16318 0.18143 0.21907 0.27770 0.33446 0.38932 0.44613 0.50434 0.56066 0.61487 0.67102 0.72797 0.75680 0.75450 0.75187 0.75186 0.75346 0.75149 0.74798 0.74798 0.74978 0.74795 0.74435 0.74392 0.74465 0.74510 0.74244 0.73917 0.73991 0.74144 0.73971 0.73655 0.73569 0.73578 0.73703 0.73476 0.73101 0.73192 0.73391 0.73091 0.72766 0.72889 0.72986 0.72703 0.72422 0.72729 0.72460 0.72199 0.72454 0.72402 0.71991 0.71821 0.72010 0.72077 0.71825 0.71456 0.71525 0.71750 0.71623 0.71112 0.71118 0.71416 0.71307 0.70923 0.70786 0.70932 0.70958 0.70814 0.70513 0.70395 0.70624 0.70651 0.70278 0.70025 0.70319 0.70329 0.69898 0.69818 0.70150 0.69890 0.69582 0.69643 0.69634 0.69487 0.69548 0.69374 0.69120 0.69283 0.69365 0.68964 0.68984 0.69098 0.68926 0.68605 0.68837 0.68907 0.68557 0.68343 0.68623 0.68600 0.68262 0.68246 0.68410 0.68215 0.67973 0.68112 0.68228 0.67908 0.67696 0.67860 0.68060 0.67819 0.67452 0.67492 0.67870 0.67818 0.67252 0.67295 0.67632 0.67520 0.67163 0.67180 0.67333 0.67238 0.67099 0.67117 0.67071 0.66939 0.66996 0.67117 0.66880 0.66666 0.66887 0.67082 0.66718 0.66552 0.66818 0.66820 0.66540 0.66634 0.66806 0.66612 0.66367 0.66563 0.66783 0.66515 0.66252 0.66513 0.66726 0.66397 0.66190 0.66527 0.66672 0.66283 0.66183 0.66559 0.66566 0.66209 0.66300 0.66590 0.66405 0.66152 0.66424 0.66632 0.66393 0.66194 0.66341 0.66557 0.66662 0.66414 0.66239 0.66419 0.66682 0.66645 0.66357 0.66358 0.66710 0.66812 0.66511 0.66405 0.66709 0.66926 0.66720 0.66519 0.66731 0.67044 0.66927 0.66682 0.66820 0.67138 0.67152 0.66966 0.66928 0.67104 0.67329 0.67354 0.67291 0.67105 0.67238 0.67590 0.67566 0.67440 0.67506 0.67600 0.67722 0.67894 0.67843 0.67686 0.67864 0.68106 0.68205 0.68063 0.67984 0.68325 0.68526 0.68281 0.68274 0.68653 0.68826 0.68577 0.68591 0.68951 0.69151 0.68935 0.68974 0.69234 0.69299 0.69354 0.69522 0.69469 0.69441 0.69836 0.69972 0.69704 0.69789 0.70262 0.70261 0.70072 0.70241 0.70585 0.70630 0.70548 0.70624 0.70912 0.71093 0.71064 0.70989 0.71146 0.71567 0.71508 0.71520 0.71574 0.71614 0.71959 0.72115 0.72008 0.72044 0.72448 0.72590 0.72450 0.72502 0.72981 0.73071 0.72955 0.72960 0.73189 0.73552 0.73518 0.73425 0.73629 0.74020 0.74052 0.73895 0.74070 0.74494 0.74601 0.74384 0.74523 0.74986 0.75117 0.74915 0.75028 0.72606 0.67088 0.61337 0.55741 0.50293 0.44657 0.38945 0.33317 0.27734 0.21983 0.18149 0.16298 0.14415 0.12507 0.10598 0.08684 0.06770 0.04840 0.02905 0.00970 0.00000 0.00000 0.00000 0.00000 0.00000 0.00000 0.00000 0.00000 0.00000 0.00000 0.00000 0.00000 0.00000 0.00000 0.00000 0.00000 0.00000 0.00000 0.00000 0.00000 0.00000 0.00000 0.00000 0.00000 0.00000
0.00000 0.00000 0.00000 0.00000 0.00000 0.00000 0.00000 0.00000 0.00000 0.00000 0.00000 0.00000 0.00000 0.00000 0.00000 0.00577 0.01733 0.02889 0.04041 0.05176 0.06328 0.07502 0.08654 0.09752 0.10883 0.14772 0.21258 0.27579 0.34039 0.40631 0.47033 0.53251 0.59644 0.66120 0.72617 0.75576 0.75351 0.75347 0.75477 0.75260 0.74929 0.74977 0.75110 0.74891 0.74556 0.74585 0.74645 0.74575 0.74350 0.74124 0.74158 0.74283 0.74081 0.73740 0.73766 0.73781 0.73768 0.73561 0.73345 0.73376 0.73450 0.73188 0.72950 0.73034 0.73072 0.72891 0.72603 0.72672 0.72607 0.72377 0.72524 0.72515 0.72059 0.71954 0.72285 0.72128 0.71740 0.71713 0.71874 0.71759 0.71532 0.71384 0.71469 0.71538 0.71275 0.70974 0.71144 0.71293 0.70940 0.70678 0.70829 0.70841 0.70639 0.70537 0.70451 0.70312 0.70456 0.70428 0.70003 0.69878 0.70240 0.70173 0.69808 0.69585 0.69604 0.69715 0.69766 0.69472 0.69298 0.69234 0.69378 0.69365 0.69323 0.68950 0.68835 0.69033 0.69135 0.68816 0.68499 0.68586 0.68882 0.68759 0.68248 0.68183 0.68631 0.68564 0.68013 0.67934 0.68379 0.68309 0.67802 0.67725 0.68123 0.68098 0.67661 0.67559 0.67818 0.67789 0.67596 0.67686 0.67448 0.67322 0.67577 0.67600 0.67115 0.67051 0.67477 0.67453 0.66900 0.66856 0.67335 0.67293 0.66740 0.66770 0.67194 0.67051 0.66606 0.66821 0.67064 0.66643 0.66518 0.67012 0.66916 0.66448 0.66508 0.66904 0.66716 0.66350 0.66538 0.66811 0.66549 0.66282 0.66524 0.66724 0.66505 0.66273 0.66406 0.66642 0.66598 0.66297 0.66247 0.66570 0.66679 0.66360 0.66200 0.66460 0.66694 0.66535 0.66217 0.66301 0.66660 0.66714 0.66571 0.66281 0.66388 0.66759 0.66742 0.66423 0.66403 0.66721 0.66860 0.66633 0.66460 0.66713 0.66974 0.66800 0.66580 0.66823 0.67080 0.66895 0.66752 0.67049 0.67181 0.66939 0.67013 0.67357 0.67176 0.67052 0.67405 0.67439 0.67169 0.67404 0.67635 0.67431 0.67383 0.67830 0.67892 0.67558 0.67591 0.67979 0.68135 0.67970 0.67853 0.68017 0.68356 0.68340 0.68157 0.68348 0.68585 0.68377 0.68466 0.68824 0.68885 0.68625 0.68807 0.69179 0.69154 0.68945 0.69316 0.69518 0.69222 0.69319 0.69730 0.69775 0.69614 0.69819 0.69953 0.69943 0.70131 0.70354 0.70201 0.70204 0.70568 0.70779 0.70606 0.70617 0.70927 0.71131 0.71095 0.71182 0.71269 0.71198 0.71549 0.71755 0.71817 0.71622 0.71722 0.72214 0.72313 0.72088 0.72176 0.72679 0.72772 0.72601 0.72643 0.72976 0.73234 0.73259 0.73121 0.73215 0.73689 0.73776 0.73604 0.73716 0.74154 0.74281 0.74076 0.74190 0.74634 0.74789 0.74578 0.74682 0.75112 0.75270 0.75135 0.72028 0.65921 0.59619 0.53184 0.46813 0.40509 0.34052 0.27598 0.21197 0.14756 0.10911 0.09772 0.08652 0.07507 0.06362 0.05216 0.04062 0.02903 0.01747 0.00583 0.00000 0.00000 0.00000 0.00000 0.00000 0.00000 0.00000 0.00000 0.00000 0.00000 0.00000 0.00000 0.00000 0.00000 0.00000 0.00000 0.00000 0.00000 0.00000 0.00000 0.00000 0.00000 0.00000 0.00000 0.00000
0.00000 0.00000 0.00000 0.00000 0.00000 0.00000 0.00000 0.00000 0.00000 0.00000 0.00000 0.00000 0.00000 0.00000 0.00000 0.00193 0.00579 0.00963 0.01345 0.01728 0.02120 0.02501 0.02873 0.03249 0.03651 0.07482 0.14673 0.21900 0.29248 0.36444 0.43460 0.50660 0.57915 0.65156 0.72106 0.75531 0.75486 0.75628 0.75431 0.75104 0.75080 0.75296 0.75080 0.74669 0.74694 0.74869 0.74745 0.74417 0.74263 0.74338 0.74413 0.74243 0.73905 0.73868 0.73888 0.73976 0.73748 0.73414 0.73451 0.73639 0.73347 0.73015 0.73256 0.73286 0.72887 0.72697 0.72926 0.72824 0.72493 0.72524 0.72671 0.72276 0.72102 0.72347 0.72354 0.71989 0.71785 0.71893 0.71998 0.71840 0.71418 0.71419 0.71718 0.71584 0.71091 0.71109 0.71374 0.71188 0.70893 0.70866 0.70847 0.70828 0.70794 0.70619 0.70327 0.70446 0.70617 0.70371 0.70012 0.70227 0.70253 0.69885 0.69823 0.69982 0.69790 0.69676 0.69690 0.69497 0.69447 0.69559 0.69360 0.69234 0.69259 0.69229 0.68947 0.69069 0.69115 0.68840 0.68570 0.68833 0.68907 0.68545 0.68366 0.68600 0.68543 0.68267 0.68290 0.68394 0.68163 0.67983 0.68148 0.68225 0.67889 0.67718 0.67903 0.68060 0.67838 0.67461 0.67573 0.67884 0.67749 0.67307 0.67379 0.67605 0.67489 0.67241 0.67246 0.67329 0.67237 0.67142 0.67185 0.67122 0.66960 0.67030 0.67158 0.66938 0.66724 0.66959 0.67071 0.66739 0.66808 0.66946 0.66698 0.66539 0.66792 0.66936 0.66641 0.66404 0.66692 0.66873 0.66525 0.66335 0.66686 0.66814 0.66398 0.66286 0.66707 0.66749 0.66323 0.66341 0.66715 0.66599 0.66281 0.66483 0.66736 0.66482 0.66266 0.66570 0.66743 0.66577 0.66378 0.66374 0.66639 0.66764 0.66608 0.66438 0.66522 0.66799 0.66830 0.66550 0.66492 0.66817 0.66978 0.66725 0.66569 0.66828 0.67095 0.66923 0.66700 0.66891 0.67226 0.67141 0.66897 0.66962 0.67274 0.67405 0.67325 0.67117 0.67145 0.67394 0.67632 0.67492 0.67339 0.67540 0.67739 0.67669 0.67802 0.67859 0.67683 0.67806 0.68168 0.68177 0.67889 0.68000 0.68391 0.68460 0.68171 0.68263 0.68691 0.68725 0.68427 0.68571 0.68962 0.69036 0.68793 0.68892 0.69244 0.69365 0.69187 0.69395 0.69495 0.69368 0.69661 0.69884 0.69682 0.69672 0.70157 0.70220 0.69960 0.70102 0.70498 0.70534 0.70426 0.70517 0.70774 0.70943 0.70955 0.70896 0.71031 0.71397 0.71498 0.71290 0.71355 0.71782 0.71853 0.71830 0.71865 0.72007 0.72276 0.72367 0.72348 0.72409 0.72711 0.72874 0.72897 0.72834 0.72933 0.73388 0.73425 0.73269 0.73439 0.73862 0.73871 0.73735 0.73946 0.74332 0.74392 0.74214 0.74391 0.74819 0.74939 0.74724 0.74854 0.75306 0.75444 0.71700 0.64646 0.57757 0.50626 0.43424 0.36287 0.29176 0.21918 0.14690 0.07466 0.03646 0.03261 0.02883 0.02506 0.02122 0.01738 0.01356 0.00969 0.00583 0.00194 0.00000 0.00000 0.00000 0.00000 0.00000 0.00000 0.00000 0.00000 0.00000 0.00000 0.00000 0.00000 0.00000 0.00000 0.00000 0.00000 0.00000 0.00000 0.00000 0.00000 0.00000 0.00000 0.00000 0.00000 0.00000
0.00000 0.00000 0.00000 0.00000 0.00000 0.00000 0.00000 0.00000 0.00000 0.00000 0.00000 0.00000 0.00000 0.00000 0.00000 0.00000 0.00000 0.00000 0.00000 0.00000 0.00000 0.00000 0.00000 0.00000 0.00000 0.03819 0.11450 0.19157 0.26766 0.34228 0.41814 0.49480 0.57098 0.64475 0.71875 0.75622 0.75801 0.75575 0.75255 0.75245 0.75419 0.75195 0.74806 0.74866 0.75019 0.74841 0.74493 0.74460 0.74524 0.74512 0.74346 0.74029 0.74046 0.74074 0.74071 0.73832 0.73627 0.73629 0.73706 0.73476 0.73270 0.73400 0.73321 0.72948 0.72949 0.73033 0.72886 0.72706 0.72750 0.72765 0.72361 0.72283 0.72589 0.72432 0.71953 0.72012 0.72182 0.71990 0.71729 0.71752 0.71773 0.71678 0.71558 0.71356 0.71413 0.71501 0.71188 0.70926 0.71210 0.71232 0.70798 0.70654 0.70886 0.70746 0.70484 0.70543 0.70475 0.70230 0.70362 0.70400 0.70026 0.69848 0.69970 0.70041 0.69934 0.69697 0.69545 0.69499 0.69718 0.69662 0.69444 0.69153 0.69183 0.69389 0.69387 0.68950 0.68753 0.68971 0.69119 0.68894 0.68488 0.68495 0.68874 0.68801 0.68238 0.68178 0.68628 0.68558 0.67999 0.67973 0.68394 0.68289 0.67803 0.67780 0.68132 0.68061 0.67689 0.67794 0.67795 0.67573 0.67679 0.67822 0.67407 0.67268 0.67644 0.67648 0.67133 0.67064 0.67523 0.67494 0.66948 0.66902 0.67383 0.67334 0.66795 0.66808 0.67249 0.67123 0.66682 0.66895 0.67099 0.66701 0.66652 0.67042 0.66894 0.66525 0.66692 0.66976 0.66686 0.66441 0.66709 0.66875 0.66585 0.66416 0.66627 0.66776 0.66639 0.66433 0.66446 0.66700 0.66763 0.66461 0.66328 0.66628 0.66798 0.66558 0.66325 0.66501 0.66790 0.66741 0.66581 0.66396 0.66465 0.66870 0.66839 0.66438 0.66478 0.66877 0.66931 0.66625 0.66532 0.66831 0.67035 0.66832 0.66626 0.66859 0.67137 0.66992 0.66765 0.66988 0.67248 0.67107 0.66969 0.67226 0.67301 0.67167 0.67358 0.67431 0.67182 0.67366 0.67671 0.67539 0.67363 0.67714 0.67889 0.67584 0.67572 0.68018 0.68112 0.67848 0.67830 0.68133 0.68350 0.68195 0.68080 0.68345 0.68609 0.68433 0.68351 0.68712 0.68894 0.68619 0.68657 0.69086 0.69200 0.68896 0.69023 0.69447 0.69379 0.69215 0.69576 0.69774 0.69502 0.69633 0.69932 0.69958 0.69960 0.70201 0.70165 0.70124 0.70435 0.70668 0.70498 0.70491 0.70832 0.71027 0.70926 0.70996 0.71203 0.71241 0.71389 0.71610 0.71610 0.71487 0.71719 0.72079 0.72129 0.71939 0.72062 0.72522 0.72607 0.72429 0.72504 0.72913 0.73091 0.73050 0.72960 0.73066 0.73544 0.73636 0.73457 0.73542 0.73979 0.74105 0.73946 0.74045 0.74460 0.74613 0.74417 0.74518 0.74960 0.75121 0.74928 0.75027 0.75438 0.71790 0.64169 0.56716 0.49323 0.41756 0.34223 0.26683 0.19113 0.11451 0.03822 0.00000 0.00000 0.00000 0.00000 0.00000 0.00000 0.00000 0.00000 0.00000 0.00000 0.00000 0.00000 0.00000 0.00000 0.00000 0.00000 0.00000 0.00000 0.00000 0.00000 0.00000 0.00000 0.00000 0.00000 0.00000 0.00000 0.00000 0.00000 0.00000 0.00000 0.00000 0.00000 0.00000 0.00000 0.00000
0.00000 0.00000 0.00000 0.00000 0.00000 0.00000 0.00000 0.00000 0.00000 0.00000 0.00000 0.00000 0.00000 0.00000 0.00000 0.00000 0.00000 0.00000 0.00000 0.00000 0.00000 0.00000 0.00000 0.00000 0.00000 0.03822 0.11517 0.19156 0.26659 0.34270 0.41971 0.49587 0.56967 0.64436 0.72004 0.75953 0.75718 0.75411 0.75380 0.75573 0.75363 0.74975 0.74992 0.75191 0.75006 0.74616 0.74606 0.74717 0.74640 0.74476 0.74230 0.74173 0.74182 0.74262 0.74022 0.73701 0.73718 0.73917 0.73666 0.73322 0.73479 0.73525 0.73103 0.72992 0.73264 0.73131 0.72844 0.72746 0.72864 0.72628 0.72452 0.72620 0.72634 0.72170 0.72054 0.72269 0.72282 0.71993 0.71735 0.71771 0.71941 0.71890 0.71384 0.71346 0.71682 0.71469 0.71061 0.71222 0.71306 0.71029 0.70874 0.70939 0.70761 0.70663 0.70783 0.70694 0.70279 0.70198 0.70577 0.70354 0.69986 0.70159 0.70202 0.69903 0.69823 0.69851 0.69762 0.69708 0.69665 0.69563 0.69474 0.69428 0.69289 0.69385 0.69308 0.69088 0.68873 0.69079 0.69161 0.68822 0.68544 0.68799 0.68865 0.68573 0.68451 0.68557 0.68458 0.68308 0.68379 0.68360 0.68083 0.68031 0.68248 0.68211 0.67812 0.67735 0.68057 0.68088 0.67737 0.67484 0.67681 0.67887 0.67670 0.67366 0.67456 0.67607 0.67480 0.67284 0.67313 0.67374 0.67252 0.67180 0.67238 0.67172 0.67021 0.67110 0.67124 0.66949 0.66929 0.67099 0.66734 0.66725 0.67100 0.67093 0.66768 0.66567 0.66860 0.67029 0.66710 0.66493 0.66816 0.66950 0.66562 0.66434 0.66838 0.66908 0.66459 0.66410 0.66845 0.66810 0.66411 0.66525 0.66849 0.66647 0.66383 0.66681 0.66871 0.66522 0.66419 0.66787 0.66834 0.66655 0.66583 0.66608 0.66717 0.66839 0.66825 0.66646 0.66618 0.66891 0.67024 0.66777 0.66636 0.66909 0.67149 0.66946 0.66744 0.66970 0.67269 0.67124 0.66893 0.67057 0.67387 0.67361 0.67189 0.67137 0.67197 0.67562 0.67626 0.67455 0.67322 0.67564 0.67843 0.67653 0.67629 0.67863 0.67736 0.67773 0.68134 0.68170 0.67862 0.67980 0.68405 0.68408 0.68111 0.68283 0.68669 0.68607 0.68382 0.68615 0.68948 0.68875 0.68696 0.68929 0.69231 0.69189 0.69056 0.69332 0.69507 0.69236 0.69481 0.69804 0.69713 0.69584 0.70006 0.70168 0.69893 0.69959 0.70434 0.70484 0.70290 0.70385 0.70687 0.70840 0.70812 0.70789 0.70963 0.71252 0.71355 0.71190 0.71231 0.71679 0.71793 0.71617 0.71691 0.72025 0.72151 0.72114 0.72200 0.72389 0.72557 0.72623 0.72728 0.72783 0.72903 0.73190 0.73333 0.73136 0.73216 0.73701 0.73756 0.73589 0.73783 0.74168 0.74192 0.74072 0.74278 0.74657 0.74734 0.74557 0.74716 0.75160 0.75288 0.75074 0.75198 0.71852 0.64352 0.56730 0.49277 0.41838 0.34223 0.26680 0.19106 0.11489 0.03825 0.00000 0.00000 0.00000 0.00000 0.00000 0.00000 0.00000 0.00000 0.00000 0.00000 0.00000 0.00000 0.00000 0.00000 0.00000 0.00000 0.00000 0.00000 0.00000 0.00000 0.00000 0.00000 0.00000 0.00000 0.00000 0.00000 0.00000 0.00000 0.00000 0.00000 0.00000 0.00000 0.00000 0.00000 0.00000
0.00000 0.00000 0.00000 0.00000 0.00000 0.00000 0.00000 0.00000 0.00000 0.00000 0.00000 0.00000 0.00000 0.00000 0.00000 0.00000 0.00000 0.00000 0.00000 0.00000 0.00000 0.00000 0.00000 0.00000 0.00000 0.03846 0.11518 0.19083 0.26712 0.34434 0.42036 0.49475 0.56954 0.64550 0.72308 0.75877 0.75548 0.75517 0.75742 0.75510 0.75117 0.75153 0.75345 0.75126 0.74727 0.74766 0.74908 0.74763 0.74538 0.74383 0.74362 0.74353 0.74363 0.74098 0.73892 0.73905 0.74008 0.73798 0.73556 0.73613 0.73577 0.73274 0.73262 0.73422 0.73168 0.72876 0.73017 0.73019 0.72682 0.72580 0.72839 0.72768 0.72214 0.72248 0.72515 0.72312 0.71959 0.72049 0.72089 0.71873 0.71812 0.71744 0.71599 0.71630 0.71565 0.71305 0.71456 0.71464 0.71015 0.70879 0.71238 0.71149 0.70629 0.70643 0.70881 0.70660 0.70298 0.70535 0.70515 0.70179 0.70152 0.70317 0.70168 0.69883 0.69820 0.69835 0.69990 0.69880 0.69543 0.69427 0.69593 0.69676 0.69594 0.69161 0.69026 0.69305 0.69368 0.69044 0.68739 0.68833 0.69112 0.69000 0.68490 0.68443 0.68863 0.68810 0.68242 0.68207 0.68630 0.68516 0.67999 0.68069 0.68415 0.68192 0.67807 0.67977 0.68150 0.67788 0.67740 0.68017 0.67768 0.67433 0.67756 0.67862 0.67411 0.67272 0.67691 0.67691 0.67177 0.67101 0.67568 0.67543 0.67001 0.66952 0.67441 0.67382 0.66859 0.66818 0.67292 0.67188 0.66814 0.66942 0.67081 0.66751 0.66845 0.67149 0.66846 0.66605 0.66887 0.67056 0.66687 0.66545 0.66850 0.66947 0.66677 0.66553 0.66691 0.66851 0.66813 0.66574 0.66502 0.66783 0.66908 0.66625 0.66439 0.66690 0.66897 0.66766 0.66580 0.66565 0.66632 0.66935 0.66931 0.66517 0.66528 0.67009 0.67030 0.66634 0.66600 0.66971 0.67112 0.66851 0.66689 0.66938 0.67196 0.67058 0.66808 0.66983 0.67303 0.67239 0.66959 0.67082 0.67422 0.67429 0.67190 0.67196 0.67437 0.67497 0.67637 0.67526 0.67392 0.67632 0.67887 0.67765 0.67570 0.67917 0.68100 0.67833 0.67820 0.68160 0.68325 0.68093 0.68054 0.68404 0.68594 0.68357 0.68301 0.68676 0.68849 0.68604 0.68605 0.69008 0.69141 0.68868 0.68932 0.69360 0.69434 0.69158 0.69367 0.69721 0.69486 0.69492 0.69860 0.69998 0.69808 0.69995 0.70168 0.70116 0.70269 0.70554 0.70446 0.70378 0.70703 0.70932 0.70815 0.70836 0.71103 0.71232 0.71236 0.71409 0.71506 0.71427 0.71662 0.71951 0.71940 0.71796 0.72030 0.72390 0.72403 0.72268 0.72428 0.72807 0.72890 0.72812 0.72858 0.73095 0.73421 0.73475 0.73288 0.73377 0.73812 0.73955 0.73819 0.73886 0.74277 0.74428 0.74291 0.74380 0.74801 0.74951 0.74750 0.74855 0.75309 0.75448 0.75270 0.71639 0.64404 0.56838 0.49307 0.41835 0.34285 0.26650 0.19112 0.11497 0.03832 0.00000 0.00000 0.00000 0.00000 0.00000 0.00000 0.00000 0.00000 0.00000 0.00000 0.00000 0.00000 0.00000 0.00000 0.00000 0.00000 0.00000 0.00000 0.00000 0.00000 0.00000 0.00000 0.00000 0.00000 0.00000 0.00000 0.00000 0.00000 0.00000 0.00000 0.00000 0.00000 0.00000 0.00000 0.00000
0.00000 0.00000 0.00000 0.00000 0.00000 0.00000 0.00000 0.00000 0.00000 0.00000 0.00000 0.00000 0.00000 0.00000 0.00000 0.00000 0.00000 0.00000 0.00000 0.00000 0.00000 0.00000 0.00000 0.00000 0.00000 0.03846 0.11471 0.19110 0.26841 0.34458 0.41876 0.49445 0.57095 0.64816 0.72211 0.75685 0.75674 0.75868 0.75668 0.75253 0.75289 0.75476 0.75291 0.74899 0.74910 0.75026 0.74907 0.74693 0.74572 0.74488 0.74461 0.74530 0.74301 0.73993 0.74009 0.74211 0.73991 0.73614 0.73677 0.73770 0.73499 0.73320 0.73488 0.73393 0.73073 0.73036 0.73092 0.72939 0.72818 0.72867 0.72866 0.72439 0.72332 0.72616 0.72592 0.72144 0.71994 0.72185 0.72185 0.72033 0.71729 0.71624 0.71876 0.71828 0.71346 0.71451 0.71639 0.71216 0.71023 0.71325 0.71227 0.70908 0.70869 0.70897 0.70688 0.70579 0.70770 0.70613 0.70238 0.70319 0.70546 0.70210 0.69949 0.70141 0.70166 0.69883 0.69785 0.69864 0.69790 0.69569 0.69556 0.69715 0.69547 0.69236 0.69177 0.69397 0.69390 0.69060 0.68794 0.69037 0.69156 0.68868 0.68624 0.68734 0.68774 0.68646 0.68566 0.68491 0.68343 0.68389 0.68511 0.68312 0.67987 0.68089 0.68351 0.68213 0.67755 0.67747 0.68050 0.68122 0.67755 0.67514 0.67734 0.67896 0.67663 0.67417 0.67514 0.67642 0.67501 0.67325 0.67372 0.67423 0.67297 0.67254 0.67268 0.67185 0.67133 0.67259 0.67071 0.66924 0.67177 0.67261 0.66847 0.66741 0.67032 0.67194 0.66962 0.66658 0.66895 0.67086 0.66793 0.66612 0.66935 0.67035 0.66639 0.66534 0.66965 0.67006 0.66559 0.66568 0.66968 0.66863 0.66518 0.66719 0.66984 0.66684 0.66510 0.66916 0.66988 0.66537 0.66602 0.66903 0.66908 0.66778 0.66817 0.66825 0.66776 0.66900 0.67056 0.66899 0.66727 0.66943 0.67210 0.67028 0.66802 0.67017 0.67316 0.67160 0.66946 0.67132 0.67409 0.67320 0.67153 0.67260 0.67420 0.67489 0.67556 0.67528 0.67354 0.67489 0.67851 0.67717 0.67552 0.67835 0.67982 0.67779 0.68064 0.68160 0.67849 0.67959 0.68381 0.68394 0.68100 0.68272 0.68641 0.68536 0.68359 0.68646 0.68915 0.68741 0.68645 0.68975 0.69198 0.69045 0.68969 0.69312 0.69488 0.69268 0.69340 0.69756 0.69742 0.69492 0.69809 0.70086 0.69909 0.69855 0.70346 0.70439 0.70163 0.70242 0.70627 0.70775 0.70675 0.70660 0.70885 0.71148 0.71192 0.71079 0.71179 0.71547 0.71708 0.71506 0.71523 0.71952 0.72072 0.71939 0.72033 0.72344 0.72443 0.72391 0.72548 0.72766 0.72829 0.72909 0.73122 0.73146 0.73132 0.73526 0.73670 0.73446 0.73579 0.74002 0.74040 0.73939 0.74143 0.74493 0.74524 0.74417 0.74610 0.75007 0.75096 0.74903 0.75047 0.75507 0.75591 0.71650 0.64266 0.56966 0.49334 0.41810 0.34315 0.26718 0.19077 0.11503 0.03841 0.00000 0.00000 0.00000 0.00000 0.00000 0.00000 0.00000 0.00000 0.00000 0.00000 0.00000 0.00000 0.00000 0.00000 0.00000 0.00000 0.00000 0.00000 0.00000 0.00000 0.00000 0.00000 0.00000 0.00000 0.00000 0.00000 0.00000 0.00000 0.00000 0.00000 0.00000 0.00000 0.00000 0.00000 0.00000
0.00000 0.00000 0.00000 0.00000 0.00000 0.00000 0.00000 0.00000 0.00000 0.00000 0.00000 0.00000 0.00000 0.00000 0.00000 0.00000 0.00000 0.00000 0.00000 0.00000 0.00000 0.00000 0.00000 0.00000 0.00000 0.03830 0.11491 0.19207 0.26860 0.34329 0.41928 0.49615 0.57299 0.64760 0.72030 0.75804 0.76026 0.75831 0.75400 0.75425 0.75650 0.75445 0.75046 0.75055 0.75196 0.75053 0.74777 0.74709 0.74698 0.74642 0.74621 0.74393 0.74205 0.74211 0.74300 0.74097 0.73819 0.73831 0.73863 0.73661 0.73555 0.73650 0.73457 0.73165 0.73276 0.73322 0.73026 0.72848 0.73047 0.73041 0.72559 0.72460 0.72762 0.72689 0.72242 0.72258 0.72373 0.72165 0.72015 0.72069 0.71873 0.71795 0.71915 0.71705 0.71455 0.71604 0.71442 0.71241 0.71443 0.71424 0.70903 0.70842 0.71133 0.71076 0.70587 0.70631 0.70821 0.70598 0.70301 0.70502 0.70494 0.70170 0.70092 0.70186 0.70216 0.69999 0.69791 0.69763 0.69917 0.69896 0.69662 0.69436 0.69402 0.69582 0.69611 0.69251 0.69004 0.69157 0.69366 0.69181 0.68754 0.68729 0.69089 0.69050 0.68523 0.68435 0.68835 0.68783 0.68273 0.68322 0.68631 0.68378 0.68027 0.68263 0.68433 0.68000 0.67836 0.68203 0.68152 0.67672 0.67817 0.68087 0.67752 0.67477 0.67822 0.67906 0.67440 0.67313 0.67738 0.67740 0.67226 0.67154 0.67629 0.67595 0.67054 0.67010 0.67493 0.67449 0.66992 0.66901 0.67272 0.67259 0.67012 0.67053 0.67023 0.66815 0.67057 0.67209 0.66819 0.66688 0.67059 0.67143 0.66735 0.66654 0.66958 0.67040 0.66817 0.66676 0.66742 0.66951 0.66983 0.66711 0.66587 0.66870 0.67038 0.66810 0.66607 0.66748 0.66928 0.66978 0.66899 0.66647 0.66669 0.67109 0.67096 0.66671 0.66683 0.67118 0.67178 0.66865 0.66766 0.67053 0.67250 0.67102 0.66874 0.67033 0.67350 0.67317 0.66998 0.67079 0.67479 0.67509 0.67150 0.67171 0.67619 0.67659 0.67329 0.67434 0.67605 0.67682 0.67822 0.67808 0.67590 0.67735 0.68104 0.68067 0.67809 0.68039 0.68307 0.68082 0.68046 0.68424 0.68573 0.68281 0.68277 0.68699 0.68802 0.68547 0.68598 0.68975 0.69056 0.68831 0.68928 0.69290 0.69349 0.69118 0.69302 0.69639 0.69519 0.69415 0.69771 0.69985 0.69707 0.69796 0.70147 0.70205 0.70103 0.70394 0.70439 0.70292 0.70546 0.70834 0.70755 0.70706 0.70973 0.71174 0.71128 0.71206 0.71403 0.71435 0.71526 0.71788 0.71831 0.71691 0.71938 0.72270 0.72248 0.72116 0.72366 0.72696 0.72676 0.72613 0.72820 0.73090 0.73175 0.73218 0.73242 0.73316 0.73635 0.73816 0.73696 0.73715 0.74076 0.74264 0.74194 0.74238 0.74619 0.74766 0.74611 0.74720 0.75158 0.75308 0.75081 0.75197 0.75663 0.71904 0.64270 0.56900 0.49452 0.41787 0.34308 0.26771 0.19109 0.11468 0.03843 0.00000 0.00000 0.00000 0.00000 0.00000 0.00000 0.00000 0.00000 0.00000 0.00000 0.00000 0.00000 0.00000 0.00000 0.00000 0.00000 0.00000 0.00000 0.00000 0.00000 0.00000 0.00000 0.00000 0.00000 0.00000 0.00000 0.00000 0.00000 0.00000 0.00000 0.00000 0.00000 0.00000 0.00000 0.00000
0.00000 0.00000 0.00000 0.00000 0.00000 0.00000 0.00000 0.00000 0.00000 0.00000 0.00000 0.00000 0.00000 0.00000 0.00000 0.00000 0.00000 0.00000 0.00000 0.00000 0.00000 0.00000 0.00000 0.00000 0.00000 0.03836 0.11548 0.19221 0.26737 0.34362 0.42094 0.49752 0.57195 0.64571 0.72170 0.76156 0.76001 0.75557 0.75570 0.75765 0.75612 0.75196 0.75195 0.75308 0.75212 0.74969 0.74879 0.74783 0.74763 0.74790 0.74594 0.74306 0.74310 0.74476 0.74295 0.73901 0.73911 0.74056 0.73874 0.73637 0.73701 0.73655 0.73393 0.73342 0.73400 0.73248 0.73106 0.73107 0.73073 0.72759 0.72681 0.72892 0.72878 0.72389 0.72264 0.72529 0.72476 0.72120 0.72026 0.72080 0.72080 0.71961 0.71723 0.71647 0.71829 0.71501 0.71299 0.71590 0.71589 0.71039 0.71000 0.71200 0.71150 0.70989 0.70871 0.70767 0.70623 0.70667 0.70768 0.70445 0.70193 0.70422 0.70506 0.70115 0.69914 0.70143 0.70147 0.69817 0.69719 0.69935 0.69852 0.69438 0.69434 0.69738 0.69635 0.69240 0.69069 0.69338 0.69417 0.69124 0.68829 0.68952 0.69092 0.68965 0.68720 0.68645 0.68676 0.68749 0.68721 0.68408 0.68233 0.68479 0.68604 0.68277 0.67992 0.68125 0.68339 0.68251 0.67881 0.67757 0.68035 0.68155 0.67813 0.67567 0.67771 0.67918 0.67703 0.67472 0.67558 0.67683 0.67550 0.67387 0.67420 0.67456 0.67369 0.67379 0.67299 0.67159 0.67236 0.67447 0.67166 0.66928 0.67067 0.67367 0.67270 0.66829 0.66872 0.67240 0.67104 0.66801 0.66965 0.67136 0.66891 0.66729 0.67044 0.67142 0.66748 0.66648 0.67080 0.67096 0.66674 0.66739 0.67096 0.66915 0.66633 0.66949 0.67118 0.66692 0.66666 0.67103 0.67078 0.66707 0.66821 0.67059 0.66960 0.66853 0.67064 0.67085 0.66854 0.66927 0.67268 0.67169 0.66873 0.67024 0.67379 0.67257 0.67008 0.67163 0.67443 0.67362 0.67211 0.67321 0.67491 0.67486 0.67489 0.67559 0.67477 0.67445 0.67853 0.67875 0.67551 0.67722 0.68031 0.67850 0.67879 0.68130 0.67963 0.67961 0.68374 0.68390 0.68098 0.68244 0.68595 0.68521 0.68364 0.68639 0.68867 0.68659 0.68623 0.69002 0.69155 0.68922 0.68914 0.69338 0.69450 0.69188 0.69244 0.69691 0.69737 0.69438 0.69638 0.70009 0.69960 0.69785 0.70144 0.70365 0.70157 0.70136 0.70602 0.70719 0.70561 0.70528 0.70782 0.71074 0.71056 0.70952 0.71119 0.71445 0.71553 0.71397 0.71434 0.71824 0.72008 0.71840 0.71853 0.72231 0.72362 0.72256 0.72368 0.72679 0.72746 0.72682 0.72898 0.73162 0.73123 0.73193 0.73518 0.73434 0.73406 0.73775 0.73924 0.73809 0.73973 0.74304 0.74345 0.74310 0.74492 0.74854 0.74884 0.74748 0.74944 0.75329 0.75481 0.75252 0.75419 0.72048 0.64394 0.56827 0.49448 0.41936 0.34261 0.26745 0.19168 0.11486 0.03832 0.00000 0.00000 0.00000 0.00000 0.00000 0.00000 0.00000 0.00000 0.00000 0.00000 0.00000 0.00000 0.00000 0.00000 0.00000 0.00000 0.00000 0.00000 0.00000 0.00000 0.00000 0.00000 0.00000 0.00000 0.00000 0.00000 0.00000 0.00000 0.00000 0.00000 0.00000 0.00000 0.00000 0.00000 0.00000
0.00000 0.00000 0.00000 0.00000 0.00000 0.00000 0.00000 0.00000 0.00000 0.00000 0.00000 0.00000 0.00000 0.00000 0.00000 0.00000 0.00000 0.00000 0.00000 0.00000 0.00000 0.00000 0.00000 0.00000 0.00000 0.03853 0.11555 0.19142 0.26784 0.34508 0.42199 0.49676 0.57097 0.64695 0.72500 0.76181 0.75722 0.75696 0.75922 0.75789 0.75371 0.75321 0.75456 0.75389 0.75144 0.75004 0.74968 0.74942 0.74921 0.74710 0.74534 0.74520 0.74566 0.74398 0.74117 0.74116 0.74164 0.74005 0.73833 0.73863 0.73757 0.73530 0.73544 0.73613 0.73367 0.73145 0.73252 0.73293 0.72960 0.72756 0.72962 0.73015 0.72595 0.72458 0.72611 0.72526 0.72303 0.72316 0.72199 0.72057 0.72107 0.72048 0.71712 0.71754 0.71835 0.71647 0.71506 0.71597 0.71389 0.71173 0.71267 0.71388 0.71064 0.70789 0.71007 0.71024 0.70666 0.70613 0.70751 0.70554 0.70361 0.70459 0.70467 0.70195 0.70063 0.70119 0.70191 0.70031 0.69813 0.69767 0.69813 0.69800 0.69765 0.69520 0.69329 0.69442 0.69630 0.69388 0.69013 0.69025 0.69336 0.69268 0.68811 0.68688 0.69028 0.69065 0.68606 0.68494 0.68783 0.68631 0.68352 0.68549 0.68616 0.68205 0.68064 0.68436 0.68457 0.67906 0.67897 0.68311 0.68137 0.67706 0.67918 0.68134 0.67745 0.67525 0.67892 0.67951 0.67472 0.67370 0.67797 0.67793 0.67277 0.67216 0.67694 0.67653 0.67134 0.67081 0.67495 0.67520 0.67213 0.66961 0.67204 0.67264 0.67228 0.67162 0.66985 0.66929 0.67244 0.67284 0.66841 0.66783 0.67196 0.67245 0.66826 0.66764 0.67040 0.67148 0.66980 0.66805 0.66812 0.67055 0.67142 0.66871 0.66702 0.66940 0.67139 0.67021 0.66850 0.66807 0.66929 0.67179 0.67092 0.66756 0.66839 0.67255 0.67198 0.66873 0.66896 0.67211 0.67274 0.67126 0.66978 0.67123 0.67384 0.67377 0.67071 0.67120 0.67522 0.67573 0.67193 0.67213 0.67673 0.67730 0.67333 0.67407 0.67841 0.67791 0.67606 0.67794 0.67734 0.67742 0.68093 0.68140 0.67795 0.67875 0.68314 0.68254 0.68040 0.68375 0.68561 0.68245 0.68259 0.68716 0.68782 0.68486 0.68585 0.68977 0.68983 0.68777 0.68945 0.69248 0.69231 0.69079 0.69319 0.69562 0.69432 0.69372 0.69727 0.69916 0.69628 0.69679 0.70101 0.70242 0.69979 0.70115 0.70426 0.70447 0.70396 0.70675 0.70729 0.70618 0.70828 0.71070 0.71063 0.71054 0.71272 0.71417 0.71419 0.71580 0.71733 0.71667 0.71795 0.72131 0.72168 0.71989 0.72227 0.72583 0.72557 0.72442 0.72725 0.73015 0.72937 0.72962 0.73277 0.73393 0.73301 0.73632 0.73662 0.73569 0.73834 0.74116 0.74118 0.74077 0.74381 0.74595 0.74571 0.74586 0.74990 0.75129 0.74918 0.75062 0.75503 0.75668 0.75413 0.71872 0.64599 0.56863 0.49376 0.41975 0.34364 0.26696 0.19156 0.11531 0.03836 0.00000 0.00000 0.00000 0.00000 0.00000 0.00000 0.00000 0.00000 0.00000 0.00000 0.00000 0.00000 0.00000 0.00000 0.00000 0.00000 0.00000 0.00000 0.00000 0.00000 0.00000 0.00000 0.00000 0.00000 0.00000 0.00000 0.00000 0.00000 0.00000 0.00000 0.00000 0.00000 0.00000 0.00000 0.00000
0.00000 0.00000 0.00000 0.00000 0.00000 0.00000 0.00000 0.00000 0.00000 0.00000 0.00000 0.00000 0.00000 0.00000 0.00000 0.00000 0.00000 0.00000 0.00000 0.00000 0.00000 0.00000 0.00000 0.00000 0.00000 0.03857 0.11515 0.19165 0.26908 0.34592 0.42053 0.49576 0.57237 0.64987 0.72496 0.75890 0.75845 0.76036 0.75971 0.75543 0.75461 0.75572 0.75560 0.75282 0.75152 0.75057 0.75083 0.75128 0.74887 0.74632 0.74620 0.74724 0.74590 0.74226 0.74194 0.74351 0.74212 0.73938 0.73920 0.73938 0.73751 0.73650 0.73676 0.73551 0.73365 0.73357 0.73355 0.73128 0.73010 0.73108 0.73127 0.72714 0.72577 0.72797 0.72801 0.72384 0.72279 0.72427 0.72352 0.72114 0.72050 0.72032 0.72022 0.71819 0.71682 0.71754 0.71813 0.71406 0.71247 0.71446 0.71536 0.71303 0.70971 0.70917 0.71081 0.71081 0.70885 0.70613 0.70565 0.70735 0.70766 0.70348 0.70160 0.70433 0.70477 0.70078 0.69889 0.70158 0.70169 0.69749 0.69642 0.70004 0.69908 0.69438 0.69332 0.69687 0.69671 0.69320 0.69059 0.69231 0.69394 0.69242 0.68888 0.68852 0.69047 0.69071 0.68793 0.68557 0.68563 0.68842 0.68859 0.68350 0.68257 0.68540 0.68571 0.68289 0.68081 0.68130 0.68316 0.68327 0.67968 0.67786 0.68064 0.68186 0.67866 0.67638 0.67802 0.67942 0.67769 0.67538 0.67593 0.67727 0.67624 0.67454 0.67461 0.67493 0.67454 0.67574 0.67361 0.67146 0.67272 0.67548 0.67360 0.67013 0.66984 0.67415 0.67395 0.66981 0.66957 0.67262 0.67207 0.66953 0.67054 0.67210 0.67012 0.66834 0.67159 0.67258 0.66862 0.66779 0.67210 0.67182 0.66785 0.66943 0.67237 0.66916 0.66764 0.67188 0.67230 0.66777 0.66856 0.67245 0.67148 0.66845 0.67049 0.67260 0.67035 0.66919 0.67289 0.67326 0.66976 0.67020 0.67458 0.67388 0.67073 0.67172 0.67494 0.67455 0.67279 0.67346 0.67522 0.67550 0.67524 0.67548 0.67571 0.67612 0.67847 0.67891 0.67587 0.67616 0.68045 0.68022 0.67830 0.68037 0.68140 0.68011 0.68241 0.68370 0.68150 0.68235 0.68548 0.68529 0.68391 0.68610 0.68803 0.68630 0.68631 0.68994 0.69107 0.68843 0.68882 0.69340 0.69409 0.69105 0.69178 0.69648 0.69710 0.69394 0.69520 0.69935 0.69981 0.69731 0.69938 0.70277 0.70222 0.70070 0.70370 0.70652 0.70586 0.70427 0.70596 0.71008 0.70984 0.70829 0.71017 0.71371 0.71407 0.71268 0.71381 0.71723 0.71891 0.71741 0.71724 0.72085 0.72304 0.72185 0.72186 0.72526 0.72669 0.72575 0.72697 0.73037 0.73075 0.72969 0.73237 0.73524 0.73457 0.73474 0.73776 0.73758 0.73808 0.74089 0.74185 0.74218 0.74345 0.74617 0.74699 0.74703 0.74830 0.75125 0.75257 0.75134 0.75322 0.75622 0.75565 0.71815 0.64524 0.57123 0.49374 0.41868 0.34430 0.26787 0.19114 0.11517 0.03853 0.00000 0.00000 0.00000 0.00000 0.00000 0.00000 0.00000 0.00000 0.00000 0.00000 0.00000 0.00000 0.00000 0.00000 0.00000 0.00000 0.00000 0.00000 0.00000 0.00000 0.00000 0.00000 0.00000 0.00000 0.00000 0.00000 0.00000 0.00000 0.00000 0.00000 0.00000 0.00000 0.00000 0.00000 0.00000
0.00000 0.00000 0.00000 0.00000 0.00000 0.00000 0.00000 0.00000 0.00000 0.00000 0.00000 0.00000 0.00000 0.00000 0.00000 0.00000 0.00000 0.00000 0.00000 0.00000 0.00000 0.00000 0.00000 0.00000 0.00000 0.03845 0.11529 0.19248 0.26961 0.34485 0.42042 0.49722 0.57480 0.64998 0.72250 0.75983 0.76190 0.76150 0.75718 0.75586 0.75741 0.75749 0.75429 0.75254 0.75198 0.75276 0.75303 0.75005 0.74813 0.74818 0.74845 0.74706 0.74453 0.74414 0.74450 0.74341 0.74126 0.74108 0.74055 0.73882 0.73825 0.73881 0.73688 0.73460 0.73492 0.73576 0.73350 0.73074 0.73159 0.73298 0.72987 0.72708 0.72831 0.72902 0.72651 0.72513 0.72473 0.72386 0.72372 0.72333 0.72065 0.71995 0.72098 0.72008 0.71733 0.71747 0.71786 0.71562 0.71397 0.71602 0.71524 0.71089 0.71039 0.71365 0.71133 0.70740 0.70897 0.70977 0.70708 0.70613 0.70703 0.70522 0.70354 0.70436 0.70456 0.70199 0.70040 0.70125 0.70148 0.69967 0.69873 0.69836 0.69717 0.69680 0.69847 0.69634 0.69285 0.69316 0.69613 0.69484 0.69061 0.68970 0.69254 0.69292 0.68938 0.68686 0.68927 0.69004 0.68731 0.68789 0.68711 0.68431 0.68432 0.68697 0.68623 0.68143 0.68104 0.68522 0.68487 0.67948 0.68006 0.68361 0.68091 0.67756 0.68036 0.68180 0.67737 0.67583 0.67968 0.67998 0.67508 0.67436 0.67845 0.67845 0.67350 0.67288 0.67738 0.67719 0.67414 0.67157 0.67352 0.67581 0.67432 0.67100 0.67179 0.67316 0.67412 0.67294 0.66998 0.67018 0.67390 0.67380 0.66911 0.66898 0.67307 0.67358 0.66949 0.66905 0.67125 0.67241 0.67134 0.66961 0.66908 0.67133 0.67306 0.67073 0.66904 0.66986 0.67158 0.67236 0.67089 0.66888 0.67043 0.67352 0.67203 0.66909 0.67077 0.67393 0.67275 0.67095 0.67134 0.67275 0.67399 0.67425 0.67181 0.67187 0.67557 0.67635 0.67263 0.67262 0.67717 0.67778 0.67386 0.67441 0.67887 0.67877 0.67543 0.67797 0.67979 0.67752 0.67965 0.68155 0.67851 0.67865 0.68333 0.68388 0.68024 0.68193 0.68562 0.68264 0.68252 0.68706 0.68780 0.68445 0.68559 0.68984 0.68952 0.68725 0.68939 0.69232 0.69135 0.69036 0.69350 0.69500 0.69305 0.69343 0.69733 0.69829 0.69532 0.69629 0.70068 0.70187 0.69876 0.69955 0.70393 0.70515 0.70280 0.70345 0.70703 0.70704 0.70701 0.70894 0.71015 0.70965 0.71135 0.71342 0.71353 0.71400 0.71604 0.71673 0.71686 0.71942 0.72083 0.71936 0.72064 0.72456 0.72509 0.72302 0.72542 0.72899 0.72863 0.72770 0.73124 0.73350 0.73153 0.73279 0.73659 0.73627 0.73601 0.73901 0.74039 0.73921 0.74147 0.74436 0.74548 0.74432 0.74667 0.74961 0.74924 0.74932 0.75238 0.75497 0.75272 0.75487 0.75824 0.71876 0.64378 0.57107 0.49602 0.41856 0.34349 0.26848 0.19166 0.11496 0.03849 0.00000 0.00000 0.00000 0.00000 0.00000 0.00000 0.00000 0.00000 0.00000 0.00000 0.00000 0.00000 0.00000 0.00000 0.00000 0.00000 0.00000 0.00000 0.00000 0.00000 0.00000 0.00000 0.00000 0.00000 0.00000 0.00000 0.00000 0.00000 0.00000 0.00000 0.00000 0.00000 0.00000 0.00000 0.00000
0.00000 0.00000 0.00000 0.00000 0.00000 0.00000 0.00000 0.00000 0.00000 0.00000 0.00000 0.00000 0.00000 0.00000 0.00000 0.00000 0.00000 0.00000 0.00000 0.00000 0.00000 0.00000 0.00000 0.00000 0.00000 0.03850 0.11582 0.19289 0.26866 0.34466 0.42198 0.49913 0.57407 0.64776 0.72369 0.76328 0.76298 0.75901 0.75733 0.75882 0.75929 0.75597 0.75392 0.75411 0.75442 0.75441 0.75164 0.74900 0.74943 0.75044 0.74883 0.74585 0.74507 0.74615 0.74532 0.74246 0.74163 0.74237 0.74108 0.73951 0.73940 0.73850 0.73667 0.73628 0.73656 0.73493 0.73296 0.73315 0.73390 0.73089 0.72882 0.73038 0.73126 0.72719 0.72523 0.72703 0.72679 0.72393 0.72310 0.72361 0.72275 0.72091 0.72017 0.72013 0.72014 0.71775 0.71603 0.71685 0.71810 0.71542 0.71184 0.71200 0.71485 0.71392 0.70961 0.70783 0.71009 0.71069 0.70910 0.70577 0.70509 0.70741 0.70754 0.70343 0.70141 0.70411 0.70473 0.70076 0.69869 0.70197 0.70181 0.69726 0.69581 0.70009 0.69923 0.69483 0.69308 0.69578 0.69670 0.69448 0.69097 0.69123 0.69378 0.69351 0.68883 0.68778 0.69084 0.69137 0.68812 0.68518 0.68602 0.68891 0.68787 0.68333 0.68301 0.68572 0.68573 0.68352 0.68127 0.68126 0.68376 0.68421 0.68002 0.67843 0.68113 0.68199 0.67934 0.67725 0.67824 0.67966 0.67856 0.67596 0.67625 0.67807 0.67713 0.67454 0.67506 0.67570 0.67539 0.67641 0.67451 0.67235 0.67299 0.67605 0.67530 0.67154 0.67068 0.67439 0.67497 0.67155 0.67068 0.67299 0.67333 0.67084 0.67145 0.67316 0.67116 0.66937 0.67329 0.67376 0.66949 0.66927 0.67360 0.67231 0.66892 0.67252 0.67372 0.66925 0.66929 0.67375 0.67316 0.66922 0.67059 0.67401 0.67244 0.66975 0.67242 0.67462 0.67175 0.67052 0.67516 0.67522 0.67152 0.67189 0.67559 0.67569 0.67352 0.67366 0.67558 0.67635 0.67590 0.67564 0.67611 0.67713 0.67852 0.67826 0.67641 0.67714 0.68059 0.68142 0.67875 0.67884 0.68143 0.68148 0.68140 0.68301 0.68367 0.68271 0.68402 0.68519 0.68458 0.68594 0.68713 0.68628 0.68666 0.68969 0.69048 0.68812 0.68875 0.69316 0.69370 0.69061 0.69131 0.69585 0.69677 0.69396 0.69439 0.69825 0.69974 0.69725 0.69799 0.70178 0.70241 0.70027 0.70204 0.70576 0.70588 0.70357 0.70443 0.70942 0.70977 0.70733 0.70873 0.71298 0.71306 0.71146 0.71313 0.71654 0.71737 0.71610 0.71668 0.71976 0.72216 0.72104 0.72035 0.72350 0.72605 0.72531 0.72519 0.72848 0.72987 0.72895 0.73010 0.73408 0.73468 0.73306 0.73423 0.73723 0.73799 0.73901 0.73981 0.74124 0.74205 0.74373 0.74537 0.74683 0.74678 0.74779 0.75085 0.75124 0.75190 0.75325 0.75509 0.75518 0.75853 0.72168 0.64390 0.56937 0.49633 0.42063 0.34330 0.26770 0.19222 0.11528 0.03841 0.00000 0.00000 0.00000 0.00000 0.00000 0.00000 0.00000 0.00000 0.00000 0.00000 0.00000 0.00000 0.00000 0.00000 0.00000 0.00000 0.00000 0.00000 0.00000 0.00000 0.00000 0.00000 0.00000 0.00000 0.00000 0.00000 0.00000 0.00000 0.00000 0.00000 0.00000 0.00000 0.00000 0.00000 0.00000
0.00000 0.00000 0.00000 0.00000 0.00000 0.00000 0.00000 0.00000 0.00000 0.00000 0.00000 0.00000 0.00000 0.00000 0.00000 0.00000 0.00000 0.00000 0.00000 0.00000 0.00000 0.00000 0.00000 0.00000 0.00000 0.03672 0.11008 0.18264 0.25529 0.32871 0.40206 0.47357 0.54401 0.61657 0.69046 0.72819 0.72822 0.73041 0.73579 0.74012 0.74025 0.74183 0.74657 0.75072 0.75295 0.75260 0.75059 0.75132 0.75170 0.75032 0.74797 0.74706 0.74719 0.74684 0.74457 0.74368 0.74336 0.74239 0.74130 0.74127 0.73978 0.73771 0.73775 0.73881 0.73689 0.73388 0.73376 0.73565 0.73374 0.72990 0.73045 0.73236 0.73014 0.72716 0.72715 0.72748 0.72694 0.72559 0.72352 0.72302 0.72388 0.72311 0.72022 0.71966 0.72082 0.71928 0.71669 0.71771 0.71811 0.71456 0.71230 0.71605 0.71532 0.71013 0.71000 0.71336 0.71102 0.70737 0.70893 0.70931 0.70688 0.70636 0.70711 0.70490 0.70311 0.70443 0.70449 0.70168 0.70033 0.70162 0.70105 0.69892 0.69984 0.69910 0.69621 0.69589 0.69888 0.69712 0.69268 0.69265 0.69540 0.69515 0.69210 0.68975 0.69127 0.69223 0.69100 0.68821 0.68812 0.68654 0.68848 0.68990 0.68663 0.68409 0.68489 0.68728 0.68662 0.68232 0.68166 0.68544 0.68443 0.68034 0.68180 0.68394 0.68011 0.67808 0.68161 0.68230 0.67739 0.67653 0.68032 0.68044 0.67574 0.67514 0.67838 0.67900 0.67550 0.67372 0.67407 0.67790 0.67731 0.67241 0.67362 0.67659 0.67579 0.67244 0.67193 0.67361 0.67565 0.67437 0.67065 0.67129 0.67506 0.67469 0.67011 0.67046 0.67412 0.67423 0.67071 0.67096 0.67250 0.67293 0.67255 0.67154 0.67092 0.67172 0.67283 0.67304 0.67174 0.67041 0.67205 0.67426 0.67261 0.67012 0.67247 0.67507 0.67294 0.67087 0.67312 0.67532 0.67407 0.67438 0.67322 0.67274 0.67586 0.67701 0.67356 0.67320 0.67761 0.67827 0.67447 0.67484 0.67933 0.67933 0.67576 0.67765 0.68091 0.67794 0.67818 0.68183 0.68045 0.67874 0.68287 0.68400 0.68033 0.68107 0.68568 0.68577 0.68254 0.68624 0.68781 0.68426 0.68540 0.68973 0.68953 0.68687 0.68900 0.69233 0.69117 0.68989 0.69334 0.69463 0.69228 0.69318 0.69715 0.69746 0.69465 0.69615 0.70034 0.70104 0.69790 0.69897 0.70363 0.70461 0.70177 0.70242 0.70677 0.70796 0.70602 0.70672 0.70959 0.70965 0.71033 0.71225 0.71284 0.71271 0.71469 0.71646 0.71620 0.71736 0.71958 0.71956 0.71944 0.72293 0.72433 0.72215 0.72355 0.72776 0.72848 0.72627 0.72878 0.73224 0.73173 0.73094 0.73521 0.73678 0.73460 0.73601 0.73931 0.73886 0.73993 0.74257 0.74428 0.74277 0.74408 0.74810 0.74955 0.74766 0.74896 0.75351 0.75245 0.75288 0.75578 0.75677 0.75615 0.72177 0.64746 0.56953 0.49451 0.42092 0.34481 0.26774 0.19175 0.11556 0.03851 0.00000 0.00000 0.00000 0.00000 0.00000 0.00000 0.00000 0.00000 0.00000 0.00000 0.00000 0.00000 0.00000 0.00000 0.00000 0.00000 0.00000 0.00000 0.00000 0.00000 0.00000 0.00000 0.00000 0.00000 0.00000 0.00000 0.00000 0.00000 0.00000 0.00000 0.00000 0.00000 0.00000 0.00000 0.00000
0.00000 0.00000 0.00000 0.00000 0.00000 0.00000 0.00000 0.00000 0.00000 0.00000 0.00000 0.00000 0.00000 0.00000 0.00000 0.00000 0.00000 0.00000 0.00000 0.00000 0.00000 0.00000 0.00000 0.00000 0.00000 0.03288 0.09822 0.16347 0.22947 0.29490 0.35884 0.42271 0.48826 0.55387 0.61812 0.65359 0.66368 0.67632 0.68827 0.69640 0.70539 0.71814 0.72984 0.73889 0.74822 0.75294 0.75284 0.75318 0.75204 0.74936 0.74831 0.74887 0.74857 0.74609 0.74443 0.74502 0.74453 0.74261 0.74176 0.74138 0.73999 0.73923 0.73963 0.73826 0.73581 0.73544 0.73672 0.73493 0.73172 0.73241 0.73410 0.73081 0.72793 0.72956 0.73026 0.72723 0.72529 0.72624 0.72588 0.72397 0.72294 0.72289 0.72251 0.72087 0.71938 0.71952 0.72026 0.71825 0.71495 0.71551 0.71794 0.71625 0.71147 0.71106 0.71429 0.71336 0.70986 0.70825 0.70941 0.71051 0.70930 0.70615 0.70470 0.70690 0.70751 0.70385 0.70131 0.70388 0.70472 0.70071 0.69847 0.70241 0.70181 0.69700 0.69571 0.69947 0.69930 0.69573 0.69336 0.69468 0.69670 0.69579 0.69099 0.69054 0.69394 0.69394 0.68787 0.68779 0.69115 0.69135 0.68843 0.68531 0.68597 0.68916 0.68833 0.68340 0.68292 0.68596 0.68672 0.68490 0.68140 0.68131 0.68470 0.68444 0.68033 0.67942 0.68147 0.68184 0.68023 0.67815 0.67847 0.68012 0.67951 0.67615 0.67661 0.67926 0.67816 0.67415 0.67553 0.67676 0.67638 0.67719 0.67542 0.67346 0.67377 0.67659 0.67682 0.67340 0.67197 0.67448 0.67592 0.67310 0.67150 0.67378 0.67476 0.67190 0.67422 0.67428 0.67111 0.67063 0.67503 0.67437 0.67031 0.67210 0.67506 0.67061 0.67033 0.67489 0.67467 0.67044 0.67123 0.67523 0.67418 0.67079 0.67226 0.67584 0.67419 0.67141 0.67364 0.67644 0.67397 0.67236 0.67572 0.67690 0.67453 0.67396 0.67599 0.67730 0.67661 0.67594 0.67651 0.67790 0.67880 0.67827 0.67731 0.67830 0.68092 0.68139 0.67954 0.67849 0.68092 0.68320 0.68210 0.68169 0.68330 0.68374 0.68378 0.68465 0.68598 0.68620 0.68619 0.68619 0.68706 0.68950 0.68981 0.68813 0.68892 0.69285 0.69326 0.69042 0.69102 0.69540 0.69643 0.69395 0.69382 0.69719 0.69947 0.69753 0.69707 0.70053 0.70242 0.70023 0.70080 0.70476 0.70541 0.70317 0.70427 0.70887 0.70948 0.70657 0.70740 0.71223 0.71254 0.71057 0.71219 0.71582 0.71597 0.71476 0.71635 0.71917 0.72059 0.71971 0.71979 0.72224 0.72538 0.72467 0.72368 0.72637 0.72891 0.72878 0.72861 0.73168 0.73326 0.73269 0.73295 0.73570 0.73837 0.73793 0.73742 0.73959 0.74122 0.74253 0.74367 0.74550 0.74523 0.74578 0.74940 0.75111 0.74992 0.75053 0.75503 0.75463 0.75577 0.75719 0.75569 0.72020 0.64780 0.57252 0.49480 0.41940 0.34522 0.26880 0.19171 0.11528 0.03861 0.00000 0.00000 0.00000 0.00000 0.00000 0.00000 0.00000 0.00000 0.00000 0.00000 0.00000 0.00000 0.00000 0.00000 0.00000 0.00000 0.00000 0.00000 0.00000 0.00000 0.00000 0.00000 0.00000 0.00000 0.00000 0.00000 0.00000 0.00000 0.00000 0.00000 0.00000 0.00000 0.00000 0.00000 0.00000
0.00000 0.00000 0.00000 0.00000 0.00000 0.00000 0.00000 0.00000 0.00000 0.00000 0.00000 0.00000 0.00000 0.00000 0.00000 0.00000 0.00000 0.00000 0.00000 0.00000 0.00000 0.00000 0.00000 0.00000 0.00000 0.02894 0.08678 0.14488 0.20271 0.25953 0.31632 0.37426 0.43219 0.48885 0.54398 0.58137 0.60158 0.62091 0.63681 0.65377 0.67437 0.69360 0.70948 0.72651 0.74574 0.75479 0.75364 0.75330 0.75166 0.74994 0.74958 0.75030 0.74847 0.74612 0.74597 0.74624 0.74464 0.74354 0.74241 0.74131 0.74100 0.74164 0.73962 0.73673 0.73661 0.73850 0.73742 0.73277 0.73259 0.73520 0.73376 0.72973 0.72959 0.73089 0.73022 0.72759 0.72623 0.72645 0.72705 0.72557 0.72290 0.72255 0.72383 0.72236 0.71949 0.71986 0.72104 0.71823 0.71574 0.71809 0.71824 0.71370 0.71200 0.71593 0.71459 0.70975 0.71059 0.71306 0.71052 0.70771 0.70947 0.70884 0.70617 0.70658 0.70736 0.70464 0.70262 0.70454 0.70440 0.70137 0.70103 0.70188 0.70023 0.69856 0.70100 0.69951 0.69528 0.69564 0.69835 0.69743 0.69322 0.69268 0.69443 0.69484 0.69426 0.69037 0.68980 0.69095 0.69219 0.69096 0.68739 0.68661 0.68931 0.68933 0.68642 0.68568 0.68546 0.68661 0.68615 0.68390 0.68357 0.68500 0.68237 0.68108 0.68390 0.68433 0.67963 0.67869 0.68266 0.68280 0.67766 0.67731 0.68084 0.68093 0.67684 0.67607 0.67795 0.67953 0.67806 0.67471 0.67492 0.67858 0.67718 0.67337 0.67434 0.67738 0.67747 0.67506 0.67247 0.67367 0.67687 0.67551 0.67158 0.67336 0.67613 0.67388 0.67124 0.67332 0.67532 0.67366 0.67146 0.67296 0.67486 0.67336 0.67136 0.67389 0.67419 0.67198 0.67263 0.67522 0.67409 0.67144 0.67345 0.67586 0.67383 0.67177 0.67483 0.67632 0.67420 0.67323 0.67489 0.67407 0.67612 0.67753 0.67470 0.67385 0.67807 0.67884 0.67520 0.67536 0.67984 0.67997 0.67625 0.67727 0.68146 0.68062 0.67797 0.68161 0.68219 0.67929 0.68161 0.68401 0.68148 0.68135 0.68537 0.68616 0.68277 0.68477 0.68766 0.68479 0.68543 0.68947 0.68954 0.68665 0.68855 0.69228 0.69167 0.68946 0.69263 0.69457 0.69203 0.69280 0.69681 0.69688 0.69432 0.69610 0.69983 0.70008 0.69748 0.69889 0.70322 0.70386 0.70087 0.70184 0.70659 0.70740 0.70498 0.70561 0.70948 0.71003 0.70971 0.71081 0.71175 0.71194 0.71384 0.71585 0.71545 0.71561 0.71819 0.71980 0.71875 0.72061 0.72314 0.72245 0.72219 0.72638 0.72772 0.72510 0.72661 0.73099 0.73198 0.72961 0.73167 0.73559 0.73539 0.73430 0.73665 0.73942 0.73924 0.74038 0.74234 0.74164 0.74262 0.74654 0.74800 0.74599 0.74725 0.75190 0.75217 0.75100 0.75344 0.75699 0.75529 0.75747 0.75980 0.71999 0.64535 0.57269 0.49738 0.41994 0.34403 0.26891 0.19239 0.11541 0.03853 0.00000 0.00000 0.00000 0.00000 0.00000 0.00000 0.00000 0.00000 0.00000 0.00000 0.00000 0.00000 0.00000 0.00000 0.00000 0.00000 0.00000 0.00000 0.00000 0.00000 0.00000 0.00000 0.00000 0.00000 0.00000 0.00000 0.00000 0.00000 0.00000 0.00000 0.00000 0.00000 0.00000 0.00000 0.00000
0.00000 0.00000 0.00000 0.00000 0.00000 0.00000 0.00000 0.00000 0.00000 0.00000 0.00000 0.00000 0.00000 0.00000 0.00000 0.00000 0.00000 0.00000 0.00000 0.00000 0.00000 0.00000 0.00000 0.00000 0.00000 0.02511 0.07556 0.12574 0.17515 0.22476 0.27539 0.32535 0.37410 0.42268 0.47221 0.51103 0.53770 0.56198 0.58685 0.61500 0.64188 0.66543 0.68983 0.71792 0.74346 0.75461 0.75465 0.75378 0.75131 0.75083 0.75212 0.75023 0.74726 0.74745 0.74808 0.74619 0.74411 0.74403 0.74362 0.74244 0.74224 0.74101 0.73874 0.73823 0.73979 0.73874 0.73455 0.73430 0.73676 0.73472 0.73088 0.73194 0.73313 0.73054 0.72745 0.72891 0.72944 0.72720 0.72539 0.72550 0.72546 0.72403 0.72237 0.72216 0.72263 0.72112 0.71828 0.71860 0.72051 0.71858 0.71433 0.71465 0.71753 0.71590 0.71139 0.71123 0.71382 0.71322 0.71022 0.70896 0.70890 0.70982 0.70944 0.70681 0.70454 0.70615 0.70749 0.70416 0.70126 0.70416 0.70464 0.70025 0.69848 0.70254 0.70193 0.69714 0.69590 0.69855 0.69951 0.69628 0.69346 0.69413 0.69679 0.69585 0.69065 0.69097 0.69423 0.69311 0.68811 0.68858 0.69090 0.69111 0.69049 0.68570 0.68541 0.68933 0.68899 0.68339 0.68353 0.68619 0.68755 0.68545 0.68165 0.68205 0.68527 0.68376 0.68097 0.68069 0.68173 0.68180 0.68117 0.67888 0.67885 0.68078 0.68051 0.67642 0.67700 0.68016 0.67937 0.67510 0.67589 0.67726 0.67779 0.67782 0.67587 0.67565 0.67527 0.67593 0.67729 0.67527 0.67350 0.67496 0.67690 0.67426 0.67331 0.67492 0.67286 0.67302 0.67618 0.67519 0.67153 0.67258 0.67638 0.67392 0.67152 0.67504 0.67620 0.67207 0.67230 0.67609 0.67546 0.67216 0.67305 0.67698 0.67581 0.67263 0.67338 0.67750 0.67680 0.67316 0.67333 0.67809 0.67691 0.67447 0.67596 0.67834 0.67752 0.67633 0.67706 0.67867 0.67923 0.67862 0.67835 0.67902 0.68034 0.68137 0.68087 0.67921 0.68036 0.68398 0.68321 0.68078 0.68248 0.68508 0.68527 0.68381 0.68437 0.68686 0.68712 0.68589 0.68671 0.68959 0.68944 0.68815 0.68911 0.69227 0.69273 0.69085 0.69101 0.69505 0.69609 0.69391 0.69343 0.69643 0.69913 0.69764 0.69650 0.69937 0.70223 0.70051 0.69987 0.70346 0.70525 0.70317 0.70353 0.70778 0.70876 0.70628 0.70676 0.71165 0.71229 0.71008 0.71110 0.71472 0.71488 0.71383 0.71591 0.71855 0.71869 0.71818 0.71989 0.72166 0.72376 0.72340 0.72290 0.72490 0.72788 0.72825 0.72741 0.72922 0.73171 0.73268 0.73207 0.73336 0.73690 0.73764 0.73607 0.73717 0.74097 0.74268 0.74176 0.74342 0.74393 0.74405 0.74788 0.74968 0.74812 0.74885 0.75356 0.75391 0.75296 0.75510 0.75717 0.75711 0.76031 0.72336 0.64564 0.57081 0.49756 0.42182 0.34443 0.26819 0.19249 0.11571 0.03857 0.00000 0.00000 0.00000 0.00000 0.00000 0.00000 0.00000 0.00000 0.00000 0.00000 0.00000 0.00000 0.00000 0.00000 0.00000 0.00000 0.00000 0.00000 0.00000 0.00000 0.00000 0.00000 0.00000 0.00000 0.00000 0.00000 0.00000 0.00000 0.00000 0.00000 0.00000 0.00000 0.00000 0.00000 0.00000
0.00000 0.00000 0.00000 0.00000 0.00000 0.00000 0.00000 0.00000 0.00000 0.00000 0.00000 0.00000 0.00000 0.00000 0.00000 0.00000 0.00000 0.00000 0.00000 0.00000 0.00000 0.00000 0.00000 0.00000 0.00000 0.02134 0.06393 0.10605 0.14830 0.19107 0.23338 0.27484 0.31619 0.35837 0.40095 0.43897 0.47130 0.50448 0.54020 0.57458 0.60575 0.63806 0.67424 0.70740 0.73860 0.75557 0.75588 0.75302 0.75152 0.75374 0.75266 0.74859 0.74812 0.74994 0.74833 0.74544 0.74502 0.74540 0.74444 0.74370 0.74199 0.74007 0.74012 0.74169 0.74016 0.73572 0.73501 0.73810 0.73736 0.73253 0.73206 0.73402 0.73327 0.72988 0.72921 0.72991 0.73001 0.72785 0.72561 0.72588 0.72703 0.72506 0.72212 0.72258 0.72394 0.72148 0.71882 0.72031 0.72105 0.71727 0.71500 0.71815 0.71775 0.71317 0.71239 0.71590 0.71416 0.70982 0.71166 0.71254 0.70947 0.70794 0.71010 0.70855 0.70533 0.70659 0.70748 0.70462 0.70256 0.70436 0.70410 0.70151 0.70254 0.70182 0.69885 0.69872 0.70095 0.69958 0.69469 0.69580 0.69828 0.69727 0.69544 0.69302 0.69250 0.69440 0.69509 0.69104 0.68918 0.69089 0.69281 0.68908 0.68716 0.69006 0.68999 0.68689 0.68576 0.68800 0.68715 0.68498 0.68334 0.68529 0.68687 0.68452 0.68161 0.68174 0.68519 0.68488 0.67963 0.67927 0.68345 0.68335 0.67821 0.67813 0.68142 0.68144 0.67767 0.67723 0.67897 0.67984 0.67675 0.67598 0.67840 0.67870 0.67744 0.67535 0.67442 0.67547 0.67858 0.67786 0.67328 0.67416 0.67786 0.67455 0.67264 0.67661 0.67723 0.67337 0.67238 0.67517 0.67671 0.67450 0.67199 0.67482 0.67667 0.67383 0.67251 0.67636 0.67633 0.67270 0.67355 0.67703 0.67597 0.67295 0.67559 0.67726 0.67465 0.67402 0.67695 0.67678 0.67640 0.67709 0.67597 0.67510 0.67857 0.67947 0.67605 0.67604 0.68039 0.68063 0.67682 0.67753 0.68198 0.68197 0.67826 0.67918 0.68305 0.68099 0.68095 0.68355 0.68302 0.68207 0.68464 0.68578 0.68358 0.68466 0.68731 0.68620 0.68579 0.68926 0.68938 0.68653 0.68840 0.69212 0.69213 0.68917 0.69104 0.69463 0.69366 0.69228 0.69606 0.69672 0.69411 0.69586 0.69927 0.69930 0.69723 0.69902 0.70260 0.70285 0.70036 0.70175 0.70615 0.70663 0.70393 0.70498 0.70973 0.70991 0.70837 0.70943 0.71058 0.71179 0.71377 0.71499 0.71410 0.71426 0.71720 0.71949 0.71814 0.71844 0.72170 0.72350 0.72138 0.72393 0.72656 0.72432 0.72517 0.72967 0.73102 0.72839 0.72960 0.73421 0.73538 0.73303 0.73398 0.73906 0.73936 0.73809 0.73919 0.74115 0.74400 0.74489 0.74513 0.74448 0.74595 0.75038 0.75075 0.74939 0.75167 0.75534 0.75438 0.75514 0.75807 0.75844 0.75791 0.72396 0.64912 0.57139 0.49577 0.42150 0.34588 0.26888 0.19209 0.11562 0.03865 0.00000 0.00000 0.00000 0.00000 0.00000 0.00000 0.00000 0.00000 0.00000 0.00000 0.00000 0.00000 0.00000 0.00000 0.00000 0.00000 0.00000 0.00000 0.00000 0.00000 0.00000 0.00000 0.00000 0.00000 0.00000 0.00000 0.00000 0.00000 0.00000 0.00000 0.00000 0.00000 0.00000 0.00000 0.00000
0.00000 0.00000 0.00000 0.00000 0.00000 0.00000 0.00000 0.00000 0.00000 0.00000 0.00000 0.00000 0.00000 0.00000 0.00000 0.00000 0.00000 0.00000 0.00000 0.00000 0.00000 0.00000 0.00000 0.00000 0.00000 0.01747 0.05215 0.08682 0.12197 0.15662 0.19043 0.22464 0.25961 0.29424 0.32806 0.36517 0.40657 0.44964 0.49152 0.53084 0.57096 0.61501 0.65605 0.69466 0.73583 0.75781 0.75485 0.75278 0.75534 0.75450 0.74992 0.74926 0.75175 0.75018 0.74656 0.74652 0.74740 0.74594 0.74440 0.74350 0.74222 0.74172 0.74277 0.74144 0.73736 0.73649 0.73969 0.73875 0.73372 0.73401 0.73594 0.73387 0.73029 0.73186 0.73259 0.73019 0.72774 0.72833 0.72886 0.72732 0.72508 0.72468 0.72544 0.72430 0.72136 0.72138 0.72305 0.72134 0.71752 0.71790 0.72034 0.71833 0.71404 0.71476 0.71742 0.71540 0.71155 0.71206 0.71330 0.71246 0.71039 0.70981 0.70863 0.70872 0.70947 0.70733 0.70453 0.70580 0.70724 0.70393 0.70135 0.70481 0.70459 0.69965 0.69859 0.70194 0.70221 0.69702 0.69600 0.69863 0.69960 0.69505 0.69339 0.69556 0.69688 0.69411 0.69055 0.69255 0.69434 0.69234 0.68863 0.68956 0.68999 0.69093 0.68993 0.68633 0.68682 0.68940 0.68862 0.68507 0.68449 0.68604 0.68753 0.68504 0.68209 0.68364 0.68567 0.68337 0.68166 0.68190 0.68219 0.68200 0.68195 0.67963 0.67938 0.68142 0.68162 0.67733 0.67734 0.68064 0.68079 0.67642 0.67607 0.67912 0.67958 0.67534 0.67482 0.67824 0.67731 0.67592 0.67598 0.67647 0.67639 0.67607 0.67494 0.67518 0.67712 0.67622 0.67308 0.67433 0.67770 0.67605 0.67285 0.67471 0.67779 0.67475 0.67348 0.67621 0.67656 0.67413 0.67457 0.67710 0.67670 0.67420 0.67451 0.67799 0.67789 0.67500 0.67434 0.67907 0.67903 0.67533 0.67554 0.67934 0.67891 0.67686 0.67774 0.67954 0.67993 0.67906 0.67896 0.67969 0.68065 0.68167 0.68197 0.67990 0.67958 0.68429 0.68440 0.68085 0.68192 0.68602 0.68624 0.68322 0.68380 0.68758 0.68852 0.68556 0.68557 0.68992 0.68985 0.68798 0.68899 0.69197 0.69235 0.69150 0.69119 0.69314 0.69569 0.69506 0.69325 0.69516 0.69884 0.69780 0.69612 0.69848 0.70188 0.70067 0.69933 0.70222 0.70510 0.70340 0.70269 0.70619 0.70832 0.70663 0.70620 0.71021 0.71198 0.71030 0.70998 0.71275 0.71432 0.71367 0.71530 0.71742 0.71699 0.71697 0.71992 0.72127 0.72107 0.72173 0.72433 0.72422 0.72536 0.72705 0.72688 0.72774 0.72990 0.73185 0.73133 0.73189 0.73483 0.73662 0.73563 0.73575 0.74042 0.74126 0.74014 0.74102 0.74268 0.74401 0.74631 0.74775 0.74660 0.74729 0.75201 0.75293 0.75123 0.75331 0.75710 0.75595 0.75717 0.75973 0.75899 0.72169 0.64928 0.57406 0.49647 0.42051 0.34563 0.26965 0.19254 0.11551 0.03862 0.00000 0.00000 0.00000 0.00000 0.00000 0.00000 0.00000 0.00000 0.00000 0.00000 0.00000 0.00000 0.00000 0.00000 0.00000 0.00000 0.00000 0.00000 0.00000 0.00000 0.00000 0.00000 0.00000 0.00000 0.00000 0.00000 0.00000 0.00000 0.00000 0.00000 0.00000 0.00000 0.00000 0.00000 0.00000
0.00000 0.00000 0.00000 0.00000 0.00000 0.00000 0.00000 0.00000 0.00000 0.00000 0.00000 0.00000 0.00000 0.00000 0.00000 0.00000 0.00000 0.00000 0.00000 0.00000 0.00000 0.00000 0.00000 0.00000 0.00000 0.01354 0.04062 0.06789 0.09492 0.12142 0.14816 0.17537 0.20234 0.22868 0.25475 0.29277 0.34327 0.39284 0.44026 0.48862 0.54013 0.58906 0.63523 0.68388 0.73485 0.75687 0.75426 0.75632 0.75628 0.75137 0.75017 0.75348 0.75238 0.74777 0.74740 0.74935 0.74794 0.74536 0.74451 0.74416 0.74386 0.74406 0.74211 0.73881 0.73863 0.74130 0.74034 0.73518 0.73458 0.73731 0.73629 0.73242 0.73259 0.73327 0.73254 0.73020 0.72888 0.72926 0.73001 0.72760 0.72490 0.72574 0.72712 0.72433 0.72147 0.72290 0.72410 0.72056 0.71808 0.72048 0.72073 0.71676 0.71509 0.71811 0.71725 0.71305 0.71355 0.71545 0.71289 0.70989 0.71281 0.71235 0.70822 0.70810 0.71041 0.70850 0.70481 0.70629 0.70726 0.70503 0.70383 0.70384 0.70275 0.70210 0.70324 0.70143 0.69793 0.69920 0.70090 0.69930 0.69565 0.69615 0.69703 0.69705 0.69651 0.69336 0.69208 0.69450 0.69518 0.69049 0.68946 0.69300 0.69318 0.68756 0.68724 0.69122 0.69074 0.68571 0.68531 0.68907 0.68923 0.68426 0.68356 0.68621 0.68772 0.68476 0.68166 0.68224 0.68589 0.68536 0.68003 0.67984 0.68419 0.68400 0.67882 0.67905 0.68225 0.68185 0.67802 0.67871 0.68058 0.67975 0.67691 0.67804 0.67838 0.67773 0.67914 0.67888 0.67527 0.67501 0.67947 0.67793 0.67425 0.67717 0.67892 0.67472 0.67382 0.67726 0.67839 0.67548 0.67359 0.67595 0.67816 0.67606 0.67336 0.67688 0.67825 0.67409 0.67378 0.67844 0.67827 0.67398 0.67454 0.67861 0.67734 0.67479 0.67797 0.67850 0.67667 0.67666 0.67702 0.67747 0.67944 0.67981 0.67689 0.67707 0.68102 0.68145 0.67751 0.67840 0.68257 0.68279 0.67874 0.67938 0.68369 0.68343 0.68097 0.68258 0.68413 0.68326 0.68412 0.68527 0.68460 0.68540 0.68696 0.68644 0.68637 0.68890 0.68912 0.68674 0.68868 0.69203 0.69202 0.68907 0.69034 0.69462 0.69502 0.69190 0.69346 0.69685 0.69487 0.69542 0.69848 0.69891 0.69707 0.69907 0.70197 0.70175 0.70008 0.70212 0.70548 0.70546 0.70331 0.70490 0.70896 0.70916 0.70713 0.70850 0.71128 0.71199 0.71325 0.71380 0.71234 0.71346 0.71693 0.71871 0.71715 0.71700 0.72036 0.72284 0.72093 0.72130 0.72518 0.72632 0.72422 0.72727 0.72988 0.72752 0.72833 0.73264 0.73430 0.73194 0.73276 0.73752 0.73873 0.73678 0.73724 0.74167 0.74313 0.74317 0.74247 0.74297 0.74572 0.74887 0.74891 0.74786 0.75014 0.75382 0.75370 0.75329 0.75644 0.75858 0.75659 0.75915 0.76216 0.72258 0.64704 0.57323 0.49871 0.42172 0.34495 0.26908 0.19300 0.11593 0.03861 0.00000 0.00000 0.00000 0.00000 0.00000 0.00000 0.00000 0.00000 0.00000 0.00000 0.00000 0.00000 0.00000 0.00000 0.00000 0.00000 0.00000 0.00000 0.00000 0.00000 0.00000 0.00000 0.00000 0.00000 0.00000 0.00000 0.00000 0.00000 0.00000 0.00000 0.00000 0.00000 0.00000 0.00000 0.00000
0.00000 0.00000 0.00000 0.00000 0.00000 0.00000 0.00000 0.00000 0.00000 0.00000 0.00000 0.00000 0.00000 0.00000 0.00000 0.00000 0.00000 0.00000 0.00000 0.00000 0.00000 0.00000 0.00000 0.00000 0.00000 0.00968 0.02917 0.04854 0.06754 0.08673 0.10634 0.12559 0.14422 0.16311 0.18237 0.22108 0.27819 0.33414 0.39073 0.44955 0.50633 0.56041 0.61660 0.67560 0.73046 0.75585 0.75747 0.75770 0.75322 0.75171 0.75524 0.75421 0.74913 0.74862 0.75119 0.74971 0.74635 0.74604 0.74618 0.74539 0.74514 0.74375 0.74075 0.74019 0.74273 0.74159 0.73651 0.73602 0.73916 0.73738 0.73318 0.73493 0.73550 0.73299 0.73047 0.73171 0.73199 0.73028 0.72766 0.72756 0.72857 0.72760 0.72433 0.72397 0.72570 0.72442 0.72070 0.72082 0.72298 0.72102 0.71717 0.71808 0.72025 0.71757 0.71400 0.71565 0.71698 0.71435 0.71151 0.71317 0.71309 0.71113 0.71064 0.71037 0.70841 0.70786 0.70928 0.70739 0.70457 0.70654 0.70684 0.70297 0.70158 0.70489 0.70449 0.69927 0.69887 0.70197 0.70211 0.69670 0.69611 0.69975 0.69964 0.69479 0.69342 0.69693 0.69695 0.69329 0.69088 0.69378 0.69441 0.69188 0.69024 0.69043 0.69079 0.69098 0.68929 0.68735 0.68820 0.68946 0.68795 0.68618 0.68531 0.68689 0.68755 0.68481 0.68240 0.68494 0.68613 0.68330 0.68216 0.68294 0.68291 0.68242 0.68263 0.68055 0.67982 0.68206 0.68281 0.67855 0.67778 0.68137 0.68193 0.67680 0.67640 0.68092 0.68051 0.67628 0.67594 0.67906 0.67927 0.67721 0.67482 0.67720 0.67912 0.67754 0.67464 0.67609 0.67907 0.67764 0.67427 0.67562 0.67896 0.67727 0.67454 0.67620 0.67777 0.67659 0.67671 0.67688 0.67697 0.67688 0.67645 0.67647 0.67843 0.67839 0.67588 0.67669 0.67996 0.67781 0.67606 0.67943 0.68094 0.67785 0.67805 0.68031 0.68064 0.67956 0.67961 0.68053 0.68181 0.68204 0.68229 0.68062 0.68062 0.68460 0.68517 0.68133 0.68174 0.68659 0.68694 0.68319 0.68370 0.68819 0.68894 0.68545 0.68572 0.69030 0.69054 0.68780 0.68872 0.69227 0.69229 0.69128 0.69134 0.69277 0.69532 0.69590 0.69333 0.69365 0.69860 0.69832 0.69584 0.69765 0.70154 0.70070 0.69906 0.70133 0.70462 0.70346 0.70226 0.70502 0.70798 0.70665 0.70553 0.70830 0.71141 0.71088 0.70918 0.71025 0.71455 0.71481 0.71427 0.71555 0.71567 0.71644 0.71960 0.72058 0.71914 0.72014 0.72407 0.72401 0.72287 0.72540 0.72772 0.72696 0.72766 0.73064 0.73084 0.73071 0.73300 0.73536 0.73510 0.73494 0.73781 0.73987 0.74012 0.73978 0.74041 0.74361 0.74524 0.74579 0.74501 0.74635 0.75058 0.75168 0.74969 0.75148 0.75572 0.75575 0.75496 0.75811 0.76048 0.75813 0.76091 0.72568 0.64802 0.57228 0.49805 0.42300 0.34587 0.26892 0.19266 0.11609 0.03874 0.00000 0.00000 0.00000 0.00000 0.00000 0.00000 0.00000 0.00000 0.00000 0.00000 0.00000 0.00000 0.00000 0.00000 0.00000 0.00000 0.00000 0.00000 0.00000 0.00000 0.00000 0.00000 0.00000 0.00000 0.00000 0.00000 0.00000 0.00000 0.00000 0.00000 0.00000 0.00000 0.00000 0.00000 0.00000
0.00000 0.00000 0.00000 0.00000 0.00000 0.00000 0.00000 0.00000 0.00000 0.00000 0.00000 0.00000 0.00000 0.00000 0.00000 0.00000 0.00000 0.00000 0.00000 0.00000 0.00000 0.00000 0.00000 0.00000 0.00000 0.00584 0.01751 0.02901 0.04057 0.05231 0.06388 0.07514 0.08653 0.09813 0.10979 0.14797 0.21236 0.27706 0.34316 0.40790 0.47008 0.53415 0.60089 0.66392 0.72535 0.75852 0.75917 0.75529 0.75347 0.75648 0.75585 0.75049 0.74963 0.75298 0.75171 0.74741 0.74693 0.74828 0.74750 0.74595 0.74452 0.74276 0.74270 0.74398 0.74243 0.73813 0.73797 0.74061 0.73913 0.73492 0.73593 0.73658 0.73502 0.73264 0.73262 0.73265 0.73253 0.73011 0.72809 0.72899 0.73024 0.72704 0.72446 0.72585 0.72707 0.72359 0.72108 0.72303 0.72367 0.72011 0.71820 0.72035 0.72011 0.71670 0.71582 0.71766 0.71622 0.71314 0.71511 0.71516 0.71115 0.71020 0.71320 0.71218 0.70739 0.70823 0.71033 0.70870 0.70511 0.70575 0.70672 0.70571 0.70516 0.70309 0.70145 0.70283 0.70343 0.70095 0.69815 0.69968 0.70082 0.69913 0.69705 0.69644 0.69647 0.69717 0.69646 0.69339 0.69293 0.69537 0.69517 0.69030 0.69004 0.69400 0.69364 0.68791 0.68769 0.69186 0.69166 0.68590 0.68589 0.68985 0.69002 0.68456 0.68394 0.68688 0.68813 0.68534 0.68221 0.68276 0.68648 0.68579 0.68064 0.68042 0.68493 0.68474 0.67951 0.68010 0.68316 0.68210 0.67881 0.68033 0.68134 0.67969 0.67913 0.68007 0.67826 0.67769 0.68070 0.67980 0.67609 0.67722 0.68059 0.67777 0.67540 0.67823 0.68002 0.67715 0.67515 0.67727 0.67959 0.67806 0.67497 0.67618 0.67958 0.67783 0.67485 0.67877 0.67970 0.67543 0.67508 0.67988 0.67970 0.67556 0.67627 0.68018 0.67850 0.67669 0.67743 0.68005 0.68084 0.67872 0.67723 0.67949 0.68195 0.68150 0.67825 0.67967 0.68324 0.68240 0.67932 0.68084 0.68440 0.68381 0.68125 0.68245 0.68500 0.68442 0.68403 0.68491 0.68548 0.68629 0.68685 0.68631 0.68693 0.68918 0.68901 0.68716 0.68918 0.69209 0.69165 0.68909 0.69060 0.69463 0.69518 0.69174 0.69264 0.69698 0.69641 0.69503 0.69740 0.69881 0.69727 0.69898 0.70142 0.70084 0.69984 0.70265 0.70487 0.70385 0.70293 0.70561 0.70827 0.70768 0.70647 0.70836 0.71113 0.71155 0.71124 0.71221 0.71245 0.71423 0.71698 0.71760 0.71593 0.71618 0.71934 0.72166 0.72046 0.72039 0.72362 0.72561 0.72377 0.72518 0.72864 0.72796 0.72730 0.73097 0.73321 0.73110 0.73161 0.73604 0.73765 0.73569 0.73612 0.74028 0.74202 0.74162 0.74107 0.74167 0.74549 0.74735 0.74712 0.74642 0.74877 0.75229 0.75284 0.75181 0.75415 0.75704 0.75661 0.75715 0.76047 0.76215 0.75985 0.72367 0.65075 0.57400 0.49731 0.42198 0.34680 0.26998 0.19261 0.11578 0.03878 0.00000 0.00000 0.00000 0.00000 0.00000 0.00000 0.00000 0.00000 0.00000 0.00000 0.00000 0.00000 0.00000 0.00000 0.00000 0.00000 0.00000 0.00000 0.00000 0.00000 0.00000 0.00000 0.00000 0.00000 0.00000 0.00000 0.00000 0.00000 0.00000 0.00000 0.00000 0.00000 0.00000 0.00000 0.00000
0.00000 0.00000 0.00000 0.00000 0.00000 0.00000 0.00000 0.00000 0.00000 0.00000 0.00000 0.00000 0.00000 0.00000 0.00000 0.00000 0.00000 0.00000 0.00000 0.00000 0.00000 0.00000 0.00000 0.00000 0.00000 0.00195 0.00581 0.00967 0.01360 0.01747 0.02121 0.02504 0.02896 0.03283 0.03654 0.07476 0.14758 0.22098 0.29344 0.36414 0.43624 0.51047 0.58164 0.65091 0.72356 0.76047 0.75735 0.75533 0.75778 0.75725 0.75221 0.75122 0.75470 0.75349 0.74881 0.74832 0.75015 0.74907 0.74708 0.74622 0.74459 0.74412 0.74545 0.74408 0.73984 0.73928 0.74221 0.74064 0.73614 0.73761 0.73845 0.73569 0.73337 0.73528 0.73501 0.73274 0.73051 0.73095 0.73162 0.73081 0.72727 0.72681 0.72856 0.72771 0.72382 0.72361 0.72565 0.72408 0.72035 0.72104 0.72284 0.72027 0.71711 0.71881 0.71990 0.71638 0.71399 0.71675 0.71667 0.71291 0.71175 0.71365 0.71265 0.71012 0.71118 0.71046 0.70815 0.70805 0.70894 0.70658 0.70503 0.70741 0.70643 0.70207 0.70226 0.70503 0.70418 0.69941 0.69922 0.70250 0.70214 0.69681 0.69626 0.70058 0.69977 0.69463 0.69366 0.69770 0.69719 0.69285 0.69183 0.69468 0.69442 0.69188 0.69062 0.69102 0.69163 0.69157 0.68902 0.68812 0.68910 0.68991 0.68800 0.68634 0.68582 0.68791 0.68795 0.68477 0.68278 0.68605 0.68675 0.68356 0.68255 0.68388 0.68365 0.68312 0.68339 0.68141 0.68020 0.68302 0.68395 0.67922 0.67850 0.68272 0.68281 0.67754 0.67755 0.68174 0.68155 0.67801 0.67679 0.67954 0.68119 0.67882 0.67607 0.67794 0.68071 0.67914 0.67580 0.67702 0.68021 0.67920 0.67628 0.67685 0.67836 0.67884 0.67897 0.67736 0.67638 0.67874 0.67922 0.67730 0.67834 0.67990 0.67798 0.67642 0.68019 0.68094 0.67757 0.67770 0.68149 0.68018 0.67821 0.68038 0.68156 0.68050 0.68088 0.68140 0.68186 0.68240 0.68240 0.68156 0.68118 0.68493 0.68560 0.68200 0.68208 0.68707 0.68744 0.68348 0.68392 0.68873 0.68929 0.68558 0.68604 0.69066 0.69083 0.68776 0.68881 0.69283 0.69234 0.69065 0.69153 0.69360 0.69509 0.69550 0.69351 0.69370 0.69841 0.69880 0.69571 0.69694 0.70130 0.70079 0.69887 0.70070 0.70384 0.70335 0.70231 0.70426 0.70694 0.70638 0.70538 0.70762 0.71061 0.71014 0.70853 0.71032 0.71436 0.71477 0.71255 0.71358 0.71575 0.71650 0.71890 0.71971 0.71775 0.71885 0.72344 0.72378 0.72174 0.72360 0.72753 0.72676 0.72602 0.72911 0.73062 0.72988 0.73145 0.73415 0.73416 0.73393 0.73644 0.73867 0.73901 0.73869 0.73982 0.74254 0.74468 0.74432 0.74321 0.74556 0.74932 0.75026 0.74821 0.74966 0.75428 0.75558 0.75348 0.75575 0.75923 0.75712 0.75891 0.76215 0.76231 0.72353 0.64975 0.57565 0.49845 0.42176 0.34620 0.27041 0.19330 0.11582 0.03870 0.00000 0.00000 0.00000 0.00000 0.00000 0.00000 0.00000 0.00000 0.00000 0.00000 0.00000 0.00000 0.00000 0.00000 0.00000 0.00000 0.00000 0.00000 0.00000 0.00000 0.00000 0.00000 0.00000 0.00000 0.00000 0.00000 0.00000 0.00000 0.00000 0.00000 0.00000 0.00000 0.00000 0.00000 0.00000
0.00000 0.00000 0.00000 0.00000 0.00000 0.00000 0.00000 0.00000 0.00000 0.00000 0.00000 0.00000 0.00000 0.00000 0.00000 0.00000 0.00000 0.00000 0.00000 0.00000 0.00000 0.00000 0.00000 0.00000 0.00000 0.00000 0.00000 0.00000 0.00000 0.00000 0.00000 0.00000 0.00000 0.00000 0.00000 0.03843 0.11550 0.19212 0.26747 0.34366 0.42157 0.49702 0.57048 0.64676 0.72395 0.75941 0.75739 0.75898 0.75865 0.75411 0.75302 0.75612 0.75505 0.75022 0.74953 0.75209 0.75092 0.74795 0.74731 0.74688 0.74618 0.74639 0.74516 0.74172 0.74149 0.74349 0.74205 0.73782 0.73891 0.73982 0.73750 0.73522 0.73654 0.73599 0.73456 0.73266 0.73178 0.73227 0.73291 0.72977 0.72740 0.72899 0.73023 0.72650 0.72406 0.72588 0.72675 0.72318 0.72120 0.72290 0.72308 0.72012 0.71850 0.71988 0.71938 0.71699 0.71707 0.71701 0.71444 0.71377 0.71574 0.71453 0.71017 0.71105 0.71312 0.71182 0.70715 0.70819 0.71034 0.70902 0.70635 0.70512 0.70544 0.70630 0.70569 0.70263 0.70123 0.70331 0.70368 0.70083 0.69875 0.69991 0.70076 0.69933 0.69725 0.69652 0.69720 0.69771 0.69615 0.69343 0.69390 0.69622 0.69527 0.69071 0.69069 0.69436 0.69422 0.68842 0.68843 0.69245 0.69219 0.68641 0.68643 0.69050 0.69022 0.68539 0.68462 0.68726 0.68854 0.68607 0.68295 0.68342 0.68711 0.68627 0.68138 0.68101 0.68571 0.68532 0.68047 0.68110 0.68386 0.68250 0.68035 0.68156 0.68133 0.68028 0.68143 0.68144 0.67845 0.67891 0.68216 0.68067 0.67707 0.67877 0.68173 0.67965 0.67670 0.67839 0.68115 0.67985 0.67661 0.67712 0.68084 0.68055 0.67646 0.67668 0.68098 0.67888 0.67643 0.68002 0.68113 0.67703 0.67704 0.68153 0.68077 0.67722 0.67847 0.68191 0.68114 0.67815 0.67811 0.68238 0.68296 0.67892 0.67888 0.68275 0.68402 0.68028 0.68001 0.68398 0.68520 0.68169 0.68160 0.68428 0.68594 0.68454 0.68411 0.68525 0.68635 0.68692 0.68690 0.68640 0.68748 0.68967 0.68911 0.68739 0.68966 0.69234 0.69121 0.68921 0.69150 0.69475 0.69477 0.69172 0.69258 0.69711 0.69727 0.69484 0.69657 0.69878 0.69764 0.69886 0.70095 0.70019 0.69966 0.70298 0.70443 0.70241 0.70258 0.70645 0.70775 0.70572 0.70590 0.70924 0.71094 0.71000 0.70982 0.71158 0.71361 0.71478 0.71457 0.71459 0.71638 0.71663 0.71776 0.71981 0.72000 0.72009 0.72199 0.72432 0.72365 0.72435 0.72712 0.72784 0.72668 0.72950 0.73209 0.73050 0.73054 0.73488 0.73658 0.73442 0.73502 0.73952 0.74101 0.73985 0.73982 0.74175 0.74469 0.74588 0.74558 0.74519 0.74765 0.75077 0.75156 0.74860 0.74617 0.74583 0.74397 0.73924 0.73600 0.73564 0.73097 0.72867 0.72704 0.68928 0.61700 0.54575 0.47482 0.40206 0.32878 0.25627 0.18385 0.11052 0.03678 0.00000 0.00000 0.00000 0.00000 0.00000 0.00000 0.00000 0.00000 0.00000 0.00000 0.00000 0.00000 0.00000 0.00000 0.00000 0.00000 0.00000 0.00000 0.00000 0.00000 0.00000 0.00000 0.00000 0.00000 0.00000 0.00000 0.00000 0.00000 0.00000 0.00000 0.00000 0.00000 0.00000 0.00000 0.00000
0.00000 0.00000 0.00000 0.00000 0.00000 0.00000 0.00000 0.00000 0.00000 0.00000 0.00000 0.00000 0.00000 0.00000 0.00000 0.00000 0.00000 0.00000 0.00000 0.00000 0.00000 0.00000 0.00000 0.00000 0.00000 0.00000 0.00000 0.00000 0.00000 0.00000 0.00000 0.00000 0.00000 0.00000 0.00000 0.03859 0.11535 0.19142 0.26810 0.34567 0.42131 0.49530 0.57175 0.64898 0.72321 0.75932 0.76023 0.75966 0.75608 0.75507 0.75757 0.75657 0.75187 0.75114 0.75382 0.75254 0.74927 0.74887 0.74866 0.74769 0.74779 0.74701 0.74330 0.74274 0.74520 0.74386 0.73939 0.73968 0.74158 0.73893 0.73635 0.73865 0.73806 0.73476 0.73340 0.73454 0.73466 0.73359 0.73023 0.72982 0.73156 0.73102 0.72691 0.72625 0.72844 0.72750 0.72351 0.72371 0.72558 0.72351 0.72029 0.72145 0.72253 0.71931 0.71727 0.71967 0.71934 0.71503 0.71433 0.71703 0.71588 0.71221 0.71321 0.71368 0.71149 0.70997 0.71153 0.71014 0.70814 0.70905 0.70861 0.70545 0.70568 0.70777 0.70603 0.70210 0.70271 0.70531 0.70418 0.69979 0.69941 0.70289 0.70235 0.69711 0.69646 0.70078 0.70004 0.69462 0.69415 0.69831 0.69750 0.69258 0.69248 0.69528 0.69481 0.69331 0.69080 0.69095 0.69234 0.69256 0.68925 0.68822 0.68965 0.69071 0.68877 0.68645 0.68604 0.68891 0.68882 0.68500 0.68347 0.68700 0.68739 0.68418 0.68306 0.68459 0.68415 0.68427 0.68434 0.68188 0.68080 0.68439 0.68480 0.67968 0.67945 0.68394 0.68384 0.67896 0.67873 0.68222 0.68283 0.67978 0.67809 0.68015 0.68230 0.68044 0.67760 0.67879 0.68166 0.68077 0.67783 0.67810 0.68027 0.68074 0.67960 0.67824 0.67744 0.68043 0.68166 0.67863 0.67793 0.68089 0.68069 0.67818 0.68009 0.68215 0.67969 0.67823 0.68153 0.68266 0.68000 0.67985 0.68193 0.68225 0.68181 0.68190 0.68158 0.68299 0.68317 0.68269 0.68278 0.68518 0.68552 0.68292 0.68286 0.68751 0.68788 0.68395 0.68433 0.68927 0.68969 0.68585 0.68645 0.69106 0.69108 0.68788 0.68921 0.69325 0.69233 0.69022 0.69198 0.69497 0.69476 0.69407 0.69391 0.69480 0.69824 0.69885 0.69568 0.69667 0.70111 0.70084 0.69876 0.70029 0.70312 0.70315 0.70258 0.70378 0.70548 0.70604 0.70603 0.70719 0.70898 0.70940 0.70873 0.71029 0.71333 0.71341 0.71153 0.71336 0.71687 0.71678 0.71679 0.71870 0.71702 0.71757 0.72246 0.72331 0.72089 0.72202 0.72671 0.72680 0.72518 0.72734 0.73022 0.72951 0.73026 0.73281 0.73318 0.73300 0.73554 0.73757 0.73732 0.73751 0.73987 0.74162 0.74334 0.74294 0.74214 0.74471 0.74820 0.74884 0.74678 0.74821 0.75290 0.74845 0.73510 0.72486 0.71767 0.70752 0.69550 0.68512 0.67532 0.66387 0.65486 0.61817 0.55247 0.48811 0.42465 0.36044 0.29488 0.22930 0.16428 0.09896 0.03303 0.00000 0.00000 0.00000 0.00000 0.00000 0.00000 0.00000 0.00000 0.00000 0.00000 0.00000 0.00000 0.00000 0.00000 0.00000 0.00000 0.00000 0.00000 0.00000 0.00000 0.00000 0.00000 0.00000 0.00000 0.00000 0.00000 0.00000 0.00000 0.00000 0.00000 0.00000 0.00000 0.00000 0.00000 0.00000
0.00000 0.00000 0.00000 0.00000 0.00000 0.00000 0.00000 0.00000 0.00000 0.00000 0.00000 0.00000 0.00000 0.00000 0.00000 0.00000 0.00000 0.00000 0.00000 0.00000 0.00000 0.00000 0.00000 0.00000 0.00000 0.00000 0.00000 0.00000 0.00000 0.00000 0.00000 0.00000 0.00000 0.00000 0.00000 0.03852 0.11513 0.19194 0.26936 0.34543 0.42006 0.49649 0.57388 0.64873 0.72316 0.76148 0.76081 0.75804 0.75736 0.75896 0.75788 0.75369 0.75294 0.75541 0.75412 0.75041 0.75016 0.75085 0.74953 0.74860 0.74826 0.74545 0.74466 0.74651 0.74537 0.74110 0.74108 0.74312 0.74076 0.73800 0.73972 0.73933 0.73652 0.73526 0.73568 0.73557 0.73537 0.73243 0.73074 0.73217 0.73285 0.72936 0.72696 0.72900 0.72995 0.72612 0.72390 0.72578 0.72631 0.72316 0.72122 0.72244 0.72267 0.72050 0.71916 0.71907 0.71817 0.71770 0.71798 0.71596 0.71340 0.71510 0.71595 0.71351 0.70996 0.71170 0.71320 0.71157 0.70771 0.70787 0.70976 0.70935 0.70715 0.70481 0.70490 0.70669 0.70626 0.70258 0.70136 0.70349 0.70411 0.70118 0.69885 0.69990 0.70126 0.69989 0.69699 0.69654 0.69826 0.69840 0.69553 0.69365 0.69492 0.69668 0.69575 0.69116 0.69131 0.69476 0.69438 0.68893 0.68902 0.69299 0.69225 0.68703 0.68718 0.69096 0.69050 0.68652 0.68549 0.68741 0.68903 0.68701 0.68375 0.68397 0.68787 0.68697 0.68228 0.68171 0.68642 0.68587 0.68183 0.68200 0.68412 0.68340 0.68229 0.68250 0.68128 0.68130 0.68333 0.68274 0.67910 0.67994 0.68343 0.68224 0.67827 0.67931 0.68288 0.68197 0.67812 0.67851 0.68235 0.68225 0.67809 0.67773 0.68228 0.68212 0.67793 0.67915 0.68253 0.67987 0.67812 0.68198 0.68261 0.67854 0.67912 0.68321 0.68221 0.67881 0.68006 0.68373 0.68340 0.67940 0.67991 0.68436 0.68488 0.68044 0.68079 0.68520 0.68601 0.68166 0.68211 0.68622 0.68700 0.68398 0.68424 0.68646 0.68736 0.68711 0.68699 0.68690 0.68814 0.69009 0.68931 0.68772 0.69010 0.69269 0.69102 0.68943 0.69248 0.69493 0.69364 0.69182 0.69363 0.69738 0.69765 0.69467 0.69600 0.69886 0.69781 0.69881 0.70075 0.69974 0.69945 0.70304 0.70418 0.70152 0.70223 0.70661 0.70739 0.70439 0.70540 0.70983 0.71066 0.70810 0.70890 0.71241 0.71378 0.71315 0.71271 0.71375 0.71713 0.71825 0.71566 0.71725 0.72054 0.72050 0.72012 0.72259 0.72369 0.72417 0.72536 0.72667 0.72660 0.72875 0.73078 0.72968 0.72971 0.73397 0.73553 0.73310 0.73391 0.73882 0.74001 0.73791 0.73857 0.74241 0.74399 0.74439 0.74402 0.74415 0.74684 0.74945 0.75010 0.74915 0.75033 0.74431 0.72738 0.70784 0.68865 0.67245 0.65574 0.63752 0.61779 0.59914 0.58245 0.54547 0.48872 0.43152 0.37453 0.31765 0.26066 0.20300 0.14493 0.08716 0.02917 0.00000 0.00000 0.00000 0.00000 0.00000 0.00000 0.00000 0.00000 0.00000 0.00000 0.00000 0.00000 0.00000 0.00000 0.00000 0.00000 0.00000 0.00000 0.00000 0.00000 0.00000 0.00000 0.00000 0.00000 0.00000 0.00000 0.00000 0.00000 0.00000 0.00000 0.00000 0.00000 0.00000 0.00000 0.00000
0.00000 0.00000 0.00000 0.00000 0.00000 0.00000 0.00000 0.00000 0.00000 0.00000 0.00000 0.00000 0.00000 0.00000 0.00000 0.00000 0.00000 0.00000 0.00000 0.00000 0.00000 0.00000 0.00000 0.00000 0.00000 0.00000 0.00000 0.00000 0.00000 0.00000 0.00000 0.00000 0.00000 0.00000 0.00000 0.03845 0.11556 0.19284 0.26896 0.34428 0.42125 0.49845 0.57355 0.64837 0.72478 0.76178 0.75996 0.76013 0.76044 0.75893 0.75553 0.75495 0.75688 0.75566 0.75189 0.75166 0.75262 0.75118 0.74993 0.74986 0.74707 0.74608 0.74811 0.74723 0.74256 0.74185 0.74506 0.74279 0.73933 0.74087 0.74123 0.73752 0.73631 0.73789 0.73783 0.73584 0.73312 0.73287 0.73444 0.73398 0.72985 0.72911 0.73152 0.73076 0.72673 0.72601 0.72838 0.72715 0.72327 0.72382 0.72530 0.72291 0.72048 0.72195 0.72195 0.71832 0.71777 0.72005 0.71837 0.71461 0.71558 0.71717 0.71430 0.71216 0.71472 0.71357 0.71043 0.71047 0.71155 0.70951 0.70855 0.70976 0.70826 0.70525 0.70615 0.70817 0.70602 0.70263 0.70286 0.70533 0.70451 0.70029 0.69947 0.70285 0.70271 0.69763 0.69675 0.70078 0.70035 0.69502 0.69469 0.69852 0.69781 0.69383 0.69288 0.69436 0.69533 0.69534 0.69113 0.69032 0.69287 0.69341 0.69005 0.68834 0.68975 0.69161 0.69019 0.68676 0.68617 0.68983 0.68988 0.68553 0.68431 0.68776 0.68794 0.68535 0.68404 0.68486 0.68457 0.68586 0.68532 0.68212 0.68178 0.68581 0.68571 0.68053 0.68056 0.68479 0.68488 0.68059 0.68014 0.68278 0.68373 0.68145 0.67971 0.68095 0.68294 0.68205 0.67967 0.67980 0.68192 0.68231 0.68057 0.67951 0.68012 0.68207 0.68255 0.67998 0.67865 0.68189 0.68322 0.68014 0.67982 0.68302 0.68216 0.67957 0.68166 0.68408 0.68181 0.68013 0.68253 0.68435 0.68276 0.68189 0.68273 0.68420 0.68420 0.68367 0.68371 0.68541 0.68557 0.68420 0.68432 0.68785 0.68817 0.68464 0.68496 0.68983 0.69021 0.68622 0.68684 0.69152 0.69146 0.68812 0.68965 0.69355 0.69237 0.69017 0.69264 0.69571 0.69421 0.69270 0.69486 0.69724 0.69783 0.69699 0.69585 0.69730 0.70094 0.70032 0.69874 0.70031 0.70261 0.70278 0.70275 0.70357 0.70440 0.70565 0.70661 0.70689 0.70726 0.70878 0.70970 0.71020 0.71147 0.71232 0.71186 0.71340 0.71649 0.71583 0.71486 0.71756 0.71819 0.71744 0.72083 0.72255 0.72058 0.72084 0.72553 0.72666 0.72469 0.72559 0.72927 0.72959 0.72951 0.73125 0.73208 0.73233 0.73483 0.73643 0.73548 0.73634 0.73990 0.74081 0.74069 0.74143 0.74162 0.74414 0.74681 0.74735 0.74550 0.74714 0.75166 0.75277 0.75058 0.73843 0.71629 0.69131 0.66384 0.63763 0.61325 0.58816 0.56288 0.53593 0.50887 0.47253 0.42435 0.37482 0.32466 0.27521 0.22605 0.17619 0.12583 0.07552 0.02527 0.00000 0.00000 0.00000 0.00000 0.00000 0.00000 0.00000 0.00000 0.00000 0.00000 0.00000 0.00000 0.00000 0.00000 0.00000 0.00000 0.00000 0.00000 0.00000 0.00000 0.00000 0.00000 0.00000 0.00000 0.00000 0.00000 0.00000 0.00000 0.00000 0.00000 0.00000 0.00000 0.00000 0.00000 0.00000
0.00000 0.00000 0.00000 0.00000 0.00000 0.00000 0.00000 0.00000 0.00000 0.00000 0.00000 0.00000 0.00000 0.00000 0.00000 0.00000 0.00000 0.00000 0.00000 0.00000 0.00000 0.00000 0.00000 0.00000 0.00000 0.00000 0.00000 0.00000 0.00000 0.00000 0.00000 0.00000 0.00000 0.00000 0.00000 0.03860 0.11592 0.19253 0.26847 0.34537 0.42262 0.49827 0.57346 0.64964 0.72489 0.76193 0.76258 0.76178 0.75955 0.75728 0.75712 0.75833 0.75710 0.75353 0.75324 0.75447 0.75291 0.75090 0.75106 0.74933 0.74792 0.74925 0.74870 0.74445 0.74332 0.74664 0.74467 0.74085 0.74172 0.74275 0.73976 0.73800 0.73901 0.73892 0.73758 0.73503 0.73401 0.73529 0.73573 0.73203 0.73022 0.73234 0.73252 0.72901 0.72668 0.72898 0.72977 0.72591 0.72383 0.72547 0.72610 0.72346 0.72139 0.72173 0.72198 0.72111 0.71992 0.71813 0.71719 0.71859 0.71859 0.71439 0.71305 0.71592 0.71610 0.71274 0.71014 0.71147 0.71332 0.71183 0.70819 0.70751 0.70919 0.70974 0.70794 0.70475 0.70465 0.70689 0.70707 0.70301 0.70128 0.70340 0.70456 0.70187 0.69879 0.69978 0.70200 0.70059 0.69661 0.69666 0.69938 0.69895 0.69422 0.69404 0.69611 0.69705 0.69547 0.69168 0.69198 0.69523 0.69409 0.68946 0.68990 0.69359 0.69243 0.68805 0.68813 0.69098 0.69088 0.68812 0.68642 0.68734 0.68972 0.68824 0.68448 0.68432 0.68881 0.68797 0.68357 0.68268 0.68676 0.68669 0.68355 0.68274 0.68416 0.68458 0.68422 0.68387 0.68164 0.68198 0.68487 0.68447 0.68008 0.68050 0.68465 0.68414 0.67959 0.67977 0.68408 0.68401 0.67957 0.67924 0.68375 0.68395 0.67945 0.67947 0.68393 0.68295 0.67938 0.68155 0.68420 0.68096 0.67989 0.68388 0.68401 0.68013 0.68142 0.68486 0.68376 0.68053 0.68179 0.68549 0.68543 0.68139 0.68176 0.68626 0.68685 0.68256 0.68284 0.68735 0.68804 0.68412 0.68447 0.68795 0.68854 0.68701 0.68714 0.68783 0.68893 0.69036 0.68955 0.68822 0.69058 0.69309 0.69113 0.68974 0.69317 0.69511 0.69279 0.69215 0.69525 0.69739 0.69593 0.69469 0.69667 0.69957 0.69761 0.69878 0.70101 0.69944 0.69890 0.70302 0.70417 0.70110 0.70184 0.70647 0.70720 0.70385 0.70497 0.70965 0.71039 0.70715 0.70826 0.71291 0.71365 0.71111 0.71176 0.71516 0.71694 0.71714 0.71512 0.71593 0.72074 0.72097 0.71851 0.72074 0.72378 0.72440 0.72360 0.72501 0.72683 0.72865 0.72912 0.72836 0.72937 0.73330 0.73444 0.73183 0.73288 0.73767 0.73898 0.73635 0.73737 0.74187 0.74332 0.74250 0.74236 0.74262 0.74642 0.74845 0.74846 0.74763 0.74929 0.75261 0.75424 0.73659 0.70258 0.67124 0.63980 0.60590 0.57058 0.53757 0.50601 0.47258 0.43737 0.39953 0.35908 0.31750 0.27525 0.23315 0.19118 0.14908 0.10669 0.06406 0.02135 0.00000 0.00000 0.00000 0.00000 0.00000 0.00000 0.00000 0.00000 0.00000 0.00000 0.00000 0.00000 0.00000 0.00000 0.00000 0.00000 0.00000 0.00000 0.00000 0.00000 0.00000 0.00000 0.00000 0.00000 0.00000 0.00000 0.00000 0.00000 0.00000 0.00000 0.00000 0.00000 0.00000 0.00000 0.00000
0.00000 0.00000 0.00000 0.00000 0.00000 0.00000 0.00000 0.00000 0.00000 0.00000 0.00000 0.00000 0.00000 0.00000 0.00000 0.00000 0.00000 0.00000 0.00000 0.00000 0.00000 0.00000 0.00000 0.00000 0.00000 0.00000 0.00000 0.00000 0.00000 0.00000 0.00000 0.00000 0.00000 0.00000 0.00000 0.03873 0.11561 0.19211 0.26949 0.34661 0.42225 0.49775 0.57456 0.65014 0.72543 0.76439 0.76326 0.76006 0.75904 0.75967 0.75992 0.75838 0.75520 0.75482 0.75605 0.75464 0.75218 0.75233 0.75104 0.74965 0.75067 0.75035 0.74605 0.74473 0.74829 0.74657 0.74218 0.74264 0.74466 0.74147 0.73916 0.74065 0.74094 0.73815 0.73579 0.73621 0.73751 0.73673 0.73310 0.73178 0.73451 0.73376 0.72949 0.72863 0.73157 0.73071 0.72630 0.72590 0.72828 0.72684 0.72340 0.72394 0.72483 0.72232 0.72094 0.72239 0.72116 0.71789 0.71858 0.72039 0.71725 0.71460 0.71706 0.71714 0.71274 0.71238 0.71508 0.71346 0.71086 0.71085 0.71109 0.70937 0.70923 0.71023 0.70804 0.70565 0.70640 0.70798 0.70642 0.70348 0.70275 0.70475 0.70506 0.70119 0.69954 0.70241 0.70307 0.69860 0.69714 0.70030 0.70068 0.69642 0.69516 0.69726 0.69825 0.69726 0.69327 0.69226 0.69587 0.69604 0.69174 0.69040 0.69315 0.69422 0.69158 0.68876 0.68940 0.69246 0.69182 0.68727 0.68659 0.69067 0.69066 0.68640 0.68535 0.68814 0.68827 0.68732 0.68545 0.68471 0.68528 0.68758 0.68626 0.68261 0.68309 0.68694 0.68688 0.68177 0.68196 0.68551 0.68543 0.68227 0.68191 0.68350 0.68411 0.68310 0.68181 0.68189 0.68320 0.68361 0.68212 0.68113 0.68212 0.68359 0.68317 0.68139 0.68070 0.68307 0.68462 0.68209 0.68020 0.68336 0.68463 0.68163 0.68166 0.68514 0.68387 0.68115 0.68306 0.68596 0.68409 0.68205 0.68381 0.68599 0.68509 0.68417 0.68464 0.68598 0.68628 0.68571 0.68557 0.68797 0.68837 0.68563 0.68592 0.69037 0.69079 0.68674 0.68724 0.69202 0.69200 0.68848 0.69005 0.69389 0.69259 0.69039 0.69330 0.69586 0.69374 0.69260 0.69606 0.69804 0.69630 0.69491 0.69769 0.70007 0.70034 0.69796 0.69896 0.70137 0.70222 0.70185 0.70276 0.70379 0.70392 0.70512 0.70669 0.70677 0.70636 0.70824 0.71014 0.71011 0.70980 0.71147 0.71291 0.71342 0.71453 0.71493 0.71502 0.71700 0.71896 0.71769 0.71918 0.72159 0.72065 0.72025 0.72412 0.72606 0.72459 0.72429 0.72773 0.72981 0.72927 0.72944 0.73060 0.73206 0.73433 0.73519 0.73380 0.73530 0.73923 0.73996 0.73808 0.73990 0.74343 0.74382 0.74416 0.74559 0.74477 0.74653 0.75037 0.75143 0.74916 0.75027 0.75491 0.73556 0.69265 0.65138 0.61239 0.57266 0.53110 0.48862 0.44736 0.40745 0.36631 0.32760 0.29312 0.25971 0.22586 0.19110 0.15630 0.12191 0.08743 0.05253 0.01748 0.00000 0.00000 0.00000 0.00000 0.00000 0.00000 0.00000 0.00000 0.00000 0.00000 0.00000 0.00000 0.00000 0.00000 0.00000 0.00000 0.00000 0.00000 0.00000 0.00000 0.00000 0.00000 0.00000 0.00000 0.00000 0.00000 0.00000 0.00000 0.00000 0.00000 0.00000 0.00000 0.00000 0.00000 0.00000
0.00000 0.00000 0.00000 0.00000 0.00000 0.00000 0.00000 0.00000 0.00000 0.00000 0.00000 0.00000 0.00000 0.00000 0.00000 0.00000 0.00000 0.00000 0.00000 0.00000 0.00000 0.00000 0.00000 0.00000 0.00000 0.00000 0.00000 0.00000 0.00000 0.00000 0.00000 0.00000 0.00000 0.00000 0.00000 0.03863 0.11555 0.19288 0.27014 0.34631 0.42223 0.49890 0.57492 0.65075 0.72784 0.76454 0.76084 0.76090 0.76201 0.76143 0.75941 0.75682 0.75666 0.75765 0.75628 0.75353 0.75351 0.75312 0.75172 0.75178 0.75154 0.74799 0.74647 0.74971 0.74825 0.74383 0.74366 0.74628 0.74371 0.74069 0.74145 0.74235 0.74017 0.73756 0.73723 0.73864 0.73860 0.73492 0.73314 0.73527 0.73559 0.73153 0.72978 0.73247 0.73278 0.72860 0.72644 0.72888 0.72965 0.72601 0.72370 0.72494 0.72580 0.72390 0.72176 0.72100 0.72130 0.72161 0.72058 0.71719 0.71667 0.71913 0.71883 0.71393 0.71304 0.71590 0.71619 0.71350 0.71031 0.71062 0.71316 0.71259 0.70816 0.70733 0.70897 0.71007 0.70952 0.70506 0.70420 0.70688 0.70729 0.70375 0.70136 0.70320 0.70485 0.70265 0.69891 0.69982 0.70252 0.70121 0.69642 0.69703 0.70008 0.69937 0.69554 0.69458 0.69624 0.69744 0.69552 0.69226 0.69304 0.69588 0.69429 0.69014 0.69089 0.69403 0.69277 0.68977 0.68913 0.69043 0.69136 0.68999 0.68732 0.68722 0.69070 0.68964 0.68567 0.68485 0.68925 0.68908 0.68529 0.68367 0.68672 0.68776 0.68537 0.68356 0.68443 0.68531 0.68594 0.68631 0.68236 0.68217 0.68629 0.68613 0.68126 0.68119 0.68588 0.68577 0.68101 0.68074 0.68540 0.68554 0.68093 0.68068 0.68539 0.68515 0.68075 0.68154 0.68562 0.68383 0.68102 0.68382 0.68591 0.68218 0.68233 0.68564 0.68473 0.68189 0.68377 0.68653 0.68552 0.68250 0.68340 0.68733 0.68760 0.68347 0.68371 0.68831 0.68889 0.68477 0.68506 0.68919 0.68999 0.68702 0.68744 0.68907 0.68971 0.69052 0.68996 0.68889 0.69107 0.69350 0.69150 0.69012 0.69361 0.69536 0.69267 0.69261 0.69620 0.69705 0.69479 0.69533 0.69799 0.69908 0.69759 0.69908 0.70067 0.69877 0.69870 0.70313 0.70418 0.70089 0.70144 0.70635 0.70713 0.70362 0.70458 0.70939 0.71020 0.70681 0.70778 0.71260 0.71346 0.71017 0.71111 0.71595 0.71673 0.71435 0.71451 0.71776 0.72019 0.72011 0.71792 0.71961 0.72367 0.72417 0.72212 0.72363 0.72698 0.72854 0.72724 0.72697 0.72980 0.73260 0.73312 0.73078 0.73210 0.73646 0.73796 0.73545 0.73625 0.74026 0.74242 0.74088 0.74089 0.74305 0.74631 0.74726 0.74653 0.74607 0.74874 0.75190 0.75268 0.75181 0.75232 0.73088 0.68412 0.63500 0.58471 0.53683 0.49021 0.44128 0.39048 0.34145 0.29364 0.25568 0.22830 0.20174 0.17571 0.14900 0.12179 0.09479 0.06796 0.04090 0.01365 0.00000 0.00000 0.00000 0.00000 0.00000 0.00000 0.00000 0.00000 0.00000 0.00000 0.00000 0.00000 0.00000 0.00000 0.00000 0.00000 0.00000 0.00000 0.00000 0.00000 0.00000 0.00000 0.00000 0.00000 0.00000 0.00000 0.00000 0.00000 0.00000 0.00000 0.00000 0.00000 0.00000 0.00000 0.00000
0.00000 0.00000 0.00000 0.00000 0.00000 0.00000 0.00000 0.00000 0.00000 0.00000 0.00000 0.00000 0.00000 0.00000 0.00000 0.00000 0.00000 0.00000 0.00000 0.00000 0.00000 0.00000 0.00000 0.00000 0.00000 0.00000 0.00000 0.00000 0.00000 0.00000 0.00000 0.00000 0.00000 0.00000 0.00000 0.03859 0.11612 0.19341 0.26966 0.34583 0.42331 0.49963 0.57526 0.65207 0.72785 0.76316 0.76264 0.76373 0.76312 0.76081 0.75844 0.75834 0.75930 0.75802 0.75506 0.75472 0.75489 0.75377 0.75308 0.75270 0.74976 0.74844 0.75116 0.75001 0.74537 0.74502 0.74791 0.74551 0.74191 0.74293 0.74419 0.74132 0.73861 0.73942 0.74083 0.73946 0.73589 0.73490 0.73736 0.73696 0.73263 0.73122 0.73468 0.73411 0.72905 0.72822 0.73161 0.73067 0.72625 0.72574 0.72799 0.72656 0.72373 0.72422 0.72427 0.72184 0.72144 0.72288 0.72052 0.71772 0.71925 0.72044 0.71654 0.71472 0.71764 0.71706 0.71318 0.71248 0.71417 0.71363 0.71211 0.71053 0.71031 0.70997 0.70990 0.70951 0.70825 0.70686 0.70630 0.70666 0.70714 0.70484 0.70257 0.70388 0.70558 0.70250 0.69981 0.70165 0.70342 0.70010 0.69758 0.69925 0.70113 0.69888 0.69559 0.69541 0.69882 0.69831 0.69372 0.69269 0.69641 0.69677 0.69277 0.69094 0.69287 0.69498 0.69366 0.68933 0.68918 0.69330 0.69302 0.68786 0.68739 0.69145 0.69103 0.68825 0.68670 0.68743 0.68866 0.68960 0.68676 0.68480 0.68643 0.68890 0.68688 0.68350 0.68464 0.68790 0.68703 0.68324 0.68411 0.68623 0.68537 0.68407 0.68401 0.68424 0.68440 0.68479 0.68404 0.68301 0.68360 0.68500 0.68441 0.68288 0.68274 0.68449 0.68541 0.68380 0.68175 0.68376 0.68635 0.68442 0.68196 0.68534 0.68607 0.68262 0.68337 0.68712 0.68583 0.68281 0.68452 0.68772 0.68630 0.68430 0.68553 0.68732 0.68721 0.68693 0.68656 0.68766 0.68880 0.68769 0.68703 0.69074 0.69128 0.68746 0.68777 0.69257 0.69271 0.68899 0.69037 0.69432 0.69303 0.69077 0.69381 0.69615 0.69363 0.69298 0.69692 0.69813 0.69527 0.69509 0.69955 0.70047 0.69740 0.69736 0.70073 0.70265 0.70132 0.70055 0.70290 0.70455 0.70381 0.70433 0.70645 0.70693 0.70613 0.70773 0.71000 0.71006 0.70906 0.71077 0.71328 0.71348 0.71272 0.71405 0.71627 0.71678 0.71659 0.71731 0.71947 0.72068 0.71959 0.72006 0.72347 0.72514 0.72412 0.72350 0.72617 0.72949 0.72930 0.72784 0.72891 0.73264 0.73392 0.73377 0.73241 0.73442 0.73830 0.73907 0.73672 0.73846 0.74247 0.74344 0.74197 0.74361 0.74512 0.74660 0.74864 0.74982 0.74809 0.74926 0.75401 0.75512 0.75324 0.72555 0.67238 0.61741 0.56033 0.50273 0.44684 0.39184 0.33504 0.27698 0.21992 0.18269 0.16384 0.14429 0.12515 0.10641 0.08732 0.06785 0.04845 0.02919 0.00976 0.00000 0.00000 0.00000 0.00000 0.00000 0.00000 0.00000 0.00000 0.00000 0.00000 0.00000 0.00000 0.00000 0.00000 0.00000 0.00000 0.00000 0.00000 0.00000 0.00000 0.00000 0.00000 0.00000 0.00000 0.00000 0.00000 0.00000 0.00000 0.00000 0.00000 0.00000 0.00000 0.00000 0.00000 0.00000
0.00000 0.00000 0.00000 0.00000 0.00000 0.00000 0.00000 0.00000 0.00000 0.00000 0.00000 0.00000 0.00000 0.00000 0.00000 0.00000 0.00000 0.00000 0.00000 0.00000 0.00000 0.00000 0.00000 0.00000 0.00000 0.00000 0.00000 0.00000 0.00000 0.00000 0.00000 0.00000 0.00000 0.00000 0.00000 0.03878 0.11630 0.19312 0.26958 0.34699 0.42373 0.49983 0.57704 0.65240 0.72677 0.76467 0.76554 0.76448 0.76176 0.76021 0.76026 0.76082 0.75954 0.75663 0.75614 0.75669 0.75585 0.75440 0.75347 0.75158 0.75079 0.75247 0.75113 0.74703 0.74645 0.74945 0.74736 0.74345 0.74383 0.74579 0.74352 0.74031 0.74048 0.74216 0.74117 0.73747 0.73621 0.73844 0.73887 0.73439 0.73271 0.73555 0.73584 0.73102 0.72956 0.73253 0.73266 0.72848 0.72623 0.72856 0.72940 0.72625 0.72360 0.72442 0.72540 0.72422 0.72241 0.72059 0.72069 0.72190 0.72106 0.71707 0.71640 0.71935 0.71881 0.71461 0.71313 0.71403 0.71628 0.71541 0.71028 0.71014 0.71323 0.71314 0.70938 0.70729 0.70786 0.71023 0.70931 0.70580 0.70436 0.70671 0.70699 0.70451 0.70190 0.70319 0.70478 0.70323 0.69942 0.70023 0.70261 0.70160 0.69746 0.69764 0.70014 0.69964 0.69671 0.69528 0.69662 0.69787 0.69593 0.69291 0.69389 0.69675 0.69468 0.69181 0.69183 0.69334 0.69313 0.69195 0.69027 0.68984 0.69168 0.69167 0.68843 0.68739 0.69140 0.69097 0.68772 0.68575 0.68874 0.69009 0.68717 0.68462 0.68693 0.68883 0.68706 0.68630 0.68503 0.68427 0.68762 0.68798 0.68329 0.68286 0.68768 0.68749 0.68259 0.68237 0.68714 0.68712 0.68244 0.68218 0.68692 0.68682 0.68222 0.68244 0.68703 0.68620 0.68245 0.68380 0.68685 0.68470 0.68317 0.68593 0.68584 0.68368 0.68581 0.68730 0.68548 0.68383 0.68562 0.68825 0.68785 0.68453 0.68489 0.68924 0.68973 0.68558 0.68604 0.69023 0.69073 0.68731 0.68796 0.69045 0.69035 0.69056 0.69079 0.68979 0.69136 0.69387 0.69218 0.69058 0.69389 0.69576 0.69309 0.69303 0.69666 0.69695 0.69463 0.69608 0.69885 0.69834 0.69722 0.69957 0.70067 0.69852 0.69962 0.70340 0.70377 0.70066 0.70152 0.70629 0.70706 0.70350 0.70428 0.70926 0.71006 0.70654 0.70744 0.71231 0.71324 0.70981 0.71066 0.71558 0.71652 0.71320 0.71397 0.71884 0.71978 0.71709 0.71740 0.72021 0.72330 0.72274 0.72113 0.72341 0.72678 0.72793 0.72562 0.72613 0.73036 0.73154 0.73093 0.73026 0.73226 0.73522 0.73690 0.73483 0.73524 0.73892 0.74125 0.73989 0.73974 0.74244 0.74584 0.74563 0.74459 0.74544 0.74892 0.75116 0.75090 0.74997 0.75142 0.75498 0.75659 0.72428 0.65936 0.59687 0.53508 0.47099 0.40497 0.34088 0.27790 0.21305 0.14737 0.10930 0.09837 0.08695 0.07515 0.06370 0.05242 0.04084 0.02913 0.01749 0.00585 0.00000 0.00000 0.00000 0.00000 0.00000 0.00000 0.00000 0.00000 0.00000 0.00000 0.00000 0.00000 0.00000 0.00000 0.00000 0.00000 0.00000 0.00000 0.00000 0.00000 0.00000 0.00000 0.00000 0.00000 0.00000 0.00000 0.00000 0.00000 0.00000 0.00000 0.00000 0.00000 0.00000 0.00000 0.00000
0.00000 0.00000 0.00000 0.00000 0.00000 0.00000 0.00000 0.00000 0.00000 0.00000 0.00000 0.00000 0.00000 0.00000 0.00000 0.00000 0.00000 0.00000 0.00000 0.00000 0.00000 0.00000 0.00000 0.00000 0.00000 0.00000 0.00000 0.00000 0.00000 0.00000 0.00000 0.00000 0.00000 0.00000 0.00000 0.03885 0.11600 0.19290 0.27070 0.34751 0.42361 0.50095 0.57701 0.65219 0.72801 0.76678 0.76606 0.76396 0.76191 0.76175 0.76260 0.76149 0.75825 0.75750 0.75848 0.75791 0.75570 0.75431 0.75340 0.75318 0.75379 0.75237 0.74870 0.74832 0.75094 0.74909 0.74493 0.74538 0.74747 0.74509 0.74165 0.74247 0.74396 0.74203 0.73829 0.73850 0.74060 0.74002 0.73537 0.73422 0.73765 0.73731 0.73207 0.73100 0.73481 0.73398 0.72889 0.72787 0.73148 0.73055 0.72642 0.72569 0.72761 0.72616 0.72403 0.72489 0.72396 0.72130 0.72161 0.72314 0.72044 0.71755 0.71912 0.72030 0.71688 0.71477 0.71587 0.71730 0.71532 0.71213 0.71244 0.71434 0.71344 0.70957 0.70984 0.71141 0.71015 0.70830 0.70912 0.70848 0.70590 0.70564 0.70787 0.70622 0.70278 0.70301 0.70605 0.70381 0.70021 0.70097 0.70393 0.70152 0.69803 0.69855 0.70171 0.70025 0.69597 0.69561 0.69953 0.69906 0.69414 0.69335 0.69681 0.69744 0.69518 0.69157 0.69204 0.69571 0.69534 0.68989 0.68961 0.69403 0.69344 0.68852 0.68862 0.69109 0.69137 0.69180 0.68813 0.68680 0.68939 0.69094 0.68755 0.68547 0.68833 0.68997 0.68547 0.68470 0.68801 0.68880 0.68624 0.68510 0.68637 0.68672 0.68572 0.68608 0.68603 0.68499 0.68498 0.68646 0.68605 0.68441 0.68439 0.68614 0.68647 0.68518 0.68365 0.68490 0.68747 0.68669 0.68304 0.68399 0.68790 0.68647 0.68377 0.68707 0.68775 0.68417 0.68496 0.68874 0.68793 0.68470 0.68614 0.68926 0.68844 0.68727 0.68736 0.68804 0.68952 0.69015 0.68814 0.68946 0.69167 0.68879 0.68851 0.69279 0.69356 0.68967 0.69059 0.69477 0.69375 0.69124 0.69412 0.69662 0.69396 0.69334 0.69744 0.69836 0.69512 0.69556 0.70011 0.70066 0.69710 0.69758 0.70241 0.70309 0.70009 0.70010 0.70350 0.70537 0.70369 0.70344 0.70615 0.70740 0.70631 0.70718 0.70952 0.71006 0.70898 0.71027 0.71300 0.71356 0.71205 0.71323 0.71643 0.71685 0.71535 0.71669 0.72014 0.72010 0.71789 0.71988 0.72359 0.72420 0.72254 0.72304 0.72684 0.72852 0.72857 0.72692 0.72764 0.73283 0.73328 0.73179 0.73140 0.73369 0.73743 0.73817 0.73577 0.73714 0.74146 0.74282 0.74074 0.74179 0.74499 0.74691 0.74669 0.74760 0.74773 0.74886 0.75286 0.75385 0.75171 0.75251 0.75728 0.72263 0.64994 0.57755 0.50702 0.43709 0.36498 0.29164 0.21954 0.14791 0.07505 0.03646 0.03268 0.02900 0.02519 0.02125 0.01742 0.01362 0.00974 0.00583 0.00195 0.00000 0.00000 0.00000 0.00000 0.00000 0.00000 0.00000 0.00000 0.00000 0.00000 0.00000 0.00000 0.00000 0.00000 0.00000 0.00000 0.00000 0.00000 0.00000 0.00000 0.00000 0.00000 0.00000 0.00000 0.00000 0.00000 0.00000 0.00000 0.00000 0.00000 0.00000 0.00000 0.00000 0.00000 0.00000
0.00000 0.00000 0.00000 0.00000 0.00000 0.00000 0.00000 0.00000 0.00000 0.00000 0.00000 0.00000 0.00000 0.00000 0.00000 0.00000 0.00000 0.00000 0.00000 0.00000 0.00000 0.00000 0.00000 0.00000 0.00000 0.00000 0.00000 0.00000 0.00000 0.00000 0.00000 0.00000 0.00000 0.00000 0.00000 0.03685 0.11018 0.18400 0.25744 0.33016 0.40328 0.47586 0.54764 0.62047 0.69384 0.73089 0.73293 0.73532 0.73878 0.74296 0.74587 0.74673 0.74955 0.75428 0.75788 0.75718 0.75539 0.75512 0.75580 0.75506 0.75302 0.75039 0.75057 0.75242 0.75049 0.74651 0.74668 0.74912 0.74699 0.74328 0.74350 0.74545 0.74387 0.73996 0.73994 0.74201 0.74160 0.73692 0.73581 0.73884 0.73869 0.73376 0.73291 0.73590 0.73526 0.73085 0.72954 0.73237 0.73229 0.72859 0.72606 0.72815 0.72907 0.72646 0.72420 0.72424 0.72474 0.72431 0.72324 0.72074 0.72009 0.72170 0.72127 0.71746 0.71634 0.71778 0.71887 0.71690 0.71340 0.71314 0.71613 0.71594 0.71120 0.71006 0.71243 0.71321 0.71086 0.70825 0.70793 0.71001 0.70895 0.70655 0.70538 0.70677 0.70649 0.70481 0.70288 0.70375 0.70461 0.70338 0.70040 0.70098 0.70274 0.70169 0.69846 0.69846 0.70020 0.69965 0.69735 0.69628 0.69722 0.69804 0.69644 0.69434 0.69466 0.69605 0.69515 0.69429 0.69287 0.69230 0.69316 0.69381 0.69218 0.68981 0.69025 0.69303 0.69188 0.68803 0.68944 0.69214 0.68986 0.68678 0.68876 0.69099 0.68874 0.68621 0.68760 0.68772 0.68870 0.68929 0.68574 0.68475 0.68944 0.68919 0.68441 0.68412 0.68890 0.68872 0.68409 0.68381 0.68844 0.68837 0.68388 0.68379 0.68854 0.68800 0.68383 0.68445 0.68808 0.68706 0.68521 0.68614 0.68611 0.68583 0.68802 0.68777 0.68516 0.68553 0.68792 0.68890 0.68753 0.68588 0.68689 0.69002 0.69047 0.68659 0.68696 0.69113 0.69076 0.68788 0.68956 0.69175 0.68977 0.69050 0.69248 0.69107 0.69113 0.69414 0.69328 0.69116 0.69399 0.69632 0.69383 0.69332 0.69692 0.69730 0.69498 0.69656 0.69933 0.69825 0.69720 0.69989 0.70113 0.69931 0.70003 0.70347 0.70332 0.70068 0.70224 0.70634 0.70674 0.70345 0.70430 0.70916 0.70995 0.70636 0.70722 0.71217 0.71304 0.70950 0.71038 0.71532 0.71621 0.71285 0.71368 0.71854 0.71945 0.71646 0.71695 0.72147 0.72284 0.72071 0.72047 0.72406 0.72637 0.72533 0.72450 0.72696 0.73017 0.72975 0.72881 0.73004 0.73426 0.73399 0.73423 0.73425 0.73458 0.73794 0.73976 0.73896 0.73896 0.74154 0.74446 0.74431 0.74339 0.74493 0.74930 0.74996 0.74891 0.74870 0.75072 0.75457 0.75515 0.75428 0.75456 0.72004 0.64630 0.57095 0.49353 0.41826 0.34439 0.26819 0.19105 0.11486 0.03852 0.00000 0.00000 0.00000 0.00000 0.00000 0.00000 0.00000 0.00000 0.00000 0.00000 0.00000 0.00000 0.00000 0.00000 0.00000 0.00000 0.00000 0.00000 0.00000 0.00000 0.00000 0.00000 0.00000 0.00000 0.00000 0.00000 0.00000 0.00000 0.00000 0.00000 0.00000 0.00000 0.00000 0.00000 0.00000 0.00000 0.00000 0.00000 0.00000 0.00000 0.00000 0.00000 0.00000 0.00000 0.00000
0.00000 0.00000 0.00000 0.00000 0.00000 0.00000 0.00000 0.00000 0.00000 0.00000 0.00000 0.00000 0.00000 0.00000 0.00000 0.00000 0.00000 0.00000 0.00000 0.00000 0.00000 0.00000 0.00000 0.00000 0.00000 0.00000 0.00000 0.00000 0.00000 0.00000 0.00000 0.00000 0.00000 0.00000 0.00000 0.03294 0.09909 0.16485 0.23008 0.29548 0.36124 0.42543 0.49076 0.55658 0.62102 0.65841 0.66810 0.67893 0.69099 0.70204 0.71022 0.72047 0.73319 0.74464 0.75298 0.75669 0.75691 0.75804 0.75636 0.75356 0.75220 0.75299 0.75384 0.75176 0.74817 0.74832 0.75064 0.74875 0.74474 0.74524 0.74707 0.74516 0.74129 0.74215 0.74376 0.74234 0.73795 0.73793 0.74075 0.74003 0.73493 0.73427 0.73796 0.73689 0.73191 0.73087 0.73478 0.73360 0.72886 0.72762 0.73121 0.73034 0.72658 0.72651 0.72737 0.72537 0.72403 0.72563 0.72411 0.72079 0.72126 0.72321 0.72101 0.71745 0.71791 0.72042 0.71855 0.71472 0.71439 0.71770 0.71692 0.71191 0.71158 0.71508 0.71403 0.71003 0.71072 0.71200 0.70948 0.70775 0.71017 0.70955 0.70588 0.70494 0.70821 0.70718 0.70335 0.70255 0.70637 0.70467 0.70072 0.70101 0.70441 0.70231 0.69844 0.69881 0.70227 0.70096 0.69631 0.69618 0.70013 0.69969 0.69451 0.69400 0.69586 0.69809 0.69754 0.69222 0.69195 0.69634 0.69575 0.69064 0.69075 0.69417 0.69380 0.69139 0.68997 0.68935 0.69192 0.69276 0.68933 0.68748 0.69052 0.69193 0.68751 0.68653 0.69104 0.69107 0.68682 0.68614 0.68897 0.68942 0.68715 0.68756 0.68801 0.68688 0.68647 0.68818 0.68781 0.68586 0.68592 0.68808 0.68788 0.68616 0.68539 0.68687 0.68852 0.68809 0.68467 0.68507 0.68928 0.68912 0.68466 0.68579 0.68949 0.68688 0.68550 0.68922 0.68970 0.68583 0.68655 0.69070 0.69004 0.68705 0.68789 0.69038 0.69061 0.69108 0.68908 0.68850 0.69212 0.69252 0.68951 0.69155 0.69435 0.69106 0.69080 0.69499 0.69482 0.69185 0.69419 0.69716 0.69471 0.69369 0.69769 0.69881 0.69543 0.69595 0.70049 0.70091 0.69727 0.69790 0.70275 0.70335 0.69992 0.70019 0.70432 0.70582 0.70341 0.70297 0.70604 0.70807 0.70662 0.70655 0.70886 0.71015 0.70935 0.71005 0.71230 0.71347 0.71213 0.71264 0.71599 0.71710 0.71501 0.71592 0.71980 0.71987 0.71781 0.71963 0.72344 0.72337 0.72126 0.72274 0.72693 0.72759 0.72610 0.72634 0.72733 0.73160 0.73221 0.73072 0.73067 0.73444 0.73665 0.73701 0.73493 0.73585 0.74074 0.74194 0.73961 0.74038 0.74438 0.74645 0.74508 0.74535 0.74749 0.75023 0.75123 0.75230 0.75075 0.75133 0.75668 0.75739 0.75586 0.71835 0.64576 0.57167 0.49582 0.41861 0.34299 0.26850 0.19207 0.11491 0.03837 0.00000 0.00000 0.00000 0.00000 0.00000 0.00000 0.00000 0.00000 0.00000 0.00000 0.00000 0.00000 0.00000 0.00000 0.00000 0.00000 0.00000 0.00000 0.00000 0.00000 0.00000 0.00000 0.00000 0.00000 0.00000 0.00000 0.00000 0.00000 0.00000 0.00000 0.00000 0.00000 0.00000 0.00000 0.00000 0.00000 0.00000 0.00000 0.00000 0.00000 0.00000 0.00000 0.00000 0.00000 0.00000
0.00000 0.00000 0.00000 0.00000 0.00000 0.00000 0.00000 0.00000 0.00000 0.00000 0.00000 0.00000 0.00000 0.00000 0.00000 0.00000 0.00000 0.00000 0.00000 0.00000 0.00000 0.00000 0.00000 0.00000 0.00000 0.00000 0.00000 0.00000 0.00000 0.00000 0.00000 0.00000 0.00000 0.00000 0.00000 0.02919 0.08754 0.14547 0.20298 0.26120 0.31887 0.37636 0.43400 0.49099 0.54817 0.58553 0.60384 0.62300 0.64207 0.65875 0.67632 0.69620 0.71579 0.73191 0.74859 0.75853 0.75995 0.75777 0.75452 0.75396 0.75549 0.75523 0.75275 0.74987 0.75021 0.75214 0.75040 0.74629 0.74659 0.74875 0.74701 0.74297 0.74338 0.74529 0.74377 0.73959 0.73941 0.74207 0.74107 0.73660 0.73638 0.73919 0.73765 0.73358 0.73325 0.73598 0.73445 0.73088 0.72979 0.73201 0.73186 0.72875 0.72666 0.72791 0.72854 0.72650 0.72563 0.72445 0.72376 0.72402 0.72379 0.72123 0.71964 0.72083 0.72139 0.71878 0.71662 0.71660 0.71869 0.71802 0.71436 0.71350 0.71541 0.71541 0.71307 0.71101 0.71145 0.71283 0.71112 0.70962 0.70880 0.70991 0.70840 0.70661 0.70650 0.70763 0.70614 0.70446 0.70370 0.70479 0.70495 0.70325 0.70097 0.70189 0.70323 0.70153 0.69891 0.69970 0.70071 0.69896 0.69789 0.69857 0.69785 0.69581 0.69709 0.69786 0.69538 0.69408 0.69557 0.69620 0.69424 0.69212 0.69264 0.69520 0.69450 0.69033 0.68972 0.69419 0.69322 0.68892 0.68990 0.69315 0.69120 0.68779 0.68958 0.69156 0.68997 0.69027 0.68862 0.68711 0.69071 0.69090 0.68651 0.68594 0.69067 0.69038 0.68592 0.68552 0.68987 0.68995 0.68573 0.68533 0.68986 0.68962 0.68538 0.68559 0.68983 0.68903 0.68650 0.68672 0.68785 0.68798 0.68912 0.68823 0.68576 0.68748 0.69002 0.68934 0.68755 0.68763 0.68911 0.69051 0.69005 0.68795 0.68860 0.69184 0.69163 0.68874 0.69081 0.69286 0.69029 0.69059 0.69378 0.69271 0.69064 0.69414 0.69480 0.69202 0.69383 0.69693 0.69487 0.69357 0.69710 0.69808 0.69556 0.69665 0.69970 0.69869 0.69746 0.70011 0.70157 0.69974 0.70028 0.70345 0.70319 0.70111 0.70301 0.70649 0.70609 0.70344 0.70489 0.70908 0.70977 0.70635 0.70712 0.71195 0.71290 0.70933 0.71025 0.71512 0.71601 0.71255 0.71365 0.71841 0.71909 0.71607 0.71661 0.72129 0.72242 0.71997 0.72005 0.72435 0.72594 0.72336 0.72374 0.72832 0.72961 0.72682 0.72771 0.73037 0.73363 0.73262 0.73172 0.73369 0.73611 0.73718 0.73761 0.73791 0.73874 0.74101 0.74272 0.74299 0.74294 0.74434 0.74748 0.74857 0.74763 0.74786 0.75029 0.75376 0.75402 0.75245 0.75326 0.75805 0.75916 0.72062 0.64431 0.56980 0.49665 0.42051 0.34332 0.26756 0.19225 0.11541 0.03840 0.00000 0.00000 0.00000 0.00000 0.00000 0.00000 0.00000 0.00000 0.00000 0.00000 0.00000 0.00000 0.00000 0.00000 0.00000 0.00000 0.00000 0.00000 0.00000 0.00000 0.00000 0.00000 0.00000 0.00000 0.00000 0.00000 0.00000 0.00000 0.00000 0.00000 0.00000 0.00000 0.00000 0.00000 0.00000 0.00000 0.00000 0.00000 0.00000 0.00000 0.00000 0.00000 0.00000 0.00000 0.00000
0.00000 0.00000 0.00000 0.00000 0.00000 0.00000 0.00000 0.00000 0.00000 0.00000 0.00000 0.00000 0.00000 0.00000 0.00000 0.00000 0.00000 0.00000 0.00000 0.00000 0.00000 0.00000 0.00000 0.00000 0.00000 0.00000 0.00000 0.00000 0.00000 0.00000 0.00000 0.00000 0.00000 0.00000 0.00000 0.02534 0.07574 0.12597 0.17658 0.22662 0.27646 0.32645 0.37642 0.42616 0.47515 0.51271 0.53988 0.56693 0.59127 0.61645 0.64425 0.67162 0.69535 0.71963 0.74693 0.76168 0.75929 0.75579 0.75576 0.75773 0.75667 0.75346 0.75167 0.75224 0.75353 0.75170 0.74796 0.74811 0.75033 0.74866 0.74451 0.74525 0.74690 0.74479 0.74108 0.74202 0.74357 0.74168 0.73819 0.73823 0.74063 0.73908 0.73502 0.73441 0.73803 0.73618 0.73175 0.73114 0.73461 0.73310 0.72891 0.72820 0.73080 0.72950 0.72653 0.72818 0.72746 0.72434 0.72373 0.72600 0.72467 0.72035 0.72053 0.72328 0.72189 0.71757 0.71704 0.72063 0.71989 0.71474 0.71420 0.71796 0.71712 0.71269 0.71146 0.71493 0.71359 0.71033 0.71315 0.71251 0.70831 0.70740 0.71038 0.71027 0.70686 0.70469 0.70784 0.70772 0.70438 0.70289 0.70645 0.70500 0.70125 0.70175 0.70468 0.70269 0.69888 0.69946 0.70240 0.70148 0.69720 0.69679 0.69916 0.70036 0.69844 0.69466 0.69455 0.69878 0.69788 0.69296 0.69307 0.69694 0.69612 0.69233 0.69205 0.69353 0.69432 0.69382 0.69123 0.69010 0.69268 0.69377 0.69026 0.68855 0.69188 0.69301 0.68855 0.68775 0.69149 0.69222 0.68879 0.68885 0.68995 0.68866 0.68812 0.69025 0.68960 0.68717 0.68749 0.69021 0.68946 0.68687 0.68705 0.68963 0.68975 0.68873 0.68643 0.68688 0.69050 0.69065 0.68601 0.68649 0.69097 0.68987 0.68641 0.68953 0.69128 0.68749 0.68716 0.69161 0.69171 0.68758 0.68827 0.69260 0.69208 0.68974 0.68974 0.68995 0.69289 0.69351 0.69065 0.69101 0.69485 0.69324 0.69130 0.69477 0.69612 0.69286 0.69406 0.69766 0.69585 0.69410 0.69767 0.69935 0.69617 0.69634 0.70076 0.70122 0.69757 0.69830 0.70309 0.70364 0.69997 0.70039 0.70500 0.70600 0.70312 0.70295 0.70636 0.70860 0.70680 0.70596 0.70830 0.71064 0.70992 0.70983 0.71133 0.71295 0.71271 0.71288 0.71496 0.71697 0.71545 0.71535 0.71918 0.72013 0.71772 0.71936 0.72315 0.72246 0.72097 0.72277 0.72642 0.72678 0.72507 0.72580 0.72864 0.73083 0.73078 0.72996 0.73027 0.73402 0.73579 0.73516 0.73410 0.73583 0.74010 0.74072 0.73847 0.73946 0.74399 0.74530 0.74353 0.74399 0.74719 0.74978 0.74945 0.74916 0.75022 0.75102 0.75531 0.75574 0.75431 0.75507 0.76014 0.72283 0.64635 0.56996 0.49443 0.42123 0.34501 0.26769 0.19149 0.11563 0.03859 0.00000 0.00000 0.00000 0.00000 0.00000 0.00000 0.00000 0.00000 0.00000 0.00000 0.00000 0.00000 0.00000 0.00000 0.00000 0.00000 0.00000 0.00000 0.00000 0.00000 0.00000 0.00000 0.00000 0.00000 0.00000 0.00000 0.00000 0.00000 0.00000 0.00000 0.00000 0.00000 0.00000 0.00000 0.00000 0.00000 0.00000 0.00000 0.00000 0.00000 0.00000 0.00000 0.00000 0.00000 0.00000
0.00000 0.00000 0.00000 0.00000 0.00000 0.00000 0.00000 0.00000 0.00000 0.00000 0.00000 0.00000 0.00000 0.00000 0.00000 0.00000 0.00000 0.00000 0.00000 0.00000 0.00000 0.00000 0.00000 0.00000 0.00000 0.00000 0.00000 0.00000 0.00000 0.00000 0.00000 0.00000 0.00000 0.00000 0.00000 0.02144 0.06405 0.10686 0.14971 0.19202 0.23385 0.27640 0.31905 0.36081 0.40212 0.44057 0.47564 0.50864 0.54136 0.57624 0.61165 0.64376 0.67543 0.71029 0.74620 0.76096 0.75740 0.75747 0.75966 0.75811 0.75441 0.75348 0.75428 0.75493 0.75311 0.74970 0.74969 0.75187 0.75057 0.74606 0.74640 0.74862 0.74660 0.74274 0.74342 0.74511 0.74238 0.73980 0.74027 0.74209 0.73942 0.73680 0.73729 0.73933 0.73639 0.73353 0.73397 0.73571 0.73364 0.73109 0.73064 0.73151 0.73093 0.72880 0.72881 0.72800 0.72703 0.72628 0.72653 0.72495 0.72287 0.72339 0.72404 0.72208 0.71968 0.72005 0.72137 0.71985 0.71725 0.71701 0.71808 0.71727 0.71609 0.71498 0.71431 0.71348 0.71395 0.71388 0.71184 0.71100 0.71078 0.70981 0.70990 0.71102 0.70794 0.70603 0.70729 0.70877 0.70661 0.70407 0.70391 0.70567 0.70579 0.70348 0.70101 0.70278 0.70391 0.70113 0.69926 0.70151 0.70135 0.69766 0.69854 0.70059 0.69837 0.69548 0.69798 0.69890 0.69609 0.69426 0.69586 0.69753 0.69589 0.69260 0.69238 0.69633 0.69603 0.69109 0.69094 0.69519 0.69419 0.68972 0.69094 0.69391 0.69215 0.69018 0.69104 0.69021 0.69075 0.69263 0.69002 0.68777 0.69202 0.69211 0.68811 0.68727 0.69109 0.69157 0.68786 0.68697 0.69063 0.69123 0.68764 0.68696 0.69112 0.69082 0.68803 0.68764 0.68947 0.69002 0.68992 0.68890 0.68774 0.68942 0.69173 0.68988 0.68829 0.68956 0.69082 0.69082 0.69020 0.68978 0.69075 0.69229 0.69091 0.69000 0.69270 0.69372 0.69051 0.69108 0.69467 0.69431 0.69125 0.69388 0.69623 0.69343 0.69356 0.69735 0.69624 0.69397 0.69716 0.69902 0.69629 0.69651 0.70009 0.69972 0.69779 0.69994 0.70211 0.70040 0.70049 0.70333 0.70336 0.70169 0.70366 0.70658 0.70536 0.70355 0.70595 0.70918 0.70903 0.70643 0.70753 0.71162 0.71281 0.70945 0.71013 0.71464 0.71587 0.71252 0.71350 0.71804 0.71814 0.71584 0.71727 0.72141 0.72181 0.71991 0.71992 0.72365 0.72543 0.72295 0.72326 0.72790 0.72908 0.72598 0.72708 0.73089 0.73292 0.73109 0.73088 0.73335 0.73644 0.73635 0.73563 0.73688 0.73900 0.74069 0.74094 0.74147 0.74277 0.74413 0.74550 0.74701 0.74725 0.74725 0.74956 0.75254 0.75277 0.75120 0.75187 0.75734 0.75802 0.75601 0.75674 0.72370 0.64850 0.57133 0.49508 0.41996 0.34552 0.26868 0.19166 0.11533 0.03864 0.00000 0.00000 0.00000 0.00000 0.00000 0.00000 0.00000 0.00000 0.00000 0.00000 0.00000 0.00000 0.00000 0.00000 0.00000 0.00000 0.00000 0.00000 0.00000 0.00000 0.00000 0.00000 0.00000 0.00000 0.00000 0.00000 0.00000 0.00000 0.00000 0.00000 0.00000 0.00000 0.00000 0.00000 0.00000 0.00000 0.00000 0.00000 0.00000 0.00000 0.00000 0.00000 0.00000 0.00000 0.00000
0.00000 0.00000 0.00000 0.00000 0.00000 0.00000 0.00000 0.00000 0.00000 0.00000 0.00000 0.00000 0.00000 0.00000 0.00000 0.00000 0.00000 0.00000 0.00000 0.00000 0.00000 0.00000 0.00000 0.00000 0.00000 0.00000 0.00000 0.00000 0.00000 0.00000 0.00000 0.00000 0.00000 0.00000 0.00000 0.01752 0.05260 0.08763 0.12239 0.15699 0.19188 0.22667 0.26095 0.29501 0.32979 0.36861 0.40965 0.45042 0.49317 0.53607 0.57619 0.61578 0.65842 0.70181 0.74168 0.75910 0.75910 0.76117 0.75974 0.75575 0.75522 0.75635 0.75645 0.75416 0.75150 0.75147 0.75333 0.75207 0.74771 0.74799 0.75026 0.74808 0.74440 0.74556 0.74657 0.74325 0.74143 0.74279 0.74341 0.74046 0.73842 0.73906 0.74068 0.73806 0.73491 0.73520 0.73789 0.73533 0.73178 0.73187 0.73404 0.73208 0.72906 0.73087 0.73066 0.72753 0.72631 0.72876 0.72794 0.72336 0.72329 0.72610 0.72520 0.72044 0.72016 0.72343 0.72250 0.71756 0.71729 0.72057 0.71981 0.71546 0.71471 0.71755 0.71634 0.71368 0.71434 0.71511 0.71061 0.71016 0.71354 0.71325 0.71007 0.70734 0.70922 0.71065 0.70867 0.70485 0.70705 0.70802 0.70528 0.70419 0.70685 0.70487 0.70169 0.70279 0.70491 0.70286 0.69985 0.70016 0.70190 0.70204 0.69981 0.69742 0.69789 0.70112 0.69984 0.69546 0.69561 0.69950 0.69834 0.69391 0.69436 0.69730 0.69658 0.69417 0.69329 0.69361 0.69496 0.69513 0.69240 0.69102 0.69342 0.69485 0.69182 0.68956 0.69298 0.69387 0.69107 0.68954 0.69168 0.69053 0.69000 0.69258 0.69136 0.68834 0.68914 0.69234 0.69115 0.68787 0.68868 0.69210 0.69113 0.68795 0.68820 0.69011 0.69169 0.69179 0.68764 0.68769 0.69231 0.69211 0.68767 0.68974 0.69270 0.68933 0.68817 0.69266 0.69318 0.68872 0.68893 0.69366 0.69367 0.68949 0.69025 0.69365 0.69407 0.69316 0.69166 0.69199 0.69532 0.69481 0.69229 0.69449 0.69730 0.69435 0.69399 0.69793 0.69725 0.69471 0.69751 0.69998 0.69727 0.69675 0.70076 0.70152 0.69816 0.69886 0.70343 0.70396 0.70008 0.70066 0.70554 0.70617 0.70288 0.70321 0.70715 0.70860 0.70656 0.70578 0.70824 0.71140 0.71036 0.70911 0.71047 0.71296 0.71344 0.71341 0.71368 0.71548 0.71644 0.71625 0.71732 0.71919 0.71907 0.71975 0.72196 0.72093 0.72106 0.72356 0.72570 0.72548 0.72492 0.72548 0.72784 0.73033 0.72975 0.72911 0.73020 0.73362 0.73489 0.73399 0.73337 0.73608 0.73935 0.73933 0.73748 0.73906 0.74356 0.74401 0.74203 0.74328 0.74712 0.74830 0.74755 0.74802 0.74998 0.75194 0.75359 0.75382 0.75348 0.75461 0.75876 0.75928 0.75836 0.72115 0.64723 0.57332 0.49714 0.42011 0.34410 0.26932 0.19258 0.11530 0.03851 0.00000 0.00000 0.00000 0.00000 0.00000 0.00000 0.00000 0.00000 0.00000 0.00000 0.00000 0.00000 0.00000 0.00000 0.00000 0.00000 0.00000 0.00000 0.00000 0.00000 0.00000 0.00000 0.00000 0.00000 0.00000 0.00000 0.00000 0.00000 0.00000 0.00000 0.00000 0.00000 0.00000 0.00000 0.00000 0.00000 0.00000 0.00000 0.00000 0.00000 0.00000 0.00000 0.00000 0.00000 0.00000
0.00000 0.00000 0.00000 0.00000 0.00000 0.00000 0.00000 0.00000 0.00000 0.00000 0.00000 0.00000 0.00000 0.00000 0.00000 0.00000 0.00000 0.00000 0.00000 0.00000 0.00000 0.00000 0.00000 0.00000 0.00000 0.00000 0.00000 0.00000 0.00000 0.00000 0.00000 0.00000 0.00000 0.00000 0.00000 0.01365 0.04103 0.06825 0.09509 0.12224 0.14965 0.17648 0.20279 0.22978 0.25727 0.29518 0.34382 0.39397 0.44477 0.49341 0.54074 0.59077 0.64207 0.68999 0.73598 0.76067 0.76292 0.76135 0.75724 0.75699 0.75834 0.75794 0.75533 0.75331 0.75330 0.75476 0.75374 0.74939 0.74932 0.75184 0.75014 0.74589 0.74656 0.74834 0.74506 0.74292 0.74454 0.74511 0.74107 0.73988 0.74184 0.74233 0.73840 0.73676 0.73819 0.73910 0.73548 0.73384 0.73491 0.73494 0.73249 0.73138 0.73260 0.73130 0.72900 0.72865 0.72961 0.72841 0.72574 0.72583 0.72686 0.72557 0.72265 0.72289 0.72418 0.72265 0.71977 0.72014 0.72118 0.71969 0.71822 0.71810 0.71714 0.71582 0.71750 0.71669 0.71425 0.71154 0.71362 0.71430 0.71309 0.71217 0.71018 0.70886 0.71080 0.71164 0.70807 0.70586 0.70746 0.70936 0.70788 0.70541 0.70365 0.70574 0.70668 0.70389 0.70113 0.70381 0.70462 0.70062 0.69970 0.70316 0.70202 0.69779 0.69953 0.70164 0.69847 0.69635 0.69911 0.70000 0.69690 0.69479 0.69610 0.69865 0.69746 0.69328 0.69296 0.69735 0.69705 0.69190 0.69211 0.69598 0.69509 0.69038 0.69230 0.69470 0.69257 0.69430 0.69353 0.68956 0.68983 0.69394 0.69192 0.68905 0.69163 0.69327 0.69040 0.68870 0.69144 0.69284 0.69021 0.68849 0.69061 0.69253 0.69110 0.68878 0.68900 0.69198 0.69168 0.68973 0.68976 0.69134 0.69261 0.69067 0.68977 0.69142 0.69197 0.69127 0.69142 0.69183 0.69175 0.69252 0.69229 0.69173 0.69351 0.69438 0.69116 0.69201 0.69589 0.69561 0.69213 0.69374 0.69725 0.69546 0.69365 0.69743 0.69780 0.69476 0.69697 0.69983 0.69732 0.69657 0.70045 0.70091 0.69815 0.69951 0.70277 0.70158 0.70054 0.70292 0.70399 0.70256 0.70407 0.70626 0.70494 0.70406 0.70705 0.70945 0.70770 0.70641 0.70883 0.71150 0.71209 0.70977 0.71006 0.71397 0.71560 0.71288 0.71337 0.71706 0.71750 0.71623 0.71819 0.72013 0.71872 0.72045 0.72090 0.72125 0.72359 0.72481 0.72363 0.72582 0.72863 0.72578 0.72679 0.73028 0.73216 0.73004 0.73020 0.73318 0.73597 0.73531 0.73450 0.73615 0.73904 0.74018 0.73942 0.74007 0.74254 0.74415 0.74395 0.74515 0.74686 0.74716 0.74812 0.75098 0.75161 0.75036 0.75181 0.75622 0.75684 0.75475 0.75577 0.76087 0.76175 0.72167 0.64648 0.57260 0.49833 0.42127 0.34444 0.26864 0.19289 0.11571 0.03852 0.00000 0.00000 0.00000 0.00000 0.00000 0.00000 0.00000 0.00000 0.00000 0.00000 0.00000 0.00000 0.00000 0.00000 0.00000 0.00000 0.00000 0.00000 0.00000 0.00000 0.00000 0.00000 0.00000 0.00000 0.00000 0.00000 0.00000 0.00000 0.00000 0.00000 0.00000 0.00000 0.00000 0.00000 0.00000 0.00000 0.00000 0.00000 0.00000 0.00000 0.00000 0.00000 0.00000 0.00000 0.00000
0.00000 0.00000 0.00000 0.00000 0.00000 0.00000 0.00000 0.00000 0.00000 0.00000 0.00000 0.00000 0.00000 0.00000 0.00000 0.00000 0.00000 0.00000 0.00000 0.00000 0.00000 0.00000 0.00000 0.00000 0.00000 0.00000 0.00000 0.00000 0.00000 0.00000 0.00000 0.00000 0.00000 0.00000 0.00000 0.00978 0.02930 0.04866 0.06809 0.08760 0.10686 0.12588 0.14520 0.16474 0.18363 0.22143 0.27933 0.33762 0.39435 0.45007 0.50777 0.56643 0.62259 0.67669 0.73364 0.76429 0.76315 0.75908 0.75853 0.76006 0.75968 0.75659 0.75496 0.75520 0.75633 0.75493 0.75114 0.75103 0.75339 0.75175 0.74756 0.74833 0.75001 0.74664 0.74457 0.74651 0.74638 0.74211 0.74161 0.74366 0.74332 0.73996 0.73843 0.73955 0.74064 0.73737 0.73490 0.73596 0.73723 0.73421 0.73200 0.73355 0.73365 0.72997 0.72900 0.73162 0.73097 0.72631 0.72609 0.72892 0.72837 0.72336 0.72312 0.72627 0.72549 0.72047 0.72025 0.72341 0.72258 0.71734 0.71787 0.72045 0.71921 0.71756 0.71629 0.71715 0.71491 0.71297 0.71546 0.71627 0.71136 0.71024 0.71164 0.71355 0.71264 0.70743 0.70749 0.71089 0.70995 0.70629 0.70813 0.70776 0.70496 0.70580 0.70761 0.70453 0.70205 0.70376 0.70503 0.70306 0.70173 0.70094 0.70118 0.70270 0.70185 0.69809 0.69833 0.70196 0.70046 0.69623 0.69685 0.70021 0.69865 0.69497 0.69568 0.69762 0.69706 0.69570 0.69450 0.69427 0.69563 0.69627 0.69383 0.69197 0.69339 0.69594 0.69428 0.69141 0.69286 0.69339 0.69226 0.69399 0.69301 0.68973 0.69097 0.69423 0.69290 0.68923 0.69032 0.69389 0.69271 0.68898 0.68995 0.69314 0.69292 0.69046 0.68943 0.68982 0.69357 0.69347 0.68914 0.68960 0.69405 0.69209 0.68945 0.69378 0.69448 0.68990 0.69005 0.69473 0.69511 0.69059 0.69088 0.69553 0.69553 0.69223 0.69251 0.69405 0.69603 0.69558 0.69363 0.69478 0.69788 0.69597 0.69446 0.69788 0.69879 0.69573 0.69749 0.70067 0.69843 0.69715 0.70068 0.70193 0.69911 0.69956 0.70353 0.70409 0.70047 0.70116 0.70596 0.70651 0.70271 0.70356 0.70805 0.70832 0.70590 0.70618 0.70926 0.71116 0.71036 0.70856 0.71001 0.71404 0.71397 0.71246 0.71271 0.71458 0.71713 0.71742 0.71570 0.71605 0.72045 0.72071 0.71865 0.71899 0.72279 0.72437 0.72281 0.72308 0.72636 0.72728 0.72546 0.72916 0.72991 0.72844 0.72953 0.73350 0.73411 0.73308 0.73286 0.73561 0.73860 0.73822 0.73664 0.73868 0.74281 0.74289 0.74091 0.74268 0.74695 0.74704 0.74565 0.74729 0.75012 0.75103 0.75153 0.75230 0.75308 0.75458 0.75717 0.75757 0.75738 0.75873 0.76122 0.72453 0.64859 0.57249 0.49648 0.42226 0.34604 0.26877 0.19216 0.11591 0.03871 0.00000 0.00000 0.00000 0.00000 0.00000 0.00000 0.00000 0.00000 0.00000 0.00000 0.00000 0.00000 0.00000 0.00000 0.00000 0.00000 0.00000 0.00000 0.00000 0.00000 0.00000 0.00000 0.00000 0.00000 0.00000 0.00000 0.00000 0.00000 0.00000 0.00000 0.00000 0.00000 0.00000 0.00000 0.00000 0.00000 0.00000 0.00000 0.00000 0.00000 0.00000 0.00000 0.00000 0.00000 0.00000
0.00000 0.00000 0.00000 0.00000 0.00000 0.00000 0.00000 0.00000 0.00000 0.00000 0.00000 0.00000 0.00000 0.00000 0.00000 0.00000 0.00000 0.00000 0.00000 0.00000 0.00000 0.00000 0.00000 0.00000 0.00000 0.00000 0.00000 0.00000 0.00000 0.00000 0.00000 0.00000 0.00000 0.00000 0.00000 0.00588 0.01754 0.02921 0.04101 0.05264 0.06401 0.07559 0.08745 0.09890 0.10997 0.14855 0.21466 0.27978 0.34355 0.40884 0.47536 0.53970 0.60167 0.66638 0.73361 0.76482 0.76055 0.76025 0.76205 0.76125 0.75783 0.75673 0.75717 0.75783 0.75620 0.75294 0.75273 0.75487 0.75359 0.74916 0.74933 0.75166 0.74889 0.74580 0.74743 0.74826 0.74396 0.74295 0.74579 0.74502 0.74100 0.73993 0.74208 0.74203 0.73794 0.73682 0.73875 0.73816 0.73464 0.73434 0.73587 0.73436 0.73091 0.73145 0.73301 0.73150 0.72827 0.72832 0.72981 0.72898 0.72561 0.72546 0.72706 0.72591 0.72256 0.72288 0.72424 0.72258 0.71939 0.72093 0.72128 0.71883 0.71969 0.71936 0.71649 0.71475 0.71638 0.71726 0.71628 0.71142 0.71266 0.71421 0.71425 0.71233 0.70979 0.70977 0.71133 0.71080 0.70943 0.70790 0.70695 0.70829 0.70920 0.70726 0.70355 0.70553 0.70732 0.70415 0.70145 0.70521 0.70533 0.70069 0.70017 0.70429 0.70254 0.69869 0.70193 0.70250 0.69822 0.69696 0.70010 0.70105 0.69793 0.69544 0.69648 0.69965 0.69878 0.69408 0.69387 0.69826 0.69802 0.69258 0.69322 0.69672 0.69596 0.69389 0.69412 0.69240 0.69217 0.69577 0.69542 0.69079 0.69182 0.69511 0.69327 0.69048 0.69233 0.69451 0.69254 0.69018 0.69172 0.69418 0.69295 0.69015 0.68999 0.69384 0.69419 0.69070 0.69037 0.69328 0.69310 0.69158 0.69289 0.69316 0.69140 0.69205 0.69347 0.69376 0.69230 0.69272 0.69421 0.69395 0.69332 0.69481 0.69402 0.69331 0.69696 0.69671 0.69304 0.69406 0.69810 0.69754 0.69424 0.69678 0.69922 0.69624 0.69664 0.70048 0.69894 0.69703 0.70056 0.70184 0.69874 0.69936 0.70337 0.70290 0.70053 0.70232 0.70515 0.70382 0.70401 0.70558 0.70516 0.70507 0.70775 0.70905 0.70677 0.70679 0.71023 0.71206 0.71020 0.71008 0.71140 0.71335 0.71519 0.71345 0.71277 0.71606 0.71746 0.71691 0.71748 0.71853 0.71807 0.72101 0.72208 0.72013 0.72138 0.72508 0.72488 0.72326 0.72574 0.72775 0.72824 0.72844 0.72955 0.72996 0.73094 0.73268 0.73503 0.73430 0.73381 0.73578 0.73846 0.73936 0.73837 0.73906 0.74202 0.74388 0.74281 0.74340 0.74626 0.74745 0.74688 0.74893 0.75086 0.75016 0.75102 0.75472 0.75563 0.75379 0.75524 0.75966 0.76041 0.75851 0.75984 0.72510 0.65043 0.57327 0.49700 0.42154 0.34655 0.26958 0.19235 0.11570 0.03875 0.00000 0.00000 0.00000 0.00000 0.00000 0.00000 0.00000 0.00000 0.00000 0.00000 0.00000 0.00000 0.00000 0.00000 0.00000 0.00000 0.00000 0.00000 0.00000 0.00000 0.00000 0.00000 0.00000 0.00000 0.00000 0.00000 0.00000 0.00000 0.00000 0.00000 0.00000 0.00000 0.00000 0.00000 0.00000 0.00000 0.00000 0.00000 0.00000 0.00000 0.00000 0.00000 0.00000 0.00000 0.00000
0.00000 0.00000 0.00000 0.00000 0.00000 0.00000 0.00000 0.00000 0.00000 0.00000 0.00000 0.00000 0.00000 0.00000 0.00000 0.00000 0.00000 0.00000 0.00000 0.00000 0.00000 0.00000 0.00000 0.00000 0.00000 0.00000 0.00000 0.00000 0.00000 0.00000 0.00000 0.00000 0.00000 0.00000 0.00000 0.00196 0.00586 0.00978 0.01367 0.01751 0.02137 0.02530 0.02914 0.03289 0.03675 0.07557 0.14885 0.22127 0.29439 0.36827 0.44072 0.51127 0.58366 0.65814 0.73018 0.76249 0.76171 0.76356 0.76309 0.75948 0.75823 0.75906 0.75956 0.75726 0.75463 0.75455 0.75647 0.75497 0.75085 0.75105 0.75326 0.75095 0.74747 0.74908 0.74985 0.74556 0.74463 0.74727 0.74613 0.74251 0.74175 0.74329 0.74294 0.73981 0.73827 0.73985 0.74009 0.73662 0.73512 0.73690 0.73651 0.73288 0.73210 0.73457 0.73367 0.72914 0.72894 0.73181 0.73145 0.72638 0.72598 0.72911 0.72854 0.72342 0.72307 0.72634 0.72546 0.72039 0.72076 0.72333 0.72217 0.71923 0.71898 0.71873 0.71828 0.71732 0.71737 0.71871 0.71475 0.71331 0.71480 0.71622 0.71411 0.71055 0.71001 0.71364 0.71267 0.70784 0.70782 0.71129 0.70896 0.70863 0.70969 0.70686 0.70411 0.70707 0.70799 0.70436 0.70261 0.70478 0.70504 0.70298 0.70403 0.70214 0.70113 0.70265 0.70269 0.69941 0.69940 0.70193 0.70061 0.69695 0.69832 0.70093 0.69886 0.69610 0.69705 0.69818 0.69758 0.69688 0.69584 0.69526 0.69585 0.69714 0.69637 0.69310 0.69320 0.69657 0.69531 0.69517 0.69432 0.69229 0.69313 0.69590 0.69460 0.69098 0.69206 0.69557 0.69444 0.69064 0.69161 0.69501 0.69436 0.69098 0.69123 0.69326 0.69478 0.69355 0.69081 0.69127 0.69534 0.69497 0.69085 0.69336 0.69573 0.69147 0.69138 0.69569 0.69618 0.69185 0.69212 0.69648 0.69706 0.69283 0.69336 0.69710 0.69701 0.69625 0.69493 0.69536 0.69799 0.69753 0.69587 0.69771 0.70028 0.69731 0.69795 0.70100 0.69926 0.69771 0.70102 0.70271 0.70002 0.70016 0.70356 0.70392 0.70129 0.70224 0.70610 0.70700 0.70297 0.70388 0.70850 0.70830 0.70538 0.70679 0.71071 0.71046 0.70919 0.70913 0.71035 0.71380 0.71426 0.71123 0.71211 0.71613 0.71744 0.71623 0.71502 0.71618 0.72060 0.72099 0.71800 0.71855 0.72347 0.72436 0.72164 0.72191 0.72630 0.72777 0.72476 0.72596 0.73027 0.72961 0.72833 0.73183 0.73370 0.73313 0.73236 0.73424 0.73787 0.73771 0.73599 0.73783 0.74205 0.74211 0.74007 0.74189 0.74622 0.74616 0.74434 0.74646 0.75021 0.75002 0.74934 0.75129 0.75321 0.75407 0.75519 0.75611 0.75682 0.75847 0.76001 0.76076 0.76187 0.72509 0.64876 0.57412 0.49900 0.42234 0.34526 0.26966 0.19326 0.11585 0.03862 0.00000 0.00000 0.00000 0.00000 0.00000 0.00000 0.00000 0.00000 0.00000 0.00000 0.00000 0.00000 0.00000 0.00000 0.00000 0.00000 0.00000 0.00000 0.00000 0.00000 0.00000 0.00000 0.00000 0.00000 0.00000 0.00000 0.00000 0.00000 0.00000 0.00000 0.00000 0.00000 0.00000 0.00000 0.00000 0.00000 0.00000 0.00000 0.00000 0.00000 0.00000 0.00000 0.00000 0.00000 0.00000
0.00000 0.00000 0.00000 0.00000 0.00000 0.00000 0.00000 0.00000 0.00000 0.00000 0.00000 0.00000 0.00000 0.00000 0.00000 0.00000 0.00000 0.00000 0.00000 0.00000 0.00000 0.00000 0.00000 0.00000 0.00000 0.00000 0.00000 0.00000 0.00000 0.00000 0.00000 0.00000 0.00000 0.00000 0.00000 0.00000 0.00000 0.00000 0.00000 0.00000 0.00000 0.00000 0.00000 0.00000 0.00000 0.03684 0.10990 0.18310 0.25708 0.32998 0.40101 0.47366 0.54826 0.62033 0.68939 0.72729 0.73306 0.73591 0.73597 0.73921 0.74404 0.74776 0.74889 0.75083 0.75463 0.75794 0.75647 0.75256 0.75255 0.75484 0.75298 0.74898 0.74923 0.75154 0.74782 0.74569 0.74838 0.74810 0.74419 0.74298 0.74531 0.74434 0.74097 0.73984 0.74214 0.74080 0.73745 0.73749 0.73920 0.73711 0.73379 0.73478 0.73622 0.73424 0.73077 0.73123 0.73291 0.73216 0.72856 0.72796 0.72986 0.72930 0.72567 0.72536 0.72723 0.72580 0.72219 0.72354 0.72455 0.72193 0.71961 0.72211 0.72122 0.71804 0.71839 0.72017 0.71865 0.71465 0.71481 0.71766 0.71769 0.71274 0.71210 0.71450 0.71489 0.71134 0.70960 0.71215 0.71152 0.70840 0.71151 0.71059 0.70634 0.70638 0.70975 0.70801 0.70390 0.70564 0.70779 0.70454 0.70194 0.70646 0.70566 0.70141 0.70134 0.70493 0.70035 0.69924 0.70353 0.70335 0.69853 0.69763 0.70078 0.70189 0.69920 0.69626 0.69703 0.70054 0.69990 0.69490 0.69486 0.69900 0.69905 0.69402 0.69393 0.69669 0.69686 0.69708 0.69655 0.69266 0.69320 0.69709 0.69584 0.69222 0.69338 0.69630 0.69480 0.69196 0.69311 0.69582 0.69468 0.69175 0.69211 0.69555 0.69545 0.69192 0.69119 0.69517 0.69567 0.69257 0.69269 0.69487 0.69287 0.69309 0.69556 0.69538 0.69287 0.69329 0.69591 0.69623 0.69353 0.69459 0.69686 0.69520 0.69479 0.69776 0.69556 0.69472 0.69849 0.69911 0.69521 0.69612 0.70027 0.69966 0.69666 0.70002 0.70090 0.69799 0.70007 0.70235 0.69988 0.69980 0.70382 0.70381 0.70077 0.70211 0.70605 0.70513 0.70339 0.70490 0.70624 0.70641 0.70812 0.70802 0.70651 0.70797 0.71093 0.71137 0.70911 0.71062 0.71303 0.71249 0.71313 0.71420 0.71340 0.71510 0.71798 0.71749 0.71593 0.71762 0.71949 0.72133 0.72096 0.71975 0.72131 0.72503 0.72496 0.72271 0.72449 0.72846 0.72882 0.72672 0.72717 0.73075 0.73255 0.73167 0.73157 0.73370 0.73445 0.73555 0.73691 0.73830 0.73784 0.73857 0.74108 0.74320 0.74209 0.74218 0.74536 0.74741 0.74605 0.74689 0.74999 0.75057 0.75005 0.75081 0.74898 0.74401 0.74128 0.74110 0.73824 0.73299 0.73083 0.73000 0.72716 0.68864 0.61715 0.54549 0.47423 0.40179 0.32876 0.25597 0.18355 0.11036 0.03675 0.00000 0.00000 0.00000 0.00000 0.00000 0.00000 0.00000 0.00000 0.00000 0.00000 0.00000 0.00000 0.00000 0.00000 0.00000 0.00000 0.00000 0.00000 0.00000 0.00000 0.00000 0.00000 0.00000 0.00000 0.00000 0.00000 0.00000 0.00000 0.00000 0.00000 0.00000 0.00000 0.00000 0.00000 0.00000 0.00000 0.00000 0.00000 0.00000 0.00000 0.00000 0.00000 0.00000 0.00000 0.00000
0.00000 0.00000 0.00000 0.00000 0.00000 0.00000 0.00000 0.00000 0.00000 0.00000 0.00000 0.00000 0.00000 0.00000 0.00000 0.00000 0.00000 0.00000 0.00000 0.00000 0.00000 0.00000 0.00000 0.00000 0.00000 0.00000 0.00000 0.00000 0.00000 0.00000 0.00000 0.00000 0.00000 0.00000 0.00000 0.00000 0.00000 0.00000 0.00000 0.00000 0.00000 0.00000 0.00000 0.00000 0.00000 0.03287 0.09856 0.16463 0.23004 0.29430 0.35953 0.42591 0.49077 0.55332 0.61791 0.65771 0.66866 0.67680 0.68730 0.69991 0.71142 0.71988 0.72967 0.74131 0.75389 0.75752 0.75426 0.75421 0.75647 0.75452 0.75064 0.75076 0.75313 0.75069 0.74735 0.74947 0.74959 0.74608 0.74465 0.74636 0.74543 0.74277 0.74180 0.74317 0.74212 0.73942 0.73866 0.74032 0.73898 0.73574 0.73570 0.73767 0.73612 0.73218 0.73212 0.73491 0.73423 0.72944 0.72900 0.73190 0.73158 0.72654 0.72592 0.72927 0.72849 0.72338 0.72348 0.72626 0.72520 0.72135 0.72177 0.72244 0.72129 0.72065 0.72009 0.71892 0.71773 0.71730 0.71780 0.71835 0.71543 0.71406 0.71433 0.71583 0.71415 0.71150 0.71158 0.71356 0.71149 0.71155 0.71117 0.70939 0.70739 0.71016 0.71037 0.70634 0.70466 0.70811 0.70835 0.70425 0.70567 0.70618 0.70410 0.70168 0.70532 0.70447 0.70181 0.70186 0.70275 0.70068 0.70096 0.70261 0.70056 0.69774 0.69991 0.70169 0.69918 0.69720 0.69841 0.69911 0.69805 0.69756 0.69770 0.69704 0.69525 0.69665 0.69825 0.69750 0.69481 0.69397 0.69591 0.69757 0.69604 0.69293 0.69407 0.69723 0.69619 0.69243 0.69329 0.69676 0.69603 0.69236 0.69294 0.69587 0.69612 0.69341 0.69257 0.69418 0.69661 0.69504 0.69235 0.69450 0.69701 0.69286 0.69271 0.69681 0.69722 0.69320 0.69364 0.69738 0.69770 0.69425 0.69455 0.69744 0.69800 0.69676 0.69631 0.69520 0.69822 0.69933 0.69761 0.69744 0.69919 0.69925 0.69981 0.70061 0.69870 0.69905 0.70220 0.70376 0.70037 0.70054 0.70411 0.70417 0.70203 0.70339 0.70619 0.70609 0.70371 0.70511 0.70857 0.70837 0.70559 0.70735 0.71104 0.71005 0.70812 0.70986 0.71303 0.71301 0.71307 0.71174 0.71195 0.71663 0.71739 0.71410 0.71477 0.71789 0.72044 0.71977 0.71792 0.71875 0.72309 0.72408 0.72163 0.72166 0.72576 0.72759 0.72507 0.72520 0.72987 0.73094 0.72783 0.72913 0.73362 0.73387 0.73174 0.73223 0.73718 0.73774 0.73555 0.73651 0.74140 0.74167 0.73930 0.74084 0.74537 0.74563 0.74355 0.74538 0.74962 0.74938 0.74776 0.75023 0.75340 0.74764 0.73605 0.72666 0.71699 0.70668 0.69579 0.68521 0.67546 0.66565 0.65379 0.61643 0.55381 0.48957 0.42329 0.35902 0.29525 0.22984 0.16384 0.09856 0.03303 0.00000 0.00000 0.00000 0.00000 0.00000 0.00000 0.00000 0.00000 0.00000 0.00000 0.00000 0.00000 0.00000 0.00000 0.00000 0.00000 0.00000 0.00000 0.00000 0.00000 0.00000 0.00000 0.00000 0.00000 0.00000 0.00000 0.00000 0.00000 0.00000 0.00000 0.00000 0.00000 0.00000 0.00000 0.00000 0.00000 0.00000 0.00000 0.00000 0.00000 0.00000 0.00000 0.00000 0.00000 0.00000
0.00000 0.00000 0.00000 0.00000 0.00000 0.00000 0.00000 0.00000 0.00000 0.00000 0.00000 0.00000 0.00000 0.00000 0.00000 0.00000 0.00000 0.00000 0.00000 0.00000 0.00000 0.00000 0.00000 0.00000 0.00000 0.00000 0.00000 0.00000 0.00000 0.00000 0.00000 0.00000 0.00000 0.00000 0.00000 0.00000 0.00000 0.00000 0.00000 0.00000 0.00000 0.00000 0.00000 0.00000 0.00000 0.02903 0.08737 0.14539 0.20237 0.26012 0.31882 0.37607 0.43158 0.48914 0.54801 0.58536 0.60149 0.62051 0.64071 0.65917 0.67516 0.69353 0.71307 0.73251 0.74916 0.75612 0.75611 0.75804 0.75641 0.75229 0.75198 0.75478 0.75284 0.74875 0.74881 0.75139 0.74800 0.74567 0.74760 0.74739 0.74419 0.74307 0.74513 0.74300 0.74063 0.74082 0.74240 0.73948 0.73687 0.73846 0.73945 0.73657 0.73369 0.73498 0.73609 0.73462 0.73153 0.73090 0.73258 0.73261 0.72900 0.72782 0.72985 0.72919 0.72558 0.72592 0.72753 0.72519 0.72204 0.72475 0.72519 0.72115 0.72040 0.72306 0.72161 0.71770 0.71755 0.72066 0.72033 0.71506 0.71477 0.71817 0.71797 0.71284 0.71214 0.71567 0.71507 0.71038 0.71187 0.71354 0.70993 0.70813 0.71194 0.71128 0.70658 0.70683 0.71014 0.70891 0.70468 0.70531 0.70802 0.70540 0.70308 0.70698 0.70484 0.70172 0.70449 0.70559 0.70053 0.69986 0.70425 0.70400 0.69956 0.69861 0.70124 0.70261 0.70049 0.69721 0.69783 0.70135 0.70076 0.69588 0.69591 0.69972 0.69966 0.69691 0.69572 0.69589 0.69626 0.69888 0.69752 0.69393 0.69488 0.69829 0.69695 0.69371 0.69457 0.69756 0.69651 0.69348 0.69399 0.69720 0.69668 0.69339 0.69307 0.69692 0.69734 0.69372 0.69273 0.69659 0.69714 0.69425 0.69484 0.69675 0.69449 0.69440 0.69704 0.69783 0.69462 0.69454 0.69831 0.69850 0.69479 0.69794 0.69925 0.69554 0.69669 0.70026 0.69717 0.69640 0.70063 0.70137 0.69731 0.69774 0.70243 0.70084 0.69935 0.70176 0.70235 0.70096 0.70384 0.70408 0.70137 0.70266 0.70653 0.70599 0.70332 0.70467 0.70826 0.70764 0.70777 0.70729 0.70647 0.70928 0.71138 0.71008 0.70883 0.71179 0.71369 0.71114 0.71201 0.71548 0.71523 0.71380 0.71679 0.71816 0.71541 0.71693 0.72066 0.72153 0.71917 0.71934 0.72240 0.72496 0.72389 0.72237 0.72471 0.72833 0.72810 0.72596 0.72748 0.73156 0.73219 0.73036 0.73054 0.73368 0.73569 0.73519 0.73490 0.73717 0.73807 0.73855 0.73980 0.74216 0.74174 0.74150 0.74421 0.74681 0.74560 0.74549 0.74887 0.75074 0.74938 0.75053 0.75363 0.74430 0.72533 0.70898 0.69174 0.67199 0.65423 0.63746 0.61908 0.60008 0.58251 0.54496 0.48819 0.43184 0.37495 0.31707 0.25997 0.20300 0.14508 0.08701 0.02908 0.00000 0.00000 0.00000 0.00000 0.00000 0.00000 0.00000 0.00000 0.00000 0.00000 0.00000 0.00000 0.00000 0.00000 0.00000 0.00000 0.00000 0.00000 0.00000 0.00000 0.00000 0.00000 0.00000 0.00000 0.00000 0.00000 0.00000 0.00000 0.00000 0.00000 0.00000 0.00000 0.00000 0.00000 0.00000 0.00000 0.00000 0.00000 0.00000 0.00000 0.00000 0.00000 0.00000 0.00000 0.00000
0.00000 0.00000 0.00000 0.00000 0.00000 0.00000 0.00000 0.00000 0.00000 0.00000 0.00000 0.00000 0.00000 0.00000 0.00000 0.00000 0.00000 0.00000 0.00000 0.00000 0.00000 0.00000 0.00000 0.00000 0.00000 0.00000 0.00000 0.00000 0.00000 0.00000 0.00000 0.00000 0.00000 0.00000 0.00000 0.00000 0.00000 0.00000 0.00000 0.00000 0.00000 0.00000 0.00000 0.00000 0.00000 0.02529 0.07573 0.12560 0.17586 0.22651 0.27626 0.32499 0.37504 0.42572 0.47504 0.51113 0.53761 0.56533 0.59176 0.61575 0.64164 0.66891 0.69602 0.71999 0.74461 0.75792 0.75966 0.75740 0.75399 0.75364 0.75640 0.75451 0.75037 0.75031 0.75299 0.75082 0.74726 0.74863 0.74902 0.74634 0.74481 0.74611 0.74425 0.74252 0.74249 0.74351 0.74117 0.73875 0.73963 0.74085 0.73836 0.73524 0.73620 0.73806 0.73603 0.73251 0.73231 0.73474 0.73444 0.72982 0.72904 0.73190 0.73161 0.72659 0.72624 0.72935 0.72828 0.72372 0.72449 0.72609 0.72428 0.72275 0.72300 0.72189 0.72054 0.72087 0.72094 0.71984 0.71764 0.71783 0.71828 0.71780 0.71554 0.71532 0.71553 0.71492 0.71328 0.71431 0.71379 0.71082 0.71030 0.71320 0.71286 0.70849 0.70771 0.71107 0.71091 0.70645 0.70605 0.70912 0.70671 0.70412 0.70809 0.70757 0.70371 0.70236 0.70532 0.70502 0.70327 0.70308 0.70256 0.70119 0.70268 0.70379 0.70071 0.69860 0.70131 0.70253 0.69983 0.69805 0.69975 0.70063 0.69828 0.69747 0.69987 0.69987 0.69567 0.69525 0.69924 0.69954 0.69685 0.69475 0.69656 0.69894 0.69774 0.69428 0.69518 0.69848 0.69774 0.69399 0.69464 0.69792 0.69765 0.69420 0.69430 0.69701 0.69789 0.69508 0.69395 0.69649 0.69829 0.69431 0.69402 0.69827 0.69854 0.69410 0.69486 0.69879 0.69828 0.69536 0.69697 0.69863 0.69711 0.69748 0.69878 0.69705 0.69810 0.70073 0.69919 0.69711 0.69945 0.70132 0.70089 0.69993 0.69899 0.70124 0.70360 0.70330 0.70026 0.70143 0.70521 0.70490 0.70229 0.70408 0.70678 0.70562 0.70439 0.70704 0.70863 0.70657 0.70629 0.70898 0.71102 0.70955 0.70836 0.71047 0.71338 0.71268 0.71139 0.71243 0.71378 0.71612 0.71649 0.71405 0.71505 0.71944 0.72005 0.71763 0.71800 0.72016 0.72268 0.72300 0.72174 0.72184 0.72505 0.72718 0.72548 0.72489 0.72865 0.73082 0.72825 0.72835 0.73335 0.73413 0.73111 0.73189 0.73673 0.73771 0.73524 0.73551 0.74060 0.74133 0.73877 0.73979 0.74477 0.74522 0.74274 0.74421 0.74869 0.74902 0.74695 0.74897 0.75301 0.75274 0.75125 0.74064 0.71702 0.69079 0.66379 0.63874 0.61423 0.58874 0.56141 0.53525 0.51098 0.47381 0.42280 0.37350 0.32565 0.27604 0.22514 0.17538 0.12608 0.07573 0.02518 0.00000 0.00000 0.00000 0.00000 0.00000 0.00000 0.00000 0.00000 0.00000 0.00000 0.00000 0.00000 0.00000 0.00000 0.00000 0.00000 0.00000 0.00000 0.00000 0.00000 0.00000 0.00000 0.00000 0.00000 0.00000 0.00000 0.00000 0.00000 0.00000 0.00000 0.00000 0.00000 0.00000 0.00000 0.00000 0.00000 0.00000 0.00000 0.00000 0.00000 0.00000 0.00000 0.00000 0.00000 0.00000
0.00000 0.00000 0.00000 0.00000 0.00000 0.00000 0.00000 0.00000 0.00000 0.00000 0.00000 0.00000 0.00000 0.00000 0.00000 0.00000 0.00000 0.00000 0.00000 0.00000 0.00000 0.00000 0.00000 0.00000 0.00000 0.00000 0.00000 0.00000 0.00000 0.00000 0.00000 0.00000 0.00000 0.00000 0.00000 0.00000 0.00000 0.00000 0.00000 0.00000 0.00000 0.00000 0.00000 0.00000 0.00000 0.02142 0.06390 0.10650 0.14943 0.19170 0.23314 0.27580 0.31870 0.36015 0.40076 0.43966 0.47472 0.50804 0.54026 0.57475 0.60978 0.64364 0.67513 0.70851 0.74306 0.76109 0.75888 0.75579 0.75550 0.75798 0.75661 0.75199 0.75131 0.75467 0.75270 0.74859 0.74889 0.75102 0.74804 0.74582 0.74762 0.74604 0.74383 0.74397 0.74541 0.74184 0.74005 0.74217 0.74264 0.73896 0.73677 0.73894 0.73931 0.73634 0.73457 0.73509 0.73534 0.73516 0.73242 0.73081 0.73213 0.73262 0.72936 0.72833 0.72994 0.72857 0.72539 0.72715 0.72809 0.72429 0.72285 0.72586 0.72511 0.72065 0.72078 0.72359 0.72240 0.71784 0.71799 0.72110 0.72046 0.71538 0.71529 0.71869 0.71778 0.71293 0.71335 0.71642 0.71414 0.71084 0.71386 0.71410 0.70975 0.70931 0.71255 0.71178 0.70750 0.70719 0.71051 0.71049 0.70575 0.70795 0.70796 0.70490 0.70516 0.70783 0.70432 0.70214 0.70600 0.70619 0.70125 0.70099 0.70497 0.70454 0.70093 0.69981 0.70175 0.70344 0.70147 0.69819 0.69907 0.70222 0.70108 0.69751 0.69799 0.69991 0.69932 0.69965 0.69885 0.69622 0.69693 0.70032 0.69893 0.69533 0.69619 0.69950 0.69842 0.69518 0.69574 0.69893 0.69819 0.69499 0.69514 0.69863 0.69846 0.69503 0.69452 0.69832 0.69872 0.69545 0.69462 0.69813 0.69764 0.69579 0.69714 0.69882 0.69651 0.69576 0.69921 0.70013 0.69607 0.69680 0.70066 0.69753 0.69665 0.70091 0.70015 0.69720 0.70003 0.70238 0.69887 0.69834 0.70301 0.70337 0.69954 0.70050 0.70465 0.70308 0.70233 0.70362 0.70245 0.70401 0.70694 0.70614 0.70365 0.70518 0.70880 0.70849 0.70676 0.70703 0.70714 0.71030 0.71173 0.70969 0.70886 0.71231 0.71408 0.71191 0.71175 0.71570 0.71608 0.71324 0.71552 0.71883 0.71687 0.71626 0.72045 0.72168 0.71815 0.71909 0.72353 0.72485 0.72231 0.72212 0.72567 0.72795 0.72676 0.72559 0.72821 0.73155 0.73092 0.72928 0.73104 0.73453 0.73478 0.73443 0.73450 0.73621 0.73804 0.73879 0.73876 0.74071 0.74150 0.74143 0.74310 0.74587 0.74532 0.74464 0.74762 0.75026 0.74903 0.74899 0.75244 0.75394 0.75290 0.73724 0.70599 0.67201 0.63823 0.60573 0.57264 0.53865 0.50555 0.47172 0.43757 0.40054 0.35936 0.31669 0.27468 0.23358 0.19147 0.14862 0.10630 0.06415 0.02140 0.00000 0.00000 0.00000 0.00000 0.00000 0.00000 0.00000 0.00000 0.00000 0.00000 0.00000 0.00000 0.00000 0.00000 0.00000 0.00000 0.00000 0.00000 0.00000 0.00000 0.00000 0.00000 0.00000 0.00000 0.00000 0.00000 0.00000 0.00000 0.00000 0.00000 0.00000 0.00000 0.00000 0.00000 0.00000 0.00000 0.00000 0.00000 0.00000 0.00000 0.00000 0.00000 0.00000 0.00000 0.00000
0.00000 0.00000 0.00000 0.00000 0.00000 0.00000 0.00000 0.00000 0.00000 0.00000 0.00000 0.00000 0.00000 0.00000 0.00000 0.00000 0.00000 0.00000 0.00000 0.00000 0.00000 0.00000 0.00000 0.00000 0.00000 0.00000 0.00000 0.00000 0.00000 0.00000 0.00000 0.00000 0.00000 0.00000 0.00000 0.00000 0.00000 0.00000 0.00000 0.00000 0.00000 0.00000 0.00000 0.00000 0.00000 0.01748 0.05244 0.08750 0.12216 0.15647 0.19153 0.22642 0.26041 0.29413 0.32910 0.36780 0.40918 0.44975 0.49181 0.53439 0.57612 0.61567 0.65684 0.69900 0.74169 0.76004 0.75763 0.75743 0.75951 0.75753 0.75371 0.75290 0.75621 0.75464 0.75018 0.75008 0.75277 0.75058 0.74725 0.74847 0.74785 0.74582 0.74559 0.74655 0.74360 0.74193 0.74331 0.74400 0.74085 0.73839 0.74008 0.74111 0.73789 0.73563 0.73650 0.73763 0.73599 0.73320 0.73235 0.73428 0.73465 0.73022 0.72921 0.73188 0.73129 0.72659 0.72710 0.72943 0.72739 0.72497 0.72584 0.72548 0.72342 0.72369 0.72405 0.72201 0.72021 0.72138 0.72164 0.71970 0.71765 0.71887 0.71910 0.71709 0.71525 0.71703 0.71699 0.71343 0.71261 0.71593 0.71555 0.71071 0.71023 0.71402 0.71386 0.70896 0.70843 0.71191 0.71078 0.70675 0.71011 0.71014 0.70549 0.70457 0.70818 0.70851 0.70513 0.70370 0.70504 0.70534 0.70500 0.70478 0.70267 0.70157 0.70423 0.70493 0.70142 0.69949 0.70229 0.70359 0.70083 0.69860 0.70115 0.70243 0.69852 0.69735 0.70168 0.70164 0.69732 0.69658 0.69972 0.70078 0.69880 0.69619 0.69744 0.70023 0.69927 0.69574 0.69650 0.69978 0.69920 0.69557 0.69607 0.69924 0.69922 0.69586 0.69568 0.69866 0.69955 0.69606 0.69546 0.69923 0.69991 0.69544 0.69582 0.70028 0.70001 0.69614 0.69759 0.70038 0.69819 0.69815 0.70102 0.69915 0.69764 0.70103 0.70099 0.69806 0.69994 0.70297 0.70167 0.69953 0.70070 0.70334 0.70397 0.70213 0.70086 0.70429 0.70609 0.70395 0.70250 0.70525 0.70783 0.70583 0.70456 0.70727 0.70912 0.70749 0.70699 0.71075 0.71101 0.70902 0.70895 0.71105 0.71354 0.71263 0.71128 0.71286 0.71558 0.71590 0.71495 0.71464 0.71647 0.71948 0.71933 0.71678 0.71831 0.72177 0.72240 0.72130 0.72169 0.72286 0.72468 0.72614 0.72565 0.72512 0.72754 0.73015 0.72896 0.72822 0.73184 0.73381 0.73144 0.73155 0.73672 0.73733 0.73495 0.73515 0.73949 0.74093 0.73870 0.73908 0.74404 0.74475 0.74197 0.74323 0.74801 0.74866 0.74620 0.74772 0.75213 0.75242 0.75031 0.75257 0.75639 0.73555 0.69256 0.65307 0.61399 0.57275 0.52995 0.48895 0.44929 0.40809 0.36496 0.32704 0.29443 0.26027 0.22483 0.19052 0.15689 0.12220 0.08702 0.05228 0.01755 0.00000 0.00000 0.00000 0.00000 0.00000 0.00000 0.00000 0.00000 0.00000 0.00000 0.00000 0.00000 0.00000 0.00000 0.00000 0.00000 0.00000 0.00000 0.00000 0.00000 0.00000 0.00000 0.00000 0.00000 0.00000 0.00000 0.00000 0.00000 0.00000 0.00000 0.00000 0.00000 0.00000 0.00000 0.00000 0.00000 0.00000 0.00000 0.00000 0.00000 0.00000 0.00000 0.00000 0.00000 0.00000
0.00000 0.00000 0.00000 0.00000 0.00000 0.00000 0.00000 0.00000 0.00000 0.00000 0.00000 0.00000 0.00000 0.00000 0.00000 0.00000 0.00000 0.00000 0.00000 0.00000 0.00000 0.00000 0.00000 0.00000 0.00000 0.00000 0.00000 0.00000 0.00000 0.00000 0.00000 0.00000 0.00000 0.00000 0.00000 0.00000 0.00000 0.00000 0.00000 0.00000 0.00000 0.00000 0.00000 0.00000 0.00000 0.01362 0.04091 0.06803 0.09487 0.12216 0.14935 0.17580 0.20226 0.22987 0.25681 0.29406 0.34311 0.39370 0.44379 0.49223 0.54011 0.58995 0.64005 0.68914 0.73623 0.75956 0.75953 0.76074 0.75909 0.75551 0.75479 0.75769 0.75674 0.75185 0.75110 0.75448 0.75257 0.74855 0.74952 0.74988 0.74739 0.74660 0.74825 0.74485 0.74331 0.74531 0.74578 0.74177 0.73985 0.74231 0.74257 0.73855 0.73747 0.73917 0.73829 0.73627 0.73586 0.73522 0.73432 0.73534 0.73332 0.73124 0.73175 0.73187 0.72958 0.72947 0.73024 0.72763 0.72561 0.72847 0.72845 0.72370 0.72366 0.72652 0.72501 0.72076 0.72132 0.72393 0.72260 0.71821 0.71861 0.72148 0.72025 0.71578 0.71624 0.71905 0.71729 0.71369 0.71542 0.71654 0.71335 0.71223 0.71493 0.71378 0.71040 0.71061 0.71312 0.71163 0.70842 0.70920 0.71075 0.70785 0.70707 0.71014 0.70791 0.70461 0.70695 0.70851 0.70447 0.70315 0.70732 0.70672 0.70232 0.70230 0.70549 0.70538 0.70218 0.70063 0.70265 0.70454 0.70195 0.69920 0.70102 0.70314 0.70082 0.69954 0.70079 0.69977 0.69897 0.70180 0.70092 0.69708 0.69792 0.70155 0.70041 0.69673 0.69750 0.70085 0.69989 0.69655 0.69708 0.70043 0.69977 0.69643 0.69658 0.70013 0.70000 0.69663 0.69631 0.69976 0.69990 0.69711 0.69720 0.69979 0.69903 0.69746 0.69944 0.70089 0.69796 0.69782 0.70170 0.70019 0.69768 0.70117 0.70223 0.69854 0.69965 0.70327 0.70115 0.69922 0.70292 0.70446 0.70072 0.70062 0.70528 0.70517 0.70191 0.70295 0.70619 0.70586 0.70642 0.70560 0.70416 0.70656 0.70931 0.70868 0.70635 0.70733 0.71080 0.71113 0.71122 0.70950 0.70924 0.71295 0.71433 0.71228 0.71180 0.71529 0.71653 0.71435 0.71507 0.71883 0.71806 0.71617 0.71949 0.72186 0.71874 0.71896 0.72379 0.72479 0.72124 0.72194 0.72652 0.72773 0.72533 0.72541 0.72917 0.73096 0.72927 0.72883 0.73216 0.73474 0.73301 0.73297 0.73527 0.73616 0.73686 0.73898 0.73869 0.73894 0.74076 0.74206 0.74248 0.74450 0.74481 0.74426 0.74658 0.74941 0.74872 0.74800 0.75119 0.75358 0.75246 0.75263 0.75601 0.73260 0.68288 0.63467 0.58730 0.53841 0.48952 0.44047 0.39130 0.34263 0.29363 0.25501 0.22821 0.20240 0.17583 0.14841 0.12153 0.09511 0.06804 0.04072 0.01359 0.00000 0.00000 0.00000 0.00000 0.00000 0.00000 0.00000 0.00000 0.00000 0.00000 0.00000 0.00000 0.00000 0.00000 0.00000 0.00000 0.00000 0.00000 0.00000 0.00000 0.00000 0.00000 0.00000 0.00000 0.00000 0.00000 0.00000 0.00000 0.00000 0.00000 0.00000 0.00000 0.00000 0.00000 0.00000 0.00000 0.00000 0.00000 0.00000 0.00000 0.00000 0.00000 0.00000 0.00000 0.00000
0.00000 0.00000 0.00000 0.00000 0.00000 0.00000 0.00000 0.00000 0.00000 0.00000 0.00000 0.00000 0.00000 0.00000 0.00000 0.00000 0.00000 0.00000 0.00000 0.00000 0.00000 0.00000 0.00000 0.00000 0.00000 0.00000 0.00000 0.00000 0.00000 0.00000 0.00000 0.00000 0.00000 0.00000 0.00000 0.00000 0.00000 0.00000 0.00000 0.00000 0.00000 0.00000 0.00000 0.00000 0.00000 0.00976 0.02919 0.04853 0.06811 0.08747 0.10638 0.12551 0.14525 0.16445 0.18288 0.22098 0.27909 0.33686 0.39336 0.44964 0.50712 0.56472 0.62152 0.67683 0.73287 0.76134 0.76191 0.76030 0.75742 0.75676 0.75894 0.75785 0.75362 0.75251 0.75577 0.75458 0.75000 0.75033 0.75164 0.74965 0.74780 0.74928 0.74676 0.74512 0.74643 0.74718 0.74367 0.74154 0.74338 0.74407 0.74066 0.73871 0.74036 0.74052 0.73753 0.73659 0.73637 0.73642 0.73619 0.73421 0.73238 0.73380 0.73421 0.73062 0.72975 0.73177 0.73063 0.72750 0.72840 0.72901 0.72650 0.72646 0.72701 0.72478 0.72301 0.72458 0.72476 0.72180 0.72019 0.72228 0.72232 0.71931 0.71762 0.72001 0.72005 0.71650 0.71502 0.71833 0.71823 0.71345 0.71261 0.71692 0.71639 0.71155 0.71077 0.71470 0.71365 0.70944 0.70951 0.71275 0.70834 0.70719 0.71074 0.71103 0.70700 0.70537 0.70780 0.70895 0.70681 0.70534 0.70522 0.70539 0.70652 0.70653 0.70338 0.70203 0.70506 0.70590 0.70306 0.70041 0.70275 0.70472 0.70192 0.69933 0.70274 0.70369 0.69909 0.69863 0.70285 0.70267 0.69940 0.69823 0.70019 0.70203 0.70044 0.69763 0.69866 0.70163 0.70057 0.69719 0.69803 0.70121 0.70050 0.69711 0.69760 0.70077 0.70072 0.69734 0.69716 0.70064 0.70118 0.69729 0.69705 0.70146 0.70161 0.69722 0.69770 0.70217 0.70163 0.69863 0.70125 0.70117 0.69869 0.70154 0.70258 0.69968 0.70041 0.70393 0.70268 0.69997 0.70202 0.70496 0.70407 0.70199 0.70246 0.70565 0.70635 0.70376 0.70331 0.70751 0.70848 0.70570 0.70483 0.70769 0.71008 0.70854 0.70729 0.70919 0.71125 0.71106 0.70964 0.71046 0.71361 0.71320 0.71158 0.71301 0.71630 0.71597 0.71413 0.71506 0.71834 0.71931 0.71804 0.71694 0.71909 0.72251 0.72224 0.72006 0.72145 0.72410 0.72483 0.72481 0.72528 0.72585 0.72719 0.72907 0.72913 0.72870 0.73046 0.73263 0.73233 0.73198 0.73464 0.73613 0.73549 0.73527 0.73752 0.73998 0.73921 0.73880 0.74254 0.74404 0.74184 0.74260 0.74743 0.74811 0.74531 0.74675 0.75132 0.75203 0.74960 0.75135 0.75565 0.75585 0.75378 0.72778 0.67439 0.61765 0.55935 0.50371 0.44892 0.39222 0.33391 0.27698 0.22103 0.18291 0.16315 0.14414 0.12573 0.10653 0.08689 0.06769 0.04866 0.02924 0.00972 0.00000 0.00000 0.00000 0.00000 0.00000 0.00000 0.00000 0.00000 0.00000 0.00000 0.00000 0.00000 0.00000 0.00000 0.00000 0.00000 0.00000 0.00000 0.00000 0.00000 0.00000 0.00000 0.00000 0.00000 0.00000 0.00000 0.00000 0.00000 0.00000 0.00000 0.00000 0.00000 0.00000 0.00000 0.00000 0.00000 0.00000 0.00000 0.00000 0.00000 0.00000 0.00000 0.00000 0.00000 0.00000
0.00000 0.00000 0.00000 0.00000 0.00000 0.00000 0.00000 0.00000 0.00000 0.00000 0.00000 0.00000 0.00000 0.00000 0.00000 0.00000 0.00000 0.00000 0.00000 0.00000 0.00000 0.00000 0.00000 0.00000 0.00000 0.00000 0.00000 0.00000 0.00000 0.00000 0.00000 0.00000 0.00000 0.00000 0.00000 0.00000 0.00000 0.00000 0.00000 0.00000 0.00000 0.00000 0.00000 0.00000 0.00000 0.00585 0.01752 0.02925 0.04088 0.05234 0.06388 0.07571 0.08724 0.09828 0.10975 0.14872 0.21427 0.27833 0.34299 0.40897 0.47427 0.53772 0.60131 0.66633 0.73112 0.76276 0.76148 0.75949 0.75885 0.76010 0.75931 0.75551 0.75436 0.75721 0.75637 0.75177 0.75141 0.75343 0.75162 0.74905 0.75067 0.74848 0.74666 0.74774 0.74889 0.74488 0.74292 0.74530 0.74562 0.74169 0.74018 0.74219 0.74182 0.73826 0.73882 0.73920 0.73660 0.73647 0.73731 0.73529 0.73350 0.73462 0.73408 0.73210 0.73139 0.73101 0.73004 0.73080 0.73078 0.72695 0.72669 0.72933 0.72777 0.72375 0.72444 0.72680 0.72480 0.72113 0.72198 0.72424 0.72246 0.71866 0.71938 0.72171 0.72013 0.71653 0.71731 0.71895 0.71707 0.71518 0.71693 0.71571 0.71350 0.71410 0.71579 0.71259 0.71105 0.71258 0.71349 0.70893 0.70942 0.71287 0.71091 0.70718 0.70838 0.71097 0.70800 0.70533 0.70857 0.70914 0.70483 0.70404 0.70843 0.70764 0.70351 0.70298 0.70601 0.70690 0.70300 0.70146 0.70416 0.70560 0.70203 0.70030 0.70338 0.70384 0.70065 0.70224 0.70314 0.69971 0.69958 0.70338 0.70258 0.69827 0.69925 0.70283 0.70172 0.69801 0.69902 0.70236 0.70126 0.69780 0.69861 0.70204 0.70127 0.69780 0.69822 0.70167 0.70145 0.69822 0.69834 0.70127 0.70127 0.69898 0.69958 0.70118 0.70036 0.70007 0.70225 0.70035 0.69903 0.70270 0.70376 0.69972 0.70018 0.70421 0.70313 0.70021 0.70283 0.70543 0.70245 0.70129 0.70561 0.70657 0.70280 0.70287 0.70760 0.70751 0.70508 0.70511 0.70570 0.70837 0.70970 0.70823 0.70648 0.70836 0.71179 0.71156 0.70899 0.70956 0.71118 0.71367 0.71391 0.71238 0.71220 0.71538 0.71673 0.71533 0.71502 0.71787 0.71872 0.71744 0.71877 0.72203 0.71980 0.71899 0.72334 0.72471 0.72116 0.72189 0.72685 0.72775 0.72442 0.72509 0.72967 0.73068 0.72811 0.72864 0.73289 0.73400 0.73139 0.73216 0.73626 0.73720 0.73503 0.73774 0.73947 0.73745 0.73927 0.74292 0.74264 0.74252 0.74375 0.74442 0.74610 0.74837 0.74807 0.74730 0.75021 0.75285 0.75201 0.75156 0.75491 0.75686 0.75594 0.72423 0.66267 0.59903 0.53435 0.47016 0.40636 0.34229 0.27779 0.21259 0.14751 0.10971 0.09840 0.08665 0.07513 0.06397 0.05243 0.04065 0.02908 0.01756 0.00586 0.00000 0.00000 0.00000 0.00000 0.00000 0.00000 0.00000 0.00000 0.00000 0.00000 0.00000 0.00000 0.00000 0.00000 0.00000 0.00000 0.00000 0.00000 0.00000 0.00000 0.00000 0.00000 0.00000 0.00000 0.00000 0.00000 0.00000 0.00000 0.00000 0.00000 0.00000 0.00000 0.00000 0.00000 0.00000 0.00000 0.00000 0.00000 0.00000 0.00000 0.00000 0.00000 0.00000 0.00000 0.00000
0.00000 0.00000 0.00000 0.00000 0.00000 0.00000 0.00000 0.00000 0.00000 0.00000 0.00000 0.00000 0.00000 0.00000 0.00000 0.00000 0.00000 0.00000 0.00000 0.00000 0.00000 0.00000 0.00000 0.00000 0.00000 0.00000 0.00000 0.00000 0.00000 0.00000 0.00000 0.00000 0.00000 0.00000 0.00000 0.00000 0.00000 0.00000 0.00000 0.00000 0.00000 0.00000 0.00000 0.00000 0.00000 0.00195 0.00586 0.00975 0.01358 0.01746 0.02140 0.02526 0.02896 0.03281 0.03678 0.07544 0.14811 0.22090 0.29441 0.36743 0.43892 0.51098 0.58375 0.65606 0.72745 0.76307 0.76160 0.76074 0.76078 0.76062 0.75764 0.75624 0.75804 0.75781 0.75372 0.75274 0.75463 0.75377 0.75055 0.75134 0.75037 0.74840 0.74879 0.75031 0.74679 0.74464 0.74632 0.74706 0.74381 0.74182 0.74322 0.74322 0.74054 0.73963 0.74037 0.73828 0.73775 0.73853 0.73608 0.73546 0.73636 0.73514 0.73265 0.73317 0.73381 0.73170 0.73073 0.73095 0.72987 0.72992 0.72959 0.72739 0.72604 0.72763 0.72770 0.72415 0.72296 0.72545 0.72534 0.72164 0.72029 0.72297 0.72299 0.71933 0.71767 0.72063 0.72086 0.71674 0.71524 0.71945 0.71872 0.71402 0.71359 0.71753 0.71604 0.71211 0.71192 0.71537 0.71264 0.70985 0.71212 0.71352 0.70974 0.70774 0.71035 0.71168 0.70867 0.70636 0.70807 0.70918 0.70775 0.70734 0.70612 0.70525 0.70663 0.70775 0.70545 0.70279 0.70434 0.70677 0.70528 0.70161 0.70315 0.70559 0.70285 0.70089 0.70455 0.70440 0.70050 0.70051 0.70318 0.70371 0.70134 0.69972 0.70113 0.70354 0.70168 0.69895 0.70025 0.70315 0.70160 0.69861 0.69978 0.70276 0.70170 0.69863 0.69924 0.70247 0.70224 0.69882 0.69873 0.70267 0.70292 0.69883 0.69872 0.70348 0.70350 0.69923 0.69951 0.70338 0.70151 0.70203 0.70313 0.70131 0.70138 0.70471 0.70381 0.70103 0.70311 0.70617 0.70445 0.70233 0.70416 0.70681 0.70633 0.70467 0.70475 0.70766 0.70860 0.70685 0.70572 0.70800 0.71095 0.70928 0.70731 0.70919 0.71205 0.71223 0.71015 0.70953 0.71371 0.71461 0.71210 0.71262 0.71662 0.71650 0.71403 0.71526 0.71937 0.71934 0.71680 0.71730 0.72129 0.72261 0.72193 0.71971 0.72109 0.72500 0.72541 0.72370 0.72441 0.72659 0.72767 0.72812 0.72855 0.72918 0.73011 0.73158 0.73234 0.73280 0.73332 0.73446 0.73606 0.73625 0.73588 0.73823 0.74039 0.73928 0.73982 0.74274 0.74326 0.74244 0.74649 0.74722 0.74464 0.74611 0.75061 0.75140 0.74882 0.75037 0.75479 0.75533 0.75300 0.75509 0.75918 0.72328 0.64945 0.57922 0.50961 0.43748 0.36392 0.29200 0.22077 0.14807 0.07478 0.03646 0.03284 0.02901 0.02507 0.02125 0.01749 0.01362 0.00971 0.00583 0.00196 0.00000 0.00000 0.00000 0.00000 0.00000 0.00000 0.00000 0.00000 0.00000 0.00000 0.00000 0.00000 0.00000 0.00000 0.00000 0.00000 0.00000 0.00000 0.00000 0.00000 0.00000 0.00000 0.00000 0.00000 0.00000 0.00000 0.00000 0.00000 0.00000 0.00000 0.00000 0.00000 0.00000 0.00000 0.00000 0.00000 0.00000 0.00000 0.00000 0.00000 0.00000 0.00000 0.00000 0.00000 0.00000
0.00000 0.00000 0.00000 0.00000 0.00000 0.00000 0.00000 0.00000 0.00000 0.00000 0.00000 0.00000 0.00000 0.00000 0.00000 0.00000 0.00000 0.00000 0.00000 0.00000 0.00000 0.00000 0.00000 0.00000 0.00000 0.00000 0.00000 0.00000 0.00000 0.00000 0.00000 0.00000 0.00000 0.00000 0.00000 0.00000 0.00000 0.00000 0.00000 0.00000 0.00000 0.00000 0.00000 0.00000 0.00000 0.00000 0.00000 0.00000 0.00000 0.00000 0.00000 0.00000 0.00000 0.00000 0.00000 0.03660 0.10969 0.18338 0.25660 0.32810 0.40048 0.47425 0.54671 0.61751 0.68960 0.72757 0.73040 0.73324 0.73708 0.73880 0.74124 0.74590 0.74963 0.74998 0.75248 0.75604 0.75547 0.75222 0.75219 0.75200 0.75014 0.75003 0.75183 0.74821 0.74619 0.74797 0.74872 0.74507 0.74309 0.74492 0.74485 0.74165 0.74086 0.74206 0.73921 0.73849 0.74106 0.73892 0.73575 0.73676 0.73808 0.73537 0.73298 0.73409 0.73503 0.73309 0.73033 0.73037 0.73099 0.73177 0.72964 0.72680 0.72764 0.72969 0.72713 0.72403 0.72512 0.72705 0.72471 0.72154 0.72253 0.72446 0.72276 0.71927 0.71968 0.72160 0.72066 0.71779 0.71767 0.71815 0.71726 0.71722 0.71838 0.71464 0.71366 0.71587 0.71630 0.71169 0.71184 0.71470 0.71368 0.70954 0.71048 0.71348 0.71111 0.70777 0.70969 0.71161 0.70803 0.70601 0.71017 0.71001 0.70532 0.70463 0.70903 0.70922 0.70447 0.70399 0.70707 0.70749 0.70344 0.70247 0.70607 0.70635 0.70216 0.70192 0.70555 0.70315 0.70112 0.70500 0.70499 0.70019 0.70062 0.70468 0.70385 0.69955 0.70100 0.70424 0.70278 0.69921 0.70068 0.70392 0.70258 0.69905 0.70022 0.70364 0.70275 0.69924 0.70000 0.70324 0.70290 0.70004 0.70047 0.70266 0.70257 0.70156 0.70234 0.70149 0.70100 0.70405 0.70495 0.70023 0.70104 0.70532 0.70466 0.70123 0.70335 0.70642 0.70405 0.70221 0.70590 0.70753 0.70397 0.70345 0.70836 0.70876 0.70495 0.70516 0.70884 0.70987 0.70962 0.70771 0.70706 0.71002 0.71227 0.71151 0.70913 0.71008 0.71367 0.71426 0.71273 0.71241 0.71350 0.71584 0.71652 0.71582 0.71544 0.71724 0.71900 0.71902 0.71858 0.71983 0.72059 0.72082 0.72272 0.72380 0.72169 0.72231 0.72677 0.72738 0.72407 0.72493 0.72983 0.73075 0.72759 0.72818 0.73300 0.73370 0.73078 0.73182 0.73647 0.73683 0.73389 0.73595 0.73982 0.73857 0.73773 0.74179 0.74313 0.74112 0.74223 0.74595 0.74623 0.74723 0.74691 0.74480 0.74411 0.74273 0.73810 0.73378 0.73330 0.73168 0.72691 0.72318 0.72269 0.68606 0.61329 0.54164 0.47106 0.39928 0.32694 0.25443 0.18191 0.10953 0.03660 0.00000 0.00000 0.00000 0.00000 0.00000 0.00000 0.00000 0.00000 0.00000 0.00000 0.00000 0.00000 0.00000 0.00000 0.00000 0.00000 0.00000 0.00000 0.00000 0.00000 0.00000 0.00000 0.00000 0.00000 0.00000 0.00000 0.00000 0.00000 0.00000 0.00000 0.00000 0.00000 0.00000 0.00000 0.00000 0.00000 0.00000 0.00000 0.00000 0.00000 0.00000 0.00000 0.00000 0.00000 0.00000 0.00000 0.00000 0.00000 0.00000 0.00000 0.00000 0.00000 0.00000 0.00000 0.00000
0.00000 0.00000 0.00000 0.00000 0.00000 0.00000 0.00000 0.00000 0.00000 0.00000 0.00000 0.00000 0.00000 0.00000 0.00000 0.00000 0.00000 0.00000 0.00000 0.00000 0.00000 0.00000 0.00000 0.00000 0.00000 0.00000 0.00000 0.00000 0.00000 0.00000 0.00000 0.00000 0.00000 0.00000 0.00000 0.00000 0.00000 0.00000 0.00000 0.00000 0.00000 0.00000 0.00000 0.00000 0.00000 0.00000 0.00000 0.00000 0.00000 0.00000 0.00000 0.00000 0.00000 0.00000 0.00000 0.03278 0.09865 0.16433 0.22880 0.29389 0.35995 0.42472 0.48824 0.55339 0.61861 0.65549 0.66538 0.67755 0.68794 0.69736 0.70857 0.72069 0.72975 0.73900 0.75141 0.75728 0.75431 0.75315 0.75370 0.75229 0.75134 0.75278 0.75015 0.74797 0.74894 0.75019 0.74708 0.74477 0.74583 0.74613 0.74396 0.74274 0.74307 0.74069 0.74075 0.74216 0.73993 0.73744 0.73844 0.73936 0.73594 0.73481 0.73649 0.73609 0.73306 0.73188 0.73336 0.73351 0.73170 0.72884 0.72941 0.73067 0.73033 0.72649 0.72590 0.72832 0.72820 0.72414 0.72308 0.72578 0.72584 0.72212 0.72044 0.72302 0.72356 0.72006 0.71798 0.72054 0.72129 0.71742 0.71659 0.71989 0.71824 0.71477 0.71511 0.71780 0.71542 0.71248 0.71360 0.71605 0.71287 0.71029 0.71245 0.71417 0.71109 0.70841 0.71068 0.71211 0.70936 0.70790 0.70930 0.70896 0.70683 0.70909 0.70881 0.70552 0.70493 0.70858 0.70860 0.70407 0.70384 0.70735 0.70694 0.70335 0.70352 0.70591 0.70411 0.70303 0.70515 0.70484 0.70264 0.70234 0.70358 0.70518 0.70277 0.70093 0.70266 0.70515 0.70254 0.70022 0.70221 0.70469 0.70246 0.70004 0.70168 0.70436 0.70295 0.70017 0.70094 0.70427 0.70393 0.70034 0.70038 0.70471 0.70489 0.70035 0.70060 0.70521 0.70453 0.70215 0.70304 0.70328 0.70300 0.70559 0.70483 0.70218 0.70410 0.70717 0.70523 0.70309 0.70563 0.70802 0.70643 0.70514 0.70641 0.70800 0.70861 0.70851 0.70705 0.70666 0.71121 0.71083 0.70781 0.70915 0.71304 0.71281 0.71029 0.71053 0.71410 0.71553 0.71270 0.71221 0.71682 0.71746 0.71426 0.71510 0.71969 0.71979 0.71648 0.71751 0.72192 0.72272 0.72014 0.71979 0.72131 0.72545 0.72566 0.72307 0.72340 0.72721 0.72866 0.72744 0.72738 0.72929 0.73069 0.73128 0.73173 0.73278 0.73307 0.73384 0.73558 0.73688 0.73599 0.73662 0.73998 0.74014 0.73841 0.74100 0.74424 0.74292 0.74307 0.74587 0.74615 0.74592 0.74923 0.74482 0.73151 0.72159 0.71430 0.70368 0.69028 0.68065 0.67306 0.66184 0.64872 0.61281 0.55106 0.48637 0.42052 0.35670 0.29339 0.22851 0.16278 0.09775 0.03279 0.00000 0.00000 0.00000 0.00000 0.00000 0.00000 0.00000 0.00000 0.00000 0.00000 0.00000 0.00000 0.00000 0.00000 0.00000 0.00000 0.00000 0.00000 0.00000 0.00000 0.00000 0.00000 0.00000 0.00000 0.00000 0.00000 0.00000 0.00000 0.00000 0.00000 0.00000 0.00000 0.00000 0.00000 0.00000 0.00000 0.00000 0.00000 0.00000 0.00000 0.00000 0.00000 0.00000 0.00000 0.00000 0.00000 0.00000 0.00000 0.00000 0.00000 0.00000 0.00000 0.00000 0.00000 0.00000
0.00000 0.00000 0.00000 0.00000 0.00000 0.00000 0.00000 0.00000 0.00000 0.00000 0.00000 0.00000 0.00000 0.00000 0.00000 0.00000 0.00000 0.00000 0.00000 0.00000 0.00000 0.00000 0.00000 0.00000 0.00000 0.00000 0.00000 0.00000 0.00000 0.00000 0.00000 0.00000 0.00000 0.00000 0.00000 0.00000 0.00000 0.00000 0.00000 0.00000 0.00000 0.00000 0.00000 0.00000 0.00000 0.00000 0.00000 0.00000 0.00000 0.00000 0.00000 0.00000 0.00000 0.00000 0.00000 0.02909 0.08722 0.14445 0.20196 0.26057 0.31803 0.37401 0.43132 0.48972 0.54619 0.58255 0.60208 0.62097 0.63828 0.65640 0.67617 0.69366 0.71061 0.72993 0.74920 0.75620 0.75464 0.75515 0.75427 0.75301 0.75365 0.75158 0.74990 0.75048 0.75158 0.74845 0.74602 0.74752 0.74813 0.74526 0.74411 0.74463 0.74295 0.74187 0.74328 0.74187 0.73878 0.73912 0.74126 0.73859 0.73550 0.73695 0.73832 0.73560 0.73258 0.73381 0.73506 0.73390 0.73050 0.73004 0.73123 0.73232 0.72923 0.72689 0.72809 0.72991 0.72720 0.72438 0.72535 0.72729 0.72540 0.72200 0.72236 0.72452 0.72383 0.72012 0.71909 0.72108 0.72167 0.71976 0.71875 0.71720 0.71665 0.71892 0.71915 0.71428 0.71411 0.71721 0.71651 0.71212 0.71283 0.71576 0.71385 0.71030 0.71158 0.71403 0.71126 0.70849 0.71124 0.71239 0.70791 0.70687 0.71128 0.71064 0.70611 0.70712 0.70981 0.70843 0.70515 0.70587 0.70863 0.70741 0.70386 0.70407 0.70786 0.70600 0.70276 0.70618 0.70726 0.70214 0.70209 0.70650 0.70634 0.70133 0.70267 0.70599 0.70434 0.70087 0.70296 0.70562 0.70381 0.70057 0.70232 0.70540 0.70398 0.70048 0.70187 0.70524 0.70421 0.70091 0.70195 0.70480 0.70419 0.70235 0.70296 0.70346 0.70320 0.70497 0.70557 0.70186 0.70193 0.70663 0.70627 0.70230 0.70425 0.70748 0.70528 0.70322 0.70655 0.70847 0.70523 0.70440 0.70890 0.70970 0.70560 0.70573 0.71047 0.71103 0.70804 0.70770 0.70879 0.71170 0.71238 0.71113 0.70978 0.71123 0.71437 0.71463 0.71237 0.71263 0.71519 0.71646 0.71587 0.71600 0.71648 0.71726 0.71874 0.71976 0.71904 0.71855 0.72081 0.72304 0.72255 0.72052 0.72219 0.72433 0.72654 0.72565 0.72408 0.72582 0.72986 0.73024 0.72731 0.72804 0.73280 0.73366 0.73080 0.73135 0.73643 0.73667 0.73366 0.73507 0.73965 0.73955 0.73706 0.73971 0.74311 0.74170 0.74095 0.74473 0.74647 0.74566 0.74550 0.74602 0.74968 0.74216 0.72201 0.70291 0.68756 0.67075 0.65065 0.63173 0.61587 0.59816 0.57833 0.54095 0.48609 0.42939 0.37205 0.31527 0.25852 0.20143 0.14418 0.08657 0.02884 0.00000 0.00000 0.00000 0.00000 0.00000 0.00000 0.00000 0.00000 0.00000 0.00000 0.00000 0.00000 0.00000 0.00000 0.00000 0.00000 0.00000 0.00000 0.00000 0.00000 0.00000 0.00000 0.00000 0.00000 0.00000 0.00000 0.00000 0.00000 0.00000 0.00000 0.00000 0.00000 0.00000 0.00000 0.00000 0.00000 0.00000 0.00000 0.00000 0.00000 0.00000 0.00000 0.00000 0.00000 0.00000 0.00000 0.00000 0.00000 0.00000 0.00000 0.00000 0.00000 0.00000 0.00000 0.00000
0.00000 0.00000 0.00000 0.00000 0.00000 0.00000 0.00000 0.00000 0.00000 0.00000 0.00000 0.00000 0.00000 0.00000 0.00000 0.00000 0.00000 0.00000 0.00000 0.00000 0.00000 0.00000 0.00000 0.00000 0.00000 0.00000 0.00000 0.00000 0.00000 0.00000 0.00000 0.00000 0.00000 0.00000 0.00000 0.00000 0.00000 0.00000 0.00000 0.00000 0.00000 0.00000 0.00000 0.00000 0.00000 0.00000 0.00000 0.00000 0.00000 0.00000 0.00000 0.00000 0.00000 0.00000 0.00000 0.02525 0.07532 0.12530 0.17601 0.22596 0.27483 0.32477 0.37551 0.42432 0.47254 0.51155 0.53854 0.56324 0.58863 0.61658 0.64260 0.66652 0.69284 0.72044 0.74530 0.75602 0.75651 0.75637 0.75474 0.75426 0.75344 0.75194 0.75158 0.75269 0.75041 0.74785 0.74845 0.74944 0.74741 0.74633 0.74546 0.74403 0.74422 0.74473 0.74276 0.74014 0.74131 0.74260 0.73935 0.73711 0.73909 0.73962 0.73586 0.73430 0.73657 0.73674 0.73355 0.73125 0.73304 0.73384 0.73243 0.72898 0.72914 0.73099 0.73081 0.72675 0.72598 0.72836 0.72860 0.72495 0.72327 0.72547 0.72625 0.72327 0.72063 0.72201 0.72407 0.72172 0.71916 0.71826 0.72082 0.71962 0.71824 0.71938 0.71770 0.71532 0.71639 0.71848 0.71558 0.71282 0.71454 0.71665 0.71382 0.71088 0.71287 0.71470 0.71191 0.70937 0.71181 0.71231 0.70908 0.70985 0.71140 0.70882 0.70660 0.71012 0.71092 0.70667 0.70539 0.70901 0.70963 0.70596 0.70433 0.70737 0.70831 0.70570 0.70335 0.70573 0.70573 0.70553 0.70515 0.70524 0.70435 0.70342 0.70491 0.70712 0.70366 0.70197 0.70465 0.70656 0.70321 0.70154 0.70431 0.70620 0.70342 0.70153 0.70359 0.70599 0.70441 0.70168 0.70268 0.70618 0.70597 0.70177 0.70208 0.70660 0.70642 0.70242 0.70370 0.70587 0.70480 0.70613 0.70592 0.70350 0.70504 0.70820 0.70643 0.70408 0.70676 0.70910 0.70692 0.70567 0.70799 0.70939 0.70865 0.70866 0.70860 0.70829 0.71126 0.71228 0.70892 0.70879 0.71383 0.71378 0.71038 0.71102 0.71491 0.71599 0.71318 0.71263 0.71706 0.71826 0.71469 0.71493 0.71997 0.72051 0.71667 0.71748 0.72197 0.72308 0.71981 0.71995 0.72337 0.72563 0.72447 0.72291 0.72367 0.72759 0.72880 0.72696 0.72641 0.72933 0.73190 0.73126 0.73086 0.73199 0.73321 0.73453 0.73507 0.73619 0.73596 0.73650 0.73896 0.74022 0.73878 0.73979 0.74350 0.74335 0.74166 0.74440 0.74758 0.74616 0.74605 0.74923 0.74943 0.73628 0.71271 0.68774 0.66015 0.63481 0.61164 0.58537 0.55741 0.53260 0.50858 0.47042 0.42004 0.37179 0.32368 0.27408 0.22380 0.17432 0.12516 0.07526 0.02504 0.00000 0.00000 0.00000 0.00000 0.00000 0.00000 0.00000 0.00000 0.00000 0.00000 0.00000 0.00000 0.00000 0.00000 0.00000 0.00000 0.00000 0.00000 0.00000 0.00000 0.00000 0.00000 0.00000 0.00000 0.00000 0.00000 0.00000 0.00000 0.00000 0.00000 0.00000 0.00000 0.00000 0.00000 0.00000 0.00000 0.00000 0.00000 0.00000 0.00000 0.00000 0.00000 0.00000 0.00000 0.00000 0.00000 0.00000 0.00000 0.00000 0.00000 0.00000 0.00000 0.00000 0.00000 0.00000
0.00000 0.00000 0.00000 0.00000 0.00000 0.00000 0.00000 0.00000 0.00000 0.00000 0.00000 0.00000 0.00000 0.00000 0.00000 0.00000 0.00000 0.00000 0.00000 0.00000 0.00000 0.00000 0.00000 0.00000 0.00000 0.00000 0.00000 0.00000 0.00000 0.00000 0.00000 0.00000 0.00000 0.00000 0.00000 0.00000 0.00000 0.00000 0.00000 0.00000 0.00000 0.00000 0.00000 0.00000 0.00000 0.00000 0.00000 0.00000 0.00000 0.00000 0.00000 0.00000 0.00000 0.00000 0.00000 0.02128 0.06374 0.10665 0.14913 0.19063 0.23277 0.27604 0.31776 0.35849 0.40090 0.43995 0.47290 0.50577 0.54108 0.57539 0.60734 0.64081 0.67608 0.70913 0.74078 0.75792 0.75817 0.75652 0.75522 0.75495 0.75396 0.75321 0.75360 0.75187 0.75005 0.75008 0.75049 0.74882 0.74801 0.74705 0.74616 0.74553 0.74582 0.74440 0.74204 0.74238 0.74382 0.74150 0.73866 0.73982 0.74106 0.73834 0.73570 0.73715 0.73819 0.73587 0.73304 0.73360 0.73478 0.73450 0.73139 0.72991 0.73122 0.73266 0.72971 0.72714 0.72796 0.73014 0.72814 0.72473 0.72488 0.72750 0.72663 0.72254 0.72164 0.72433 0.72462 0.72163 0.71912 0.72019 0.72094 0.72160 0.72088 0.71688 0.71627 0.71999 0.71945 0.71467 0.71510 0.71807 0.71650 0.71289 0.71394 0.71630 0.71402 0.71106 0.71290 0.71480 0.71112 0.70926 0.71282 0.71288 0.70814 0.70911 0.71221 0.70994 0.70695 0.70895 0.71107 0.70843 0.70580 0.70738 0.71004 0.70751 0.70473 0.70690 0.70895 0.70449 0.70405 0.70817 0.70795 0.70318 0.70393 0.70779 0.70598 0.70271 0.70559 0.70722 0.70473 0.70242 0.70467 0.70684 0.70512 0.70218 0.70382 0.70684 0.70547 0.70211 0.70362 0.70692 0.70552 0.70280 0.70422 0.70616 0.70503 0.70584 0.70590 0.70358 0.70367 0.70791 0.70784 0.70357 0.70502 0.70860 0.70639 0.70430 0.70765 0.70954 0.70627 0.70543 0.70959 0.71055 0.70662 0.70665 0.71155 0.71197 0.70786 0.70813 0.71151 0.71315 0.71177 0.71083 0.71106 0.71279 0.71459 0.71475 0.71285 0.71319 0.71624 0.71709 0.71548 0.71612 0.71779 0.71769 0.71808 0.72006 0.72015 0.71851 0.72029 0.72338 0.72317 0.72043 0.72216 0.72601 0.72659 0.72372 0.72418 0.72766 0.72987 0.72832 0.72712 0.72941 0.73257 0.73347 0.73085 0.73104 0.73552 0.73641 0.73405 0.73458 0.73950 0.73962 0.73672 0.73847 0.74278 0.74238 0.74035 0.74330 0.74634 0.74511 0.74439 0.74739 0.74967 0.74999 0.74893 0.73276 0.70233 0.67017 0.63475 0.60088 0.56989 0.53723 0.50189 0.46830 0.43620 0.39835 0.35616 0.31498 0.27388 0.23174 0.18985 0.14800 0.10574 0.06352 0.02126 0.00000 0.00000 0.00000 0.00000 0.00000 0.00000 0.00000 0.00000 0.00000 0.00000 0.00000 0.00000 0.00000 0.00000 0.00000 0.00000 0.00000 0.00000 0.00000 0.00000 0.00000 0.00000 0.00000 0.00000 0.00000 0.00000 0.00000 0.00000 0.00000 0.00000 0.00000 0.00000 0.00000 0.00000 0.00000 0.00000 0.00000 0.00000 0.00000 0.00000 0.00000 0.00000 0.00000 0.00000 0.00000 0.00000 0.00000 0.00000 0.00000 0.00000 0.00000 0.00000 0.00000 0.00000 0.00000
0.00000 0.00000 0.00000 0.00000 0.00000 0.00000 0.00000 0.00000 0.00000 0.00000 0.00000 0.00000 0.00000 0.00000 0.00000 0.00000 0.00000 0.00000 0.00000 0.00000 0.00000 0.00000 0.00000 0.00000 0.00000 0.00000 0.00000 0.00000 0.00000 0.00000 0.00000 0.00000 0.00000 0.00000 0.00000 0.00000 0.00000 0.00000 0.00000 0.00000 0.00000 0.00000 0.00000 0.00000 0.00000 0.00000 0.00000 0.00000 0.00000 0.00000 0.00000 0.00000 0.00000 0.00000 0.00000 0.01742 0.05243 0.08734 0.12162 0.15619 0.19153 0.22575 0.25934 0.29419 0.32940 0.36637 0.40724 0.45039 0.49269 0.53223 0.57310 0.61660 0.65794 0.69664 0.73807 0.76003 0.75861 0.75636 0.75644 0.75598 0.75467 0.75454 0.75375 0.75210 0.75114 0.75144 0.75085 0.74997 0.74789 0.74696 0.74776 0.74770 0.74509 0.74297 0.74474 0.74535 0.74223 0.73992 0.74204 0.74254 0.73890 0.73708 0.73957 0.73979 0.73594 0.73427 0.73657 0.73702 0.73408 0.73173 0.73277 0.73388 0.73299 0.72958 0.72907 0.73084 0.73121 0.72780 0.72616 0.72784 0.72893 0.72632 0.72343 0.72434 0.72658 0.72495 0.72114 0.72063 0.72393 0.72337 0.72088 0.71974 0.72006 0.71915 0.71947 0.72052 0.71783 0.71545 0.71713 0.71911 0.71639 0.71341 0.71501 0.71720 0.71475 0.71171 0.71375 0.71511 0.71213 0.71100 0.71355 0.71223 0.70918 0.71139 0.71322 0.70957 0.70773 0.71056 0.71173 0.70870 0.70640 0.70879 0.71061 0.70846 0.70536 0.70689 0.70929 0.70848 0.70585 0.70523 0.70672 0.70830 0.70668 0.70576 0.70523 0.70415 0.70684 0.70793 0.70429 0.70319 0.70676 0.70793 0.70402 0.70296 0.70635 0.70768 0.70459 0.70305 0.70555 0.70770 0.70595 0.70314 0.70462 0.70802 0.70798 0.70337 0.70498 0.70808 0.70625 0.70541 0.70730 0.70601 0.70583 0.70923 0.70806 0.70526 0.70753 0.71002 0.70792 0.70656 0.70930 0.71062 0.70893 0.70879 0.71022 0.71019 0.71116 0.71233 0.71051 0.70960 0.71427 0.71479 0.71087 0.71125 0.71596 0.71663 0.71350 0.71318 0.71746 0.71877 0.71524 0.71518 0.72032 0.72091 0.71694 0.71757 0.72218 0.72317 0.71995 0.72023 0.72386 0.72546 0.72348 0.72320 0.72529 0.72754 0.72774 0.72686 0.72692 0.72935 0.73168 0.73118 0.73011 0.73126 0.73318 0.73523 0.73507 0.73433 0.73551 0.73812 0.73845 0.73855 0.73890 0.74001 0.74251 0.74280 0.74170 0.74360 0.74697 0.74614 0.74495 0.74810 0.75071 0.74929 0.74960 0.73200 0.69143 0.64943 0.60986 0.56964 0.52749 0.48661 0.44712 0.40522 0.36267 0.32581 0.29264 0.25825 0.22358 0.18965 0.15572 0.12136 0.08658 0.05193 0.01738 0.00000 0.00000 0.00000 0.00000 0.00000 0.00000 0.00000 0.00000 0.00000 0.00000 0.00000 0.00000 0.00000 0.00000 0.00000 0.00000 0.00000 0.00000 0.00000 0.00000 0.00000 0.00000 0.00000 0.00000 0.00000 0.00000 0.00000 0.00000 0.00000 0.00000 0.00000 0.00000 0.00000 0.00000 0.00000 0.00000 0.00000 0.00000 0.00000 0.00000 0.00000 0.00000 0.00000 0.00000 0.00000 0.00000 0.00000 0.00000 0.00000 0.00000 0.00000 0.00000 0.00000 0.00000 0.00000
0.00000 0.00000 0.00000 0.00000 0.00000 0.00000 0.00000 0.00000 0.00000 0.00000 0.00000 0.00000 0.00000 0.00000 0.00000 0.00000 0.00000 0.00000 0.00000 0.00000 0.00000 0.00000 0.00000 0.00000 0.00000 0.00000 0.00000 0.00000 0.00000 0.00000 0.00000 0.00000 0.00000 0.00000 0.00000 0.00000 0.00000 0.00000 0.00000 0.00000 0.00000 0.00000 0.00000 0.00000 0.00000 0.00000 0.00000 0.00000 0.00000 0.00000 0.00000 0.00000 0.00000 0.00000 0.00000 0.01363 0.04085 0.06770 0.09463 0.12217 0.14903 0.17518 0.20209 0.22974 0.25590 0.29316 0.34354 0.39386 0.44186 0.49031 0.54120 0.59064 0.63742 0.68630 0.73693 0.76034 0.75777 0.75801 0.75794 0.75630 0.75538 0.75538 0.75426 0.75271 0.75244 0.75238 0.75174 0.74944 0.74798 0.74919 0.74927 0.74661 0.74478 0.74603 0.74652 0.74400 0.74182 0.74308 0.74365 0.74110 0.73896 0.74034 0.74083 0.73824 0.73633 0.73725 0.73786 0.73620 0.73402 0.73338 0.73443 0.73498 0.73227 0.72998 0.73085 0.73295 0.73075 0.72743 0.72728 0.73038 0.72923 0.72509 0.72425 0.72759 0.72729 0.72333 0.72183 0.72363 0.72433 0.72358 0.72171 0.71965 0.71936 0.72267 0.72204 0.71709 0.71725 0.72066 0.71924 0.71535 0.71644 0.71862 0.71652 0.71370 0.71523 0.71702 0.71401 0.71173 0.71456 0.71557 0.71096 0.71064 0.71421 0.71300 0.70900 0.71098 0.71327 0.71032 0.70791 0.71019 0.71206 0.70910 0.70707 0.70916 0.71057 0.70742 0.70663 0.70957 0.70877 0.70523 0.70698 0.70964 0.70615 0.70455 0.70849 0.70893 0.70490 0.70437 0.70735 0.70819 0.70599 0.70425 0.70594 0.70797 0.70672 0.70399 0.70529 0.70828 0.70692 0.70390 0.70560 0.70857 0.70658 0.70528 0.70670 0.70570 0.70580 0.70900 0.70837 0.70488 0.70563 0.70956 0.70756 0.70564 0.70910 0.71063 0.70698 0.70643 0.71067 0.71151 0.70760 0.70769 0.71235 0.71272 0.70844 0.70892 0.71336 0.71428 0.71102 0.71083 0.71300 0.71468 0.71436 0.71465 0.71389 0.71409 0.71657 0.71772 0.71585 0.71631 0.71864 0.71833 0.71775 0.72026 0.72125 0.71876 0.71959 0.72362 0.72414 0.72065 0.72170 0.72641 0.72704 0.72333 0.72412 0.72890 0.72991 0.72673 0.72708 0.73111 0.73245 0.73070 0.73085 0.73341 0.73459 0.73500 0.73479 0.73454 0.73774 0.73916 0.73742 0.73785 0.74185 0.74259 0.73996 0.74212 0.74574 0.74516 0.74378 0.74706 0.74940 0.74822 0.74799 0.75081 0.75287 0.72850 0.67911 0.63126 0.58456 0.53640 0.48626 0.43767 0.39008 0.34061 0.29107 0.25379 0.22782 0.20069 0.17413 0.14789 0.12120 0.09415 0.06749 0.04060 0.01350 0.00000 0.00000 0.00000 0.00000 0.00000 0.00000 0.00000 0.00000 0.00000 0.00000 0.00000 0.00000 0.00000 0.00000 0.00000 0.00000 0.00000 0.00000 0.00000 0.00000 0.00000 0.00000 0.00000 0.00000 0.00000 0.00000 0.00000 0.00000 0.00000 0.00000 0.00000 0.00000 0.00000 0.00000 0.00000 0.00000 0.00000 0.00000 0.00000 0.00000 0.00000 0.00000 0.00000 0.00000 0.00000 0.00000 0.00000 0.00000 0.00000 0.00000 0.00000 0.00000 0.00000 0.00000 0.00000
0.00000 0.00000 0.00000 0.00000 0.00000 0.00000 0.00000 0.00000 0.00000 0.00000 0.00000 0.00000 0.00000 0.00000 0.00000 0.00000 0.00000 0.00000 0.00000 0.00000 0.00000 0.00000 0.00000 0.00000 0.00000 0.00000 0.00000 0.00000 0.00000 0.00000 0.00000 0.00000 0.00000 0.00000 0.00000 0.00000 0.00000 0.00000 0.00000 0.00000 0.00000 0.00000 0.00000 0.00000 0.00000 0.00000 0.00000 0.00000 0.00000 0.00000 0.00000 0.00000 0.00000 0.00000 0.00000 0.00975 0.02911 0.04840 0.06796 0.08727 0.10614 0.12540 0.14512 0.16386 0.18241 0.22122 0.27928 0.33538 0.39177 0.45054 0.50791 0.56235 0.61865 0.67770 0.73392 0.75902 0.75901 0.75992 0.75823 0.75645 0.75697 0.75626 0.75407 0.75364 0.75433 0.75329 0.75044 0.74926 0.75127 0.75109 0.74736 0.74573 0.74833 0.74826 0.74465 0.74290 0.74544 0.74533 0.74174 0.74009 0.74264 0.74251 0.73870 0.73744 0.73983 0.73984 0.73616 0.73474 0.73650 0.73692 0.73471 0.73244 0.73257 0.73368 0.73349 0.73071 0.72914 0.73026 0.73156 0.72931 0.72632 0.72682 0.72916 0.72785 0.72347 0.72341 0.72678 0.72622 0.72271 0.72098 0.72305 0.72333 0.72227 0.72188 0.71991 0.71845 0.72015 0.72161 0.71855 0.71600 0.71752 0.71964 0.71741 0.71430 0.71555 0.71765 0.71539 0.71298 0.71505 0.71524 0.71224 0.71277 0.71527 0.71249 0.70998 0.71221 0.71402 0.71144 0.70872 0.71021 0.71269 0.71134 0.70756 0.70821 0.71152 0.71110 0.70720 0.70660 0.70949 0.71064 0.70799 0.70570 0.70732 0.70830 0.70868 0.70804 0.70582 0.70539 0.70887 0.70934 0.70508 0.70450 0.70873 0.70933 0.70509 0.70449 0.70839 0.70920 0.70567 0.70456 0.70798 0.70944 0.70616 0.70469 0.70775 0.70969 0.70652 0.70529 0.70897 0.70986 0.70653 0.70770 0.70990 0.70706 0.70798 0.71047 0.70942 0.70786 0.71029 0.71146 0.70957 0.70944 0.71167 0.71173 0.71116 0.71223 0.71235 0.71117 0.71396 0.71532 0.71227 0.71179 0.71691 0.71731 0.71390 0.71364 0.71794 0.71928 0.71609 0.71565 0.72073 0.72126 0.71731 0.71798 0.72248 0.72304 0.72015 0.72094 0.72422 0.72490 0.72323 0.72417 0.72640 0.72692 0.72665 0.72746 0.72827 0.72907 0.73060 0.73128 0.73055 0.73087 0.73313 0.73530 0.73563 0.73324 0.73417 0.73877 0.73862 0.73642 0.73850 0.74155 0.74182 0.74080 0.74183 0.74400 0.74622 0.74526 0.74461 0.74758 0.75045 0.74894 0.74817 0.75188 0.75423 0.72428 0.66788 0.61449 0.55899 0.50121 0.44515 0.38976 0.33253 0.27593 0.21936 0.18154 0.16233 0.14364 0.12471 0.10570 0.08650 0.06735 0.04821 0.02904 0.00968 0.00000 0.00000 0.00000 0.00000 0.00000 0.00000 0.00000 0.00000 0.00000 0.00000 0.00000 0.00000 0.00000 0.00000 0.00000 0.00000 0.00000 0.00000 0.00000 0.00000 0.00000 0.00000 0.00000 0.00000 0.00000 0.00000 0.00000 0.00000 0.00000 0.00000 0.00000 0.00000 0.00000 0.00000 0.00000 0.00000 0.00000 0.00000 0.00000 0.00000 0.00000 0.00000 0.00000 0.00000 0.00000 0.00000 0.00000 0.00000 0.00000 0.00000 0.00000 0.00000 0.00000 0.00000 0.00000
0.00000 0.00000 0.00000 0.00000 0.00000 0.00000 0.00000 0.00000 0.00000 0.00000 0.00000 0.00000 0.00000 0.00000 0.00000 0.00000 0.00000 0.00000 0.00000 0.00000 0.00000 0.00000 0.00000 0.00000 0.00000 0.00000 0.00000 0.00000 0.00000 0.00000 0.00000 0.00000 0.00000 0.00000 0.00000 0.00000 0.00000 0.00000 0.00000 0.00000 0.00000 0.00000 0.00000 0.00000 0.00000 0.00000 0.00000 0.00000 0.00000 0.00000 0.00000 0.00000 0.00000 0.00000 0.00000 0.00583 0.01747 0.02920 0.04083 0.05221 0.06374 0.07563 0.08703 0.09814 0.10977 0.14862 0.21336 0.27772 0.34374 0.40910 0.47203 0.53605 0.60256 0.66673 0.72831 0.76062 0.76169 0.75992 0.75767 0.75872 0.75816 0.75552 0.75477 0.75609 0.75508 0.75193 0.75069 0.75284 0.75266 0.74881 0.74721 0.74977 0.74974 0.74616 0.74472 0.74679 0.74649 0.74356 0.74209 0.74371 0.74335 0.74085 0.73965 0.74066 0.74047 0.73833 0.73716 0.73720 0.73741 0.73668 0.73496 0.73323 0.73397 0.73539 0.73332 0.73014 0.73022 0.73322 0.73182 0.72771 0.72692 0.73059 0.72997 0.72554 0.72455 0.72731 0.72727 0.72496 0.72332 0.72275 0.72328 0.72501 0.72377 0.71970 0.71953 0.72325 0.72214 0.71764 0.71900 0.72115 0.71885 0.71617 0.71793 0.71915 0.71643 0.71448 0.71684 0.71788 0.71380 0.71251 0.71626 0.71620 0.71140 0.71225 0.71541 0.71325 0.71004 0.71229 0.71394 0.71115 0.70972 0.71148 0.71188 0.70965 0.70952 0.71113 0.70994 0.70770 0.70970 0.71136 0.70767 0.70635 0.71037 0.71083 0.70591 0.70617 0.70997 0.70976 0.70664 0.70630 0.70829 0.70906 0.70784 0.70625 0.70703 0.70905 0.70844 0.70607 0.70686 0.70932 0.70829 0.70629 0.70768 0.70854 0.70776 0.70934 0.70870 0.70631 0.70779 0.71036 0.70843 0.70715 0.71070 0.71161 0.70721 0.70744 0.71205 0.71263 0.70834 0.70869 0.71329 0.71348 0.70931 0.70993 0.71459 0.71497 0.71094 0.71127 0.71495 0.71656 0.71389 0.71434 0.71537 0.71522 0.71648 0.71840 0.71682 0.71636 0.71882 0.71940 0.71826 0.72052 0.72175 0.71909 0.71952 0.72387 0.72468 0.72091 0.72157 0.72657 0.72729 0.72352 0.72431 0.72938 0.72982 0.72636 0.72740 0.73189 0.73226 0.72961 0.73101 0.73467 0.73404 0.73250 0.73509 0.73642 0.73627 0.73796 0.73883 0.73776 0.73979 0.74240 0.74115 0.74127 0.74439 0.74542 0.74368 0.74615 0.74870 0.74764 0.74743 0.75110 0.75243 0.75089 0.75172 0.72287 0.65970 0.59479 0.53123 0.46849 0.40479 0.33963 0.27570 0.21185 0.14723 0.10867 0.09748 0.08640 0.07505 0.06329 0.05193 0.04056 0.02895 0.01736 0.00582 0.00000 0.00000 0.00000 0.00000 0.00000 0.00000 0.00000 0.00000 0.00000 0.00000 0.00000 0.00000 0.00000 0.00000 0.00000 0.00000 0.00000 0.00000 0.00000 0.00000 0.00000 0.00000 0.00000 0.00000 0.00000 0.00000 0.00000 0.00000 0.00000 0.00000 0.00000 0.00000 0.00000 0.00000 0.00000 0.00000 0.00000 0.00000 0.00000 0.00000 0.00000 0.00000 0.00000 0.00000 0.00000 0.00000 0.00000 0.00000 0.00000 0.00000 0.00000 0.00000 0.00000 0.00000 0.00000
0.00000 0.00000 0.00000 0.00000 0.00000 0.00000 0.00000 0.00000 0.00000 0.00000 0.00000 0.00000 0.00000 0.00000 0.00000 0.00000 0.00000 0.00000 0.00000 0.00000 0.00000 0.00000 0.00000 0.00000 0.00000 0.00000 0.00000 0.00000 0.00000 0.00000 0.00000 0.00000 0.00000 0.00000 0.00000 0.00000 0.00000 0.00000 0.00000 0.00000 0.00000 0.00000 0.00000 0.00000 0.00000 0.00000 0.00000 0.00000 0.00000 0.00000 0.00000 0.00000 0.00000 0.00000 0.00000 0.00194 0.00584 0.00974 0.01358 0.01743 0.02136 0.02519 0.02894 0.03280 0.03676 0.07512 0.14777 0.22138 0.29460 0.36568 0.43755 0.51208 0.58420 0.65333 0.72531 0.76365 0.76207 0.75880 0.75945 0.76015 0.75739 0.75602 0.75788 0.75688 0.75321 0.75244 0.75480 0.75426 0.74977 0.74859 0.75189 0.75154 0.74698 0.74581 0.74907 0.74835 0.74428 0.74314 0.74600 0.74516 0.74148 0.74065 0.74299 0.74237 0.73872 0.73798 0.73994 0.73968 0.73658 0.73538 0.73631 0.73670 0.73539 0.73338 0.73247 0.73319 0.73397 0.73208 0.72926 0.72951 0.73187 0.73069 0.72639 0.72620 0.72936 0.72893 0.72423 0.72342 0.72645 0.72671 0.72440 0.72259 0.72246 0.72245 0.72309 0.72413 0.72045 0.71860 0.72046 0.72203 0.71965 0.71702 0.71771 0.71995 0.71844 0.71551 0.71625 0.71775 0.71584 0.71471 0.71652 0.71512 0.71267 0.71424 0.71637 0.71359 0.71087 0.71229 0.71493 0.71405 0.70977 0.70971 0.71363 0.71360 0.70899 0.70842 0.71209 0.71262 0.70926 0.70779 0.70976 0.71096 0.71020 0.70858 0.70773 0.70818 0.71069 0.71032 0.70658 0.70636 0.71071 0.71089 0.70618 0.70597 0.71060 0.71072 0.70622 0.70609 0.71057 0.71079 0.70629 0.70613 0.71067 0.71114 0.70637 0.70640 0.71070 0.71143 0.70743 0.70685 0.71140 0.71097 0.70852 0.70970 0.71114 0.70987 0.71098 0.71179 0.71054 0.71067 0.71285 0.71270 0.71152 0.71259 0.71397 0.71276 0.71341 0.71540 0.71464 0.71293 0.71656 0.71779 0.71480 0.71426 0.71816 0.71976 0.71744 0.71613 0.72059 0.72180 0.71797 0.71831 0.72267 0.72340 0.72050 0.72141 0.72449 0.72472 0.72322 0.72501 0.72708 0.72630 0.72597 0.72868 0.72965 0.72829 0.72956 0.73198 0.73112 0.73041 0.73331 0.73545 0.73467 0.73283 0.73413 0.73869 0.73913 0.73594 0.73766 0.74199 0.74154 0.73928 0.74181 0.74488 0.74537 0.74372 0.74462 0.74780 0.74997 0.74809 0.74767 0.75145 0.75380 0.75191 0.75159 0.71981 0.64970 0.57624 0.50435 0.43518 0.36370 0.29068 0.21848 0.14715 0.07454 0.03633 0.03253 0.02878 0.02498 0.02118 0.01733 0.01352 0.00967 0.00579 0.00194 0.00000 0.00000 0.00000 0.00000 0.00000 0.00000 0.00000 0.00000 0.00000 0.00000 0.00000 0.00000 0.00000 0.00000 0.00000 0.00000 0.00000 0.00000 0.00000 0.00000 0.00000 0.00000 0.00000 0.00000 0.00000 0.00000 0.00000 0.00000 0.00000 0.00000 0.00000 0.00000 0.00000 0.00000 0.00000 0.00000 0.00000 0.00000 0.00000 0.00000 0.00000 0.00000 0.00000 0.00000 0.00000 0.00000 0.00000 0.00000 0.00000 0.00000 0.00000 0.00000 0.00000 0.00000 0.00000
0.00000 0.00000 0.00000 0.00000 0.00000 0.00000 0.00000 0.00000 0.00000 0.00000 0.00000 0.00000 0.00000 0.00000 0.00000 0.00000 0.00000 0.00000 0.00000 0.00000 0.00000 0.00000 0.00000 0.00000 0.00000 0.00000 0.00000 0.00000 0.00000 0.00000 0.00000 0.00000 0.00000 0.00000 0.00000 0.00000 0.00000 0.00000 0.00000 0.00000 0.00000 0.00000 0.00000 0.00000 0.00000 0.00000 0.00000 0.00000 0.00000 0.00000 0.00000 0.00000 0.00000 0.00000 0.00000 0.00000 0.00000 0.00000 0.00000 0.00000 0.00000 0.00000 0.00000 0.00000 0.00000 0.03654 0.10988 0.18329 0.25533 0.32744 0.40160 0.47410 0.54410 0.61620 0.69069 0.72754 0.72800 0.73254 0.73710 0.73825 0.74036 0.74644 0.74911 0.74890 0.75205 0.75659 0.75577 0.75127 0.75012 0.75339 0.75305 0.74835 0.74741 0.75056 0.74971 0.74580 0.74499 0.74741 0.74612 0.74333 0.74280 0.74407 0.74291 0.74086 0.74043 0.74074 0.74005 0.73866 0.73791 0.73704 0.73705 0.73726 0.73585 0.73320 0.73350 0.73580 0.73442 0.73036 0.72992 0.73345 0.73271 0.72805 0.72730 0.73057 0.73018 0.72649 0.72555 0.72648 0.72688 0.72672 0.72486 0.72241 0.72301 0.72575 0.72472 0.72014 0.72171 0.72373 0.72092 0.71844 0.72091 0.72147 0.71844 0.71718 0.71959 0.71969 0.71616 0.71525 0.71858 0.71875 0.71383 0.71355 0.71765 0.71668 0.71215 0.71359 0.71637 0.71393 0.71204 0.71343 0.71307 0.71195 0.71281 0.71298 0.71077 0.71008 0.71266 0.71305 0.70911 0.70834 0.71252 0.71275 0.70770 0.70783 0.71217 0.71163 0.70764 0.70811 0.71070 0.71047 0.70880 0.70839 0.70902 0.70990 0.70988 0.70854 0.70816 0.70967 0.71016 0.70896 0.70849 0.70917 0.70979 0.71019 0.70941 0.70797 0.70969 0.71149 0.70967 0.70839 0.71110 0.71255 0.70860 0.70862 0.71320 0.71376 0.70905 0.70958 0.71435 0.71435 0.71016 0.71093 0.71553 0.71557 0.71149 0.71221 0.71640 0.71706 0.71370 0.71396 0.71697 0.71695 0.71625 0.71897 0.71812 0.71638 0.71862 0.72121 0.71941 0.72057 0.72168 0.71926 0.72017 0.72424 0.72495 0.72115 0.72187 0.72674 0.72762 0.72379 0.72467 0.72929 0.72944 0.72673 0.72843 0.73236 0.73131 0.72943 0.73181 0.73467 0.73319 0.73258 0.73551 0.73810 0.73552 0.73637 0.73906 0.73838 0.73870 0.74194 0.74221 0.74070 0.74277 0.74565 0.74452 0.74315 0.74194 0.73852 0.73429 0.73360 0.73106 0.72568 0.72302 0.72301 0.71961 0.68016 0.61016 0.54078 0.46881 0.39595 0.32500 0.25374 0.18128 0.10849 0.03632 0.00000 0.00000 0.00000 0.00000 0.00000 0.00000 0.00000 0.00000 0.00000 0.00000 0.00000 0.00000 0.00000 0.00000 0.00000 0.00000 0.00000 0.00000 0.00000 0.00000 0.00000 0.00000 0.00000 0.00000 0.00000 0.00000 0.00000 0.00000 0.00000 0.00000 0.00000 0.00000 0.00000 0.00000 0.00000 0.00000 0.00000 0.00000 0.00000 0.00000 0.00000 0.00000 0.00000 0.00000 0.00000 0.00000 0.00000 0.00000 0.00000 0.00000 0.00000 0.00000 0.00000 0.00000 0.00000 0.00000 0.00000 0.00000 0.00000 0.00000 0.00000 0.00000 0.00000 0.00000 0.00000
0.00000 0.00000 0.00000 0.00000 0.00000 0.00000 0.00000 0.00000 0.00000 0.00000 0.00000 0.00000 0.00000 0.00000 0.00000 0.00000 0.00000 0.00000 0.00000 0.00000 0.00000 0.00000 0.00000 0.00000 0.00000 0.00000 0.00000 0.00000 0.00000 0.00000 0.00000 0.00000 0.00000 0.00000 0.00000 0.00000 0.00000 0.00000 0.00000 0.00000 0.00000 0.00000 0.00000 0.00000 0.00000 0.00000 0.00000 0.00000 0.00000 0.00000 0.00000 0.00000 0.00000 0.00000 0.00000 0.00000 0.00000 0.00000 0.00000 0.00000 0.00000 0.00000 0.00000 0.00000 0.00000 0.03283 0.09863 0.16351 0.22830 0.29475 0.35988 0.42267 0.48719 0.55424 0.61842 0.65294 0.66421 0.67781 0.68721 0.69604 0.70942 0.72054 0.72803 0.73847 0.75273 0.75743 0.75262 0.75180 0.75511 0.75471 0.74954 0.74871 0.75250 0.75157 0.74686 0.74602 0.74952 0.74808 0.74412 0.74375 0.74628 0.74486 0.74151 0.74129 0.74314 0.74213 0.73893 0.73847 0.73989 0.73960 0.73719 0.73596 0.73611 0.73645 0.73606 0.73444 0.73244 0.73263 0.73442 0.73340 0.72936 0.72909 0.73214 0.73165 0.72660 0.72622 0.72953 0.72951 0.72585 0.72401 0.72571 0.72685 0.72556 0.72417 0.72265 0.72194 0.72350 0.72408 0.72152 0.71988 0.72043 0.72188 0.72100 0.71837 0.71782 0.71981 0.71940 0.71721 0.71709 0.71739 0.71625 0.71662 0.71786 0.71513 0.71334 0.71540 0.71728 0.71539 0.71182 0.71191 0.71589 0.71542 0.71095 0.71078 0.71439 0.71403 0.71078 0.71034 0.71227 0.71251 0.71156 0.71044 0.70993 0.71054 0.71232 0.71142 0.70837 0.70854 0.71248 0.71231 0.70770 0.70757 0.71239 0.71233 0.70750 0.70764 0.71233 0.71209 0.70752 0.70773 0.71223 0.71239 0.70791 0.70780 0.71211 0.71279 0.70883 0.70819 0.71233 0.71296 0.70965 0.70937 0.71242 0.71236 0.71169 0.71169 0.71164 0.71244 0.71385 0.71316 0.71219 0.71360 0.71515 0.71387 0.71358 0.71569 0.71647 0.71426 0.71496 0.71807 0.71830 0.71523 0.71619 0.72011 0.71929 0.71684 0.71856 0.72221 0.72127 0.71865 0.72150 0.72421 0.72144 0.72133 0.72451 0.72538 0.72350 0.72494 0.72745 0.72685 0.72569 0.72932 0.73056 0.72769 0.72851 0.73260 0.73273 0.73007 0.73338 0.73534 0.73347 0.73271 0.73616 0.73844 0.73876 0.73578 0.73716 0.74175 0.74145 0.73908 0.74163 0.74517 0.74448 0.74266 0.74493 0.74261 0.73236 0.71895 0.70817 0.70068 0.69122 0.67793 0.66674 0.65896 0.64904 0.60964 0.54571 0.48428 0.42044 0.35473 0.29039 0.22736 0.16255 0.09730 0.03246 0.00000 0.00000 0.00000 0.00000 0.00000 0.00000 0.00000 0.00000 0.00000 0.00000 0.00000 0.00000 0.00000 0.00000 0.00000 0.00000 0.00000 0.00000 0.00000 0.00000 0.00000 0.00000 0.00000 0.00000 0.00000 0.00000 0.00000 0.00000 0.00000 0.00000 0.00000 0.00000 0.00000 0.00000 0.00000 0.00000 0.00000 0.00000 0.00000 0.00000 0.00000 0.00000 0.00000 0.00000 0.00000 0.00000 0.00000 0.00000 0.00000 0.00000 0.00000 0.00000 0.00000 0.00000 0.00000 0.00000 0.00000 0.00000 0.00000 0.00000 0.00000 0.00000 0.00000 0.00000 0.00000
0.00000 0.00000 0.00000 0.00000 0.00000 0.00000 0.00000 0.00000 0.00000 0.00000 0.00000 0.00000 0.00000 0.00000 0.00000 0.00000 0.00000 0.00000 0.00000 0.00000 0.00000 0.00000 0.00000 0.00000 0.00000 0.00000 0.00000 0.00000 0.00000 0.00000 0.00000 0.00000 0.00000 0.00000 0.00000 0.00000 0.00000 0.00000 0.00000 0.00000 0.00000 0.00000 0.00000 0.00000 0.00000 0.00000 0.00000 0.00000 0.00000 0.00000 0.00000 0.00000 0.00000 0.00000 0.00000 0.00000 0.00000 0.00000 0.00000 0.00000 0.00000 0.00000 0.00000 0.00000 0.00000 0.02907 0.08683 0.14420 0.20266 0.26032 0.31629 0.37334 0.43237 0.48920 0.54373 0.58172 0.60269 0.62039 0.63670 0.65745 0.67637 0.69168 0.70976 0.73156 0.74951 0.75413 0.75339 0.75663 0.75616 0.75119 0.75024 0.75383 0.75304 0.74837 0.74768 0.75099 0.74932 0.74567 0.74565 0.74769 0.74561 0.74342 0.74363 0.74414 0.74245 0.74109 0.74105 0.74065 0.73985 0.73919 0.73848 0.73685 0.73685 0.73792 0.73668 0.73325 0.73324 0.73618 0.73545 0.73067 0.73016 0.73355 0.73308 0.72862 0.72803 0.73019 0.73013 0.72807 0.72646 0.72561 0.72699 0.72797 0.72468 0.72273 0.72505 0.72627 0.72172 0.72077 0.72418 0.72407 0.72013 0.71962 0.72254 0.72156 0.71813 0.71833 0.72118 0.72031 0.71608 0.71595 0.71991 0.71962 0.71435 0.71463 0.71847 0.71727 0.71300 0.71470 0.71529 0.71475 0.71610 0.71465 0.71173 0.71258 0.71546 0.71472 0.71049 0.71054 0.71474 0.71462 0.70956 0.70952 0.71400 0.71368 0.70919 0.70969 0.71292 0.71227 0.70983 0.71021 0.71123 0.71119 0.71111 0.71069 0.70976 0.71043 0.71193 0.71138 0.70938 0.70964 0.71194 0.71230 0.70997 0.70902 0.71175 0.71314 0.71057 0.70921 0.71236 0.71389 0.71038 0.70962 0.71401 0.71484 0.71032 0.71046 0.71528 0.71527 0.71112 0.71186 0.71640 0.71634 0.71234 0.71314 0.71743 0.71762 0.71405 0.71477 0.71832 0.71821 0.71621 0.71812 0.71945 0.71699 0.71841 0.72129 0.72082 0.71974 0.72118 0.72005 0.72151 0.72448 0.72484 0.72131 0.72238 0.72704 0.72790 0.72401 0.72490 0.72927 0.73025 0.72718 0.72938 0.73144 0.72955 0.73051 0.73358 0.73392 0.73158 0.73320 0.73654 0.73695 0.73451 0.73613 0.73943 0.73894 0.73809 0.74159 0.74238 0.74020 0.74194 0.74570 0.74519 0.74396 0.74632 0.73917 0.71973 0.70244 0.68515 0.66561 0.64769 0.63203 0.61334 0.59290 0.57572 0.54069 0.48352 0.42572 0.37040 0.31464 0.25715 0.19976 0.14341 0.08628 0.02871 0.00000 0.00000 0.00000 0.00000 0.00000 0.00000 0.00000 0.00000 0.00000 0.00000 0.00000 0.00000 0.00000 0.00000 0.00000 0.00000 0.00000 0.00000 0.00000 0.00000 0.00000 0.00000 0.00000 0.00000 0.00000 0.00000 0.00000 0.00000 0.00000 0.00000 0.00000 0.00000 0.00000 0.00000 0.00000 0.00000 0.00000 0.00000 0.00000 0.00000 0.00000 0.00000 0.00000 0.00000 0.00000 0.00000 0.00000 0.00000 0.00000 0.00000 0.00000 0.00000 0.00000 0.00000 0.00000 0.00000 0.00000 0.00000 0.00000 0.00000 0.00000 0.00000 0.00000 0.00000 0.00000
0.00000 0.00000 0.00000 0.00000 0.00000 0.00000 0.00000 0.00000 0.00000 0.00000 0.00000 0.00000 0.00000 0.00000 0.00000 0.00000 0.00000 0.00000 0.00000 0.00000 0.00000 0.00000 0.00000 0.00000 0.00000 0.00000 0.00000 0.00000 0.00000 0.00000 0.00000 0.00000 0.00000 0.00000 0.00000 0.00000 0.00000 0.00000 0.00000 0.00000 0.00000 0.00000 0.00000 0.00000 0.00000 0.00000 0.00000 0.00000 0.00000 0.00000 0.00000 0.00000 0.00000 0.00000 0.00000 0.00000 0.00000 0.00000 0.00000 0.00000 0.00000 0.00000 0.00000 0.00000 0.00000 0.02515 0.07515 0.12565 0.17592 0.22471 0.27427 0.32544 0.37513 0.42236 0.47173 0.51187 0.53800 0.56154 0.58789 0.61687 0.64074 0.66556 0.69462 0.72079 0.74274 0.75499 0.75805 0.75776 0.75290 0.75172 0.75510 0.75475 0.75006 0.74884 0.75245 0.75132 0.74687 0.74654 0.74969 0.74765 0.74423 0.74449 0.74634 0.74446 0.74168 0.74181 0.74317 0.74210 0.73936 0.73868 0.73974 0.73970 0.73790 0.73653 0.73592 0.73621 0.73670 0.73575 0.73246 0.73220 0.73484 0.73441 0.72943 0.72908 0.73245 0.73221 0.72749 0.72656 0.72924 0.72989 0.72743 0.72429 0.72544 0.72732 0.72625 0.72416 0.72344 0.72367 0.72348 0.72334 0.72307 0.72156 0.72013 0.72146 0.72238 0.72016 0.71802 0.71928 0.72016 0.71926 0.71837 0.71685 0.71662 0.71849 0.71898 0.71462 0.71410 0.71713 0.71820 0.71529 0.71282 0.71434 0.71679 0.71462 0.71242 0.71355 0.71475 0.71337 0.71301 0.71309 0.71228 0.71213 0.71383 0.71310 0.71038 0.71067 0.71416 0.71369 0.70942 0.70938 0.71408 0.71397 0.70911 0.70915 0.71384 0.71358 0.70922 0.70945 0.71341 0.71346 0.70987 0.70949 0.71283 0.71390 0.71081 0.70967 0.71274 0.71426 0.71155 0.71041 0.71294 0.71430 0.71292 0.71187 0.71256 0.71436 0.71483 0.71339 0.71300 0.71508 0.71612 0.71453 0.71430 0.71650 0.71739 0.71536 0.71546 0.71845 0.71925 0.71635 0.71605 0.72041 0.72111 0.71780 0.71784 0.72241 0.72292 0.71940 0.71959 0.72479 0.72342 0.72129 0.72404 0.72645 0.72419 0.72441 0.72754 0.72816 0.72583 0.72763 0.73086 0.72937 0.72805 0.73162 0.73363 0.73099 0.73214 0.73404 0.73255 0.73387 0.73741 0.73748 0.73575 0.73614 0.73973 0.74137 0.73962 0.73893 0.74173 0.74495 0.74344 0.74231 0.74542 0.74837 0.74794 0.73305 0.70840 0.68573 0.66076 0.63217 0.60617 0.58317 0.55775 0.52991 0.50408 0.46874 0.41991 0.36950 0.32068 0.27299 0.22359 0.17331 0.12397 0.07487 0.02498 0.00000 0.00000 0.00000 0.00000 0.00000 0.00000 0.00000 0.00000 0.00000 0.00000 0.00000 0.00000 0.00000 0.00000 0.00000 0.00000 0.00000 0.00000 0.00000 0.00000 0.00000 0.00000 0.00000 0.00000 0.00000 0.00000 0.00000 0.00000 0.00000 0.00000 0.00000 0.00000 0.00000 0.00000 0.00000 0.00000 0.00000 0.00000 0.00000 0.00000 0.00000 0.00000 0.00000 0.00000 0.00000 0.00000 0.00000 0.00000 0.00000 0.00000 0.00000 0.00000 0.00000 0.00000 0.00000 0.00000 0.00000 0.00000 0.00000 0.00000 0.00000 0.00000 0.00000 0.00000 0.00000
0.00000 0.00000 0.00000 0.00000 0.00000 0.00000 0.00000 0.00000 0.00000 0.00000 0.00000 0.00000 0.00000 0.00000 0.00000 0.00000 0.00000 0.00000 0.00000 0.00000 0.00000 0.00000 0.00000 0.00000 0.00000 0.00000 0.00000 0.00000 0.00000 0.00000 0.00000 0.00000 0.00000 0.00000 0.00000 0.00000 0.00000 0.00000 0.00000 0.00000 0.00000 0.00000 0.00000 0.00000 0.00000 0.00000 0.00000 0.00000 0.00000 0.00000 0.00000 0.00000 0.00000 0.00000 0.00000 0.00000 0.00000 0.00000 0.00000 0.00000 0.00000 0.00000 0.00000 0.00000 0.00000 0.02124 0.06391 0.10654 0.14822 0.19033 0.23348 0.27559 0.31598 0.35791 0.40148 0.43923 0.47128 0.50496 0.54160 0.57446 0.60630 0.64215 0.67653 0.70678 0.73967 0.75936 0.75922 0.75469 0.75328 0.75629 0.75621 0.75180 0.75041 0.75361 0.75280 0.74852 0.74818 0.75116 0.74879 0.74588 0.74655 0.74763 0.74503 0.74374 0.74429 0.74403 0.74230 0.74150 0.74136 0.74049 0.73996 0.73985 0.73881 0.73661 0.73686 0.73859 0.73752 0.73343 0.73322 0.73644 0.73603 0.73106 0.73069 0.73350 0.73310 0.72971 0.72869 0.72944 0.73038 0.72972 0.72667 0.72546 0.72828 0.72874 0.72367 0.72324 0.72721 0.72673 0.72179 0.72182 0.72527 0.72399 0.72007 0.72121 0.72372 0.72146 0.71824 0.71946 0.72220 0.72138 0.71664 0.71647 0.72042 0.72032 0.71564 0.71566 0.71786 0.71800 0.71678 0.71576 0.71357 0.71552 0.71729 0.71617 0.71246 0.71292 0.71646 0.71646 0.71169 0.71141 0.71567 0.71574 0.71111 0.71122 0.71483 0.71432 0.71120 0.71178 0.71346 0.71288 0.71223 0.71251 0.71172 0.71167 0.71342 0.71336 0.71067 0.71063 0.71388 0.71423 0.71070 0.71003 0.71386 0.71476 0.71126 0.71016 0.71408 0.71521 0.71161 0.71062 0.71496 0.71572 0.71183 0.71148 0.71611 0.71624 0.71240 0.71283 0.71718 0.71721 0.71340 0.71397 0.71828 0.71851 0.71481 0.71540 0.71937 0.71944 0.71656 0.71776 0.72063 0.71922 0.71845 0.72099 0.72214 0.72028 0.72071 0.72209 0.72325 0.72430 0.72418 0.72193 0.72350 0.72743 0.72777 0.72415 0.72514 0.72959 0.73014 0.72733 0.72886 0.73117 0.72898 0.73147 0.73381 0.73190 0.73112 0.73545 0.73683 0.73456 0.73403 0.73741 0.73994 0.73831 0.73731 0.74145 0.74257 0.73947 0.74141 0.74548 0.74531 0.74315 0.74552 0.74908 0.74809 0.73085 0.69935 0.66623 0.63263 0.60114 0.56760 0.53235 0.49985 0.46833 0.43392 0.39512 0.35488 0.31452 0.27209 0.22999 0.18916 0.14753 0.10507 0.06308 0.02116 0.00000 0.00000 0.00000 0.00000 0.00000 0.00000 0.00000 0.00000 0.00000 0.00000 0.00000 0.00000 0.00000 0.00000 0.00000 0.00000 0.00000 0.00000 0.00000 0.00000 0.00000 0.00000 0.00000 0.00000 0.00000 0.00000 0.00000 0.00000 0.00000 0.00000 0.00000 0.00000 0.00000 0.00000 0.00000 0.00000 0.00000 0.00000 0.00000 0.00000 0.00000 0.00000 0.00000 0.00000 0.00000 0.00000 0.00000 0.00000 0.00000 0.00000 0.00000 0.00000 0.00000 0.00000 0.00000 0.00000 0.00000 0.00000 0.00000 0.00000 0.00000 0.00000 0.00000 0.00000 0.00000
0.00000 0.00000 0.00000 0.00000 0.00000 0.00000 0.00000 0.00000 0.00000 0.00000 0.00000 0.00000 0.00000 0.00000 0.00000 0.00000 0.00000 0.00000 0.00000 0.00000 0.00000 0.00000 0.00000 0.00000 0.00000 0.00000 0.00000 0.00000 0.00000 0.00000 0.00000 0.00000 0.00000 0.00000 0.00000 0.00000 0.00000 0.00000 0.00000 0.00000 0.00000 0.00000 0.00000 0.00000 0.00000 0.00000 0.00000 0.00000 0.00000 0.00000 0.00000 0.00000 0.00000 0.00000 0.00000 0.00000 0.00000 0.00000 0.00000 0.00000 0.00000 0.00000 0.00000 0.00000 0.00000 0.01744 0.05242 0.08687 0.12137 0.15657 0.19131 0.22451 0.25887 0.29449 0.32895 0.36502 0.40657 0.45067 0.49212 0.53119 0.57357 0.61694 0.65564 0.69567 0.73948 0.76080 0.75665 0.75482 0.75738 0.75780 0.75380 0.75178 0.75460 0.75467 0.75046 0.74915 0.75247 0.75086 0.74701 0.74737 0.74965 0.74706 0.74452 0.74521 0.74629 0.74430 0.74198 0.74197 0.74310 0.74244 0.73991 0.73876 0.73952 0.73987 0.73874 0.73707 0.73575 0.73591 0.73728 0.73723 0.73246 0.73197 0.73529 0.73492 0.72977 0.72931 0.73263 0.73262 0.72893 0.72699 0.72874 0.73034 0.72857 0.72504 0.72577 0.72763 0.72648 0.72454 0.72486 0.72487 0.72298 0.72308 0.72479 0.72323 0.72001 0.72097 0.72345 0.72211 0.71865 0.71879 0.72043 0.72110 0.72008 0.71651 0.71700 0.71998 0.71995 0.71514 0.71491 0.71813 0.71914 0.71511 0.71399 0.71681 0.71742 0.71412 0.71458 0.71602 0.71465 0.71327 0.71540 0.71535 0.71251 0.71246 0.71581 0.71528 0.71125 0.71135 0.71578 0.71557 0.71077 0.71069 0.71540 0.71530 0.71094 0.71102 0.71467 0.71475 0.71176 0.71134 0.71369 0.71486 0.71290 0.71144 0.71316 0.71531 0.71377 0.71188 0.71325 0.71565 0.71465 0.71275 0.71337 0.71600 0.71599 0.71384 0.71390 0.71666 0.71709 0.71501 0.71521 0.71770 0.71810 0.71616 0.71653 0.71916 0.71971 0.71737 0.71726 0.72082 0.72200 0.71886 0.71813 0.72255 0.72367 0.72049 0.71995 0.72483 0.72514 0.72191 0.72324 0.72741 0.72541 0.72403 0.72734 0.72910 0.72637 0.72662 0.73091 0.73166 0.72815 0.72895 0.73380 0.73241 0.73130 0.73295 0.73436 0.73524 0.73689 0.73607 0.73485 0.73748 0.74069 0.74056 0.73792 0.73906 0.74302 0.74462 0.74193 0.74203 0.74608 0.74820 0.74631 0.74562 0.74854 0.73083 0.68997 0.64656 0.60584 0.56787 0.52732 0.48430 0.44339 0.40390 0.36243 0.32379 0.29036 0.25750 0.22329 0.18835 0.15443 0.12083 0.08640 0.05167 0.01725 0.00000 0.00000 0.00000 0.00000 0.00000 0.00000 0.00000 0.00000 0.00000 0.00000 0.00000 0.00000 0.00000 0.00000 0.00000 0.00000 0.00000 0.00000 0.00000 0.00000 0.00000 0.00000 0.00000 0.00000 0.00000 0.00000 0.00000 0.00000 0.00000 0.00000 0.00000 0.00000 0.00000 0.00000 0.00000 0.00000 0.00000 0.00000 0.00000 0.00000 0.00000 0.00000 0.00000 0.00000 0.00000 0.00000 0.00000 0.00000 0.00000 0.00000 0.00000 0.00000 0.00000 0.00000 0.00000 0.00000 0.00000 0.00000 0.00000 0.00000 0.00000 0.00000 0.00000 0.00000 0.00000
0.00000 0.00000 0.00000 0.00000 0.00000 0.00000 0.00000 0.00000 0.00000 0.00000 0.00000 0.00000 0.00000 0.00000 0.00000 0.00000 0.00000 0.00000 0.00000 0.00000 0.00000 0.00000 0.00000 0.00000 0.00000 0.00000 0.00000 0.00000 0.00000 0.00000 0.00000 0.00000 0.00000 0.00000 0.00000 0.00000 0.00000 0.00000 0.00000 0.00000 0.00000 0.00000 0.00000 0.00000 0.00000 0.00000 0.00000 0.00000 0.00000 0.00000 0.00000 0.00000 0.00000 0.00000 0.00000 0.00000 0.00000 0.00000 0.00000 0.00000 0.00000 0.00000 0.00000 0.00000 0.00000 0.01361 0.04062 0.06761 0.09492 0.12195 0.14803 0.17496 0.20250 0.22927 0.25468 0.29272 0.34402 0.39331 0.44091 0.49018 0.54160 0.58937 0.63657 0.68717 0.73750 0.75867 0.75652 0.75856 0.75920 0.75555 0.75337 0.75572 0.75619 0.75219 0.75065 0.75361 0.75238 0.74862 0.74907 0.75112 0.74807 0.74634 0.74747 0.74732 0.74468 0.74411 0.74460 0.74389 0.74265 0.74201 0.74129 0.74025 0.74039 0.74067 0.73869 0.73644 0.73711 0.73905 0.73863 0.73369 0.73364 0.73663 0.73588 0.73170 0.73119 0.73318 0.73336 0.73126 0.72901 0.72879 0.73123 0.73097 0.72656 0.72583 0.72976 0.72929 0.72424 0.72398 0.72783 0.72685 0.72237 0.72352 0.72612 0.72333 0.72063 0.72292 0.72450 0.72181 0.71912 0.71996 0.72258 0.72256 0.71801 0.71713 0.72029 0.72095 0.71793 0.71662 0.71712 0.71884 0.71842 0.71690 0.71528 0.71612 0.71775 0.71812 0.71438 0.71351 0.71703 0.71778 0.71344 0.71290 0.71648 0.71642 0.71295 0.71327 0.71553 0.71481 0.71343 0.71412 0.71391 0.71322 0.71465 0.71508 0.71241 0.71196 0.71550 0.71588 0.71189 0.71135 0.71574 0.71624 0.71212 0.71152 0.71591 0.71644 0.71257 0.71205 0.71638 0.71677 0.71308 0.71283 0.71711 0.71725 0.71376 0.71390 0.71798 0.71817 0.71465 0.71488 0.71904 0.71952 0.71581 0.71601 0.72025 0.72072 0.71725 0.71782 0.72163 0.72120 0.71880 0.72069 0.72325 0.72148 0.72060 0.72283 0.72482 0.72398 0.72330 0.72322 0.72541 0.72765 0.72733 0.72442 0.72590 0.73010 0.73012 0.72722 0.72878 0.73176 0.73064 0.73116 0.73345 0.73242 0.73154 0.73588 0.73659 0.73337 0.73457 0.73863 0.73985 0.73735 0.73723 0.74114 0.74299 0.73998 0.74077 0.74488 0.74530 0.74284 0.74499 0.74885 0.74810 0.74659 0.74926 0.72735 0.67765 0.62992 0.58225 0.53235 0.48443 0.43764 0.38829 0.33814 0.29002 0.25333 0.22632 0.19944 0.17368 0.14747 0.12025 0.09358 0.06726 0.04043 0.01342 0.00000 0.00000 0.00000 0.00000 0.00000 0.00000 0.00000 0.00000 0.00000 0.00000 0.00000 0.00000 0.00000 0.00000 0.00000 0.00000 0.00000 0.00000 0.00000 0.00000 0.00000 0.00000 0.00000 0.00000 0.00000 0.00000 0.00000 0.00000 0.00000 0.00000 0.00000 0.00000 0.00000 0.00000 0.00000 0.00000 0.00000 0.00000 0.00000 0.00000 0.00000 0.00000 0.00000 0.00000 0.00000 0.00000 0.00000 0.00000 0.00000 0.00000 0.00000 0.00000 0.00000 0.00000 0.00000 0.00000 0.00000 0.00000 0.00000 0.00000 0.00000 0.00000 0.00000 0.00000 0.00000
0.00000 0.00000 0.00000 0.00000 0.00000 0.00000 0.00000 0.00000 0.00000 0.00000 0.00000 0.00000 0.00000 0.00000 0.00000 0.00000 0.00000 0.00000 0.00000 0.00000 0.00000 0.00000 0.00000 0.00000 0.00000 0.00000 0.00000 0.00000 0.00000 0.00000 0.00000 0.00000 0.00000 0.00000 0.00000 0.00000 0.00000 0.00000 0.00000 0.00000 0.00000 0.00000 0.00000 0.00000 0.00000 0.00000 0.00000 0.00000 0.00000 0.00000 0.00000 0.00000 0.00000 0.00000 0.00000 0.00000 0.00000 0.00000 0.00000 0.00000 0.00000 0.00000 0.00000 0.00000 0.00000 0.00970 0.02904 0.04850 0.06792 0.08674 0.10596 0.12561 0.14488 0.16307 0.18214 0.22149 0.27898 0.33458 0.39155 0.45069 0.50683 0.56164 0.61940 0.67796 0.73212 0.75808 0.75972 0.76070 0.75745 0.75493 0.75679 0.75781 0.75426 0.75188 0.75456 0.75442 0.75048 0.74978 0.75276 0.75018 0.74731 0.74845 0.74939 0.74654 0.74481 0.74564 0.74621 0.74471 0.74236 0.74175 0.74296 0.74296 0.74066 0.73850 0.73917 0.74022 0.73952 0.73879 0.73568 0.73499 0.73784 0.73766 0.73257 0.73203 0.73569 0.73528 0.73066 0.72968 0.73233 0.73312 0.73044 0.72768 0.72858 0.73064 0.72920 0.72627 0.72668 0.72789 0.72617 0.72505 0.72670 0.72596 0.72260 0.72300 0.72603 0.72492 0.72043 0.72071 0.72437 0.72371 0.72153 0.71879 0.72007 0.72245 0.72146 0.71712 0.71757 0.72114 0.72081 0.71636 0.71586 0.71957 0.72013 0.71543 0.71585 0.71870 0.71708 0.71453 0.71724 0.71781 0.71457 0.71402 0.71750 0.71716 0.71315 0.71327 0.71751 0.71716 0.71246 0.71240 0.71704 0.71708 0.71260 0.71240 0.71609 0.71644 0.71344 0.71294 0.71494 0.71607 0.71462 0.71328 0.71416 0.71628 0.71561 0.71359 0.71403 0.71673 0.71639 0.71407 0.71428 0.71732 0.71730 0.71472 0.71495 0.71810 0.71816 0.71561 0.71620 0.71903 0.71892 0.71681 0.71772 0.72017 0.72003 0.71821 0.71881 0.72148 0.72221 0.71988 0.71923 0.72283 0.72442 0.72166 0.72057 0.72461 0.72611 0.72318 0.72291 0.72749 0.72696 0.72443 0.72677 0.72991 0.72736 0.72664 0.73069 0.73214 0.72859 0.72877 0.73406 0.73377 0.73097 0.73243 0.73569 0.73585 0.73567 0.73538 0.73571 0.73879 0.74042 0.73922 0.73780 0.74011 0.74378 0.74412 0.74091 0.74182 0.74660 0.74788 0.74491 0.74523 0.74956 0.75134 0.75020 0.72096 0.66624 0.61299 0.55738 0.49904 0.44282 0.38840 0.33179 0.27443 0.21822 0.18102 0.16191 0.14258 0.12398 0.10540 0.08630 0.06690 0.04787 0.02888 0.00965 0.00000 0.00000 0.00000 0.00000 0.00000 0.00000 0.00000 0.00000 0.00000 0.00000 0.00000 0.00000 0.00000 0.00000 0.00000 0.00000 0.00000 0.00000 0.00000 0.00000 0.00000 0.00000 0.00000 0.00000 0.00000 0.00000 0.00000 0.00000 0.00000 0.00000 0.00000 0.00000 0.00000 0.00000 0.00000 0.00000 0.00000 0.00000 0.00000 0.00000 0.00000 0.00000 0.00000 0.00000 0.00000 0.00000 0.00000 0.00000 0.00000 0.00000 0.00000 0.00000 0.00000 0.00000 0.00000 0.00000 0.00000 0.00000 0.00000 0.00000 0.00000 0.00000 0.00000 0.00000 0.00000
0.00000 0.00000 0.00000 0.00000 0.00000 0.00000 0.00000 0.00000 0.00000 0.00000 0.00000 0.00000 0.00000 0.00000 0.00000 0.00000 0.00000 0.00000 0.00000 0.00000 0.00000 0.00000 0.00000 0.00000 0.00000 0.00000 0.00000 0.00000 0.00000 0.00000 0.00000 0.00000 0.00000 0.00000 0.00000 0.00000 0.00000 0.00000 0.00000 0.00000 0.00000 0.00000 0.00000 0.00000 0.00000 0.00000 0.00000 0.00000 0.00000 0.00000 0.00000 0.00000 0.00000 0.00000 0.00000 0.00000 0.00000 0.00000 0.00000 0.00000 0.00000 0.00000 0.00000 0.00000 0.00000 0.00583 0.01751 0.02915 0.04055 0.05219 0.06391 0.07542 0.08651 0.09806 0.10996 0.14835 0.21272 0.27742 0.34393 0.40864 0.47149 0.53613 0.60269 0.66564 0.72757 0.76091 0.76212 0.75921 0.75664 0.75808 0.75918 0.75594 0.75347 0.75565 0.75601 0.75210 0.75101 0.75403 0.75182 0.74883 0.75045 0.75064 0.74730 0.74677 0.74812 0.74706 0.74468 0.74447 0.74445 0.74373 0.74356 0.74273 0.74076 0.73987 0.74133 0.74143 0.73697 0.73656 0.73804 0.73945 0.73815 0.73404 0.73403 0.73666 0.73611 0.73278 0.73143 0.73255 0.73413 0.73288 0.72908 0.72863 0.73224 0.73179 0.72682 0.72634 0.73042 0.72968 0.72487 0.72534 0.72855 0.72618 0.72315 0.72558 0.72687 0.72261 0.72185 0.72447 0.72470 0.72359 0.72055 0.71962 0.72260 0.72314 0.71983 0.71796 0.72018 0.72177 0.71981 0.71748 0.71807 0.71992 0.71922 0.71817 0.71710 0.71605 0.71831 0.71975 0.71606 0.71481 0.71795 0.71838 0.71500 0.71483 0.71740 0.71682 0.71486 0.71563 0.71612 0.71498 0.71575 0.71670 0.71448 0.71349 0.71681 0.71744 0.71354 0.71282 0.71734 0.71771 0.71339 0.71295 0.71763 0.71780 0.71362 0.71352 0.71798 0.71801 0.71414 0.71424 0.71840 0.71845 0.71497 0.71507 0.71893 0.71927 0.71593 0.71591 0.71979 0.72052 0.71697 0.71684 0.72102 0.72190 0.71817 0.71817 0.72252 0.72293 0.71941 0.72056 0.72423 0.72290 0.72085 0.72337 0.72595 0.72416 0.72286 0.72460 0.72743 0.72743 0.72617 0.72518 0.72759 0.73054 0.73007 0.72715 0.72904 0.73254 0.73153 0.73056 0.73303 0.73362 0.73217 0.73519 0.73659 0.73401 0.73489 0.73930 0.73935 0.73648 0.73794 0.74153 0.74319 0.74021 0.74028 0.74439 0.74545 0.74316 0.74450 0.74808 0.74796 0.74635 0.74866 0.75230 0.75081 0.71842 0.65709 0.59323 0.52940 0.46735 0.40330 0.33788 0.27451 0.21123 0.14644 0.10821 0.09719 0.08609 0.07442 0.06299 0.05182 0.04040 0.02874 0.01728 0.00579 0.00000 0.00000 0.00000 0.00000 0.00000 0.00000 0.00000 0.00000 0.00000 0.00000 0.00000 0.00000 0.00000 0.00000 0.00000 0.00000 0.00000 0.00000 0.00000 0.00000 0.00000 0.00000 0.00000 0.00000 0.00000 0.00000 0.00000 0.00000 0.00000 0.00000 0.00000 0.00000 0.00000 0.00000 0.00000 0.00000 0.00000 0.00000 0.00000 0.00000 0.00000 0.00000 0.00000 0.00000 0.00000 0.00000 0.00000 0.00000 0.00000 0.00000 0.00000 0.00000 0.00000 0.00000 0.00000 0.00000 0.00000 0.00000 0.00000 0.00000 0.00000 0.00000 0.00000 0.00000 0.00000
0.00000 0.00000 0.00000 0.00000 0.00000 0.00000 0.00000 0.00000 0.00000 0.00000 0.00000 0.00000 0.00000 0.00000 0.00000 0.00000 0.00000 0.00000 0.00000 0.00000 0.00000 0.00000 0.00000 0.00000 0.00000 0.00000 0.00000 0.00000 0.00000 0.00000 0.00000 0.00000 0.00000 0.00000 0.00000 0.00000 0.00000 0.00000 0.00000 0.00000 0.00000 0.00000 0.00000 0.00000 0.00000 0.00000 0.00000 0.00000 0.00000 0.00000 0.00000 0.00000 0.00000 0.00000 0.00000 0.00000 0.00000 0.00000 0.00000 0.00000 0.00000 0.00000 0.00000 0.00000 0.00000 0.00195 0.00584 0.00968 0.01356 0.01747 0.02132 0.02504 0.02890 0.03287 0.03669 0.07488 0.14763 0.22145 0.29430 0.36527 0.43763 0.51192 0.58301 0.65286 0.72608 0.76368 0.76088 0.75819 0.75954 0.76060 0.75769 0.75504 0.75689 0.75770 0.75409 0.75200 0.75530 0.75413 0.75022 0.75140 0.75251 0.74914 0.74756 0.74931 0.74910 0.74646 0.74506 0.74555 0.74615 0.74570 0.74293 0.74123 0.74261 0.74349 0.74163 0.73829 0.73892 0.73960 0.74018 0.73983 0.73569 0.73478 0.73835 0.73794 0.73299 0.73233 0.73583 0.73567 0.73212 0.73026 0.73178 0.73329 0.73161 0.72862 0.72886 0.73059 0.72935 0.72736 0.72816 0.72817 0.72566 0.72570 0.72826 0.72724 0.72305 0.72289 0.72633 0.72632 0.72258 0.72097 0.72188 0.72485 0.72389 0.71940 0.72011 0.72348 0.72234 0.71834 0.71857 0.72201 0.72140 0.71743 0.71719 0.72100 0.71953 0.71630 0.71972 0.72019 0.71627 0.71564 0.71941 0.71923 0.71501 0.71512 0.71924 0.71881 0.71418 0.71426 0.71875 0.71878 0.71422 0.71382 0.71764 0.71834 0.71504 0.71421 0.71641 0.71776 0.71608 0.71477 0.71561 0.71751 0.71700 0.71536 0.71537 0.71767 0.71779 0.71571 0.71557 0.71839 0.71855 0.71593 0.71621 0.71935 0.71927 0.71646 0.71729 0.72032 0.71996 0.71749 0.71877 0.72133 0.72061 0.71892 0.72047 0.72239 0.72201 0.72077 0.72099 0.72330 0.72502 0.72284 0.72135 0.72450 0.72687 0.72466 0.72312 0.72669 0.72835 0.72587 0.72607 0.73030 0.72884 0.72682 0.73014 0.73261 0.72943 0.72907 0.73390 0.73455 0.73106 0.73224 0.73671 0.73620 0.73442 0.73537 0.73733 0.73934 0.73961 0.73816 0.73820 0.74200 0.74360 0.74329 0.74082 0.74185 0.74681 0.74755 0.74416 0.74487 0.75000 0.75106 0.74852 0.74855 0.75201 0.71848 0.64727 0.57391 0.50257 0.43358 0.36208 0.28947 0.21801 0.14655 0.07418 0.03611 0.03244 0.02872 0.02486 0.02100 0.01725 0.01347 0.00964 0.00577 0.00192 0.00000 0.00000 0.00000 0.00000 0.00000 0.00000 0.00000 0.00000 0.00000 0.00000 0.00000 0.00000 0.00000 0.00000 0.00000 0.00000 0.00000 0.00000 0.00000 0.00000 0.00000 0.00000 0.00000 0.00000 0.00000 0.00000 0.00000 0.00000 0.00000 0.00000 0.00000 0.00000 0.00000 0.00000 0.00000 0.00000 0.00000 0.00000 0.00000 0.00000 0.00000 0.00000 0.00000 0.00000 0.00000 0.00000 0.00000 0.00000 0.00000 0.00000 0.00000 0.00000 0.00000 0.00000 0.00000 0.00000 0.00000 0.00000 0.00000 0.00000 0.00000 0.00000 0.00000 0.00000 0.00000
0.00000 0.00000 0.00000 0.00000 0.00000 0.00000 0.00000 0.00000 0.00000 0.00000 0.00000 0.00000 0.00000 0.00000 0.00000 0.00000 0.00000 0.00000 0.00000 0.00000 0.00000 0.00000 0.00000 0.00000 0.00000 0.00000 0.00000 0.00000 0.00000 0.00000 0.00000 0.00000 0.00000 0.00000 0.00000 0.00000 0.00000 0.00000 0.00000 0.00000 0.00000 0.00000 0.00000 0.00000 0.00000 0.00000 0.00000 0.00000 0.00000 0.00000 0.00000 0.00000 0.00000 0.00000 0.00000 0.00000 0.00000 0.00000 0.00000 0.00000 0.00000 0.00000 0.00000 0.00000 0.00000 0.00000 0.00000 0.00000 0.00000 0.00000 0.00000 0.00000 0.00000 0.00000 0.00000 0.03653 0.10989 0.18305 0.25502 0.32725 0.40134 0.47355 0.54382 0.61644 0.69049 0.72452 0.72185 0.72296 0.72386 0.72123 0.71891 0.72038 0.72113 0.71784 0.71585 0.72049 0.72363 0.72343 0.72843 0.73307 0.73349 0.73605 0.74225 0.74447 0.74473 0.74707 0.74837 0.74700 0.74604 0.74501 0.74384 0.74327 0.74449 0.74370 0.73988 0.73961 0.74250 0.74203 0.73936 0.73672 0.73750 0.73973 0.73872 0.73459 0.73399 0.73646 0.73682 0.73446 0.73150 0.73177 0.73486 0.73416 0.72920 0.72884 0.73290 0.73235 0.72722 0.72709 0.73091 0.72956 0.72562 0.72724 0.72912 0.72523 0.72445 0.72735 0.72678 0.72235 0.72340 0.72442 0.72461 0.72469 0.72218 0.72020 0.72253 0.72404 0.72174 0.71887 0.72037 0.72287 0.72127 0.71785 0.71919 0.72133 0.72018 0.71951 0.71841 0.71729 0.71952 0.71989 0.71716 0.71662 0.71922 0.71874 0.71646 0.71710 0.71828 0.71688 0.71685 0.71823 0.71676 0.71515 0.71783 0.71898 0.71556 0.71434 0.71855 0.71919 0.71510 0.71437 0.71914 0.71928 0.71494 0.71480 0.71962 0.71949 0.71520 0.71546 0.71991 0.71989 0.71600 0.71618 0.72013 0.72059 0.71709 0.71696 0.72065 0.72159 0.71816 0.71794 0.72175 0.72294 0.71924 0.71892 0.72329 0.72431 0.72028 0.72064 0.72516 0.72457 0.72138 0.72394 0.72683 0.72452 0.72301 0.72593 0.72856 0.72696 0.72530 0.72655 0.73008 0.73053 0.72877 0.72750 0.73018 0.73317 0.73194 0.73008 0.73294 0.73483 0.73278 0.73402 0.73673 0.73543 0.73492 0.73891 0.73936 0.73639 0.73851 0.74213 0.74191 0.73970 0.74147 0.74441 0.74536 0.74146 0.73866 0.73813 0.73457 0.72971 0.72761 0.72725 0.72258 0.71774 0.71666 0.68110 0.60842 0.53805 0.46738 0.39442 0.32342 0.25291 0.18068 0.10811 0.03614 0.00000 0.00000 0.00000 0.00000 0.00000 0.00000 0.00000 0.00000 0.00000 0.00000 0.00000 0.00000 0.00000 0.00000 0.00000 0.00000 0.00000 0.00000 0.00000 0.00000 0.00000 0.00000 0.00000 0.00000 0.00000 0.00000 0.00000 0.00000 0.00000 0.00000 0.00000 0.00000 0.00000 0.00000 0.00000 0.00000 0.00000 0.00000 0.00000 0.00000 0.00000 0.00000 0.00000 0.00000 0.00000 0.00000 0.00000 0.00000 0.00000 0.00000 0.00000 0.00000 0.00000 0.00000 0.00000 0.00000 0.00000 0.00000 0.00000 0.00000 0.00000 0.00000 0.00000 0.00000 0.00000 0.00000 0.00000 0.00000 0.00000 0.00000 0.00000 0.00000 0.00000 0.00000 0.00000
0.00000 0.00000 0.00000 0.00000 0.00000 0.00000 0.00000 0.00000 0.00000 0.00000 0.00000 0.00000 0.00000 0.00000 0.00000 0.00000 0.00000 0.00000 0.00000 0.00000 0.00000 0.00000 0.00000 0.00000 0.00000 0.00000 0.00000 0.00000 0.00000 0.00000 0.00000 0.00000 0.00000 0.00000 0.00000 0.00000 0.00000 0.00000 0.00000 0.00000 0.00000 0.00000 0.00000 0.00000 0.00000 0.00000 0.00000 0.00000 0.00000 0.00000 0.00000 0.00000 0.00000 0.00000 0.00000 0.00000 0.00000 0.00000 0.00000 0.00000 0.00000 0.00000 0.00000 0.00000 0.00000 0.00000 0.00000 0.00000 0.00000 0.00000 0.00000 0.00000 0.00000 0.00000 0.00000 0.03286 0.09845 0.16329 0.22818 0.29446 0.35920 0.42254 0.48769 0.55392 0.61689 0.64709 0.64838 0.64895 0.64649 0.64457 0.64603 0.64634 0.64359 0.64191 0.64414 0.64930 0.65723 0.66822 0.68184 0.69021 0.69945 0.71342 0.72373 0.73135 0.74219 0.74966 0.74923 0.74797 0.74531 0.74443 0.74589 0.74650 0.74394 0.74093 0.74209 0.74355 0.74254 0.74064 0.73880 0.73810 0.74067 0.74062 0.73591 0.73495 0.73895 0.73822 0.73395 0.73283 0.73525 0.73573 0.73382 0.73102 0.73141 0.73317 0.73232 0.72971 0.72958 0.73039 0.72923 0.72862 0.72985 0.72838 0.72551 0.72624 0.72883 0.72885 0.72475 0.72327 0.72480 0.72717 0.72591 0.72169 0.72160 0.72567 0.72453 0.72046 0.72128 0.72410 0.72271 0.71971 0.72025 0.72291 0.72074 0.71866 0.72090 0.72226 0.71726 0.71765 0.72156 0.72127 0.71669 0.71706 0.72100 0.72045 0.71591 0.71625 0.72051 0.72034 0.71579 0.71544 0.71934 0.72019 0.71660 0.71539 0.71800 0.71979 0.71751 0.71580 0.71724 0.71934 0.71819 0.71677 0.71707 0.71866 0.71881 0.71762 0.71724 0.71915 0.71949 0.71750 0.71779 0.72039 0.72014 0.71755 0.71871 0.72149 0.72104 0.71829 0.71963 0.72250 0.72183 0.71957 0.72163 0.72352 0.72187 0.72136 0.72352 0.72417 0.72472 0.72395 0.72229 0.72453 0.72749 0.72607 0.72370 0.72610 0.72929 0.72777 0.72576 0.72882 0.73048 0.72843 0.72929 0.73258 0.73078 0.72947 0.73336 0.73499 0.73170 0.73228 0.73693 0.73649 0.73378 0.73568 0.73901 0.73927 0.73806 0.73792 0.73938 0.74299 0.74303 0.74099 0.74096 0.74340 0.74671 0.74140 0.72718 0.71660 0.71062 0.70002 0.68591 0.67517 0.66823 0.65801 0.64571 0.60724 0.54432 0.48269 0.41898 0.35358 0.28954 0.22624 0.16158 0.09691 0.03243 0.00000 0.00000 0.00000 0.00000 0.00000 0.00000 0.00000 0.00000 0.00000 0.00000 0.00000 0.00000 0.00000 0.00000 0.00000 0.00000 0.00000 0.00000 0.00000 0.00000 0.00000 0.00000 0.00000 0.00000 0.00000 0.00000 0.00000 0.00000 0.00000 0.00000 0.00000 0.00000 0.00000 0.00000 0.00000 0.00000 0.00000 0.00000 0.00000 0.00000 0.00000 0.00000 0.00000 0.00000 0.00000 0.00000 0.00000 0.00000 0.00000 0.00000 0.00000 0.00000 0.00000 0.00000 0.00000 0.00000 0.00000 0.00000 0.00000 0.00000 0.00000 0.00000 0.00000 0.00000 0.00000 0.00000 0.00000 0.00000 0.00000 0.00000 0.00000 0.00000 0.00000 0.00000 0.00000
0.00000 0.00000 0.00000 0.00000 0.00000 0.00000 0.00000 0.00000 0.00000 0.00000 0.00000 0.00000 0.00000 0.00000 0.00000 0.00000 0.00000 0.00000 0.00000 0.00000 0.00000 0.00000 0.00000 0.00000 0.00000 0.00000 0.00000 0.00000 0.00000 0.00000 0.00000 0.00000 0.00000 0.00000 0.00000 0.00000 0.00000 0.00000 0.00000 0.00000 0.00000 0.00000 0.00000 0.00000 0.00000 0.00000 0.00000 0.00000 0.00000 0.00000 0.00000 0.00000 0.00000 0.00000 0.00000 0.00000 0.00000 0.00000 0.00000 0.00000 0.00000 0.00000 0.00000 0.00000 0.00000 0.00000 0.00000 0.00000 0.00000 0.00000 0.00000 0.00000 0.00000 0.00000 0.00000 0.02895 0.08669 0.14420 0.20226 0.25984 0.31632 0.37348 0.43191 0.48815 0.54367 0.57316 0.57365 0.57140 0.56987 0.57132 0.57127 0.56881 0.56774 0.56942 0.56880 0.57541 0.59363 0.61477 0.63121 0.64802 0.66972 0.68715 0.70239 0.72142 0.74248 0.75014 0.74637 0.74728 0.74738 0.74673 0.74769 0.74610 0.74315 0.74257 0.74483 0.74461 0.73975 0.73953 0.74132 0.74245 0.74159 0.73700 0.73669 0.73992 0.73935 0.73569 0.73389 0.73510 0.73734 0.73649 0.73162 0.73150 0.73532 0.73482 0.72956 0.72908 0.73318 0.73271 0.72786 0.72804 0.73077 0.72908 0.72675 0.72957 0.72794 0.72483 0.72677 0.72815 0.72611 0.72461 0.72497 0.72401 0.72451 0.72613 0.72398 0.72105 0.72235 0.72513 0.72362 0.71971 0.72062 0.72378 0.72294 0.71912 0.71969 0.72107 0.72195 0.72073 0.71877 0.71886 0.72135 0.72044 0.71797 0.71866 0.72055 0.71890 0.71794 0.71962 0.71919 0.71698 0.71865 0.72051 0.71788 0.71596 0.71932 0.72072 0.71725 0.71584 0.71997 0.72078 0.71676 0.71608 0.72118 0.72104 0.71652 0.71654 0.72153 0.72148 0.71689 0.71719 0.72159 0.72213 0.71811 0.71795 0.72171 0.72290 0.71929 0.71910 0.72251 0.72377 0.72036 0.72016 0.72388 0.72521 0.72144 0.72156 0.72588 0.72566 0.72219 0.72470 0.72759 0.72448 0.72363 0.72733 0.72909 0.72651 0.72544 0.72830 0.73101 0.72991 0.72762 0.72860 0.73269 0.73343 0.73072 0.73003 0.73369 0.73569 0.73309 0.73310 0.73695 0.73706 0.73488 0.73750 0.73990 0.73746 0.73832 0.74215 0.74125 0.73921 0.74302 0.74490 0.74243 0.74288 0.74571 0.73802 0.71855 0.69985 0.68267 0.66639 0.64727 0.62772 0.61077 0.59476 0.57457 0.53668 0.48203 0.42514 0.36866 0.31347 0.25665 0.19896 0.14246 0.08589 0.02864 0.00000 0.00000 0.00000 0.00000 0.00000 0.00000 0.00000 0.00000 0.00000 0.00000 0.00000 0.00000 0.00000 0.00000 0.00000 0.00000 0.00000 0.00000 0.00000 0.00000 0.00000 0.00000 0.00000 0.00000 0.00000 0.00000 0.00000 0.00000 0.00000 0.00000 0.00000 0.00000 0.00000 0.00000 0.00000 0.00000 0.00000 0.00000 0.00000 0.00000 0.00000 0.00000 0.00000 0.00000 0.00000 0.00000 0.00000 0.00000 0.00000 0.00000 0.00000 0.00000 0.00000 0.00000 0.00000 0.00000 0.00000 0.00000 0.00000 0.00000 0.00000 0.00000 0.00000 0.00000 0.00000 0.00000 0.00000 0.00000 0.00000 0.00000 0.00000 0.00000 0.00000 0.00000 0.00000
0.00000 0.00000 0.00000 0.00000 0.00000 0.00000 0.00000 0.00000 0.00000 0.00000 0.00000 0.00000 0.00000 0.00000 0.00000 0.00000 0.00000 0.00000 0.00000 0.00000 0.00000 0.00000 0.00000 0.00000 0.00000 0.00000 0.00000 0.00000 0.00000 0.00000 0.00000 0.00000 0.00000 0.00000 0.00000 0.00000 0.00000 0.00000 0.00000 0.00000 0.00000 0.00000 0.00000 0.00000 0.00000 0.00000 0.00000 0.00000 0.00000 0.00000 0.00000 0.00000 0.00000 0.00000 0.00000 0.00000 0.00000 0.00000 0.00000 0.00000 0.00000 0.00000 0.00000 0.00000 0.00000 0.00000 0.00000 0.00000 0.00000 0.00000 0.00000 0.00000 0.00000 0.00000 0.00000 0.02509 0.07519 0.12552 0.17527 0.22473 0.27456 0.32512 0.37369 0.42239 0.47314 0.49819 0.49590 0.49482 0.49640 0.49610 0.49370 0.49326 0.49456 0.49366 0.49142 0.50473 0.53261 0.55674 0.58133 0.61039 0.63595 0.65848 0.68475 0.71354 0.73906 0.74794 0.74764 0.74867 0.74938 0.74929 0.74619 0.74354 0.74515 0.74639 0.74517 0.74121 0.74167 0.74227 0.74313 0.74275 0.73900 0.73750 0.74091 0.74060 0.73644 0.73536 0.73867 0.73824 0.73609 0.73351 0.73407 0.73570 0.73511 0.73195 0.73134 0.73295 0.73278 0.73096 0.73041 0.72988 0.72933 0.73023 0.73138 0.72786 0.72679 0.72701 0.72795 0.72891 0.72694 0.72423 0.72415 0.72771 0.72704 0.72270 0.72361 0.72602 0.72444 0.72196 0.72302 0.72429 0.72249 0.72136 0.72273 0.72316 0.71978 0.72040 0.72328 0.72247 0.71829 0.71944 0.72282 0.72173 0.71765 0.71850 0.72226 0.72165 0.71732 0.71739 0.72122 0.72176 0.71801 0.71680 0.71976 0.72164 0.71891 0.71682 0.71894 0.72154 0.71938 0.71735 0.71890 0.72052 0.71964 0.71961 0.71922 0.71945 0.72004 0.71963 0.71978 0.72114 0.72049 0.71891 0.72072 0.72255 0.72129 0.71923 0.72098 0.72361 0.72347 0.72029 0.72162 0.72470 0.72337 0.72176 0.72529 0.72565 0.72273 0.72438 0.72544 0.72487 0.72696 0.72747 0.72459 0.72580 0.72964 0.72924 0.72614 0.72784 0.73170 0.73095 0.72857 0.73068 0.73248 0.73138 0.73257 0.73431 0.73281 0.73279 0.73647 0.73652 0.73411 0.73617 0.73974 0.73866 0.73673 0.73876 0.74123 0.74300 0.74159 0.74027 0.74179 0.74539 0.74625 0.74509 0.74388 0.73187 0.71045 0.68453 0.65560 0.62999 0.60812 0.58239 0.55415 0.52788 0.50389 0.46755 0.41870 0.36833 0.31936 0.27173 0.22246 0.17286 0.12382 0.07448 0.02478 0.00000 0.00000 0.00000 0.00000 0.00000 0.00000 0.00000 0.00000 0.00000 0.00000 0.00000 0.00000 0.00000 0.00000 0.00000 0.00000 0.00000 0.00000 0.00000 0.00000 0.00000 0.00000 0.00000 0.00000 0.00000 0.00000 0.00000 0.00000 0.00000 0.00000 0.00000 0.00000 0.00000 0.00000 0.00000 0.00000 0.00000 0.00000 0.00000 0.00000 0.00000 0.00000 0.00000 0.00000 0.00000 0.00000 0.00000 0.00000 0.00000 0.00000 0.00000 0.00000 0.00000 0.00000 0.00000 0.00000 0.00000 0.00000 0.00000 0.00000 0.00000 0.00000 0.00000 0.00000 0.00000 0.00000 0.00000 0.00000 0.00000 0.00000 0.00000 0.00000 0.00000 0.00000 0.00000
0.00000 0.00000 0.00000 0.00000 0.00000 0.00000 0.00000 0.00000 0.00000 0.00000 0.00000 0.00000 0.00000 0.00000 0.00000 0.00000 0.00000 0.00000 0.00000 0.00000 0.00000 0.00000 0.00000 0.00000 0.00000 0.00000 0.00000 0.00000 0.00000 0.00000 0.00000 0.00000 0.00000 0.00000 0.00000 0.00000 0.00000 0.00000 0.00000 0.00000 0.00000 0.00000 0.00000 0.00000 0.00000 0.00000 0.00000 0.00000 0.00000 0.00000 0.00000 0.00000 0.00000 0.00000 0.00000 0.00000 0.00000 0.00000 0.00000 0.00000 0.00000 0.00000 0.00000 0.00000 0.00000 0.00000 0.00000 0.00000 0.00000 0.00000 0.00000 0.00000 0.00000 0.00000 0.00000 0.02129 0.06375 0.10596 0.14835 0.19056 0.23298 0.27461 0.31618 0.35877 0.40117 0.42037 0.41958 0.42098 0.42058 0.41835 0.41828 0.41935 0.41841 0.41648 0.41686 0.43481 0.46720 0.49947 0.53528 0.56888 0.60009 0.63345 0.66956 0.70234 0.73277 0.74941 0.75072 0.75029 0.74974 0.74834 0.74538 0.74526 0.74770 0.74743 0.74348 0.74220 0.74359 0.74516 0.74364 0.73965 0.73889 0.74268 0.74201 0.73752 0.73654 0.73830 0.73979 0.73919 0.73418 0.73410 0.73770 0.73736 0.73204 0.73163 0.73562 0.73514 0.73017 0.72948 0.73314 0.73309 0.72931 0.72909 0.72941 0.72796 0.73072 0.73079 0.72652 0.72562 0.72823 0.72838 0.72614 0.72640 0.72647 0.72373 0.72433 0.72732 0.72586 0.72209 0.72217 0.72582 0.72550 0.72116 0.72067 0.72399 0.72484 0.72160 0.71967 0.72138 0.72401 0.72201 0.71906 0.72036 0.72303 0.72097 0.71887 0.72090 0.72180 0.71904 0.71932 0.72192 0.72044 0.71771 0.71990 0.72227 0.71976 0.71741 0.72009 0.72232 0.71957 0.71749 0.72119 0.72250 0.71828 0.71777 0.72254 0.72287 0.71830 0.71828 0.72307 0.72340 0.71897 0.71907 0.72296 0.72394 0.72031 0.72022 0.72342 0.72410 0.72144 0.72199 0.72449 0.72491 0.72263 0.72342 0.72592 0.72464 0.72376 0.72640 0.72841 0.72368 0.72474 0.72871 0.72924 0.72606 0.72633 0.73000 0.73121 0.72903 0.72817 0.73043 0.73338 0.73301 0.73002 0.73071 0.73541 0.73617 0.73254 0.73277 0.73753 0.73815 0.73479 0.73621 0.74041 0.73923 0.73783 0.74094 0.74224 0.73976 0.74297 0.74517 0.74198 0.74221 0.74715 0.74772 0.74481 0.72929 0.69824 0.66605 0.63167 0.59774 0.56542 0.53386 0.49921 0.46456 0.43238 0.39582 0.35359 0.31277 0.27161 0.22919 0.18791 0.14692 0.10502 0.06289 0.02099 0.00000 0.00000 0.00000 0.00000 0.00000 0.00000 0.00000 0.00000 0.00000 0.00000 0.00000 0.00000 0.00000 0.00000 0.00000 0.00000 0.00000 0.00000 0.00000 0.00000 0.00000 0.00000 0.00000 0.00000 0.00000 0.00000 0.00000 0.00000 0.00000 0.00000 0.00000 0.00000 0.00000 0.00000 0.00000 0.00000 0.00000 0.00000 0.00000 0.00000 0.00000 0.00000 0.00000 0.00000 0.00000 0.00000 0.00000 0.00000 0.00000 0.00000 0.00000 0.00000 0.00000 0.00000 0.00000 0.00000 0.00000 0.00000 0.00000 0.00000 0.00000 0.00000 0.00000 0.00000 0.00000 0.00000 0.00000 0.00000 0.00000 0.00000 0.00000 0.00000 0.00000 0.00000 0.00000
0.00000 0.00000 0.00000 0.00000 0.00000 0.00000 0.00000 0.00000 0.00000 0.00000 0.00000 0.00000 0.00000 0.00000 0.00000 0.00000 0.00000 0.00000 0.00000 0.00000 0.00000 0.00000 0.00000 0.00000 0.00000 0.00000 0.00000 0.00000 0.00000 0.00000 0.00000 0.00000 0.00000 0.00000 0.00000 0.00000 0.00000 0.00000 0.00000 0.00000 0.00000 0.00000 0.00000 0.00000 0.00000 0.00000 0.00000 0.00000 0.00000 0.00000 0.00000 0.00000 0.00000 0.00000 0.00000 0.00000 0.00000 0.00000 0.00000 0.00000 0.00000 0.00000 0.00000 0.00000 0.00000 0.00000 0.00000 0.00000 0.00000 0.00000 0.00000 0.00000 0.00000 0.00000 0.00000 0.01743 0.05208 0.08685 0.12163 0.15632 0.19030 0.22463 0.25966 0.29430 0.32714 0.34392 0.34523 0.34483 0.34280 0.34291 0.34378 0.34293 0.34133 0.34208 0.34243 0.36183 0.40221 0.44534 0.48684 0.52560 0.56659 0.61040 0.65120 0.68866 0.72948 0.75232 0.75282 0.75046 0.74733 0.74698 0.74845 0.74944 0.74809 0.74403 0.74432 0.74588 0.74598 0.74351 0.74160 0.74104 0.74323 0.74290 0.73978 0.73810 0.73903 0.74074 0.73924 0.73602 0.73611 0.73833 0.73805 0.73424 0.73346 0.73574 0.73591 0.73288 0.73144 0.73271 0.73356 0.73235 0.72990 0.72921 0.73050 0.73156 0.73015 0.72898 0.72858 0.72756 0.72763 0.72940 0.72771 0.72517 0.72635 0.72801 0.72574 0.72420 0.72594 0.72592 0.72407 0.72404 0.72511 0.72366 0.72210 0.72391 0.72508 0.72214 0.72027 0.72309 0.72468 0.72192 0.71945 0.72151 0.72404 0.72231 0.71893 0.71989 0.72320 0.72286 0.71929 0.71867 0.72177 0.72305 0.72017 0.71823 0.72079 0.72295 0.72057 0.71832 0.72078 0.72267 0.72050 0.72059 0.72128 0.71948 0.72047 0.72260 0.72199 0.72122 0.72055 0.72067 0.72309 0.72357 0.72068 0.72033 0.72409 0.72465 0.72312 0.72114 0.72171 0.72572 0.72568 0.72230 0.72378 0.72708 0.72392 0.72384 0.72676 0.72749 0.72602 0.72845 0.72621 0.72568 0.72948 0.73053 0.72709 0.72762 0.73213 0.73223 0.72863 0.72974 0.73404 0.73413 0.73168 0.73231 0.73428 0.73503 0.73589 0.73535 0.73497 0.73718 0.73952 0.73763 0.73664 0.74029 0.74240 0.74116 0.73992 0.74088 0.74348 0.74511 0.74505 0.74419 0.74440 0.74619 0.74943 0.72881 0.68530 0.64495 0.60798 0.56704 0.52345 0.48252 0.44404 0.40315 0.36084 0.32267 0.28944 0.25654 0.22268 0.18787 0.15406 0.12021 0.08573 0.05151 0.01725 0.00000 0.00000 0.00000 0.00000 0.00000 0.00000 0.00000 0.00000 0.00000 0.00000 0.00000 0.00000 0.00000 0.00000 0.00000 0.00000 0.00000 0.00000 0.00000 0.00000 0.00000 0.00000 0.00000 0.00000 0.00000 0.00000 0.00000 0.00000 0.00000 0.00000 0.00000 0.00000 0.00000 0.00000 0.00000 0.00000 0.00000 0.00000 0.00000 0.00000 0.00000 0.00000 0.00000 0.00000 0.00000 0.00000 0.00000 0.00000 0.00000 0.00000 0.00000 0.00000 0.00000 0.00000 0.00000 0.00000 0.00000 0.00000 0.00000 0.00000 0.00000 0.00000 0.00000 0.00000 0.00000 0.00000 0.00000 0.00000 0.00000 0.00000 0.00000 0.00000 0.00000 0.00000 0.00000
0.00000 0.00000 0.00000 0.00000 0.00000 0.00000 0.00000 0.00000 0.00000 0.00000 0.00000 0.00000 0.00000 0.00000 0.00000 0.00000 0.00000 0.00000 0.00000 0.00000 0.00000 0.00000 0.00000 0.00000 0.00000 0.00000 0.00000 0.00000 0.00000 0.00000 0.00000 0.00000 0.00000 0.00000 0.00000 0.00000 0.00000 0.00000 0.00000 0.00000 0.00000 0.00000 0.00000 0.00000 0.00000 0.00000 0.00000 0.00000 0.00000 0.00000 0.00000 0.00000 0.00000 0.00000 0.00000 0.00000 0.00000 0.00000 0.00000 0.00000 0.00000 0.00000 0.00000 0.00000 0.00000 0.00000 0.00000 0.00000 0.00000 0.00000 0.00000 0.00000 0.00000 0.00000 0.00000 0.01352 0.04066 0.06776 0.09461 0.12133 0.14829 0.17534 0.20218 0.22819 0.25473 0.26902 0.26882 0.26713 0.26710 0.26797 0.26716 0.26597 0.26673 0.26687 0.26567 0.28950 0.33981 0.38907 0.43631 0.48472 0.53561 0.58409 0.63063 0.67844 0.72855 0.75362 0.75156 0.74939 0.74792 0.74935 0.75065 0.75058 0.74594 0.74460 0.74681 0.74781 0.74521 0.74221 0.74196 0.74545 0.74447 0.73983 0.73917 0.74178 0.74237 0.73970 0.73689 0.73682 0.74019 0.73973 0.73466 0.73428 0.73806 0.73742 0.73253 0.73217 0.73592 0.73538 0.73110 0.73018 0.73289 0.73272 0.73167 0.73194 0.72856 0.72790 0.73156 0.73124 0.72757 0.72621 0.72909 0.72917 0.72634 0.72758 0.72802 0.72495 0.72420 0.72748 0.72752 0.72359 0.72239 0.72595 0.72662 0.72336 0.72155 0.72366 0.72566 0.72372 0.72066 0.72208 0.72499 0.72312 0.71988 0.72213 0.72430 0.72133 0.71993 0.72314 0.72315 0.71963 0.72043 0.72375 0.72226 0.71905 0.72048 0.72385 0.72243 0.71903 0.71983 0.72387 0.72287 0.71924 0.72082 0.72395 0.72122 0.71970 0.72362 0.72408 0.72019 0.72059 0.72413 0.72397 0.72129 0.72233 0.72447 0.72292 0.72242 0.72499 0.72534 0.72282 0.72363 0.72627 0.72623 0.72316 0.72553 0.72803 0.72667 0.72442 0.72744 0.72989 0.72833 0.72606 0.72796 0.73121 0.73107 0.72850 0.72918 0.73236 0.73326 0.73192 0.73116 0.73239 0.73550 0.73622 0.73299 0.73299 0.73770 0.73875 0.73508 0.73569 0.74007 0.74054 0.73781 0.73949 0.74255 0.74135 0.74244 0.74436 0.74146 0.74231 0.74710 0.74812 0.74427 0.74536 0.74956 0.72621 0.67572 0.62752 0.58058 0.53330 0.48391 0.43445 0.38674 0.33920 0.28939 0.25128 0.22574 0.19948 0.17273 0.14672 0.12021 0.09330 0.06673 0.04017 0.01342 0.00000 0.00000 0.00000 0.00000 0.00000 0.00000 0.00000 0.00000 0.00000 0.00000 0.00000 0.00000 0.00000 0.00000 0.00000 0.00000 0.00000 0.00000 0.00000 0.00000 0.00000 0.00000 0.00000 0.00000 0.00000 0.00000 0.00000 0.00000 0.00000 0.00000 0.00000 0.00000 0.00000 0.00000 0.00000 0.00000 0.00000 0.00000 0.00000 0.00000 0.00000 0.00000 0.00000 0.00000 0.00000 0.00000 0.00000 0.00000 0.00000 0.00000 0.00000 0.00000 0.00000 0.00000 0.00000 0.00000 0.00000 0.00000 0.00000 0.00000 0.00000 0.00000 0.00000 0.00000 0.00000 0.00000 0.00000 0.00000 0.00000 0.00000 0.00000 0.00000 0.00000 0.00000 0.00000
0.00000 0.00000 0.00000 0.00000 0.00000 0.00000 0.00000 0.00000 0.00000 0.00000 0.00000 0.00000 0.00000 0.00000 0.00000 0.00000 0.00000 0.00000 0.00000 0.00000 0.00000 0.00000 0.00000 0.00000 0.00000 0.00000 0.00000 0.00000 0.00000 0.00000 0.00000 0.00000 0.00000 0.00000 0.00000 0.00000 0.00000 0.00000 0.00000 0.00000 0.00000 0.00000 0.00000 0.00000 0.00000 0.00000 0.00000 0.00000 0.00000 0.00000 0.00000 0.00000 0.00000 0.00000 0.00000 0.00000 0.00000 0.00000 0.00000 0.00000 0.00000 0.00000 0.00000 0.00000 0.00000 0.00000 0.00000 0.00000 0.00000 0.00000 0.00000 0.00000 0.00000 0.00000 0.00000 0.00970 0.02911 0.04839 0.06750 0.08682 0.10623 0.12543 0.14409 0.16313 0.18290 0.19238 0.19125 0.19110 0.19174 0.19108 0.19039 0.19107 0.19094 0.19003 0.18961 0.21893 0.27576 0.33103 0.38729 0.44595 0.50200 0.55568 0.61171 0.67031 0.72713 0.75215 0.74979 0.75043 0.75242 0.75220 0.74938 0.74690 0.74672 0.74910 0.74908 0.74534 0.74393 0.74476 0.74633 0.74492 0.74190 0.74105 0.74259 0.74328 0.74203 0.73856 0.73769 0.74104 0.74099 0.73656 0.73569 0.73859 0.73877 0.73484 0.73345 0.73587 0.73662 0.73381 0.73129 0.73257 0.73447 0.73367 0.73032 0.72958 0.73151 0.73149 0.73014 0.73077 0.72914 0.72785 0.72935 0.73001 0.72583 0.72638 0.72911 0.72804 0.72507 0.72613 0.72768 0.72542 0.72395 0.72650 0.72714 0.72289 0.72236 0.72614 0.72660 0.72188 0.72139 0.72501 0.72585 0.72228 0.72066 0.72314 0.72519 0.72322 0.72060 0.72129 0.72389 0.72398 0.72130 0.72019 0.72278 0.72407 0.72167 0.72010 0.72269 0.72348 0.72140 0.72130 0.72330 0.72106 0.72105 0.72407 0.72404 0.72064 0.72095 0.72286 0.72499 0.72481 0.72095 0.72146 0.72582 0.72572 0.72178 0.72213 0.72473 0.72666 0.72542 0.72310 0.72385 0.72791 0.72684 0.72401 0.72583 0.72921 0.72753 0.72621 0.72705 0.72694 0.72978 0.73127 0.72806 0.72771 0.73212 0.73319 0.72948 0.72976 0.73471 0.73517 0.73131 0.73178 0.73608 0.73730 0.73533 0.73385 0.73592 0.73900 0.73917 0.73625 0.73727 0.74149 0.74255 0.73898 0.73936 0.74415 0.74491 0.74271 0.74339 0.74484 0.74575 0.74632 0.74857 0.74868 0.74709 0.72013 0.66797 0.61189 0.55314 0.49739 0.44415 0.38788 0.32984 0.27341 0.21803 0.18055 0.16133 0.14216 0.12368 0.10494 0.08559 0.06672 0.04788 0.02876 0.00955 0.00000 0.00000 0.00000 0.00000 0.00000 0.00000 0.00000 0.00000 0.00000 0.00000 0.00000 0.00000 0.00000 0.00000 0.00000 0.00000 0.00000 0.00000 0.00000 0.00000 0.00000 0.00000 0.00000 0.00000 0.00000 0.00000 0.00000 0.00000 0.00000 0.00000 0.00000 0.00000 0.00000 0.00000 0.00000 0.00000 0.00000 0.00000 0.00000 0.00000 0.00000 0.00000 0.00000 0.00000 0.00000 0.00000 0.00000 0.00000 0.00000 0.00000 0.00000 0.00000 0.00000 0.00000 0.00000 0.00000 0.00000 0.00000 0.00000 0.00000 0.00000 0.00000 0.00000 0.00000 0.00000 0.00000 0.00000 0.00000 0.00000 0.00000 0.00000 0.00000 0.00000 0.00000 0.00000
0.00000 0.00000 0.00000 0.00000 0.00000 0.00000 0.00000 0.00000 0.00000 0.00000 0.00000 0.00000 0.00000 0.00000 0.00000 0.00000 0.00000 0.00000 0.00000 0.00000 0.00000 0.00000 0.00000 0.00000 0.00000 0.00000 0.00000 0.00000 0.00000 0.00000 0.00000 0.00000 0.00000 0.00000 0.00000 0.00000 0.00000 0.00000 0.00000 0.00000 0.00000 0.00000 0.00000 0.00000 0.00000 0.00000 0.00000 0.00000 0.00000 0.00000 0.00000 0.00000 0.00000 0.00000 0.00000 0.00000 0.00000 0.00000 0.00000 0.00000 0.00000 0.00000 0.00000 0.00000 0.00000 0.00000 0.00000 0.00000 0.00000 0.00000 0.00000 0.00000 0.00000 0.00000 0.00000 0.00583 0.01743 0.02900 0.04065 0.05223 0.06370 0.07515 0.08662 0.09829 0.10975 0.11502 0.11487 0.11528 0.11484 0.11449 0.11492 0.11480 0.11418 0.11402 0.11444 0.14674 0.21036 0.27451 0.34007 0.40423 0.46667 0.53001 0.59518 0.66004 0.72250 0.75132 0.75065 0.75343 0.75339 0.75036 0.74821 0.74821 0.75008 0.75029 0.74739 0.74498 0.74560 0.74792 0.74667 0.74229 0.74193 0.74551 0.74501 0.74173 0.73946 0.74003 0.74279 0.74199 0.73730 0.73724 0.74060 0.73966 0.73506 0.73506 0.73848 0.73738 0.73306 0.73314 0.73621 0.73502 0.73207 0.73245 0.73274 0.73108 0.73425 0.73307 0.72943 0.72836 0.73159 0.73194 0.72846 0.72680 0.73010 0.72919 0.72653 0.72814 0.72947 0.72636 0.72457 0.72751 0.72852 0.72565 0.72389 0.72548 0.72670 0.72581 0.72361 0.72367 0.72599 0.72543 0.72216 0.72323 0.72601 0.72387 0.72107 0.72426 0.72560 0.72173 0.72106 0.72508 0.72471 0.72075 0.72126 0.72525 0.72446 0.72061 0.72078 0.72512 0.72493 0.72087 0.72026 0.72485 0.72463 0.72142 0.72156 0.72466 0.72463 0.72244 0.72365 0.72420 0.72300 0.72426 0.72538 0.72320 0.72337 0.72649 0.72639 0.72270 0.72443 0.72777 0.72720 0.72394 0.72615 0.72899 0.72721 0.72515 0.72932 0.73044 0.72647 0.72677 0.73056 0.73194 0.73032 0.72864 0.73063 0.73360 0.73311 0.73104 0.73223 0.73470 0.73484 0.73518 0.73469 0.73394 0.73641 0.73912 0.73713 0.73571 0.73850 0.74122 0.73933 0.73882 0.74118 0.74274 0.74238 0.74308 0.74242 0.74343 0.74676 0.74780 0.74422 0.74508 0.74980 0.75098 0.74797 0.71691 0.65614 0.59333 0.52863 0.46465 0.40172 0.33880 0.27424 0.20956 0.14589 0.10844 0.09685 0.08534 0.07432 0.06294 0.05147 0.04008 0.02874 0.01725 0.00575 0.00000 0.00000 0.00000 0.00000 0.00000 0.00000 0.00000 0.00000 0.00000 0.00000 0.00000 0.00000 0.00000 0.00000 0.00000 0.00000 0.00000 0.00000 0.00000 0.00000 0.00000 0.00000 0.00000 0.00000 0.00000 0.00000 0.00000 0.00000 0.00000 0.00000 0.00000 0.00000 0.00000 0.00000 0.00000 0.00000 0.00000 0.00000 0.00000 0.00000 0.00000 0.00000 0.00000 0.00000 0.00000 0.00000 0.00000 0.00000 0.00000 0.00000 0.00000 0.00000 0.00000 0.00000 0.00000 0.00000 0.00000 0.00000 0.00000 0.00000 0.00000 0.00000 0.00000 0.00000 0.00000 0.00000 0.00000 0.00000 0.00000 0.00000 0.00000 0.00000 0.00000 0.00000 0.00000
0.00000 0.00000 0.00000 0.00000 0.00000 0.00000 0.00000 0.00000 0.00000 0.00000 0.00000 0.00000 0.00000 0.00000 0.00000 0.00000 0.00000 0.00000 0.00000 0.00000 0.00000 0.00000 0.00000 0.00000 0.00000 0.00000 0.00000 0.00000 0.00000 0.00000 0.00000 0.00000 0.00000 0.00000 0.00000 0.00000 0.00000 0.00000 0.00000 0.00000 0.00000 0.00000 0.00000 0.00000 0.00000 0.00000 0.00000 0.00000 0.00000 0.00000 0.00000 0.00000 0.00000 0.00000 0.00000 0.00000 0.00000 0.00000 0.00000 0.00000 0.00000 0.00000 0.00000 0.00000 0.00000 0.00000 0.00000 0.00000 0.00000 0.00000 0.00000 0.00000 0.00000 0.00000 0.00000 0.00194 0.00581 0.00969 0.01357 0.01741 0.02124 0.02507 0.02894 0.03278 0.03655 0.03837 0.03847 0.03835 0.03827 0.03836 0.03832 0.03812 0.03810 0.03824 0.03818 0.07403 0.14606 0.21916 0.29095 0.36113 0.43270 0.50675 0.57800 0.64682 0.71695 0.75320 0.75533 0.75455 0.75078 0.74976 0.75006 0.75216 0.75121 0.74783 0.74635 0.74815 0.74916 0.74678 0.74375 0.74414 0.74639 0.74564 0.74300 0.74106 0.74083 0.74377 0.74356 0.73893 0.73816 0.74141 0.74137 0.73695 0.73585 0.73892 0.73924 0.73539 0.73368 0.73612 0.73718 0.73452 0.73193 0.73290 0.73481 0.73362 0.73171 0.73261 0.73171 0.73020 0.73144 0.73227 0.72870 0.72844 0.73156 0.73045 0.72642 0.72778 0.73015 0.72801 0.72564 0.72819 0.72920 0.72510 0.72438 0.72856 0.72854 0.72343 0.72343 0.72764 0.72751 0.72273 0.72269 0.72645 0.72710 0.72318 0.72206 0.72460 0.72601 0.72426 0.72251 0.72282 0.72474 0.72496 0.72281 0.72210 0.72454 0.72470 0.72239 0.72273 0.72517 0.72344 0.72183 0.72441 0.72582 0.72246 0.72169 0.72474 0.72645 0.72471 0.72186 0.72217 0.72695 0.72701 0.72290 0.72320 0.72654 0.72759 0.72531 0.72415 0.72557 0.72867 0.72778 0.72496 0.72598 0.73014 0.72926 0.72619 0.72711 0.73049 0.73084 0.73047 0.72852 0.72881 0.73256 0.73388 0.73031 0.73005 0.73457 0.73579 0.73201 0.73198 0.73723 0.73773 0.73467 0.73417 0.73669 0.73954 0.73915 0.73648 0.73782 0.74159 0.74243 0.73886 0.73968 0.74421 0.74545 0.74180 0.74247 0.74597 0.74717 0.74571 0.74721 0.74854 0.74792 0.74851 0.75216 0.71683 0.64298 0.57249 0.50454 0.43311 0.35963 0.28835 0.21824 0.14632 0.07382 0.03598 0.03237 0.02863 0.02472 0.02094 0.01723 0.01342 0.00954 0.00574 0.00192 0.00000 0.00000 0.00000 0.00000 0.00000 0.00000 0.00000 0.00000 0.00000 0.00000 0.00000 0.00000 0.00000 0.00000 0.00000 0.00000 0.00000 0.00000 0.00000 0.00000 0.00000 0.00000 0.00000 0.00000 0.00000 0.00000 0.00000 0.00000 0.00000 0.00000 0.00000 0.00000 0.00000 0.00000 0.00000 0.00000 0.00000 0.00000 0.00000 0.00000 0.00000 0.00000 0.00000 0.00000 0.00000 0.00000 0.00000 0.00000 0.00000 0.00000 0.00000 0.00000 0.00000 0.00000 0.00000 0.00000 0.00000 0.00000 0.00000 0.00000 0.00000 0.00000 0.00000 0.00000 0.00000 0.00000 0.00000 0.00000 0.00000 0.00000 0.00000 0.00000 0.00000 0.00000 0.00000
0.00000 0.00000 0.00000 0.00000 0.00000 0.00000 0.00000 0.00000 0.00000 0.00000 0.00000 0.00000 0.00000 0.00000 0.00000 0.00000 0.00000 0.00000 0.00000 0.00000 0.00000 0.00000 0.00000 0.00000 0.00000 0.00000 0.00000 0.00000 0.00000 0.00000 0.00000 0.00000 0.00000 0.00000 0.00000 0.00000 0.00000 0.00000 0.00000 0.00000 0.00000 0.00000 0.00000 0.00000 0.00000 0.00000 0.00000 0.00000 0.00000 0.00000 0.00000 0.00000 0.00000 0.00000 0.00000 0.00000 0.00000 0.00000 0.00000 0.00000 0.00000 0.00000 0.00000 0.00000 0.00000 0.00000 0.00000 0.00000 0.00000 0.00000 0.00000 0.00000 0.00000 0.00000 0.00000 0.00000 0.00000 0.00000 0.00000 0.00000 0.00000 0.00000 0.00000 0.00000 0.00000 0.00000 0.00000 0.00000 0.00000 0.00000 0.00000 0.00000 0.00000 0.00000 0.00000 0.03612 0.10872 0.18101 0.25209 0.32377 0.39661 0.46890 0.53978 0.60900 0.67986 0.71883 0.71847 0.71419 0.71322 0.71484 0.71540 0.71442 0.71228 0.71082 0.71135 0.71460 0.71697 0.71736 0.72073 0.72714 0.73061 0.72981 0.73267 0.73712 0.74359 0.74465 0.73981 0.74002 0.74312 0.74184 0.73763 0.73802 0.74098 0.73943 0.73546 0.73609 0.73892 0.73712 0.73352 0.73469 0.73669 0.73428 0.73216 0.73457 0.73331 0.73098 0.73281 0.73411 0.73110 0.72890 0.73187 0.73239 0.72910 0.72866 0.73121 0.72942 0.72701 0.72896 0.73059 0.72796 0.72563 0.72712 0.72870 0.72814 0.72630 0.72512 0.72662 0.72790 0.72535 0.72422 0.72672 0.72669 0.72351 0.72517 0.72717 0.72400 0.72234 0.72644 0.72694 0.72249 0.72219 0.72663 0.72640 0.72216 0.72209 0.72634 0.72650 0.72250 0.72176 0.72574 0.72666 0.72325 0.72207 0.72535 0.72667 0.72416 0.72246 0.72492 0.72604 0.72576 0.72569 0.72406 0.72459 0.72768 0.72756 0.72384 0.72512 0.72905 0.72846 0.72485 0.72653 0.72990 0.72880 0.72630 0.72906 0.73094 0.72815 0.72785 0.73236 0.73235 0.72912 0.72935 0.73271 0.73421 0.73271 0.72919 0.72785 0.72690 0.72185 0.71699 0.71549 0.71319 0.70825 0.70733 0.70349 0.69926 0.70037 0.70435 0.70405 0.70183 0.70279 0.70638 0.70632 0.70520 0.70536 0.70736 0.70926 0.70961 0.70737 0.70829 0.71232 0.71358 0.71028 0.71075 0.71479 0.68009 0.60706 0.53605 0.46594 0.39509 0.32326 0.25127 0.17985 0.10833 0.03609 0.00000 0.00000 0.00000 0.00000 0.00000 0.00000 0.00000 0.00000 0.00000 0.00000 0.00000 0.00000 0.00000 0.00000 0.00000 0.00000 0.00000 0.00000 0.00000 0.00000 0.00000 0.00000 0.00000 0.00000 0.00000 0.00000 0.00000 0.00000 0.00000 0.00000 0.00000 0.00000 0.00000 0.00000 0.00000 0.00000 0.00000 0.00000 0.00000 0.00000 0.00000 0.00000 0.00000 0.00000 0.00000 0.00000 0.00000 0.00000 0.00000 0.00000 0.00000 0.00000 0.00000 0.00000 0.00000 0.00000 0.00000 0.00000 0.00000 0.00000 0.00000 0.00000 0.00000 0.00000 0.00000 0.00000 0.00000 0.00000 0.00000 0.00000 0.00000 0.00000 0.00000 0.00000 0.00000 0.00000 0.00000 0.00000 0.00000 0.00000 0.00000 0.00000 0.00000 0.00000 0.00000
0.00000 0.00000 0.00000 0.00000 0.00000 0.00000 0.00000 0.00000 0.00000 0.00000 0.00000 0.00000 0.00000 0.00000 0.00000 0.00000 0.00000 0.00000 0.00000 0.00000 0.00000 0.00000 0.00000 0.00000 0.00000 0.00000 0.00000 0.00000 0.00000 0.00000 0.00000 0.00000 0.00000 0.00000 0.00000 0.00000 0.00000 0.00000 0.00000 0.00000 0.00000 0.00000 0.00000 0.00000 0.00000 0.00000 0.00000 0.00000 0.00000 0.00000 0.00000 0.00000 0.00000 0.00000 0.00000 0.00000 0.00000 0.00000 0.00000 0.00000 0.00000 0.00000 0.00000 0.00000 0.00000 0.00000 0.00000 0.00000 0.00000 0.00000 0.00000 0.00000 0.00000 0.00000 0.00000 0.00000 0.00000 0.00000 0.00000 0.00000 0.00000 0.00000 0.00000 0.00000 0.00000 0.00000 0.00000 0.00000 0.00000 0.00000 0.00000 0.00000 0.00000 0.00000 0.00000 0.03251 0.09735 0.16136 0.22575 0.29137 0.35568 0.41824 0.48172 0.54617 0.61224 0.64332 0.64012 0.63968 0.64116 0.64154 0.63980 0.63802 0.63702 0.63840 0.63888 0.64233 0.65117 0.66320 0.67608 0.68609 0.69338 0.70474 0.71818 0.72942 0.73875 0.74124 0.74135 0.74415 0.74375 0.73922 0.73855 0.74177 0.74159 0.73733 0.73629 0.73933 0.73955 0.73583 0.73434 0.73671 0.73744 0.73435 0.73335 0.73514 0.73458 0.73122 0.73320 0.73477 0.73144 0.73007 0.73321 0.73310 0.72867 0.72926 0.73256 0.73093 0.72749 0.72903 0.73112 0.72835 0.72652 0.73057 0.73044 0.72552 0.72570 0.72960 0.72896 0.72460 0.72506 0.72880 0.72835 0.72384 0.72399 0.72778 0.72812 0.72430 0.72397 0.72598 0.72651 0.72539 0.72422 0.72447 0.72612 0.72582 0.72369 0.72429 0.72673 0.72521 0.72290 0.72521 0.72732 0.72443 0.72269 0.72587 0.72773 0.72533 0.72299 0.72439 0.72810 0.72796 0.72402 0.72420 0.72777 0.72857 0.72612 0.72543 0.72708 0.72934 0.72840 0.72616 0.72704 0.73076 0.73035 0.72687 0.72764 0.73225 0.73202 0.72895 0.72883 0.73160 0.73351 0.73357 0.73068 0.73087 0.73492 0.73075 0.71635 0.70495 0.69793 0.68822 0.67458 0.66303 0.65414 0.64523 0.63439 0.62685 0.62704 0.62996 0.63119 0.62903 0.62910 0.63208 0.63379 0.63112 0.63098 0.63428 0.63576 0.63372 0.63425 0.63635 0.63669 0.63633 0.63864 0.63934 0.63750 0.60643 0.54594 0.48206 0.41592 0.35233 0.29033 0.22605 0.16070 0.09652 0.03240 0.00000 0.00000 0.00000 0.00000 0.00000 0.00000 0.00000 0.00000 0.00000 0.00000 0.00000 0.00000 0.00000 0.00000 0.00000 0.00000 0.00000 0.00000 0.00000 0.00000 0.00000 0.00000 0.00000 0.00000 0.00000 0.00000 0.00000 0.00000 0.00000 0.00000 0.00000 0.00000 0.00000 0.00000 0.00000 0.00000 0.00000 0.00000 0.00000 0.00000 0.00000 0.00000 0.00000 0.00000 0.00000 0.00000 0.00000 0.00000 0.00000 0.00000 0.00000 0.00000 0.00000 0.00000 0.00000 0.00000 0.00000 0.00000 0.00000 0.00000 0.00000 0.00000 0.00000 0.00000 0.00000 0.00000 0.00000 0.00000 0.00000 0.00000 0.00000 0.00000 0.00000 0.00000 0.00000 0.00000 0.00000 0.00000 0.00000 0.00000 0.00000 0.00000 0.00000 0.00000 0.00000
0.00000 0.00000 0.00000 0.00000 0.00000 0.00000 0.00000 0.00000 0.00000 0.00000 0.00000 0.00000 0.00000 0.00000 0.00000 0.00000 0.00000 0.00000 0.00000 0.00000 0.00000 0.00000 0.00000 0.00000 0.00000 0.00000 0.00000 0.00000 0.00000 0.00000 0.00000 0.00000 0.00000 0.00000 0.00000 0.00000 0.00000 0.00000 0.00000 0.00000 0.00000 0.00000 0.00000 0.00000 0.00000 0.00000 0.00000 0.00000 0.00000 0.00000 0.00000 0.00000 0.00000 0.00000 0.00000 0.00000 0.00000 0.00000 0.00000 0.00000 0.00000 0.00000 0.00000 0.00000 0.00000 0.00000 0.00000 0.00000 0.00000 0.00000 0.00000 0.00000 0.00000 0.00000 0.00000 0.00000 0.00000 0.00000 0.00000 0.00000 0.00000 0.00000 0.00000 0.00000 0.00000 0.00000 0.00000 0.00000 0.00000 0.00000 0.00000 0.00000 0.00000 0.00000 0.00000 0.02869 0.08562 0.14257 0.20003 0.25726 0.31332 0.36911 0.42602 0.48426 0.54068 0.56564 0.56546 0.56717 0.56671 0.56497 0.56429 0.56373 0.56374 0.56440 0.56334 0.57048 0.58898 0.60963 0.62780 0.64307 0.66085 0.68179 0.70111 0.71730 0.73295 0.74255 0.74570 0.74396 0.74015 0.74099 0.74340 0.74142 0.73799 0.73903 0.74137 0.73917 0.73588 0.73728 0.73939 0.73675 0.73388 0.73634 0.73733 0.73382 0.73239 0.73599 0.73485 0.73120 0.73277 0.73489 0.73218 0.73016 0.73254 0.73227 0.72973 0.73053 0.73208 0.72992 0.72797 0.72946 0.73109 0.73034 0.72863 0.72651 0.72756 0.73024 0.72859 0.72544 0.72695 0.72951 0.72686 0.72538 0.72770 0.72683 0.72477 0.72794 0.72844 0.72415 0.72361 0.72820 0.72831 0.72362 0.72339 0.72779 0.72807 0.72393 0.72324 0.72695 0.72816 0.72486 0.72331 0.72626 0.72828 0.72572 0.72359 0.72600 0.72846 0.72695 0.72535 0.72533 0.72663 0.72879 0.72868 0.72497 0.72580 0.73011 0.72991 0.72578 0.72690 0.73096 0.73042 0.72721 0.72890 0.73172 0.73029 0.72892 0.73201 0.73275 0.72974 0.73043 0.73472 0.73453 0.73175 0.73166 0.73484 0.72747 0.70711 0.68738 0.67202 0.65565 0.63480 0.61588 0.60066 0.58155 0.56212 0.55547 0.55651 0.55444 0.55439 0.55787 0.55836 0.55662 0.55643 0.55904 0.56031 0.55979 0.55847 0.55961 0.56248 0.56311 0.56066 0.56106 0.56450 0.56544 0.56345 0.53573 0.48120 0.42506 0.36839 0.31193 0.25549 0.19919 0.14248 0.08540 0.02850 0.00000 0.00000 0.00000 0.00000 0.00000 0.00000 0.00000 0.00000 0.00000 0.00000 0.00000 0.00000 0.00000 0.00000 0.00000 0.00000 0.00000 0.00000 0.00000 0.00000 0.00000 0.00000 0.00000 0.00000 0.00000 0.00000 0.00000 0.00000 0.00000 0.00000 0.00000 0.00000 0.00000 0.00000 0.00000 0.00000 0.00000 0.00000 0.00000 0.00000 0.00000 0.00000 0.00000 0.00000 0.00000 0.00000 0.00000 0.00000 0.00000 0.00000 0.00000 0.00000 0.00000 0.00000 0.00000 0.00000 0.00000 0.00000 0.00000 0.00000 0.00000 0.00000 0.00000 0.00000 0.00000 0.00000 0.00000 0.00000 0.00000 0.00000 0.00000 0.00000 0.00000 0.00000 0.00000 0.00000 0.00000 0.00000 0.00000 0.00000 0.00000 0.00000 0.00000 0.00000 0.00000
0.00000 0.00000 0.00000 0.00000 0.00000 0.00000 0.00000 0.00000 0.00000 0.00000 0.00000 0.00000 0.00000 0.00000 0.00000 0.00000 0.00000 0.00000 0.00000 0.00000 0.00000 0.00000 0.00000 0.00000 0.00000 0.00000 0.00000 0.00000 0.00000 0.00000 0.00000 0.00000 0.00000 0.00000 0.00000 0.00000 0.00000 0.00000 0.00000 0.00000 0.00000 0.00000 0.00000 0.00000 0.00000 0.00000 0.00000 0.00000 0.00000 0.00000 0.00000 0.00000 0.00000 0.00000 0.00000 0.00000 0.00000 0.00000 0.00000 0.00000 0.00000 0.00000 0.00000 0.00000 0.00000 0.00000 0.00000 0.00000 0.00000 0.00000 0.00000 0.00000 0.00000 0.00000 0.00000 0.00000 0.00000 0.00000 0.00000 0.00000 0.00000 0.00000 0.00000 0.00000 0.00000 0.00000 0.00000 0.00000 0.00000 0.00000 0.00000 0.00000 0.00000 0.00000 0.00000 0.02478 0.07428 0.12416 0.17374 0.22242 0.27120 0.32084 0.37100 0.41932 0.46658 0.49113 0.49259 0.49193 0.49037 0.48977 0.48947 0.48984 0.49006 0.48859 0.48699 0.50074 0.52820 0.55312 0.57662 0.60303 0.63139 0.65673 0.67872 0.70478 0.73297 0.74659 0.74461 0.74151 0.74157 0.74443 0.74368 0.73952 0.73908 0.74219 0.74169 0.73767 0.73696 0.73986 0.73970 0.73606 0.73541 0.73771 0.73728 0.73381 0.73489 0.73719 0.73419 0.73188 0.73498 0.73568 0.73111 0.73064 0.73464 0.73382 0.72942 0.72993 0.73303 0.73194 0.72884 0.72947 0.73181 0.72945 0.72826 0.73060 0.73033 0.72719 0.72775 0.73006 0.72886 0.72587 0.72707 0.72990 0.72908 0.72499 0.72579 0.72896 0.72788 0.72568 0.72608 0.72718 0.72734 0.72661 0.72541 0.72615 0.72794 0.72671 0.72438 0.72635 0.72866 0.72626 0.72400 0.72686 0.72901 0.72655 0.72424 0.72650 0.72934 0.72842 0.72499 0.72547 0.72919 0.72984 0.72692 0.72691 0.72841 0.72972 0.72914 0.72773 0.72822 0.73120 0.73112 0.72808 0.72858 0.73298 0.73294 0.72898 0.72948 0.73415 0.73450 0.73186 0.73102 0.73301 0.73583 0.73614 0.73318 0.72025 0.69831 0.67377 0.64571 0.61933 0.59573 0.57153 0.54565 0.51841 0.49221 0.48174 0.48300 0.48163 0.48109 0.48301 0.48477 0.48331 0.48263 0.48473 0.48642 0.48500 0.48476 0.48652 0.48731 0.48679 0.48779 0.48870 0.48790 0.48829 0.49096 0.46673 0.41577 0.36736 0.32054 0.27155 0.22113 0.17215 0.12384 0.07439 0.02468 0.00000 0.00000 0.00000 0.00000 0.00000 0.00000 0.00000 0.00000 0.00000 0.00000 0.00000 0.00000 0.00000 0.00000 0.00000 0.00000 0.00000 0.00000 0.00000 0.00000 0.00000 0.00000 0.00000 0.00000 0.00000 0.00000 0.00000 0.00000 0.00000 0.00000 0.00000 0.00000 0.00000 0.00000 0.00000 0.00000 0.00000 0.00000 0.00000 0.00000 0.00000 0.00000 0.00000 0.00000 0.00000 0.00000 0.00000 0.00000 0.00000 0.00000 0.00000 0.00000 0.00000 0.00000 0.00000 0.00000 0.00000 0.00000 0.00000 0.00000 0.00000 0.00000 0.00000 0.00000 0.00000 0.00000 0.00000 0.00000 0.00000 0.00000 0.00000 0.00000 0.00000 0.00000 0.00000 0.00000 0.00000 0.00000 0.00000 0.00000 0.00000 0.00000 0.00000 0.00000 0.00000
0.00000 0.00000 0.00000 0.00000 0.00000 0.00000 0.00000 0.00000 0.00000 0.00000 0.00000 0.00000 0.00000 0.00000 0.00000 0.00000 0.00000 0.00000 0.00000 0.00000 0.00000 0.00000 0.00000 0.00000 0.00000 0.00000 0.00000 0.00000 0.00000 0.00000 0.00000 0.00000 0.00000 0.00000 0.00000 0.00000 0.00000 0.00000 0.00000 0.00000 0.00000 0.00000 0.00000 0.00000 0.00000 0.00000 0.00000 0.00000 0.00000 0.00000 0.00000 0.00000 0.00000 0.00000 0.00000 0.00000 0.00000 0.00000 0.00000 0.00000 0.00000 0.00000 0.00000 0.00000 0.00000 0.00000 0.00000 0.00000 0.00000 0.00000 0.00000 0.00000 0.00000 0.00000 0.00000 0.00000 0.00000 0.00000 0.00000 0.00000 0.00000 0.00000 0.00000 0.00000 0.00000 0.00000 0.00000 0.00000 0.00000 0.00000 0.00000 0.00000 0.00000 0.00000 0.00000 0.02099 0.06309 0.10522 0.14677 0.18813 0.23015 0.27257 0.31390 0.35387 0.39571 0.41776 0.41691 0.41522 0.41534 0.41536 0.41491 0.41507 0.41444 0.41307 0.41295 0.43110 0.46426 0.49559 0.52892 0.56481 0.59814 0.62806 0.66098 0.69713 0.73129 0.74476 0.74261 0.74441 0.74587 0.74319 0.74053 0.74200 0.74371 0.74120 0.73841 0.73999 0.74176 0.73899 0.73635 0.73851 0.73989 0.73645 0.73442 0.73783 0.73803 0.73368 0.73343 0.73709 0.73566 0.73202 0.73326 0.73489 0.73302 0.73218 0.73312 0.73174 0.73073 0.73230 0.73192 0.73105 0.73059 0.72905 0.72801 0.73236 0.73149 0.72703 0.72733 0.73139 0.73028 0.72640 0.72766 0.72989 0.72812 0.72867 0.72913 0.72549 0.72576 0.72985 0.72984 0.72495 0.72486 0.72947 0.72968 0.72509 0.72467 0.72867 0.72959 0.72598 0.72465 0.72773 0.72969 0.72695 0.72485 0.72737 0.72991 0.72792 0.72553 0.72692 0.72964 0.72965 0.72912 0.72624 0.72660 0.73115 0.73133 0.72673 0.72733 0.73200 0.73206 0.72803 0.72894 0.73271 0.73216 0.72973 0.73153 0.73346 0.73179 0.73147 0.73490 0.73484 0.73152 0.73273 0.73676 0.73697 0.73412 0.71734 0.68761 0.65607 0.62033 0.58655 0.55664 0.52420 0.48869 0.45629 0.42508 0.40741 0.40667 0.40883 0.40979 0.40838 0.40798 0.41015 0.41119 0.41045 0.40946 0.41051 0.41268 0.41281 0.41106 0.41147 0.41415 0.41476 0.41298 0.41326 0.41530 0.39489 0.35308 0.31194 0.27059 0.22919 0.18803 0.14630 0.10442 0.06283 0.02100 0.00000 0.00000 0.00000 0.00000 0.00000 0.00000 0.00000 0.00000 0.00000 0.00000 0.00000 0.00000 0.00000 0.00000 0.00000 0.00000 0.00000 0.00000 0.00000 0.00000 0.00000 0.00000 0.00000 0.00000 0.00000 0.00000 0.00000 0.00000 0.00000 0.00000 0.00000 0.00000 0.00000 0.00000 0.00000 0.00000 0.00000 0.00000 0.00000 0.00000 0.00000 0.00000 0.00000 0.00000 0.00000 0.00000 0.00000 0.00000 0.00000 0.00000 0.00000 0.00000 0.00000 0.00000 0.00000 0.00000 0.00000 0.00000 0.00000 0.00000 0.00000 0.00000 0.00000 0.00000 0.00000 0.00000 0.00000 0.00000 0.00000 0.00000 0.00000 0.00000 0.00000 0.00000 0.00000 0.00000 0.00000 0.00000 0.00000 0.00000 0.00000 0.00000 0.00000 0.00000 0.00000
0.00000 0.00000 0.00000 0.00000 0.00000 0.00000 0.00000 0.00000 0.00000 0.00000 0.00000 0.00000 0.00000 0.00000 0.00000 0.00000 0.00000 0.00000 0.00000 0.00000 0.00000 0.00000 0.00000 0.00000 0.00000 0.00000 0.00000 0.00000 0.00000 0.00000 0.00000 0.00000 0.00000 0.00000 0.00000 0.00000 0.00000 0.00000 0.00000 0.00000 0.00000 0.00000 0.00000 0.00000 0.00000 0.00000 0.00000 0.00000 0.00000 0.00000 0.00000 0.00000 0.00000 0.00000 0.00000 0.00000 0.00000 0.00000 0.00000 0.00000 0.00000 0.00000 0.00000 0.00000 0.00000 0.00000 0.00000 0.00000 0.00000 0.00000 0.00000 0.00000 0.00000 0.00000 0.00000 0.00000 0.00000 0.00000 0.00000 0.00000 0.00000 0.00000 0.00000 0.00000 0.00000 0.00000 0.00000 0.00000 0.00000 0.00000 0.00000 0.00000 0.00000 0.00000 0.00000 0.01725 0.05174 0.08590 0.11993 0.15442 0.18904 0.22275 0.25596 0.29022 0.32530 0.34163 0.34028 0.34034 0.34054 0.34024 0.34023 0.33944 0.33846 0.33881 0.33956 0.35924 0.39894 0.44052 0.48319 0.52349 0.56195 0.60299 0.64638 0.68708 0.72468 0.74405 0.74530 0.74687 0.74522 0.74184 0.74202 0.74480 0.74373 0.73980 0.73970 0.74268 0.74181 0.73797 0.73782 0.74051 0.73967 0.73624 0.73677 0.73877 0.73686 0.73430 0.73672 0.73780 0.73363 0.73256 0.73662 0.73644 0.73144 0.73126 0.73501 0.73476 0.73088 0.73013 0.73271 0.73334 0.73122 0.72887 0.73038 0.73114 0.73058 0.73029 0.72984 0.72892 0.73029 0.73070 0.72782 0.72719 0.73013 0.73107 0.72739 0.72652 0.72878 0.72977 0.72809 0.72734 0.72761 0.72826 0.72879 0.72792 0.72631 0.72778 0.72973 0.72790 0.72554 0.72791 0.73030 0.72806 0.72557 0.72787 0.73066 0.72886 0.72603 0.72756 0.73075 0.73018 0.72754 0.72853 0.72992 0.72959 0.72988 0.72982 0.72938 0.73110 0.73187 0.72984 0.72963 0.73341 0.73371 0.72993 0.73032 0.73521 0.73538 0.73127 0.73157 0.73581 0.73683 0.73477 0.73338 0.73462 0.73801 0.71803 0.67518 0.63452 0.59658 0.55705 0.51567 0.47431 0.43404 0.39491 0.35493 0.33360 0.33302 0.33440 0.33572 0.33496 0.33420 0.33538 0.33686 0.33617 0.33559 0.33659 0.33739 0.33733 0.33752 0.33808 0.33801 0.33829 0.33969 0.33999 0.33864 0.32214 0.29011 0.25629 0.22110 0.18722 0.15417 0.12012 0.08542 0.05130 0.01722 0.00000 0.00000 0.00000 0.00000 0.00000 0.00000 0.00000 0.00000 0.00000 0.00000 0.00000 0.00000 0.00000 0.00000 0.00000 0.00000 0.00000 0.00000 0.00000 0.00000 0.00000 0.00000 0.00000 0.00000 0.00000 0.00000 0.00000 0.00000 0.00000 0.00000 0.00000 0.00000 0.00000 0.00000 0.00000 0.00000 0.00000 0.00000 0.00000 0.00000 0.00000 0.00000 0.00000 0.00000 0.00000 0.00000 0.00000 0.00000 0.00000 0.00000 0.00000 0.00000 0.00000 0.00000 0.00000 0.00000 0.00000 0.00000 0.00000 0.00000 0.00000 0.00000 0.00000 0.00000 0.00000 0.00000 0.00000 0.00000 0.00000 0.00000 0.00000 0.00000 0.00000 0.00000 0.00000 0.00000 0.00000 0.00000 0.00000 0.00000 0.00000 0.00000 0.00000 0.00000 0.00000
0.00000 0.00000 0.00000 0.00000 0.00000 0.00000 0.00000 0.00000 0.00000 0.00000 0.00000 0.00000 0.00000 0.00000 0.00000 0.00000 0.00000 0.00000 0.00000 0.00000 0.00000 0.00000 0.00000 0.00000 0.00000 0.00000 0.00000 0.00000 0.00000 0.00000 0.00000 0.00000 0.00000 0.00000 0.00000 0.00000 0.00000 0.00000 0.00000 0.00000 0.00000 0.00000 0.00000 0.00000 0.00000 0.00000 0.00000 0.00000 0.00000 0.00000 0.00000 0.00000 0.00000 0.00000 0.00000 0.00000 0.00000 0.00000 0.00000 0.00000 0.00000 0.00000 0.00000 0.00000 0.00000 0.00000 0.00000 0.00000 0.00000 0.00000 0.00000 0.00000 0.00000 0.00000 0.00000 0.00000 0.00000 0.00000 0.00000 0.00000 0.00000 0.00000 0.00000 0.00000 0.00000 0.00000 0.00000 0.00000 0.00000 0.00000 0.00000 0.00000 0.00000 0.00000 0.00000 0.01344 0.04019 0.06675 0.09355 0.12052 0.14697 0.17286 0.19957 0.22684 0.25296 0.26495 0.26524 0.26562 0.26503 0.26476 0.26457 0.26392 0.26384 0.26449 0.26391 0.28712 0.33592 0.38614 0.43439 0.48061 0.52897 0.58001 0.62844 0.67318 0.72082 0.74777 0.74834 0.74493 0.74300 0.74493 0.74609 0.74323 0.74094 0.74270 0.74400 0.74117 0.73890 0.74092 0.74215 0.73887 0.73686 0.73980 0.74042 0.73621 0.73514 0.73913 0.73865 0.73405 0.73406 0.73738 0.73648 0.73383 0.73376 0.73397 0.73405 0.73445 0.73321 0.73112 0.73269 0.73367 0.73087 0.73263 0.73367 0.72963 0.72857 0.73334 0.73282 0.72863 0.72803 0.73135 0.73165 0.72924 0.72897 0.72804 0.72847 0.73119 0.73112 0.72641 0.72661 0.73113 0.73125 0.72623 0.72614 0.73060 0.73105 0.72677 0.72606 0.72973 0.73105 0.72771 0.72614 0.72919 0.73118 0.72862 0.72649 0.72881 0.73145 0.73022 0.72742 0.72783 0.73017 0.73214 0.73176 0.72773 0.72822 0.73302 0.73334 0.72890 0.72922 0.73369 0.73393 0.73049 0.73151 0.73434 0.73352 0.73234 0.73445 0.73529 0.73314 0.73389 0.73761 0.73709 0.73354 0.73494 0.73881 0.71546 0.66445 0.61647 0.57189 0.52477 0.47422 0.42635 0.38070 0.33234 0.28298 0.25978 0.26091 0.26023 0.25971 0.26088 0.26180 0.26131 0.26060 0.26121 0.26272 0.26272 0.26157 0.26178 0.26370 0.26389 0.26268 0.26288 0.26446 0.26473 0.26422 0.25130 0.22515 0.19875 0.17280 0.14638 0.11953 0.09311 0.06682 0.04008 0.01333 0.00000 0.00000 0.00000 0.00000 0.00000 0.00000 0.00000 0.00000 0.00000 0.00000 0.00000 0.00000 0.00000 0.00000 0.00000 0.00000 0.00000 0.00000 0.00000 0.00000 0.00000 0.00000 0.00000 0.00000 0.00000 0.00000 0.00000 0.00000 0.00000 0.00000 0.00000 0.00000 0.00000 0.00000 0.00000 0.00000 0.00000 0.00000 0.00000 0.00000 0.00000 0.00000 0.00000 0.00000 0.00000 0.00000 0.00000 0.00000 0.00000 0.00000 0.00000 0.00000 0.00000 0.00000 0.00000 0.00000 0.00000 0.00000 0.00000 0.00000 0.00000 0.00000 0.00000 0.00000 0.00000 0.00000 0.00000 0.00000 0.00000 0.00000 0.00000 0.00000 0.00000 0.00000 0.00000 0.00000 0.00000 0.00000 0.00000 0.00000 0.00000 0.00000 0.00000 0.00000 0.00000
0.00000 0.00000 0.00000 0.00000 0.00000 0.00000 0.00000 0.00000 0.00000 0.00000 0.00000 0.00000 0.00000 0.00000 0.00000 0.00000 0.00000 0.00000 0.00000 0.00000 0.00000 0.00000 0.00000 0.00000 0.00000 0.00000 0.00000 0.00000 0.00000 0.00000 0.00000 0.00000 0.00000 0.00000 0.00000 0.00000 0.00000 0.00000 0.00000 0.00000 0.00000 0.00000 0.00000 0.00000 0.00000 0.00000 0.00000 0.00000 0.00000 0.00000 0.00000 0.00000 0.00000 0.00000 0.00000 0.00000 0.00000 0.00000 0.00000 0.00000 0.00000 0.00000 0.00000 0.00000 0.00000 0.00000 0.00000 0.00000 0.00000 0.00000 0.00000 0.00000 0.00000 0.00000 0.00000 0.00000 0.00000 0.00000 0.00000 0.00000 0.00000 0.00000 0.00000 0.00000 0.00000 0.00000 0.00000 0.00000 0.00000 0.00000 0.00000 0.00000 0.00000 0.00000 0.00000 0.00958 0.02866 0.04784 0.06707 0.08600 0.10466 0.12379 0.14320 0.16193 0.18013 0.18975 0.19008 0.18972 0.18947 0.18920 0.18876 0.18894 0.18930 0.18866 0.18797 0.21645 0.27352 0.32926 0.38422 0.44054 0.49794 0.55377 0.60773 0.66282 0.72035 0.74921 0.74699 0.74432 0.74504 0.74721 0.74572 0.74208 0.74246 0.74524 0.74391 0.74007 0.74041 0.74321 0.74188 0.73827 0.73893 0.74116 0.73936 0.73668 0.73849 0.73949 0.73615 0.73499 0.73855 0.73838 0.73356 0.73328 0.73722 0.73719 0.73291 0.73184 0.73454 0.73582 0.73328 0.73054 0.73157 0.73437 0.73392 0.73044 0.73109 0.73226 0.73266 0.73083 0.72916 0.73050 0.73273 0.73150 0.72783 0.72843 0.73168 0.73191 0.72856 0.72857 0.73012 0.73016 0.72945 0.72914 0.72860 0.72936 0.73047 0.72933 0.72744 0.72921 0.73129 0.72957 0.72709 0.72898 0.73184 0.73015 0.72726 0.72913 0.73229 0.73019 0.72812 0.73082 0.73170 0.72845 0.73051 0.73236 0.73062 0.73034 0.73269 0.73232 0.73064 0.73312 0.73449 0.73145 0.73121 0.73592 0.73620 0.73184 0.73225 0.73723 0.73774 0.73387 0.73375 0.73711 0.73914 0.73748 0.73582 0.70927 0.65687 0.60152 0.54491 0.48938 0.43495 0.38032 0.32499 0.26881 0.21297 0.18588 0.18653 0.18619 0.18569 0.18629 0.18713 0.18697 0.18647 0.18685 0.18738 0.18766 0.18754 0.18758 0.18775 0.18824 0.18858 0.18867 0.18825 0.18844 0.18963 0.18031 0.16060 0.14180 0.12362 0.10481 0.08546 0.06649 0.04776 0.02870 0.00953 0.00000 0.00000 0.00000 0.00000 0.00000 0.00000 0.00000 0.00000 0.00000 0.00000 0.00000 0.00000 0.00000 0.00000 0.00000 0.00000 0.00000 0.00000 0.00000 0.00000 0.00000 0.00000 0.00000 0.00000 0.00000 0.00000 0.00000 0.00000 0.00000 0.00000 0.00000 0.00000 0.00000 0.00000 0.00000 0.00000 0.00000 0.00000 0.00000 0.00000 0.00000 0.00000 0.00000 0.00000 0.00000 0.00000 0.00000 0.00000 0.00000 0.00000 0.00000 0.00000 0.00000 0.00000 0.00000 0.00000 0.00000 0.00000 0.00000 0.00000 0.00000 0.00000 0.00000 0.00000 0.00000 0.00000 0.00000 0.00000 0.00000 0.00000 0.00000 0.00000 0.00000 0.00000 0.00000 0.00000 0.00000 0.00000 0.00000 0.00000 0.00000 0.00000 0.00000 0.00000 0.00000
0.00000 0.00000 0.00000 0.00000 0.00000 0.00000 0.00000 0.00000 0.00000 0.00000 0.00000 0.00000 0.00000 0.00000 0.00000 0.00000 0.00000 0.00000 0.00000 0.00000 0.00000 0.00000 0.00000 0.00000 0.00000 0.00000 0.00000 0.00000 0.00000 0.00000 0.00000 0.00000 0.00000 0.00000 0.00000 0.00000 0.00000 0.00000 0.00000 0.00000 0.00000 0.00000 0.00000 0.00000 0.00000 0.00000 0.00000 0.00000 0.00000 0.00000 0.00000 0.00000 0.00000 0.00000 0.00000 0.00000 0.00000 0.00000 0.00000 0.00000 0.00000 0.00000 0.00000 0.00000 0.00000 0.00000 0.00000 0.00000 0.00000 0.00000 0.00000 0.00000 0.00000 0.00000 0.00000 0.00000 0.00000 0.00000 0.00000 0.00000 0.00000 0.00000 0.00000 0.00000 0.00000 0.00000 0.00000 0.00000 0.00000 0.00000 0.00000 0.00000 0.00000 0.00000 0.00000 0.00574 0.01725 0.02880 0.04023 0.05148 0.06294 0.07461 0.08593 0.09685 0.10835 0.11437 0.11405 0.11359 0.11374 0.11362 0.11354 0.11372 0.11343 0.11300 0.11308 0.14554 0.20928 0.27216 0.33598 0.40114 0.46464 0.52597 0.58889 0.65477 0.71881 0.74716 0.74535 0.74758 0.74854 0.74546 0.74338 0.74524 0.74628 0.74341 0.74144 0.74339 0.74425 0.74115 0.73941 0.74199 0.74256 0.73865 0.73739 0.74114 0.74101 0.73621 0.73569 0.73974 0.73937 0.73547 0.73458 0.73651 0.73738 0.73622 0.73407 0.73315 0.73546 0.73607 0.73293 0.73132 0.73487 0.73462 0.73091 0.73311 0.73469 0.73096 0.72955 0.73275 0.73390 0.73164 0.72896 0.73032 0.73248 0.73236 0.73232 0.72848 0.72826 0.73267 0.73279 0.72768 0.72773 0.73241 0.73254 0.72771 0.72751 0.73181 0.73246 0.72828 0.72750 0.73132 0.73244 0.72902 0.72775 0.73101 0.73263 0.73037 0.72809 0.73002 0.73290 0.73287 0.72961 0.72887 0.73090 0.73407 0.73333 0.72980 0.73038 0.73463 0.73529 0.73133 0.73148 0.73519 0.73511 0.73320 0.73470 0.73579 0.73453 0.73506 0.73752 0.73707 0.73464 0.73634 0.73983 0.73933 0.73592 0.70588 0.64677 0.58440 0.51863 0.45598 0.39581 0.33291 0.26832 0.20574 0.14357 0.11173 0.11135 0.11171 0.11224 0.11208 0.11173 0.11193 0.11261 0.11263 0.11214 0.11216 0.11300 0.11307 0.11257 0.11263 0.11346 0.11352 0.11314 0.11325 0.11349 0.10796 0.09684 0.08554 0.07394 0.06263 0.05154 0.04011 0.02855 0.01717 0.00575 0.00000 0.00000 0.00000 0.00000 0.00000 0.00000 0.00000 0.00000 0.00000 0.00000 0.00000 0.00000 0.00000 0.00000 0.00000 0.00000 0.00000 0.00000 0.00000 0.00000 0.00000 0.00000 0.00000 0.00000 0.00000 0.00000 0.00000 0.00000 0.00000 0.00000 0.00000 0.00000 0.00000 0.00000 0.00000 0.00000 0.00000 0.00000 0.00000 0.00000 0.00000 0.00000 0.00000 0.00000 0.00000 0.00000 0.00000 0.00000 0.00000 0.00000 0.00000 0.00000 0.00000 0.00000 0.00000 0.00000 0.00000 0.00000 0.00000 0.00000 0.00000 0.00000 0.00000 0.00000 0.00000 0.00000 0.00000 0.00000 0.00000 0.00000 0.00000 0.00000 0.00000 0.00000 0.00000 0.00000 0.00000 0.00000 0.00000 0.00000 0.00000 0.00000 0.00000 0.00000 0.00000
0.00000 0.00000 0.00000 0.00000 0.00000 0.00000 0.00000 0.00000 0.00000 0.00000 0.00000 0.00000 0.00000 0.00000 0.00000 0.00000 0.00000 0.00000 0.00000 0.00000 0.00000 0.00000 0.00000 0.00000 0.00000 0.00000 0.00000 0.00000 0.00000 0.00000 0.00000 0.00000 0.00000 0.00000 0.00000 0.00000 0.00000 0.00000 0.00000 0.00000 0.00000 0.00000 0.00000 0.00000 0.00000 0.00000 0.00000 0.00000 0.00000 0.00000 0.00000 0.00000 0.00000 0.00000 0.00000 0.00000 0.00000 0.00000 0.00000 0.00000 0.00000 0.00000 0.00000 0.00000 0.00000 0.00000 0.00000 0.00000 0.00000 0.00000 0.00000 0.00000 0.00000 0.00000 0.00000 0.00000 0.00000 0.00000 0.00000 0.00000 0.00000 0.00000 0.00000 0.00000 0.00000 0.00000 0.00000 0.00000 0.00000 0.00000 0.00000 0.00000 0.00000 0.00000 0.00000 0.00192 0.00577 0.00959 0.01337 0.01721 0.02108 0.02487 0.02854 0.03238 0.03626 0.03810 0.03796 0.03797 0.03791 0.03794 0.03799 0.03784 0.03772 0.03780 0.03785 0.07356 0.14487 0.21654 0.28825 0.35941 0.43003 0.50062 0.57218 0.64417 0.71402 0.74699 0.74751 0.74955 0.74803 0.74449 0.74502 0.74761 0.74611 0.74231 0.74296 0.74569 0.74403 0.74034 0.74128 0.74373 0.74167 0.73870 0.74040 0.74169 0.73864 0.73735 0.74037 0.73992 0.73573 0.73580 0.73944 0.73885 0.73472 0.73403 0.73684 0.73784 0.73487 0.73261 0.73433 0.73658 0.73460 0.73179 0.73283 0.73492 0.73278 0.73159 0.73181 0.73355 0.73438 0.73109 0.72981 0.73273 0.73374 0.73097 0.72964 0.73100 0.73246 0.73120 0.73029 0.73087 0.73090 0.73064 0.73119 0.73087 0.72960 0.73060 0.73199 0.73089 0.72895 0.73037 0.73261 0.73155 0.72881 0.73006 0.73340 0.73190 0.72905 0.73128 0.73362 0.73052 0.73100 0.73407 0.73201 0.72993 0.73353 0.73469 0.73162 0.73203 0.73536 0.73441 0.73207 0.73624 0.73704 0.73268 0.73296 0.73802 0.73855 0.73414 0.73430 0.73891 0.74003 0.73660 0.73594 0.73895 0.74146 0.70460 0.63316 0.56408 0.49533 0.42486 0.35443 0.28381 0.21328 0.14318 0.07273 0.03725 0.03716 0.03727 0.03742 0.03742 0.03731 0.03735 0.03747 0.03758 0.03752 0.03747 0.03753 0.03771 0.03771 0.03764 0.03766 0.03781 0.03791 0.03792 0.03778 0.03592 0.03233 0.02856 0.02469 0.02090 0.01717 0.01338 0.00954 0.00573 0.00192 0.00000 0.00000 0.00000 0.00000 0.00000 0.00000 0.00000 0.00000 0.00000 0.00000 0.00000 0.00000 0.00000 0.00000 0.00000 0.00000 0.00000 0.00000 0.00000 0.00000 0.00000 0.00000 0.00000 0.00000 0.00000 0.00000 0.00000 0.00000 0.00000 0.00000 0.00000 0.00000 0.00000 0.00000 0.00000 0.00000 0.00000 0.00000 0.00000 0.00000 0.00000 0.00000 0.00000 0.00000 0.00000 0.00000 0.00000 0.00000 0.00000 0.00000 0.00000 0.00000 0.00000 0.00000 0.00000 0.00000 0.00000 0.00000 0.00000 0.00000 0.00000 0.00000 0.00000 0.00000 0.00000 0.00000 0.00000 0.00000 0.00000 0.00000 0.00000 0.00000 0.00000 0.00000 0.00000 0.00000 0.00000 0.00000 0.00000 0.00000 0.00000 0.00000 0.00000 0.00000 0.00000
0.00000 0.00000 0.00000 0.00000 0.00000 0.00000 0.00000 0.00000 0.00000 0.00000 0.00000 0.00000 0.00000 0.00000 0.00000 0.00000 0.00000 0.00000 0.00000 0.00000 0.00000 0.00000 0.00000 0.00000 0.00000 0.00000 0.00000 0.00000 0.00000 0.00000 0.00000 0.00000 0.00000 0.00000 0.00000 0.00000 0.00000 0.00000 0.00000 0.00000 0.00000 0.00000 0.00000 0.00000 0.00000 0.00000 0.00000 0.00000 0.00000 0.00000 0.00000 0.00000 0.00000 0.00000 0.00000 0.00000 0.00000 0.00000 0.00000 0.00000 0.00000 0.00000 0.00000 0.00000 0.00000 0.00000 0.00000 0.00000 0.00000 0.00000 0.00000 0.00000 0.00000 0.00000 0.00000 0.00000 0.00000 0.00000 0.00000 0.00000 0.00000 0.00000 0.00000 0.00000 0.00000 0.00000 0.00000 0.00000 0.00000 0.00000 0.00000 0.00000 0.00000 0.00000 0.00000 0.00000 0.00000 0.00000 0.00000 0.00000 0.00000 0.00000 0.00000 0.00000 0.00000 0.00000 0.00000 0.00000 0.00000 0.00000 0.00000 0.00000 0.00000 0.00000 0.00000 0.03579 0.10748 0.17941 0.25077 0.32142 0.39236 0.46455 0.53638 0.60562 0.67501 0.71223 0.71343 0.71067 0.70839 0.71010 0.71125 0.70856 0.70666 0.70843 0.70905 0.70627 0.70489 0.70707 0.70730 0.70392 0.70291 0.70604 0.70591 0.70154 0.70096 0.70487 0.70453 0.70027 0.69939 0.70223 0.70307 0.70080 0.69828 0.69883 0.70147 0.70110 0.69753 0.69665 0.70017 0.70014 0.69627 0.69535 0.69958 0.69848 0.69498 0.69542 0.69885 0.69811 0.69413 0.69452 0.69778 0.69772 0.69445 0.69367 0.69386 0.69752 0.69724 0.69286 0.69284 0.69736 0.69721 0.69257 0.69264 0.69696 0.69717 0.69270 0.69247 0.69663 0.69720 0.69305 0.69256 0.69649 0.69710 0.69383 0.69300 0.69606 0.69757 0.69613 0.69326 0.69422 0.69739 0.69835 0.69579 0.69415 0.69603 0.69877 0.69824 0.69563 0.69613 0.69918 0.69972 0.69742 0.69860 0.69945 0.69842 0.69946 0.70107 0.70010 0.69897 0.70105 0.70322 0.70177 0.69973 0.70196 0.70502 0.66927 0.59615 0.52692 0.45942 0.38908 0.31652 0.24648 0.17722 0.10628 0.03527 0.00000 0.00000 0.00000 0.00000 0.00000 0.00000 0.00000 0.00000 0.00000 0.00000 0.00000 0.00000 0.00000 0.00000 0.00000 0.00000 0.00000 0.00000 0.00000 0.00000 0.00000 0.00000 0.00000 0.00000 0.00000 0.00000 0.00000 0.00000 0.00000 0.00000 0.00000 0.00000 0.00000 0.00000 0.00000 0.00000 0.00000 0.00000 0.00000 0.00000 0.00000 0.00000 0.00000 0.00000 0.00000 0.00000 0.00000 0.00000 0.00000 0.00000 0.00000 0.00000 0.00000 0.00000 0.00000 0.00000 0.00000 0.00000 0.00000 0.00000 0.00000 0.00000 0.00000 0.00000 0.00000 0.00000 0.00000 0.00000 0.00000 0.00000 0.00000 0.00000 0.00000 0.00000 0.00000 0.00000 0.00000 0.00000 0.00000 0.00000 0.00000 0.00000 0.00000 0.00000 0.00000 0.00000 0.00000 0.00000 0.00000 0.00000 0.00000 0.00000 0.00000 0.00000 0.00000 0.00000 0.00000 0.00000 0.00000 0.00000 0.00000 0.00000 0.00000 0.00000 0.00000 0.00000 0.00000 0.00000 0.00000 0.00000 0.00000 0.00000 0.00000 0.00000 0.00000
0.00000 0.00000 0.00000 0.00000 0.00000 0.00000 0.00000 0.00000 0.00000 0.00000 0.00000 0.00000 0.00000 0.00000 0.00000 0.00000 0.00000 0.00000 0.00000 0.00000 0.00000 0.00000 0.00000 0.00000 0.00000 0.00000 0.00000 0.00000 0.00000 0.00000 0.00000 0.00000 0.00000 0.00000 0.00000 0.00000 0.00000 0.00000 0.00000 0.00000 0.00000 0.00000 0.00000 0.00000 0.00000 0.00000 0.00000 0.00000 0.00000 0.00000 0.00000 0.00000 0.00000 0.00000 0.00000 0.00000 0.00000 0.00000 0.00000 0.00000 0.00000 0.00000 0.00000 0.00000 0.00000 0.00000 0.00000 0.00000 0.00000 0.00000 0.00000 0.00000 0.00000 0.00000 0.00000 0.00000 0.00000 0.00000 0.00000 0.00000 0.00000 0.00000 0.00000 0.00000 0.00000 0.00000 0.00000 0.00000 0.00000 0.00000 0.00000 0.00000 0.00000 0.00000 0.00000 0.00000 0.00000 0.00000 0.00000 0.00000 0.00000 0.00000 0.00000 0.00000 0.00000 0.00000 0.00000 0.00000 0.00000 0.00000 0.00000 0.00000 0.00000 0.00000 0.00000 0.03216 0.09635 0.16028 0.22439 0.28818 0.35167 0.41605 0.47983 0.54187 0.60512 0.63892 0.63814 0.63498 0.63507 0.63743 0.63630 0.63293 0.63348 0.63578 0.63434 0.63119 0.63210 0.63420 0.63230 0.62958 0.63110 0.63256 0.62989 0.62836 0.63080 0.63075 0.62731 0.62744 0.63032 0.62919 0.62595 0.62616 0.62844 0.62833 0.62598 0.62470 0.62623 0.62750 0.62561 0.62370 0.62504 0.62639 0.62415 0.62319 0.62480 0.62529 0.62330 0.62251 0.62317 0.62493 0.62421 0.62115 0.62204 0.62455 0.62387 0.62135 0.62198 0.62329 0.62285 0.62166 0.62246 0.62298 0.62183 0.62187 0.62291 0.62244 0.62128 0.62223 0.62327 0.62265 0.62108 0.62174 0.62381 0.62343 0.62095 0.62186 0.62475 0.62315 0.62164 0.62394 0.62350 0.62168 0.62424 0.62566 0.62266 0.62203 0.62583 0.62638 0.62296 0.62355 0.62720 0.62522 0.62362 0.62733 0.62834 0.62469 0.62477 0.62874 0.62937 0.62610 0.62605 0.62968 0.63078 0.62804 0.62749 0.59880 0.53738 0.47270 0.40960 0.34737 0.28423 0.22125 0.15849 0.09505 0.03161 0.00000 0.00000 0.00000 0.00000 0.00000 0.00000 0.00000 0.00000 0.00000 0.00000 0.00000 0.00000 0.00000 0.00000 0.00000 0.00000 0.00000 0.00000 0.00000 0.00000 0.00000 0.00000 0.00000 0.00000 0.00000 0.00000 0.00000 0.00000 0.00000 0.00000 0.00000 0.00000 0.00000 0.00000 0.00000 0.00000 0.00000 0.00000 0.00000 0.00000 0.00000 0.00000 0.00000 0.00000 0.00000 0.00000 0.00000 0.00000 0.00000 0.00000 0.00000 0.00000 0.00000 0.00000 0.00000 0.00000 0.00000 0.00000 0.00000 0.00000 0.00000 0.00000 0.00000 0.00000 0.00000 0.00000 0.00000 0.00000 0.00000 0.00000 0.00000 0.00000 0.00000 0.00000 0.00000 0.00000 0.00000 0.00000 0.00000 0.00000 0.00000 0.00000 0.00000 0.00000 0.00000 0.00000 0.00000 0.00000 0.00000 0.00000 0.00000 0.00000 0.00000 0.00000 0.00000 0.00000 0.00000 0.00000 0.00000 0.00000 0.00000 0.00000 0.00000 0.00000 0.00000 0.00000 0.00000 0.00000 0.00000 0.00000 0.00000 0.00000 0.00000 0.00000 0.00000
0.00000 0.00000 0.00000 0.00000 0.00000 0.00000 0.00000 0.00000 0.00000 0.00000 0.00000 0.00000 0.00000 0.00000 0.00000 0.00000 0.00000 0.00000 0.00000 0.00000 0.00000 0.00000 0.00000 0.00000 0.00000 0.00000 0.00000 0.00000 0.00000 0.00000 0.00000 0.00000 0.00000 0.00000 0.00000 0.00000 0.00000 0.00000 0.00000 0.00000 0.00000 0.00000 0.00000 0.00000 0.00000 0.00000 0.00000 0.00000 0.00000 0.00000 0.00000 0.00000 0.00000 0.00000 0.00000 0.00000 0.00000 0.00000 0.00000 0.00000 0.00000 0.00000 0.00000 0.00000 0.00000 0.00000 0.00000 0.00000 0.00000 0.00000 0.00000 0.00000 0.00000 0.00000 0.00000 0.00000 0.00000 0.00000 0.00000 0.00000 0.00000 0.00000 0.00000 0.00000 0.00000 0.00000 0.00000 0.00000 0.00000 0.00000 0.00000 0.00000 0.00000 0.00000 0.00000 0.00000 0.00000 0.00000 0.00000 0.00000 0.00000 0.00000 0.00000 0.00000 0.00000 0.00000 0.00000 0.00000 0.00000 0.00000 0.00000 0.00000 0.00000 0.00000 0.00000 0.02841 0.08501 0.14155 0.19807 0.25450 0.31129 0.36721 0.42232 0.47897 0.53670 0.56333 0.56104 0.56196 0.56335 0.56146 0.55954 0.56078 0.56154 0.55943 0.55830 0.55985 0.55986 0.55743 0.55687 0.55900 0.55869 0.55553 0.55521 0.55808 0.55773 0.55418 0.55372 0.55639 0.55662 0.55415 0.55254 0.55378 0.55553 0.55464 0.55162 0.55174 0.55457 0.55428 0.55090 0.55063 0.55377 0.55326 0.55003 0.55013 0.55313 0.55216 0.54934 0.54923 0.55225 0.55231 0.54934 0.54863 0.55052 0.55211 0.55061 0.54807 0.54858 0.55175 0.55108 0.54787 0.54820 0.55142 0.55129 0.54781 0.54779 0.55120 0.55155 0.54785 0.54774 0.55118 0.55146 0.54808 0.54801 0.55116 0.55146 0.54896 0.54839 0.55068 0.55199 0.55188 0.54896 0.54863 0.55140 0.55228 0.55091 0.54986 0.55116 0.55260 0.55178 0.55125 0.55266 0.55264 0.55084 0.55306 0.55435 0.55269 0.55219 0.55463 0.55542 0.55354 0.55325 0.55563 0.55679 0.55527 0.55418 0.52840 0.47453 0.41841 0.36107 0.30604 0.25194 0.19593 0.13927 0.08376 0.02808 0.00000 0.00000 0.00000 0.00000 0.00000 0.00000 0.00000 0.00000 0.00000 0.00000 0.00000 0.00000 0.00000 0.00000 0.00000 0.00000 0.00000 0.00000 0.00000 0.00000 0.00000 0.00000 0.00000 0.00000 0.00000 0.00000 0.00000 0.00000 0.00000 0.00000 0.00000 0.00000 0.00000 0.00000 0.00000 0.00000 0.00000 0.00000 0.00000 0.00000 0.00000 0.00000 0.00000 0.00000 0.00000 0.00000 0.00000 0.00000 0.00000 0.00000 0.00000 0.00000 0.00000 0.00000 0.00000 0.00000 0.00000 0.00000 0.00000 0.00000 0.00000 0.00000 0.00000 0.00000 0.00000 0.00000 0.00000 0.00000 0.00000 0.00000 0.00000 0.00000 0.00000 0.00000 0.00000 0.00000 0.00000 0.00000 0.00000 0.00000 0.00000 0.00000 0.00000 0.00000 0.00000 0.00000 0.00000 0.00000 0.00000 0.00000 0.00000 0.00000 0.00000 0.00000 0.00000 0.00000 0.00000 0.00000 0.00000 0.00000 0.00000 0.00000 0.00000 0.00000 0.00000 0.00000 0.00000 0.00000 0.00000 0.00000 0.00000 0.00000 0.00000 0.00000 0.00000
0.00000 0.00000 0.00000 0.00000 0.00000 0.00000 0.00000 0.00000 0.00000 0.00000 0.00000 0.00000 0.00000 0.00000 0.00000 0.00000 0.00000 0.00000 0.00000 0.00000 0.00000 0.00000 0.00000 0.00000 0.00000 0.00000 0.00000 0.00000 0.00000 0.00000 0.00000 0.00000 0.00000 0.00000 0.00000 0.00000 0.00000 0.00000 0.00000 0.00000 0.00000 0.00000 0.00000 0.00000 0.00000 0.00000 0.00000 0.00000 0.00000 0.00000 0.00000 0.00000 0.00000 0.00000 0.00000 0.00000 0.00000 0.00000 0.00000 0.00000 0.00000 0.00000 0.00000 0.00000 0.00000 0.00000 0.00000 0.00000 0.00000 0.00000 0.00000 0.00000 0.00000 0.00000 0.00000 0.00000 0.00000 0.00000 0.00000 0.00000 0.00000 0.00000 0.00000 0.00000 0.00000 0.00000 0.00000 0.00000 0.00000 0.00000 0.00000 0.00000 0.00000 0.00000 0.00000 0.00000 0.00000 0.00000 0.00000 0.00000 0.00000 0.00000 0.00000 0.00000 0.00000 0.00000 0.00000 0.00000 0.00000 0.00000 0.00000 0.00000 0.00000 0.00000 0.00000 0.02457 0.07382 0.12303 0.17159 0.22072 0.27013 0.31824 0.36630 0.41643 0.46531 0.48735 0.48687 0.48887 0.48832 0.48557 0.48569 0.48767 0.48671 0.48415 0.48478 0.48641 0.48499 0.48287 0.48401 0.48524 0.48319 0.48171 0.48355 0.48396 0.48125 0.48092 0.48322 0.48248 0.47982 0.48036 0.48224 0.48129 0.47950 0.47948 0.48059 0.48065 0.47938 0.47850 0.47946 0.47996 0.47852 0.47789 0.47911 0.47911 0.47729 0.47739 0.47873 0.47885 0.47706 0.47634 0.47786 0.47896 0.47707 0.47570 0.47729 0.47823 0.47675 0.47576 0.47720 0.47785 0.47635 0.47588 0.47724 0.47736 0.47613 0.47674 0.47725 0.47654 0.47607 0.47683 0.47742 0.47716 0.47600 0.47627 0.47786 0.47785 0.47604 0.47689 0.47791 0.47697 0.47818 0.47887 0.47635 0.47628 0.47919 0.47968 0.47692 0.47681 0.48014 0.48010 0.47737 0.47843 0.48093 0.47896 0.47832 0.48085 0.48140 0.47919 0.47945 0.48216 0.48229 0.48010 0.48035 0.48311 0.48361 0.45735 0.40927 0.36298 0.31499 0.26564 0.21817 0.16979 0.12086 0.07267 0.02434 0.00000 0.00000 0.00000 0.00000 0.00000 0.00000 0.00000 0.00000 0.00000 0.00000 0.00000 0.00000 0.00000 0.00000 0.00000 0.00000 0.00000 0.00000 0.00000 0.00000 0.00000 0.00000 0.00000 0.00000 0.00000 0.00000 0.00000 0.00000 0.00000 0.00000 0.00000 0.00000 0.00000 0.00000 0.00000 0.00000 0.00000 0.00000 0.00000 0.00000 0.00000 0.00000 0.00000 0.00000 0.00000 0.00000 0.00000 0.00000 0.00000 0.00000 0.00000 0.00000 0.00000 0.00000 0.00000 0.00000 0.00000 0.00000 0.00000 0.00000 0.00000 0.00000 0.00000 0.00000 0.00000 0.00000 0.00000 0.00000 0.00000 0.00000 0.00000 0.00000 0.00000 0.00000 0.00000 0.00000 0.00000 0.00000 0.00000 0.00000 0.00000 0.00000 0.00000 0.00000 0.00000 0.00000 0.00000 0.00000 0.00000 0.00000 0.00000 0.00000 0.00000 0.00000 0.00000 0.00000 0.00000 0.00000 0.00000 0.00000 0.00000 0.00000 0.00000 0.00000 0.00000 0.00000 0.00000 0.00000 0.00000 0.00000 0.00000 0.00000 0.00000 0.00000 0.00000
0.00000 0.00000 0.00000 0.00000 0.00000 0.00000 0.00000 0.00000 0.00000 0.00000 0.00000 0.00000 0.00000 0.00000 0.00000 0.00000 0.00000 0.00000 0.00000 0.00000 0.00000 0.00000 0.00000 0.00000 0.00000 0.00000 0.00000 0.00000 0.00000 0.00000 0.00000 0.00000 0.00000 0.00000 0.00000 0.00000 0.00000 0.00000 0.00000 0.00000 0.00000 0.00000 0.00000 0.00000 0.00000 0.00000 0.00000 0.00000 0.00000 0.00000 0.00000 0.00000 0.00000 0.00000 0.00000 0.00000 0.00000 0.00000 0.00000 0.00000 0.00000 0.00000 0.00000 0.00000 0.00000 0.00000 0.00000 0.00000 0.00000 0.00000 0.00000 0.00000 0.00000 0.00000 0.00000 0.00000 0.00000 0.00000 0.00000 0.00000 0.00000 0.00000 0.00000 0.00000 0.00000 0.00000 0.00000 0.00000 0.00000 0.00000 0.00000 0.00000 0.00000 0.00000 0.00000 0.00000 0.00000 0.00000 0.00000 0.00000 0.00000 0.00000 0.00000 0.00000 0.00000 0.00000 0.00000 0.00000 0.00000 0.00000 0.00000 0.00000 0.00000 0.00000 0.00000 0.02084 0.06256 0.10398 0.14552 0.18718 0.22806 0.26924 0.31165 0.35257 0.39217 0.41299 0.41444 0.41339 0.41153 0.41213 0.41315 0.41178 0.41058 0.41157 0.41182 0.41012 0.40968 0.41105 0.41072 0.40862 0.40855 0.41040 0.40998 0.40746 0.40732 0.40940 0.40931 0.40703 0.40632 0.40775 0.40850 0.40725 0.40554 0.40605 0.40777 0.40732 0.40483 0.40500 0.40720 0.40678 0.40426 0.40448 0.40667 0.40592 0.40378 0.40413 0.40622 0.40540 0.40344 0.40354 0.40500 0.40541 0.40419 0.40305 0.40367 0.40524 0.40454 0.40269 0.40314 0.40502 0.40456 0.40256 0.40298 0.40496 0.40511 0.40246 0.40252 0.40498 0.40514 0.40247 0.40246 0.40504 0.40519 0.40267 0.40293 0.40509 0.40530 0.40325 0.40305 0.40463 0.40552 0.40509 0.40402 0.40385 0.40504 0.40568 0.40486 0.40463 0.40572 0.40578 0.40466 0.40602 0.40719 0.40549 0.40495 0.40738 0.40778 0.40580 0.40611 0.40829 0.40834 0.40674 0.40709 0.40898 0.40926 0.38766 0.34669 0.30733 0.26682 0.22514 0.18396 0.14356 0.10295 0.06165 0.02050 0.00000 0.00000 0.00000 0.00000 0.00000 0.00000 0.00000 0.00000 0.00000 0.00000 0.00000 0.00000 0.00000 0.00000 0.00000 0.00000 0.00000 0.00000 0.00000 0.00000 0.00000 0.00000 0.00000 0.00000 0.00000 0.00000 0.00000 0.00000 0.00000 0.00000 0.00000 0.00000 0.00000 0.00000 0.00000 0.00000 0.00000 0.00000 0.00000 0.00000 0.00000 0.00000 0.00000 0.00000 0.00000 0.00000 0.00000 0.00000 0.00000 0.00000 0.00000 0.00000 0.00000 0.00000 0.00000 0.00000 0.00000 0.00000 0.00000 0.00000 0.00000 0.00000 0.00000 0.00000 0.00000 0.00000 0.00000 0.00000 0.00000 0.00000 0.00000 0.00000 0.00000 0.00000 0.00000 0.00000 0.00000 0.00000 0.00000 0.00000 0.00000 0.00000 0.00000 0.00000 0.00000 0.00000 0.00000 0.00000 0.00000 0.00000 0.00000 0.00000 0.00000 0.00000 0.00000 0.00000 0.00000 0.00000 0.00000 0.00000 0.00000 0.00000 0.00000 0.00000 0.00000 0.00000 0.00000 0.00000 0.00000 0.00000 0.00000 0.00000 0.00000 0.00000 0.00000
0.00000 0.00000 0.00000 0.00000 0.00000 0.00000 0.00000 0.00000 0.00000 0.00000 0.00000 0.00000 0.00000 0.00000 0.00000 0.00000 0.00000 0.00000 0.00000 0.00000 0.00000 0.00000 0.00000 0.00000 0.00000 0.00000 0.00000 0.00000 0.00000 0.00000 0.00000 0.00000 0.00000 0.00000 0.00000 0.00000 0.00000 0.00000 0.00000 0.00000 0.00000 0.00000 0.00000 0.00000 0.00000 0.00000 0.00000 0.00000 0.00000 0.00000 0.00000 0.00000 0.00000 0.00000 0.00000 0.00000 0.00000 0.00000 0.00000 0.00000 0.00000 0.00000 0.00000 0.00000 0.00000 0.00000 0.00000 0.00000 0.00000 0.00000 0.00000 0.00000 0.00000 0.00000 0.00000 0.00000 0.00000 0.00000 0.00000 0.00000 0.00000 0.00000 0.00000 0.00000 0.00000 0.00000 0.00000 0.00000 0.00000 0.00000 0.00000 0.00000 0.00000 0.00000 0.00000 0.00000 0.00000 0.00000 0.00000 0.00000 0.00000 0.00000 0.00000 0.00000 0.00000 0.00000 0.00000 0.00000 0.00000 0.00000 0.00000 0.00000 0.00000 0.00000 0.00000 0.01711 0.05104 0.08499 0.11944 0.15330 0.18650 0.22111 0.25523 0.28786 0.32112 0.33943 0.33927 0.33729 0.33708 0.33860 0.33818 0.33621 0.33642 0.33775 0.33690 0.33529 0.33598 0.33691 0.33557 0.33442 0.33561 0.33610 0.33425 0.33369 0.33531 0.33515 0.33309 0.33324 0.33485 0.33406 0.33249 0.33300 0.33399 0.33327 0.33231 0.33245 0.33310 0.33279 0.33195 0.33190 0.33263 0.33222 0.33122 0.33160 0.33243 0.33165 0.33058 0.33105 0.33215 0.33229 0.33021 0.33010 0.33193 0.33201 0.32991 0.32986 0.33160 0.33167 0.32988 0.32974 0.33130 0.33157 0.33003 0.33016 0.33108 0.33025 0.33014 0.33114 0.33101 0.33019 0.33018 0.33078 0.33116 0.33099 0.33023 0.33027 0.33127 0.33156 0.33106 0.33158 0.33025 0.33029 0.33220 0.33247 0.33043 0.33046 0.33272 0.33286 0.33085 0.33106 0.33329 0.33274 0.33147 0.33257 0.33342 0.33233 0.33245 0.33398 0.33376 0.33251 0.33315 0.33491 0.33463 0.33317 0.33373 0.31885 0.28518 0.25056 0.21772 0.18498 0.15073 0.11733 0.08429 0.05057 0.01678 0.00000 0.00000 0.00000 0.00000 0.00000 0.00000 0.00000 0.00000 0.00000 0.00000 0.00000 0.00000 0.00000 0.00000 0.00000 0.00000 0.00000 0.00000 0.00000 0.00000 0.00000 0.00000 0.00000 0.00000 0.00000 0.00000 0.00000 0.00000 0.00000 0.00000 0.00000 0.00000 0.00000 0.00000 0.00000 0.00000 0.00000 0.00000 0.00000 0.00000 0.00000 0.00000 0.00000 0.00000 0.00000 0.00000 0.00000 0.00000 0.00000 0.00000 0.00000 0.00000 0.00000 0.00000 0.00000 0.00000 0.00000 0.00000 0.00000 0.00000 0.00000 0.00000 0.00000 0.00000 0.00000 0.00000 0.00000 0.00000 0.00000 0.00000 0.00000 0.00000 0.00000 0.00000 0.00000 0.00000 0.00000 0.00000 0.00000 0.00000 0.00000 0.00000 0.00000 0.00000 0.00000 0.00000 0.00000 0.00000 0.00000 0.00000 0.00000 0.00000 0.00000 0.00000 0.00000 0.00000 0.00000 0.00000 0.00000 0.00000 0.00000 0.00000 0.00000 0.00000 0.00000 0.00000 0.00000 0.00000 0.00000 0.00000 0.00000 0.00000 0.00000 0.00000 0.00000
0.00000 0.00000 0.00000 0.00000 0.00000 0.00000 0.00000 0.00000 0.00000 0.00000 0.00000 0.00000 0.00000 0.00000 0.00000 0.00000 0.00000 0.00000 0.00000 0.00000 0.00000 0.00000 0.00000 0.00000 0.00000 0.00000 0.00000 0.00000 0.00000 0.00000 0.00000 0.00000 0.00000 0.00000 0.00000 0.00000 0.00000 0.00000 0.00000 0.00000 0.00000 0.00000 0.00000 0.00000 0.00000 0.00000 0.00000 0.00000 0.00000 0.00000 0.00000 0.00000 0.00000 0.00000 0.00000 0.00000 0.00000 0.00000 0.00000 0.00000 0.00000 0.00000 0.00000 0.00000 0.00000 0.00000 0.00000 0.00000 0.00000 0.00000 0.00000 0.00000 0.00000 0.00000 0.00000 0.00000 0.00000 0.00000 0.00000 0.00000 0.00000 0.00000 0.00000 0.00000 0.00000 0.00000 0.00000 0.00000 0.00000 0.00000 0.00000 0.00000 0.00000 0.00000 0.00000 0.00000 0.00000 0.00000 0.00000 0.00000 0.00000 0.00000 0.00000 0.00000 0.00000 0.00000 0.00000 0.00000 0.00000 0.00000 0.00000 0.00000 0.00000 0.00000 0.00000 0.01328 0.03973 0.06642 0.09285 0.11895 0.14593 0.17222 0.19765 0.22394 0.25134 0.26409 0.26267 0.26282 0.26376 0.26309 0.26199 0.26242 0.26293 0.26194 0.26142 0.26219 0.26213 0.26087 0.26080 0.26185 0.26151 0.26004 0.26006 0.26132 0.26108 0.25953 0.25932 0.26050 0.26064 0.25940 0.25878 0.25946 0.26017 0.25945 0.25831 0.25859 0.25974 0.25933 0.25784 0.25810 0.25938 0.25889 0.25750 0.25787 0.25903 0.25837 0.25735 0.25770 0.25864 0.25800 0.25771 0.25755 0.25746 0.25778 0.25790 0.25732 0.25715 0.25781 0.25774 0.25690 0.25722 0.25799 0.25754 0.25663 0.25695 0.25812 0.25791 0.25655 0.25668 0.25818 0.25811 0.25660 0.25672 0.25823 0.25821 0.25672 0.25718 0.25837 0.25808 0.25725 0.25736 0.25773 0.25807 0.25836 0.25791 0.25766 0.25838 0.25867 0.25802 0.25842 0.25918 0.25841 0.25796 0.25953 0.25986 0.25831 0.25849 0.26016 0.26004 0.25879 0.25940 0.26066 0.26029 0.25947 0.26006 0.24813 0.22185 0.19506 0.16933 0.14404 0.11788 0.09131 0.06526 0.03933 0.01315 0.00000 0.00000 0.00000 0.00000 0.00000 0.00000 0.00000 0.00000 0.00000 0.00000 0.00000 0.00000 0.00000 0.00000 0.00000 0.00000 0.00000 0.00000 0.00000 0.00000 0.00000 0.00000 0.00000 0.00000 0.00000 0.00000 0.00000 0.00000 0.00000 0.00000 0.00000 0.00000 0.00000 0.00000 0.00000 0.00000 0.00000 0.00000 0.00000 0.00000 0.00000 0.00000 0.00000 0.00000 0.00000 0.00000 0.00000 0.00000 0.00000 0.00000 0.00000 0.00000 0.00000 0.00000 0.00000 0.00000 0.00000 0.00000 0.00000 0.00000 0.00000 0.00000 0.00000 0.00000 0.00000 0.00000 0.00000 0.00000 0.00000 0.00000 0.00000 0.00000 0.00000 0.00000 0.00000 0.00000 0.00000 0.00000 0.00000 0.00000 0.00000 0.00000 0.00000 0.00000 0.00000 0.00000 0.00000 0.00000 0.00000 0.00000 0.00000 0.00000 0.00000 0.00000 0.00000 0.00000 0.00000 0.00000 0.00000 0.00000 0.00000 0.00000 0.00000 0.00000 0.00000 0.00000 0.00000 0.00000 0.00000 0.00000 0.00000 0.00000 0.00000 0.00000 0.00000
0.00000 0.00000 0.00000 0.00000 0.00000 0.00000 0.00000 0.00000 0.00000 0.00000 0.00000 0.00000 0.00000 0.00000 0.00000 0.00000 0.00000 0.00000 0.00000 0.00000 0.00000 0.00000 0.00000 0.00000 0.00000 0.00000 0.00000 0.00000 0.00000 0.00000 0.00000 0.00000 0.00000 0.00000 0.00000 0.00000 0.00000 0.00000 0.00000 0.00000 0.00000 0.00000 0.00000 0.00000 0.00000 0.00000 0.00000 0.00000 0.00000 0.00000 0.00000 0.00000 0.00000 0.00000 0.00000 0.00000 0.00000 0.00000 0.00000 0.00000 0.00000 0.00000 0.00000 0.00000 0.00000 0.00000 0.00000 0.00000 0.00000 0.00000 0.00000 0.00000 0.00000 0.00000 0.00000 0.00000 0.00000 0.00000 0.00000 0.00000 0.00000 0.00000 0.00000 0.00000 0.00000 0.00000 0.00000 0.00000 0.00000 0.00000 0.00000 0.00000 0.00000 0.00000 0.00000 0.00000 0.00000 0.00000 0.00000 0.00000 0.00000 0.00000 0.00000 0.00000 0.00000 0.00000 0.00000 0.00000 0.00000 0.00000 0.00000 0.00000 0.00000 0.00000 0.00000 0.00947 0.02854 0.04751 0.06611 0.08525 0.10433 0.12271 0.14125 0.16081 0.17966 0.18798 0.18777 0.18865 0.18853 0.18736 0.18731 0.18818 0.18788 0.18681 0.18705 0.18771 0.18708 0.18632 0.18688 0.18726 0.18630 0.18586 0.18670 0.18679 0.18563 0.18546 0.18646 0.18621 0.18511 0.18535 0.18614 0.18555 0.18483 0.18531 0.18572 0.18514 0.18464 0.18500 0.18538 0.18484 0.18436 0.18479 0.18517 0.18440 0.18401 0.18478 0.18502 0.18396 0.18371 0.18415 0.18489 0.18465 0.18351 0.18363 0.18477 0.18462 0.18339 0.18347 0.18459 0.18457 0.18343 0.18342 0.18440 0.18400 0.18357 0.18441 0.18426 0.18335 0.18366 0.18446 0.18428 0.18360 0.18369 0.18409 0.18437 0.18433 0.18386 0.18392 0.18428 0.18392 0.18480 0.18487 0.18366 0.18374 0.18496 0.18513 0.18402 0.18402 0.18532 0.18527 0.18425 0.18455 0.18544 0.18512 0.18492 0.18546 0.18539 0.18490 0.18539 0.18618 0.18580 0.18515 0.18568 0.18661 0.18635 0.17630 0.15818 0.14028 0.12131 0.10236 0.08418 0.06560 0.04665 0.02803 0.00940 0.00000 0.00000 0.00000 0.00000 0.00000 0.00000 0.00000 0.00000 0.00000 0.00000 0.00000 0.00000 0.00000 0.00000 0.00000 0.00000 0.00000 0.00000 0.00000 0.00000 0.00000 0.00000 0.00000 0.00000 0.00000 0.00000 0.00000 0.00000 0.00000 0.00000 0.00000 0.00000 0.00000 0.00000 0.00000 0.00000 0.00000 0.00000 0.00000 0.00000 0.00000 0.00000 0.00000 0.00000 0.00000 0.00000 0.00000 0.00000 0.00000 0.00000 0.00000 0.00000 0.00000 0.00000 0.00000 0.00000 0.00000 0.00000 0.00000 0.00000 0.00000 0.00000 0.00000 0.00000 0.00000 0.00000 0.00000 0.00000 0.00000 0.00000 0.00000 0.00000 0.00000 0.00000 0.00000 0.00000 0.00000 0.00000 0.00000 0.00000 0.00000 0.00000 0.00000 0.00000 0.00000 0.00000 0.00000 0.00000 0.00000 0.00000 0.00000 0.00000 0.00000 0.00000 0.00000 0.00000 0.00000 0.00000 0.00000 0.00000 0.00000 0.00000 0.00000 0.00000 0.00000 0.00000 0.00000 0.00000 0.00000 0.00000 0.00000 0.00000 0.00000 0.00000 0.00000
0.00000 0.00000 0.00000 0.00000 0.00000 0.00000 0.00000 0.00000 0.00000 0.00000 0.00000 0.00000 0.00000 0.00000 0.00000 0.00000 0.00000 0.00000 0.00000 0.00000 0.00000 0.00000 0.00000 0.00000 0.00000 0.00000 0.00000 0.00000 0.00000 0.00000 0.00000 0.00000 0.00000 0.00000 0.00000 0.00000 0.00000 0.00000 0.00000 0.00000 0.00000 0.00000 0.00000 0.00000 0.00000 0.00000 0.00000 0.00000 0.00000 0.00000 0.00000 0.00000 0.00000 0.00000 0.00000 0.00000 0.00000 0.00000 0.00000 0.00000 0.00000 0.00000 0.00000 0.00000 0.00000 0.00000 0.00000 0.00000 0.00000 0.00000 0.00000 0.00000 0.00000 0.00000 0.00000 0.00000 0.00000 0.00000 0.00000 0.00000 0.00000 0.00000 0.00000 0.00000 0.00000 0.00000 0.00000 0.00000 0.00000 0.00000 0.00000 0.00000 0.00000 0.00000 0.00000 0.00000 0.00000 0.00000 0.00000 0.00000 0.00000 0.00000 0.00000 0.00000 0.00000 0.00000 0.00000 0.00000 0.00000 0.00000 0.00000 0.00000 0.00000 0.00000 0.00000 0.00571 0.01713 0.02841 0.03982 0.05128 0.06231 0.07360 0.08528 0.09655 0.10725 0.11291 0.11339 0.11318 0.11260 0.11267 0.11305 0.11270 0.11233 0.11257 0.11270 0.11220 0.11207 0.11249 0.11238 0.11179 0.11179 0.11231 0.11214 0.11151 0.11148 0.11202 0.11196 0.11134 0.11120 0.11166 0.11176 0.11126 0.11104 0.11127 0.11156 0.11121 0.11080 0.11097 0.11139 0.11112 0.11060 0.11080 0.11120 0.11094 0.11056 0.11073 0.11087 0.11073 0.11072 0.11071 0.11036 0.11051 0.11084 0.11069 0.11035 0.11044 0.11070 0.11053 0.11040 0.11057 0.11051 0.11028 0.11072 0.11073 0.11014 0.11015 0.11043 0.11079 0.11056 0.11014 0.11029 0.11081 0.11065 0.11019 0.11055 0.11085 0.11028 0.11027 0.11079 0.11086 0.11042 0.11082 0.11075 0.11044 0.11076 0.11104 0.11076 0.11068 0.11107 0.11108 0.11075 0.11125 0.11143 0.11078 0.11083 0.11159 0.11161 0.11095 0.11123 0.11182 0.11155 0.11120 0.11164 0.11204 0.11174 0.10592 0.09508 0.08424 0.07290 0.06146 0.05039 0.03941 0.02816 0.01682 0.00561 0.00000 0.00000 0.00000 0.00000 0.00000 0.00000 0.00000 0.00000 0.00000 0.00000 0.00000 0.00000 0.00000 0.00000 0.00000 0.00000 0.00000 0.00000 0.00000 0.00000 0.00000 0.00000 0.00000 0.00000 0.00000 0.00000 0.00000 0.00000 0.00000 0.00000 0.00000 0.00000 0.00000 0.00000 0.00000 0.00000 0.00000 0.00000 0.00000 0.00000 0.00000 0.00000 0.00000 0.00000 0.00000 0.00000 0.00000 0.00000 0.00000 0.00000 0.00000 0.00000 0.00000 0.00000 0.00000 0.00000 0.00000 0.00000 0.00000 0.00000 0.00000 0.00000 0.00000 0.00000 0.00000 0.00000 0.00000 0.00000 0.00000 0.00000 0.00000 0.00000 0.00000 0.00000 0.00000 0.00000 0.00000 0.00000 0.00000 0.00000 0.00000 0.00000 0.00000 0.00000 0.00000 0.00000 0.00000 0.00000 0.00000 0.00000 0.00000 0.00000 0.00000 0.00000 0.00000 0.00000 0.00000 0.00000 0.00000 0.00000 0.00000 0.00000 0.00000 0.00000 0.00000 0.00000 0.00000 0.00000 0.00000 0.00000 0.00000 0.00000 0.00000 0.00000 0.00000
0.00000 0.00000 0.00000 0.00000 0.00000 0.00000 0.00000 0.00000 0.00000 0.00000 0.00000 0.00000 0.00000 0.00000 0.00000 0.00000 0.00000 0.00000 0.00000 0.00000 0.00000 0.00000 0.00000 0.00000 0.00000 0.00000 0.00000 0.00000 0.00000 0.00000 0.00000 0.00000 0.00000 0.00000 0.00000 0.00000 0.00000 0.00000 0.00000 0.00000 0.00000 0.00000 0.00000 0.00000 0.00000 0.00000 0.00000 0.00000 0.00000 0.00000 0.00000 0.00000 0.00000 0.00000 0.00000 0.00000 0.00000 0.00000 0.00000 0.00000 0.00000 0.00000 0.00000 0.00000 0.00000 0.00000 0.00000 0.00000 0.00000 0.00000 0.00000 0.00000 0.00000 0.00000 0.00000 0.00000 0.00000 0.00000 0.00000 0.00000 0.00000 0.00000 0.00000 0.00000 0.00000 0.00000 0.00000 0.00000 0.00000 0.00000 0.00000 0.00000 0.00000 0.00000 0.00000 0.00000 0.00000 0.00000 0.00000 0.00000 0.00000 0.00000 0.00000 0.00000 0.00000 0.00000 0.00000 0.00000 0.00000 0.00000 0.00000 0.00000 0.00000 0.00000 0.00000 0.00190 0.00568 0.00950 0.01332 0.01702 0.02078 0.02467 0.02845 0.03205 0.03578 0.03784 0.03782 0.03758 0.03755 0.03773 0.03771 0.03747 0.03747 0.03764 0.03757 0.03737 0.03744 0.03755 0.03739 0.03727 0.03742 0.03747 0.03724 0.03718 0.03737 0.03736 0.03713 0.03710 0.03731 0.03722 0.03704 0.03716 0.03725 0.03708 0.03697 0.03712 0.03718 0.03701 0.03692 0.03706 0.03713 0.03694 0.03687 0.03705 0.03709 0.03683 0.03681 0.03705 0.03705 0.03686 0.03677 0.03685 0.03702 0.03696 0.03675 0.03677 0.03699 0.03697 0.03672 0.03674 0.03697 0.03693 0.03673 0.03687 0.03693 0.03669 0.03676 0.03696 0.03692 0.03672 0.03677 0.03698 0.03694 0.03674 0.03678 0.03688 0.03696 0.03685 0.03682 0.03697 0.03693 0.03678 0.03699 0.03705 0.03686 0.03682 0.03705 0.03710 0.03690 0.03690 0.03713 0.03712 0.03702 0.03703 0.03707 0.03707 0.03713 0.03724 0.03714 0.03705 0.03719 0.03733 0.03726 0.03714 0.03724 0.03555 0.03176 0.02792 0.02428 0.02063 0.01683 0.01307 0.00938 0.00563 0.00187 0.00000 0.00000 0.00000 0.00000 0.00000 0.00000 0.00000 0.00000 0.00000 0.00000 0.00000 0.00000 0.00000 0.00000 0.00000 0.00000 0.00000 0.00000 0.00000 0.00000 0.00000 0.00000 0.00000 0.00000 0.00000 0.00000 0.00000 0.00000 0.00000 0.00000 0.00000 0.00000 0.00000 0.00000 0.00000 0.00000 0.00000 0.00000 0.00000 0.00000 0.00000 0.00000 0.00000 0.00000 0.00000 0.00000 0.00000 0.00000 0.00000 0.00000 0.00000 0.00000 0.00000 0.00000 0.00000 0.00000 0.00000 0.00000 0.00000 0.00000 0.00000 0.00000 0.00000 0.00000 0.00000 0.00000 0.00000 0.00000 0.00000 0.00000 0.00000 0.00000 0.00000 0.00000 0.00000 0.00000 0.00000 0.00000 0.00000 0.00000 0.00000 0.00000 0.00000 0.00000 0.00000 0.00000 0.00000 0.00000 0.00000 0.00000 0.00000 0.00000 0.00000 0.00000 0.00000 0.00000 0.00000 0.00000 0.00000 0.00000 0.00000 0.00000 0.00000 0.00000 0.00000 0.00000 0.00000 0.00000 0.00000 0.00000 0.00000 0.00000 0.00000 0.00000 0.00000
0.00000 0.00000 0.00000 0.00000 0.00000 0.00000 0.00000 0.00000 0.00000 0.00000 0.00000 0.00000 0.00000 0.00000 0.00000 0.00000 0.00000 0.00000 0.00000 0.00000 0.00000 0.00000 0.00000 0.00000 0.00000 0.00000 0.00000 0.00000 0.00000 0.00000 0.00000 0.00000 0.00000 0.00000 0.00000 0.00000 0.00000 0.00000 0.00000 0.00000 0.00000 0.00000 0.00000 0.00000 0.00000 0.00000 0.00000 0.00000 0.00000 0.00000 0.00000 0.00000 0.00000 0.00000 0.00000 0.00000 0.00000 0.00000 0.00000 0.00000 0.00000 0.00000 0.00000 0.00000 0.00000 0.00000 0.00000 0.00000 0.00000 0.00000 0.00000 0.00000 0.00000 0.00000 0.00000 0.00000 0.00000 0.00000 0.00000 0.00000 0.00000 0.00000 0.00000 0.00000 0.00000 0.00000 0.00000 0.00000 0.00000 0.00000 0.00000 0.00000 0.00000 0.00000 0.00000 0.00000 0.00000 0.00000 0.00000 0.00000 0.00000 0.00000 0.00000 0.00000 0.00000 0.00000 0.00000 0.00000 0.00000 0.00000 0.00000 0.00000 0.00000 0.00000 0.00000 0.00000 0.00000 0.00000 0.00000 0.00000 0.00000 0.00000 0.00000 0.00000 0.00000 0.00000 0.00000 0.00000 0.00000 0.00000 0.00000 0.00000 0.00000 0.00000 0.00000 0.00000 0.00000 0.00000 0.00000 0.00000 0.00000 0.00000 0.00000 0.00000 0.00000 0.00000 0.00000 0.00000 0.00000 0.00000 0.00000 0.00000 0.00000 0.00000 0.00000 0.00000 0.00000 0.00000 0.00000 0.00000 0.00000 0.00000 0.00000 0.00000 0.00000 0.00000 0.00000 0.00000 0.00000 0.00000 0.00000 0.00000 0.00000 0.00000 0.00000 0.00000 0.00000 0.00000 0.00000 0.00000 0.00000 0.00000 0.00000 0.00000 0.00000 0.00000 0.00000 0.00000 0.00000 0.00000 0.00000 0.00000 0.00000 0.00000 0.00000 0.00000 0.00000 0.00000 0.00000 0.00000 0.00000 0.00000 0.00000 0.00000 0.00000 0.00000 0.00000 0.00000 0.00000 0.00000 0.00000 0.00000 0.00000 0.00000 0.00000 0.00000 0.00000 0.00000 0.00000 0.00000 0.00000 0.00000 0.00000 0.00000 0.00000 0.00000 0.00000 0.00000 0.00000 0.00000 0.00000 0.00000 0.00000 0.00000 0.00000 0.00000 0.00000 0.00000 0.00000 0.00000 0.00000 0.00000 0.00000 0.00000 0.00000 0.00000 0.00000 0.00000 0.00000 0.00000 0.00000 0.00000 0.00000 0.00000 0.00000 0.00000 0.00000 0.00000 0.00000 0.00000 0.00000 0.00000 0.00000 0.00000 0.00000 0.00000 0.00000 0.00000 0.00000 0.00000 0.00000 0.00000 0.00000 0.00000 0.00000 0.00000 0.00000 0.00000 0.00000 0.00000 0.00000 0.00000 0.00000 0.00000 0.00000 0.00000 0.00000 0.00000 0.00000 0.00000 0.00000 0.00000 0.00000 0.00000 0.00000 0.00000 0.00000 0.00000 0.00000 0.00000 0.00000 0.00000 0.00000 0.00000 0.00000 0.00000 0.00000 0.00000 0.00000 0.00000 0.00000 0.00000 0.00000 0.00000 0.00000 0.00000 0.00000 0.00000 0.00000 0.00000 0.00000 0.00000 0.00000 0.00000 0.00000 0.00000 0.00000 0.00000 0.00000 0.00000 0.00000 0.00000 0.00000 0.00000 0.00000 0.00000 0.00000 0.00000 0.00000 0.00000 0.00000 0.00000 0.00000 0.00000 0.00000 0.00000 0.00000 0.00000 0.00000 0.00000
0.00000 0.00000 0.00000 0.00000 0.00000 0.00000 0.00000 0.00000 0.00000 0.00000 0.00000 0.00000 0.00000 0.00000 0.00000 0.00000 0.00000 0.00000 0.00000 0.00000 0.00000 0.00000 0.00000 0.00000 0.00000 0.00000 0.00000 0.00000 0.00000 0.00000 0.00000 0.00000 0.00000 0.00000 0.00000 0.00000 0.00000 0.00000 0.00000 0.00000 0.00000 0.00000 0.00000 0.00000 0.00000 0.00000 0.00000 0.00000 0.00000 0.00000 0.00000 0.00000 0.00000 0.00000 0.00000 0.00000 0.00000 0.00000 0.00000 0.00000 0.00000 0.00000 0.00000 0.00000 0.00000 0.00000 0.00000 0.00000 0.00000 0.00000 0.00000 0.00000 0.00000 0.00000 0.00000 0.00000 0.00000 0.00000 0.00000 0.00000 0.00000 0.00000 0.00000 0.00000 0.00000 0.00000 0.00000 0.00000 0.00000 0.00000 0.00000 0.00000 0.00000 0.00000 0.00000 0.00000 0.00000 0.00000 0.00000 0.00000 0.00000 0.00000 0.00000 0.00000 0.00000 0.00000 0.00000 0.00000 0.00000 0.00000 0.00000 0.00000 0.00000 0.00000 0.00000 0.00000 0.00000 0.00000 0.00000 0.00000 0.00000 0.00000 0.00000 0.00000 0.00000 0.00000 0.00000 0.00000 0.00000 0.00000 0.00000 0.00000 0.00000 0.00000 0.00000 0.00000 0.00000 0.00000 0.00000 0.00000 0.00000 0.00000 0.00000 0.00000 0.00000 0.00000 0.00000 0.00000 0.00000 0.00000 0.00000 0.00000 0.00000 0.00000 0.00000 0.00000 0.00000 0.00000 0.00000 0.00000 0.00000 0.00000 0.00000 0.00000 0.00000 0.00000 0.00000 0.00000 0.00000 0.00000 0.00000 0.00000 0.00000 0.00000 0.00000 0.00000 0.00000 0.00000 0.00000 0.00000 0.00000 0.00000 0.00000 0.00000 0.00000 0.00000 0.00000 0.00000 0.00000 0.00000 0.00000 0.00000 0.00000 0.00000 0.00000 0.00000 0.00000 0.00000 0.00000 0.00000 0.00000 0.00000 0.00000 0.00000 0.00000 0.00000 0.00000 0.00000 0.00000 0.00000 0.00000 0.00000 0.00000 0.00000 0.00000 0.00000 0.00000 0.00000 0.00000 0.00000 0.00000 0.00000 0.00000 0.00000 0.00000 0.00000 0.00000 0.00000 0.00000 0.00000 0.00000 0.00000 0.00000 0.00000 0.00000 0.00000 0.00000 0.00000 0.00000 0.00000 0.00000 0.00000 0.00000 0.00000 0.00000 0.00000 0.00000 0.00000 0.00000 0.00000 0.00000 0.00000 0.00000 0.00000 0.00000 0.00000 0.00000 0.00000 0.00000 0.00000 0.00000 0.00000 0.00000 0.00000 0.00000 0.00000 0.00000 0.00000 0.00000 0.00000 0.00000 0.00000 0.00000 0.00000 0.00000 0.00000 0.00000 0.00000 0.00000 0.00000 0.00000 0.00000 0.00000 0.00000 0.00000 0.00000 0.00000 0.00000 0.00000 0.00000 0.00000 0.00000 0.00000 0.00000 0.00000 0.00000 0.00000 0.00000 0.00000 0.00000 0.00000 0.00000 0.00000 0.00000 0.00000 0.00000 0.00000 0.00000 0.00000 0.00000 0.00000 0.00000 0.00000 0.00000 0.00000 0.00000 0.00000 0.00000 0.00000 0.00000 0.00000 0.00000 0.00000 0.00000 0.00000 0.00000 0.00000 0.00000 0.00000 0.00000 0.00000 0.00000 0.00000 0.00000 0.00000 0.00000 0.00000 0.00000 0.00000 0.00000 0.00000 0.00000 0.00000 0.00000 0.00000 0.00000 0.00000 0.00000 0.00000 0.00000
0.00000 0.00000 0.00000 0.00000 0.00000 0.00000 0.00000 0.00000 0.00000 0.00000 0.00000 0.00000 0.00000 0.00000 0.00000 0.00000 0.00000 0.00000 0.00000 0.00000 0.00000 0.00000 0.00000 0.00000 0.00000 0.00000 0.00000 0.00000 0.00000 0.00000 0.00000 0.00000 0.00000 0.00000 0.00000 0.00000 0.00000 0.00000 0.00000 0.00000 0.00000 0.00000 0.00000 0.00000 0.00000 0.00000 0.00000 0.00000 0.00000 0.00000 0.00000 0.00000 0.00000 0.00000 0.00000 0.00000 0.00000 0.00000 0.00000 0.00000 0.00000 0.00000 0.00000 0.00000 0.00000 0.00000 0.00000 0.00000 0.00000 0.00000 0.00000 0.00000 0.00000 0.00000 0.00000 0.00000 0.00000 0.00000 0.00000 0.00000 0.00000 0.00000 0.00000 0.00000 0.00000 0.00000 0.00000 0.00000 0.00000 0.00000 0.00000 0.00000 0.00000 0.00000 0.00000 0.00000 0.00000 0.00000 0.00000 0.00000 0.00000 0.00000 0.00000 0.00000 0.00000 0.00000 0.00000 0.00000 0.00000 0.00000 0.00000 0.00000 0.00000 0.00000 0.00000 0.00000 0.00000 0.00000 0.00000 0.00000 0.00000 0.00000 0.00000 0.00000 0.00000 0.00000 0.00000 0.00000 0.00000 0.00000 0.00000 0.00000 0.00000 0.00000 0.00000 0.00000 0.00000 0.00000 0.00000 0.00000 0.00000 0.00000 0.00000 0.00000 0.00000 0.00000 0.00000 0.00000 0.00000 0.00000 0.00000 0.00000 0.00000 0.00000 0.00000 0.00000 0.00000 0.00000 0.00000 0.00000 0.00000 0.00000 0.00000 0.00000 0.00000 0.00000 0.00000 0.00000 0.00000 0.00000 0.00000 0.00000 0.00000 0.00000 0.00000 0.00000 0.00000 0.00000 0.00000 0.00000 0.00000 0.00000 0.00000 0.00000 0.00000 0.00000 0.00000 0.00000 0.00000 0.00000 0.00000 0.00000 0.00000 0.00000 0.00000 0.00000 0.00000 0.00000 0.00000 0.00000 0.00000 0.00000 0.00000 0.00000 0.00000 0.00000 0.00000 0.00000 0.00000 0.00000 0.00000 0.00000 0.00000 0.00000 0.00000 0.00000 0.00000 0.00000 0.00000 0.00000 0.00000 0.00000 0.00000 0.00000 0.00000 0.00000 0.00000 0.00000 0.00000 0.00000 0.00000 0.00000 0.00000 0.00000 0.00000 0.00000 0.00000 0.00000 0.00000 0.00000 0.00000 0.00000 0.00000 0.00000 0.00000 0.00000 0.00000 0.00000 0.00000 0.00000 0.00000 0.00000 0.00000 0.00000 0.00000 0.00000 0.00000 0.00000 0.00000 0.00000 0.00000 0.00000 0.00000 0.00000 0.00000 0.00000 0.00000 0.00000 0.00000 0.00000 0.00000 0.00000 0.00000 0.00000 0.00000 0.00000 0.00000 0.00000 0.00000 0.00000 0.00000 0.00000 0.00000 0.00000 0.00000 0.00000 0.00000 0.00000 0.00000 0.00000 0.00000 0.00000 0.00000 0.00000 0.00000 0.00000 0.00000 0.00000 0.00000 0.00000 0.00000 0.00000 0.00000 0.00000 0.00000 0.00000 0.00000 0.00000 0.00000 0.00000 0.00000 0.00000 0.00000 0.00000 0.00000 0.00000 0.00000 0.00000 0.00000 0.00000 0.00000 0.00000 0.00000 0.00000 0.00000 0.00000 0.00000 0.00000 0.00000 0.00000 0.00000 0.00000 0.00000 0.00000 0.00000 0.00000 0.00000 0.00000 0.00000 0.00000 0.00000 0.00000 0.00000 0.00000 0.00000 0.00000 0.00000 0.00000 0.00000 0.00000
0.00000 0.00000 0.00000 0.00000 0.00000 0.00000 0.00000 0.00000 0.00000 0.00000 0.00000 0.00000 0.00000 0.00000 0.00000 0.00000 0.00000 0.00000 0.00000 0.00000 0.00000 0.00000 0.00000 0.00000 0.00000 0.00000 0.00000 0.00000 0.00000 0.00000 0.00000 0.00000 0.00000 0.00000 0.00000 0.00000 0.00000 0.00000 0.00000 0.00000 0.00000 0.00000 0.00000 0.00000 0.00000 0.00000 0.00000 0.00000 0.00000 0.00000 0.00000 0.00000 0.00000 0.00000 0.00000 0.00000 0.00000 0.00000 0.00000 0.00000 0.00000 0.00000 0.00000 0.00000 0.00000 0.00000 0.00000 0.00000 0.00000 0.00000 0.00000 0.00000 0.00000 0.00000 0.00000 0.00000 0.00000 0.00000 0.00000 0.00000 0.00000 0.00000 0.00000 0.00000 0.00000 0.00000 0.00000 0.00000 0.00000 0.00000 0.00000 0.00000 0.00000 0.00000 0.00000 0.00000 0.00000 0.00000 0.00000 0.00000 0.00000 0.00000 0.00000 0.00000 0.00000 0.00000 0.00000 0.00000 0.00000 0.00000 0.00000 0.00000 0.00000 0.00000 0.00000 0.00000 0.00000 0.00000 0.00000 0.00000 0.00000 0.00000 0.00000 0.00000 0.00000 0.00000 0.00000 0.00000 0.00000 0.00000 0.00000 0.00000 0.00000 0.00000 0.00000 0.00000 0.00000 0.00000 0.00000 0.00000 0.00000 0.00000 0.00000 0.00000 0.00000 0.00000 0.00000 0.00000 0.00000 0.00000 0.00000 0.00000 0.00000 0.00000 0.00000 0.00000 0.00000 0.00000 0.00000 0.00000 0.00000 0.00000 0.00000 0.00000 0.00000 0.00000 0.00000 0.00000 0.00000 0.00000 0.00000 0.00000 0.00000 0.00000 0.00000 0.00000 0.00000 0.00000 0.00000 0.00000 0.00000 0.00000 0.00000 0.00000 0.00000 0.00000 0.00000 0.00000 0.00000 0.00000 0.00000 0.00000 0.00000 0.00000 0.00000 0.00000 0.00000 0.00000 0.00000 0.00000 0.00000 0.00000 0.00000 0.00000 0.00000 0.00000 0.00000 0.00000 0.00000 0.00000 0.00000 0.00000 0.00000 0.00000 0.00000 0.00000 0.00000 0.00000 0.00000 0.00000 0.00000 0.00000 0.00000 0.00000 0.00000 0.00000 0.00000 0.00000 0.00000 0.00000 0.00000 0.00000 0.00000 0.00000 0.00000 0.00000 0.00000 0.00000 0.00000 0.00000 0.00000 0.00000 0.00000 0.00000 0.00000 0.00000 0.00000 0.00000 0.00000 0.00000 0.00000 0.00000 0.00000 0.00000 0.00000 0.00000 0.00000 0.00000 0.00000 0.00000 0.00000 0.00000 0.00000 0.00000 0.00000 0.00000 0.00000 0.00000 0.00000 0.00000 0.00000 0.00000 0.00000 0.00000 0.00000 0.00000 0.00000 0.00000 0.00000 0.00000 0.00000 0.00000 0.00000 0.00000 0.00000 0.00000 0.00000 0.00000 0.00000 0.00000 0.00000 0.00000 0.00000 0.00000 0.00000 0.00000 0.00000 0.00000 0.00000 0.00000 0.00000 0.00000 0.00000 0.00000 0.00000 0.00000 0.00000 0.00000 0.00000 0.00000 0.00000 0.00000 0.00000 0.00000 0.00000 0.00000 0.00000 0.00000 0.00000 0.00000 0.00000 0.00000 0.00000 0.00000 0.00000 0.00000 0.00000 0.00000 0.00000 0.00000 0.00000 0.00000 0.00000 0.00000 0.00000 0.00000 0.00000 0.00000 0.00000 0.00000 0.00000 0.00000 0.00000 0.00000 0.00000 0.00000 0.00000 0.00000 0.00000 0.00000
0.00000 0.00000 0.00000 0.00000 0.00000 0.00000 0.00000 0.00000 0.00000 0.00000 0.00000 0.00000 0.00000 0.00000 0.00000 0.00000 0.00000 0.00000 0.00000 0.00000 0.00000 0.00000 0.00000 0.00000 0.00000 0.00000 0.00000 0.00000 0.00000 0.00000 0.00000 0.00000 0.00000 0.00000 0.00000 0.00000 0.00000 0.00000 0.00000 0.00000 0.00000 0.00000 0.00000 0.00000 0.00000 0.00000 0.00000 0.00000 0.00000 0.00000 0.00000 0.00000 0.00000 0.00000 0.00000 0.00000 0.00000 0.00000 0.00000 0.00000 0.00000 0.00000 0.00000 0.00000 0.00000 0.00000 0.00000 0.00000 0.00000 0.00000 0.00000 0.00000 0.00000 0.00000 0.00000 0.00000 0.00000 0.00000 0.00000 0.00000 0.00000 0.00000 0.00000 0.00000 0.00000 0.00000 0.00000 0.00000 0.00000 0.00000 0.00000 0.00000 0.00000 0.00000 0.00000 0.00000 0.00000 0.00000 0.00000 0.00000 0.00000 0.00000 0.00000 0.00000 0.00000 0.00000 0.00000 0.00000 0.00000 0.00000 0.00000 0.00000 0.00000 0.00000 0.00000 0.00000 0.00000 0.00000 0.00000 0.00000 0.00000 0.00000 0.00000 0.00000 0.00000 0.00000 0.00000 0.00000 0.00000 0.00000 0.00000 0.00000 0.00000 0.00000 0.00000 0.00000 0.00000 0.00000 0.00000 0.00000 0.00000 0.00000 0.00000 0.00000 0.00000 0.00000 0.00000 0.00000 0.00000 0.00000 0.00000 0.00000 0.00000 0.00000 0.00000 0.00000 0.00000 0.00000 0.00000 0.00000 0.00000 0.00000 0.00000 0.00000 0.00000 0.00000 0.00000 0.00000 0.00000 0.00000 0.00000 0.00000 0.00000 0.00000 0.00000 0.00000 0.00000 0.00000 0.00000 0.00000 0.00000 0.00000 0.00000 0.00000 0.00000 0.00000 0.00000 0.00000 0.00000 0.00000 0.00000 0.00000 0.00000 0.00000 0.00000 0.00000 0.00000 0.00000 0.00000 0.00000 0.00000 0.00000 0.00000 0.00000 0.00000 0.00000 0.00000 0.00000 0.00000 0.00000 0.00000 0.00000 0.00000 0.00000 0.00000 0.00000 0.00000 0.00000 0.00000 0.00000 0.00000 0.00000 0.00000 0.00000 0.00000 0.00000 0.00000 0.00000 0.00000 0.00000 0.00000 0.00000 0.00000 0.00000 0.00000 0.00000 0.00000 0.00000 0.00000 0.00000 0.00000 0.00000 0.00000 0.00000 0.00000 0.00000 0.00000 0.00000 0.00000 0.00000 0.00000 0.00000 0.00000 0.00000 0.00000 0.00000 0.00000 0.00000 0.00000 0.00000 0.00000 0.00000 0.00000 0.00000 0.00000 0.00000 0.00000 0.00000 0.00000 0.00000 0.00000 0.00000 0.00000 0.00000 0.00000 0.00000 0.00000 0.00000 0.00000 0.00000 0.00000 0.00000 0.00000 0.00000 0.00000 0.00000 0.00000 0.00000 0.00000 0.00000 0.00000 0.00000 0.00000 0.00000 0.00000 0.00000 0.00000 0.00000 0.00000 0.00000 0.00000 0.00000 0.00000 0.00000 0.00000 0.00000 0.00000 0.00000 0.00000 0.00000 0.00000 0.00000 0.00000 0.00000 0.00000 0.00000 0.00000 0.00000 0.00000 0.00000 0.00000 0.00000 0.00000 0.00000 0.00000 0.00000 0.00000 0.00000 0.00000 0.00000 0.00000 0.00000 0.00000 0.00000 0.00000 0.00000 0.00000 0.00000 0.00000 0.00000 0.00000 0.00000 0.00000 0.00000 0.00000 0.00000 0.00000 0.00000 0.00000 0.00000
0.00000 0.00000 0.00000 0.00000 0.00000 0.00000 0.00000 0.00000 0.00000 0.00000 0.00000 0.00000 0.00000 0.00000 0.00000 0.00000 0.00000 0.00000 0.00000 0.00000 0.00000 0.00000 0.00000 0.00000 0.00000 0.00000 0.00000 0.00000 0.00000 0.00000 0.00000 0.00000 0.00000 0.00000 0.00000 0.00000 0.00000 0.00000 0.00000 0.00000 0.00000 0.00000 0.00000 0.00000 0.00000 0.00000 0.00000 0.00000 0.00000 0.00000 0.00000 0.00000 0.00000 0.00000 0.00000 0.00000 0.00000 0.00000 0.00000 0.00000 0.00000 0.00000 0.00000 0.00000 0.00000 0.00000 0.00000 0.00000 0.00000 0.00000 0.00000 0.00000 0.00000 0.00000 0.00000 0.00000 0.00000 0.00000 0.00000 0.00000 0.00000 0.00000 0.00000 0.00000 0.00000 0.00000 0.00000 0.00000 0.00000 0.00000 0.00000 0.00000 0.00000 0.00000 0.00000 0.00000 0.00000 0.00000 0.00000 0.00000 0.00000 0.00000 0.00000 0.00000 0.00000 0.00000 0.00000 0.00000 0.00000 0.00000 0.00000 0.00000 0.00000 0.00000 0.00000 0.00000 0.00000 0.00000 0.00000 0.00000 0.00000 0.00000 0.00000 0.00000 0.00000 0.00000 0.00000 0.00000 0.00000 0.00000 0.00000 0.00000 0.00000 0.00000 0.00000 0.00000 0.00000 0.00000 0.00000 0.00000 0.00000 0.00000 0.00000 0.00000 0.00000 0.00000 0.00000 0.00000 0.00000 0.00000 0.00000 0.00000 0.00000 0.00000 0.00000 0.00000 0.00000 0.00000 0.00000 0.00000 0.00000 0.00000 0.00000 0.00000 0.00000 0.00000 0.00000 0.00000 0.00000 0.00000 0.00000 0.00000 0.00000 0.00000 0.00000 0.00000 0.00000 0.00000 0.00000 0.00000 0.00000 0.00000 0.00000 0.00000 0.00000 0.00000 0.00000 0.00000 0.00000 0.00000 0.00000 0.00000 0.00000 0.00000 0.00000 0.00000 0.00000 0.00000 0.00000 0.00000 0.00000 0.00000 0.00000 0.00000 0.00000 0.00000 0.00000 0.00000 0.00000 0.00000 0.00000 0.00000 0.00000 0.00000 0.00000 0.00000 0.00000 0.00000 0.00000 0.00000 0.00000 0.00000 0.00000 0.00000 0.00000 0.00000 0.00000 0.00000 0.00000 0.00000 0.00000 0.00000 0.00000 0.00000 0.00000 0.00000 0.00000 0.00000 0.00000 0.00000 0.00000 0.00000 0.00000 0.00000 0.00000 0.00000 0.00000 0.00000 0.00000 0.00000 0.00000 0.00000 0.00000 0.00000 0.00000 0.00000 0.00000 0.00000 0.00000 0.00000 0.00000 0.00000 0.00000 0.00000 0.00000 0.00000 0.00000 0.00000 0.00000 0.00000 0.00000 0.00000 0.00000 0.00000 0.00000 0.00000 0.00000 0.00000 0.00000 0.00000 0.00000 0.00000 0.00000 0.00000 0.00000 0.00000 0.00000 0.00000 0.00000 0.00000 0.00000 0.00000 0.00000 0.00000 0.00000 0.00000 0.00000 0.00000 0.00000 0.00000 0.00000 0.00000 0.00000 0.00000 0.00000 0.00000 0.00000 0.00000 0.00000 0.00000 0.00000 0.00000 0.00000 0.00000 0.00000 0.00000 0.00000 0.00000 0.00000 0.00000 0.00000 0.00000 0.00000 0.00000 0.00000 0.00000 0.00000 0.00000 0.00000 0.00000 0.00000 0.00000 0.00000 0.00000 0.00000 0.00000 0.00000 0.00000 0.00000 0.00000 0.00000 0.00000 0.00000 0.00000 0.00000 0.00000 0.00000 0.00000 0.00000 0.00000
0.00000 0.00000 0.00000 0.00000 0.00000 0.00000 0.00000 0.00000 0.00000 0.00000 0.00000 0.00000 0.00000 0.00000 0.00000 0.00000 0.00000 0.00000 0.00000 0.00000 0.00000 0.00000 0.00000 0.00000 0.00000 0.00000 0.00000 0.00000 0.00000 0.00000 0.00000 0.00000 0.00000 0.00000 0.00000 0.00000 0.00000 0.00000 0.00000 0.00000 0.00000 0.00000 0.00000 0.00000 0.00000 0.00000 0.00000 0.00000 0.00000 0.00000 0.00000 0.00000 0.00000 0.00000 0.00000 0.00000 0.00000 0.00000 0.00000 0.00000 0.00000 0.00000 0.00000 0.00000 0.00000 0.00000 0.00000 0.00000 0.00000 0.00000 0.00000 0.00000 0.00000 0.00000 0.00000 0.00000 0.00000 0.00000 0.00000 0.00000 0.00000 0.00000 0.00000 0.00000 0.00000 0.00000 0.00000 0.00000 0.00000 0.00000 0.00000 0.00000 0.00000 0.00000 0.00000 0.00000 0.00000 0.00000 0.00000 0.00000 0.00000 0.00000 0.00000 0.00000 0.00000 0.00000 0.00000 0.00000 0.00000 0.00000 0.00000 0.00000 0.00000 0.00000 0.00000 0.00000 0.00000 0.00000 0.00000 0.00000 0.00000 0.00000 0.00000 0.00000 0.00000 0.00000 0.00000 0.00000 0.00000 0.00000 0.00000 0.00000 0.00000 0.00000 0.00000 0.00000 0.00000 0.00000 0.00000 0.00000 0.00000 0.00000 0.00000 0.00000 0.00000 0.00000 0.00000 0.00000 0.00000 0.00000 0.00000 0.00000 0.00000 0.00000 0.00000 0.00000 0.00000 0.00000 0.00000 0.00000 0.00000 0.00000 0.00000 0.00000 0.00000 0.00000 0.00000 0.00000 0.00000 0.00000 0.00000 0.00000 0.00000 0.00000 0.00000 0.00000 0.00000 0.00000 0.00000 0.00000 0.00000 0.00000 0.00000 0.00000 0.00000 0.00000 0.00000 0.00000 0.00000 0.00000 0.00000 0.00000 0.00000 0.00000 0.00000 0.00000 0.00000 0.00000 0.00000 0.00000 0.00000 0.00000 0.00000 0.00000 0.00000 0.00000 0.00000 0.00000 0.00000 0.00000 0.00000 0.00000 0.00000 0.00000 0.00000 0.00000 0.00000 0.00000 0.00000 0.00000 0.00000 0.00000 0.00000 0.00000 0.00000 0.00000 0.00000 0.00000 0.00000 0.00000 0.00000 0.00000 0.00000 0.00000 0.00000 0.00000 0.00000 0.00000 0.00000 0.00000 0.00000 0.00000 0.00000 0.00000 0.00000 0.00000 0.00000 0.00000 0.00000 0.00000 0.00000 0.00000 0.00000 0.00000 0.00000 0.00000 0.00000 0.00000 0.00000 0.00000 0.00000 0.00000 0.00000 0.00000 0.00000 0.00000 0.00000 0.00000 0.00000 0.00000 0.00000 0.00000 0.00000 0.00000 0.00000 0.00000 0.00000 0.00000 0.00000 0.00000 0.00000 0.00000 0.00000 0.00000 0.00000 0.00000 0.00000 0.00000 0.00000 0.00000 0.00000 0.00000 0.00000 0.00000 0.00000 0.00000 0.00000 0.00000 0.00000 0.00000 0.00000 0.00000 0.00000 0.00000 0.00000 0.00000 0.00000 0.00000 0.00000 0.00000 0.00000 0.00000 0.00000 0.00000 0.00000 0.00000 0.00000 0.00000 0.00000 0.00000 0.00000 0.00000 0.00000 0.00000 0.00000 0.00000 0.00000 0.00000 0.00000 0.00000 0.00000 0.00000 0.00000 0.00000 0.00000 0.00000 0.00000 0.00000 0.00000 0.00000 0.00000 0.00000 0.00000 0.00000 0.00000 0.00000 0.00000 0.00000 0.00000 0.00000
0.00000 0.00000 0.00000 0.00000 0.00000 0.00000 0.00000 0.00000 0.00000 0.00000 0.00000 0.00000 0.00000 0.00000 0.00000 0.00000 0.00000 0.00000 0.00000 0.00000 0.00000 0.00000 0.00000 0.00000 0.00000 0.00000 0.00000 0.00000 0.00000 0.00000 0.00000 0.00000 0.00000 0.00000 0.00000 0.00000 0.00000 0.00000 0.00000 0.00000 0.00000 0.00000 0.00000 0.00000 0.00000 0.00000 0.00000 0.00000 0.00000 0.00000 0.00000 0.00000 0.00000 0.00000 0.00000 0.00000 0.00000 0.00000 0.00000 0.00000 0.00000 0.00000 0.00000 0.00000 0.00000 0.00000 0.00000 0.00000 0.00000 0.00000 0.00000 0.00000 0.00000 0.00000 0.00000 0.00000 0.00000 0.00000 0.00000 0.00000 0.00000 0.00000 0.00000 0.00000 0.00000 0.00000 0.00000 0.00000 0.00000 0.00000 0.00000 0.00000 0.00000 0.00000 0.00000 0.00000 0.00000 0.00000 0.00000 0.00000 0.00000 0.00000 0.00000 0.00000 0.00000 0.00000 0.00000 0.00000 0.00000 0.00000 0.00000 0.00000 0.00000 0.00000 0.00000 0.00000 0.00000 0.00000 0.00000 0.00000 0.00000 0.00000 0.00000 0.00000 0.00000 0.00000 0.00000 0.00000 0.00000 0.00000 0.00000 0.00000 0.00000 0.00000 0.00000 0.00000 0.00000 0.00000 0.00000 0.00000 0.00000 0.00000 0.00000 0.00000 0.00000 0.00000 0.00000 0.00000 0.00000 0.00000 0.00000 0.00000 0.00000 0.00000 0.00000 0.00000 0.00000 0.00000 0.00000 0.00000 0.00000 0.00000 0.00000 0.00000 0.00000 0.00000 0.00000 0.00000 0.00000 0.00000 0.00000 0.00000 0.00000 0.00000 0.00000 0.00000 0.00000 0.00000 0.00000 0.00000 0.00000 0.00000 0.00000 0.00000 0.00000 0.00000 0.00000 0.00000 0.00000 0.00000 0.00000 0.00000 0.00000 0.00000 0.00000 0.00000 0.00000 0.00000 0.00000 0.00000 0.00000 0.00000 0.00000 0.00000 0.00000 0.00000 0.00000 0.00000 0.00000 0.00000 0.00000 0.00000 0.00000 0.00000 0.00000 0.00000 0.00000 0.00000 0.00000 0.00000 0.00000 0.00000 0.00000 0.00000 0.00000 0.00000 0.00000 0.00000 0.00000 0.00000 0.00000 0.00000 0.00000 0.00000 0.00000 0.00000 0.00000 0.00000 0.00000 0.00000 0.00000 0.00000 0.00000 0.00000 0.00000 0.00000 0.00000 0.00000 0.00000 0.00000 0.00000 0.00000 0.00000 0.00000 0.00000 0.00000 0.00000 0.00000 0.00000 0.00000 0.00000 0.00000 0.00000 0.00000 0.00000 0.00000 0.00000 0.00000 0.00000 0.00000 0.00000 0.00000 0.00000 0.00000 0.00000 0.00000 0.00000 0.00000 0.00000 0.00000 0.00000 0.00000 0.00000 0.00000 0.00000 0.00000 0.00000 0.00000 0.00000 0.00000 0.00000 0.00000 0.00000 0.00000 0.00000 0.00000 0.00000 0.00000 0.00000 0.00000 0.00000 0.00000 0.00000 0.00000 0.00000 0.00000 0.00000 0.00000 0.00000 0.00000 0.00000 0.00000 0.00000 0.00000 0.00000 0.00000 0.00000 0.00000 0.00000 0.00000 0.00000 0.00000 0.00000 0.00000 0.00000 0.00000 0.00000 0.00000 0.00000 0.00000 0.00000 0.00000 0.00000 0.00000 0.00000 0.00000 0.00000 0.00000 0.00000 0.00000 0.00000 0.00000 0.00000 0.00000 0.00000 0.00000 0.00000 0.00000 0.00000 0.00000
0.00000 0.00000 0.00000 0.00000 0.00000 0.00000 0.00000 0.00000 0.00000 0.00000 0.00000 0.00000 0.00000 0.00000 0.00000 0.00000 0.00000 0.00000 0.00000 0.00000 0.00000 0.00000 0.00000 0.00000 0.00000 0.00000 0.00000 0.00000 0.00000 0.00000 0.00000 0.00000 0.00000 0.00000 0.00000 0.00000 0.00000 0.00000 0.00000 0.00000 0.00000 0.00000 0.00000 0.00000 0.00000 0.00000 0.00000 0.00000 0.00000 0.00000 0.00000 0.00000 0.00000 0.00000 0.00000 0.00000 0.00000 0.00000 0.00000 0.00000 0.00000 0.00000 0.00000 0.00000 0.00000 0.00000 0.00000 0.00000 0.00000 0.00000 0.00000 0.00000 0.00000 0.00000 0.00000 0.00000 0.00000 0.00000 0.00000 0.00000 0.00000 0.00000 0.00000 0.00000 0.00000 0.00000 0.00000 0.00000 0.00000 0.00000 0.00000 0.00000 0.00000 0.00000 0.00000 0.00000 0.00000 0.00000 0.00000 0.00000 0.00000 0.00000 0.00000 0.00000 0.00000 0.00000 0.00000 0.00000 0.00000 0.00000 0.00000 0.00000 0.00000 0.00000 0.00000 0.00000 0.00000 0.00000 0.00000 0.00000 0.00000 0.00000 0.00000 0.00000 0.00000 0.00000 0.00000 0.00000 0.00000 0.00000 0.00000 0.00000 0.00000 0.00000 0.00000 0.00000 0.00000 0.00000 0.00000 0.00000 0.00000 0.00000 0.00000 0.00000 0.00000 0.00000 0.00000 0.00000 0.00000 0.00000 0.00000 0.00000 0.00000 0.00000 0.00000 0.00000 0.00000 0.00000 0.00000 0.00000 0.00000 0.00000 0.00000 0.00000 0.00000 0.00000 0.00000 0.00000 0.00000 0.00000 0.00000 0.00000 0.00000 0.00000 0.00000 0.00000 0.00000 0.00000 0.00000 0.00000 0.00000 0.00000 0.00000 0.00000 0.00000 0.00000 0.00000 0.00000 0.00000 0.00000 0.00000 0.00000 0.00000 0.00000 0.00000 0.00000 0.00000 0.00000 0.00000 0.00000 0.00000 0.00000 0.00000 0.00000 0.00000 0.00000 0.00000 0.00000 0.00000 0.00000 0.00000 0.00000 0.00000 0.00000 0.00000 0.00000 0.00000 0.00000 0.00000 0.00000 0.00000 0.00000 0.00000 0.00000 0.00000 0.00000 0.00000 0.00000 0.00000 0.00000 0.00000 0.00000 0.00000 0.00000 0.00000 0.00000 0.00000 0.00000 0.00000 0.00000 0.00000 0.00000 0.00000 0.00000 0.00000 0.00000 0.00000 0.00000 0.00000 0.00000 0.00000 0.00000 0.00000 0.00000 0.00000 0.00000 0.00000 0.00000 0.00000 0.00000 0.00000 0.00000 0.00000 0.00000 0.00000 0.00000 0.00000 0.00000 0.00000 0.00000 0.00000 0.00000 0.00000 0.00000 0.00000 0.00000 0.00000 0.00000 0.00000 0.00000 0.00000 0.00000 0.00000 0.00000 0.00000 0.00000 0.00000 0.00000 0.00000 0.00000 0.00000 0.00000 0.00000 0.00000 0.00000 0.00000 0.00000 0.00000 0.00000 0.00000 0.00000 0.00000 0.00000 0.00000 0.00000 0.00000 0.00000 0.00000 0.00000 0.00000 0.00000 0.00000 0.00000 0.00000 0.00000 0.00000 0.00000 0.00000 0.00000 0.00000 0.00000 0.00000 0.00000 0.00000 0.00000 0.00000 0.00000 0.00000 0.00000 0.00000 0.00000 0.00000 0.00000 0.00000 0.00000 0.00000 0.00000 0.00000 0.00000 0.00000 0.00000 0.00000 0.00000 0.00000 0.00000 0.00000 0.00000 0.00000 0.00000 0.00000
0.00000 0.00000 0.00000 0.00000 0.00000 0.00000 0.00000 0.00000 0.00000 0.00000 0.00000 0.00000 0.00000 0.00000 0.00000 0.00000 0.00000 0.00000 0.00000 0.00000 0.00000 0.00000 0.00000 0.00000 0.00000 0.00000 0.00000 0.00000 0.00000 0.00000 0.00000 0.00000 0.00000 0.00000 0.00000 0.00000 0.00000 0.00000 0.00000 0.00000 0.00000 0.00000 0.00000 0.00000 0.00000 0.00000 0.00000 0.00000 0.00000 0.00000 0.00000 0.00000 0.00000 0.00000 0.00000 0.00000 0.00000 0.00000 0.00000 0.00000 0.00000 0.00000 0.00000 0.00000 0.00000 0.00000 0.00000 0.00000 0.00000 0.00000 0.00000 0.00000 0.00000 0.00000 0.00000 0.00000 0.00000 0.00000 0.00000 0.00000 0.00000 0.00000 0.00000 0.00000 0.00000 0.00000 0.00000 0.00000 0.00000 0.00000 0.00000 0.00000 0.00000 0.00000 0.00000 0.00000 0.00000 0.00000 0.00000 0.00000 0.00000 0.00000 0.00000 0.00000 0.00000 0.00000 0.00000 0.00000 0.00000 0.00000 0.00000 0.00000 0.00000 0.00000 0.00000 0.00000 0.00000 0.00000 0.00000 0.00000 0.00000 0.00000 0.00000 0.00000 0.00000 0.00000 0.00000 0.00000 0.00000 0.00000 0.00000 0.00000 0.00000 0.00000 0.00000 0.00000 0.00000 0.00000 0.00000 0.00000 0.00000 0.00000 0.00000 0.00000 0.00000 0.00000 0.00000 0.00000 0.00000 0.00000 0.00000 0.00000 0.00000 0.00000 0.00000 0.00000 0.00000 0.00000 0.00000 0.00000 0.00000 0.00000 0.00000 0.00000 0.00000 0.00000 0.00000 0.00000 0.00000 0.00000 0.00000 0.00000 0.00000 0.00000 0.00000 0.00000 0.00000 0.00000 0.00000 0.00000 0.00000 0.00000 0.00000 0.00000 0.00000 0.00000 0.00000 0.00000 0.00000 0.00000 0.00000 0.00000 0.00000 0.00000 0.00000 0.00000 0.00000 0.00000 0.00000 0.00000 0.00000 0.00000 0.00000 0.00000 0.00000 0.00000 0.00000 0.00000 0.00000 0.00000 0.00000 0.00000 0.00000 0.00000 0.00000 0.00000 0.00000 0.00000 0.00000 0.00000 0.00000 0.00000 0.00000 0.00000 0.00000 0.00000 0.00000 0.00000 0.00000 0.00000 0.00000 0.00000 0.00000 0.00000 0.00000 0.00000 0.00000 0.00000 0.00000 0.00000 0.00000 0.00000 0.00000 0.00000 0.00000 0.00000 0.00000 0.00000 0.00000 0.00000 0.00000 0.00000 0.00000 0.00000 0.00000 0.00000 0.00000 0.00000 0.00000 0.00000 0.00000 0.00000 0.00000 0.00000 0.00000 0.00000 0.00000 0.00000 0.00000 0.00000 0.00000 0.00000 0.00000 0.00000 0.00000 0.00000 0.00000 0.00000 0.00000 0.00000 0.00000 0.00000 0.00000 0.00000 0.00000 0.00000 0.00000 0.00000 0.00000 0.00000 0.00000 0.00000 0.00000 0.00000 0.00000 0.00000 0.00000 0.00000 0.00000 0.00000 0.00000 0.00000 0.00000 0.00000 0.00000 0.00000 0.00000 0.00000 0.00000 0.00000 0.00000 0.00000 0.00000 0.00000 0.00000 0.00000 0.00000 0.00000 0.00000 0.00000 0.00000 0.00000 0.00000 0.00000 0.00000 0.00000 0.00000 0.00000 0.00000 0.00000 0.00000 0.00000 0.00000 0.00000 0.00000 0.00000 0.00000 0.00000 0.00000 0.00000 0.00000 0.00000 0.00000 0.00000 0.00000 0.00000 0.00000 0.00000 0.00000 0.00000
0.00000 0.00000 0.00000 0.00000 0.00000 0.00000 0.00000 0.00000 0.00000 0.00000 0.00000 0.00000 0.00000 0.00000 0.00000 0.00000 0.00000 0.00000 0.00000 0.00000 0.00000 0.00000 0.00000 0.00000 0.00000 0.00000 0.00000 0.00000 0.00000 0.00000 0.00000 0.00000 0.00000 0.00000 0.00000 0.00000 0.00000 0.00000 0.00000 0.00000 0.00000 0.00000 0.00000 0.00000 0.00000 0.00000 0.00000 0.00000 0.00000 0.00000 0.00000 0.00000 0.00000 0.00000 0.00000 0.00000 0.00000 0.00000 0.00000 0.00000 0.00000 0.00000 0.00000 0.00000 0.00000 0.00000 0.00000 0.00000 0.00000 0.00000 0.00000 0.00000 0.00000 0.00000 0.00000 0.00000 0.00000 0.00000 0.00000 0.00000 0.00000 0.00000 0.00000 0.00000 0.00000 0.00000 0.00000 0.00000 0.00000 0.00000 0.00000 0.00000 0.00000 0.00000 0.00000 0.00000 0.00000 0.00000 0.00000 0.00000 0.00000 0.00000 0.00000 0.00000 0.00000 0.00000 0.00000 0.00000 0.00000 0.00000 0.00000 0.00000 0.00000 0.00000 0.00000 0.00000 0.00000 0.00000 0.00000 0.00000 0.00000 0.00000 0.00000 0.00000 0.00000 0.00000 0.00000 0.00000 0.00000 0.00000 0.00000 0.00000 0.00000 0.00000 0.00000 0.00000 0.00000 0.00000 0.00000 0.00000 0.00000 0.00000 0.00000 0.00000 0.00000 0.00000 0.00000 0.00000 0.00000 0.00000 0.00000 0.00000 0.00000 0.00000 0.00000 0.00000 0.00000 0.00000 0.00000 0.00000 0.00000 0.00000 0.00000 0.00000 0.00000 0.00000 0.00000 0.00000 0.00000 0.00000 0.00000 0.00000 0.00000 0.00000 0.00000 0.00000 0.00000 0.00000 0.00000 0.00000 0.00000 0.00000 0.00000 0.00000 0.00000 0.00000 0.00000 0.00000 0.00000 0.00000 0.00000 0.00000 0.00000 0.00000 0.00000 0.00000 0.00000 0.00000 0.00000 0.00000 0.00000 0.00000 0.00000 0.00000 0.00000 0.00000 0.00000 0.00000 0.00000 0.00000 0.00000 0.00000 0.00000 0.00000 0.00000 0.00000 0.00000 0.00000 0.00000 0.00000 0.00000 0.00000 0.00000 0.00000 0.00000 0.00000 0.00000 0.00000 0.00000 0.00000 0.00000 0.00000 0.00000 0.00000 0.00000 0.00000 0.00000 0.00000 0.00000 0.00000 0.00000 0.00000 0.00000 0.00000 0.00000 0.00000 0.00000 0.00000 0.00000 0.00000 0.00000 0.00000 0.00000 0.00000 0.00000 0.00000 0.00000 0.00000 0.00000 0.00000 0.00000 0.00000 0.00000 0.00000 0.00000 0.00000 0.00000 0.00000 0.00000 0.00000 0.00000 0.00000 0.00000 0.00000 0.00000 0.00000 0.00000 0.00000 0.00000 0.00000 0.00000 0.00000 0.00000 0.00000 0.00000 0.00000 0.00000 0.00000 0.00000 0.00000 0.00000 0.00000 0.00000 0.00000 0.00000 0.00000 0.00000 0.00000 0.00000 0.00000 0.00000 0.00000 0.00000 0.00000 0.00000 0.00000 0.00000 0.00000 0.00000 0.00000 0.00000 0.00000 0.00000 0.00000 0.00000 0.00000 0.00000 0.00000 0.00000 0.00000 0.00000 0.00000 0.00000 0.00000 0.00000 0.00000 0.00000 0.00000 0.00000 0.00000 0.00000 0.00000 0.00000 0.00000 0.00000 0.00000 0.00000 0.00000 0.00000 0.00000 0.00000 0.00000 0.00000 0.00000 0.00000 0.00000 0.00000 0.00000 0.00000 0.00000
0.00000 0.00000 0.00000 0.00000 0.00000 0.00000 0.00000 0.00000 0.00000 0.00000 0.00000 0.00000 0.00000 0.00000 0.00000 0.00000 0.00000 0.00000 0.00000 0.00000 0.00000 0.00000 0.00000 0.00000 0.00000 0.00000 0.00000 0.00000 0.00000 0.00000 0.00000 0.00000 0.00000 0.00000 0.00000 0.00000 0.00000 0.00000 0.00000 0.00000 0.00000 0.00000 0.00000 0.00000 0.00000 0.00000 0.00000 0.00000 0.00000 0.00000 0.00000 0.00000 0.00000 0.00000 0.00000 0.00000 0.00000 0.00000 0.00000 0.00000 0.00000 0.00000 0.00000 0.00000 0.00000 0.00000 0.00000 0.00000 0.00000 0.00000 0.00000 0.00000 0.00000 0.00000 0.00000 0.00000 0.00000 0.00000 0.00000 0.00000 0.00000 0.00000 0.00000 0.00000 0.00000 0.00000 0.00000 0.00000 0.00000 0.00000 0.00000 0.00000 0.00000 0.00000 0.00000 0.00000 0.00000 0.00000 0.00000 0.00000 0.00000 0.00000 0.00000 0.00000 0.00000 0.00000 0.00000 0.00000 0.00000 0.00000 0.00000 0.00000 0.00000 0.00000 0.00000 0.00000 0.00000 0.00000 0.00000 0.00000 0.00000 0.00000 0.00000 0.00000 0.00000 0.00000 0.00000 0.00000 0.00000 0.00000 0.00000 0.00000 0.00000 0.00000 0.00000 0.00000 0.00000 0.00000 0.00000 0.00000 0.00000 0.00000 0.00000 0.00000 0.00000 0.00000 0.00000 0.00000 0.00000 0.00000 0.00000 0.00000 0.00000 0.00000 0.00000 0.00000 0.00000 0.00000 0.00000 0.00000 0.00000 0.00000 0.00000 0.00000 0.00000 0.00000 0.00000 0.00000 0.00000 0.00000 0.00000 0.00000 0.00000 0.00000 0.00000 0.00000 0.00000 0.00000 0.00000 0.00000 0.00000 0.00000 0.00000 0.00000 0.00000 0.00000 0.00000 0.00000 0.00000 0.00000 0.00000 0.00000 0.00000 0.00000 0.00000 0.00000 0.00000 0.00000 0.00000 0.00000 0.00000 0.00000 0.00000 0.00000 0.00000 0.00000 0.00000 0.00000 0.00000 0.00000 0.00000 0.00000 0.00000 0.00000 0.00000 0.00000 0.00000 0.00000 0.00000 0.00000 0.00000 0.00000 0.00000 0.00000 0.00000 0.00000 0.00000 0.00000 0.00000 0.00000 0.00000 0.00000 0.00000 0.00000 0.00000 0.00000 0.00000 0.00000 0.00000 0.00000 0.00000 0.00000 0.00000 0.00000 0.00000 0.00000 0.00000 0.00000 0.00000 0.00000 0.00000 0.00000 0.00000 0.00000 0.00000 0.00000 0.00000 0.00000 0.00000 0.00000 0.00000 0.00000 0.00000 0.00000 0.00000 0.00000 0.00000 0.00000 0.00000 0.00000 0.00000 0.00000 0.00000 0.00000 0.00000 0.00000 0.00000 0.00000 0.00000 0.00000 0.00000 0.00000 0.00000 0.00000 0.00000 0.00000 0.00000 0.00000 0.00000 0.00000 0.00000 0.00000 0.00000 0.00000 0.00000 0.00000 0.00000 0.00000 0.00000 0.00000 0.00000 0.00000 0.00000 0.00000 0.00000 0.00000 0.00000 0.00000 0.00000 0.00000 0.00000 0.00000 0.00000 0.00000 0.00000 0.00000 0.00000 0.00000 0.00000 0.00000 0.00000 0.00000 0.00000 0.00000 0.00000 0.00000 0.00000 0.00000 0.00000 0.00000 0.00000 0.00000 0.00000 0.00000 0.00000 0.00000 0.00000 0.00000 0.00000 0.00000 0.00000 0.00000 0.00000 0.00000 0.00000 0.00000 0.00000 0.00000 0.00000 0.00000
0.00000 0.00000 0.00000 0.00000 0.00000 0.00000 0.00000 0.00000 0.00000 0.00000 0.00000 0.00000 0.00000 0.00000 0.00000 0.00000 0.00000 0.00000 0.00000 0.00000 0.00000 0.00000 0.00000 0.00000 0.00000 0.00000 0.00000 0.00000 0.00000 0.00000 0.00000 0.00000 0.00000 0.00000 0.00000 0.00000 0.00000 0.00000 0.00000 0.00000 0.00000 0.00000 0.00000 0.00000 0.00000 0.00000 0.00000 0.00000 0.00000 0.00000 0.00000 0.00000 0.00000 0.00000 0.00000 0.00000 0.00000 0.00000 0.00000 0.00000 0.00000 0.00000 0.00000 0.00000 0.00000 0.00000 0.00000 0.00000 0.00000 0.00000 0.00000 0.00000 0.00000 0.00000 0.00000 0.00000 0.00000 0.00000 0.00000 0.00000 0.00000 0.00000 0.00000 0.00000 0.00000 0.00000 0.00000 0.00000 0.00000 0.00000 0.00000 0.00000 0.00000 0.00000 0.00000 0.00000 0.00000 0.00000 0.00000 0.00000 0.00000 0.00000 0.00000 0.00000 0.00000 0.00000 0.00000 0.00000 0.00000 0.00000 0.00000 0.00000 0.00000 0.00000 0.00000 0.00000 0.00000 0.00000 0.00000 0.00000 0.00000 0.00000 0.00000 0.00000 0.00000 0.00000 0.00000 0.00000 0.00000 0.00000 0.00000 0.00000 0.00000 0.00000 0.00000 0.00000 0.00000 0.00000 0.00000 0.00000 0.00000 0.00000 0.00000 0.00000 0.00000 0.00000 0.00000 0.00000 0.00000 0.00000 0.00000 0.00000 0.00000 0.00000 0.00000 0.00000 0.00000 0.00000 0.00000 0.00000 0.00000 0.00000 0.00000 0.00000 0.00000 0.00000 0.00000 0.00000 0.00000 0.00000 0.00000 0.00000 0.00000 0.00000 0.00000 0.00000 0.00000 0.00000 0.00000 0.00000 0.00000 0.00000 0.00000 0.00000 0.00000 0.00000 0.00000 0.00000 0.00000 0.00000 0.00000 0.00000 0.00000 0.00000 0.00000 0.00000 0.00000 0.00000 0.00000 0.00000 0.00000 0.00000 0.00000 0.00000 0.00000 0.00000 0.00000 0.00000 0.00000 0.00000 0.00000 0.00000 0.00000 0.00000 0.00000 0.00000 0.00000 0.00000 0.00000 0.00000 0.00000 0.00000 0.00000 0.00000 0.00000 0.00000 0.00000 0.00000 0.00000 0.00000 0.00000 0.00000 0.00000 0.00000 0.00000 0.00000 0.00000 0.00000 0.00000 0.00000 0.00000 0.00000 0.00000 0.00000 0.00000 0.00000 0.00000 0.00000 0.00000 0.00000 0.00000 0.00000 0.00000 0.00000 0.00000 0.00000 0.00000 0.00000 0.00000 0.00000 0.00000 0.00000 0.00000 0.00000 0.00000 0.00000 0.00000 0.00000 0.00000 0.00000 0.00000 0.00000 0.00000 0.00000 0.00000 0.00000 0.00000 0.00000 0.00000 0.00000 0.00000 0.00000 0.00000 0.00000 0.00000 0.00000 0.00000 0.00000 0.00000 0.00000 0.00000 0.00000 0.00000 0.00000 0.00000 0.00000 0.00000 0.00000 0.00000 0.00000 0.00000 0.00000 0.00000 0.00000 0.00000 0.00000 0.00000 0.00000 0.00000 0.00000 0.00000 0.00000 0.00000 0.00000 0.00000 0.00000 0.00000 0.00000 0.00000 0.00000 0.00000 0.00000 0.00000 0.00000 0.00000 0.00000 0.00000 0.00000 0.00000 0.00000 0.00000 0.00000 0.00000 0.00000 0.00000 0.00000 0.00000 0.00000 0.00000 0.00000 0.00000 0.00000 0.00000 0.00000 0.00000 0.00000 0.00000 0.00000 0.00000 0.00000
0.00000 0.00000 0.00000 0.00000 0.00000 0.00000 0.00000 0.00000 0.00000 0.00000 0.00000 0.00000 0.00000 0.00000 0.00000 0.00000 0.00000 0.00000 0.00000 0.00000 0.00000 0.00000 0.00000 0.00000 0.00000 0.00000 0.00000 0.00000 0.00000 0.00000 0.00000 0.00000 0.00000 0.00000 0.00000 0.00000 0.00000 0.00000 0.00000 0.00000 0.00000 0.00000 0.00000 0.00000 0.00000 0.00000 0.00000 0.00000 0.00000 0.00000 0.00000 0.00000 0.00000 0.00000 0.00000 0.00000 0.00000 0.00000 0.00000 0.00000 0.00000 0.00000 0.00000 0.00000 0.00000 0.00000 0.00000 0.00000 0.00000 0.00000 0.00000 0.00000 0.00000 0.00000 0.00000 0.00000 0.00000 0.00000 0.00000 0.00000 0.00000 0.00000 0.00000 0.00000 0.00000 0.00000 0.00000 0.00000 0.00000 0.00000 0.00000 0.00000 0.00000 0.00000 0.00000 0.00000 0.00000 0.00000 0.00000 0.00000 0.00000 0.00000 0.00000 0.00000 0.00000 0.00000 0.00000 0.00000 0.00000 0.00000 0.00000 0.00000 0.00000 0.00000 0.00000 0.00000 0.00000 0.00000 0.00000 0.00000 0.00000 0.00000 0.00000 0.00000 0.00000 0.00000 0.00000 0.00000 0.00000 0.00000 0.00000 0.00000 0.00000 0.00000 0.00000 0.00000 0.00000 0.00000 0.00000 0.00000 0.00000 0.00000 0.00000 0.00000 0.00000 0.00000 0.00000 0.00000 0.00000 0.00000 0.00000 0.00000 0.00000 0.00000 0.00000 0.00000 0.00000 0.00000 0.00000 0.00000 0.00000 0.00000 0.00000 0.00000 0.00000 0.00000 0.00000 0.00000 0.00000 0.00000 0.00000 0.00000 0.00000 0.00000 0.00000 0.00000 0.00000 0.00000 0.00000 0.00000 0.00000 0.00000 0.00000 0.00000 0.00000 0.00000 0.00000 0.00000 0.00000 0.00000 0.00000 0.00000 0.00000 0.00000 0.00000 0.00000 0.00000 0.00000 0.00000 0.00000 0.00000 0.00000 0.00000 0.00000 0.00000 0.00000 0.00000 0.00000 0.00000 0.00000 0.00000 0.00000 0.00000 0.00000 0.00000 0.00000 0.00000 0.00000 0.00000 0.00000 0.00000 0.00000 0.00000 0.00000 0.00000 0.00000 0.00000 0.00000 0.00000 0.00000 0.00000 0.00000 0.00000 0.00000 0.00000 0.00000 0.00000 0.00000 0.00000 0.00000 0.00000 0.00000 0.00000 0.00000 0.00000 0.00000 0.00000 0.00000 0.00000 0.00000 0.00000 0.00000 0.00000 0.00000 0.00000 0.00000 0.00000 0.00000 0.00000 0.00000 0.00000 0.00000 0.00000 0.00000 0.00000 0.00000 0.00000 0.00000 0.00000 0.00000 0.00000 0.00000 0.00000 0.00000 0.00000 0.00000 0.00000 0.00000 0.00000 0.00000 0.00000 0.00000 0.00000 0.00000 0.00000 0.00000 0.00000 0.00000 0.00000 0.00000 0.00000 0.00000 0.00000 0.00000 0.00000 0.00000 0.00000 0.00000 0.00000 0.00000 0.00000 0.00000 0.00000 0.00000 0.00000 0.00000 0.00000 0.00000 0.00000 0.00000 0.00000 0.00000 0.00000 0.00000 0.00000 0.00000 0.00000 0.00000 0.00000 0.00000 0.00000 0.00000 0.00000 0.00000 0.00000 0.00000 0.00000 0.00000 0.00000 0.00000 0.00000 0.00000 0.00000 0.00000 0.00000 0.00000 0.00000 0.00000 0.00000 0.00000 0.00000 0.00000 0.00000 0.00000 0.00000 0.00000 0.00000 0.00000 0.00000 0.00000
0.00000 0.00000 0.00000 0.00000 0.00000 0.00000 0.00000 0.00000 0.00000 0.00000 0.00000 0.00000 0.00000 0.00000 0.00000 0.00000 0.00000 0.00000 0.00000 0.00000 0.00000 0.00000 0.00000 0.00000 0.00000 0.00000 0.00000 0.00000 0.00000 0.00000 0.00000 0.00000 0.00000 0.00000 0.00000 0.00000 0.00000 0.00000 0.00000 0.00000 0.00000 0.00000 0.00000 0.00000 0.00000 0.00000 0.00000 0.00000 0.00000 0.00000 0.00000 0.00000 0.00000 0.00000 0.00000 0.00000 0.00000 0.00000 0.00000 0.00000 0.00000 0.00000 0.00000 0.00000 0.00000 0.00000 0.00000 0.00000 0.00000 0.00000 0.00000 0.00000 0.00000 0.00000 0.00000 0.00000 0.00000 0.00000 0.00000 0.00000 0.00000 0.00000 0.00000 0.00000 0.00000 0.00000 0.00000 0.00000 0.00000 0.00000 0.00000 0.00000 0.00000 0.00000 0.00000 0.00000 0.00000 0.00000 0.00000 0.00000 0.00000 0.00000 0.00000 0.00000 0.00000 0.00000 0.00000 0.00000 0.00000 0.00000 0.00000 0.00000 0.00000 0.00000 0.00000 0.00000 0.00000 0.00000 0.00000 0.00000 0.00000 0.00000 0.00000 0.00000 0.00000 0.00000 0.00000 0.00000 0.00000 0.00000 0.00000 0.00000 0.00000 0.00000 0.00000 0.00000 0.00000 0.00000 0.00000 0.00000 0.00000 0.00000 0.00000 0.00000 0.00000 0.00000 0.00000 0.00000 0.00000 0.00000 0.00000 0.00000 0.00000 0.00000 0.00000 0.00000 0.00000 0.00000 0.00000 0.00000 0.00000 0.00000 0.00000 0.00000 0.00000 0.00000 0.00000 0.00000 0.00000 0.00000 0.00000 0.00000 0.00000 0.00000 0.00000 0.00000 0.00000 0.00000 0.00000 0.00000 0.00000 0.00000 0.00000 0.00000 0.00000 0.00000 0.00000 0.00000 0.00000 0.00000 0.00000 0.00000 0.00000 0.00000 0.00000 0.00000 0.00000 0.00000 0.00000 0.00000 0.00000 0.00000 0.00000 0.00000 0.00000 0.00000 0.00000 0.00000 0.00000 0.00000 0.00000 0.00000 0.00000 0.00000 0.00000 0.00000 0.00000 0.00000 0.00000 0.00000 0.00000 0.00000 0.00000 0.00000 0.00000 0.00000 0.00000 0.00000 0.00000 0.00000 0.00000 0.00000 0.00000 0.00000 0.00000 0.00000 0.00000 0.00000 0.00000 0.00000 0.00000 0.00000 0.00000 0.00000 0.00000 0.00000 0.00000 0.00000 0.00000 0.00000 0.00000 0.00000 0.00000 0.00000 0.00000 0.00000 0.00000 0.00000 0.00000 0.00000 0.00000 0.00000 0.00000 0.00000 0.00000 0.00000 0.00000 0.00000 0.00000 0.00000 0.00000 0.00000 0.00000 0.00000 0.00000 0.00000 0.00000 0.00000 0.00000 0.00000 0.00000 0.00000 0.00000 0.00000 0.00000 0.00000 0.00000 0.00000 0.00000 0.00000 0.00000 0.00000 0.00000 0.00000 0.00000 0.00000 0.00000 0.00000 0.00000 0.00000 0.00000 0.00000 0.00000 0.00000 0.00000 0.00000 0.00000 0.00000 0.00000 0.00000 0.00000 0.00000 0.00000 0.00000 0.00000 0.00000 0.00000 0.00000 0.00000 0.00000 0.00000 0.00000 0.00000 0.00000 0.00000 0.00000 0.00000 0.00000 0.00000 0.00000 0.00000 0.00000 0.00000 0.00000 0.00000 0.00000 0.00000 0.00000 0.00000 0.00000 0.00000 0.00000 0.00000 0.00000 0.00000 0.00000 0.00000 0.00000 0.00000 0.00000
0.00000 0.00000 0.00000 0.00000 0.00000 0.00000 0.00000 0.00000 0.00000 0.00000 0.00000 0.00000 0.00000 0.00000 0.00000 0.00000 0.00000 0.00000 0.00000 0.00000 0.00000 0.00000 0.00000 0.00000 0.00000 0.00000 0.00000 0.00000 0.00000 0.00000 0.00000 0.00000 0.00000 0.00000 0.00000 0.00000 0.00000 0.00000 0.00000 0.00000 0.00000 0.00000 0.00000 0.00000 0.00000 0.00000 0.00000 0.00000 0.00000 0.00000 0.00000 0.00000 0.00000 0.00000 0.00000 0.00000 0.00000 0.00000 0.00000 0.00000 0.00000 0.00000 0.00000 0.00000 0.00000 0.00000 0.00000 0.00000 0.00000 0.00000 0.00000 0.00000 0.00000 0.00000 0.00000 0.00000 0.00000 0.00000 0.00000 0.00000 0.00000 0.00000 0.00000 0.00000 0.00000 0.00000 0.00000 0.00000 0.00000 0.00000 0.00000 0.00000 0.00000 0.00000 0.00000 0.00000 0.00000 0.00000 0.00000 0.00000 0.00000 0.00000 0.00000 0.00000 0.00000 0.00000 0.00000 0.00000 0.00000 0.00000 0.00000 0.00000 0.00000 0.00000 0.00000 0.00000 0.00000 0.00000 0.00000 0.00000 0.00000 0.00000 0.00000 0.00000 0.00000 0.00000 0.00000 0.00000 0.00000 0.00000 0.00000 0.00000 0.00000 0.00000 0.00000 0.00000 0.00000 0.00000 0.00000 0.00000 0.00000 0.00000 0.00000 0.00000 0.00000 0.00000 0.00000 0.00000 0.00000 0.00000 0.00000 0.00000 0.00000 0.00000 0.00000 0.00000 0.00000 0.00000 0.00000 0.00000 0.00000 0.00000 0.00000 0.00000 0.00000 0.00000 0.00000 0.00000 0.00000 0.00000 0.00000 0.00000 0.00000 0.00000 0.00000 0.00000 0.00000 0.00000 0.00000 0.00000 0.00000 0.00000 0.00000 0.00000 0.00000 0.00000 0.00000 0.00000 0.00000 0.00000 0.00000 0.00000 0.00000 0.00000 0.00000 0.00000 0.00000 0.00000 0.00000 0.00000 0.00000 0.00000 0.00000 0.00000 0.00000 0.00000 0.00000 0.00000 0.00000 0.00000 0.00000 0.00000 0.00000 0.00000 0.00000 0.00000 0.00000 0.00000 0.00000 0.00000 0.00000 0.00000 0.00000 0.00000 0.00000 0.00000 0.00000 0.00000 0.00000 0.00000 0.00000 0.00000 0.00000 0.00000 0.00000 0.00000 0.00000 0.00000 0.00000 0.00000 0.00000 0.00000 0.00000 0.00000 0.00000 0.00000 0.00000 0.00000 0.00000 0.00000 0.00000 0.00000 0.00000 0.00000 0.00000 0.00000 0.00000 0.00000 0.00000 0.00000 0.00000 0.00000 0.00000 0.00000 0.00000 0.00000 0.00000 0.00000 0.00000 0.00000 0.00000 0.00000 0.00000 0.00000 0.00000 0.00000 0.00000 0.00000 0.00000 0.00000 0.00000 0.00000 0.00000 0.00000 0.00000 0.00000 0.00000 0.00000 0.00000 0.00000 0.00000 0.00000 0.00000 0.00000 0.00000 0.00000 0.00000 0.00000 0.00000 0.00000 0.00000 0.00000 0.00000 0.00000 0.00000 0.00000 0.00000 0.00000 0.00000 0.00000 0.00000 0.00000 0.00000 0.00000 0.00000 0.00000 0.00000 0.00000 0.00000 0.00000 0.00000 0.00000 0.00000 0.00000 0.00000 0.00000 0.00000 0.00000 0.00000 0.00000 0.00000 0.00000 0.00000 0.00000 0.00000 0.00000 0.00000 0.00000 0.00000 0.00000 0.00000 0.00000 0.00000 0.00000 0.00000 0.00000 0.00000 0.00000 0.00000 0.00000
0.00000 0.00000 0.00000 0.00000 0.00000 0.00000 0.00000 0.00000 0.00000 0.00000 0.00000 0.00000 0.00000 0.00000 0.00000 0.00000 0.00000 0.00000 0.00000 0.00000 0.00000 0.00000 0.00000 0.00000 0.00000 0.00000 0.00000 0.00000 0.00000 0.00000 0.00000 0.00000 0.00000 0.00000 0.00000 0.00000 0.00000 0.00000 0.00000 0.00000 0.00000 0.00000 0.00000 0.00000 0.00000 0.00000 0.00000 0.00000 0.00000 0.00000 0.00000 0.00000 0.00000 0.00000 0.00000 0.00000 0.00000 0.00000 0.00000 0.00000 0.00000 0.00000 0.00000 0.00000 0.00000 0.00000 0.00000 0.00000 0.00000 0.00000 0.00000 0.00000 0.00000 0.00000 0.00000 0.00000 0.00000 0.00000 0.00000 0.00000 0.00000 0.00000 0.00000 0.00000 0.00000 0.00000 0.00000 0.00000 0.00000 0.00000 0.00000 0.00000 0.00000 0.00000 0.00000 0.00000 0.00000 0.00000 0.00000 0.00000 0.00000 0.00000 0.00000 0.00000 0.00000 0.00000 0.00000 0.00000 0.00000 0.00000 0.00000 0.00000 0.00000 0.00000 0.00000 0.00000 0.00000 0.00000 0.00000 0.00000 0.00000 0.00000 0.00000 0.00000 0.00000 0.00000 0.00000 0.00000 0.00000 0.00000 0.00000 0.00000 0.00000 0.00000 0.00000 0.00000 0.00000 0.00000 0.00000 0.00000 0.00000 0.00000 0.00000 0.00000 0.00000 0.00000 0.00000 0.00000 0.00000 0.00000 0.00000 0.00000 0.00000 0.00000 0.00000 0.00000 0.00000 0.00000 0.00000 0.00000 0.00000 0.00000 0.00000 0.00000 0.00000 0.00000 0.00000 0.00000 0.00000 0.00000 0.00000 0.00000 0.00000 0.00000 0.00000 0.00000 0.00000 0.00000 0.00000 0.00000 0.00000 0.00000 0.00000 0.00000 0.00000 0.00000 0.00000 0.00000 0.00000 0.00000 0.00000 0.00000 0.00000 0.00000 0.00000 0.00000 0.00000 0.00000 0.00000 0.00000 0.00000 0.00000 0.00000 0.00000 0.00000 0.00000 0.00000 0.00000 0.00000 0.00000 0.00000 0.00000 0.00000 0.00000 0.00000 0.00000 0.00000 0.00000 0.00000 0.00000 0.00000 0.00000 0.00000 0.00000 0.00000 0.00000 0.00000 0.00000 0.00000 0.00000 0.00000 0.00000 0.00000 0.00000 0.00000 0.00000 0.00000 0.00000 0.00000 0.00000 0.00000 0.00000 0.00000 0.00000 0.00000 0.00000 0.00000 0.00000 0.00000 0.00000 0.00000 0.00000 0.00000 0.00000 0.00000 0.00000 0.00000 0.00000 0.00000 0.00000 0.00000 0.00000 0.00000 0.00000 0.00000 0.00000 0.00000 0.00000 0.00000 0.00000 0.00000 0.00000 0.00000 0.00000 0.00000 0.00000 0.00000 0.00000 0.00000 0.00000 0.00000 0.00000 0.00000 0.00000 0.00000 0.00000 0.00000 0.00000 0.00000 0.00000 0.00000 0.00000 0.00000 0.00000 0.00000 0.00000 0.00000 0.00000 0.00000 0.00000 0.00000 0.00000 0.00000 0.00000 0.00000 0.00000 0.00000 0.00000 0.00000 0.00000 0.00000 0.00000 0.00000 0.00000 0.00000 0.00000 0.00000 0.00000 0.00000 0.00000 0.00000 0.00000 0.00000 0.00000 0.00000 0.00000 0.00000 0.00000 0.00000 0.00000 0.00000 0.00000 0.00000 0.00000 0.00000 0.00000 0.00000 0.00000 0.00000 0.00000 0.00000 0.00000 0.00000 0.00000 0.00000 0.00000 0.00000 0.00000 0.00000 0.00000
0.00000 0.00000 0.00000 0.00000 0.00000 0.00000 0.00000 0.00000 0.00000 0.00000 0.00000 0.00000 0.00000 0.00000 0.00000 0.00000 0.00000 0.00000 0.00000 0.00000 0.00000 0.00000 0.00000 0.00000 0.00000 0.00000 0.00000 0.00000 0.00000 0.00000 0.00000 0.00000 0.00000 0.00000 0.00000 0.00000 0.00000 0.00000 0.00000 0.00000 0.00000 0.00000 0.00000 0.00000 0.00000 0.00000 0.00000 0.00000 0.00000 0.00000 0.00000 0.00000 0.00000 0.00000 0.00000 0.00000 0.00000 0.00000 0.00000 0.00000 0.00000 0.00000 0.00000 0.00000 0.00000 0.00000 0.00000 0.00000 0.00000 0.00000 0.00000 0.00000 0.00000 0.00000 0.00000 0.00000 0.00000 0.00000 0.00000 0.00000 0.00000 0.00000 0.00000 0.00000 0.00000 0.00000 0.00000 0.00000 0.00000 0.00000 0.00000 0.00000 0.00000 0.00000 0.00000 0.00000 0.00000 0.00000 0.00000 0.00000 0.00000 0.00000 0.00000 0.00000 0.00000 0.00000 0.00000 0.00000 0.00000 0.00000 0.00000 0.00000 0.00000 0.00000 0.00000 0.00000 0.00000 0.00000 0.00000 0.00000 0.00000 0.00000 0.00000 0.00000 0.00000 0.00000 0.00000 0.00000 0.00000 0.00000 0.00000 0.00000 0.00000 0.00000 0.00000 0.00000 0.00000 0.00000 0.00000 0.00000 0.00000 0.00000 0.00000 0.00000 0.00000 0.00000 0.00000 0.00000 0.00000 0.00000 0.00000 0.00000 0.00000 0.00000 0.00000 0.00000 0.00000 0.00000 0.00000 0.00000 0.00000 0.00000 0.00000 0.00000 0.00000 0.00000 0.00000 0.00000 0.00000 0.00000 0.00000 0.00000 0.00000 0.00000 0.00000 0.00000 0.00000 0.00000 0.00000 0.00000 0.00000 0.00000 0.00000 0.00000 0.00000 0.00000 0.00000 0.00000 0.00000 0.00000 0.00000 0.00000 0.00000 0.00000 0.00000 0.00000 0.00000 0.00000 0.00000 0.00000 0.00000 0.00000 0.00000 0.00000 0.00000 0.00000 0.00000 0.00000 0.00000 0.00000 0.00000 0.00000 0.00000 0.00000 0.00000 0.00000 0.00000 0.00000 0.00000 0.00000 0.00000 0.00000 0.00000 0.00000 0.00000 0.00000 0.00000 0.00000 0.00000 0.00000 0.00000 0.00000 0.00000 0.00000 0.00000 0.00000 0.00000 0.00000 0.00000 0.00000 0.00000 0.00000 0.00000 0.00000 0.00000 0.00000 0.00000 0.00000 0.00000 0.00000 0.00000 0.00000 0.00000 0.00000 0.00000 0.00000 0.00000 0.00000 0.00000 0.00000 0.00000 0.00000 0.00000 0.00000 0.00000 0.00000 0.00000 0.00000 0.00000 0.00000 0.00000 0.00000 0.00000 0.00000 0.00000 0.00000 0.00000 0.00000 0.00000 0.00000 0.00000 0.00000 0.00000 0.00000 0.00000 0.00000 0.00000 0.00000 0.00000 0.00000 0.00000 0.00000 0.00000 0.00000 0.00000 0.00000 0.00000 0.00000 0.00000 0.00000 0.00000 0.00000 0.00000 0.00000 0.00000 0.00000 0.00000 0.00000 0.00000 0.00000 0.00000 0.00000 0.00000 0.00000 0.00000 0.00000 0.00000 0.00000 0.00000 0.00000 0.00000 0.00000 0.00000 0.00000 0.00000 0.00000 0.00000 0.00000 0.00000 0.00000 0.00000 0.00000 0.00000 0.00000 0.00000 0.00000 0.00000 0.00000 0.00000 0.00000 0.00000 0.00000 0.00000 0.00000 0.00000 0.00000 0.00000 0.00000 0.00000 0.00000
0.00000 0.00000 0.00000 0.00000 0.00000 0.00000 0.00000 0.00000 0.00000 0.00000 0.00000 0.00000 0.00000 0.00000 0.00000 0.00000 0.00000 0.00000 0.00000 0.00000 0.00000 0.00000 0.00000 0.00000 0.00000 0.00000 0.00000 0.00000 0.00000 0.00000 0.00000 0.00000 0.00000 0.00000 0.00000 0.00000 0.00000 0.00000 0.00000 0.00000 0.00000 0.00000 0.00000 0.00000 0.00000 0.00000 0.00000 0.00000 0.00000 0.00000 0.00000 0.00000 0.00000 0.00000 0.00000 0.00000 0.00000 0.00000 0.00000 0.00000 0.00000 0.00000 0.00000 0.00000 0.00000 0.00000 0.00000 0.00000 0.00000 0.00000 0.00000 0.00000 0.00000 0.00000 0.00000 0.00000 0.00000 0.00000 0.00000 0.00000 0.00000 0.00000 0.00000 0.00000 0.00000 0.00000 0.00000 0.00000 0.00000 0.00000 0.00000 0.00000 0.00000 0.00000 0.00000 0.00000 0.00000 0.00000 0.00000 0.00000 0.00000 0.00000 0.00000 0.00000 0.00000 0.00000 0.00000 0.00000 0.00000 0.00000 0.00000 0.00000 0.00000 0.00000 0.00000 0.00000 0.00000 0.00000 0.00000 0.00000 0.00000 0.00000 0.00000 0.00000 0.00000 0.00000 0.00000 0.00000 0.00000 0.00000 0.00000 0.00000 0.00000 0.00000 0.00000 0.00000 0.00000 0.00000 0.00000 0.00000 0.00000 0.00000 0.00000 0.00000 0.00000 0.00000 0.00000 0.00000 0.00000 0.00000 0.00000 0.00000 0.00000 0.00000 0.00000 0.00000 0.00000 0.00000 0.00000 0.00000 0.00000 0.00000 0.00000 0.00000 0.00000 0.00000 0.00000 0.00000 0.00000 0.00000 0.00000 0.00000 0.00000 0.00000 0.00000 0.00000 0.00000 0.00000 0.00000 0.00000 0.00000 0.00000 0.00000 0.00000 0.00000 0.00000 0.00000 0.00000 0.00000 0.00000 0.00000 0.00000 0.00000 0.00000 0.00000 0.00000 0.00000 0.00000 0.00000 0.00000 0.00000 0.00000 0.00000 0.00000 0.00000 0.00000 0.00000 0.00000 0.00000 0.00000 0.00000 0.00000 0.00000 0.00000 0.00000 0.00000 0.00000 0.00000 0.00000 0.00000 0.00000 0.00000 0.00000 0.00000 0.00000 0.00000 0.00000 0.00000 0.00000 0.00000 0.00000 0.00000 0.00000 0.00000 0.00000 0.00000 0.00000 0.00000 0.00000 0.00000 0.00000 0.00000 0.00000 0.00000 0.00000 0.00000 0.00000 0.00000 0.00000 0.00000 0.00000 0.00000 0.00000 0.00000 0.00000 0.00000 0.00000 0.00000 0.00000 0.00000 0.00000 0.00000 0.00000 0.00000 0.00000 0.00000 0.00000 0.00000 0.00000 0.00000 0.00000 0.00000 0.00000 0.00000 0.00000 0.00000 0.00000 0.00000 0.00000 0.00000 0.00000 0.00000 0.00000 0.00000 0.00000 0.00000 0.00000 0.00000 0.00000 0.00000 0.00000 0.00000 0.00000 0.00000 0.00000 0.00000 0.00000 0.00000 0.00000 0.00000 0.00000 0.00000 0.00000 0.00000 0.00000 0.00000 0.00000 0.00000 0.00000 0.00000 0.00000 0.00000 0.00000 0.00000 0.00000 0.00000 0.00000 0.00000 0.00000 0.00000 0.00000 0.00000 0.00000 0.00000 0.00000 0.00000 0.00000 0.00000 0.00000 0.00000 0.00000 0.00000 0.00000 0.00000 0.00000 0.00000 0.00000 0.00000 0.00000 0.00000 0.00000 0.00000 0.00000 0.00000 0.00000 0.00000 0.00000 0.00000 0.00000 0.00000
0.00000 0.00000 0.00000 0.00000 0.00000 0.00000 0.00000 0.00000 0.00000 0.00000 0.00000 0.00000 0.00000 0.00000 0.00000 0.00000 0.00000 0.00000 0.00000 0.00000 0.00000 0.00000 0.00000 0.00000 0.00000 0.00000 0.00000 0.00000 0.00000 0.00000 0.00000 0.00000 0.00000 0.00000 0.00000 0.00000 0.00000 0.00000 0.00000 0.00000 0.00000 0.00000 0.00000 0.00000 0.00000 0.00000 0.00000 0.00000 0.00000 0.00000 0.00000 0.00000 0.00000 0.00000 0.00000 0.00000 0.00000 0.00000 0.00000 0.00000 0.00000 0.00000 0.00000 0.00000 0.00000 0.00000 0.00000 0.00000 0.00000 0.00000 0.00000 0.00000 0.00000 0.00000 0.00000 0.00000 0.00000 0.00000 0.00000 0.00000 0.00000 0.00000 0.00000 0.00000 0.00000 0.00000 0.00000 0.00000 0.00000 0.00000 0.00000 0.00000 0.00000 0.00000 0.00000 0.00000 0.00000 0.00000 0.00000 0.00000 0.00000 0.00000 0.00000 0.00000 0.00000 0.00000 0.00000 0.00000 0.00000 0.00000 0.00000 0.00000 0.00000 0.00000 0.00000 0.00000 0.00000 0.00000 0.00000 0.00000 0.00000 0.00000 0.00000 0.00000 0.00000 0.00000 0.00000 0.00000 0.00000 0.00000 0.00000 0.00000 0.00000 0.00000 0.00000 0.00000 0.00000 0.00000 0.00000 0.00000 0.00000 0.00000 0.00000 0.00000 0.00000 0.00000 0.00000 0.00000 0.00000 0.00000 0.00000 0.00000 0.00000 0.00000 0.00000 0.00000 0.00000 0.00000 0.00000 0.00000 0.00000 0.00000 0.00000 0.00000 0.00000 0.00000 0.00000 0.00000 0.00000 0.00000 0.00000 0.00000 0.00000 0.00000 0.00000 0.00000 0.00000 0.00000 0.00000 0.00000 0.00000 0.00000 0.00000 0.00000 0.00000 0.00000 0.00000 0.00000 0.00000 0.00000 0.00000 0.00000 0.00000 0.00000 0.00000 0.00000 0.00000 0.00000 0.00000 0.00000 0.00000 0.00000 0.00000 0.00000 0.00000 0.00000 0.00000 0.00000 0.00000 0.00000 0.00000 0.00000 0.00000 0.00000 0.00000 0.00000 0.00000 0.00000 0.00000 0.00000 0.00000 0.00000 0.00000 0.00000 0.00000 0.00000 0.00000 0.00000 0.00000 0.00000 0.00000 0.00000 0.00000 0.00000 0.00000 0.00000 0.00000 0.00000 0.00000 0.00000 0.00000 0.00000 0.00000 0.00000 0.00000 0.00000 0.00000 0.00000 0.00000 0.00000 0.00000 0.00000 0.00000 0.00000 0.00000 0.00000 0.00000 0.00000 0.00000 0.00000 0.00000 0.00000 0.00000 0.00000 0.00000 0.00000 0.00000 0.00000 0.00000 0.00000 0.00000 0.00000 0.00000 0.00000 0.00000 0.00000 0.00000 0.00000 0.00000 0.00000 0.00000 0.00000 0.00000 0.00000 0.00000 0.00000 0.00000 0.00000 0.00000 0.00000 0.00000 0.00000 0.00000 0.00000 0.00000 0.00000 0.00000 0.00000 0.00000 0.00000 0.00000 0.00000 0.00000 0.00000 0.00000 0.00000 0.00000 0.00000 0.00000 0.00000 0.00000 0.00000 0.00000 0.00000 0.00000 0.00000 0.00000 0.00000 0.00000 0.00000 0.00000 0.00000 0.00000 0.00000 0.00000 0.00000 0.00000 0.00000 0.00000 0.00000 0.00000 0.00000 0.00000 0.00000 0.00000 0.00000 0.00000 0.00000 0.00000 0.00000 0.00000 0.00000 0.00000 0.00000 0.00000 0.00000 0.00000 0.00000 0.00000 0.00000
0.00000 0.00000 0.00000 0.00000 0.00000 0.00000 0.00000 0.00000 0.00000 0.00000 0.00000 0.00000 0.00000 0.00000 0.00000 0.00000 0.00000 0.00000 0.00000 0.00000 0.00000 0.00000 0.00000 0.00000 0.00000 0.00000 0.00000 0.00000 0.00000 0.00000 0.00000 0.00000 0.00000 0.00000 0.00000 0.00000 0.00000 0.00000 0.00000 0.00000 0.00000 0.00000 0.00000 0.00000 0.00000 0.00000 0.00000 0.00000 0.00000 0.00000 0.00000 0.00000 0.00000 0.00000 0.00000 0.00000 0.00000 0.00000 0.00000 0.00000 0.00000 0.00000 0.00000 0.00000 0.00000 0.00000 0.00000 0.00000 0.00000 0.00000 0.00000 0.00000 0.00000 0.00000 0.00000 0.00000 0.00000 0.00000 0.00000 0.00000 0.00000 0.00000 0.00000 0.00000 0.00000 0.00000 0.00000 0.00000 0.00000 0.00000 0.00000 0.00000 0.00000 0.00000 0.00000 0.00000 0.00000 0.00000 0.00000 0.00000 0.00000 0.00000 0.00000 0.00000 0.00000 0.00000 0.00000 0.00000 0.00000 0.00000 0.00000 0.00000 0.00000 0.00000 0.00000 0.00000 0.00000 0.00000 0.00000 0.00000 0.00000 0.00000 0.00000 0.00000 0.00000 0.00000 0.00000 0.00000 0.00000 0.00000 0.00000 0.00000 0.00000 0.00000 0.00000 0.00000 0.00000 0.00000 0.00000 0.00000 0.00000 0.00000 0.00000 0.00000 0.00000 0.00000 0.00000 0.00000 0.00000 0.00000 0.00000 0.00000 0.00000 0.00000 0.00000 0.00000 0.00000 0.00000 0.00000 0.00000 0.00000 0.00000 0.00000 0.00000 0.00000 0.00000 0.00000 0.00000 0.00000 0.00000 0.00000 0.00000 0.00000 0.00000 0.00000 0.00000 0.00000 0.00000 0.00000 0.00000 0.00000 0.00000 0.00000 0.00000 0.00000 0.00000 0.00000 0.00000 0.00000 0.00000 0.00000 0.00000 0.00000 0.00000 0.00000 0.00000 0.00000 0.00000 0.00000 0.00000 0.00000 0.00000 0.00000 0.00000 0.00000 0.00000 0.00000 0.00000 0.00000 0.00000 0.00000 0.00000 0.00000 0.00000 0.00000 0.00000 0.00000 0.00000 0.00000 0.00000 0.00000 0.00000 0.00000 0.00000 0.00000 0.00000 0.00000 0.00000 0.00000 0.00000 0.00000 0.00000 0.00000 0.00000 0.00000 0.00000 0.00000 0.00000 0.00000 0.00000 0.00000 0.00000 0.00000 0.00000 0.00000 0.00000 0.00000 0.00000 0.00000 0.00000 0.00000 0.00000 0.00000 0.00000 0.00000 0.00000 0.00000 0.00000 0.00000 0.00000 0.00000 0.00000 0.00000 0.00000 0.00000 0.00000 0.00000 0.00000 0.00000 0.00000 0.00000 0.00000 0.00000 0.00000 0.00000 0.00000 0.00000 0.00000 0.00000 0.00000 0.00000 0.00000 0.00000 0.00000 0.00000 0.00000 0.00000 0.00000 0.00000 0.00000 0.00000 0.00000 0.00000 0.00000 0.00000 0.00000 0.00000 0.00000 0.00000 0.00000 0.00000 0.00000 0.00000 0.00000 0.00000 0.00000 0.00000 0.00000 0.00000 0.00000 0.00000 0.00000 0.00000 0.00000 0.00000 0.00000 0.00000 0.00000 0.00000 0.00000 0.00000 0.00000 0.00000 0.00000 0.00000 0.00000 0.00000 0.00000 0.00000 0.00000 0.00000 0.00000 0.00000 0.00000 0.00000 0.00000 0.00000 0.00000 0.00000 0.00000 0.00000 0.00000 0.00000 0.00000 0.00000 0.00000 0.00000 0.00000 0.00000 0.00000
0.00000 0.00000 0.00000 0.00000 0.00000 0.00000 0.00000 0.00000 0.00000 0.00000 0.00000 0.00000 0.00000 0.00000 0.00000 0.00000 0.00000 0.00000 0.00000 0.00000 0.00000 0.00000 0.00000 0.00000 0.00000 0.00000 0.00000 0.00000 0.00000 0.00000 0.00000 0.00000 0.00000 0.00000 0.00000 0.00000 0.00000 0.00000 0.00000 0.00000 0.00000 0.00000 0.00000 0.00000 0.00000 0.00000 0.00000 0.00000 0.00000 0.00000 0.00000 0.00000 0.00000 0.00000 0.00000 0.00000 0.00000 0.00000 0.00000 0.00000 0.00000 0.00000 0.00000 0.00000 0.00000 0.00000 0.00000 0.00000 0.00000 0.00000 0.00000 0.00000 0.00000 0.00000 0.00000 0.00000 0.00000 0.00000 0.00000 0.00000 0.00000 0.00000 0.00000 0.00000 0.00000 0.00000 0.00000 0.00000 0.00000 0.00000 0.00000 0.00000 0.00000 0.00000 0.00000 0.00000 0.00000 0.00000 0.00000 0.00000 0.00000 0.00000 0.00000 0.00000 0.00000 0.00000 0.00000 0.00000 0.00000 0.00000 0.00000 0.00000 0.00000 0.00000 0.00000 0.00000 0.00000 0.00000 0.00000 0.00000 0.00000 0.00000 0.00000 0.00000 0.00000 0.00000 0.00000 0.00000 0.00000 0.00000 0.00000 0.00000 0.00000 0.00000 0.00000 0.00000 0.00000 0.00000 0.00000 0.00000 0.00000 0.00000 0.00000 0.00000 0.00000 0.00000 0.00000 0.00000 0.00000 0.00000 0.00000 0.00000 0.00000 0.00000 0.00000 0.00000 0.00000 0.00000 0.00000 0.00000 0.00000 0.00000 0.00000 0.00000 0.00000 0.00000 0.00000 0.00000 0.00000 0.00000 0.00000 0.00000 0.00000 0.00000 0.00000 0.00000 0.00000 0.00000 0.00000 0.00000 0.00000 0.00000 0.00000 0.00000 0.00000 0.00000 0.00000 0.00000 0.00000 0.00000 0.00000 0.00000 0.00000 0.00000 0.00000 0.00000 0.00000 0.00000 0.00000 0.00000 0.00000 0.00000 0.00000 0.00000 0.00000 0.00000 0.00000 0.00000 0.00000 0.00000 0.00000 0.00000 0.00000 0.00000 0.00000 0.00000 0.00000 0.00000 0.00000 0.00000 0.00000 0.00000 0.00000 0.00000 0.00000 0.00000 0.00000 0.00000 0.00000 0.00000 0.00000 0.00000 0.00000 0.00000 0.00000 0.00000 0.00000 0.00000 0.00000 0.00000 0.00000 0.00000 0.00000 0.00000 0.00000 0.00000 0.00000 0.00000 0.00000 0.00000 0.00000 0.00000 0.00000 0.00000 0.00000 0.00000 0.00000 0.00000 0.00000 0.00000 0.00000 0.00000 0.00000 0.00000 0.00000 0.00000 0.00000 0.00000 0.00000 0.00000 0.00000 0.00000 0.00000 0.00000 0.00000 0.00000 0.00000 0.00000 0.00000 0.00000 0.00000 0.00000 0.00000 0.00000 0.00000 0.00000 0.00000 0.00000 0.00000 0.00000 0.00000 0.00000 0.00000 0.00000 0.00000 0.00000 0.00000 0.00000 0.00000 0.00000 0.00000 0.00000 0.00000 0.00000 0.00000 0.00000 0.00000 0.00000 0.00000 0.00000 0.00000 0.00000 0.00000 0.00000 0.00000 0.00000 0.00000 0.00000 0.00000 0.00000 0.00000 0.00000 0.00000 0.00000 0.00000 0.00000 0.00000 0.00000 0.00000 0.00000 0.00000 0.00000 0.00000 0.00000 0.00000 0.00000 0.00000 0.00000 0.00000 0.00000 0.00000 0.00000 0.00000 0.00000 0.00000 0.00000 0.00000 0.00000 0.00000 0.00000
0.00000 0.00000 0.00000 0.00000 0.00000 0.00000 0.00000 0.00000 0.00000 0.00000 0.00000 0.00000 0.00000 0.00000 0.00000 0.00000 0.00000 0.00000 0.00000 0.00000 0.00000 0.00000 0.00000 0.00000 0.00000 0.00000 0.00000 0.00000 0.00000 0.00000 0.00000 0.00000 0.00000 0.00000 0.00000 0.00000 0.00000 0.00000 0.00000 0.00000 0.00000 0.00000 0.00000 0.00000 0.00000 0.00000 0.00000 0.00000 0.00000 0.00000 0.00000 0.00000 0.00000 0.00000 0.00000 0.00000 0.00000 0.00000 0.00000 0.00000 0.00000 0.00000 0.00000 0.00000 0.00000 0.00000 0.00000 0.00000 0.00000 0.00000 0.00000 0.00000 0.00000 0.00000 0.00000 0.00000 0.00000 0.00000 0.00000 0.00000 0.00000 0.00000 0.00000 0.00000 0.00000 0.00000 0.00000 0.00000 0.00000 0.00000 0.00000 0.00000 0.00000 0.00000 0.00000 0.00000 0.00000 0.00000 0.00000 0.00000 0.00000 0.00000 0.00000 0.00000 0.00000 0.00000 0.00000 0.00000 0.00000 0.00000 0.00000 0.00000 0.00000 0.00000 0.00000 0.00000 0.00000 0.00000 0.00000 0.00000 0.00000 0.00000 0.00000 0.00000 0.00000 0.00000 0.00000 0.00000 0.00000 0.00000 0.00000 0.00000 0.00000 0.00000 0.00000 0.00000 0.00000 0.00000 0.00000 0.00000 0.00000 0.00000 0.00000 0.00000 0.00000 0.00000 0.00000 0.00000 0.00000 0.00000 0.00000 0.00000 0.00000 0.00000 0.00000 0.00000 0.00000 0.00000 0.00000 0.00000 0.00000 0.00000 0.00000 0.00000 0.00000 0.00000 0.00000 0.00000 0.00000 0.00000 0.00000 0.00000 0.00000 0.00000 0.00000 0.00000 0.00000 0.00000 0.00000 0.00000 0.00000 0.00000 0.00000 0.00000 0.00000 0.00000 0.00000 0.00000 0.00000 0.00000 0.00000 0.00000 0.00000 0.00000 0.00000 0.00000 0.00000 0.00000 0.00000 0.00000 0.00000 0.00000 0.00000 0.00000 0.00000 0.00000 0.00000 0.00000 0.00000 0.00000 0.00000 0.00000 0.00000 0.00000 0.00000 0.00000 0.00000 0.00000 0.00000 0.00000 0.00000 0.00000 0.00000 0.00000 0.00000 0.00000 0.00000 0.00000 0.00000 0.00000 0.00000 0.00000 0.00000 0.00000 0.00000 0.00000 0.00000 0.00000 0.00000 0.00000 0.00000 0.00000 0.00000 0.00000 0.00000 0.00000 0.00000 0.00000 0.00000 0.00000 0.00000 0.00000 0.00000 0.00000 0.00000 0.00000 0.00000 0.00000 0.00000 0.00000 0.00000 0.00000 0.00000 0.00000 0.00000 0.00000 0.00000 0.00000 0.00000 0.00000 0.00000 0.00000 0.00000 0.00000 0.00000 0.00000 0.00000 0.00000 0.00000 0.00000 0.00000 0.00000 0.00000 0.00000 0.00000 0.00000 0.00000 0.00000 0.00000 0.00000 0.00000 0.00000 0.00000 0.00000 0.00000 0.00000 0.00000 0.00000 0.00000 0.00000 0.00000 0.00000 0.00000 0.00000 0.00000 0.00000 0.00000 0.00000 0.00000 0.00000 0.00000 0.00000 0.00000 0.00000 0.00000 0.00000 0.00000 0.00000 0.00000 0.00000 0.00000 0.00000 0.00000 0.00000 0.00000 0.00000 0.00000 0.00000 0.00000 0.00000 0.00000 0.00000 0.00000 0.00000 0.00000 0.00000 0.00000 0.00000 0.00000 0.00000 0.00000 0.00000 0.00000 0.00000 0.00000 0.00000 0.00000 0.00000 0.00000 0.00000
0.00000 0.00000 0.00000 0.00000 0.00000 0.00000 0.00000 0.00000 0.00000 0.00000 0.00000 0.00000 0.00000 0.00000 0.00000 0.00000 0.00000 0.00000 0.00000 0.00000 0.00000 0.00000 0.00000 0.00000 0.00000 0.00000 0.00000 0.00000 0.00000 0.00000 0.00000 0.00000 0.00000 0.00000 0.00000 0.00000 0.00000 0.00000 0.00000 0.00000 0.00000 0.00000 0.00000 0.00000 0.00000 0.00000 0.00000 0.00000 0.00000 0.00000 0.00000 0.00000 0.00000 0.00000 0.00000 0.00000 0.00000 0.00000 0.00000 0.00000 0.00000 0.00000 0.00000 0.00000 0.00000 0.00000 0.00000 0.00000 0.00000 0.00000 0.00000 0.00000 0.00000 0.00000 0.00000 0.00000 0.00000 0.00000 0.00000 0.00000 0.00000 0.00000 0.00000 0.00000 0.00000 0.00000 0.00000 0.00000 0.00000 0.00000 0.00000 0.00000 0.00000 0.00000 0.00000 0.00000 0.00000 0.00000 0.00000 0.00000 0.00000 0.00000 0.00000 0.00000 0.00000 0.00000 0.00000 0.00000 0.00000 0.00000 0.00000 0.00000 0.00000 0.00000 0.00000 0.00000 0.00000 0.00000 0.00000 0.00000 0.00000 0.00000 0.00000 0.00000 0.00000 0.00000 0.00000 0.00000 0.00000 0.00000 0.00000 0.00000 0.00000 0.00000 0.00000 0.00000 0.00000 0.00000 0.00000 0.00000 0.00000 0.00000 0.00000 0.00000 0.00000 0.00000 0.00000 0.00000 0.00000 0.00000 0.00000 0.00000 0.00000 0.00000 0.00000 0.00000 0.00000 0.00000 0.00000 0.00000 0.00000 0.00000 0.00000 0.00000 0.00000 0.00000 0.00000 0.00000 0.00000 0.00000 0.00000 0.00000 0.00000 0.00000 0.00000 0.00000 0.00000 0.00000 0.00000 0.00000 0.00000 0.00000 0.00000 0.00000 0.00000 0.00000 0.00000 0.00000 0.00000 0.00000 0.00000 0.00000 0.00000 0.00000 0.00000 0.00000 0.00000 0.00000 0.00000 0.00000 0.00000 0.00000 0.00000 0.00000 0.00000 0.00000 0.00000 0.00000 0.00000 0.00000 0.00000 0.00000 0.00000 0.00000 0.00000 0.00000 0.00000 0.00000 0.00000 0.00000 0.00000 0.00000 0.00000 0.00000 0.00000 0.00000 0.00000 0.00000 0.00000 0.00000 0.00000 0.00000 0.00000 0.00000 0.00000 0.00000 0.00000 0.00000 0.00000 0.00000 0.00000 0.00000 0.00000 0.00000 0.00000 0.00000 0.00000 0.00000 0.00000 0.00000 0.00000 0.00000 0.00000 0.00000 0.00000 0.00000 0.00000 0.00000 0.00000 0.00000 0.00000 0.00000 0.00000 0.00000 0.00000 0.00000 0.00000 0.00000 0.00000 0.00000 0.00000 0.00000 0.00000 0.00000 0.00000 0.00000 0.00000 0.00000 0.00000 0.00000 0.00000 0.00000 0.00000 0.00000 0.00000 0.00000 0.00000 0.00000 0.00000 0.00000 0.00000 0.00000 0.00000 0.00000 0.00000 0.00000 0.00000 0.00000 0.00000 0.00000 0.00000 0.00000 0.00000 0.00000 0.00000 0.00000 0.00000 0.00000 0.00000 0.00000 0.00000 0.00000 0.00000 0.00000 0.00000 0.00000 0.00000 0.00000 0.00000 0.00000 0.00000 0.00000 0.00000 0.00000 0.00000 0.00000 0.00000 0.00000 0.00000 0.00000 0.00000 0.00000 0.00000 0.00000 0.00000 0.00000 0.00000 0.00000 0.00000 0.00000 0.00000 0.00000 0.00000 0.00000 0.00000 0.00000 0.00000 0.00000 0.00000 0.00000
0.00000 0.00000 0.00000 0.00000 0.00000 0.00000 0.00000 0.00000 0.00000 0.00000 0.00000 0.00000 0.00000 0.00000 0.00000 0.00000 0.00000 0.00000 0.00000 0.00000 0.00000 0.00000 0.00000 0.00000 0.00000 0.00000 0.00000 0.00000 0.00000 0.00000 0.00000 0.00000 0.00000 0.00000 0.00000 0.00000 0.00000 0.00000 0.00000 0.00000 0.00000 0.00000 0.00000 0.00000 0.00000 0.00000 0.00000 0.00000 0.00000 0.00000 0.00000 0.00000 0.00000 0.00000 0.00000 0.00000 0.00000 0.00000 0.00000 0.00000 0.00000 0.00000 0.00000 0.00000 0.00000 0.00000 0.00000 0.00000 0.00000 0.00000 0.00000 0.00000 0.00000 0.00000 0.00000 0.00000 0.00000 0.00000 0.00000 0.00000 0.00000 0.00000 0.00000 0.00000 0.00000 0.00000 0.00000 0.00000 0.00000 0.00000 0.00000 0.00000 0.00000 0.00000 0.00000 0.00000 0.00000 0.00000 0.00000 0.00000 0.00000 0.00000 0.00000 0.00000 0.00000 0.00000 0.00000 0.00000 0.00000 0.00000 0.00000 0.00000 0.00000 0.00000 0.00000 0.00000 0.00000 0.00000 0.00000 0.00000 0.00000 0.00000 0.00000 0.00000 0.00000 0.00000 0.00000 0.00000 0.00000 0.00000 0.00000 0.00000 0.00000 0.00000 0.00000 0.00000 0.00000 0.00000 0.00000 0.00000 0.00000 0.00000 0.00000 0.00000 0.00000 0.00000 0.00000 0.00000 0.00000 0.00000 0.00000 0.00000 0.00000 0.00000 0.00000 0.00000 0.00000 0.00000 0.00000 0.00000 0.00000 0.00000 0.00000 0.00000 0.00000 0.00000 0.00000 0.00000 0.00000 0.00000 0.00000 0.00000 0.00000 0.00000 0.00000 0.00000 0.00000 0.00000 0.00000 0.00000 0.00000 0.00000 0.00000 0.00000 0.00000 0.00000 0.00000 0.00000 0.00000 0.00000 0.00000 0.00000 0.00000 0.00000 0.00000 0.00000 0.00000 0.00000 0.00000 0.00000 0.00000 0.00000 0.00000 0.00000 0.00000 0.00000 0.00000 0.00000 0.00000 0.00000 0.00000 0.00000 0.00000 0.00000 0.00000 0.00000 0.00000 0.00000 0.00000 0.00000 0.00000 0.00000 0.00000 0.00000 0.00000 0.00000 0.00000 0.00000 0.00000 0.00000 0.00000 0.00000 0.00000 0.00000 0.00000 0.00000 0.00000 0.00000 0.00000 0.00000 0.00000 0.00000 0.00000 0.00000 0.00000 0.00000 0.00000 0.00000 0.00000 0.00000 0.00000 0.00000 0.00000 0.00000 0.00000 0.00000 0.00000 0.00000 0.00000 0.00000 0.00000 0.00000 0.00000 0.00000 0.00000 0.00000 0.00000 0.00000 0.00000 0.00000 0.00000 0.00000 0.00000 0.00000 0.00000 0.00000 0.00000 0.00000 0.00000 0.00000 0.00000 0.00000 0.00000 0.00000 0.00000 0.00000 0.00000 0.00000 0.00000 0.00000 0.00000 0.00000 0.00000 0.00000 0.00000 0.00000 0.00000 0.00000 0.00000 0.00000 0.00000 0.00000 0.00000 0.00000 0.00000 0.00000 0.00000 0.00000 0.00000 0.00000 0.00000 0.00000 0.00000 0.00000 0.00000 0.00000 0.00000 0.00000 0.00000 0.00000 0.00000 0.00000 0.00000 0.00000 0.00000 0.00000 0.00000 0.00000 0.00000 0.00000 0.00000 0.00000 0.00000 0.00000 0.00000 0.00000 0.00000 0.00000 0.00000 0.00000 0.00000 0.00000 0.00000 0.00000 0.00000 0.00000 0.00000 0.00000 0.00000 0.00000
