0.00000 0.00000 0.00000 0.00000 0.00000 0.00000 0.00000 0.00000 0.00000 0.00000 0.00000 0.00000 0.00000 0.00000 0.00000 0.00000 0.00000 0.00000 0.00000 0.00000 0.00000 0.00000 0.00000 0.00000 0.00000 0.00000 0.00000 0.00000 0.00000 0.00000 0.00000 0.00000 0.00000 0.00000 0.00000 0.00000 0.00000 0.00000 0.00000 0.00000 0.00000 0.00000 0.00000 0.00000 0.00000 0.00000 0.00000 0.00000 0.00000 0.00000 0.00000 0.00000 0.00000 0.00000 0.00000 0.00000 0.00000 0.00000 0.00000 0.00000 0.00000 0.00000 0.00000 0.00000 0.00000 0.00000 0.00000 0.00000 0.00000 0.00000 0.00000 0.00000 0.00000 0.00000 0.00000 0.00000 0.00000 0.00000 0.00000 0.00000 0.00000 0.00000 0.00000 0.00000 0.00000 0.00000 0.00000 0.00000 0.00000 0.00000 0.00000 0.00000 0.00000 0.00000 0.00000 0.00000 0.00000 0.00000 0.00000 0.00000 0.00000 0.00000 0.00000 0.00000 0.00000 0.00000 0.00000 0.00000 0.00000 0.00000 0.00000 0.00000 0.00000 0.00000 0.00000 0.00000 0.00000 0.00000 0.00000 0.00000 0.00000 0.00000 0.00000 0.00000 0.00000 0.00000 0.00000 0.00000 0.00000 0.00000 0.00000 0.00000 0.00000 0.00000 0.00000 0.00000 0.00000 0.00000 0.00000 0.00000 0.00000 0.00000 0.00000 0.00000 0.00000 0.00000 0.00000 0.00000 0.00000 0.00000 0.00000 0.00000 0.00000 0.00000 0.00000 0.00000 0.00000 0.00000 0.00000 0.00000 0.00000 0.00000 0.00000 0.00000 0.00000 0.00000 0.00000 0.00000 0.00000 0.00000 0.00000 0.00000 0.00000 0.00000 0.00000 0.00000 0.00000 0.00000 0.00000 0.00000 0.00000 0.00000 0.00000 0.00000 0.00000 0.00000 0.00000 0.00000 0.00000 0.00000 0.00000 0.00000 0.00000 0.00000 0.00000 0.00000 0.00000 0.00000 0.00000 0.00000 0.00000 0.00000 0.00000 0.00000 0.00000 0.00000 0.00000 0.00000 0.00000 0.00000 0.00000 0.00000 0.00000 0.00000 0.00000 0.00000 0.00000 0.00000 0.00000 0.00000 0.00000 0.00000 0.00000 0.00000 0.00000 0.00000 0.00000 0.00000 0.00000 0.00000 0.00000 0.00000 0.00000 0.00000 0.00000 0.00000 0.00000 0.00000 0.00000 0.00000 0.00000 0.00000 0.00000 0.00000 0.00000 0.00000 0.00000 0.00000 0.00000 0.00000 0.00000 0.00000 0.00000 0.00000 0.00000 0.00000 0.00000 0.00000 0.00000 0.00000 0.00000 0.00000 0.00000 0.00000 0.00000 0.00000 0.00000 0.00000 0.00000 0.00000 0.00000 0.00000 0.00000 0.00000 0.00000 0.00000 0.00000 0.00000 0.00000 0.00000 0.00000 0.00000 0.00000 0.00000 0.00000 0.00000 0.00000 0.00000 0.00000 0.00000 0.00000 0.00000 0.00000 0.00000 0.00000 0.00000 0.00000 0.00000 0.00000 0.00000 0.00000 0.00000 0.00000 0.00000 0.00000 0.00000 0.00000 0.00000 0.00000 0.00000 0.00000 0.00000 0.00000 0.00000 0.00000 0.00000 0.00000 0.00000 0.00000 0.00000
0.00000 0.00000 0.00000 0.00000 0.00000 0.00000 0.00000 0.00000 0.00000 0.00000 0.00000 0.00000 0.00000 0.00000 0.00000 0.00000 0.00000 0.00000 0.00000 0.00000 0.00000 0.00000 0.00000 0.00000 0.00000 0.00000 0.00000 0.00000 0.00000 0.00000 0.00000 0.00000 0.00000 0.00000 0.00000 0.00000 0.00000 0.00000 0.00000 0.00000 0.00000 0.00000 0.00000 0.00000 0.00000 0.00000 0.00000 0.00000 0.00000 0.00000 0.00000 0.00000 0.00000 0.00000 0.00000 0.00000 0.00000 0.00000 0.00000 0.00000 0.00000 0.00000 0.00000 0.00000 0.00000 0.00000 0.00000 0.00000 0.00000 0.00000 0.00000 0.00000 0.00000 0.00000 0.00000 0.00000 0.00000 0.00000 0.00000 0.00000 0.00000 0.00000 0.00000 0.00000 0.00000 0.00000 0.00000 0.00000 0.00000 0.00000 0.00000 0.00000 0.00000 0.00000 0.00000 0.00000 0.00000 0.00000 0.00000 0.00000 0.00000 0.00000 0.00000 0.00000 0.00000 0.00000 0.00000 0.00000 0.00000 0.00000 0.00000 0.00000 0.00000 0.00000 0.00000 0.00000 0.00000 0.00000 0.00000 0.00000 0.00000 0.00000 0.00000 0.00000 0.00000 0.00000 0.00000 0.00000 0.00000 0.00000 0.00000 0.00000 0.00000 0.00000 0.00000 0.00000 0.00000 0.00000 0.00000 0.00000 0.00000 0.00000 0.00000 0.00000 0.00000 0.00000 0.00000 0.00000 0.00000 0.00000 0.00000 0.00000 0.00000 0.00000 0.00000 0.00000 0.00000 0.00000 0.00000 0.00000 0.00000 0.00000 0.00000 0.00000 0.00000 0.00000 0.00000 0.00000 0.00000 0.00000 0.00000 0.00000 0.00000 0.00000 0.00000 0.00000 0.00000 0.00000 0.00000 0.00000 0.00000 0.00000 0.00000 0.00000 0.00000 0.00000 0.00000 0.00000 0.00000 0.00000 0.00000 0.00000 0.00000 0.00000 0.00000 0.00000 0.00000 0.00000 0.00000 0.00000 0.00000 0.00000 0.00000 0.00000 0.00000 0.00000 0.00000 0.00000 0.00000 0.00000 0.00000 0.00000 0.00000 0.00000 0.00000 0.00000 0.00000 0.00000 0.00000 0.00000 0.00000 0.00000 0.00000 0.00000 0.00000 0.00000 0.00000 0.00000 0.00000 0.00000 0.00000 0.00000 0.00000 0.00000 0.00000 0.00000 0.00000 0.00000 0.00000 0.00000 0.00000 0.00000 0.00000 0.00000 0.00000 0.00000 0.00000 0.00000 0.00000 0.00000 0.00000 0.00000 0.00000 0.00000 0.00000 0.00000 0.00000 0.00000 0.00000 0.00000 0.00000 0.00000 0.00000 0.00000 0.00000 0.00000 0.00000 0.00000 0.00000 0.00000 0.00000 0.00000 0.00000 0.00000 0.00000 0.00000 0.00000 0.00000 0.00000 0.00000 0.00000 0.00000 0.00000 0.00000 0.00000 0.00000 0.00000 0.00000 0.00000 0.00000 0.00000 0.00000 0.00000 0.00000 0.00000 0.00000 0.00000 0.00000 0.00000 0.00000 0.00000 0.00000 0.00000 0.00000 0.00000 0.00000 0.00000 0.00000 0.00000 0.00000 0.00000 0.00000 0.00000 0.00000 0.00000 0.00000 0.00000 0.00000 0.00000 0.00000
0.00000 0.00000 0.00000 0.00000 0.00000 0.00000 0.00000 0.00000 0.00000 0.00000 0.00000 0.00000 0.00000 0.00000 0.00000 0.00000 0.00000 0.00000 0.00000 0.00000 0.00000 0.00000 0.00000 0.00000 0.00000 0.00000 0.00000 0.00000 0.00000 0.00000 0.00000 0.00000 0.00000 0.00000 0.00000 0.00000 0.00000 0.00000 0.00000 0.00000 0.00000 0.00000 0.00000 0.00000 0.00000 0.00000 0.00000 0.00000 0.00000 0.00000 0.00000 0.00000 0.00000 0.00000 0.00000 0.00000 0.00000 0.00000 0.00000 0.00000 0.00000 0.00000 0.00000 0.00000 0.00000 0.00000 0.00000 0.00000 0.00000 0.00000 0.00000 0.00000 0.00000 0.00000 0.00000 0.00000 0.00000 0.00000 0.00000 0.00000 0.00000 0.00000 0.00000 0.00000 0.00000 0.00000 0.00000 0.00000 0.00000 0.00000 0.00000 0.00000 0.00000 0.00000 0.00000 0.00000 0.00000 0.00000 0.00000 0.00000 0.00000 0.00000 0.00000 0.00000 0.00000 0.00000 0.00000 0.00000 0.00000 0.00000 0.00000 0.00000 0.00000 0.00000 0.00000 0.00000 0.00000 0.00000 0.00000 0.00000 0.00000 0.00000 0.00000 0.00000 0.00000 0.00000 0.00000 0.00000 0.00000 0.00000 0.00000 0.00000 0.00000 0.00000 0.00000 0.00000 0.00000 0.00000 0.00000 0.00000 0.00000 0.00000 0.00000 0.00000 0.00000 0.00000 0.00000 0.00000 0.00000 0.00000 0.00000 0.00000 0.00000 0.00000 0.00000 0.00000 0.00000 0.00000 0.00000 0.00000 0.00000 0.00000 0.00000 0.00000 0.00000 0.00000 0.00000 0.00000 0.00000 0.00000 0.00000 0.00000 0.00000 0.00000 0.00000 0.00000 0.00000 0.00000 0.00000 0.00000 0.00000 0.00000 0.00000 0.00000 0.00000 0.00000 0.00000 0.00000 0.00000 0.00000 0.00000 0.00000 0.00000 0.00000 0.00000 0.00000 0.00000 0.00000 0.00000 0.00000 0.00000 0.00000 0.00000 0.00000 0.00000 0.00000 0.00000 0.00000 0.00000 0.00000 0.00000 0.00000 0.00000 0.00000 0.00000 0.00000 0.00000 0.00000 0.00000 0.00000 0.00000 0.00000 0.00000 0.00000 0.00000 0.00000 0.00000 0.00000 0.00000 0.00000 0.00000 0.00000 0.00000 0.00000 0.00000 0.00000 0.00000 0.00000 0.00000 0.00000 0.00000 0.00000 0.00000 0.00000 0.00000 0.00000 0.00000 0.00000 0.00000 0.00000 0.00000 0.00000 0.00000 0.00000 0.00000 0.00000 0.00000 0.00000 0.00000 0.00000 0.00000 0.00000 0.00000 0.00000 0.00000 0.00000 0.00000 0.00000 0.00000 0.00000 0.00000 0.00000 0.00000 0.00000 0.00000 0.00000 0.00000 0.00000 0.00000 0.00000 0.00000 0.00000 0.00000 0.00000 0.00000 0.00000 0.00000 0.00000 0.00000 0.00000 0.00000 0.00000 0.00000 0.00000 0.00000 0.00000 0.00000 0.00000 0.00000 0.00000 0.00000 0.00000 0.00000 0.00000 0.00000 0.00000 0.00000 0.00000 0.00000 0.00000 0.00000 0.00000 0.00000 0.00000 0.00000 0.00000 0.00000 0.00000 0.00000 0.00000
0.00000 0.00000 0.00000 0.00000 0.00000 0.00000 0.00000 0.00000 0.00000 0.00000 0.00000 0.00000 0.00000 0.00000 0.00000 0.00000 0.00000 0.00000 0.00000 0.00000 0.00000 0.00000 0.00000 0.00000 0.00000 0.00000 0.00000 0.00000 0.00000 0.00000 0.00000 0.00000 0.00000 0.00000 0.00000 0.00000 0.00000 0.00000 0.00000 0.00000 0.00000 0.00000 0.00000 0.00000 0.00000 0.00000 0.00000 0.00000 0.00000 0.00000 0.00000 0.00000 0.00000 0.00000 0.00000 0.00000 0.00000 0.00000 0.00000 0.00000 0.00000 0.00000 0.00000 0.00000 0.00000 0.00000 0.00000 0.00000 0.00000 0.00000 0.00000 0.00000 0.00000 0.00000 0.00000 0.00000 0.00000 0.00000 0.00000 0.00000 0.00000 0.00000 0.00000 0.00000 0.00000 0.00000 0.00000 0.00000 0.00000 0.00000 0.00000 0.00000 0.00000 0.00000 0.00000 0.00000 0.00000 0.00000 0.00000 0.00000 0.00000 0.00000 0.00000 0.00000 0.00000 0.00000 0.00000 0.00000 0.00000 0.00000 0.00000 0.00000 0.00000 0.00000 0.00000 0.00000 0.00000 0.00000 0.00000 0.00000 0.00000 0.00000 0.00000 0.00000 0.00000 0.00000 0.00000 0.00000 0.00000 0.00000 0.00000 0.00000 0.00000 0.00000 0.00000 0.00000 0.00000 0.00000 0.00000 0.00000 0.00000 0.00000 0.00000 0.00000 0.00000 0.00000 0.00000 0.00000 0.00000 0.00000 0.00000 0.00000 0.00000 0.00000 0.00000 0.00000 0.00000 0.00000 0.00000 0.00000 0.00000 0.00000 0.00000 0.00000 0.00000 0.00000 0.00000 0.00000 0.00000 0.00000 0.00000 0.00000 0.00000 0.00000 0.00000 0.00000 0.00000 0.00000 0.00000 0.00000 0.00000 0.00000 0.00000 0.00000 0.00000 0.00000 0.00000 0.00000 0.00000 0.00000 0.00000 0.00000 0.00000 0.00000 0.00000 0.00000 0.00000 0.00000 0.00000 0.00000 0.00000 0.00000 0.00000 0.00000 0.00000 0.00000 0.00000 0.00000 0.00000 0.00000 0.00000 0.00000 0.00000 0.00000 0.00000 0.00000 0.00000 0.00000 0.00000 0.00000 0.00000 0.00000 0.00000 0.00000 0.00000 0.00000 0.00000 0.00000 0.00000 0.00000 0.00000 0.00000 0.00000 0.00000 0.00000 0.00000 0.00000 0.00000 0.00000 0.00000 0.00000 0.00000 0.00000 0.00000 0.00000 0.00000 0.00000 0.00000 0.00000 0.00000 0.00000 0.00000 0.00000 0.00000 0.00000 0.00000 0.00000 0.00000 0.00000 0.00000 0.00000 0.00000 0.00000 0.00000 0.00000 0.00000 0.00000 0.00000 0.00000 0.00000 0.00000 0.00000 0.00000 0.00000 0.00000 0.00000 0.00000 0.00000 0.00000 0.00000 0.00000 0.00000 0.00000 0.00000 0.00000 0.00000 0.00000 0.00000 0.00000 0.00000 0.00000 0.00000 0.00000 0.00000 0.00000 0.00000 0.00000 0.00000 0.00000 0.00000 0.00000 0.00000 0.00000 0.00000 0.00000 0.00000 0.00000 0.00000 0.00000 0.00000 0.00000 0.00000 0.00000 0.00000 0.00000 0.00000 0.00000 0.00000 0.00000 0.00000
0.00000 0.00000 0.00000 0.00000 0.00000 0.00000 0.00000 0.00000 0.00000 0.00000 0.00000 0.00000 0.00000 0.00000 0.00000 0.00000 0.00000 0.00000 0.00000 0.00000 0.00000 0.00000 0.00000 0.00000 0.00000 0.00000 0.00000 0.00000 0.00000 0.00000 0.00000 0.00000 0.00000 0.00000 0.00000 0.00000 0.00000 0.00000 0.00000 0.00000 0.00000 0.00000 0.00000 0.00000 0.00000 0.00000 0.00000 0.00000 0.00000 0.00000 0.00000 0.00000 0.00000 0.00000 0.00000 0.00000 0.00000 0.00000 0.00000 0.00000 0.00000 0.00000 0.00000 0.00000 0.00000 0.00000 0.00000 0.00000 0.00000 0.00000 0.00000 0.00000 0.00000 0.00000 0.00000 0.00000 0.00000 0.00000 0.00000 0.00000 0.00000 0.00000 0.00000 0.00000 0.00000 0.00000 0.00000 0.00000 0.00000 0.00000 0.00000 0.00000 0.00000 0.00000 0.00000 0.00000 0.00000 0.00000 0.00000 0.00000 0.00000 0.00000 0.00000 0.00000 0.00000 0.00000 0.00000 0.00000 0.00000 0.00000 0.00000 0.00000 0.00000 0.00000 0.00000 0.00000 0.00000 0.00000 0.00000 0.00000 0.00000 0.00000 0.00000 0.00000 0.00000 0.00000 0.00000 0.00000 0.00000 0.00000 0.00000 0.00000 0.00000 0.00000 0.00000 0.00000 0.00000 0.00000 0.00000 0.00000 0.00000 0.00000 0.00000 0.00000 0.00000 0.00000 0.00000 0.00000 0.00000 0.00000 0.00000 0.00000 0.00000 0.00000 0.00000 0.00000 0.00000 0.00000 0.00000 0.00000 0.00000 0.00000 0.00000 0.00000 0.00000 0.00000 0.00000 0.00000 0.00000 0.00000 0.00000 0.00000 0.00000 0.00000 0.00000 0.00000 0.00000 0.00000 0.00000 0.00000 0.00000 0.00000 0.00000 0.00000 0.00000 0.00000 0.00000 0.00000 0.00000 0.00000 0.00000 0.00000 0.00000 0.00000 0.00000 0.00000 0.00000 0.00000 0.00000 0.00000 0.00000 0.00000 0.00000 0.00000 0.00000 0.00000 0.00000 0.00000 0.00000 0.00000 0.00000 0.00000 0.00000 0.00000 0.00000 0.00000 0.00000 0.00000 0.00000 0.00000 0.00000 0.00000 0.00000 0.00000 0.00000 0.00000 0.00000 0.00000 0.00000 0.00000 0.00000 0.00000 0.00000 0.00000 0.00000 0.00000 0.00000 0.00000 0.00000 0.00000 0.00000 0.00000 0.00000 0.00000 0.00000 0.00000 0.00000 0.00000 0.00000 0.00000 0.00000 0.00000 0.00000 0.00000 0.00000 0.00000 0.00000 0.00000 0.00000 0.00000 0.00000 0.00000 0.00000 0.00000 0.00000 0.00000 0.00000 0.00000 0.00000 0.00000 0.00000 0.00000 0.00000 0.00000 0.00000 0.00000 0.00000 0.00000 0.00000 0.00000 0.00000 0.00000 0.00000 0.00000 0.00000 0.00000 0.00000 0.00000 0.00000 0.00000 0.00000 0.00000 0.00000 0.00000 0.00000 0.00000 0.00000 0.00000 0.00000 0.00000 0.00000 0.00000 0.00000 0.00000 0.00000 0.00000 0.00000 0.00000 0.00000 0.00000 0.00000 0.00000 0.00000 0.00000 0.00000 0.00000 0.00000 0.00000 0.00000 0.00000
0.00000 0.00000 0.00000 0.00000 0.00000 0.00000 0.00000 0.00000 0.00000 0.00000 0.00000 0.00000 0.00000 0.00000 0.00000 0.00000 0.00000 0.00000 0.00000 0.00000 0.00000 0.00000 0.00000 0.00000 0.00000 0.00000 0.00000 0.00000 0.00000 0.00000 0.00000 0.00000 0.00000 0.00000 0.00000 0.00000 0.00000 0.00000 0.00000 0.00000 0.00000 0.00000 0.00000 0.00000 0.00000 0.00000 0.00000 0.00000 0.00000 0.00000 0.00000 0.00000 0.00000 0.00000 0.00000 0.00000 0.00000 0.00000 0.00000 0.00000 0.00000 0.00000 0.00000 0.00000 0.00000 0.00000 0.00000 0.00000 0.00000 0.00000 0.00000 0.00000 0.00000 0.00000 0.00000 0.00000 0.00000 0.00000 0.00000 0.00000 0.00000 0.00000 0.00000 0.00000 0.00000 0.00000 0.00000 0.00000 0.00000 0.00000 0.00000 0.00000 0.00000 0.00000 0.00000 0.00000 0.00000 0.00000 0.00000 0.00000 0.00000 0.00000 0.00000 0.00000 0.00000 0.00000 0.00000 0.00000 0.00000 0.00000 0.00000 0.00000 0.00000 0.00000 0.00000 0.00000 0.00000 0.00000 0.00000 0.00000 0.00000 0.00000 0.00000 0.00000 0.00000 0.00000 0.00000 0.00000 0.00000 0.00000 0.00000 0.00000 0.00000 0.00000 0.00000 0.00000 0.00000 0.00000 0.00000 0.00000 0.00000 0.00000 0.00000 0.00000 0.00000 0.00000 0.00000 0.00000 0.00000 0.00000 0.00000 0.00000 0.00000 0.00000 0.00000 0.00000 0.00000 0.00000 0.00000 0.00000 0.00000 0.00000 0.00000 0.00000 0.00000 0.00000 0.00000 0.00000 0.00000 0.00000 0.00000 0.00000 0.00000 0.00000 0.00000 0.00000 0.00000 0.00000 0.00000 0.00000 0.00000 0.00000 0.00000 0.00000 0.00000 0.00000 0.00000 0.00000 0.00000 0.00000 0.00000 0.00000 0.00000 0.00000 0.00000 0.00000 0.00000 0.00000 0.00000 0.00000 0.00000 0.00000 0.00000 0.00000 0.00000 0.00000 0.00000 0.00000 0.00000 0.00000 0.00000 0.00000 0.00000 0.00000 0.00000 0.00000 0.00000 0.00000 0.00000 0.00000 0.00000 0.00000 0.00000 0.00000 0.00000 0.00000 0.00000 0.00000 0.00000 0.00000 0.00000 0.00000 0.00000 0.00000 0.00000 0.00000 0.00000 0.00000 0.00000 0.00000 0.00000 0.00000 0.00000 0.00000 0.00000 0.00000 0.00000 0.00000 0.00000 0.00000 0.00000 0.00000 0.00000 0.00000 0.00000 0.00000 0.00000 0.00000 0.00000 0.00000 0.00000 0.00000 0.00000 0.00000 0.00000 0.00000 0.00000 0.00000 0.00000 0.00000 0.00000 0.00000 0.00000 0.00000 0.00000 0.00000 0.00000 0.00000 0.00000 0.00000 0.00000 0.00000 0.00000 0.00000 0.00000 0.00000 0.00000 0.00000 0.00000 0.00000 0.00000 0.00000 0.00000 0.00000 0.00000 0.00000 0.00000 0.00000 0.00000 0.00000 0.00000 0.00000 0.00000 0.00000 0.00000 0.00000 0.00000 0.00000 0.00000 0.00000 0.00000 0.00000 0.00000 0.00000 0.00000 0.00000 0.00000 0.00000 0.00000 0.00000
0.00000 0.00000 0.00000 0.00000 0.00000 0.00000 0.00000 0.00000 0.00000 0.00000 0.00000 0.00000 0.00000 0.00000 0.00000 0.00000 0.00000 0.00000 0.00000 0.00000 0.00000 0.00000 0.00000 0.00000 0.00000 0.00000 0.00000 0.00000 0.00000 0.00000 0.00000 0.00000 0.00000 0.00000 0.00000 0.00000 0.00000 0.00000 0.00000 0.00000 0.00000 0.00000 0.00000 0.00000 0.00000 0.00000 0.00000 0.00000 0.00000 0.00000 0.00000 0.00000 0.00000 0.00000 0.00000 0.00000 0.00000 0.00000 0.00000 0.00000 0.00000 0.00000 0.00000 0.00000 0.00000 0.00000 0.00000 0.00000 0.00000 0.00000 0.00000 0.00000 0.00000 0.00000 0.00000 0.00000 0.00000 0.00000 0.00000 0.00000 0.00000 0.00000 0.00000 0.00000 0.00000 0.00000 0.00000 0.00000 0.00000 0.00000 0.00000 0.00000 0.00000 0.00000 0.00000 0.00000 0.00000 0.00000 0.00000 0.00000 0.00000 0.00000 0.00000 0.00000 0.00000 0.00000 0.00000 0.00000 0.00000 0.00000 0.00000 0.00000 0.00000 0.00000 0.00000 0.00000 0.00000 0.00000 0.00000 0.00000 0.00000 0.00000 0.00000 0.00000 0.00000 0.00000 0.00000 0.00000 0.00000 0.00000 0.00000 0.00000 0.00000 0.00000 0.00000 0.00000 0.00000 0.00000 0.00000 0.00000 0.00000 0.00000 0.00000 0.00000 0.00000 0.00000 0.00000 0.00000 0.00000 0.00000 0.00000 0.00000 0.00000 0.00000 0.00000 0.00000 0.00000 0.00000 0.00000 0.00000 0.00000 0.00000 0.00000 0.00000 0.00000 0.00000 0.00000 0.00000 0.00000 0.00000 0.00000 0.00000 0.00000 0.00000 0.00000 0.00000 0.00000 0.00000 0.00000 0.00000 0.00000 0.00000 0.00000 0.00000 0.00000 0.00000 0.00000 0.00000 0.00000 0.00000 0.00000 0.00000 0.00000 0.00000 0.00000 0.00000 0.00000 0.00000 0.00000 0.00000 0.00000 0.00000 0.00000 0.00000 0.00000 0.00000 0.00000 0.00000 0.00000 0.00000 0.00000 0.00000 0.00000 0.00000 0.00000 0.00000 0.00000 0.00000 0.00000 0.00000 0.00000 0.00000 0.00000 0.00000 0.00000 0.00000 0.00000 0.00000 0.00000 0.00000 0.00000 0.00000 0.00000 0.00000 0.00000 0.00000 0.00000 0.00000 0.00000 0.00000 0.00000 0.00000 0.00000 0.00000 0.00000 0.00000 0.00000 0.00000 0.00000 0.00000 0.00000 0.00000 0.00000 0.00000 0.00000 0.00000 0.00000 0.00000 0.00000 0.00000 0.00000 0.00000 0.00000 0.00000 0.00000 0.00000 0.00000 0.00000 0.00000 0.00000 0.00000 0.00000 0.00000 0.00000 0.00000 0.00000 0.00000 0.00000 0.00000 0.00000 0.00000 0.00000 0.00000 0.00000 0.00000 0.00000 0.00000 0.00000 0.00000 0.00000 0.00000 0.00000 0.00000 0.00000 0.00000 0.00000 0.00000 0.00000 0.00000 0.00000 0.00000 0.00000 0.00000 0.00000 0.00000 0.00000 0.00000 0.00000 0.00000 0.00000 0.00000 0.00000 0.00000 0.00000 0.00000 0.00000 0.00000 0.00000 0.00000 0.00000
0.00000 0.00000 0.00000 0.00000 0.00000 0.00000 0.00000 0.00000 0.00000 0.00000 0.00000 0.00000 0.00000 0.00000 0.00000 0.00000 0.00000 0.00000 0.00000 0.00000 0.00000 0.00000 0.00000 0.00000 0.00000 0.00000 0.00000 0.00000 0.00000 0.00000 0.00000 0.00000 0.00000 0.00000 0.00000 0.00000 0.00000 0.00000 0.00000 0.00000 0.00000 0.00000 0.00000 0.00000 0.00000 0.00000 0.00000 0.00000 0.00000 0.00000 0.00000 0.00000 0.00000 0.00000 0.00000 0.00000 0.00000 0.00000 0.00000 0.00000 0.00000 0.00000 0.00000 0.00000 0.00000 0.00000 0.00000 0.00000 0.00000 0.00000 0.00000 0.00000 0.00000 0.00000 0.00000 0.00000 0.00000 0.00000 0.00000 0.00000 0.00000 0.00000 0.00000 0.00000 0.00000 0.00000 0.00000 0.00000 0.00000 0.00000 0.00000 0.00000 0.00000 0.00000 0.00000 0.00000 0.00000 0.00000 0.00000 0.00000 0.00000 0.00000 0.00000 0.00000 0.00000 0.00000 0.00000 0.00000 0.00000 0.00000 0.00000 0.00000 0.00000 0.00000 0.00000 0.00000 0.00000 0.00000 0.00000 0.00000 0.00000 0.00000 0.00000 0.00000 0.00000 0.00000 0.00000 0.00000 0.00000 0.00000 0.00000 0.00000 0.00000 0.00000 0.00000 0.00000 0.00000 0.00000 0.00000 0.00000 0.00000 0.00000 0.00000 0.00000 0.00000 0.00000 0.00000 0.00000 0.00000 0.00000 0.00000 0.00000 0.00000 0.00000 0.00000 0.00000 0.00000 0.00000 0.00000 0.00000 0.00000 0.00000 0.00000 0.00000 0.00000 0.00000 0.00000 0.00000 0.00000 0.00000 0.00000 0.00000 0.00000 0.00000 0.00000 0.00000 0.00000 0.00000 0.00000 0.00000 0.00000 0.00000 0.00000 0.00000 0.00000 0.00000 0.00000 0.00000 0.00000 0.00000 0.00000 0.00000 0.00000 0.00000 0.00000 0.00000 0.00000 0.00000 0.00000 0.00000 0.00000 0.00000 0.00000 0.00000 0.00000 0.00000 0.00000 0.00000 0.00000 0.00000 0.00000 0.00000 0.00000 0.00000 0.00000 0.00000 0.00000 0.00000 0.00000 0.00000 0.00000 0.00000 0.00000 0.00000 0.00000 0.00000 0.00000 0.00000 0.00000 0.00000 0.00000 0.00000 0.00000 0.00000 0.00000 0.00000 0.00000 0.00000 0.00000 0.00000 0.00000 0.00000 0.00000 0.00000 0.00000 0.00000 0.00000 0.00000 0.00000 0.00000 0.00000 0.00000 0.00000 0.00000 0.00000 0.00000 0.00000 0.00000 0.00000 0.00000 0.00000 0.00000 0.00000 0.00000 0.00000 0.00000 0.00000 0.00000 0.00000 0.00000 0.00000 0.00000 0.00000 0.00000 0.00000 0.00000 0.00000 0.00000 0.00000 0.00000 0.00000 0.00000 0.00000 0.00000 0.00000 0.00000 0.00000 0.00000 0.00000 0.00000 0.00000 0.00000 0.00000 0.00000 0.00000 0.00000 0.00000 0.00000 0.00000 0.00000 0.00000 0.00000 0.00000 0.00000 0.00000 0.00000 0.00000 0.00000 0.00000 0.00000 0.00000 0.00000 0.00000 0.00000 0.00000 0.00000 0.00000 0.00000 0.00000 0.00000
0.00000 0.00000 0.00000 0.00000 0.00000 0.00000 0.00000 0.00000 0.00000 0.00000 0.00000 0.00000 0.00000 0.00000 0.00000 0.00000 0.00000 0.00000 0.00000 0.00000 0.00000 0.00000 0.00000 0.00000 0.00000 0.00000 0.00000 0.00000 0.00000 0.00000 0.00000 0.00000 0.00000 0.00000 0.00000 0.00000 0.00000 0.00000 0.00000 0.00000 0.00000 0.00000 0.00000 0.00000 0.00000 0.00000 0.00000 0.00000 0.00000 0.00000 0.00000 0.00000 0.00000 0.00000 0.00000 0.00000 0.00000 0.00000 0.00000 0.00000 0.00000 0.00000 0.00000 0.00000 0.00000 0.00000 0.00000 0.00000 0.00000 0.00000 0.00000 0.00000 0.00000 0.00000 0.00000 0.00000 0.00000 0.00000 0.00000 0.00000 0.00000 0.00000 0.00000 0.00000 0.00000 0.00000 0.00000 0.00000 0.00000 0.00000 0.00000 0.00000 0.00000 0.00000 0.00000 0.00000 0.00000 0.00000 0.00000 0.00000 0.00000 0.00000 0.00000 0.00000 0.00000 0.00000 0.00000 0.00000 0.00000 0.00000 0.00000 0.00000 0.00000 0.00000 0.00000 0.00000 0.00000 0.00000 0.00000 0.00000 0.00000 0.00000 0.00000 0.00000 0.00000 0.00000 0.00000 0.00000 0.00000 0.00000 0.00000 0.00000 0.00000 0.00000 0.00000 0.00000 0.00000 0.00000 0.00000 0.00000 0.00000 0.00000 0.00000 0.00000 0.00000 0.00000 0.00000 0.00000 0.00000 0.00000 0.00000 0.00000 0.00000 0.00000 0.00000 0.00000 0.00000 0.00000 0.00000 0.00000 0.00000 0.00000 0.00000 0.00000 0.00000 0.00000 0.00000 0.00000 0.00000 0.00000 0.00000 0.00000 0.00000 0.00000 0.00000 0.00000 0.00000 0.00000 0.00000 0.00000 0.00000 0.00000 0.00000 0.00000 0.00000 0.00000 0.00000 0.00000 0.00000 0.00000 0.00000 0.00000 0.00000 0.00000 0.00000 0.00000 0.00000 0.00000 0.00000 0.00000 0.00000 0.00000 0.00000 0.00000 0.00000 0.00000 0.00000 0.00000 0.00000 0.00000 0.00000 0.00000 0.00000 0.00000 0.00000 0.00000 0.00000 0.00000 0.00000 0.00000 0.00000 0.00000 0.00000 0.00000 0.00000 0.00000 0.00000 0.00000 0.00000 0.00000 0.00000 0.00000 0.00000 0.00000 0.00000 0.00000 0.00000 0.00000 0.00000 0.00000 0.00000 0.00000 0.00000 0.00000 0.00000 0.00000 0.00000 0.00000 0.00000 0.00000 0.00000 0.00000 0.00000 0.00000 0.00000 0.00000 0.00000 0.00000 0.00000 0.00000 0.00000 0.00000 0.00000 0.00000 0.00000 0.00000 0.00000 0.00000 0.00000 0.00000 0.00000 0.00000 0.00000 0.00000 0.00000 0.00000 0.00000 0.00000 0.00000 0.00000 0.00000 0.00000 0.00000 0.00000 0.00000 0.00000 0.00000 0.00000 0.00000 0.00000 0.00000 0.00000 0.00000 0.00000 0.00000 0.00000 0.00000 0.00000 0.00000 0.00000 0.00000 0.00000 0.00000 0.00000 0.00000 0.00000 0.00000 0.00000 0.00000 0.00000 0.00000 0.00000 0.00000 0.00000 0.00000 0.00000 0.00000 0.00000 0.00000 0.00000
0.00000 0.00000 0.00000 0.00000 0.00000 0.00000 0.00000 0.00000 0.00000 0.00000 0.00000 0.00000 0.00000 0.00000 0.00000 0.00000 0.00000 0.00000 0.00000 0.00000 0.00000 0.00000 0.00000 0.00000 0.00000 0.00000 0.00000 0.00000 0.00000 0.00000 0.00000 0.00000 0.00000 0.00000 0.00000 0.00000 0.00000 0.00000 0.00000 0.00000 0.00000 0.00000 0.00000 0.00000 0.00000 0.00000 0.00000 0.00000 0.00000 0.00000 0.00000 0.00000 0.00000 0.00000 0.00000 0.00000 0.00000 0.00000 0.00000 0.00000 0.00000 0.00000 0.00000 0.00000 0.00000 0.00000 0.00000 0.00000 0.00000 0.00000 0.00000 0.00000 0.00000 0.00000 0.00000 0.00000 0.00000 0.00000 0.00000 0.00000 0.00000 0.00000 0.00000 0.00000 0.00000 0.00000 0.00000 0.00000 0.00000 0.00000 0.00000 0.00000 0.00000 0.00000 0.00000 0.00000 0.00000 0.00000 0.00000 0.00000 0.00000 0.00000 0.00000 0.00000 0.00000 0.00000 0.00000 0.00000 0.00000 0.00000 0.00000 0.00000 0.00000 0.00000 0.00000 0.00000 0.00000 0.00000 0.00000 0.00000 0.00000 0.00000 0.00000 0.00000 0.00000 0.00000 0.00000 0.00000 0.00000 0.00000 0.00000 0.00000 0.00000 0.00000 0.00000 0.00000 0.00000 0.00000 0.00000 0.00000 0.00000 0.00000 0.00000 0.00000 0.00000 0.00000 0.00000 0.00000 0.00000 0.00000 0.00000 0.00000 0.00000 0.00000 0.00000 0.00000 0.00000 0.00000 0.00000 0.00000 0.00000 0.00000 0.00000 0.00000 0.00000 0.00000 0.00000 0.00000 0.00000 0.00000 0.00000 0.00000 0.00000 0.00000 0.00000 0.00000 0.00000 0.00000 0.00000 0.00000 0.00000 0.00000 0.00000 0.00000 0.00000 0.00000 0.00000 0.00000 0.00000 0.00000 0.00000 0.00000 0.00000 0.00000 0.00000 0.00000 0.00000 0.00000 0.00000 0.00000 0.00000 0.00000 0.00000 0.00000 0.00000 0.00000 0.00000 0.00000 0.00000 0.00000 0.00000 0.00000 0.00000 0.00000 0.00000 0.00000 0.00000 0.00000 0.00000 0.00000 0.00000 0.00000 0.00000 0.00000 0.00000 0.00000 0.00000 0.00000 0.00000 0.00000 0.00000 0.00000 0.00000 0.00000 0.00000 0.00000 0.00000 0.00000 0.00000 0.00000 0.00000 0.00000 0.00000 0.00000 0.00000 0.00000 0.00000 0.00000 0.00000 0.00000 0.00000 0.00000 0.00000 0.00000 0.00000 0.00000 0.00000 0.00000 0.00000 0.00000 0.00000 0.00000 0.00000 0.00000 0.00000 0.00000 0.00000 0.00000 0.00000 0.00000 0.00000 0.00000 0.00000 0.00000 0.00000 0.00000 0.00000 0.00000 0.00000 0.00000 0.00000 0.00000 0.00000 0.00000 0.00000 0.00000 0.00000 0.00000 0.00000 0.00000 0.00000 0.00000 0.00000 0.00000 0.00000 0.00000 0.00000 0.00000 0.00000 0.00000 0.00000 0.00000 0.00000 0.00000 0.00000 0.00000 0.00000 0.00000 0.00000 0.00000 0.00000 0.00000 0.00000 0.00000 0.00000 0.00000 0.00000 0.00000 0.00000 0.00000
0.00000 0.00000 0.00000 0.00000 0.00000 0.00000 0.00000 0.00000 0.00000 0.00000 0.00000 0.00000 0.00000 0.00000 0.00000 0.00000 0.00000 0.00000 0.00000 0.00000 0.00000 0.00000 0.00000 0.00000 0.00000 0.00000 0.00000 0.00000 0.00000 0.00000 0.00000 0.00000 0.00000 0.00000 0.00000 0.00000 0.00000 0.00000 0.00000 0.00000 0.00000 0.00000 0.00000 0.00000 0.00000 0.00000 0.00000 0.00000 0.00000 0.00000 0.00000 0.00000 0.00000 0.00000 0.00000 0.00000 0.00000 0.00000 0.00000 0.00000 0.00000 0.00000 0.00000 0.00000 0.00000 0.00000 0.00000 0.00000 0.00000 0.00000 0.00000 0.00000 0.00000 0.00000 0.00000 0.00000 0.00000 0.00000 0.00000 0.00000 0.00000 0.00000 0.00000 0.00000 0.00000 0.00000 0.00000 0.00000 0.00000 0.00000 0.00000 0.00000 0.00000 0.00000 0.00000 0.00000 0.00000 0.00000 0.00000 0.00000 0.00000 0.00000 0.00000 0.00000 0.00000 0.00000 0.00000 0.00000 0.00000 0.00000 0.00000 0.00000 0.00000 0.00000 0.00000 0.00000 0.00000 0.00000 0.00000 0.00000 0.00000 0.00000 0.00000 0.00000 0.00000 0.00000 0.00000 0.00000 0.00000 0.00000 0.00000 0.00000 0.00000 0.00000 0.00000 0.00000 0.00000 0.00000 0.00000 0.00000 0.00000 0.00000 0.00000 0.00000 0.00000 0.00000 0.00000 0.00000 0.00000 0.00000 0.00000 0.00000 0.00000 0.00000 0.00000 0.00000 0.00000 0.00000 0.00000 0.00000 0.00000 0.00000 0.00000 0.00000 0.00000 0.00000 0.00000 0.00000 0.00000 0.00000 0.00000 0.00000 0.00000 0.00000 0.00000 0.00000 0.00000 0.00000 0.00000 0.00000 0.00000 0.00000 0.00000 0.00000 0.00000 0.00000 0.00000 0.00000 0.00000 0.00000 0.00000 0.00000 0.00000 0.00000 0.00000 0.00000 0.00000 0.00000 0.00000 0.00000 0.00000 0.00000 0.00000 0.00000 0.00000 0.00000 0.00000 0.00000 0.00000 0.00000 0.00000 0.00000 0.00000 0.00000 0.00000 0.00000 0.00000 0.00000 0.00000 0.00000 0.00000 0.00000 0.00000 0.00000 0.00000 0.00000 0.00000 0.00000 0.00000 0.00000 0.00000 0.00000 0.00000 0.00000 0.00000 0.00000 0.00000 0.00000 0.00000 0.00000 0.00000 0.00000 0.00000 0.00000 0.00000 0.00000 0.00000 0.00000 0.00000 0.00000 0.00000 0.00000 0.00000 0.00000 0.00000 0.00000 0.00000 0.00000 0.00000 0.00000 0.00000 0.00000 0.00000 0.00000 0.00000 0.00000 0.00000 0.00000 0.00000 0.00000 0.00000 0.00000 0.00000 0.00000 0.00000 0.00000 0.00000 0.00000 0.00000 0.00000 0.00000 0.00000 0.00000 0.00000 0.00000 0.00000 0.00000 0.00000 0.00000 0.00000 0.00000 0.00000 0.00000 0.00000 0.00000 0.00000 0.00000 0.00000 0.00000 0.00000 0.00000 0.00000 0.00000 0.00000 0.00000 0.00000 0.00000 0.00000 0.00000 0.00000 0.00000 0.00000 0.00000 0.00000 0.00000 0.00000 0.00000 0.00000 0.00000 0.00000
0.00000 0.00000 0.00000 0.00000 0.00000 0.00000 0.00000 0.00000 0.00000 0.00000 0.00000 0.00000 0.00000 0.00000 0.00000 0.00000 0.00000 0.00000 0.00000 0.00000 0.00000 0.00000 0.00000 0.00000 0.00000 0.00000 0.00000 0.00000 0.00000 0.00000 0.00000 0.00000 0.00000 0.00000 0.00000 0.00000 0.00000 0.00000 0.00000 0.00000 0.00000 0.00000 0.00000 0.00000 0.00000 0.00000 0.00000 0.00000 0.00000 0.00000 0.00000 0.00000 0.00000 0.00000 0.00000 0.00000 0.00000 0.00000 0.00000 0.00000 0.00000 0.00000 0.00000 0.00000 0.00000 0.00000 0.00000 0.00000 0.00000 0.00000 0.00000 0.00000 0.00000 0.00000 0.00000 0.00000 0.00000 0.00000 0.00000 0.00000 0.00000 0.00000 0.00000 0.00000 0.00000 0.00000 0.00000 0.00000 0.00000 0.00000 0.00000 0.00000 0.00000 0.00000 0.00000 0.00000 0.00000 0.00000 0.00000 0.00000 0.00000 0.00000 0.00000 0.00000 0.00000 0.00000 0.00000 0.00000 0.00000 0.00000 0.00000 0.00000 0.00000 0.00000 0.00000 0.00000 0.00000 0.00000 0.00000 0.00000 0.00000 0.00000 0.00000 0.00000 0.00000 0.00000 0.00000 0.00000 0.00000 0.00000 0.00000 0.00000 0.00000 0.00000 0.00000 0.00000 0.00000 0.00000 0.00000 0.00000 0.00000 0.00000 0.00000 0.00000 0.00000 0.00000 0.00000 0.00000 0.00000 0.00000 0.00000 0.00000 0.00000 0.00000 0.00000 0.00000 0.00000 0.00000 0.00000 0.00000 0.00000 0.00000 0.00000 0.00000 0.00000 0.00000 0.00000 0.00000 0.00000 0.00000 0.00000 0.00000 0.00000 0.00000 0.00000 0.00000 0.00000 0.00000 0.00000 0.00000 0.00000 0.00000 0.00000 0.00000 0.00000 0.00000 0.00000 0.00000 0.00000 0.00000 0.00000 0.00000 0.00000 0.00000 0.00000 0.00000 0.00000 0.00000 0.00000 0.00000 0.00000 0.00000 0.00000 0.00000 0.00000 0.00000 0.00000 0.00000 0.00000 0.00000 0.00000 0.00000 0.00000 0.00000 0.00000 0.00000 0.00000 0.00000 0.00000 0.00000 0.00000 0.00000 0.00000 0.00000 0.00000 0.00000 0.00000 0.00000 0.00000 0.00000 0.00000 0.00000 0.00000 0.00000 0.00000 0.00000 0.00000 0.00000 0.00000 0.00000 0.00000 0.00000 0.00000 0.00000 0.00000 0.00000 0.00000 0.00000 0.00000 0.00000 0.00000 0.00000 0.00000 0.00000 0.00000 0.00000 0.00000 0.00000 0.00000 0.00000 0.00000 0.00000 0.00000 0.00000 0.00000 0.00000 0.00000 0.00000 0.00000 0.00000 0.00000 0.00000 0.00000 0.00000 0.00000 0.00000 0.00000 0.00000 0.00000 0.00000 0.00000 0.00000 0.00000 0.00000 0.00000 0.00000 0.00000 0.00000 0.00000 0.00000 0.00000 0.00000 0.00000 0.00000 0.00000 0.00000 0.00000 0.00000 0.00000 0.00000 0.00000 0.00000 0.00000 0.00000 0.00000 0.00000 0.00000 0.00000 0.00000 0.00000 0.00000 0.00000 0.00000 0.00000 0.00000 0.00000 0.00000 0.00000 0.00000 0.00000
0.00000 0.00000 0.00000 0.00000 0.00000 0.00000 0.00000 0.00000 0.00000 0.00000 0.00000 0.00000 0.00000 0.00000 0.00000 0.00000 0.00000 0.00000 0.00000 0.00000 0.00000 0.00000 0.00000 0.00000 0.00000 0.00000 0.00000 0.00000 0.00000 0.00000 0.00000 0.00000 0.00000 0.00000 0.00000 0.00000 0.00000 0.00000 0.00000 0.00000 0.00000 0.00000 0.00000 0.00000 0.00000 0.00000 0.00000 0.00000 0.00000 0.00000 0.00000 0.00000 0.00000 0.00000 0.00000 0.00000 0.00000 0.00000 0.00000 0.00000 0.00000 0.00000 0.00000 0.00000 0.00000 0.00000 0.00000 0.00000 0.00000 0.00000 0.00000 0.00000 0.00000 0.00000 0.00000 0.00000 0.00000 0.00000 0.00000 0.00000 0.00000 0.00000 0.00000 0.00000 0.00000 0.00000 0.00000 0.00000 0.00000 0.00000 0.00000 0.00000 0.00000 0.00000 0.00000 0.00000 0.00000 0.00000 0.00000 0.00000 0.00000 0.00000 0.00000 0.00000 0.00000 0.00000 0.00000 0.00000 0.00000 0.00000 0.00000 0.00000 0.00000 0.00000 0.00000 0.00000 0.00000 0.00000 0.00000 0.00000 0.00000 0.00000 0.00000 0.00000 0.00000 0.00000 0.00000 0.00000 0.00000 0.00000 0.00000 0.00000 0.00000 0.00000 0.00000 0.00000 0.00000 0.00000 0.00000 0.00000 0.00000 0.00000 0.00000 0.00000 0.00000 0.00000 0.00000 0.00000 0.00000 0.00000 0.00000 0.00000 0.00000 0.00000 0.00000 0.00000 0.00000 0.00000 0.00000 0.00000 0.00000 0.00000 0.00000 0.00000 0.00000 0.00000 0.00000 0.00000 0.00000 0.00000 0.00000 0.00000 0.00000 0.00000 0.00000 0.00000 0.00000 0.00000 0.00000 0.00000 0.00000 0.00000 0.00000 0.00000 0.00000 0.00000 0.00000 0.00000 0.00000 0.00000 0.00000 0.00000 0.00000 0.00000 0.00000 0.00000 0.00000 0.00000 0.00000 0.00000 0.00000 0.00000 0.00000 0.00000 0.00000 0.00000 0.00000 0.00000 0.00000 0.00000 0.00000 0.00000 0.00000 0.00000 0.00000 0.00000 0.00000 0.00000 0.00000 0.00000 0.00000 0.00000 0.00000 0.00000 0.00000 0.00000 0.00000 0.00000 0.00000 0.00000 0.00000 0.00000 0.00000 0.00000 0.00000 0.00000 0.00000 0.00000 0.00000 0.00000 0.00000 0.00000 0.00000 0.00000 0.00000 0.00000 0.00000 0.00000 0.00000 0.00000 0.00000 0.00000 0.00000 0.00000 0.00000 0.00000 0.00000 0.00000 0.00000 0.00000 0.00000 0.00000 0.00000 0.00000 0.00000 0.00000 0.00000 0.00000 0.00000 0.00000 0.00000 0.00000 0.00000 0.00000 0.00000 0.00000 0.00000 0.00000 0.00000 0.00000 0.00000 0.00000 0.00000 0.00000 0.00000 0.00000 0.00000 0.00000 0.00000 0.00000 0.00000 0.00000 0.00000 0.00000 0.00000 0.00000 0.00000 0.00000 0.00000 0.00000 0.00000 0.00000 0.00000 0.00000 0.00000 0.00000 0.00000 0.00000 0.00000 0.00000 0.00000 0.00000 0.00000 0.00000 0.00000 0.00000 0.00000 0.00000 0.00000 0.00000
0.00000 0.00000 0.00000 0.00000 0.00000 0.00000 0.00000 0.00000 0.00000 0.00000 0.00000 0.00000 0.00000 0.00000 0.00000 0.00000 0.00000 0.00000 0.00000 0.00000 0.00000 0.00000 0.00000 0.00000 0.00000 0.00000 0.00000 0.00000 0.00000 0.00000 0.00000 0.00000 0.00000 0.00000 0.00000 0.00000 0.00000 0.00000 0.00000 0.00000 0.00000 0.00000 0.00000 0.00000 0.00000 0.00000 0.00000 0.00000 0.00000 0.00000 0.00000 0.00000 0.00000 0.00000 0.00000 0.00000 0.00000 0.00000 0.00000 0.00000 0.00000 0.00000 0.00000 0.00000 0.00000 0.00000 0.00000 0.00000 0.00000 0.00000 0.00000 0.00000 0.00000 0.00000 0.00000 0.00000 0.00000 0.00000 0.00000 0.00000 0.00000 0.00000 0.00000 0.00000 0.00000 0.00000 0.00000 0.00000 0.00000 0.00000 0.00000 0.00000 0.00000 0.00000 0.00000 0.00000 0.00000 0.00000 0.00000 0.00000 0.00000 0.00000 0.00000 0.00000 0.00000 0.00000 0.00000 0.00000 0.00000 0.00000 0.00000 0.00000 0.00000 0.00000 0.00000 0.00000 0.00000 0.00000 0.00000 0.00000 0.00000 0.00000 0.00000 0.00000 0.00000 0.00000 0.00000 0.00000 0.00000 0.00000 0.00000 0.00000 0.00000 0.00000 0.00000 0.00000 0.00000 0.00000 0.00000 0.00000 0.00000 0.00000 0.00000 0.00000 0.00000 0.00000 0.00000 0.00000 0.00000 0.00000 0.00000 0.00000 0.00000 0.00000 0.00000 0.00000 0.00000 0.00000 0.00000 0.00000 0.00000 0.00000 0.00000 0.00000 0.00000 0.00000 0.00000 0.00000 0.00000 0.00000 0.00000 0.00000 0.00000 0.00000 0.00000 0.00000 0.00000 0.00000 0.00000 0.00000 0.00000 0.00000 0.00000 0.00000 0.00000 0.00000 0.00000 0.00000 0.00000 0.00000 0.00000 0.00000 0.00000 0.00000 0.00000 0.00000 0.00000 0.00000 0.00000 0.00000 0.00000 0.00000 0.00000 0.00000 0.00000 0.00000 0.00000 0.00000 0.00000 0.00000 0.00000 0.00000 0.00000 0.00000 0.00000 0.00000 0.00000 0.00000 0.00000 0.00000 0.00000 0.00000 0.00000 0.00000 0.00000 0.00000 0.00000 0.00000 0.00000 0.00000 0.00000 0.00000 0.00000 0.00000 0.00000 0.00000 0.00000 0.00000 0.00000 0.00000 0.00000 0.00000 0.00000 0.00000 0.00000 0.00000 0.00000 0.00000 0.00000 0.00000 0.00000 0.00000 0.00000 0.00000 0.00000 0.00000 0.00000 0.00000 0.00000 0.00000 0.00000 0.00000 0.00000 0.00000 0.00000 0.00000 0.00000 0.00000 0.00000 0.00000 0.00000 0.00000 0.00000 0.00000 0.00000 0.00000 0.00000 0.00000 0.00000 0.00000 0.00000 0.00000 0.00000 0.00000 0.00000 0.00000 0.00000 0.00000 0.00000 0.00000 0.00000 0.00000 0.00000 0.00000 0.00000 0.00000 0.00000 0.00000 0.00000 0.00000 0.00000 0.00000 0.00000 0.00000 0.00000 0.00000 0.00000 0.00000 0.00000 0.00000 0.00000 0.00000 0.00000 0.00000 0.00000 0.00000 0.00000 0.00000 0.00000 0.00000
0.00000 0.00000 0.00000 0.00000 0.00000 0.00000 0.00000 0.00000 0.00000 0.00000 0.00000 0.00000 0.00000 0.00000 0.00000 0.00000 0.00000 0.00000 0.00000 0.00000 0.00000 0.00000 0.00000 0.00000 0.00000 0.00000 0.00000 0.00000 0.00000 0.00000 0.00000 0.00000 0.00000 0.00000 0.00000 0.00000 0.00000 0.00000 0.00000 0.00000 0.00000 0.00000 0.00000 0.00000 0.00000 0.00000 0.00000 0.00000 0.00000 0.00000 0.00000 0.00000 0.00000 0.00000 0.00000 0.00000 0.00000 0.00000 0.00000 0.00000 0.00000 0.00000 0.00000 0.00000 0.00000 0.00000 0.00000 0.00000 0.00000 0.00000 0.00000 0.00000 0.00000 0.00000 0.00000 0.00000 0.00000 0.00000 0.00000 0.00000 0.00000 0.00000 0.00000 0.00000 0.00000 0.00000 0.00000 0.00000 0.00000 0.00000 0.00000 0.00000 0.00000 0.00000 0.00000 0.00000 0.00000 0.00000 0.00000 0.00000 0.00000 0.00000 0.00000 0.00000 0.00000 0.00000 0.00000 0.00000 0.00000 0.00000 0.00000 0.00000 0.00000 0.00000 0.00000 0.00000 0.00000 0.00000 0.00000 0.00000 0.00000 0.00000 0.00000 0.00000 0.00000 0.00000 0.00000 0.00000 0.00000 0.00000 0.00000 0.00000 0.00000 0.00000 0.00000 0.00000 0.00000 0.00000 0.00000 0.00000 0.00000 0.00000 0.00000 0.00000 0.00000 0.00000 0.00000 0.00000 0.00000 0.00000 0.00000 0.00000 0.00000 0.00000 0.00000 0.00000 0.00000 0.00000 0.00000 0.00000 0.00000 0.00000 0.00000 0.00000 0.00000 0.00000 0.00000 0.00000 0.00000 0.00000 0.00000 0.00000 0.00000 0.00000 0.00000 0.00000 0.00000 0.00000 0.00000 0.00000 0.00000 0.00000 0.00000 0.00000 0.00000 0.00000 0.00000 0.00000 0.00000 0.00000 0.00000 0.00000 0.00000 0.00000 0.00000 0.00000 0.00000 0.00000 0.00000 0.00000 0.00000 0.00000 0.00000 0.00000 0.00000 0.00000 0.00000 0.00000 0.00000 0.00000 0.00000 0.00000 0.00000 0.00000 0.00000 0.00000 0.00000 0.00000 0.00000 0.00000 0.00000 0.00000 0.00000 0.00000 0.00000 0.00000 0.00000 0.00000 0.00000 0.00000 0.00000 0.00000 0.00000 0.00000 0.00000 0.00000 0.00000 0.00000 0.00000 0.00000 0.00000 0.00000 0.00000 0.00000 0.00000 0.00000 0.00000 0.00000 0.00000 0.00000 0.00000 0.00000 0.00000 0.00000 0.00000 0.00000 0.00000 0.00000 0.00000 0.00000 0.00000 0.00000 0.00000 0.00000 0.00000 0.00000 0.00000 0.00000 0.00000 0.00000 0.00000 0.00000 0.00000 0.00000 0.00000 0.00000 0.00000 0.00000 0.00000 0.00000 0.00000 0.00000 0.00000 0.00000 0.00000 0.00000 0.00000 0.00000 0.00000 0.00000 0.00000 0.00000 0.00000 0.00000 0.00000 0.00000 0.00000 0.00000 0.00000 0.00000 0.00000 0.00000 0.00000 0.00000 0.00000 0.00000 0.00000 0.00000 0.00000 0.00000 0.00000 0.00000 0.00000 0.00000 0.00000 0.00000 0.00000 0.00000 0.00000 0.00000
0.00000 0.00000 0.00000 0.00000 0.00000 0.00000 0.00000 0.00000 0.00000 0.00000 0.00000 0.00000 0.00000 0.00000 0.00000 0.00000 0.00000 0.00000 0.00000 0.00000 0.00000 0.00000 0.00000 0.00000 0.00000 0.00000 0.00000 0.00000 0.00000 0.00000 0.00000 0.00000 0.00000 0.00000 0.00000 0.00000 0.00000 0.00000 0.00000 0.00000 0.00000 0.00000 0.00000 0.00000 0.00000 0.00000 0.00000 0.00000 0.00000 0.00000 0.00000 0.00000 0.00000 0.00000 0.00000 0.00000 0.00000 0.00000 0.00000 0.00000 0.00000 0.00000 0.00000 0.00000 0.00000 0.00000 0.00000 0.00000 0.00000 0.00000 0.00000 0.00000 0.00000 0.00000 0.00000 0.00000 0.00000 0.00000 0.00000 0.00000 0.00000 0.00000 0.00000 0.00000 0.00000 0.00000 0.00000 0.00000 0.00000 0.00000 0.00000 0.00000 0.00000 0.00000 0.00000 0.00000 0.00000 0.00000 0.00000 0.00000 0.00000 0.00000 0.00000 0.00000 0.00000 0.00000 0.00000 0.00000 0.00000 0.00000 0.00000 0.00000 0.00000 0.00000 0.00000 0.00000 0.00000 0.00000 0.00000 0.00000 0.00000 0.00000 0.00000 0.00000 0.00000 0.00000 0.00000 0.00000 0.00000 0.00000 0.00000 0.00000 0.00000 0.00000 0.00000 0.00000 0.00000 0.00000 0.00000 0.00000 0.00000 0.00000 0.00000 0.00000 0.00000 0.00119 0.00353 0.00587 0.00824 0.01054 0.01275 0.01502 0.01738 0.01957 0.02166 0.02276 0.02277 0.02261 0.02241 0.02238 0.02236 0.02219 0.02201 0.02197 0.02192 0.02176 0.02160 0.02155 0.02146 0.02132 0.02120 0.02110 0.02099 0.02087 0.02076 0.02065 0.02052 0.02040 0.02030 0.02020 0.02005 0.01991 0.01982 0.01974 0.01957 0.01941 0.01933 0.01924 0.01908 0.01892 0.01881 0.01870 0.01858 0.01845 0.01829 0.01725 0.01535 0.01347 0.01155 0.00969 0.00789 0.00610 0.00431 0.00256 0.00085 0.00000 0.00000 0.00000 0.00000 0.00000 0.00000 0.00000 0.00000 0.00000 0.00000 0.00000 0.00000 0.00000 0.00000 0.00000 0.00000 0.00000 0.00000 0.00000 0.00000 0.00000 0.00000 0.00000 0.00000 0.00000 0.00000 0.00000 0.00000 0.00000 0.00000 0.00000 0.00000 0.00000 0.00000 0.00000 0.00000 0.00000 0.00000 0.00000 0.00000 0.00000 0.00000 0.00000 0.00000 0.00000 0.00000 0.00000 0.00000 0.00000 0.00000 0.00000 0.00000 0.00000 0.00000 0.00000 0.00000 0.00000 0.00000 0.00000 0.00000 0.00000 0.00000 0.00000 0.00000 0.00000 0.00000 0.00000 0.00000 0.00000 0.00000 0.00000 0.00000 0.00000 0.00000 0.00000 0.00000 0.00000 0.00000 0.00000 0.00000 0.00000 0.00000 0.00000 0.00000 0.00000 0.00000 0.00000 0.00000 0.00000 0.00000 0.00000 0.00000 0.00000 0.00000 0.00000 0.00000 0.00000 0.00000 0.00000 0.00000 0.00000 0.00000 0.00000 0.00000 0.00000 0.00000 0.00000 0.00000 0.00000 0.00000 0.00000 0.00000 0.00000 0.00000 0.00000
0.00000 0.00000 0.00000 0.00000 0.00000 0.00000 0.00000 0.00000 0.00000 0.00000 0.00000 0.00000 0.00000 0.00000 0.00000 0.00000 0.00000 0.00000 0.00000 0.00000 0.00000 0.00000 0.00000 0.00000 0.00000 0.00000 0.00000 0.00000 0.00000 0.00000 0.00000 0.00000 0.00000 0.00000 0.00000 0.00000 0.00000 0.00000 0.00000 0.00000 0.00000 0.00000 0.00000 0.00000 0.00000 0.00000 0.00000 0.00000 0.00000 0.00000 0.00000 0.00000 0.00000 0.00000 0.00000 0.00000 0.00000 0.00000 0.00000 0.00000 0.00000 0.00000 0.00000 0.00000 0.00000 0.00000 0.00000 0.00000 0.00000 0.00000 0.00000 0.00000 0.00000 0.00000 0.00000 0.00000 0.00000 0.00000 0.00000 0.00000 0.00000 0.00000 0.00000 0.00000 0.00000 0.00000 0.00000 0.00000 0.00000 0.00000 0.00000 0.00000 0.00000 0.00000 0.00000 0.00000 0.00000 0.00000 0.00000 0.00000 0.00000 0.00000 0.00000 0.00000 0.00000 0.00000 0.00000 0.00000 0.00000 0.00000 0.00000 0.00000 0.00000 0.00000 0.00000 0.00000 0.00000 0.00000 0.00000 0.00000 0.00000 0.00000 0.00000 0.00000 0.00000 0.00000 0.00000 0.00000 0.00000 0.00000 0.00000 0.00000 0.00000 0.00000 0.00000 0.00000 0.00000 0.00000 0.00000 0.00000 0.00000 0.00000 0.00000 0.00000 0.00000 0.00355 0.01061 0.01771 0.02467 0.03144 0.03830 0.04533 0.05199 0.05840 0.06509 0.06858 0.06813 0.06750 0.06738 0.06738 0.06686 0.06626 0.06618 0.06610 0.06555 0.06501 0.06494 0.06474 0.06422 0.06380 0.06361 0.06330 0.06291 0.06256 0.06223 0.06188 0.06152 0.06119 0.06089 0.06047 0.06002 0.05977 0.05955 0.05902 0.05851 0.05829 0.05807 0.05755 0.05702 0.05674 0.05646 0.05607 0.05563 0.05518 0.05481 0.05180 0.04609 0.04022 0.03456 0.02910 0.02370 0.01823 0.01289 0.00769 0.00255 0.00000 0.00000 0.00000 0.00000 0.00000 0.00000 0.00000 0.00000 0.00000 0.00000 0.00000 0.00000 0.00000 0.00000 0.00000 0.00000 0.00000 0.00000 0.00000 0.00000 0.00000 0.00000 0.00000 0.00000 0.00000 0.00000 0.00000 0.00000 0.00000 0.00000 0.00000 0.00000 0.00000 0.00000 0.00000 0.00000 0.00000 0.00000 0.00000 0.00000 0.00000 0.00000 0.00000 0.00000 0.00000 0.00000 0.00000 0.00000 0.00000 0.00000 0.00000 0.00000 0.00000 0.00000 0.00000 0.00000 0.00000 0.00000 0.00000 0.00000 0.00000 0.00000 0.00000 0.00000 0.00000 0.00000 0.00000 0.00000 0.00000 0.00000 0.00000 0.00000 0.00000 0.00000 0.00000 0.00000 0.00000 0.00000 0.00000 0.00000 0.00000 0.00000 0.00000 0.00000 0.00000 0.00000 0.00000 0.00000 0.00000 0.00000 0.00000 0.00000 0.00000 0.00000 0.00000 0.00000 0.00000 0.00000 0.00000 0.00000 0.00000 0.00000 0.00000 0.00000 0.00000 0.00000 0.00000 0.00000 0.00000 0.00000 0.00000 0.00000 0.00000 0.00000 0.00000
0.00000 0.00000 0.00000 0.00000 0.00000 0.00000 0.00000 0.00000 0.00000 0.00000 0.00000 0.00000 0.00000 0.00000 0.00000 0.00000 0.00000 0.00000 0.00000 0.00000 0.00000 0.00000 0.00000 0.00000 0.00000 0.00000 0.00000 0.00000 0.00000 0.00000 0.00000 0.00000 0.00000 0.00000 0.00000 0.00000 0.00000 0.00000 0.00000 0.00000 0.00000 0.00000 0.00000 0.00000 0.00000 0.00000 0.00000 0.00000 0.00000 0.00000 0.00000 0.00000 0.00000 0.00000 0.00000 0.00000 0.00000 0.00000 0.00000 0.00000 0.00000 0.00000 0.00000 0.00000 0.00000 0.00000 0.00000 0.00000 0.00000 0.00000 0.00000 0.00000 0.00000 0.00000 0.00000 0.00000 0.00000 0.00000 0.00000 0.00000 0.00000 0.00000 0.00000 0.00000 0.00000 0.00000 0.00000 0.00000 0.00000 0.00000 0.00000 0.00000 0.00000 0.00000 0.00000 0.00000 0.00000 0.00000 0.00000 0.00000 0.00000 0.00000 0.00000 0.00000 0.00000 0.00000 0.00000 0.00000 0.00000 0.00000 0.00000 0.00000 0.00000 0.00000 0.00000 0.00000 0.00000 0.00000 0.00000 0.00000 0.00000 0.00000 0.00000 0.00000 0.00000 0.00000 0.00000 0.00000 0.00000 0.00000 0.00000 0.00000 0.00000 0.00000 0.00000 0.00000 0.00000 0.00000 0.00000 0.00000 0.00000 0.00000 0.00000 0.00000 0.00000 0.00591 0.01779 0.02951 0.04086 0.05232 0.06419 0.07547 0.08614 0.09728 0.10902 0.11408 0.11289 0.11268 0.11273 0.11190 0.11087 0.11073 0.11060 0.10970 0.10879 0.10867 0.10836 0.10751 0.10670 0.10643 0.10599 0.10535 0.10468 0.10409 0.10361 0.10308 0.10242 0.10185 0.10126 0.10057 0.10009 0.09969 0.09882 0.09802 0.09767 0.09726 0.09633 0.09549 0.09511 0.09459 0.09386 0.09317 0.09250 0.09180 0.09131 0.08636 0.07640 0.06681 0.05763 0.04856 0.03926 0.03023 0.02150 0.01283 0.00423 0.00000 0.00000 0.00000 0.00000 0.00000 0.00000 0.00000 0.00000 0.00000 0.00000 0.00000 0.00000 0.00000 0.00000 0.00000 0.00000 0.00000 0.00000 0.00000 0.00000 0.00000 0.00000 0.00000 0.00000 0.00000 0.00000 0.00000 0.00000 0.00000 0.00000 0.00000 0.00000 0.00000 0.00000 0.00000 0.00000 0.00000 0.00000 0.00000 0.00000 0.00000 0.00000 0.00000 0.00000 0.00000 0.00000 0.00000 0.00000 0.00000 0.00000 0.00000 0.00000 0.00000 0.00000 0.00000 0.00000 0.00000 0.00000 0.00000 0.00000 0.00000 0.00000 0.00000 0.00000 0.00000 0.00000 0.00000 0.00000 0.00000 0.00000 0.00000 0.00000 0.00000 0.00000 0.00000 0.00000 0.00000 0.00000 0.00000 0.00000 0.00000 0.00000 0.00000 0.00000 0.00000 0.00000 0.00000 0.00000 0.00000 0.00000 0.00000 0.00000 0.00000 0.00000 0.00000 0.00000 0.00000 0.00000 0.00000 0.00000 0.00000 0.00000 0.00000 0.00000 0.00000 0.00000 0.00000 0.00000 0.00000 0.00000 0.00000 0.00000 0.00000 0.00000 0.00000
0.00000 0.00000 0.00000 0.00000 0.00000 0.00000 0.00000 0.00000 0.00000 0.00000 0.00000 0.00000 0.00000 0.00000 0.00000 0.00000 0.00000 0.00000 0.00000 0.00000 0.00000 0.00000 0.00000 0.00000 0.00000 0.00000 0.00000 0.00000 0.00000 0.00000 0.00000 0.00000 0.00000 0.00000 0.00000 0.00000 0.00000 0.00000 0.00000 0.00000 0.00000 0.00000 0.00000 0.00000 0.00000 0.00000 0.00000 0.00000 0.00000 0.00000 0.00000 0.00000 0.00000 0.00000 0.00000 0.00000 0.00000 0.00000 0.00000 0.00000 0.00000 0.00000 0.00000 0.00000 0.00000 0.00000 0.00000 0.00000 0.00000 0.00000 0.00000 0.00000 0.00000 0.00000 0.00000 0.00000 0.00000 0.00000 0.00000 0.00000 0.00000 0.00000 0.00000 0.00000 0.00000 0.00000 0.00000 0.00000 0.00000 0.00000 0.00000 0.00000 0.00000 0.00000 0.00000 0.00000 0.00000 0.00000 0.00000 0.00000 0.00000 0.00000 0.00000 0.00000 0.00000 0.00000 0.00000 0.00000 0.00000 0.00000 0.00000 0.00000 0.00000 0.00000 0.00000 0.00000 0.00000 0.00000 0.00000 0.00000 0.00000 0.00000 0.00000 0.00000 0.00000 0.00000 0.00000 0.00000 0.00000 0.00000 0.00000 0.00000 0.00000 0.00000 0.00000 0.00000 0.00000 0.00000 0.00000 0.00000 0.00000 0.00000 0.00000 0.00000 0.00000 0.00832 0.02485 0.04105 0.05725 0.07375 0.08967 0.10498 0.12063 0.13704 0.15239 0.15874 0.15829 0.15845 0.15743 0.15586 0.15557 0.15554 0.15431 0.15290 0.15277 0.15247 0.15115 0.14986 0.14972 0.14923 0.14812 0.14702 0.14640 0.14585 0.14509 0.14401 0.14316 0.14254 0.14157 0.14076 0.14029 0.13917 0.13792 0.13740 0.13697 0.13567 0.13434 0.13383 0.13330 0.13217 0.13093 0.13017 0.12940 0.12861 0.12796 0.12022 0.10668 0.09364 0.08082 0.06766 0.05476 0.04236 0.03014 0.01791 0.00589 0.00000 0.00000 0.00000 0.00000 0.00000 0.00000 0.00000 0.00000 0.00000 0.00000 0.00000 0.00000 0.00000 0.00000 0.00000 0.00000 0.00000 0.00000 0.00000 0.00000 0.00000 0.00000 0.00000 0.00000 0.00000 0.00000 0.00000 0.00000 0.00000 0.00000 0.00000 0.00000 0.00000 0.00000 0.00000 0.00000 0.00000 0.00000 0.00000 0.00000 0.00000 0.00000 0.00000 0.00000 0.00000 0.00000 0.00000 0.00000 0.00000 0.00000 0.00000 0.00000 0.00000 0.00000 0.00000 0.00000 0.00000 0.00000 0.00000 0.00000 0.00000 0.00000 0.00000 0.00000 0.00000 0.00000 0.00000 0.00000 0.00000 0.00000 0.00000 0.00000 0.00000 0.00000 0.00000 0.00000 0.00000 0.00000 0.00000 0.00000 0.00000 0.00000 0.00000 0.00000 0.00000 0.00000 0.00000 0.00000 0.00000 0.00000 0.00000 0.00000 0.00000 0.00000 0.00000 0.00000 0.00000 0.00000 0.00000 0.00000 0.00000 0.00000 0.00000 0.00000 0.00000 0.00000 0.00000 0.00000 0.00000 0.00000 0.00000 0.00000 0.00000 0.00000 0.00000
0.00000 0.00000 0.00000 0.00000 0.00000 0.00000 0.00000 0.00000 0.00000 0.00000 0.00000 0.00000 0.00000 0.00000 0.00000 0.00000 0.00000 0.00000 0.00000 0.00000 0.00000 0.00000 0.00000 0.00000 0.00000 0.00000 0.00000 0.00000 0.00000 0.00000 0.00000 0.00000 0.00000 0.00000 0.00000 0.00000 0.00000 0.00000 0.00000 0.00000 0.00000 0.00000 0.00000 0.00000 0.00000 0.00000 0.00000 0.00000 0.00000 0.00000 0.00000 0.00000 0.00000 0.00000 0.00000 0.00000 0.00000 0.00000 0.00000 0.00000 0.00000 0.00000 0.00000 0.00000 0.00000 0.00000 0.00000 0.00000 0.00000 0.00000 0.00000 0.00000 0.00000 0.00000 0.00000 0.00000 0.00000 0.00000 0.00000 0.00000 0.00000 0.00000 0.00000 0.00000 0.00000 0.00000 0.00000 0.00000 0.00000 0.00000 0.00000 0.00000 0.00000 0.00000 0.00000 0.00000 0.00000 0.00000 0.00000 0.00000 0.00000 0.00000 0.00000 0.00000 0.00000 0.00000 0.00000 0.00000 0.00000 0.00000 0.00000 0.00000 0.00000 0.00000 0.00000 0.00000 0.00000 0.00000 0.00000 0.00000 0.00000 0.00000 0.00000 0.00000 0.00000 0.00000 0.00000 0.00000 0.00000 0.00000 0.00000 0.00000 0.00000 0.00000 0.00000 0.00000 0.00000 0.00000 0.00000 0.00000 0.00000 0.00000 0.00000 0.00000 0.00000 0.01070 0.03175 0.05269 0.07405 0.09476 0.11455 0.13472 0.15609 0.17610 0.19453 0.20417 0.20452 0.20322 0.20113 0.20081 0.20076 0.19917 0.19738 0.19723 0.19680 0.19511 0.19350 0.19331 0.19269 0.19125 0.18970 0.18896 0.18838 0.18751 0.18594 0.18468 0.18410 0.18310 0.18182 0.18091 0.17974 0.17833 0.17760 0.17687 0.17517 0.17365 0.17308 0.17219 0.17058 0.16917 0.16841 0.16714 0.16598 0.16545 0.16373 0.15404 0.13706 0.12059 0.10335 0.08650 0.07050 0.05457 0.03854 0.02286 0.00759 0.00000 0.00000 0.00000 0.00000 0.00000 0.00000 0.00000 0.00000 0.00000 0.00000 0.00000 0.00000 0.00000 0.00000 0.00000 0.00000 0.00000 0.00000 0.00000 0.00000 0.00000 0.00000 0.00000 0.00000 0.00000 0.00000 0.00000 0.00000 0.00000 0.00000 0.00000 0.00000 0.00000 0.00000 0.00000 0.00000 0.00000 0.00000 0.00000 0.00000 0.00000 0.00000 0.00000 0.00000 0.00000 0.00000 0.00000 0.00000 0.00000 0.00000 0.00000 0.00000 0.00000 0.00000 0.00000 0.00000 0.00000 0.00000 0.00000 0.00000 0.00000 0.00000 0.00000 0.00000 0.00000 0.00000 0.00000 0.00000 0.00000 0.00000 0.00000 0.00000 0.00000 0.00000 0.00000 0.00000 0.00000 0.00000 0.00000 0.00000 0.00000 0.00000 0.00000 0.00000 0.00000 0.00000 0.00000 0.00000 0.00000 0.00000 0.00000 0.00000 0.00000 0.00000 0.00000 0.00000 0.00000 0.00000 0.00000 0.00000 0.00000 0.00000 0.00000 0.00000 0.00000 0.00000 0.00000 0.00000 0.00000 0.00000 0.00000 0.00000 0.00000 0.00000 0.00000
0.00000 0.00000 0.00000 0.00000 0.00000 0.00000 0.00000 0.00000 0.00000 0.00000 0.00000 0.00000 0.00000 0.00000 0.00000 0.00000 0.00000 0.00000 0.00000 0.00000 0.00000 0.00000 0.00000 0.00000 0.00000 0.00000 0.00000 0.00000 0.00000 0.00000 0.00000 0.00000 0.00000 0.00000 0.00000 0.00000 0.00000 0.00000 0.00000 0.00000 0.00000 0.00000 0.00000 0.00000 0.00000 0.00000 0.00000 0.00000 0.00000 0.00000 0.00000 0.00000 0.00000 0.00000 0.00000 0.00000 0.00000 0.00000 0.00000 0.00000 0.00000 0.00000 0.00000 0.00000 0.00000 0.00000 0.00000 0.00000 0.00000 0.00000 0.00000 0.00000 0.00000 0.00000 0.00000 0.00000 0.00000 0.00000 0.00000 0.00000 0.00000 0.00000 0.00000 0.00000 0.00000 0.00000 0.00000 0.00000 0.00000 0.00000 0.00000 0.00000 0.00000 0.00000 0.00000 0.00000 0.00000 0.00000 0.00000 0.00000 0.00000 0.00000 0.00000 0.00000 0.00000 0.00000 0.00000 0.00000 0.00000 0.00000 0.00000 0.00000 0.00000 0.00000 0.00000 0.00000 0.00000 0.00000 0.00000 0.00000 0.00000 0.00000 0.00000 0.00000 0.00000 0.00000 0.00000 0.00000 0.00000 0.00000 0.00000 0.00000 0.00000 0.00000 0.00000 0.00000 0.00000 0.00000 0.00000 0.00000 0.00000 0.00000 0.00000 0.00000 0.00000 0.01300 0.03883 0.06484 0.09033 0.11505 0.13998 0.16588 0.19058 0.21365 0.23791 0.25090 0.24955 0.24687 0.24626 0.24640 0.24462 0.24225 0.24194 0.24166 0.23959 0.23745 0.23733 0.23673 0.23471 0.23257 0.23210 0.23158 0.23024 0.22808 0.22672 0.22625 0.22507 0.22318 0.22189 0.22099 0.21917 0.21803 0.21737 0.21544 0.21334 0.21253 0.21177 0.20980 0.20767 0.20682 0.20577 0.20416 0.20301 0.20113 0.19956 0.18839 0.16795 0.14670 0.12576 0.10581 0.08626 0.06652 0.04687 0.02796 0.00928 0.00000 0.00000 0.00000 0.00000 0.00000 0.00000 0.00000 0.00000 0.00000 0.00000 0.00000 0.00000 0.00000 0.00000 0.00000 0.00000 0.00000 0.00000 0.00000 0.00000 0.00000 0.00000 0.00000 0.00000 0.00000 0.00000 0.00000 0.00000 0.00000 0.00000 0.00000 0.00000 0.00000 0.00000 0.00000 0.00000 0.00000 0.00000 0.00000 0.00000 0.00000 0.00000 0.00000 0.00000 0.00000 0.00000 0.00000 0.00000 0.00000 0.00000 0.00000 0.00000 0.00000 0.00000 0.00000 0.00000 0.00000 0.00000 0.00000 0.00000 0.00000 0.00000 0.00000 0.00000 0.00000 0.00000 0.00000 0.00000 0.00000 0.00000 0.00000 0.00000 0.00000 0.00000 0.00000 0.00000 0.00000 0.00000 0.00000 0.00000 0.00000 0.00000 0.00000 0.00000 0.00000 0.00000 0.00000 0.00000 0.00000 0.00000 0.00000 0.00000 0.00000 0.00000 0.00000 0.00000 0.00000 0.00000 0.00000 0.00000 0.00000 0.00000 0.00000 0.00000 0.00000 0.00000 0.00000 0.00000 0.00000 0.00000 0.00000 0.00000 0.00000 0.00000 0.00000
0.00000 0.00000 0.00000 0.00000 0.00000 0.00000 0.00000 0.00000 0.00000 0.00000 0.00000 0.00000 0.00000 0.00000 0.00000 0.00000 0.00000 0.00000 0.00000 0.00000 0.00000 0.00000 0.00000 0.00000 0.00000 0.00000 0.00000 0.00000 0.00000 0.00000 0.00000 0.00000 0.00000 0.00000 0.00000 0.00000 0.00000 0.00000 0.00000 0.00000 0.00000 0.00000 0.00000 0.00000 0.00000 0.00000 0.00000 0.00000 0.00000 0.00000 0.00000 0.00000 0.00000 0.00000 0.00000 0.00000 0.00000 0.00000 0.00000 0.00000 0.00000 0.00000 0.00000 0.00000 0.00000 0.00000 0.00000 0.00000 0.00000 0.00000 0.00000 0.00000 0.00000 0.00000 0.00000 0.00000 0.00000 0.00000 0.00000 0.00000 0.00000 0.00000 0.00000 0.00000 0.00000 0.00000 0.00000 0.00000 0.00000 0.00000 0.00000 0.00000 0.00000 0.00000 0.00000 0.00000 0.00000 0.00000 0.00000 0.00000 0.00000 0.00000 0.00000 0.00000 0.00000 0.00000 0.00000 0.00000 0.00000 0.00000 0.00000 0.00000 0.00000 0.00000 0.00000 0.00000 0.00000 0.00000 0.00000 0.00000 0.00000 0.00000 0.00000 0.00000 0.00000 0.00000 0.00000 0.00000 0.00000 0.00000 0.00000 0.00000 0.00000 0.00000 0.00000 0.00000 0.00000 0.00000 0.00000 0.00000 0.00000 0.00000 0.00000 0.00000 0.00000 0.01533 0.04616 0.07660 0.10607 0.13571 0.16655 0.19600 0.22352 0.25233 0.28279 0.29608 0.29281 0.29219 0.29233 0.29020 0.28740 0.28707 0.28671 0.28425 0.28181 0.28169 0.28087 0.27846 0.27605 0.27553 0.27482 0.27322 0.27068 0.26907 0.26850 0.26738 0.26503 0.26296 0.26223 0.26064 0.25905 0.25771 0.25565 0.25360 0.25264 0.25137 0.24890 0.24682 0.24598 0.24421 0.24212 0.24117 0.23932 0.23691 0.23519 0.22314 0.19768 0.17232 0.14855 0.12531 0.10150 0.07795 0.05550 0.03310 0.01091 0.00000 0.00000 0.00000 0.00000 0.00000 0.00000 0.00000 0.00000 0.00000 0.00000 0.00000 0.00000 0.00000 0.00000 0.00000 0.00000 0.00000 0.00000 0.00000 0.00000 0.00000 0.00000 0.00000 0.00000 0.00000 0.00000 0.00000 0.00000 0.00000 0.00000 0.00000 0.00000 0.00000 0.00000 0.00000 0.00000 0.00000 0.00000 0.00000 0.00000 0.00000 0.00000 0.00000 0.00000 0.00000 0.00000 0.00000 0.00000 0.00000 0.00000 0.00000 0.00000 0.00000 0.00000 0.00000 0.00000 0.00000 0.00000 0.00000 0.00000 0.00000 0.00000 0.00000 0.00000 0.00000 0.00000 0.00000 0.00000 0.00000 0.00000 0.00000 0.00000 0.00000 0.00000 0.00000 0.00000 0.00000 0.00000 0.00000 0.00000 0.00000 0.00000 0.00000 0.00000 0.00000 0.00000 0.00000 0.00000 0.00000 0.00000 0.00000 0.00000 0.00000 0.00000 0.00000 0.00000 0.00000 0.00000 0.00000 0.00000 0.00000 0.00000 0.00000 0.00000 0.00000 0.00000 0.00000 0.00000 0.00000 0.00000 0.00000 0.00000 0.00000 0.00000 0.00000
0.00000 0.00000 0.00000 0.00000 0.00000 0.00000 0.00000 0.00000 0.00000 0.00000 0.00000 0.00000 0.00000 0.00000 0.00000 0.00000 0.00000 0.00000 0.00000 0.00000 0.00000 0.00000 0.00000 0.00000 0.00000 0.00000 0.00000 0.00000 0.00000 0.00000 0.00000 0.00000 0.00000 0.00000 0.00000 0.00000 0.00000 0.00000 0.00000 0.00000 0.00000 0.00000 0.00000 0.00000 0.00000 0.00000 0.00000 0.00000 0.00000 0.00000 0.00000 0.00000 0.00000 0.00000 0.00000 0.00000 0.00000 0.00000 0.00000 0.00000 0.00000 0.00000 0.00000 0.00000 0.00000 0.00000 0.00000 0.00000 0.00000 0.00000 0.00000 0.00000 0.00000 0.00000 0.00000 0.00000 0.00000 0.00000 0.00000 0.00000 0.00000 0.00000 0.00000 0.00000 0.00000 0.00000 0.00000 0.00000 0.00000 0.00000 0.00000 0.00000 0.00000 0.00000 0.00000 0.00000 0.00000 0.00000 0.00000 0.00000 0.00000 0.00000 0.00000 0.00000 0.00000 0.00000 0.00000 0.00000 0.00000 0.00000 0.00000 0.00000 0.00000 0.00000 0.00000 0.00000 0.00000 0.00000 0.00000 0.00000 0.00000 0.00000 0.00000 0.00000 0.00000 0.00000 0.00000 0.00000 0.00000 0.00000 0.00000 0.00000 0.00000 0.00000 0.00000 0.00000 0.00000 0.00000 0.00000 0.00000 0.00000 0.00000 0.00000 0.00000 0.00000 0.01780 0.05317 0.08780 0.12237 0.15773 0.19194 0.22446 0.25789 0.29298 0.32595 0.33927 0.33835 0.33864 0.33641 0.33302 0.33242 0.33227 0.32952 0.32654 0.32640 0.32562 0.32266 0.31981 0.31956 0.31881 0.31640 0.31334 0.31204 0.31154 0.31007 0.30706 0.30473 0.30428 0.30241 0.30016 0.29855 0.29683 0.29418 0.29278 0.29174 0.28910 0.28621 0.28508 0.28378 0.28129 0.27908 0.27736 0.27541 0.27331 0.27232 0.25619 0.22690 0.19876 0.17180 0.14432 0.11642 0.09001 0.06404 0.03810 0.01252 0.00000 0.00000 0.00000 0.00000 0.00000 0.00000 0.00000 0.00000 0.00000 0.00000 0.00000 0.00000 0.00000 0.00000 0.00000 0.00000 0.00000 0.00000 0.00000 0.00000 0.00000 0.00000 0.00000 0.00000 0.00000 0.00000 0.00000 0.00000 0.00000 0.00000 0.00000 0.00000 0.00000 0.00000 0.00000 0.00000 0.00000 0.00000 0.00000 0.00000 0.00000 0.00000 0.00000 0.00000 0.00000 0.00000 0.00000 0.00000 0.00000 0.00000 0.00000 0.00000 0.00000 0.00000 0.00000 0.00000 0.00000 0.00000 0.00000 0.00000 0.00000 0.00000 0.00000 0.00000 0.00000 0.00000 0.00000 0.00000 0.00000 0.00000 0.00000 0.00000 0.00000 0.00000 0.00000 0.00000 0.00000 0.00000 0.00000 0.00000 0.00000 0.00000 0.00000 0.00000 0.00000 0.00000 0.00000 0.00000 0.00000 0.00000 0.00000 0.00000 0.00000 0.00000 0.00000 0.00000 0.00000 0.00000 0.00000 0.00000 0.00000 0.00000 0.00000 0.00000 0.00000 0.00000 0.00000 0.00000 0.00000 0.00000 0.00000 0.00000 0.00000 0.00000 0.00000
0.00000 0.00000 0.00000 0.00000 0.00000 0.00000 0.00000 0.00000 0.00000 0.00000 0.00000 0.00000 0.00000 0.00000 0.00000 0.00000 0.00000 0.00000 0.00000 0.00000 0.00000 0.00000 0.00000 0.00000 0.00000 0.00000 0.00000 0.00000 0.00000 0.00000 0.00000 0.00000 0.00000 0.00000 0.00000 0.00000 0.00000 0.00000 0.00000 0.00000 0.00000 0.00000 0.00000 0.00000 0.00000 0.00000 0.00000 0.00000 0.00000 0.00000 0.00000 0.00000 0.00000 0.00000 0.00000 0.00000 0.00000 0.00000 0.00000 0.00000 0.00000 0.00000 0.00000 0.00000 0.00000 0.00000 0.00000 0.00000 0.00000 0.00000 0.00000 0.00000 0.00000 0.00000 0.00000 0.00000 0.00000 0.00000 0.00000 0.00000 0.00000 0.00000 0.00000 0.00000 0.00000 0.00000 0.00000 0.00000 0.00000 0.00000 0.00000 0.00000 0.00000 0.00000 0.00000 0.00000 0.00000 0.00000 0.00000 0.00000 0.00000 0.00000 0.00000 0.00000 0.00000 0.00000 0.00000 0.00000 0.00000 0.00000 0.00000 0.00000 0.00000 0.00000 0.00000 0.00000 0.00000 0.00000 0.00000 0.00000 0.00000 0.00000 0.00000 0.00000 0.00000 0.00000 0.00000 0.00000 0.00000 0.00000 0.00000 0.00000 0.00000 0.00000 0.00000 0.00000 0.00000 0.00000 0.00000 0.00000 0.00000 0.00000 0.00000 0.00000 0.00000 0.02018 0.05988 0.09933 0.13960 0.17867 0.21595 0.25405 0.29413 0.33183 0.36659 0.38494 0.38527 0.38273 0.37885 0.37820 0.37805 0.37493 0.37156 0.37144 0.37050 0.36709 0.36403 0.36381 0.36271 0.35989 0.35675 0.35521 0.35442 0.35303 0.34976 0.34683 0.34604 0.34468 0.34205 0.33902 0.33765 0.33556 0.33376 0.33184 0.32887 0.32629 0.32511 0.32293 0.31993 0.31808 0.31643 0.31334 0.31085 0.31049 0.30772 0.28869 0.25629 0.22602 0.19420 0.16201 0.13209 0.10223 0.07223 0.04279 0.01422 0.00000 0.00000 0.00000 0.00000 0.00000 0.00000 0.00000 0.00000 0.00000 0.00000 0.00000 0.00000 0.00000 0.00000 0.00000 0.00000 0.00000 0.00000 0.00000 0.00000 0.00000 0.00000 0.00000 0.00000 0.00000 0.00000 0.00000 0.00000 0.00000 0.00000 0.00000 0.00000 0.00000 0.00000 0.00000 0.00000 0.00000 0.00000 0.00000 0.00000 0.00000 0.00000 0.00000 0.00000 0.00000 0.00000 0.00000 0.00000 0.00000 0.00000 0.00000 0.00000 0.00000 0.00000 0.00000 0.00000 0.00000 0.00000 0.00000 0.00000 0.00000 0.00000 0.00000 0.00000 0.00000 0.00000 0.00000 0.00000 0.00000 0.00000 0.00000 0.00000 0.00000 0.00000 0.00000 0.00000 0.00000 0.00000 0.00000 0.00000 0.00000 0.00000 0.00000 0.00000 0.00000 0.00000 0.00000 0.00000 0.00000 0.00000 0.00000 0.00000 0.00000 0.00000 0.00000 0.00000 0.00000 0.00000 0.00000 0.00000 0.00000 0.00000 0.00000 0.00000 0.00000 0.00000 0.00000 0.00000 0.00000 0.00000 0.00000 0.00000 0.00000 0.00000 0.00000
0.00000 0.00000 0.00000 0.00000 0.00000 0.00000 0.00000 0.00000 0.00000 0.00000 0.00000 0.00000 0.00000 0.00000 0.00000 0.00000 0.00000 0.00000 0.00000 0.00000 0.00000 0.00000 0.00000 0.00000 0.00000 0.00000 0.00000 0.00000 0.00000 0.00000 0.00000 0.00000 0.00000 0.00000 0.00000 0.00000 0.00000 0.00000 0.00000 0.00000 0.00000 0.00000 0.00000 0.00000 0.00000 0.00000 0.00000 0.00000 0.00000 0.00000 0.00000 0.00000 0.00000 0.00000 0.00000 0.00000 0.00000 0.00000 0.00000 0.00000 0.00000 0.00000 0.00000 0.00000 0.00000 0.00000 0.00000 0.00000 0.00000 0.00000 0.00000 0.00000 0.00000 0.00000 0.00000 0.00000 0.00000 0.00000 0.00000 0.00000 0.00000 0.00000 0.00000 0.00000 0.00000 0.00000 0.00000 0.00000 0.00000 0.00000 0.00000 0.00000 0.00000 0.00000 0.00000 0.00000 0.00000 0.00000 0.00000 0.00000 0.00000 0.00000 0.00000 0.00000 0.00000 0.00000 0.00000 0.00000 0.00000 0.00000 0.00000 0.00000 0.00000 0.00000 0.00000 0.00000 0.00000 0.00000 0.00000 0.00000 0.00000 0.00000 0.00000 0.00000 0.00000 0.00000 0.00000 0.00000 0.00000 0.00000 0.00000 0.00000 0.00000 0.00000 0.00000 0.00000 0.00000 0.00000 0.00000 0.00000 0.00000 0.00000 0.00000 0.00000 0.00000 0.02240 0.06692 0.11178 0.15575 0.19828 0.24123 0.28588 0.32849 0.36807 0.41030 0.43221 0.42961 0.42517 0.42430 0.42426 0.42091 0.41706 0.41684 0.41591 0.41202 0.40863 0.40867 0.40738 0.40354 0.40019 0.39921 0.39835 0.39621 0.39236 0.38958 0.38889 0.38726 0.38384 0.38044 0.37966 0.37708 0.37452 0.37264 0.37004 0.36656 0.36482 0.36328 0.36014 0.35678 0.35502 0.35291 0.35007 0.34838 0.34525 0.34214 0.32253 0.28765 0.25180 0.21554 0.18107 0.14764 0.11407 0.08029 0.04786 0.01588 0.00000 0.00000 0.00000 0.00000 0.00000 0.00000 0.00000 0.00000 0.00000 0.00000 0.00000 0.00000 0.00000 0.00000 0.00000 0.00000 0.00000 0.00000 0.00000 0.00000 0.00000 0.00000 0.00000 0.00000 0.00000 0.00000 0.00000 0.00000 0.00000 0.00000 0.00000 0.00000 0.00000 0.00000 0.00000 0.00000 0.00000 0.00000 0.00000 0.00000 0.00000 0.00000 0.00000 0.00000 0.00000 0.00000 0.00000 0.00000 0.00000 0.00000 0.00000 0.00000 0.00000 0.00000 0.00000 0.00000 0.00000 0.00000 0.00000 0.00000 0.00000 0.00000 0.00000 0.00000 0.00000 0.00000 0.00000 0.00000 0.00000 0.00000 0.00000 0.00000 0.00000 0.00000 0.00000 0.00000 0.00000 0.00000 0.00000 0.00000 0.00000 0.00000 0.00000 0.00000 0.00000 0.00000 0.00000 0.00000 0.00000 0.00000 0.00000 0.00000 0.00000 0.00000 0.00000 0.00000 0.00000 0.00000 0.00000 0.00000 0.00000 0.00000 0.00000 0.00000 0.00000 0.00000 0.00000 0.00000 0.00000 0.00000 0.00000 0.00000 0.00000 0.00000 0.00000
0.00000 0.00000 0.00000 0.00000 0.00000 0.00000 0.00000 0.00000 0.00000 0.00000 0.00000 0.00000 0.00000 0.00000 0.00000 0.00000 0.00000 0.00000 0.00000 0.00000 0.00000 0.00000 0.00000 0.00000 0.00000 0.00000 0.00000 0.00000 0.00000 0.00000 0.00000 0.00000 0.00000 0.00000 0.00000 0.00000 0.00000 0.00000 0.00000 0.00000 0.00000 0.00000 0.00000 0.00000 0.00000 0.00000 0.00000 0.00000 0.00000 0.00000 0.00000 0.00000 0.00000 0.00000 0.00000 0.00000 0.00000 0.00000 0.00000 0.00000 0.00000 0.00000 0.00000 0.00000 0.00000 0.00000 0.00000 0.00000 0.00000 0.00000 0.00000 0.00000 0.00000 0.00000 0.00000 0.00000 0.00000 0.00000 0.00000 0.00000 0.00000 0.00000 0.00000 0.00000 0.00000 0.00000 0.00000 0.00000 0.00000 0.00000 0.00000 0.00000 0.00000 0.00000 0.00000 0.00000 0.00000 0.00000 0.00000 0.00000 0.00000 0.00000 0.00000 0.00000 0.00000 0.00000 0.00000 0.00000 0.00000 0.00000 0.00000 0.00000 0.00000 0.00000 0.00000 0.00000 0.00000 0.00000 0.00000 0.00000 0.00000 0.00000 0.00000 0.00000 0.00000 0.00000 0.00000 0.00000 0.00000 0.00000 0.00000 0.00000 0.00000 0.00000 0.00000 0.00123 0.00366 0.00607 0.00851 0.01092 0.01322 0.01554 0.01799 0.02032 0.02247 0.04591 0.09096 0.13521 0.17799 0.22119 0.26607 0.30879 0.34881 0.39138 0.43499 0.45391 0.44925 0.44837 0.44833 0.44488 0.44070 0.44042 0.43958 0.43548 0.43188 0.43209 0.43051 0.42633 0.42320 0.42216 0.42083 0.41866 0.41519 0.41194 0.41066 0.40966 0.40636 0.40202 0.40086 0.39941 0.39663 0.39296 0.39083 0.38844 0.38645 0.38381 0.38039 0.37791 0.37618 0.37277 0.36972 0.36904 0.36595 0.36161 0.35874 0.34059 0.30214 0.26288 0.22636 0.19118 0.15498 0.11885 0.08466 0.05048 0.01662 0.00000 0.00000 0.00000 0.00000 0.00000 0.00000 0.00000 0.00000 0.00000 0.00000 0.00000 0.00000 0.00000 0.00000 0.00000 0.00000 0.00000 0.00000 0.00000 0.00000 0.00000 0.00000 0.00000 0.00000 0.00000 0.00000 0.00000 0.00000 0.00000 0.00000 0.00000 0.00000 0.00000 0.00000 0.00000 0.00000 0.00000 0.00000 0.00000 0.00000 0.00000 0.00000 0.00000 0.00000 0.00000 0.00000 0.00000 0.00000 0.00000 0.00000 0.00000 0.00000 0.00000 0.00000 0.00000 0.00000 0.00000 0.00000 0.00000 0.00000 0.00000 0.00000 0.00000 0.00000 0.00000 0.00000 0.00000 0.00000 0.00000 0.00000 0.00000 0.00000 0.00000 0.00000 0.00000 0.00000 0.00000 0.00000 0.00000 0.00000 0.00000 0.00000 0.00000 0.00000 0.00000 0.00000 0.00000 0.00000 0.00000 0.00000 0.00000 0.00000 0.00000 0.00000 0.00000 0.00000 0.00000 0.00000 0.00000 0.00000 0.00000 0.00000 0.00000 0.00000 0.00000 0.00000 0.00000 0.00000 0.00000 0.00000 0.00000 0.00000 0.00000 0.00000 0.00000
0.00000 0.00000 0.00000 0.00000 0.00000 0.00000 0.00000 0.00000 0.00000 0.00000 0.00000 0.00000 0.00000 0.00000 0.00000 0.00000 0.00000 0.00000 0.00000 0.00000 0.00000 0.00000 0.00000 0.00000 0.00000 0.00000 0.00000 0.00000 0.00000 0.00000 0.00000 0.00000 0.00000 0.00000 0.00000 0.00000 0.00000 0.00000 0.00000 0.00000 0.00000 0.00000 0.00000 0.00000 0.00000 0.00000 0.00000 0.00000 0.00000 0.00000 0.00000 0.00000 0.00000 0.00000 0.00000 0.00000 0.00000 0.00000 0.00000 0.00000 0.00000 0.00000 0.00000 0.00000 0.00000 0.00000 0.00000 0.00000 0.00000 0.00000 0.00000 0.00000 0.00000 0.00000 0.00000 0.00000 0.00000 0.00000 0.00000 0.00000 0.00000 0.00000 0.00000 0.00000 0.00000 0.00000 0.00000 0.00000 0.00000 0.00000 0.00000 0.00000 0.00000 0.00000 0.00000 0.00000 0.00000 0.00000 0.00000 0.00000 0.00000 0.00000 0.00000 0.00000 0.00000 0.00000 0.00000 0.00000 0.00000 0.00000 0.00000 0.00000 0.00000 0.00000 0.00000 0.00000 0.00000 0.00000 0.00000 0.00000 0.00000 0.00000 0.00000 0.00000 0.00000 0.00000 0.00000 0.00000 0.00000 0.00000 0.00000 0.00000 0.00000 0.00000 0.00000 0.00367 0.01096 0.01829 0.02553 0.03257 0.03965 0.04691 0.05389 0.06055 0.06742 0.09125 0.13081 0.16933 0.20826 0.24833 0.28649 0.32259 0.36099 0.39994 0.43623 0.45102 0.45027 0.45009 0.44667 0.44254 0.44230 0.44137 0.43724 0.43380 0.43418 0.43239 0.42789 0.42488 0.42467 0.42315 0.41959 0.41663 0.41414 0.41306 0.41174 0.40786 0.40401 0.40324 0.40152 0.39809 0.39448 0.39344 0.39055 0.38782 0.38583 0.38317 0.37961 0.37743 0.37550 0.37263 0.37027 0.36709 0.36438 0.36172 0.36005 0.33885 0.30024 0.26262 0.22684 0.19098 0.15405 0.11890 0.08450 0.05036 0.01655 0.00000 0.00000 0.00000 0.00000 0.00000 0.00000 0.00000 0.00000 0.00000 0.00000 0.00000 0.00000 0.00000 0.00000 0.00000 0.00000 0.00000 0.00000 0.00000 0.00000 0.00000 0.00000 0.00000 0.00000 0.00000 0.00000 0.00000 0.00000 0.00000 0.00000 0.00000 0.00000 0.00000 0.00000 0.00000 0.00000 0.00000 0.00000 0.00000 0.00000 0.00000 0.00000 0.00000 0.00000 0.00000 0.00000 0.00000 0.00000 0.00000 0.00000 0.00000 0.00000 0.00000 0.00000 0.00000 0.00000 0.00000 0.00000 0.00000 0.00000 0.00000 0.00000 0.00000 0.00000 0.00000 0.00000 0.00000 0.00000 0.00000 0.00000 0.00000 0.00000 0.00000 0.00000 0.00000 0.00000 0.00000 0.00000 0.00000 0.00000 0.00000 0.00000 0.00000 0.00000 0.00000 0.00000 0.00000 0.00000 0.00000 0.00000 0.00000 0.00000 0.00000 0.00000 0.00000 0.00000 0.00000 0.00000 0.00000 0.00000 0.00000 0.00000 0.00000 0.00000 0.00000 0.00000 0.00000 0.00000 0.00000 0.00000 0.00000 0.00000 0.00000 0.00000 0.00000
0.00000 0.00000 0.00000 0.00000 0.00000 0.00000 0.00000 0.00000 0.00000 0.00000 0.00000 0.00000 0.00000 0.00000 0.00000 0.00000 0.00000 0.00000 0.00000 0.00000 0.00000 0.00000 0.00000 0.00000 0.00000 0.00000 0.00000 0.00000 0.00000 0.00000 0.00000 0.00000 0.00000 0.00000 0.00000 0.00000 0.00000 0.00000 0.00000 0.00000 0.00000 0.00000 0.00000 0.00000 0.00000 0.00000 0.00000 0.00000 0.00000 0.00000 0.00000 0.00000 0.00000 0.00000 0.00000 0.00000 0.00000 0.00000 0.00000 0.00000 0.00000 0.00000 0.00000 0.00000 0.00000 0.00000 0.00000 0.00000 0.00000 0.00000 0.00000 0.00000 0.00000 0.00000 0.00000 0.00000 0.00000 0.00000 0.00000 0.00000 0.00000 0.00000 0.00000 0.00000 0.00000 0.00000 0.00000 0.00000 0.00000 0.00000 0.00000 0.00000 0.00000 0.00000 0.00000 0.00000 0.00000 0.00000 0.00000 0.00000 0.00000 0.00000 0.00000 0.00000 0.00000 0.00000 0.00000 0.00000 0.00000 0.00000 0.00000 0.00000 0.00000 0.00000 0.00000 0.00000 0.00000 0.00000 0.00000 0.00000 0.00000 0.00000 0.00000 0.00000 0.00000 0.00000 0.00000 0.00000 0.00000 0.00000 0.00000 0.00000 0.00000 0.00000 0.00000 0.00610 0.01838 0.03055 0.04231 0.05415 0.06644 0.07823 0.08931 0.10077 0.11302 0.13607 0.16991 0.20451 0.23989 0.27307 0.30534 0.33984 0.37378 0.40540 0.43581 0.45225 0.45177 0.44843 0.44428 0.44388 0.44316 0.43917 0.43544 0.43594 0.43419 0.42967 0.42665 0.42669 0.42466 0.42071 0.41890 0.41610 0.41433 0.41359 0.41029 0.40601 0.40431 0.40359 0.40062 0.39586 0.39453 0.39316 0.39039 0.38662 0.38436 0.38229 0.38000 0.37666 0.37379 0.37282 0.36965 0.36567 0.36293 0.36255 0.35919 0.33680 0.29890 0.26363 0.22661 0.18895 0.15406 0.11918 0.08419 0.04987 0.01658 0.00000 0.00000 0.00000 0.00000 0.00000 0.00000 0.00000 0.00000 0.00000 0.00000 0.00000 0.00000 0.00000 0.00000 0.00000 0.00000 0.00000 0.00000 0.00000 0.00000 0.00000 0.00000 0.00000 0.00000 0.00000 0.00000 0.00000 0.00000 0.00000 0.00000 0.00000 0.00000 0.00000 0.00000 0.00000 0.00000 0.00000 0.00000 0.00000 0.00000 0.00000 0.00000 0.00000 0.00000 0.00000 0.00000 0.00000 0.00000 0.00000 0.00000 0.00000 0.00000 0.00000 0.00000 0.00000 0.00000 0.00000 0.00000 0.00000 0.00000 0.00000 0.00000 0.00000 0.00000 0.00000 0.00000 0.00000 0.00000 0.00000 0.00000 0.00000 0.00000 0.00000 0.00000 0.00000 0.00000 0.00000 0.00000 0.00000 0.00000 0.00000 0.00000 0.00000 0.00000 0.00000 0.00000 0.00000 0.00000 0.00000 0.00000 0.00000 0.00000 0.00000 0.00000 0.00000 0.00000 0.00000 0.00000 0.00000 0.00000 0.00000 0.00000 0.00000 0.00000 0.00000 0.00000 0.00000 0.00000 0.00000 0.00000 0.00000 0.00000 0.00000 0.00000 0.00000
0.00000 0.00000 0.00000 0.00000 0.00000 0.00000 0.00000 0.00000 0.00000 0.00000 0.00000 0.00000 0.00000 0.00000 0.00000 0.00000 0.00000 0.00000 0.00000 0.00000 0.00000 0.00000 0.00000 0.00000 0.00000 0.00000 0.00000 0.00000 0.00000 0.00000 0.00000 0.00000 0.00000 0.00000 0.00000 0.00000 0.00000 0.00000 0.00000 0.00000 0.00000 0.00000 0.00000 0.00000 0.00000 0.00000 0.00000 0.00000 0.00000 0.00000 0.00000 0.00000 0.00000 0.00000 0.00000 0.00000 0.00000 0.00000 0.00000 0.00000 0.00000 0.00000 0.00000 0.00000 0.00000 0.00000 0.00000 0.00000 0.00000 0.00000 0.00000 0.00000 0.00000 0.00000 0.00000 0.00000 0.00000 0.00000 0.00000 0.00000 0.00000 0.00000 0.00000 0.00000 0.00000 0.00000 0.00000 0.00000 0.00000 0.00000 0.00000 0.00000 0.00000 0.00000 0.00000 0.00000 0.00000 0.00000 0.00000 0.00000 0.00000 0.00000 0.00000 0.00000 0.00000 0.00000 0.00000 0.00000 0.00000 0.00000 0.00000 0.00000 0.00000 0.00000 0.00000 0.00000 0.00000 0.00000 0.00000 0.00000 0.00000 0.00000 0.00000 0.00000 0.00000 0.00000 0.00000 0.00000 0.00000 0.00000 0.00000 0.00000 0.00000 0.00000 0.00000 0.00860 0.02571 0.04246 0.05924 0.07633 0.09280 0.10876 0.12518 0.14203 0.15755 0.17993 0.21045 0.24075 0.26898 0.29719 0.32758 0.35673 0.38351 0.41015 0.43970 0.45356 0.44986 0.44603 0.44601 0.44491 0.44073 0.43734 0.43808 0.43583 0.43130 0.42850 0.42904 0.42671 0.42185 0.42034 0.41864 0.41684 0.41527 0.41164 0.40803 0.40679 0.40575 0.40193 0.39779 0.39712 0.39529 0.39159 0.38813 0.38719 0.38443 0.38107 0.37885 0.37680 0.37421 0.37057 0.36839 0.36606 0.36397 0.36006 0.35732 0.33687 0.29983 0.26270 0.22528 0.18885 0.15366 0.11904 0.08391 0.04987 0.01651 0.00000 0.00000 0.00000 0.00000 0.00000 0.00000 0.00000 0.00000 0.00000 0.00000 0.00000 0.00000 0.00000 0.00000 0.00000 0.00000 0.00000 0.00000 0.00000 0.00000 0.00000 0.00000 0.00000 0.00000 0.00000 0.00000 0.00000 0.00000 0.00000 0.00000 0.00000 0.00000 0.00000 0.00000 0.00000 0.00000 0.00000 0.00000 0.00000 0.00000 0.00000 0.00000 0.00000 0.00000 0.00000 0.00000 0.00000 0.00000 0.00000 0.00000 0.00000 0.00000 0.00000 0.00000 0.00000 0.00000 0.00000 0.00000 0.00000 0.00000 0.00000 0.00000 0.00000 0.00000 0.00000 0.00000 0.00000 0.00000 0.00000 0.00000 0.00000 0.00000 0.00000 0.00000 0.00000 0.00000 0.00000 0.00000 0.00000 0.00000 0.00000 0.00000 0.00000 0.00000 0.00000 0.00000 0.00000 0.00000 0.00000 0.00000 0.00000 0.00000 0.00000 0.00000 0.00000 0.00000 0.00000 0.00000 0.00000 0.00000 0.00000 0.00000 0.00000 0.00000 0.00000 0.00000 0.00000 0.00000 0.00000 0.00000 0.00000 0.00000 0.00000 0.00000 0.00000
0.00000 0.00000 0.00000 0.00000 0.00000 0.00000 0.00000 0.00000 0.00000 0.00000 0.00000 0.00000 0.00000 0.00000 0.00000 0.00000 0.00000 0.00000 0.00000 0.00000 0.00000 0.00000 0.00000 0.00000 0.00000 0.00000 0.00000 0.00000 0.00000 0.00000 0.00000 0.00000 0.00000 0.00000 0.00000 0.00000 0.00000 0.00000 0.00000 0.00000 0.00000 0.00000 0.00000 0.00000 0.00000 0.00000 0.00000 0.00000 0.00000 0.00000 0.00000 0.00000 0.00000 0.00000 0.00000 0.00000 0.00000 0.00000 0.00000 0.00000 0.00000 0.00000 0.00000 0.00000 0.00000 0.00000 0.00000 0.00000 0.00000 0.00000 0.00000 0.00000 0.00000 0.00000 0.00000 0.00000 0.00000 0.00000 0.00000 0.00000 0.00000 0.00000 0.00000 0.00000 0.00000 0.00000 0.00000 0.00000 0.00000 0.00000 0.00000 0.00000 0.00000 0.00000 0.00000 0.00000 0.00000 0.00000 0.00000 0.00000 0.00000 0.00000 0.00000 0.00000 0.00000 0.00000 0.00000 0.00000 0.00000 0.00000 0.00000 0.00000 0.00000 0.00000 0.00000 0.00000 0.00000 0.00000 0.00000 0.00000 0.00000 0.00000 0.00000 0.00000 0.00000 0.00000 0.00000 0.00000 0.00000 0.00000 0.00000 0.00000 0.00000 0.00000 0.00000 0.01106 0.03282 0.05454 0.07663 0.09804 0.11865 0.13988 0.16173 0.18197 0.20179 0.22550 0.25101 0.27436 0.29833 0.32458 0.34865 0.37038 0.39359 0.41915 0.44259 0.45099 0.44790 0.44792 0.44662 0.44264 0.43902 0.43968 0.43775 0.43331 0.43006 0.43088 0.42830 0.42367 0.42261 0.42098 0.41804 0.41564 0.41423 0.41057 0.40786 0.40742 0.40457 0.39994 0.39801 0.39729 0.39432 0.38961 0.38819 0.38694 0.38377 0.37982 0.37790 0.37687 0.37320 0.36950 0.36723 0.36662 0.36261 0.35852 0.35599 0.33772 0.29921 0.26066 0.22468 0.18938 0.15351 0.11785 0.08388 0.04995 0.01645 0.00000 0.00000 0.00000 0.00000 0.00000 0.00000 0.00000 0.00000 0.00000 0.00000 0.00000 0.00000 0.00000 0.00000 0.00000 0.00000 0.00000 0.00000 0.00000 0.00000 0.00000 0.00000 0.00000 0.00000 0.00000 0.00000 0.00000 0.00000 0.00000 0.00000 0.00000 0.00000 0.00000 0.00000 0.00000 0.00000 0.00000 0.00000 0.00000 0.00000 0.00000 0.00000 0.00000 0.00000 0.00000 0.00000 0.00000 0.00000 0.00000 0.00000 0.00000 0.00000 0.00000 0.00000 0.00000 0.00000 0.00000 0.00000 0.00000 0.00000 0.00000 0.00000 0.00000 0.00000 0.00000 0.00000 0.00000 0.00000 0.00000 0.00000 0.00000 0.00000 0.00000 0.00000 0.00000 0.00000 0.00000 0.00000 0.00000 0.00000 0.00000 0.00000 0.00000 0.00000 0.00000 0.00000 0.00000 0.00000 0.00000 0.00000 0.00000 0.00000 0.00000 0.00000 0.00000 0.00000 0.00000 0.00000 0.00000 0.00000 0.00000 0.00000 0.00000 0.00000 0.00000 0.00000 0.00000 0.00000 0.00000 0.00000 0.00000 0.00000 0.00000 0.00000 0.00000
0.00000 0.00000 0.00000 0.00000 0.00000 0.00000 0.00000 0.00000 0.00000 0.00000 0.00000 0.00000 0.00000 0.00000 0.00000 0.00000 0.00000 0.00000 0.00000 0.00000 0.00000 0.00000 0.00000 0.00000 0.00000 0.00000 0.00000 0.00000 0.00000 0.00000 0.00000 0.00000 0.00000 0.00000 0.00000 0.00000 0.00000 0.00000 0.00000 0.00000 0.00000 0.00000 0.00000 0.00000 0.00000 0.00000 0.00000 0.00000 0.00000 0.00000 0.00000 0.00000 0.00000 0.00000 0.00000 0.00000 0.00000 0.00000 0.00000 0.00000 0.00000 0.00000 0.00000 0.00000 0.00000 0.00000 0.00000 0.00000 0.00000 0.00000 0.00000 0.00000 0.00000 0.00000 0.00000 0.00000 0.00000 0.00000 0.00000 0.00000 0.00000 0.00000 0.00000 0.00000 0.00000 0.00000 0.00000 0.00000 0.00000 0.00000 0.00000 0.00000 0.00000 0.00000 0.00000 0.00000 0.00000 0.00000 0.00000 0.00000 0.00000 0.00000 0.00000 0.00000 0.00000 0.00000 0.00000 0.00000 0.00000 0.00000 0.00000 0.00000 0.00000 0.00000 0.00000 0.00000 0.00000 0.00000 0.00000 0.00000 0.00000 0.00000 0.00000 0.00000 0.00000 0.00000 0.00000 0.00000 0.00000 0.00000 0.00000 0.00000 0.00000 0.00000 0.00000 0.01342 0.04015 0.06706 0.09341 0.11910 0.14532 0.17184 0.19663 0.22142 0.24793 0.27088 0.28911 0.30865 0.33054 0.35001 0.36704 0.38578 0.40714 0.42612 0.44196 0.44955 0.45021 0.44845 0.44386 0.44083 0.44201 0.43935 0.43481 0.43219 0.43309 0.42971 0.42536 0.42438 0.42339 0.42034 0.41636 0.41558 0.41270 0.41041 0.40950 0.40578 0.40179 0.40061 0.39946 0.39540 0.39147 0.39100 0.38904 0.38472 0.38158 0.38092 0.37856 0.37405 0.37181 0.37040 0.36799 0.36337 0.36125 0.35930 0.35668 0.33511 0.29803 0.26060 0.22431 0.18932 0.15306 0.11771 0.08341 0.04987 0.01644 0.00000 0.00000 0.00000 0.00000 0.00000 0.00000 0.00000 0.00000 0.00000 0.00000 0.00000 0.00000 0.00000 0.00000 0.00000 0.00000 0.00000 0.00000 0.00000 0.00000 0.00000 0.00000 0.00000 0.00000 0.00000 0.00000 0.00000 0.00000 0.00000 0.00000 0.00000 0.00000 0.00000 0.00000 0.00000 0.00000 0.00000 0.00000 0.00000 0.00000 0.00000 0.00000 0.00000 0.00000 0.00000 0.00000 0.00000 0.00000 0.00000 0.00000 0.00000 0.00000 0.00000 0.00000 0.00000 0.00000 0.00000 0.00000 0.00000 0.00000 0.00000 0.00000 0.00000 0.00000 0.00000 0.00000 0.00000 0.00000 0.00000 0.00000 0.00000 0.00000 0.00000 0.00000 0.00000 0.00000 0.00000 0.00000 0.00000 0.00000 0.00000 0.00000 0.00000 0.00000 0.00000 0.00000 0.00000 0.00000 0.00000 0.00000 0.00000 0.00000 0.00000 0.00000 0.00000 0.00000 0.00000 0.00000 0.00000 0.00000 0.00000 0.00000 0.00000 0.00000 0.00000 0.00000 0.00000 0.00000 0.00000 0.00000 0.00000 0.00000 0.00000 0.00000 0.00000
0.00000 0.00000 0.00000 0.00000 0.00000 0.00000 0.00000 0.00000 0.00000 0.00000 0.00000 0.00000 0.00000 0.00000 0.00000 0.00000 0.00000 0.00000 0.00000 0.00000 0.00000 0.00000 0.00000 0.00000 0.00000 0.00000 0.00000 0.00000 0.00000 0.00000 0.00000 0.00000 0.00000 0.00000 0.00000 0.00000 0.00000 0.00000 0.00000 0.00000 0.00000 0.00000 0.00000 0.00000 0.00000 0.00000 0.00000 0.00000 0.00000 0.00000 0.00000 0.00000 0.00000 0.00000 0.00000 0.00000 0.00000 0.00000 0.00000 0.00000 0.00000 0.00000 0.00000 0.00000 0.00000 0.00000 0.00000 0.00000 0.00000 0.00000 0.00000 0.00000 0.00000 0.00000 0.00000 0.00000 0.00000 0.00000 0.00000 0.00000 0.00000 0.00000 0.00000 0.00000 0.00000 0.00000 0.00000 0.00000 0.00000 0.00000 0.00000 0.00000 0.00000 0.00000 0.00000 0.00000 0.00000 0.00000 0.00000 0.00000 0.00000 0.00000 0.00000 0.00000 0.00000 0.00000 0.00000 0.00000 0.00000 0.00000 0.00000 0.00000 0.00000 0.00000 0.00000 0.00000 0.00000 0.00000 0.00000 0.00000 0.00000 0.00000 0.00000 0.00000 0.00000 0.00000 0.00000 0.00000 0.00000 0.00000 0.00000 0.00000 0.00000 0.00000 0.00000 0.01585 0.04771 0.07921 0.10983 0.14078 0.17237 0.20241 0.23171 0.26269 0.29308 0.31376 0.32866 0.34585 0.36035 0.37285 0.38754 0.40433 0.41816 0.42965 0.44371 0.45214 0.44998 0.44541 0.44271 0.44359 0.44124 0.43686 0.43362 0.43470 0.43178 0.42739 0.42623 0.42536 0.42143 0.41769 0.41833 0.41561 0.41144 0.41009 0.40850 0.40452 0.40149 0.40085 0.39824 0.39377 0.39176 0.39082 0.38757 0.38331 0.38193 0.38065 0.37676 0.37299 0.37161 0.37054 0.36593 0.36238 0.36078 0.35954 0.35488 0.33387 0.29731 0.26119 0.22421 0.18744 0.15281 0.11788 0.08330 0.04946 0.01641 0.00000 0.00000 0.00000 0.00000 0.00000 0.00000 0.00000 0.00000 0.00000 0.00000 0.00000 0.00000 0.00000 0.00000 0.00000 0.00000 0.00000 0.00000 0.00000 0.00000 0.00000 0.00000 0.00000 0.00000 0.00000 0.00000 0.00000 0.00000 0.00000 0.00000 0.00000 0.00000 0.00000 0.00000 0.00000 0.00000 0.00000 0.00000 0.00000 0.00000 0.00000 0.00000 0.00000 0.00000 0.00000 0.00000 0.00000 0.00000 0.00000 0.00000 0.00000 0.00000 0.00000 0.00000 0.00000 0.00000 0.00000 0.00000 0.00000 0.00000 0.00000 0.00000 0.00000 0.00000 0.00000 0.00000 0.00000 0.00000 0.00000 0.00000 0.00000 0.00000 0.00000 0.00000 0.00000 0.00000 0.00000 0.00000 0.00000 0.00000 0.00000 0.00000 0.00000 0.00000 0.00000 0.00000 0.00000 0.00000 0.00000 0.00000 0.00000 0.00000 0.00000 0.00000 0.00000 0.00000 0.00000 0.00000 0.00000 0.00000 0.00000 0.00000 0.00000 0.00000 0.00000 0.00000 0.00000 0.00000 0.00000 0.00000 0.00000 0.00000 0.00000 0.00000 0.00000
0.00000 0.00000 0.00000 0.00000 0.00000 0.00000 0.00000 0.00000 0.00000 0.00000 0.00000 0.00000 0.00000 0.00000 0.00000 0.00000 0.00000 0.00000 0.00000 0.00000 0.00000 0.00000 0.00000 0.00000 0.00000 0.00000 0.00000 0.00000 0.00000 0.00000 0.00000 0.00000 0.00000 0.00000 0.00000 0.00000 0.00000 0.00000 0.00000 0.00000 0.00000 0.00000 0.00000 0.00000 0.00000 0.00000 0.00000 0.00000 0.00000 0.00000 0.00000 0.00000 0.00000 0.00000 0.00000 0.00000 0.00000 0.00000 0.00000 0.00000 0.00000 0.00000 0.00000 0.00000 0.00000 0.00000 0.00000 0.00000 0.00000 0.00000 0.00000 0.00000 0.00000 0.00000 0.00000 0.00000 0.00000 0.00000 0.00000 0.00000 0.00000 0.00000 0.00000 0.00000 0.00000 0.00000 0.00000 0.00000 0.00000 0.00000 0.00000 0.00000 0.00000 0.00000 0.00000 0.00000 0.00000 0.00000 0.00000 0.00000 0.00000 0.00000 0.00000 0.00000 0.00000 0.00000 0.00000 0.00000 0.00000 0.00000 0.00000 0.00000 0.00000 0.00000 0.00000 0.00000 0.00000 0.00000 0.00000 0.00000 0.00000 0.00000 0.00000 0.00000 0.00000 0.00000 0.00000 0.00000 0.00000 0.00000 0.00000 0.00000 0.00000 0.00000 0.00000 0.01839 0.05500 0.09091 0.12678 0.16304 0.19817 0.23263 0.26851 0.30352 0.33587 0.35787 0.37071 0.38049 0.38811 0.39812 0.41036 0.41976 0.42688 0.43626 0.44809 0.45184 0.44686 0.44443 0.44562 0.44301 0.43817 0.43563 0.43688 0.43315 0.42902 0.42847 0.42740 0.42305 0.41963 0.41983 0.41731 0.41388 0.41174 0.40971 0.40620 0.40410 0.40302 0.39928 0.39542 0.39449 0.39301 0.38846 0.38504 0.38488 0.38257 0.37765 0.37496 0.37463 0.37194 0.36690 0.36492 0.36385 0.36072 0.35600 0.35441 0.33473 0.29667 0.26020 0.22369 0.18728 0.15179 0.11778 0.08331 0.04930 0.01628 0.00000 0.00000 0.00000 0.00000 0.00000 0.00000 0.00000 0.00000 0.00000 0.00000 0.00000 0.00000 0.00000 0.00000 0.00000 0.00000 0.00000 0.00000 0.00000 0.00000 0.00000 0.00000 0.00000 0.00000 0.00000 0.00000 0.00000 0.00000 0.00000 0.00000 0.00000 0.00000 0.00000 0.00000 0.00000 0.00000 0.00000 0.00000 0.00000 0.00000 0.00000 0.00000 0.00000 0.00000 0.00000 0.00000 0.00000 0.00000 0.00000 0.00000 0.00000 0.00000 0.00000 0.00000 0.00000 0.00000 0.00000 0.00000 0.00000 0.00000 0.00000 0.00000 0.00000 0.00000 0.00000 0.00000 0.00000 0.00000 0.00000 0.00000 0.00000 0.00000 0.00000 0.00000 0.00000 0.00000 0.00000 0.00000 0.00000 0.00000 0.00000 0.00000 0.00000 0.00000 0.00000 0.00000 0.00000 0.00000 0.00000 0.00000 0.00000 0.00000 0.00000 0.00000 0.00000 0.00000 0.00000 0.00000 0.00000 0.00000 0.00000 0.00000 0.00000 0.00000 0.00000 0.00000 0.00000 0.00000 0.00000 0.00000 0.00000 0.00000 0.00000 0.00000 0.00000
0.00000 0.00000 0.00000 0.00000 0.00000 0.00000 0.00000 0.00000 0.00000 0.00000 0.00000 0.00000 0.00000 0.00000 0.00000 0.00000 0.00000 0.00000 0.00000 0.00000 0.00000 0.00000 0.00000 0.00000 0.00000 0.00000 0.00000 0.00000 0.00000 0.00000 0.00000 0.00000 0.00000 0.00000 0.00000 0.00000 0.00000 0.00000 0.00000 0.00000 0.00000 0.00000 0.00000 0.00000 0.00000 0.00000 0.00000 0.00000 0.00000 0.00000 0.00000 0.00000 0.00000 0.00000 0.00000 0.00000 0.00000 0.00000 0.00000 0.00000 0.00000 0.00000 0.00000 0.00000 0.00000 0.00000 0.00000 0.00000 0.00000 0.00000 0.00000 0.00000 0.00000 0.00000 0.00000 0.00000 0.00000 0.00000 0.00000 0.00000 0.00000 0.00000 0.00000 0.00000 0.00000 0.00000 0.00000 0.00000 0.00000 0.00000 0.00000 0.00000 0.00000 0.00000 0.00000 0.00000 0.00000 0.00000 0.00000 0.00000 0.00000 0.00000 0.00000 0.00000 0.00000 0.00000 0.00000 0.00000 0.00000 0.00000 0.00000 0.00000 0.00000 0.00000 0.00000 0.00000 0.00000 0.00000 0.00000 0.00000 0.00000 0.00000 0.00000 0.00000 0.00000 0.00000 0.00000 0.00000 0.00000 0.00000 0.00000 0.00000 0.00000 0.00000 0.00000 0.02086 0.06201 0.10283 0.14414 0.18473 0.22393 0.26394 0.30410 0.34231 0.38081 0.40479 0.40953 0.41278 0.41884 0.42597 0.42983 0.43286 0.43863 0.44548 0.44950 0.44840 0.44662 0.44719 0.44468 0.44000 0.43727 0.43839 0.43555 0.43107 0.42960 0.42915 0.42490 0.42144 0.42208 0.41970 0.41487 0.41217 0.41247 0.40935 0.40505 0.40363 0.40214 0.39824 0.39515 0.39426 0.39143 0.38733 0.38571 0.38430 0.38042 0.37663 0.37587 0.37416 0.36946 0.36608 0.36537 0.36351 0.35835 0.35530 0.35449 0.33463 0.29528 0.25842 0.22354 0.18738 0.15165 0.11685 0.08302 0.04934 0.01626 0.00000 0.00000 0.00000 0.00000 0.00000 0.00000 0.00000 0.00000 0.00000 0.00000 0.00000 0.00000 0.00000 0.00000 0.00000 0.00000 0.00000 0.00000 0.00000 0.00000 0.00000 0.00000 0.00000 0.00000 0.00000 0.00000 0.00000 0.00000 0.00000 0.00000 0.00000 0.00000 0.00000 0.00000 0.00000 0.00000 0.00000 0.00000 0.00000 0.00000 0.00000 0.00000 0.00000 0.00000 0.00000 0.00000 0.00000 0.00000 0.00000 0.00000 0.00000 0.00000 0.00000 0.00000 0.00000 0.00000 0.00000 0.00000 0.00000 0.00000 0.00000 0.00000 0.00000 0.00000 0.00000 0.00000 0.00000 0.00000 0.00000 0.00000 0.00000 0.00000 0.00000 0.00000 0.00000 0.00000 0.00000 0.00000 0.00000 0.00000 0.00000 0.00000 0.00000 0.00000 0.00000 0.00000 0.00000 0.00000 0.00000 0.00000 0.00000 0.00000 0.00000 0.00000 0.00000 0.00000 0.00000 0.00000 0.00000 0.00000 0.00000 0.00000 0.00000 0.00000 0.00000 0.00000 0.00000 0.00000 0.00000 0.00000 0.00000 0.00000 0.00000 0.00000 0.00000
0.00000 0.00000 0.00000 0.00000 0.00000 0.00000 0.00000 0.00000 0.00000 0.00000 0.00000 0.00000 0.00000 0.00000 0.00000 0.00000 0.00000 0.00000 0.00000 0.00000 0.00000 0.00000 0.00000 0.00000 0.00000 0.00000 0.00000 0.00000 0.00000 0.00000 0.00000 0.00000 0.00000 0.00000 0.00000 0.00000 0.00000 0.00000 0.00000 0.00000 0.00000 0.00000 0.00000 0.00000 0.00000 0.00000 0.00000 0.00000 0.00000 0.00000 0.00000 0.00000 0.00000 0.00000 0.00000 0.00000 0.00000 0.00000 0.00000 0.00000 0.00000 0.00000 0.00000 0.00000 0.00000 0.00000 0.00000 0.00000 0.00000 0.00000 0.00000 0.00000 0.00000 0.00000 0.00000 0.00000 0.00000 0.00000 0.00000 0.00000 0.00000 0.00000 0.00000 0.00000 0.00000 0.00000 0.00000 0.00000 0.00000 0.00000 0.00000 0.00000 0.00000 0.00000 0.00000 0.00000 0.00000 0.00000 0.00000 0.00000 0.00000 0.00000 0.00000 0.00000 0.00000 0.00000 0.00000 0.00000 0.00000 0.00000 0.00000 0.00000 0.00000 0.00000 0.00000 0.00000 0.00000 0.00000 0.00000 0.00000 0.00000 0.00000 0.00000 0.00000 0.00000 0.00000 0.00000 0.00000 0.00000 0.00000 0.00000 0.00000 0.00000 0.00000 0.00000 0.02320 0.06918 0.11530 0.16111 0.20578 0.25039 0.29498 0.33856 0.38242 0.42774 0.44857 0.44683 0.44865 0.45082 0.44969 0.44836 0.44971 0.45150 0.45090 0.44931 0.44848 0.44856 0.44649 0.44157 0.43918 0.44034 0.43710 0.43259 0.43169 0.43113 0.42638 0.42331 0.42379 0.42135 0.41694 0.41430 0.41379 0.41077 0.40760 0.40579 0.40325 0.39965 0.39783 0.39652 0.39233 0.38885 0.38853 0.38641 0.38136 0.37850 0.37869 0.37572 0.37068 0.36848 0.36801 0.36466 0.35988 0.35815 0.35678 0.35311 0.33187 0.29557 0.25867 0.22183 0.18702 0.15175 0.11646 0.08238 0.04931 0.01630 0.00000 0.00000 0.00000 0.00000 0.00000 0.00000 0.00000 0.00000 0.00000 0.00000 0.00000 0.00000 0.00000 0.00000 0.00000 0.00000 0.00000 0.00000 0.00000 0.00000 0.00000 0.00000 0.00000 0.00000 0.00000 0.00000 0.00000 0.00000 0.00000 0.00000 0.00000 0.00000 0.00000 0.00000 0.00000 0.00000 0.00000 0.00000 0.00000 0.00000 0.00000 0.00000 0.00000 0.00000 0.00000 0.00000 0.00000 0.00000 0.00000 0.00000 0.00000 0.00000 0.00000 0.00000 0.00000 0.00000 0.00000 0.00000 0.00000 0.00000 0.00000 0.00000 0.00000 0.00000 0.00000 0.00000 0.00000 0.00000 0.00000 0.00000 0.00000 0.00000 0.00000 0.00000 0.00000 0.00000 0.00000 0.00000 0.00000 0.00000 0.00000 0.00000 0.00000 0.00000 0.00000 0.00000 0.00000 0.00000 0.00000 0.00000 0.00000 0.00000 0.00000 0.00000 0.00000 0.00000 0.00000 0.00000 0.00000 0.00000 0.00000 0.00000 0.00000 0.00000 0.00000 0.00000 0.00000 0.00000 0.00000 0.00000 0.00000 0.00000 0.00000 0.00000 0.00000
0.00000 0.00000 0.00000 0.00000 0.00000 0.00000 0.00000 0.00000 0.00000 0.00000 0.00000 0.00000 0.00000 0.00000 0.00000 0.00000 0.00000 0.00000 0.00000 0.00000 0.00000 0.00000 0.00000 0.00000 0.00000 0.00000 0.00000 0.00000 0.00000 0.00000 0.00000 0.00000 0.00000 0.00000 0.00000 0.00000 0.00000 0.00000 0.00000 0.00000 0.00000 0.00000 0.00000 0.00000 0.00000 0.00000 0.00000 0.00000 0.00000 0.00000 0.00000 0.00000 0.00000 0.00000 0.00000 0.00000 0.00000 0.00000 0.00000 0.00000 0.00000 0.00000 0.00000 0.00000 0.00000 0.00000 0.00000 0.00000 0.00000 0.00000 0.00000 0.00000 0.00000 0.00000 0.00000 0.00000 0.00000 0.00000 0.00000 0.00000 0.00000 0.00000 0.00000 0.00000 0.00000 0.00000 0.00000 0.00000 0.00000 0.00000 0.00000 0.00000 0.00000 0.00000 0.00000 0.00000 0.00000 0.00000 0.00000 0.00000 0.00000 0.00000 0.00000 0.00000 0.00000 0.00000 0.00000 0.00000 0.00000 0.00000 0.00000 0.00000 0.00000 0.00000 0.00000 0.00130 0.00391 0.00647 0.00901 0.01158 0.01417 0.01666 0.01907 0.02157 0.02418 0.02535 0.02511 0.02505 0.02512 0.02503 0.02479 0.02471 0.02476 0.02469 0.02447 0.04747 0.09383 0.13990 0.18470 0.22903 0.27429 0.31906 0.36297 0.40717 0.44885 0.46868 0.46900 0.46760 0.46321 0.46023 0.46046 0.45923 0.45489 0.45183 0.45123 0.45050 0.44744 0.44314 0.44132 0.44190 0.43917 0.43451 0.43253 0.43277 0.42899 0.42515 0.42519 0.42346 0.41836 0.41556 0.41635 0.41358 0.40862 0.40625 0.40606 0.40283 0.39861 0.39709 0.39536 0.39156 0.38908 0.38788 0.38421 0.38047 0.37994 0.37784 0.37314 0.36978 0.36960 0.36734 0.36210 0.35913 0.35872 0.35621 0.35083 0.33168 0.29827 0.26285 0.22704 0.19325 0.16058 0.12734 0.09464 0.06289 0.03164 0.01605 0.01586 0.01579 0.01565 0.01545 0.01527 0.01524 0.01507 0.01485 0.01476 0.01464 0.01442 0.01425 0.01421 0.01402 0.01386 0.01373 0.01361 0.01340 0.01327 0.01320 0.01299 0.01278 0.01264 0.01258 0.01243 0.01217 0.01205 0.01198 0.01187 0.01102 0.00973 0.00855 0.00733 0.00606 0.00488 0.00378 0.00267 0.00157 0.00051 0.00000 0.00000 0.00000 0.00000 0.00000 0.00000 0.00000 0.00000 0.00000 0.00000 0.00000 0.00000 0.00000 0.00000 0.00000 0.00000 0.00000 0.00000 0.00000 0.00000 0.00000 0.00000 0.00000 0.00000 0.00000 0.00000 0.00000 0.00000 0.00000 0.00000 0.00000 0.00000 0.00000 0.00000 0.00000 0.00000 0.00000 0.00000 0.00000 0.00000 0.00000 0.00000 0.00000 0.00000 0.00000 0.00000 0.00000 0.00000 0.00000 0.00000 0.00000 0.00000 0.00000 0.00000 0.00000 0.00000 0.00000 0.00000 0.00000 0.00000 0.00000 0.00000 0.00000 0.00000 0.00000 0.00000 0.00000 0.00000 0.00000 0.00000 0.00000 0.00000 0.00000 0.00000 0.00000
0.00000 0.00000 0.00000 0.00000 0.00000 0.00000 0.00000 0.00000 0.00000 0.00000 0.00000 0.00000 0.00000 0.00000 0.00000 0.00000 0.00000 0.00000 0.00000 0.00000 0.00000 0.00000 0.00000 0.00000 0.00000 0.00000 0.00000 0.00000 0.00000 0.00000 0.00000 0.00000 0.00000 0.00000 0.00000 0.00000 0.00000 0.00000 0.00000 0.00000 0.00000 0.00000 0.00000 0.00000 0.00000 0.00000 0.00000 0.00000 0.00000 0.00000 0.00000 0.00000 0.00000 0.00000 0.00000 0.00000 0.00000 0.00000 0.00000 0.00000 0.00000 0.00000 0.00000 0.00000 0.00000 0.00000 0.00000 0.00000 0.00000 0.00000 0.00000 0.00000 0.00000 0.00000 0.00000 0.00000 0.00000 0.00000 0.00000 0.00000 0.00000 0.00000 0.00000 0.00000 0.00000 0.00000 0.00000 0.00000 0.00000 0.00000 0.00000 0.00000 0.00000 0.00000 0.00000 0.00000 0.00000 0.00000 0.00000 0.00000 0.00000 0.00000 0.00000 0.00000 0.00000 0.00000 0.00000 0.00000 0.00000 0.00000 0.00000 0.00000 0.00000 0.00000 0.00000 0.00392 0.01167 0.01936 0.02710 0.03485 0.04238 0.04975 0.05730 0.06507 0.07243 0.07557 0.07539 0.07559 0.07531 0.07462 0.07435 0.07450 0.07431 0.07369 0.07328 0.09406 0.13546 0.17581 0.21536 0.25572 0.29614 0.33600 0.37531 0.41211 0.45019 0.47080 0.46943 0.46485 0.46187 0.46229 0.46086 0.45633 0.45376 0.45335 0.45188 0.44840 0.44524 0.44344 0.44327 0.44085 0.43614 0.43442 0.43465 0.43055 0.42695 0.42711 0.42512 0.42018 0.41779 0.41782 0.41494 0.41101 0.40863 0.40725 0.40410 0.40124 0.39940 0.39635 0.39285 0.39177 0.39010 0.38514 0.38227 0.38259 0.37953 0.37455 0.37221 0.37195 0.36843 0.36381 0.36198 0.36079 0.35710 0.35292 0.35126 0.33429 0.30136 0.26995 0.23938 0.20807 0.17758 0.14878 0.11960 0.09018 0.06194 0.04813 0.04780 0.04699 0.04656 0.04633 0.04604 0.04539 0.04484 0.04448 0.04422 0.04372 0.04304 0.04278 0.04243 0.04186 0.04126 0.04123 0.04077 0.03998 0.03960 0.03938 0.03891 0.03815 0.03775 0.03749 0.03711 0.03660 0.03593 0.03560 0.03537 0.03322 0.02906 0.02534 0.02182 0.01825 0.01463 0.01119 0.00792 0.00471 0.00154 0.00000 0.00000 0.00000 0.00000 0.00000 0.00000 0.00000 0.00000 0.00000 0.00000 0.00000 0.00000 0.00000 0.00000 0.00000 0.00000 0.00000 0.00000 0.00000 0.00000 0.00000 0.00000 0.00000 0.00000 0.00000 0.00000 0.00000 0.00000 0.00000 0.00000 0.00000 0.00000 0.00000 0.00000 0.00000 0.00000 0.00000 0.00000 0.00000 0.00000 0.00000 0.00000 0.00000 0.00000 0.00000 0.00000 0.00000 0.00000 0.00000 0.00000 0.00000 0.00000 0.00000 0.00000 0.00000 0.00000 0.00000 0.00000 0.00000 0.00000 0.00000 0.00000 0.00000 0.00000 0.00000 0.00000 0.00000 0.00000 0.00000 0.00000 0.00000 0.00000 0.00000 0.00000 0.00000
0.00000 0.00000 0.00000 0.00000 0.00000 0.00000 0.00000 0.00000 0.00000 0.00000 0.00000 0.00000 0.00000 0.00000 0.00000 0.00000 0.00000 0.00000 0.00000 0.00000 0.00000 0.00000 0.00000 0.00000 0.00000 0.00000 0.00000 0.00000 0.00000 0.00000 0.00000 0.00000 0.00000 0.00000 0.00000 0.00000 0.00000 0.00000 0.00000 0.00000 0.00000 0.00000 0.00000 0.00000 0.00000 0.00000 0.00000 0.00000 0.00000 0.00000 0.00000 0.00000 0.00000 0.00000 0.00000 0.00000 0.00000 0.00000 0.00000 0.00000 0.00000 0.00000 0.00000 0.00000 0.00000 0.00000 0.00000 0.00000 0.00000 0.00000 0.00000 0.00000 0.00000 0.00000 0.00000 0.00000 0.00000 0.00000 0.00000 0.00000 0.00000 0.00000 0.00000 0.00000 0.00000 0.00000 0.00000 0.00000 0.00000 0.00000 0.00000 0.00000 0.00000 0.00000 0.00000 0.00000 0.00000 0.00000 0.00000 0.00000 0.00000 0.00000 0.00000 0.00000 0.00000 0.00000 0.00000 0.00000 0.00000 0.00000 0.00000 0.00000 0.00000 0.00000 0.00000 0.00649 0.01942 0.03238 0.04530 0.05789 0.07036 0.08308 0.09598 0.10824 0.11999 0.12611 0.12639 0.12581 0.12468 0.12440 0.12465 0.12414 0.12307 0.12259 0.12271 0.14078 0.17618 0.21120 0.24722 0.28310 0.31777 0.35134 0.38487 0.41939 0.45529 0.47085 0.46584 0.46369 0.46466 0.46263 0.45745 0.45518 0.45588 0.45398 0.44899 0.44658 0.44613 0.44508 0.44217 0.43782 0.43603 0.43625 0.43305 0.42880 0.42803 0.42711 0.42228 0.41927 0.41991 0.41741 0.41221 0.40960 0.40993 0.40706 0.40221 0.39986 0.39930 0.39598 0.39226 0.39094 0.38811 0.38449 0.38371 0.38165 0.37691 0.37359 0.37364 0.37108 0.36590 0.36297 0.36272 0.36008 0.35472 0.35201 0.35159 0.33566 0.30478 0.27706 0.25103 0.22328 0.19545 0.16929 0.14375 0.11783 0.09237 0.07987 0.07924 0.07828 0.07733 0.07707 0.07638 0.07530 0.07452 0.07410 0.07330 0.07234 0.07181 0.07102 0.07034 0.06957 0.06900 0.06798 0.06742 0.06694 0.06584 0.06488 0.06437 0.06387 0.06276 0.06187 0.06129 0.06082 0.06016 0.05896 0.05827 0.05499 0.04872 0.04198 0.03590 0.03023 0.02444 0.01855 0.01305 0.00778 0.00257 0.00000 0.00000 0.00000 0.00000 0.00000 0.00000 0.00000 0.00000 0.00000 0.00000 0.00000 0.00000 0.00000 0.00000 0.00000 0.00000 0.00000 0.00000 0.00000 0.00000 0.00000 0.00000 0.00000 0.00000 0.00000 0.00000 0.00000 0.00000 0.00000 0.00000 0.00000 0.00000 0.00000 0.00000 0.00000 0.00000 0.00000 0.00000 0.00000 0.00000 0.00000 0.00000 0.00000 0.00000 0.00000 0.00000 0.00000 0.00000 0.00000 0.00000 0.00000 0.00000 0.00000 0.00000 0.00000 0.00000 0.00000 0.00000 0.00000 0.00000 0.00000 0.00000 0.00000 0.00000 0.00000 0.00000 0.00000 0.00000 0.00000 0.00000 0.00000 0.00000 0.00000 0.00000 0.00000
0.00000 0.00000 0.00000 0.00000 0.00000 0.00000 0.00000 0.00000 0.00000 0.00000 0.00000 0.00000 0.00000 0.00000 0.00000 0.00000 0.00000 0.00000 0.00000 0.00000 0.00000 0.00000 0.00000 0.00000 0.00000 0.00000 0.00000 0.00000 0.00000 0.00000 0.00000 0.00000 0.00000 0.00000 0.00000 0.00000 0.00000 0.00000 0.00000 0.00000 0.00000 0.00000 0.00000 0.00000 0.00000 0.00000 0.00000 0.00000 0.00000 0.00000 0.00000 0.00000 0.00000 0.00000 0.00000 0.00000 0.00000 0.00000 0.00000 0.00000 0.00000 0.00000 0.00000 0.00000 0.00000 0.00000 0.00000 0.00000 0.00000 0.00000 0.00000 0.00000 0.00000 0.00000 0.00000 0.00000 0.00000 0.00000 0.00000 0.00000 0.00000 0.00000 0.00000 0.00000 0.00000 0.00000 0.00000 0.00000 0.00000 0.00000 0.00000 0.00000 0.00000 0.00000 0.00000 0.00000 0.00000 0.00000 0.00000 0.00000 0.00000 0.00000 0.00000 0.00000 0.00000 0.00000 0.00000 0.00000 0.00000 0.00000 0.00000 0.00000 0.00000 0.00000 0.00000 0.00909 0.02728 0.04540 0.06317 0.08089 0.09874 0.11673 0.13401 0.15078 0.16828 0.17747 0.17662 0.17510 0.17471 0.17503 0.17433 0.17291 0.17218 0.17226 0.17191 0.18664 0.21680 0.24786 0.27921 0.30945 0.33776 0.36701 0.39713 0.42834 0.45744 0.46763 0.46522 0.46616 0.46443 0.45933 0.45686 0.45758 0.45558 0.45054 0.44861 0.44833 0.44633 0.44300 0.43994 0.43817 0.43764 0.43478 0.43077 0.42965 0.42863 0.42415 0.42159 0.42149 0.41871 0.41446 0.41214 0.41122 0.40825 0.40477 0.40239 0.40040 0.39714 0.39495 0.39315 0.38904 0.38606 0.38622 0.38344 0.37841 0.37608 0.37581 0.37214 0.36773 0.36589 0.36471 0.36086 0.35674 0.35506 0.35324 0.34949 0.33462 0.31055 0.28581 0.26083 0.23754 0.21426 0.19007 0.16693 0.14533 0.12335 0.11107 0.10995 0.10955 0.10881 0.10707 0.10589 0.10531 0.10463 0.10324 0.10174 0.10113 0.10044 0.09905 0.09766 0.09757 0.09640 0.09470 0.09372 0.09335 0.09217 0.09037 0.08940 0.08903 0.08801 0.08618 0.08515 0.08459 0.08389 0.08287 0.08103 0.07617 0.06780 0.05910 0.04998 0.04176 0.03392 0.02610 0.01825 0.01076 0.00355 0.00000 0.00000 0.00000 0.00000 0.00000 0.00000 0.00000 0.00000 0.00000 0.00000 0.00000 0.00000 0.00000 0.00000 0.00000 0.00000 0.00000 0.00000 0.00000 0.00000 0.00000 0.00000 0.00000 0.00000 0.00000 0.00000 0.00000 0.00000 0.00000 0.00000 0.00000 0.00000 0.00000 0.00000 0.00000 0.00000 0.00000 0.00000 0.00000 0.00000 0.00000 0.00000 0.00000 0.00000 0.00000 0.00000 0.00000 0.00000 0.00000 0.00000 0.00000 0.00000 0.00000 0.00000 0.00000 0.00000 0.00000 0.00000 0.00000 0.00000 0.00000 0.00000 0.00000 0.00000 0.00000 0.00000 0.00000 0.00000 0.00000 0.00000 0.00000 0.00000 0.00000 0.00000 0.00000
0.00000 0.00000 0.00000 0.00000 0.00000 0.00000 0.00000 0.00000 0.00000 0.00000 0.00000 0.00000 0.00000 0.00000 0.00000 0.00000 0.00000 0.00000 0.00000 0.00000 0.00000 0.00000 0.00000 0.00000 0.00000 0.00000 0.00000 0.00000 0.00000 0.00000 0.00000 0.00000 0.00000 0.00000 0.00000 0.00000 0.00000 0.00000 0.00000 0.00000 0.00000 0.00000 0.00000 0.00000 0.00000 0.00000 0.00000 0.00000 0.00000 0.00000 0.00000 0.00000 0.00000 0.00000 0.00000 0.00000 0.00000 0.00000 0.00000 0.00000 0.00000 0.00000 0.00000 0.00000 0.00000 0.00000 0.00000 0.00000 0.00000 0.00000 0.00000 0.00000 0.00000 0.00000 0.00000 0.00000 0.00000 0.00000 0.00000 0.00000 0.00000 0.00000 0.00000 0.00000 0.00000 0.00000 0.00000 0.00000 0.00000 0.00000 0.00000 0.00000 0.00000 0.00000 0.00000 0.00000 0.00000 0.00000 0.00000 0.00000 0.00000 0.00000 0.00000 0.00000 0.00000 0.00000 0.00000 0.00000 0.00000 0.00000 0.00000 0.00000 0.00000 0.00000 0.00000 0.01173 0.03508 0.05812 0.08115 0.10428 0.12734 0.14960 0.17152 0.19435 0.21743 0.22757 0.22576 0.22552 0.22583 0.22464 0.22277 0.22228 0.22247 0.22158 0.21996 0.23225 0.25879 0.28497 0.31005 0.33392 0.35909 0.38475 0.41068 0.43472 0.45604 0.46727 0.46822 0.46590 0.46070 0.45867 0.45961 0.45740 0.45204 0.44996 0.45049 0.44845 0.44377 0.44140 0.44033 0.43926 0.43673 0.43265 0.43078 0.43045 0.42648 0.42317 0.42314 0.42104 0.41598 0.41339 0.41368 0.41090 0.40588 0.40329 0.40321 0.40021 0.39569 0.39346 0.39213 0.38867 0.38697 0.38543 0.38076 0.37754 0.37758 0.37484 0.36971 0.36683 0.36665 0.36380 0.35863 0.35588 0.35540 0.35264 0.34725 0.33516 0.31577 0.29423 0.27133 0.25103 0.23208 0.21153 0.19096 0.17202 0.15328 0.14272 0.14101 0.14036 0.13928 0.13738 0.13569 0.13500 0.13402 0.13219 0.13056 0.12948 0.12861 0.12717 0.12564 0.12400 0.12329 0.12217 0.12022 0.11849 0.11786 0.11669 0.11461 0.11316 0.11247 0.11114 0.10911 0.10805 0.10699 0.10570 0.10466 0.09752 0.08609 0.07539 0.06466 0.05338 0.04307 0.03325 0.02351 0.01383 0.00451 0.00000 0.00000 0.00000 0.00000 0.00000 0.00000 0.00000 0.00000 0.00000 0.00000 0.00000 0.00000 0.00000 0.00000 0.00000 0.00000 0.00000 0.00000 0.00000 0.00000 0.00000 0.00000 0.00000 0.00000 0.00000 0.00000 0.00000 0.00000 0.00000 0.00000 0.00000 0.00000 0.00000 0.00000 0.00000 0.00000 0.00000 0.00000 0.00000 0.00000 0.00000 0.00000 0.00000 0.00000 0.00000 0.00000 0.00000 0.00000 0.00000 0.00000 0.00000 0.00000 0.00000 0.00000 0.00000 0.00000 0.00000 0.00000 0.00000 0.00000 0.00000 0.00000 0.00000 0.00000 0.00000 0.00000 0.00000 0.00000 0.00000 0.00000 0.00000 0.00000 0.00000 0.00000 0.00000
0.00000 0.00000 0.00000 0.00000 0.00000 0.00000 0.00000 0.00000 0.00000 0.00000 0.00000 0.00000 0.00000 0.00000 0.00000 0.00000 0.00000 0.00000 0.00000 0.00000 0.00000 0.00000 0.00000 0.00000 0.00000 0.00000 0.00000 0.00000 0.00000 0.00000 0.00000 0.00000 0.00000 0.00000 0.00000 0.00000 0.00000 0.00000 0.00000 0.00000 0.00000 0.00000 0.00000 0.00000 0.00000 0.00000 0.00000 0.00000 0.00000 0.00000 0.00000 0.00000 0.00000 0.00000 0.00000 0.00000 0.00000 0.00000 0.00000 0.00000 0.00000 0.00000 0.00000 0.00000 0.00000 0.00000 0.00000 0.00000 0.00000 0.00000 0.00000 0.00000 0.00000 0.00000 0.00000 0.00000 0.00000 0.00000 0.00000 0.00000 0.00000 0.00000 0.00000 0.00000 0.00000 0.00000 0.00000 0.00000 0.00000 0.00000 0.00000 0.00000 0.00000 0.00000 0.00000 0.00000 0.00000 0.00000 0.00000 0.00000 0.00000 0.00000 0.00000 0.00000 0.00000 0.00000 0.00000 0.00000 0.00000 0.00000 0.00000 0.00000 0.00000 0.00000 0.00000 0.01432 0.04271 0.07112 0.09946 0.12758 0.15501 0.18228 0.21030 0.23846 0.26489 0.27674 0.27650 0.27686 0.27541 0.27317 0.27250 0.27267 0.27170 0.26987 0.26839 0.27897 0.30056 0.32097 0.33988 0.36009 0.38157 0.40259 0.42130 0.43882 0.45829 0.46972 0.46785 0.46264 0.46020 0.46113 0.45921 0.45389 0.45166 0.45232 0.45001 0.44494 0.44356 0.44260 0.44035 0.43828 0.43517 0.43243 0.43142 0.42869 0.42584 0.42433 0.42208 0.41833 0.41610 0.41495 0.41196 0.40838 0.40600 0.40436 0.40128 0.39839 0.39601 0.39311 0.38987 0.38942 0.38733 0.38220 0.37999 0.37964 0.37594 0.37161 0.36981 0.36858 0.36448 0.36059 0.35903 0.35729 0.35331 0.34940 0.34776 0.33779 0.31878 0.30056 0.28366 0.26591 0.24819 0.23231 0.21605 0.19847 0.18207 0.17432 0.17313 0.17040 0.16850 0.16779 0.16662 0.16414 0.16203 0.16115 0.16009 0.15775 0.15568 0.15498 0.15351 0.15103 0.14936 0.14883 0.14685 0.14427 0.14259 0.14219 0.14044 0.13758 0.13595 0.13539 0.13395 0.13121 0.12950 0.12827 0.12737 0.11959 0.10447 0.09108 0.07853 0.06564 0.05231 0.04015 0.02843 0.01690 0.00555 0.00000 0.00000 0.00000 0.00000 0.00000 0.00000 0.00000 0.00000 0.00000 0.00000 0.00000 0.00000 0.00000 0.00000 0.00000 0.00000 0.00000 0.00000 0.00000 0.00000 0.00000 0.00000 0.00000 0.00000 0.00000 0.00000 0.00000 0.00000 0.00000 0.00000 0.00000 0.00000 0.00000 0.00000 0.00000 0.00000 0.00000 0.00000 0.00000 0.00000 0.00000 0.00000 0.00000 0.00000 0.00000 0.00000 0.00000 0.00000 0.00000 0.00000 0.00000 0.00000 0.00000 0.00000 0.00000 0.00000 0.00000 0.00000 0.00000 0.00000 0.00000 0.00000 0.00000 0.00000 0.00000 0.00000 0.00000 0.00000 0.00000 0.00000 0.00000 0.00000 0.00000 0.00000 0.00000
0.00000 0.00000 0.00000 0.00000 0.00000 0.00000 0.00000 0.00000 0.00000 0.00000 0.00000 0.00000 0.00000 0.00000 0.00000 0.00000 0.00000 0.00000 0.00000 0.00000 0.00000 0.00000 0.00000 0.00000 0.00000 0.00000 0.00000 0.00000 0.00000 0.00000 0.00000 0.00000 0.00000 0.00000 0.00000 0.00000 0.00000 0.00000 0.00000 0.00000 0.00000 0.00000 0.00000 0.00000 0.00000 0.00000 0.00000 0.00000 0.00000 0.00000 0.00000 0.00000 0.00000 0.00000 0.00000 0.00000 0.00000 0.00000 0.00000 0.00000 0.00000 0.00000 0.00000 0.00000 0.00000 0.00000 0.00000 0.00000 0.00000 0.00000 0.00000 0.00000 0.00000 0.00000 0.00000 0.00000 0.00000 0.00000 0.00000 0.00000 0.00000 0.00000 0.00000 0.00000 0.00000 0.00000 0.00000 0.00000 0.00000 0.00000 0.00000 0.00000 0.00000 0.00000 0.00000 0.00000 0.00000 0.00000 0.00000 0.00000 0.00000 0.00000 0.00000 0.00000 0.00000 0.00000 0.00000 0.00000 0.00000 0.00000 0.00000 0.00000 0.00000 0.00000 0.00000 0.01686 0.05062 0.08426 0.11756 0.15015 0.18279 0.21629 0.24938 0.28062 0.31166 0.32813 0.32820 0.32615 0.32364 0.32340 0.32361 0.32181 0.31947 0.31851 0.31830 0.32574 0.34090 0.35573 0.37153 0.38766 0.40344 0.41714 0.43094 0.44623 0.46332 0.46897 0.46405 0.46244 0.46307 0.46057 0.45547 0.45360 0.45412 0.45184 0.44670 0.44485 0.44435 0.44245 0.43987 0.43689 0.43421 0.43314 0.43076 0.42751 0.42573 0.42425 0.42005 0.41744 0.41715 0.41445 0.40965 0.40714 0.40698 0.40406 0.39936 0.39675 0.39612 0.39280 0.38996 0.38873 0.38470 0.38157 0.38135 0.37865 0.37350 0.37069 0.37053 0.36748 0.36250 0.35980 0.35926 0.35637 0.35126 0.34849 0.34784 0.33909 0.32186 0.30758 0.29537 0.28092 0.26531 0.25194 0.23973 0.22576 0.21178 0.20514 0.20374 0.20107 0.19855 0.19746 0.19619 0.19364 0.19085 0.18945 0.18848 0.18639 0.18331 0.18147 0.18078 0.17892 0.17591 0.17356 0.17302 0.17103 0.16808 0.16589 0.16524 0.16303 0.16003 0.15879 0.15740 0.15494 0.15219 0.15110 0.14920 0.13992 0.12409 0.10730 0.09156 0.07682 0.06224 0.04728 0.03321 0.01972 0.00653 0.00000 0.00000 0.00000 0.00000 0.00000 0.00000 0.00000 0.00000 0.00000 0.00000 0.00000 0.00000 0.00000 0.00000 0.00000 0.00000 0.00000 0.00000 0.00000 0.00000 0.00000 0.00000 0.00000 0.00000 0.00000 0.00000 0.00000 0.00000 0.00000 0.00000 0.00000 0.00000 0.00000 0.00000 0.00000 0.00000 0.00000 0.00000 0.00000 0.00000 0.00000 0.00000 0.00000 0.00000 0.00000 0.00000 0.00000 0.00000 0.00000 0.00000 0.00000 0.00000 0.00000 0.00000 0.00000 0.00000 0.00000 0.00000 0.00000 0.00000 0.00000 0.00000 0.00000 0.00000 0.00000 0.00000 0.00000 0.00000 0.00000 0.00000 0.00000 0.00000 0.00000 0.00000 0.00000
0.00000 0.00000 0.00000 0.00000 0.00000 0.00000 0.00000 0.00000 0.00000 0.00000 0.00000 0.00000 0.00000 0.00000 0.00000 0.00000 0.00000 0.00000 0.00000 0.00000 0.00000 0.00000 0.00000 0.00000 0.00000 0.00000 0.00000 0.00000 0.00000 0.00000 0.00000 0.00000 0.00000 0.00000 0.00000 0.00000 0.00000 0.00000 0.00000 0.00000 0.00000 0.00000 0.00000 0.00000 0.00000 0.00000 0.00000 0.00000 0.00000 0.00000 0.00000 0.00000 0.00000 0.00000 0.00000 0.00000 0.00000 0.00000 0.00000 0.00000 0.00000 0.00000 0.00000 0.00000 0.00000 0.00000 0.00000 0.00000 0.00000 0.00000 0.00000 0.00000 0.00000 0.00000 0.00000 0.00000 0.00000 0.00000 0.00000 0.00000 0.00000 0.00000 0.00000 0.00000 0.00000 0.00000 0.00000 0.00000 0.00000 0.00000 0.00000 0.00000 0.00000 0.00000 0.00000 0.00000 0.00000 0.00000 0.00000 0.00000 0.00000 0.00000 0.00000 0.00000 0.00000 0.00000 0.00000 0.00000 0.00000 0.00000 0.00000 0.00000 0.00000 0.00000 0.00000 0.01952 0.05853 0.09709 0.13501 0.17313 0.21189 0.25006 0.28633 0.32266 0.36084 0.37982 0.37744 0.37456 0.37425 0.37447 0.37256 0.36992 0.36858 0.36826 0.36732 0.37150 0.38099 0.39185 0.40376 0.41454 0.42266 0.43226 0.44371 0.45544 0.46422 0.46586 0.46402 0.46455 0.46258 0.45743 0.45521 0.45574 0.45366 0.44833 0.44654 0.44650 0.44393 0.44101 0.43929 0.43610 0.43404 0.43303 0.43036 0.42663 0.42492 0.42273 0.42035 0.41808 0.41528 0.41226 0.41002 0.40806 0.40498 0.40206 0.39966 0.39713 0.39376 0.39260 0.39075 0.38596 0.38374 0.38340 0.37987 0.37540 0.37361 0.37239 0.36818 0.36442 0.36303 0.36127 0.35688 0.35316 0.35172 0.34977 0.34581 0.33757 0.32743 0.31670 0.30493 0.29410 0.28389 0.27268 0.26165 0.25261 0.24291 0.23529 0.23272 0.23182 0.23016 0.22660 0.22388 0.22279 0.22127 0.21793 0.21524 0.21369 0.21217 0.20909 0.20652 0.20524 0.20302 0.19990 0.19733 0.19677 0.19431 0.19073 0.18824 0.18770 0.18559 0.18161 0.17959 0.17829 0.17635 0.17287 0.17058 0.16016 0.14239 0.12420 0.10498 0.08770 0.07128 0.05477 0.03819 0.02254 0.00744 0.00000 0.00000 0.00000 0.00000 0.00000 0.00000 0.00000 0.00000 0.00000 0.00000 0.00000 0.00000 0.00000 0.00000 0.00000 0.00000 0.00000 0.00000 0.00000 0.00000 0.00000 0.00000 0.00000 0.00000 0.00000 0.00000 0.00000 0.00000 0.00000 0.00000 0.00000 0.00000 0.00000 0.00000 0.00000 0.00000 0.00000 0.00000 0.00000 0.00000 0.00000 0.00000 0.00000 0.00000 0.00000 0.00000 0.00000 0.00000 0.00000 0.00000 0.00000 0.00000 0.00000 0.00000 0.00000 0.00000 0.00000 0.00000 0.00000 0.00000 0.00000 0.00000 0.00000 0.00000 0.00000 0.00000 0.00000 0.00000 0.00000 0.00000 0.00000 0.00000 0.00000 0.00000 0.00000
0.00000 0.00000 0.00000 0.00000 0.00000 0.00000 0.00000 0.00000 0.00000 0.00000 0.00000 0.00000 0.00000 0.00000 0.00000 0.00000 0.00000 0.00000 0.00000 0.00000 0.00000 0.00000 0.00000 0.00000 0.00000 0.00000 0.00000 0.00000 0.00000 0.00000 0.00000 0.00000 0.00000 0.00000 0.00000 0.00000 0.00000 0.00000 0.00000 0.00000 0.00000 0.00000 0.00000 0.00000 0.00000 0.00000 0.00000 0.00000 0.00000 0.00000 0.00000 0.00000 0.00000 0.00000 0.00000 0.00000 0.00000 0.00000 0.00000 0.00000 0.00000 0.00000 0.00000 0.00000 0.00000 0.00000 0.00000 0.00000 0.00000 0.00000 0.00000 0.00000 0.00000 0.00000 0.00000 0.00000 0.00000 0.00000 0.00000 0.00000 0.00000 0.00000 0.00000 0.00000 0.00000 0.00000 0.00000 0.00000 0.00000 0.00000 0.00000 0.00000 0.00000 0.00000 0.00000 0.00000 0.00000 0.00000 0.00000 0.00000 0.00000 0.00000 0.00000 0.00000 0.00000 0.00000 0.00000 0.00000 0.00000 0.00000 0.00000 0.00000 0.00000 0.00000 0.00000 0.02218 0.06615 0.10954 0.15308 0.19720 0.24048 0.28173 0.32368 0.36745 0.41002 0.42857 0.42591 0.42595 0.42579 0.42311 0.41999 0.41950 0.41940 0.41726 0.41480 0.41658 0.42296 0.42907 0.43442 0.43861 0.44382 0.45021 0.45673 0.45996 0.46386 0.46665 0.46648 0.46341 0.45893 0.45782 0.45755 0.45487 0.45014 0.44857 0.44789 0.44583 0.44306 0.44043 0.43773 0.43632 0.43492 0.43172 0.42840 0.42715 0.42437 0.42160 0.42006 0.41774 0.41363 0.41119 0.41048 0.40762 0.40320 0.40071 0.39993 0.39672 0.39335 0.39155 0.38867 0.38552 0.38482 0.38246 0.37732 0.37447 0.37433 0.37124 0.36631 0.36374 0.36309 0.35996 0.35528 0.35245 0.35156 0.34892 0.34383 0.33834 0.33240 0.32487 0.31466 0.30715 0.30178 0.29393 0.28498 0.27809 0.27209 0.26653 0.26304 0.26147 0.25981 0.25660 0.25286 0.25105 0.24979 0.24710 0.24271 0.24055 0.23963 0.23720 0.23287 0.23016 0.22967 0.22691 0.22297 0.22006 0.21965 0.21648 0.21267 0.21092 0.20931 0.20578 0.20213 0.20111 0.19874 0.19538 0.19205 0.18118 0.15978 0.13919 0.11979 0.09913 0.07970 0.06132 0.04348 0.02563 0.00834 0.00000 0.00000 0.00000 0.00000 0.00000 0.00000 0.00000 0.00000 0.00000 0.00000 0.00000 0.00000 0.00000 0.00000 0.00000 0.00000 0.00000 0.00000 0.00000 0.00000 0.00000 0.00000 0.00000 0.00000 0.00000 0.00000 0.00000 0.00000 0.00000 0.00000 0.00000 0.00000 0.00000 0.00000 0.00000 0.00000 0.00000 0.00000 0.00000 0.00000 0.00000 0.00000 0.00000 0.00000 0.00000 0.00000 0.00000 0.00000 0.00000 0.00000 0.00000 0.00000 0.00000 0.00000 0.00000 0.00000 0.00000 0.00000 0.00000 0.00000 0.00000 0.00000 0.00000 0.00000 0.00000 0.00000 0.00000 0.00000 0.00000 0.00000 0.00000 0.00000 0.00000 0.00000 0.00000
0.00000 0.00000 0.00000 0.00000 0.00000 0.00000 0.00000 0.00000 0.00000 0.00000 0.00000 0.00000 0.00000 0.00000 0.00000 0.00000 0.00000 0.00000 0.00000 0.00000 0.00000 0.00000 0.00000 0.00000 0.00000 0.00000 0.00000 0.00000 0.00000 0.00000 0.00000 0.00000 0.00000 0.00000 0.00000 0.00000 0.00000 0.00000 0.00000 0.00000 0.00000 0.00000 0.00000 0.00000 0.00000 0.00000 0.00000 0.00000 0.00000 0.00000 0.00000 0.00000 0.00000 0.00000 0.00000 0.00000 0.00000 0.00000 0.00000 0.00000 0.00000 0.00000 0.00000 0.00000 0.00000 0.00000 0.00000 0.00000 0.00000 0.00000 0.00000 0.00000 0.00000 0.00000 0.00000 0.00000 0.00000 0.00000 0.00000 0.00000 0.00000 0.00000 0.00000 0.00000 0.00000 0.00000 0.00000 0.00000 0.00000 0.00000 0.00000 0.00000 0.00000 0.00000 0.00000 0.00000 0.00000 0.00000 0.00000 0.00000 0.00000 0.00000 0.00000 0.00000 0.00000 0.00000 0.00000 0.00000 0.00000 0.00000 0.00000 0.00000 0.00000 0.00000 0.00000 0.02475 0.07363 0.12248 0.17197 0.22052 0.26704 0.31437 0.36348 0.41124 0.45637 0.47740 0.47743 0.47722 0.47448 0.47083 0.47014 0.47004 0.46805 0.46545 0.46279 0.46300 0.46478 0.46512 0.46373 0.46422 0.46673 0.46785 0.46545 0.46541 0.46766 0.46805 0.46482 0.46089 0.45953 0.45898 0.45690 0.45210 0.45016 0.44969 0.44777 0.44446 0.44186 0.43982 0.43768 0.43689 0.43430 0.42962 0.42798 0.42708 0.42447 0.42067 0.41845 0.41651 0.41415 0.41129 0.40841 0.40604 0.40373 0.40084 0.39758 0.39617 0.39412 0.38977 0.38708 0.38697 0.38393 0.37909 0.37714 0.37618 0.37205 0.36819 0.36695 0.36516 0.36047 0.35698 0.35580 0.35385 0.34938 0.34553 0.34408 0.34126 0.33583 0.32995 0.32660 0.32253 0.31751 0.31370 0.30952 0.30416 0.29944 0.29748 0.29521 0.29055 0.28737 0.28611 0.28399 0.27946 0.27632 0.27433 0.27243 0.26878 0.26520 0.26271 0.26079 0.25759 0.25361 0.25211 0.24964 0.24579 0.24199 0.24137 0.23877 0.23395 0.23112 0.22981 0.22689 0.22213 0.21987 0.21795 0.21542 0.20068 0.17714 0.15496 0.13274 0.11094 0.08865 0.06800 0.04808 0.02854 0.00936 0.00000 0.00000 0.00000 0.00000 0.00000 0.00000 0.00000 0.00000 0.00000 0.00000 0.00000 0.00000 0.00000 0.00000 0.00000 0.00000 0.00000 0.00000 0.00000 0.00000 0.00000 0.00000 0.00000 0.00000 0.00000 0.00000 0.00000 0.00000 0.00000 0.00000 0.00000 0.00000 0.00000 0.00000 0.00000 0.00000 0.00000 0.00000 0.00000 0.00000 0.00000 0.00000 0.00000 0.00000 0.00000 0.00000 0.00000 0.00000 0.00000 0.00000 0.00000 0.00000 0.00000 0.00000 0.00000 0.00000 0.00000 0.00000 0.00000 0.00000 0.00000 0.00000 0.00000 0.00000 0.00000 0.00000 0.00000 0.00000 0.00000 0.00000 0.00000 0.00000 0.00000 0.00000 0.00000
0.00000 0.00000 0.00000 0.00000 0.00000 0.00000 0.00000 0.00000 0.00000 0.00000 0.00000 0.00000 0.00000 0.00000 0.00000 0.00000 0.00000 0.00000 0.00000 0.00000 0.00000 0.00000 0.00000 0.00000 0.00000 0.00000 0.00000 0.00000 0.00000 0.00000 0.00000 0.00000 0.00000 0.00000 0.00000 0.00000 0.00000 0.00000 0.00000 0.00000 0.00000 0.00000 0.00000 0.00000 0.00000 0.00000 0.00000 0.00000 0.00000 0.00000 0.00000 0.00000 0.00000 0.00000 0.00000 0.00000 0.00000 0.00000 0.00000 0.00000 0.00000 0.00000 0.00000 0.00000 0.00000 0.00000 0.00000 0.00000 0.00000 0.00000 0.00000 0.00000 0.00000 0.00000 0.00000 0.00000 0.00000 0.00000 0.00000 0.00000 0.00000 0.00000 0.00000 0.00000 0.00000 0.00000 0.00000 0.00000 0.00000 0.00000 0.00000 0.00000 0.00000 0.00000 0.00000 0.00000 0.00000 0.00000 0.00000 0.00000 0.00000 0.00000 0.00000 0.00000 0.00000 0.00134 0.00400 0.00663 0.00925 0.01193 0.01451 0.01703 0.01965 0.02230 0.02478 0.05051 0.09964 0.14910 0.19781 0.24455 0.29239 0.34187 0.38929 0.43442 0.48040 0.50467 0.50344 0.50045 0.49707 0.49700 0.49684 0.49372 0.49077 0.48923 0.48853 0.48658 0.48405 0.48134 0.47988 0.47886 0.47694 0.47320 0.47094 0.47080 0.46965 0.46495 0.46231 0.46257 0.46092 0.45756 0.45378 0.45284 0.45108 0.44903 0.44693 0.44340 0.44113 0.43998 0.43887 0.43523 0.43141 0.43060 0.42865 0.42555 0.42271 0.42102 0.41788 0.41524 0.41358 0.41107 0.40730 0.40480 0.40340 0.40047 0.39723 0.39492 0.39249 0.38928 0.38813 0.38606 0.38117 0.37811 0.37800 0.37510 0.37009 0.36759 0.36687 0.36362 0.35926 0.35652 0.35531 0.35244 0.34813 0.34482 0.34352 0.34146 0.33645 0.33322 0.33190 0.32987 0.32493 0.32170 0.32098 0.31802 0.31369 0.31101 0.30934 0.30607 0.30160 0.29925 0.29762 0.29459 0.28934 0.28691 0.28583 0.28288 0.27782 0.27463 0.27371 0.27079 0.26612 0.26266 0.26226 0.25857 0.25412 0.25166 0.25034 0.24600 0.24185 0.24046 0.23797 0.23342 0.22947 0.22846 0.22549 0.21107 0.18806 0.16490 0.14206 0.12015 0.09952 0.07814 0.05756 0.03800 0.01916 0.00969 0.00941 0.00928 0.00924 0.00911 0.00883 0.00869 0.00867 0.00853 0.00825 0.00812 0.00809 0.00796 0.00768 0.00755 0.00750 0.00739 0.00717 0.00698 0.00692 0.00648 0.00565 0.00481 0.00413 0.00345 0.00274 0.00207 0.00146 0.00086 0.00028 0.00000 0.00000 0.00000 0.00000 0.00000 0.00000 0.00000 0.00000 0.00000 0.00000 0.00000 0.00000 0.00000 0.00000 0.00000 0.00000 0.00000 0.00000 0.00000 0.00000 0.00000 0.00000 0.00000 0.00000 0.00000 0.00000 0.00000 0.00000 0.00000 0.00000 0.00000 0.00000 0.00000 0.00000 0.00000 0.00000 0.00000 0.00000 0.00000 0.00000 0.00000 0.00000 0.00000 0.00000 0.00000
0.00000 0.00000 0.00000 0.00000 0.00000 0.00000 0.00000 0.00000 0.00000 0.00000 0.00000 0.00000 0.00000 0.00000 0.00000 0.00000 0.00000 0.00000 0.00000 0.00000 0.00000 0.00000 0.00000 0.00000 0.00000 0.00000 0.00000 0.00000 0.00000 0.00000 0.00000 0.00000 0.00000 0.00000 0.00000 0.00000 0.00000 0.00000 0.00000 0.00000 0.00000 0.00000 0.00000 0.00000 0.00000 0.00000 0.00000 0.00000 0.00000 0.00000 0.00000 0.00000 0.00000 0.00000 0.00000 0.00000 0.00000 0.00000 0.00000 0.00000 0.00000 0.00000 0.00000 0.00000 0.00000 0.00000 0.00000 0.00000 0.00000 0.00000 0.00000 0.00000 0.00000 0.00000 0.00000 0.00000 0.00000 0.00000 0.00000 0.00000 0.00000 0.00000 0.00000 0.00000 0.00000 0.00000 0.00000 0.00000 0.00000 0.00000 0.00000 0.00000 0.00000 0.00000 0.00000 0.00000 0.00000 0.00000 0.00000 0.00000 0.00000 0.00000 0.00000 0.00000 0.00000 0.00401 0.01196 0.01987 0.02789 0.03576 0.04335 0.05104 0.05915 0.06692 0.07403 0.09970 0.14430 0.18806 0.22980 0.27264 0.31715 0.35975 0.40023 0.44119 0.48451 0.50499 0.50219 0.49857 0.49832 0.49812 0.49551 0.49251 0.49052 0.48983 0.48846 0.48607 0.48262 0.48125 0.48092 0.47875 0.47445 0.47242 0.47293 0.47126 0.46613 0.46398 0.46432 0.46239 0.45931 0.45603 0.45433 0.45247 0.45124 0.44877 0.44470 0.44315 0.44186 0.44050 0.43703 0.43304 0.43179 0.43099 0.42822 0.42350 0.42187 0.42081 0.41811 0.41424 0.41184 0.41030 0.40779 0.40414 0.40128 0.40016 0.39780 0.39347 0.39044 0.39049 0.38791 0.38273 0.38032 0.37991 0.37612 0.37190 0.37064 0.36894 0.36424 0.36080 0.35988 0.35782 0.35279 0.34952 0.34815 0.34620 0.34212 0.33791 0.33620 0.33423 0.33102 0.32674 0.32456 0.32197 0.31894 0.31722 0.31392 0.30963 0.30675 0.30544 0.30275 0.29770 0.29482 0.29300 0.29067 0.28642 0.28300 0.28033 0.27839 0.27566 0.27083 0.26818 0.26655 0.26342 0.25855 0.25717 0.25512 0.25068 0.24688 0.24572 0.24273 0.23795 0.23525 0.23365 0.23024 0.22538 0.22340 0.21246 0.19056 0.16917 0.14855 0.12924 0.10985 0.09117 0.07249 0.05457 0.03730 0.02881 0.02846 0.02768 0.02724 0.02709 0.02672 0.02590 0.02548 0.02539 0.02498 0.02414 0.02378 0.02366 0.02328 0.02251 0.02206 0.02190 0.02159 0.02102 0.02036 0.01913 0.01695 0.01458 0.01216 0.01015 0.00827 0.00623 0.00431 0.00253 0.00084 0.00000 0.00000 0.00000 0.00000 0.00000 0.00000 0.00000 0.00000 0.00000 0.00000 0.00000 0.00000 0.00000 0.00000 0.00000 0.00000 0.00000 0.00000 0.00000 0.00000 0.00000 0.00000 0.00000 0.00000 0.00000 0.00000 0.00000 0.00000 0.00000 0.00000 0.00000 0.00000 0.00000 0.00000 0.00000 0.00000 0.00000 0.00000 0.00000 0.00000 0.00000 0.00000 0.00000 0.00000 0.00000
0.00000 0.00000 0.00000 0.00000 0.00000 0.00000 0.00000 0.00000 0.00000 0.00000 0.00000 0.00000 0.00000 0.00000 0.00000 0.00000 0.00000 0.00000 0.00000 0.00000 0.00000 0.00000 0.00000 0.00000 0.00000 0.00000 0.00000 0.00000 0.00000 0.00000 0.00000 0.00000 0.00000 0.00000 0.00000 0.00000 0.00000 0.00000 0.00000 0.00000 0.00000 0.00000 0.00000 0.00000 0.00000 0.00000 0.00000 0.00000 0.00000 0.00000 0.00000 0.00000 0.00000 0.00000 0.00000 0.00000 0.00000 0.00000 0.00000 0.00000 0.00000 0.00000 0.00000 0.00000 0.00000 0.00000 0.00000 0.00000 0.00000 0.00000 0.00000 0.00000 0.00000 0.00000 0.00000 0.00000 0.00000 0.00000 0.00000 0.00000 0.00000 0.00000 0.00000 0.00000 0.00000 0.00000 0.00000 0.00000 0.00000 0.00000 0.00000 0.00000 0.00000 0.00000 0.00000 0.00000 0.00000 0.00000 0.00000 0.00000 0.00000 0.00000 0.00000 0.00000 0.00000 0.00666 0.01992 0.03325 0.04644 0.05928 0.07226 0.08562 0.09851 0.11070 0.12354 0.14981 0.18838 0.22533 0.26327 0.30263 0.34009 0.37565 0.41222 0.45083 0.48714 0.50326 0.50068 0.50040 0.49898 0.49652 0.49352 0.49267 0.49216 0.48948 0.48705 0.48475 0.48369 0.48207 0.47953 0.47659 0.47496 0.47423 0.47212 0.46795 0.46580 0.46633 0.46423 0.45955 0.45751 0.45727 0.45438 0.45211 0.45084 0.44716 0.44444 0.44348 0.44256 0.43769 0.43469 0.43468 0.43265 0.42909 0.42554 0.42459 0.42214 0.41911 0.41659 0.41455 0.41153 0.40880 0.40663 0.40412 0.40136 0.39867 0.39600 0.39313 0.39166 0.38928 0.38495 0.38182 0.38154 0.37886 0.37387 0.37116 0.37055 0.36748 0.36319 0.36062 0.35902 0.35587 0.35248 0.34887 0.34715 0.34507 0.34116 0.33717 0.33514 0.33396 0.32961 0.32560 0.32359 0.32220 0.31859 0.31405 0.31264 0.31048 0.30623 0.30288 0.30111 0.29862 0.29353 0.29083 0.28952 0.28674 0.28153 0.27852 0.27765 0.27464 0.27043 0.26647 0.26538 0.26251 0.25814 0.25510 0.25410 0.25003 0.24583 0.24394 0.24203 0.23727 0.23348 0.23228 0.22966 0.22501 0.22166 0.21215 0.19287 0.17332 0.15600 0.13805 0.12014 0.10313 0.08750 0.07143 0.05527 0.04728 0.04710 0.04648 0.04508 0.04436 0.04422 0.04356 0.04214 0.04148 0.04133 0.04065 0.03921 0.03866 0.03838 0.03781 0.03674 0.03581 0.03545 0.03504 0.03418 0.03135 0.02770 0.02425 0.02044 0.01668 0.01345 0.01039 0.00716 0.00419 0.00137 0.00000 0.00000 0.00000 0.00000 0.00000 0.00000 0.00000 0.00000 0.00000 0.00000 0.00000 0.00000 0.00000 0.00000 0.00000 0.00000 0.00000 0.00000 0.00000 0.00000 0.00000 0.00000 0.00000 0.00000 0.00000 0.00000 0.00000 0.00000 0.00000 0.00000 0.00000 0.00000 0.00000 0.00000 0.00000 0.00000 0.00000 0.00000 0.00000 0.00000 0.00000 0.00000 0.00000 0.00000 0.00000
0.00000 0.00000 0.00000 0.00000 0.00000 0.00000 0.00000 0.00000 0.00000 0.00000 0.00000 0.00000 0.00000 0.00000 0.00000 0.00000 0.00000 0.00000 0.00000 0.00000 0.00000 0.00000 0.00000 0.00000 0.00000 0.00000 0.00000 0.00000 0.00000 0.00000 0.00000 0.00000 0.00000 0.00000 0.00000 0.00000 0.00000 0.00000 0.00000 0.00000 0.00000 0.00000 0.00000 0.00000 0.00000 0.00000 0.00000 0.00000 0.00000 0.00000 0.00000 0.00000 0.00000 0.00000 0.00000 0.00000 0.00000 0.00000 0.00000 0.00000 0.00000 0.00000 0.00000 0.00000 0.00000 0.00000 0.00000 0.00000 0.00000 0.00000 0.00000 0.00000 0.00000 0.00000 0.00000 0.00000 0.00000 0.00000 0.00000 0.00000 0.00000 0.00000 0.00000 0.00000 0.00000 0.00000 0.00000 0.00000 0.00000 0.00000 0.00000 0.00000 0.00000 0.00000 0.00000 0.00000 0.00000 0.00000 0.00000 0.00000 0.00000 0.00000 0.00000 0.00000 0.00000 0.00932 0.02800 0.04658 0.06473 0.08288 0.10164 0.12008 0.13719 0.15489 0.17352 0.19949 0.23137 0.26388 0.29794 0.33084 0.36182 0.39284 0.42637 0.45835 0.48876 0.50195 0.50161 0.50052 0.49837 0.49485 0.49393 0.49342 0.49131 0.48914 0.48603 0.48499 0.48400 0.48156 0.47788 0.47638 0.47624 0.47391 0.46936 0.46734 0.46806 0.46579 0.46104 0.45935 0.45874 0.45579 0.45427 0.45291 0.44847 0.44622 0.44575 0.44412 0.43895 0.43658 0.43617 0.43457 0.43149 0.42675 0.42563 0.42479 0.42185 0.41734 0.41539 0.41446 0.41170 0.40742 0.40494 0.40424 0.40156 0.39694 0.39415 0.39414 0.39156 0.38633 0.38353 0.38357 0.38032 0.37556 0.37372 0.37260 0.36824 0.36460 0.36389 0.36166 0.35641 0.35365 0.35228 0.35012 0.34538 0.34225 0.34017 0.33827 0.33527 0.33072 0.32824 0.32620 0.32360 0.32042 0.31677 0.31366 0.31132 0.30963 0.30609 0.30147 0.29899 0.29747 0.29448 0.28942 0.28690 0.28459 0.28224 0.27957 0.27472 0.27198 0.27030 0.26785 0.26245 0.25994 0.25885 0.25527 0.25048 0.24899 0.24673 0.24231 0.23872 0.23742 0.23403 0.22945 0.22721 0.22571 0.22182 0.21037 0.19462 0.17906 0.16214 0.14619 0.13100 0.11614 0.10123 0.08741 0.07381 0.06604 0.06486 0.06440 0.06363 0.06179 0.06071 0.06045 0.05953 0.05759 0.05680 0.05637 0.05546 0.05353 0.05283 0.05241 0.05154 0.05038 0.04880 0.04818 0.04776 0.04434 0.03817 0.03315 0.02862 0.02356 0.01855 0.01416 0.01008 0.00585 0.00188 0.00000 0.00000 0.00000 0.00000 0.00000 0.00000 0.00000 0.00000 0.00000 0.00000 0.00000 0.00000 0.00000 0.00000 0.00000 0.00000 0.00000 0.00000 0.00000 0.00000 0.00000 0.00000 0.00000 0.00000 0.00000 0.00000 0.00000 0.00000 0.00000 0.00000 0.00000 0.00000 0.00000 0.00000 0.00000 0.00000 0.00000 0.00000 0.00000 0.00000 0.00000 0.00000 0.00000 0.00000 0.00000
0.00000 0.00000 0.00000 0.00000 0.00000 0.00000 0.00000 0.00000 0.00000 0.00000 0.00000 0.00000 0.00000 0.00000 0.00000 0.00000 0.00000 0.00000 0.00000 0.00000 0.00000 0.00000 0.00000 0.00000 0.00000 0.00000 0.00000 0.00000 0.00000 0.00000 0.00000 0.00000 0.00000 0.00000 0.00000 0.00000 0.00000 0.00000 0.00000 0.00000 0.00000 0.00000 0.00000 0.00000 0.00000 0.00000 0.00000 0.00000 0.00000 0.00000 0.00000 0.00000 0.00000 0.00000 0.00000 0.00000 0.00000 0.00000 0.00000 0.00000 0.00000 0.00000 0.00000 0.00000 0.00000 0.00000 0.00000 0.00000 0.00000 0.00000 0.00000 0.00000 0.00000 0.00000 0.00000 0.00000 0.00000 0.00000 0.00000 0.00000 0.00000 0.00000 0.00000 0.00000 0.00000 0.00000 0.00000 0.00000 0.00000 0.00000 0.00000 0.00000 0.00000 0.00000 0.00000 0.00000 0.00000 0.00000 0.00000 0.00000 0.00000 0.00000 0.00000 0.00000 0.00000 0.01203 0.03601 0.05962 0.08316 0.10716 0.13081 0.15321 0.17641 0.20012 0.22328 0.24779 0.27512 0.30338 0.33159 0.35804 0.38386 0.41229 0.43918 0.46471 0.48984 0.50352 0.50155 0.49945 0.49704 0.49605 0.49453 0.49227 0.49026 0.48824 0.48732 0.48497 0.48254 0.48010 0.47885 0.47734 0.47469 0.47158 0.46986 0.46933 0.46687 0.46257 0.46084 0.46106 0.45788 0.45472 0.45455 0.45119 0.44784 0.44695 0.44609 0.44088 0.43817 0.43844 0.43639 0.43203 0.42866 0.42851 0.42619 0.42277 0.41966 0.41813 0.41562 0.41269 0.40997 0.40772 0.40538 0.40248 0.39943 0.39697 0.39537 0.39256 0.38859 0.38578 0.38506 0.38227 0.37762 0.37449 0.37415 0.37141 0.36701 0.36461 0.36265 0.35952 0.35683 0.35313 0.35081 0.34822 0.34572 0.34109 0.33883 0.33795 0.33432 0.32979 0.32684 0.32620 0.32305 0.31794 0.31531 0.31445 0.31115 0.30623 0.30424 0.30274 0.29839 0.29459 0.29276 0.29066 0.28529 0.28240 0.28166 0.27850 0.27455 0.27024 0.26905 0.26646 0.26251 0.25864 0.25719 0.25421 0.24990 0.24714 0.24581 0.24147 0.23742 0.23551 0.23366 0.22877 0.22525 0.22436 0.22138 0.21084 0.19660 0.18336 0.16866 0.15420 0.14176 0.12899 0.11537 0.10266 0.09156 0.08525 0.08288 0.08147 0.08115 0.08002 0.07751 0.07624 0.07597 0.07481 0.07219 0.07125 0.07059 0.06953 0.06753 0.06617 0.06545 0.06449 0.06329 0.06105 0.06017 0.05671 0.04958 0.04212 0.03590 0.03020 0.02398 0.01805 0.01264 0.00750 0.00241 0.00000 0.00000 0.00000 0.00000 0.00000 0.00000 0.00000 0.00000 0.00000 0.00000 0.00000 0.00000 0.00000 0.00000 0.00000 0.00000 0.00000 0.00000 0.00000 0.00000 0.00000 0.00000 0.00000 0.00000 0.00000 0.00000 0.00000 0.00000 0.00000 0.00000 0.00000 0.00000 0.00000 0.00000 0.00000 0.00000 0.00000 0.00000 0.00000 0.00000 0.00000 0.00000 0.00000 0.00000 0.00000
0.00000 0.00000 0.00000 0.00000 0.00000 0.00000 0.00000 0.00000 0.00000 0.00000 0.00000 0.00000 0.00000 0.00000 0.00000 0.00000 0.00000 0.00000 0.00000 0.00000 0.00000 0.00000 0.00000 0.00000 0.00000 0.00000 0.00000 0.00000 0.00000 0.00000 0.00000 0.00000 0.00000 0.00000 0.00000 0.00000 0.00000 0.00000 0.00000 0.00000 0.00000 0.00000 0.00000 0.00000 0.00000 0.00000 0.00000 0.00000 0.00000 0.00000 0.00000 0.00000 0.00000 0.00000 0.00000 0.00000 0.00000 0.00000 0.00000 0.00000 0.00000 0.00000 0.00000 0.00000 0.00000 0.00000 0.00000 0.00000 0.00000 0.00000 0.00000 0.00000 0.00000 0.00000 0.00000 0.00000 0.00000 0.00000 0.00000 0.00000 0.00000 0.00000 0.00000 0.00000 0.00000 0.00000 0.00000 0.00000 0.00000 0.00000 0.00000 0.00000 0.00000 0.00000 0.00000 0.00000 0.00000 0.00000 0.00000 0.00000 0.00000 0.00000 0.00000 0.00000 0.00000 0.01471 0.04382 0.07275 0.10212 0.13129 0.15891 0.18714 0.21605 0.24508 0.27250 0.29640 0.31912 0.34300 0.36485 0.38477 0.40760 0.43046 0.45145 0.47068 0.49314 0.50360 0.50144 0.49813 0.49723 0.49601 0.49414 0.49167 0.48951 0.48868 0.48681 0.48461 0.48141 0.48017 0.47927 0.47675 0.47293 0.47129 0.47124 0.46877 0.46412 0.46228 0.46257 0.45951 0.45641 0.45643 0.45246 0.44952 0.44934 0.44773 0.44226 0.44008 0.44021 0.43811 0.43386 0.43028 0.42968 0.42845 0.42541 0.42059 0.41906 0.41838 0.41550 0.41086 0.40857 0.40810 0.40532 0.40047 0.39791 0.39786 0.39515 0.38991 0.38714 0.38724 0.38436 0.37920 0.37638 0.37622 0.37246 0.36835 0.36766 0.36533 0.36033 0.35785 0.35640 0.35387 0.34861 0.34665 0.34415 0.34205 0.33929 0.33509 0.33216 0.33014 0.32798 0.32376 0.32033 0.31793 0.31580 0.31288 0.30906 0.30551 0.30333 0.30159 0.29804 0.29320 0.29092 0.28920 0.28606 0.28167 0.27866 0.27636 0.27396 0.27203 0.26645 0.26363 0.26249 0.25961 0.25438 0.25186 0.25064 0.24682 0.24224 0.24079 0.23811 0.23372 0.23044 0.22931 0.22545 0.22111 0.21980 0.21284 0.19901 0.18610 0.17532 0.16380 0.15142 0.14042 0.13022 0.11910 0.10817 0.10297 0.10197 0.09927 0.09735 0.09684 0.09552 0.09258 0.09107 0.09046 0.08911 0.08602 0.08510 0.08377 0.08272 0.08157 0.07878 0.07774 0.07677 0.07553 0.07254 0.06773 0.06037 0.05205 0.04328 0.03592 0.02933 0.02216 0.01524 0.00894 0.00296 0.00000 0.00000 0.00000 0.00000 0.00000 0.00000 0.00000 0.00000 0.00000 0.00000 0.00000 0.00000 0.00000 0.00000 0.00000 0.00000 0.00000 0.00000 0.00000 0.00000 0.00000 0.00000 0.00000 0.00000 0.00000 0.00000 0.00000 0.00000 0.00000 0.00000 0.00000 0.00000 0.00000 0.00000 0.00000 0.00000 0.00000 0.00000 0.00000 0.00000 0.00000 0.00000 0.00000 0.00000 0.00000
0.00000 0.00000 0.00000 0.00000 0.00000 0.00000 0.00000 0.00000 0.00000 0.00000 0.00000 0.00000 0.00000 0.00000 0.00000 0.00000 0.00000 0.00000 0.00000 0.00000 0.00000 0.00000 0.00000 0.00000 0.00000 0.00000 0.00000 0.00000 0.00000 0.00000 0.00000 0.00000 0.00000 0.00000 0.00000 0.00000 0.00000 0.00000 0.00000 0.00000 0.00000 0.00000 0.00000 0.00000 0.00000 0.00000 0.00000 0.00000 0.00000 0.00000 0.00000 0.00000 0.00000 0.00000 0.00000 0.00000 0.00000 0.00000 0.00000 0.00000 0.00000 0.00000 0.00000 0.00000 0.00000 0.00000 0.00000 0.00000 0.00000 0.00000 0.00000 0.00000 0.00000 0.00000 0.00000 0.00000 0.00000 0.00000 0.00000 0.00000 0.00000 0.00000 0.00000 0.00000 0.00000 0.00000 0.00000 0.00000 0.00000 0.00000 0.00000 0.00000 0.00000 0.00000 0.00000 0.00000 0.00000 0.00000 0.00000 0.00000 0.00000 0.00000 0.00000 0.00000 0.00000 0.01731 0.05173 0.08641 0.12090 0.15395 0.18779 0.22219 0.25602 0.28868 0.32078 0.34601 0.36451 0.38148 0.39623 0.41360 0.43163 0.44759 0.46194 0.47958 0.49616 0.50263 0.49995 0.49923 0.49701 0.49515 0.49305 0.49171 0.49080 0.48769 0.48564 0.48371 0.48255 0.48019 0.47769 0.47524 0.47377 0.47232 0.46969 0.46637 0.46464 0.46391 0.46108 0.45731 0.45753 0.45501 0.45137 0.45046 0.44957 0.44467 0.44171 0.44174 0.44002 0.43480 0.43207 0.43246 0.43002 0.42622 0.42277 0.42180 0.41958 0.41653 0.41339 0.41127 0.40920 0.40634 0.40299 0.40065 0.39911 0.39611 0.39221 0.38976 0.38868 0.38568 0.38136 0.37843 0.37777 0.37477 0.37070 0.36827 0.36625 0.36340 0.36109 0.35750 0.35445 0.35140 0.35013 0.34526 0.34256 0.34162 0.33861 0.33409 0.33064 0.33012 0.32705 0.32212 0.31878 0.31826 0.31536 0.31004 0.30723 0.30659 0.30314 0.29822 0.29603 0.29463 0.29018 0.28625 0.28451 0.28241 0.27777 0.27403 0.27326 0.27040 0.26682 0.26225 0.26061 0.25850 0.25423 0.25058 0.24908 0.24606 0.24150 0.23849 0.23744 0.23321 0.22897 0.22718 0.22534 0.22064 0.21746 0.21302 0.20184 0.19038 0.18121 0.17251 0.16191 0.15181 0.14387 0.13561 0.12561 0.12001 0.11940 0.11786 0.11441 0.11237 0.11197 0.11032 0.10672 0.10510 0.10426 0.10276 0.09956 0.09806 0.09687 0.09522 0.09430 0.09061 0.08914 0.08829 0.08679 0.07921 0.06959 0.06111 0.05166 0.04209 0.03377 0.02606 0.01804 0.01050 0.00342 0.00000 0.00000 0.00000 0.00000 0.00000 0.00000 0.00000 0.00000 0.00000 0.00000 0.00000 0.00000 0.00000 0.00000 0.00000 0.00000 0.00000 0.00000 0.00000 0.00000 0.00000 0.00000 0.00000 0.00000 0.00000 0.00000 0.00000 0.00000 0.00000 0.00000 0.00000 0.00000 0.00000 0.00000 0.00000 0.00000 0.00000 0.00000 0.00000 0.00000 0.00000 0.00000 0.00000 0.00000 0.00000
0.00000 0.00000 0.00000 0.00000 0.00000 0.00000 0.00000 0.00000 0.00000 0.00000 0.00000 0.00000 0.00000 0.00000 0.00000 0.00000 0.00000 0.00000 0.00000 0.00000 0.00000 0.00000 0.00000 0.00000 0.00000 0.00000 0.00000 0.00000 0.00000 0.00000 0.00000 0.00000 0.00000 0.00000 0.00000 0.00000 0.00000 0.00000 0.00000 0.00000 0.00000 0.00000 0.00000 0.00000 0.00000 0.00000 0.00000 0.00000 0.00000 0.00000 0.00000 0.00000 0.00000 0.00000 0.00000 0.00000 0.00000 0.00000 0.00000 0.00000 0.00000 0.00000 0.00000 0.00000 0.00000 0.00000 0.00000 0.00000 0.00000 0.00000 0.00000 0.00000 0.00000 0.00000 0.00000 0.00000 0.00000 0.00000 0.00000 0.00000 0.00000 0.00000 0.00000 0.00000 0.00000 0.00000 0.00000 0.00000 0.00000 0.00000 0.00000 0.00000 0.00000 0.00000 0.00000 0.00000 0.00000 0.00000 0.00000 0.00000 0.00000 0.00000 0.00000 0.00000 0.00000 0.01993 0.05997 0.09996 0.13854 0.17763 0.21736 0.25689 0.29499 0.33184 0.37010 0.39694 0.40867 0.41771 0.42959 0.44332 0.45453 0.46302 0.47523 0.48794 0.49842 0.50078 0.50025 0.49943 0.49712 0.49371 0.49292 0.49247 0.48954 0.48728 0.48501 0.48400 0.48204 0.47973 0.47657 0.47509 0.47426 0.47181 0.46779 0.46600 0.46578 0.46334 0.45886 0.45803 0.45623 0.45334 0.45290 0.45115 0.44596 0.44360 0.44389 0.44169 0.43635 0.43389 0.43379 0.43200 0.42868 0.42401 0.42279 0.42212 0.41929 0.41432 0.41218 0.41184 0.40912 0.40409 0.40157 0.40157 0.39880 0.39354 0.39088 0.39096 0.38818 0.38284 0.37994 0.37998 0.37674 0.37206 0.37014 0.36889 0.36458 0.36189 0.36050 0.35754 0.35241 0.35099 0.34818 0.34570 0.34287 0.33941 0.33618 0.33386 0.33222 0.32775 0.32412 0.32192 0.32006 0.31622 0.31248 0.30973 0.30763 0.30501 0.30133 0.29737 0.29507 0.29345 0.28980 0.28493 0.28268 0.28085 0.27763 0.27476 0.27060 0.26789 0.26592 0.26381 0.25867 0.25537 0.25438 0.25119 0.24643 0.24383 0.24211 0.23818 0.23398 0.23261 0.22931 0.22506 0.22341 0.22144 0.21711 0.21048 0.20450 0.19634 0.18702 0.17915 0.17290 0.16497 0.15651 0.15003 0.14411 0.13837 0.13548 0.13453 0.13295 0.12913 0.12657 0.12598 0.12410 0.12048 0.11869 0.11707 0.11537 0.11329 0.11029 0.10865 0.10701 0.10603 0.10162 0.09980 0.09930 0.09260 0.07934 0.06863 0.05942 0.04904 0.03845 0.02926 0.02084 0.01213 0.00390 0.00000 0.00000 0.00000 0.00000 0.00000 0.00000 0.00000 0.00000 0.00000 0.00000 0.00000 0.00000 0.00000 0.00000 0.00000 0.00000 0.00000 0.00000 0.00000 0.00000 0.00000 0.00000 0.00000 0.00000 0.00000 0.00000 0.00000 0.00000 0.00000 0.00000 0.00000 0.00000 0.00000 0.00000 0.00000 0.00000 0.00000 0.00000 0.00000 0.00000 0.00000 0.00000 0.00000 0.00000 0.00000
0.00000 0.00000 0.00000 0.00000 0.00000 0.00000 0.00000 0.00000 0.00000 0.00000 0.00000 0.00000 0.00000 0.00000 0.00000 0.00000 0.00000 0.00000 0.00000 0.00000 0.00000 0.00000 0.00000 0.00000 0.00000 0.00000 0.00000 0.00000 0.00000 0.00000 0.00000 0.00000 0.00000 0.00000 0.00000 0.00000 0.00000 0.00000 0.00000 0.00000 0.00000 0.00000 0.00000 0.00000 0.00000 0.00000 0.00000 0.00000 0.00000 0.00000 0.00000 0.00000 0.00000 0.00000 0.00000 0.00000 0.00000 0.00000 0.00000 0.00000 0.00000 0.00000 0.00000 0.00000 0.00000 0.00000 0.00000 0.00000 0.00000 0.00000 0.00000 0.00000 0.00000 0.00000 0.00000 0.00000 0.00000 0.00000 0.00000 0.00000 0.00000 0.00000 0.00000 0.00000 0.00000 0.00000 0.00000 0.00000 0.00000 0.00000 0.00000 0.00000 0.00000 0.00000 0.00000 0.00000 0.00000 0.00000 0.00000 0.00000 0.00000 0.00000 0.00000 0.00000 0.00000 0.02269 0.06810 0.11248 0.15707 0.20227 0.24683 0.28993 0.33289 0.37683 0.42132 0.44578 0.44996 0.45674 0.46512 0.47095 0.47456 0.48185 0.48941 0.49450 0.49845 0.50213 0.50088 0.49819 0.49564 0.49503 0.49354 0.49047 0.48816 0.48730 0.48643 0.48284 0.48067 0.47896 0.47753 0.47517 0.47275 0.47014 0.46842 0.46691 0.46454 0.46114 0.45957 0.45778 0.45516 0.45400 0.45271 0.44829 0.44531 0.44527 0.44360 0.43824 0.43564 0.43589 0.43372 0.42938 0.42608 0.42552 0.42342 0.42039 0.41676 0.41479 0.41294 0.41028 0.40661 0.40415 0.40282 0.39989 0.39587 0.39349 0.39240 0.38929 0.38508 0.38260 0.38149 0.37813 0.37438 0.37168 0.37000 0.36700 0.36480 0.36196 0.35815 0.35499 0.35431 0.34991 0.34631 0.34451 0.34274 0.33853 0.33448 0.33392 0.33102 0.32629 0.32263 0.32206 0.31924 0.31410 0.31079 0.31031 0.30733 0.30198 0.29932 0.29853 0.29489 0.29006 0.28799 0.28637 0.28182 0.27791 0.27643 0.27431 0.27038 0.26601 0.26472 0.26263 0.25859 0.25437 0.25242 0.25055 0.24580 0.24223 0.24087 0.23808 0.23295 0.22991 0.22908 0.22520 0.22078 0.22025 0.21705 0.21101 0.20523 0.20102 0.19379 0.18682 0.18218 0.17759 0.17056 0.16430 0.16043 0.15720 0.15293 0.15011 0.14934 0.14699 0.14276 0.13997 0.13942 0.13742 0.13377 0.13150 0.12928 0.12728 0.12635 0.12169 0.11946 0.11826 0.11679 0.11203 0.10983 0.10398 0.09109 0.07714 0.06553 0.05521 0.04394 0.03297 0.02304 0.01364 0.00440 0.00000 0.00000 0.00000 0.00000 0.00000 0.00000 0.00000 0.00000 0.00000 0.00000 0.00000 0.00000 0.00000 0.00000 0.00000 0.00000 0.00000 0.00000 0.00000 0.00000 0.00000 0.00000 0.00000 0.00000 0.00000 0.00000 0.00000 0.00000 0.00000 0.00000 0.00000 0.00000 0.00000 0.00000 0.00000 0.00000 0.00000 0.00000 0.00000 0.00000 0.00000 0.00000 0.00000 0.00000 0.00000
0.00000 0.00000 0.00000 0.00000 0.00000 0.00000 0.00000 0.00000 0.00000 0.00000 0.00000 0.00000 0.00000 0.00000 0.00000 0.00000 0.00000 0.00000 0.00000 0.00000 0.00000 0.00000 0.00000 0.00000 0.00000 0.00000 0.00000 0.00000 0.00000 0.00000 0.00000 0.00000 0.00000 0.00000 0.00000 0.00000 0.00000 0.00000 0.00000 0.00000 0.00000 0.00000 0.00000 0.00000 0.00000 0.00000 0.00000 0.00000 0.00000 0.00000 0.00000 0.00000 0.00000 0.00000 0.00000 0.00000 0.00000 0.00000 0.00000 0.00000 0.00000 0.00000 0.00000 0.00000 0.00000 0.00000 0.00000 0.00000 0.00000 0.00000 0.00000 0.00000 0.00000 0.00000 0.00000 0.00000 0.00000 0.00000 0.00000 0.00000 0.00000 0.00000 0.00000 0.00000 0.00000 0.00000 0.00000 0.00000 0.00000 0.00000 0.00000 0.00000 0.00000 0.00000 0.00000 0.00000 0.00000 0.00000 0.00000 0.00000 0.00000 0.00000 0.00000 0.00000 0.00000 0.02543 0.07566 0.12568 0.17608 0.22638 0.27520 0.32312 0.37242 0.42268 0.47061 0.49232 0.49391 0.49763 0.49824 0.49616 0.49798 0.50126 0.50153 0.49955 0.50178 0.50303 0.50023 0.49650 0.49614 0.49570 0.49241 0.48899 0.48857 0.48815 0.48468 0.48237 0.48028 0.47895 0.47706 0.47479 0.47148 0.46973 0.46895 0.46676 0.46253 0.46061 0.45969 0.45772 0.45552 0.45323 0.44956 0.44745 0.44755 0.44516 0.43969 0.43752 0.43762 0.43560 0.43121 0.42760 0.42659 0.42575 0.42313 0.41778 0.41581 0.41553 0.41299 0.40768 0.40518 0.40525 0.40253 0.39722 0.39451 0.39470 0.39192 0.38653 0.38378 0.38382 0.38084 0.37574 0.37289 0.37267 0.36905 0.36536 0.36410 0.36132 0.35673 0.35503 0.35228 0.34941 0.34623 0.34361 0.34015 0.33755 0.33630 0.33188 0.32796 0.32571 0.32417 0.32006 0.31616 0.31376 0.31183 0.30843 0.30468 0.30154 0.29930 0.29717 0.29339 0.28918 0.28683 0.28526 0.28140 0.27674 0.27481 0.27237 0.26936 0.26738 0.26312 0.25951 0.25784 0.25542 0.25096 0.24722 0.24594 0.24259 0.23854 0.23572 0.23352 0.22931 0.22634 0.22472 0.22055 0.21677 0.21656 0.21281 0.20722 0.20293 0.20089 0.19640 0.19103 0.18773 0.18546 0.18051 0.17558 0.17358 0.17189 0.16730 0.16390 0.16283 0.16035 0.15624 0.15278 0.15178 0.14955 0.14690 0.14359 0.14059 0.13835 0.13762 0.13218 0.12965 0.12905 0.12695 0.12155 0.11313 0.10127 0.08735 0.07235 0.05994 0.04904 0.03712 0.02542 0.01487 0.00493 0.00000 0.00000 0.00000 0.00000 0.00000 0.00000 0.00000 0.00000 0.00000 0.00000 0.00000 0.00000 0.00000 0.00000 0.00000 0.00000 0.00000 0.00000 0.00000 0.00000 0.00000 0.00000 0.00000 0.00000 0.00000 0.00000 0.00000 0.00000 0.00000 0.00000 0.00000 0.00000 0.00000 0.00000 0.00000 0.00000 0.00000 0.00000 0.00000 0.00000 0.00000 0.00000 0.00000 0.00000 0.00000
0.00000 0.00000 0.00000 0.00000 0.00000 0.00000 0.00000 0.00000 0.00000 0.00000 0.00000 0.00000 0.00000 0.00000 0.00000 0.00000 0.00000 0.00000 0.00000 0.00000 0.00000 0.00000 0.00000 0.00000 0.00000 0.00000 0.00000 0.00000 0.00000 0.00000 0.00000 0.00000 0.00000 0.00000 0.00000 0.00000 0.00000 0.00000 0.00000 0.00000 0.00000 0.00000 0.00000 0.00000 0.00000 0.00000 0.00000 0.00000 0.00000 0.00000 0.00000 0.00000 0.00000 0.00000 0.00000 0.00000 0.00000 0.00000 0.00000 0.00000 0.00000 0.00000 0.00000 0.00000 0.00000 0.00000 0.00000 0.00000 0.00000 0.00000 0.00000 0.00000 0.00000 0.00000 0.00000 0.00000 0.00000 0.00000 0.00000 0.00000 0.00000 0.00000 0.00000 0.00000 0.00000 0.00000 0.00000 0.00000 0.00000 0.00000 0.00000 0.00000 0.00000 0.00000 0.00000 0.00136 0.00409 0.00681 0.00947 0.01215 0.01488 0.01753 0.02009 0.02276 0.02546 0.05199 0.10217 0.15236 0.20291 0.25218 0.30047 0.35010 0.40002 0.44788 0.49381 0.51772 0.51835 0.51589 0.51173 0.51125 0.51168 0.50889 0.50480 0.50490 0.50452 0.50128 0.49809 0.49816 0.49690 0.49342 0.49072 0.49076 0.48990 0.48554 0.48321 0.48266 0.48141 0.47781 0.47566 0.47390 0.47220 0.46996 0.46775 0.46486 0.46285 0.46098 0.45923 0.45691 0.45433 0.45150 0.44931 0.44898 0.44681 0.44188 0.43930 0.43909 0.43738 0.43238 0.42963 0.42898 0.42717 0.42443 0.42016 0.41831 0.41666 0.41431 0.41019 0.40763 0.40647 0.40381 0.39952 0.39696 0.39618 0.39307 0.38878 0.38640 0.38526 0.38194 0.37816 0.37574 0.37395 0.37033 0.36794 0.36595 0.36208 0.35878 0.35811 0.35451 0.35016 0.34753 0.34675 0.34283 0.33835 0.33754 0.33499 0.33042 0.32652 0.32584 0.32314 0.31816 0.31464 0.31403 0.31124 0.30595 0.30288 0.30230 0.29915 0.29391 0.29157 0.29034 0.28649 0.28187 0.27992 0.27824 0.27351 0.26997 0.26805 0.26641 0.26278 0.25827 0.25636 0.25454 0.25015 0.24619 0.24426 0.24229 0.23720 0.23389 0.23251 0.22975 0.22424 0.22190 0.22086 0.21647 0.21355 0.21297 0.20847 0.20433 0.20229 0.20061 0.19606 0.19205 0.19064 0.18868 0.18388 0.18039 0.17916 0.17655 0.17183 0.16862 0.16751 0.16401 0.16103 0.15841 0.15580 0.15276 0.15047 0.14552 0.14150 0.13882 0.13715 0.13119 0.12760 0.12680 0.12361 0.11230 0.09838 0.08673 0.07327 0.05950 0.04770 0.03682 0.02553 0.01486 0.00483 0.00000 0.00000 0.00000 0.00000 0.00000 0.00000 0.00000 0.00000 0.00000 0.00000 0.00000 0.00000 0.00000 0.00000 0.00000 0.00000 0.00000 0.00000 0.00000 0.00000 0.00000 0.00000 0.00000 0.00000 0.00000 0.00000 0.00000 0.00000 0.00000 0.00000 0.00000 0.00000 0.00000 0.00000 0.00000 0.00000 0.00000 0.00000 0.00000 0.00000 0.00000 0.00000 0.00000 0.00000 0.00000
0.00000 0.00000 0.00000 0.00000 0.00000 0.00000 0.00000 0.00000 0.00000 0.00000 0.00000 0.00000 0.00000 0.00000 0.00000 0.00000 0.00000 0.00000 0.00000 0.00000 0.00000 0.00000 0.00000 0.00000 0.00000 0.00000 0.00000 0.00000 0.00000 0.00000 0.00000 0.00000 0.00000 0.00000 0.00000 0.00000 0.00000 0.00000 0.00000 0.00000 0.00000 0.00000 0.00000 0.00000 0.00000 0.00000 0.00000 0.00000 0.00000 0.00000 0.00000 0.00000 0.00000 0.00000 0.00000 0.00000 0.00000 0.00000 0.00000 0.00000 0.00000 0.00000 0.00000 0.00000 0.00000 0.00000 0.00000 0.00000 0.00000 0.00000 0.00000 0.00000 0.00000 0.00000 0.00000 0.00000 0.00000 0.00000 0.00000 0.00000 0.00000 0.00000 0.00000 0.00000 0.00000 0.00000 0.00000 0.00000 0.00000 0.00000 0.00000 0.00000 0.00000 0.00000 0.00000 0.00411 0.01231 0.02033 0.02838 0.03662 0.04465 0.05236 0.06031 0.06850 0.07628 0.10240 0.14721 0.19281 0.23729 0.28010 0.32439 0.36966 0.41270 0.45336 0.49681 0.51997 0.51751 0.51299 0.51236 0.51327 0.51066 0.50613 0.50585 0.50626 0.50327 0.49916 0.49916 0.49901 0.49541 0.49187 0.49196 0.49162 0.48744 0.48451 0.48399 0.48298 0.47965 0.47744 0.47522 0.47361 0.47197 0.46976 0.46610 0.46416 0.46332 0.46152 0.45772 0.45507 0.45320 0.45199 0.45105 0.44747 0.44327 0.44138 0.44126 0.43918 0.43376 0.43128 0.43039 0.42938 0.42706 0.42135 0.41950 0.41918 0.41690 0.41126 0.40883 0.40889 0.40632 0.40088 0.39812 0.39841 0.39561 0.39027 0.38742 0.38762 0.38474 0.37948 0.37674 0.37661 0.37331 0.36875 0.36674 0.36528 0.36132 0.35847 0.35606 0.35338 0.35007 0.34753 0.34389 0.34137 0.34014 0.33597 0.33183 0.32947 0.32817 0.32410 0.31994 0.31762 0.31594 0.31220 0.30820 0.30558 0.30355 0.30071 0.29679 0.29332 0.29113 0.28924 0.28511 0.28094 0.27903 0.27689 0.27300 0.26863 0.26737 0.26380 0.26113 0.25974 0.25532 0.25119 0.24941 0.24686 0.24288 0.23908 0.23727 0.23372 0.23046 0.22758 0.22457 0.22040 0.21871 0.21722 0.21185 0.20941 0.20868 0.20470 0.20047 0.19785 0.19633 0.19238 0.18808 0.18626 0.18474 0.18012 0.17638 0.17485 0.17244 0.16826 0.16489 0.16329 0.15998 0.15824 0.15610 0.15051 0.14525 0.14264 0.13581 0.13051 0.12785 0.12377 0.11701 0.11233 0.11066 0.10189 0.08721 0.07526 0.06535 0.05392 0.04210 0.03202 0.02285 0.01331 0.00427 0.00000 0.00000 0.00000 0.00000 0.00000 0.00000 0.00000 0.00000 0.00000 0.00000 0.00000 0.00000 0.00000 0.00000 0.00000 0.00000 0.00000 0.00000 0.00000 0.00000 0.00000 0.00000 0.00000 0.00000 0.00000 0.00000 0.00000 0.00000 0.00000 0.00000 0.00000 0.00000 0.00000 0.00000 0.00000 0.00000 0.00000 0.00000 0.00000 0.00000 0.00000 0.00000 0.00000 0.00000 0.00000
0.00000 0.00000 0.00000 0.00000 0.00000 0.00000 0.00000 0.00000 0.00000 0.00000 0.00000 0.00000 0.00000 0.00000 0.00000 0.00000 0.00000 0.00000 0.00000 0.00000 0.00000 0.00000 0.00000 0.00000 0.00000 0.00000 0.00000 0.00000 0.00000 0.00000 0.00000 0.00000 0.00000 0.00000 0.00000 0.00000 0.00000 0.00000 0.00000 0.00000 0.00000 0.00000 0.00000 0.00000 0.00000 0.00000 0.00000 0.00000 0.00000 0.00000 0.00000 0.00000 0.00000 0.00000 0.00000 0.00000 0.00000 0.00000 0.00000 0.00000 0.00000 0.00000 0.00000 0.00000 0.00000 0.00000 0.00000 0.00000 0.00000 0.00000 0.00000 0.00000 0.00000 0.00000 0.00000 0.00000 0.00000 0.00000 0.00000 0.00000 0.00000 0.00000 0.00000 0.00000 0.00000 0.00000 0.00000 0.00000 0.00000 0.00000 0.00000 0.00000 0.00000 0.00000 0.00000 0.00685 0.02040 0.03387 0.04755 0.06105 0.07408 0.08724 0.10088 0.11418 0.12672 0.15273 0.19311 0.23270 0.27038 0.30934 0.34932 0.38730 0.42342 0.46203 0.50169 0.51846 0.51452 0.51424 0.51470 0.51157 0.50766 0.50775 0.50774 0.50423 0.50072 0.50114 0.50034 0.49643 0.49370 0.49405 0.49276 0.48843 0.48582 0.48625 0.48511 0.48045 0.47825 0.47767 0.47614 0.47274 0.47057 0.46841 0.46665 0.46465 0.46260 0.45943 0.45709 0.45502 0.45371 0.45239 0.44845 0.44548 0.44341 0.44260 0.44068 0.43607 0.43345 0.43190 0.43084 0.42857 0.42377 0.42174 0.42031 0.41840 0.41383 0.41115 0.41000 0.40774 0.40318 0.40045 0.39995 0.39692 0.39242 0.38988 0.38909 0.38582 0.38193 0.37958 0.37783 0.37427 0.37142 0.36936 0.36623 0.36263 0.36124 0.35858 0.35420 0.35120 0.35053 0.34678 0.34228 0.34102 0.33894 0.33447 0.33045 0.32966 0.32706 0.32216 0.31856 0.31778 0.31513 0.30997 0.30668 0.30595 0.30315 0.29789 0.29513 0.29419 0.29081 0.28591 0.28372 0.28217 0.27803 0.27401 0.27151 0.27012 0.26556 0.26222 0.25972 0.25817 0.25477 0.25014 0.24804 0.24609 0.24153 0.23788 0.23596 0.23371 0.22828 0.22555 0.22409 0.22073 0.21716 0.21444 0.21244 0.20836 0.20638 0.20462 0.19974 0.19601 0.19448 0.19243 0.18768 0.18399 0.18274 0.18047 0.17580 0.17267 0.17107 0.16793 0.16465 0.16189 0.15935 0.15615 0.15507 0.15031 0.14206 0.13508 0.13184 0.12418 0.11735 0.11432 0.10835 0.10100 0.09546 0.08937 0.07797 0.06588 0.05598 0.04724 0.03756 0.02812 0.01965 0.01161 0.00375 0.00000 0.00000 0.00000 0.00000 0.00000 0.00000 0.00000 0.00000 0.00000 0.00000 0.00000 0.00000 0.00000 0.00000 0.00000 0.00000 0.00000 0.00000 0.00000 0.00000 0.00000 0.00000 0.00000 0.00000 0.00000 0.00000 0.00000 0.00000 0.00000 0.00000 0.00000 0.00000 0.00000 0.00000 0.00000 0.00000 0.00000 0.00000 0.00000 0.00000 0.00000 0.00000 0.00000 0.00000 0.00000
0.00000 0.00000 0.00000 0.00000 0.00000 0.00000 0.00000 0.00000 0.00000 0.00000 0.00000 0.00000 0.00000 0.00000 0.00000 0.00000 0.00000 0.00000 0.00000 0.00000 0.00000 0.00000 0.00000 0.00000 0.00000 0.00000 0.00000 0.00000 0.00000 0.00000 0.00000 0.00000 0.00000 0.00000 0.00000 0.00000 0.00000 0.00000 0.00000 0.00000 0.00000 0.00000 0.00000 0.00000 0.00000 0.00000 0.00000 0.00000 0.00000 0.00000 0.00000 0.00000 0.00000 0.00000 0.00000 0.00000 0.00000 0.00000 0.00000 0.00000 0.00000 0.00000 0.00000 0.00000 0.00000 0.00000 0.00000 0.00000 0.00000 0.00000 0.00000 0.00000 0.00000 0.00000 0.00000 0.00000 0.00000 0.00000 0.00000 0.00000 0.00000 0.00000 0.00000 0.00000 0.00000 0.00000 0.00000 0.00000 0.00000 0.00000 0.00000 0.00000 0.00000 0.00000 0.00000 0.00953 0.02849 0.04768 0.06668 0.08501 0.10351 0.12274 0.14143 0.15905 0.17703 0.20428 0.23864 0.27099 0.30455 0.33970 0.37283 0.40353 0.43682 0.47181 0.50331 0.51581 0.51534 0.51623 0.51329 0.50903 0.50880 0.50928 0.50610 0.50202 0.50210 0.50214 0.49844 0.49488 0.49513 0.49463 0.49040 0.48717 0.48753 0.48673 0.48232 0.47976 0.47903 0.47768 0.47460 0.47236 0.46967 0.46809 0.46691 0.46452 0.46039 0.45844 0.45737 0.45600 0.45378 0.44919 0.44703 0.44604 0.44480 0.44170 0.43743 0.43526 0.43420 0.43303 0.43007 0.42513 0.42321 0.42278 0.42076 0.41493 0.41252 0.41243 0.41011 0.40448 0.40180 0.40208 0.39931 0.39405 0.39099 0.39131 0.38851 0.38325 0.38046 0.38048 0.37731 0.37245 0.37000 0.36926 0.36564 0.36160 0.35946 0.35761 0.35416 0.35092 0.34756 0.34547 0.34380 0.33983 0.33570 0.33337 0.33212 0.32815 0.32380 0.32143 0.31992 0.31617 0.31186 0.30950 0.30775 0.30438 0.30018 0.29736 0.29555 0.29295 0.28865 0.28508 0.28340 0.28102 0.27670 0.27263 0.27151 0.26822 0.26462 0.26132 0.25944 0.25542 0.25279 0.25124 0.24702 0.24288 0.24086 0.23804 0.23457 0.23082 0.22851 0.22427 0.22199 0.22066 0.21506 0.21368 0.21223 0.20845 0.20476 0.20199 0.20003 0.19589 0.19204 0.19012 0.18839 0.18392 0.18004 0.17843 0.17651 0.17219 0.16880 0.16682 0.16385 0.16171 0.15906 0.15523 0.15200 0.14905 0.14055 0.13099 0.12360 0.11849 0.11029 0.10215 0.09767 0.09111 0.08318 0.07500 0.06728 0.05796 0.04793 0.03969 0.03251 0.02460 0.01681 0.00983 0.00326 0.00000 0.00000 0.00000 0.00000 0.00000 0.00000 0.00000 0.00000 0.00000 0.00000 0.00000 0.00000 0.00000 0.00000 0.00000 0.00000 0.00000 0.00000 0.00000 0.00000 0.00000 0.00000 0.00000 0.00000 0.00000 0.00000 0.00000 0.00000 0.00000 0.00000 0.00000 0.00000 0.00000 0.00000 0.00000 0.00000 0.00000 0.00000 0.00000 0.00000 0.00000 0.00000 0.00000 0.00000 0.00000
0.00000 0.00000 0.00000 0.00000 0.00000 0.00000 0.00000 0.00000 0.00000 0.00000 0.00000 0.00000 0.00000 0.00000 0.00000 0.00000 0.00000 0.00000 0.00000 0.00000 0.00000 0.00000 0.00000 0.00000 0.00000 0.00000 0.00000 0.00000 0.00000 0.00000 0.00000 0.00000 0.00000 0.00000 0.00000 0.00000 0.00000 0.00000 0.00000 0.00000 0.00000 0.00000 0.00000 0.00000 0.00000 0.00000 0.00000 0.00000 0.00000 0.00000 0.00000 0.00000 0.00000 0.00000 0.00000 0.00000 0.00000 0.00000 0.00000 0.00000 0.00000 0.00000 0.00000 0.00000 0.00000 0.00000 0.00000 0.00000 0.00000 0.00000 0.00000 0.00000 0.00000 0.00000 0.00000 0.00000 0.00000 0.00000 0.00000 0.00000 0.00000 0.00000 0.00000 0.00000 0.00000 0.00000 0.00000 0.00000 0.00000 0.00000 0.00000 0.00000 0.00000 0.00000 0.00000 0.01225 0.03684 0.06135 0.08527 0.10916 0.13376 0.15799 0.18098 0.20413 0.22868 0.25528 0.28245 0.31054 0.34028 0.36839 0.39425 0.42241 0.45189 0.47829 0.50305 0.51711 0.51759 0.51425 0.51053 0.51069 0.51075 0.50701 0.50357 0.50406 0.50353 0.49940 0.49658 0.49717 0.49586 0.49146 0.48898 0.48965 0.48818 0.48332 0.48088 0.48136 0.47999 0.47528 0.47315 0.47212 0.47070 0.46804 0.46526 0.46233 0.46093 0.45950 0.45715 0.45423 0.45104 0.44967 0.44814 0.44596 0.44210 0.44002 0.43806 0.43538 0.43416 0.43199 0.42780 0.42496 0.42384 0.42240 0.41765 0.41465 0.41335 0.41164 0.40697 0.40406 0.40348 0.40072 0.39609 0.39341 0.39291 0.38962 0.38558 0.38320 0.38165 0.37824 0.37522 0.37285 0.37025 0.36664 0.36438 0.36215 0.35848 0.35519 0.35378 0.35053 0.34634 0.34462 0.34277 0.33841 0.33441 0.33355 0.33102 0.32610 0.32252 0.32161 0.31903 0.31397 0.31058 0.30958 0.30704 0.30205 0.29882 0.29784 0.29491 0.29013 0.28737 0.28599 0.28238 0.27818 0.27550 0.27384 0.26964 0.26622 0.26263 0.26170 0.25858 0.25408 0.25187 0.24968 0.24600 0.24181 0.23972 0.23747 0.23260 0.22954 0.22736 0.22482 0.22025 0.21707 0.21657 0.21153 0.21077 0.20904 0.20336 0.20034 0.19861 0.19612 0.19115 0.18773 0.18659 0.18438 0.17952 0.17615 0.17475 0.17208 0.16845 0.16545 0.16294 0.15953 0.15840 0.15578 0.15121 0.14467 0.13801 0.12813 0.11762 0.11026 0.10300 0.09373 0.08524 0.07963 0.07204 0.06306 0.05527 0.04877 0.04107 0.03330 0.02676 0.02063 0.01429 0.00833 0.00270 0.00000 0.00000 0.00000 0.00000 0.00000 0.00000 0.00000 0.00000 0.00000 0.00000 0.00000 0.00000 0.00000 0.00000 0.00000 0.00000 0.00000 0.00000 0.00000 0.00000 0.00000 0.00000 0.00000 0.00000 0.00000 0.00000 0.00000 0.00000 0.00000 0.00000 0.00000 0.00000 0.00000 0.00000 0.00000 0.00000 0.00000 0.00000 0.00000 0.00000 0.00000 0.00000 0.00000 0.00000 0.00000
0.00000 0.00000 0.00000 0.00000 0.00000 0.00000 0.00000 0.00000 0.00000 0.00000 0.00000 0.00000 0.00000 0.00000 0.00000 0.00000 0.00000 0.00000 0.00000 0.00000 0.00000 0.00000 0.00000 0.00000 0.00000 0.00000 0.00000 0.00000 0.00000 0.00000 0.00000 0.00000 0.00000 0.00000 0.00000 0.00000 0.00000 0.00000 0.00000 0.00000 0.00000 0.00000 0.00000 0.00000 0.00000 0.00000 0.00000 0.00000 0.00000 0.00000 0.00000 0.00000 0.00000 0.00000 0.00000 0.00000 0.00000 0.00000 0.00000 0.00000 0.00000 0.00000 0.00000 0.00000 0.00000 0.00000 0.00000 0.00000 0.00000 0.00000 0.00000 0.00000 0.00000 0.00000 0.00000 0.00000 0.00000 0.00000 0.00000 0.00000 0.00000 0.00000 0.00000 0.00000 0.00000 0.00000 0.00000 0.00000 0.00000 0.00000 0.00000 0.00000 0.00000 0.00000 0.00000 0.01505 0.04511 0.07456 0.10397 0.13414 0.16380 0.19206 0.22066 0.25075 0.27999 0.30435 0.32707 0.35173 0.37479 0.39524 0.41795 0.44259 0.46423 0.48362 0.50646 0.51906 0.51604 0.51193 0.51174 0.51220 0.50884 0.50494 0.50501 0.50513 0.50137 0.49782 0.49814 0.49768 0.49346 0.49031 0.49084 0.48988 0.48526 0.48237 0.48273 0.48157 0.47711 0.47477 0.47347 0.47229 0.46999 0.46696 0.46369 0.46251 0.46183 0.45885 0.45516 0.45256 0.45164 0.45026 0.44787 0.44329 0.44149 0.44014 0.43780 0.43602 0.43306 0.42932 0.42697 0.42622 0.42426 0.41883 0.41623 0.41583 0.41384 0.40818 0.40552 0.40555 0.40305 0.39784 0.39468 0.39482 0.39221 0.38711 0.38410 0.38418 0.38116 0.37631 0.37361 0.37312 0.36965 0.36517 0.36286 0.36174 0.35825 0.35405 0.35129 0.34983 0.34758 0.34315 0.33956 0.33756 0.33605 0.33200 0.32771 0.32538 0.32384 0.32017 0.31564 0.31336 0.31181 0.30824 0.30374 0.30129 0.29993 0.29661 0.29214 0.28911 0.28785 0.28489 0.28034 0.27681 0.27573 0.27250 0.26823 0.26438 0.26351 0.25915 0.25620 0.25521 0.25107 0.24696 0.24430 0.24237 0.23863 0.23459 0.23217 0.22862 0.22617 0.22317 0.21940 0.21794 0.21402 0.21237 0.20873 0.20635 0.20403 0.19931 0.19646 0.19427 0.19169 0.18721 0.18381 0.18228 0.18044 0.17591 0.17218 0.17045 0.16802 0.16529 0.16202 0.15881 0.15570 0.15514 0.15219 0.14313 0.13232 0.12437 0.11359 0.10217 0.09417 0.08558 0.07554 0.06654 0.05970 0.05232 0.04479 0.03863 0.03355 0.02765 0.02155 0.01641 0.01171 0.00682 0.00219 0.00000 0.00000 0.00000 0.00000 0.00000 0.00000 0.00000 0.00000 0.00000 0.00000 0.00000 0.00000 0.00000 0.00000 0.00000 0.00000 0.00000 0.00000 0.00000 0.00000 0.00000 0.00000 0.00000 0.00000 0.00000 0.00000 0.00000 0.00000 0.00000 0.00000 0.00000 0.00000 0.00000 0.00000 0.00000 0.00000 0.00000 0.00000 0.00000 0.00000 0.00000 0.00000 0.00000 0.00000 0.00000
0.00000 0.00000 0.00000 0.00000 0.00000 0.00000 0.00000 0.00000 0.00000 0.00000 0.00000 0.00000 0.00000 0.00000 0.00000 0.00000 0.00000 0.00000 0.00000 0.00000 0.00000 0.00000 0.00000 0.00000 0.00000 0.00000 0.00000 0.00000 0.00000 0.00000 0.00000 0.00000 0.00000 0.00000 0.00000 0.00000 0.00000 0.00000 0.00000 0.00000 0.00000 0.00000 0.00000 0.00000 0.00000 0.00000 0.00000 0.00000 0.00000 0.00000 0.00000 0.00000 0.00000 0.00000 0.00000 0.00000 0.00000 0.00000 0.00000 0.00000 0.00000 0.00000 0.00000 0.00000 0.00000 0.00000 0.00000 0.00000 0.00000 0.00000 0.00000 0.00000 0.00000 0.00000 0.00000 0.00000 0.00000 0.00000 0.00000 0.00000 0.00000 0.00000 0.00000 0.00000 0.00000 0.00000 0.00000 0.00000 0.00000 0.00000 0.00000 0.00000 0.00000 0.00000 0.00000 0.01780 0.05305 0.08802 0.12351 0.15866 0.19262 0.22665 0.26195 0.29665 0.32928 0.35454 0.37359 0.39149 0.40704 0.42443 0.44342 0.45996 0.47459 0.49251 0.51123 0.51707 0.51332 0.51357 0.51365 0.50978 0.50642 0.50693 0.50655 0.50227 0.49946 0.50012 0.49898 0.49448 0.49214 0.49288 0.49113 0.48639 0.48402 0.48487 0.48329 0.47808 0.47582 0.47596 0.47469 0.47038 0.46776 0.46588 0.46518 0.46373 0.45952 0.45637 0.45505 0.45439 0.45161 0.44841 0.44485 0.44427 0.44281 0.43877 0.43636 0.43545 0.43229 0.42835 0.42704 0.42610 0.42172 0.41812 0.41664 0.41547 0.41105 0.40770 0.40644 0.40448 0.40000 0.39717 0.39654 0.39329 0.38923 0.38694 0.38539 0.38196 0.37912 0.37652 0.37402 0.37062 0.36805 0.36544 0.36272 0.35947 0.35684 0.35405 0.35075 0.34869 0.34601 0.34222 0.33848 0.33751 0.33491 0.33002 0.32649 0.32552 0.32299 0.31790 0.31452 0.31327 0.31093 0.30627 0.30264 0.30133 0.29885 0.29455 0.29102 0.28959 0.28655 0.28250 0.27928 0.27751 0.27402 0.27036 0.26685 0.26525 0.26167 0.25810 0.25420 0.25311 0.25074 0.24579 0.24366 0.24095 0.23698 0.23359 0.23132 0.22854 0.22329 0.22135 0.22040 0.21524 0.21505 0.21187 0.20712 0.20472 0.20278 0.19986 0.19460 0.19194 0.19060 0.18795 0.18273 0.17969 0.17851 0.17626 0.17222 0.16827 0.16663 0.16368 0.16191 0.15900 0.15480 0.15176 0.15149 0.14339 0.12923 0.11800 0.10848 0.09645 0.08494 0.07615 0.06629 0.05568 0.04657 0.04048 0.03521 0.02978 0.02538 0.02137 0.01694 0.01270 0.00890 0.00524 0.00169 0.00000 0.00000 0.00000 0.00000 0.00000 0.00000 0.00000 0.00000 0.00000 0.00000 0.00000 0.00000 0.00000 0.00000 0.00000 0.00000 0.00000 0.00000 0.00000 0.00000 0.00000 0.00000 0.00000 0.00000 0.00000 0.00000 0.00000 0.00000 0.00000 0.00000 0.00000 0.00000 0.00000 0.00000 0.00000 0.00000 0.00000 0.00000 0.00000 0.00000 0.00000 0.00000 0.00000 0.00000 0.00000
0.00000 0.00000 0.00000 0.00000 0.00000 0.00000 0.00000 0.00000 0.00000 0.00000 0.00000 0.00000 0.00000 0.00000 0.00000 0.00000 0.00000 0.00000 0.00000 0.00000 0.00000 0.00000 0.00000 0.00000 0.00000 0.00000 0.00000 0.00000 0.00000 0.00000 0.00000 0.00000 0.00000 0.00000 0.00000 0.00000 0.00000 0.00000 0.00000 0.00000 0.00000 0.00000 0.00000 0.00000 0.00000 0.00000 0.00000 0.00000 0.00000 0.00000 0.00000 0.00000 0.00000 0.00000 0.00000 0.00000 0.00000 0.00000 0.00000 0.00000 0.00000 0.00000 0.00000 0.00000 0.00000 0.00000 0.00000 0.00000 0.00000 0.00000 0.00000 0.00000 0.00000 0.00000 0.00000 0.00000 0.00000 0.00000 0.00000 0.00000 0.00000 0.00000 0.00000 0.00000 0.00000 0.00000 0.00000 0.00000 0.00000 0.00000 0.00000 0.00000 0.00000 0.00000 0.00000 0.02043 0.06106 0.10209 0.14273 0.18215 0.22179 0.26269 0.30268 0.34065 0.37934 0.40652 0.41905 0.42920 0.44116 0.45501 0.46659 0.47591 0.48830 0.50211 0.51234 0.51479 0.51462 0.51505 0.51160 0.50786 0.50791 0.50805 0.50419 0.50073 0.50105 0.50072 0.49644 0.49343 0.49402 0.49290 0.48834 0.48547 0.48623 0.48492 0.47996 0.47740 0.47745 0.47629 0.47196 0.46944 0.46725 0.46689 0.46572 0.46105 0.45826 0.45695 0.45601 0.45261 0.45011 0.44714 0.44576 0.44427 0.44097 0.43839 0.43653 0.43365 0.43058 0.42934 0.42759 0.42292 0.41992 0.41916 0.41747 0.41221 0.40924 0.40863 0.40679 0.40167 0.39848 0.39806 0.39590 0.39141 0.38794 0.38735 0.38483 0.38045 0.37739 0.37674 0.37345 0.36904 0.36635 0.36567 0.36227 0.35760 0.35511 0.35411 0.35154 0.34623 0.34347 0.34201 0.33995 0.33531 0.33164 0.32963 0.32776 0.32401 0.31951 0.31734 0.31574 0.31214 0.30750 0.30517 0.30408 0.30037 0.29581 0.29303 0.29216 0.28863 0.28399 0.28089 0.27996 0.27647 0.27191 0.26863 0.26762 0.26357 0.25973 0.25709 0.25516 0.25078 0.24765 0.24685 0.24274 0.23859 0.23557 0.23309 0.23046 0.22667 0.22328 0.22065 0.21817 0.21659 0.21143 0.21041 0.20809 0.20305 0.20089 0.19849 0.19514 0.19055 0.18811 0.18639 0.18376 0.17867 0.17579 0.17421 0.17216 0.16918 0.16445 0.16247 0.15983 0.15862 0.15569 0.15082 0.14792 0.14219 0.12814 0.11321 0.10140 0.09059 0.07783 0.06586 0.05612 0.04562 0.03474 0.02802 0.02511 0.02159 0.01786 0.01481 0.01212 0.00915 0.00625 0.00366 0.00121 0.00000 0.00000 0.00000 0.00000 0.00000 0.00000 0.00000 0.00000 0.00000 0.00000 0.00000 0.00000 0.00000 0.00000 0.00000 0.00000 0.00000 0.00000 0.00000 0.00000 0.00000 0.00000 0.00000 0.00000 0.00000 0.00000 0.00000 0.00000 0.00000 0.00000 0.00000 0.00000 0.00000 0.00000 0.00000 0.00000 0.00000 0.00000 0.00000 0.00000 0.00000 0.00000 0.00000 0.00000 0.00000
0.00000 0.00000 0.00000 0.00000 0.00000 0.00000 0.00000 0.00000 0.00000 0.00000 0.00000 0.00000 0.00000 0.00000 0.00000 0.00000 0.00000 0.00000 0.00000 0.00000 0.00000 0.00000 0.00000 0.00000 0.00000 0.00000 0.00000 0.00000 0.00000 0.00000 0.00000 0.00000 0.00000 0.00000 0.00000 0.00000 0.00000 0.00000 0.00000 0.00000 0.00000 0.00000 0.00000 0.00000 0.00000 0.00000 0.00000 0.00000 0.00000 0.00000 0.00000 0.00000 0.00000 0.00000 0.00000 0.00000 0.00000 0.00000 0.00000 0.00000 0.00000 0.00000 0.00000 0.00000 0.00000 0.00000 0.00000 0.00000 0.00000 0.00000 0.00000 0.00000 0.00000 0.00000 0.00000 0.00000 0.00000 0.00000 0.00000 0.00000 0.00000 0.00000 0.00000 0.00000 0.00000 0.00000 0.00000 0.00000 0.00000 0.00000 0.00000 0.00000 0.00000 0.00000 0.00000 0.02314 0.06951 0.11570 0.16105 0.20631 0.25239 0.29777 0.34164 0.38587 0.43131 0.45710 0.46237 0.46896 0.47694 0.48329 0.48786 0.49511 0.50318 0.50816 0.51222 0.51642 0.51649 0.51258 0.50921 0.50980 0.50948 0.50506 0.50229 0.50299 0.50204 0.49734 0.49524 0.49604 0.49414 0.48947 0.48737 0.48826 0.48623 0.48119 0.47893 0.47970 0.47819 0.47262 0.47057 0.46987 0.46929 0.46716 0.46199 0.45998 0.45970 0.45823 0.45316 0.45088 0.44945 0.44841 0.44628 0.44179 0.43949 0.43898 0.43636 0.43177 0.43002 0.42963 0.42580 0.42161 0.41994 0.41923 0.41521 0.41130 0.40930 0.40827 0.40437 0.40095 0.39943 0.39699 0.39352 0.39090 0.38881 0.38554 0.38319 0.38053 0.37751 0.37410 0.37207 0.36904 0.36656 0.36369 0.36037 0.35742 0.35527 0.35308 0.34896 0.34586 0.34298 0.34153 0.33814 0.33388 0.33058 0.32948 0.32693 0.32180 0.31848 0.31707 0.31486 0.31040 0.30649 0.30487 0.30270 0.29903 0.29475 0.29298 0.29052 0.28692 0.28299 0.28108 0.27827 0.27462 0.27081 0.26885 0.26587 0.26228 0.25795 0.25655 0.25447 0.24993 0.24715 0.24424 0.24151 0.23782 0.23536 0.23190 0.22761 0.22600 0.22396 0.21933 0.21833 0.21498 0.21122 0.20833 0.20677 0.20383 0.19837 0.19625 0.19463 0.19134 0.18616 0.18385 0.18233 0.17993 0.17471 0.17173 0.17049 0.16775 0.16596 0.16161 0.15846 0.15579 0.15501 0.15197 0.14680 0.13818 0.12563 0.11036 0.09534 0.08307 0.07076 0.05733 0.04542 0.03476 0.02345 0.01668 0.01468 0.01290 0.01082 0.00881 0.00710 0.00544 0.00376 0.00220 0.00072 0.00000 0.00000 0.00000 0.00000 0.00000 0.00000 0.00000 0.00000 0.00000 0.00000 0.00000 0.00000 0.00000 0.00000 0.00000 0.00000 0.00000 0.00000 0.00000 0.00000 0.00000 0.00000 0.00000 0.00000 0.00000 0.00000 0.00000 0.00000 0.00000 0.00000 0.00000 0.00000 0.00000 0.00000 0.00000 0.00000 0.00000 0.00000 0.00000 0.00000 0.00000 0.00000 0.00000 0.00000 0.00000
0.00000 0.00000 0.00000 0.00000 0.00000 0.00000 0.00000 0.00000 0.00000 0.00000 0.00000 0.00000 0.00000 0.00000 0.00000 0.00000 0.00000 0.00000 0.00000 0.00000 0.00000 0.00000 0.00000 0.00000 0.00000 0.00000 0.00000 0.00000 0.00000 0.00000 0.00000 0.00000 0.00000 0.00000 0.00000 0.00000 0.00000 0.00000 0.00000 0.00000 0.00000 0.00000 0.00000 0.00000 0.00000 0.00000 0.00000 0.00000 0.00000 0.00000 0.00000 0.00000 0.00000 0.00000 0.00000 0.00000 0.00000 0.00000 0.00000 0.00000 0.00000 0.00000 0.00000 0.00000 0.00000 0.00000 0.00000 0.00000 0.00000 0.00000 0.00000 0.00000 0.00000 0.00000 0.00000 0.00000 0.00000 0.00000 0.00000 0.00000 0.00000 0.00000 0.00000 0.00000 0.00000 0.00000 0.00000 0.00000 0.00000 0.00000 0.00000 0.00000 0.00000 0.00000 0.00000 0.02598 0.07777 0.12875 0.17975 0.23147 0.28221 0.33150 0.38149 0.43252 0.48212 0.50591 0.50723 0.50988 0.51087 0.51019 0.51197 0.51478 0.51487 0.51378 0.51627 0.51777 0.51430 0.51078 0.51087 0.51087 0.50691 0.50360 0.50395 0.50373 0.49918 0.49647 0.49725 0.49591 0.49130 0.48874 0.48966 0.48791 0.48305 0.48045 0.48123 0.47979 0.47445 0.47225 0.47156 0.47091 0.46816 0.46378 0.46212 0.46149 0.45967 0.45464 0.45299 0.45202 0.44968 0.44658 0.44398 0.44236 0.44002 0.43734 0.43403 0.43252 0.43093 0.42686 0.42356 0.42254 0.42106 0.41623 0.41294 0.41191 0.41050 0.40573 0.40225 0.40088 0.39966 0.39629 0.39187 0.38998 0.38846 0.38531 0.38143 0.37961 0.37697 0.37339 0.37004 0.36915 0.36603 0.36147 0.35902 0.35816 0.35534 0.34988 0.34745 0.34631 0.34377 0.33829 0.33555 0.33416 0.33167 0.32738 0.32343 0.32164 0.31964 0.31589 0.31137 0.30916 0.30802 0.30414 0.29975 0.29687 0.29614 0.29237 0.28776 0.28483 0.28405 0.28031 0.27565 0.27287 0.27172 0.26770 0.26342 0.26089 0.25928 0.25447 0.25117 0.25079 0.24687 0.24250 0.23897 0.23765 0.23475 0.23051 0.22706 0.22389 0.22285 0.22093 0.21540 0.21369 0.21142 0.20716 0.20480 0.20239 0.19888 0.19431 0.19254 0.19053 0.18694 0.18215 0.18007 0.17814 0.17578 0.17224 0.16761 0.16643 0.16320 0.16251 0.15950 0.15449 0.15197 0.15130 0.14828 0.13615 0.12042 0.10696 0.09097 0.07556 0.06276 0.04949 0.03580 0.02340 0.01187 0.00563 0.00482 0.00417 0.00362 0.00297 0.00232 0.00177 0.00126 0.00073 0.00023 0.00000 0.00000 0.00000 0.00000 0.00000 0.00000 0.00000 0.00000 0.00000 0.00000 0.00000 0.00000 0.00000 0.00000 0.00000 0.00000 0.00000 0.00000 0.00000 0.00000 0.00000 0.00000 0.00000 0.00000 0.00000 0.00000 0.00000 0.00000 0.00000 0.00000 0.00000 0.00000 0.00000 0.00000 0.00000 0.00000 0.00000 0.00000 0.00000 0.00000 0.00000 0.00000 0.00000 0.00000 0.00000
0.00000 0.00000 0.00000 0.00000 0.00000 0.00000 0.00000 0.00000 0.00000 0.00000 0.00000 0.00000 0.00000 0.00000 0.00000 0.00000 0.00000 0.00000 0.00000 0.00000 0.00000 0.00000 0.00000 0.00000 0.00000 0.00000 0.00000 0.00000 0.00000 0.00000 0.00000 0.00000 0.00000 0.00000 0.00000 0.00000 0.00000 0.00000 0.00000 0.00000 0.00000 0.00000 0.00000 0.00000 0.00000 0.00000 0.00000 0.00000 0.00000 0.00000 0.00000 0.00000 0.00000 0.00000 0.00000 0.00000 0.00000 0.00000 0.00000 0.00000 0.00000 0.00000 0.00000 0.00000 0.00000 0.00000 0.00000 0.00000 0.00000 0.00000 0.00000 0.00000 0.00000 0.00000 0.00000 0.00000 0.00000 0.00000 0.00000 0.00000 0.00000 0.00000 0.00000 0.00000 0.00000 0.00139 0.00416 0.00697 0.00972 0.01239 0.01515 0.01795 0.02061 0.02325 0.02599 0.05328 0.10470 0.15591 0.20748 0.25827 0.30820 0.35854 0.40927 0.45882 0.50740 0.53145 0.53077 0.52896 0.52634 0.52548 0.52495 0.52237 0.51913 0.51935 0.51912 0.51529 0.51195 0.51276 0.51238 0.50781 0.50503 0.50587 0.50506 0.49997 0.49823 0.49920 0.49715 0.49240 0.49070 0.49164 0.48910 0.48436 0.48236 0.48326 0.48118 0.47576 0.47373 0.47415 0.47287 0.46772 0.46506 0.46409 0.46375 0.46175 0.45596 0.45421 0.45428 0.45206 0.44763 0.44488 0.44397 0.44242 0.43955 0.43513 0.43353 0.43305 0.42952 0.42510 0.42340 0.42292 0.41906 0.41489 0.41277 0.41208 0.40859 0.40459 0.40193 0.40079 0.39837 0.39473 0.39204 0.38924 0.38740 0.38456 0.38073 0.37761 0.37642 0.37321 0.36970 0.36666 0.36426 0.36117 0.35955 0.35725 0.35240 0.34943 0.34773 0.34556 0.34090 0.33765 0.33512 0.33343 0.33026 0.32572 0.32259 0.32099 0.31880 0.31436 0.31035 0.30858 0.30658 0.30336 0.29849 0.29637 0.29432 0.29130 0.28670 0.28451 0.28236 0.27891 0.27466 0.27246 0.27021 0.26653 0.26215 0.26013 0.25814 0.25422 0.25015 0.24768 0.24601 0.24222 0.23918 0.23529 0.23217 0.23071 0.22777 0.22329 0.22029 0.21921 0.21584 0.21161 0.21023 0.20766 0.20236 0.20020 0.19853 0.19503 0.19015 0.18818 0.18647 0.18324 0.17835 0.17599 0.17410 0.17163 0.17003 0.16368 0.16236 0.15973 0.15881 0.15620 0.15049 0.14809 0.14755 0.13693 0.11832 0.10292 0.08871 0.07241 0.05792 0.04507 0.03133 0.01812 0.00594 0.00000 0.00000 0.00000 0.00000 0.00000 0.00000 0.00000 0.00000 0.00000 0.00000 0.00000 0.00000 0.00000 0.00000 0.00000 0.00000 0.00000 0.00000 0.00000 0.00000 0.00000 0.00000 0.00000 0.00000 0.00000 0.00000 0.00000 0.00000 0.00000 0.00000 0.00000 0.00000 0.00000 0.00000 0.00000 0.00000 0.00000 0.00000 0.00000 0.00000 0.00000 0.00000 0.00000 0.00000 0.00000 0.00000 0.00000 0.00000 0.00000 0.00000 0.00000 0.00000 0.00000 0.00000 0.00000
0.00000 0.00000 0.00000 0.00000 0.00000 0.00000 0.00000 0.00000 0.00000 0.00000 0.00000 0.00000 0.00000 0.00000 0.00000 0.00000 0.00000 0.00000 0.00000 0.00000 0.00000 0.00000 0.00000 0.00000 0.00000 0.00000 0.00000 0.00000 0.00000 0.00000 0.00000 0.00000 0.00000 0.00000 0.00000 0.00000 0.00000 0.00000 0.00000 0.00000 0.00000 0.00000 0.00000 0.00000 0.00000 0.00000 0.00000 0.00000 0.00000 0.00000 0.00000 0.00000 0.00000 0.00000 0.00000 0.00000 0.00000 0.00000 0.00000 0.00000 0.00000 0.00000 0.00000 0.00000 0.00000 0.00000 0.00000 0.00000 0.00000 0.00000 0.00000 0.00000 0.00000 0.00000 0.00000 0.00000 0.00000 0.00000 0.00000 0.00000 0.00000 0.00000 0.00000 0.00000 0.00000 0.00417 0.01254 0.02083 0.02900 0.03731 0.04565 0.05364 0.06167 0.06998 0.07805 0.10481 0.15082 0.19723 0.24259 0.28706 0.33247 0.37821 0.42230 0.46562 0.51015 0.53225 0.53018 0.52762 0.52679 0.52613 0.52373 0.52070 0.52059 0.52021 0.51684 0.51364 0.51395 0.51365 0.50955 0.50651 0.50693 0.50667 0.50168 0.49940 0.50054 0.49895 0.49401 0.49200 0.49317 0.49083 0.48606 0.48378 0.48482 0.48281 0.47758 0.47530 0.47586 0.47447 0.46865 0.46685 0.46657 0.46535 0.46289 0.45785 0.45655 0.45606 0.45327 0.44849 0.44719 0.44676 0.44346 0.44009 0.43748 0.43633 0.43411 0.43039 0.42715 0.42612 0.42461 0.41995 0.41662 0.41561 0.41420 0.40943 0.40595 0.40426 0.40341 0.40047 0.39559 0.39322 0.39222 0.39001 0.38540 0.38217 0.38058 0.37834 0.37419 0.37155 0.36915 0.36581 0.36257 0.36188 0.35914 0.35402 0.35146 0.35033 0.34750 0.34205 0.33946 0.33837 0.33555 0.33032 0.32733 0.32625 0.32356 0.31931 0.31528 0.31351 0.31188 0.30768 0.30379 0.30084 0.29984 0.29604 0.29173 0.28866 0.28786 0.28403 0.27949 0.27712 0.27572 0.27165 0.26725 0.26523 0.26336 0.25867 0.25495 0.25402 0.25100 0.24622 0.24270 0.24213 0.23895 0.23421 0.23101 0.22820 0.22701 0.22421 0.21961 0.21654 0.21490 0.21177 0.20829 0.20553 0.20264 0.19828 0.19659 0.19450 0.19051 0.18622 0.18450 0.18253 0.17903 0.17507 0.17219 0.17039 0.16728 0.16634 0.16126 0.15814 0.15581 0.15500 0.15251 0.14660 0.14410 0.13661 0.11912 0.10155 0.08708 0.07309 0.05765 0.04374 0.03137 0.01830 0.00586 0.00000 0.00000 0.00000 0.00000 0.00000 0.00000 0.00000 0.00000 0.00000 0.00000 0.00000 0.00000 0.00000 0.00000 0.00000 0.00000 0.00000 0.00000 0.00000 0.00000 0.00000 0.00000 0.00000 0.00000 0.00000 0.00000 0.00000 0.00000 0.00000 0.00000 0.00000 0.00000 0.00000 0.00000 0.00000 0.00000 0.00000 0.00000 0.00000 0.00000 0.00000 0.00000 0.00000 0.00000 0.00000 0.00000 0.00000 0.00000 0.00000 0.00000 0.00000 0.00000 0.00000 0.00000 0.00000
0.00000 0.00000 0.00000 0.00000 0.00000 0.00000 0.00000 0.00000 0.00000 0.00000 0.00000 0.00000 0.00000 0.00000 0.00000 0.00000 0.00000 0.00000 0.00000 0.00000 0.00000 0.00000 0.00000 0.00000 0.00000 0.00000 0.00000 0.00000 0.00000 0.00000 0.00000 0.00000 0.00000 0.00000 0.00000 0.00000 0.00000 0.00000 0.00000 0.00000 0.00000 0.00000 0.00000 0.00000 0.00000 0.00000 0.00000 0.00000 0.00000 0.00000 0.00000 0.00000 0.00000 0.00000 0.00000 0.00000 0.00000 0.00000 0.00000 0.00000 0.00000 0.00000 0.00000 0.00000 0.00000 0.00000 0.00000 0.00000 0.00000 0.00000 0.00000 0.00000 0.00000 0.00000 0.00000 0.00000 0.00000 0.00000 0.00000 0.00000 0.00000 0.00000 0.00000 0.00000 0.00000 0.00699 0.02090 0.03454 0.04836 0.06242 0.07595 0.08927 0.10290 0.11658 0.12978 0.15673 0.19752 0.23749 0.27705 0.31731 0.35749 0.39611 0.43474 0.47434 0.51343 0.53112 0.52922 0.52848 0.52720 0.52471 0.52239 0.52235 0.52139 0.51785 0.51479 0.51582 0.51526 0.51052 0.50774 0.50888 0.50804 0.50251 0.50104 0.50242 0.50019 0.49520 0.49394 0.49494 0.49200 0.48746 0.48584 0.48671 0.48392 0.47905 0.47716 0.47792 0.47598 0.47008 0.46835 0.46857 0.46726 0.46435 0.45934 0.45802 0.45796 0.45550 0.45014 0.44827 0.44823 0.44580 0.44197 0.43854 0.43761 0.43626 0.43277 0.42851 0.42717 0.42652 0.42257 0.41847 0.41663 0.41586 0.41210 0.40817 0.40539 0.40464 0.40231 0.39828 0.39546 0.39306 0.39142 0.38841 0.38440 0.38138 0.38034 0.37739 0.37281 0.36973 0.36848 0.36540 0.36304 0.36041 0.35627 0.35330 0.35227 0.34952 0.34430 0.34141 0.33993 0.33733 0.33286 0.32961 0.32715 0.32491 0.32235 0.31827 0.31444 0.31240 0.31049 0.30743 0.30215 0.29999 0.29814 0.29551 0.29043 0.28787 0.28624 0.28317 0.27854 0.27599 0.27454 0.27079 0.26630 0.26378 0.26226 0.25850 0.25394 0.25134 0.25007 0.24649 0.24269 0.23890 0.23672 0.23500 0.23117 0.22705 0.22349 0.22321 0.22031 0.21539 0.21315 0.21112 0.20683 0.20384 0.20176 0.19883 0.19384 0.19220 0.19058 0.18680 0.18276 0.18034 0.17832 0.17519 0.17221 0.16835 0.16615 0.16303 0.16231 0.15922 0.15421 0.15172 0.15115 0.14831 0.14279 0.13354 0.11902 0.10175 0.08577 0.07223 0.05801 0.04351 0.03053 0.01828 0.00589 0.00000 0.00000 0.00000 0.00000 0.00000 0.00000 0.00000 0.00000 0.00000 0.00000 0.00000 0.00000 0.00000 0.00000 0.00000 0.00000 0.00000 0.00000 0.00000 0.00000 0.00000 0.00000 0.00000 0.00000 0.00000 0.00000 0.00000 0.00000 0.00000 0.00000 0.00000 0.00000 0.00000 0.00000 0.00000 0.00000 0.00000 0.00000 0.00000 0.00000 0.00000 0.00000 0.00000 0.00000 0.00000 0.00000 0.00000 0.00000 0.00000 0.00000 0.00000 0.00000 0.00000 0.00000 0.00000
0.00000 0.00000 0.00000 0.00000 0.00000 0.00000 0.00000 0.00000 0.00000 0.00000 0.00000 0.00000 0.00000 0.00000 0.00000 0.00000 0.00000 0.00000 0.00000 0.00000 0.00000 0.00000 0.00000 0.00000 0.00000 0.00000 0.00000 0.00000 0.00000 0.00000 0.00000 0.00000 0.00000 0.00000 0.00000 0.00000 0.00000 0.00000 0.00000 0.00000 0.00000 0.00000 0.00000 0.00000 0.00000 0.00000 0.00000 0.00000 0.00000 0.00000 0.00000 0.00000 0.00000 0.00000 0.00000 0.00000 0.00000 0.00000 0.00000 0.00000 0.00000 0.00000 0.00000 0.00000 0.00000 0.00000 0.00000 0.00000 0.00000 0.00000 0.00000 0.00000 0.00000 0.00000 0.00000 0.00000 0.00000 0.00000 0.00000 0.00000 0.00000 0.00000 0.00000 0.00000 0.00000 0.00976 0.02914 0.04852 0.06803 0.08705 0.10602 0.12527 0.14432 0.16264 0.18164 0.20914 0.24349 0.27731 0.31257 0.34779 0.38091 0.41387 0.44862 0.48295 0.51515 0.53023 0.52968 0.52861 0.52612 0.52381 0.52353 0.52238 0.51934 0.51654 0.51702 0.51634 0.51218 0.50948 0.50997 0.50949 0.50435 0.50224 0.50351 0.50204 0.49678 0.49515 0.49640 0.49380 0.48906 0.48718 0.48827 0.48562 0.48074 0.47859 0.47957 0.47760 0.47193 0.46997 0.47054 0.46887 0.46416 0.46114 0.46078 0.45959 0.45657 0.45178 0.45068 0.45035 0.44689 0.44263 0.44099 0.44040 0.43718 0.43350 0.43078 0.42998 0.42789 0.42341 0.42026 0.41953 0.41790 0.41283 0.40965 0.40843 0.40712 0.40305 0.39915 0.39700 0.39603 0.39402 0.38916 0.38575 0.38438 0.38265 0.37834 0.37449 0.37265 0.37077 0.36651 0.36386 0.36201 0.35880 0.35526 0.35409 0.35141 0.34643 0.34340 0.34216 0.33941 0.33410 0.33120 0.33038 0.32749 0.32237 0.31922 0.31820 0.31571 0.31101 0.30777 0.30526 0.30354 0.29932 0.29586 0.29270 0.29137 0.28757 0.28347 0.28150 0.27949 0.27550 0.27118 0.26975 0.26733 0.26279 0.25889 0.25787 0.25504 0.25005 0.24665 0.24625 0.24286 0.23787 0.23493 0.23280 0.23078 0.22701 0.22371 0.22005 0.21843 0.21641 0.21203 0.20848 0.20624 0.20290 0.20036 0.19704 0.19424 0.19038 0.18861 0.18664 0.18254 0.17922 0.17658 0.17438 0.17103 0.16886 0.16470 0.16207 0.15884 0.15846 0.15591 0.15026 0.14782 0.14740 0.14434 0.13199 0.11609 0.10225 0.08578 0.07043 0.05781 0.04391 0.03026 0.01777 0.00592 0.00000 0.00000 0.00000 0.00000 0.00000 0.00000 0.00000 0.00000 0.00000 0.00000 0.00000 0.00000 0.00000 0.00000 0.00000 0.00000 0.00000 0.00000 0.00000 0.00000 0.00000 0.00000 0.00000 0.00000 0.00000 0.00000 0.00000 0.00000 0.00000 0.00000 0.00000 0.00000 0.00000 0.00000 0.00000 0.00000 0.00000 0.00000 0.00000 0.00000 0.00000 0.00000 0.00000 0.00000 0.00000 0.00000 0.00000 0.00000 0.00000 0.00000 0.00000 0.00000 0.00000 0.00000 0.00000
0.00000 0.00000 0.00000 0.00000 0.00000 0.00000 0.00000 0.00000 0.00000 0.00000 0.00000 0.00000 0.00000 0.00000 0.00000 0.00000 0.00000 0.00000 0.00000 0.00000 0.00000 0.00000 0.00000 0.00000 0.00000 0.00000 0.00000 0.00000 0.00000 0.00000 0.00000 0.00000 0.00000 0.00000 0.00000 0.00000 0.00000 0.00000 0.00000 0.00000 0.00000 0.00000 0.00000 0.00000 0.00000 0.00000 0.00000 0.00000 0.00000 0.00000 0.00000 0.00000 0.00000 0.00000 0.00000 0.00000 0.00000 0.00000 0.00000 0.00000 0.00000 0.00000 0.00000 0.00000 0.00000 0.00000 0.00000 0.00000 0.00000 0.00000 0.00000 0.00000 0.00000 0.00000 0.00000 0.00000 0.00000 0.00000 0.00000 0.00000 0.00000 0.00000 0.00000 0.00000 0.00000 0.01249 0.03742 0.06273 0.08740 0.11161 0.13615 0.16116 0.18532 0.20951 0.23393 0.26020 0.28902 0.31894 0.34861 0.37611 0.40414 0.43384 0.46273 0.48942 0.51700 0.53126 0.52983 0.52716 0.52548 0.52518 0.52348 0.52040 0.51797 0.51879 0.51791 0.51324 0.51049 0.51188 0.51102 0.50538 0.50369 0.50527 0.50329 0.49809 0.49702 0.49774 0.49496 0.49075 0.48923 0.48977 0.48668 0.48231 0.48071 0.48136 0.47869 0.47355 0.47175 0.47233 0.47048 0.46515 0.46273 0.46238 0.46136 0.45852 0.45348 0.45195 0.45188 0.44918 0.44456 0.44209 0.44173 0.43939 0.43571 0.43201 0.43118 0.42978 0.42585 0.42194 0.42067 0.41960 0.41538 0.41182 0.40969 0.40849 0.40483 0.40169 0.39908 0.39692 0.39524 0.39207 0.38850 0.38523 0.38389 0.38137 0.37686 0.37353 0.37257 0.36978 0.36559 0.36209 0.36043 0.35759 0.35637 0.35339 0.34817 0.34534 0.34437 0.34124 0.33614 0.33348 0.33186 0.32877 0.32505 0.32223 0.31901 0.31624 0.31424 0.31135 0.30619 0.30379 0.30202 0.29958 0.29410 0.29142 0.28999 0.28730 0.28265 0.27941 0.27883 0.27502 0.27051 0.26741 0.26646 0.26275 0.25806 0.25510 0.25406 0.25066 0.24614 0.24269 0.24120 0.23894 0.23431 0.23080 0.22740 0.22703 0.22438 0.21927 0.21643 0.21469 0.21162 0.20756 0.20464 0.20252 0.19827 0.19597 0.19323 0.19055 0.18761 0.18440 0.18235 0.17880 0.17593 0.17264 0.17017 0.16698 0.16525 0.16139 0.15807 0.15487 0.15448 0.15228 0.14644 0.14415 0.14355 0.13302 0.11498 0.10029 0.08610 0.07008 0.05618 0.04395 0.03032 0.01770 0.00581 0.00000 0.00000 0.00000 0.00000 0.00000 0.00000 0.00000 0.00000 0.00000 0.00000 0.00000 0.00000 0.00000 0.00000 0.00000 0.00000 0.00000 0.00000 0.00000 0.00000 0.00000 0.00000 0.00000 0.00000 0.00000 0.00000 0.00000 0.00000 0.00000 0.00000 0.00000 0.00000 0.00000 0.00000 0.00000 0.00000 0.00000 0.00000 0.00000 0.00000 0.00000 0.00000 0.00000 0.00000 0.00000 0.00000 0.00000 0.00000 0.00000 0.00000 0.00000 0.00000 0.00000 0.00000 0.00000
0.00000 0.00000 0.00000 0.00000 0.00000 0.00000 0.00000 0.00000 0.00000 0.00000 0.00000 0.00000 0.00000 0.00000 0.00000 0.00000 0.00000 0.00000 0.00000 0.00000 0.00000 0.00000 0.00000 0.00000 0.00000 0.00000 0.00000 0.00000 0.00000 0.00000 0.00000 0.00000 0.00000 0.00000 0.00000 0.00000 0.00000 0.00000 0.00000 0.00000 0.00000 0.00000 0.00000 0.00000 0.00000 0.00000 0.00000 0.00000 0.00000 0.00000 0.00000 0.00000 0.00000 0.00000 0.00000 0.00000 0.00000 0.00000 0.00000 0.00000 0.00000 0.00000 0.00000 0.00000 0.00000 0.00000 0.00000 0.00000 0.00000 0.00000 0.00000 0.00000 0.00000 0.00000 0.00000 0.00000 0.00000 0.00000 0.00000 0.00000 0.00000 0.00000 0.00000 0.00000 0.00000 0.01530 0.04596 0.07635 0.10642 0.13668 0.16702 0.19618 0.22640 0.25695 0.28542 0.31086 0.33587 0.36064 0.38247 0.40461 0.42934 0.45346 0.47467 0.49638 0.52037 0.53154 0.52870 0.52661 0.52624 0.52468 0.52200 0.51966 0.51990 0.51868 0.51491 0.51242 0.51296 0.51223 0.50734 0.50514 0.50601 0.50508 0.49965 0.49816 0.49921 0.49684 0.49238 0.49049 0.49126 0.48849 0.48392 0.48204 0.48298 0.48037 0.47527 0.47317 0.47408 0.47215 0.46630 0.46433 0.46497 0.46302 0.45889 0.45513 0.45459 0.45374 0.45025 0.44577 0.44456 0.44416 0.44039 0.43652 0.43456 0.43391 0.43062 0.42671 0.42392 0.42349 0.42148 0.41626 0.41339 0.41277 0.41084 0.40534 0.40273 0.40138 0.39977 0.39739 0.39277 0.38989 0.38822 0.38642 0.38232 0.37826 0.37644 0.37502 0.37086 0.36685 0.36479 0.36343 0.35870 0.35677 0.35534 0.35114 0.34736 0.34569 0.34333 0.33855 0.33509 0.33385 0.33138 0.32600 0.32315 0.32246 0.31954 0.31445 0.31174 0.30998 0.30728 0.30255 0.30002 0.29734 0.29485 0.29091 0.28767 0.28604 0.28289 0.27919 0.27526 0.27434 0.27105 0.26675 0.26296 0.26200 0.25894 0.25408 0.25074 0.25007 0.24671 0.24165 0.23884 0.23732 0.23448 0.22937 0.22759 0.22401 0.22209 0.22063 0.21600 0.21215 0.20982 0.20773 0.20415 0.19989 0.19789 0.19485 0.19246 0.19004 0.18624 0.18398 0.18071 0.17825 0.17469 0.17227 0.16882 0.16611 0.16286 0.16146 0.15821 0.15405 0.15092 0.15083 0.14830 0.14257 0.14035 0.13289 0.11568 0.09862 0.08466 0.07083 0.05578 0.04241 0.03052 0.01772 0.00571 0.00000 0.00000 0.00000 0.00000 0.00000 0.00000 0.00000 0.00000 0.00000 0.00000 0.00000 0.00000 0.00000 0.00000 0.00000 0.00000 0.00000 0.00000 0.00000 0.00000 0.00000 0.00000 0.00000 0.00000 0.00000 0.00000 0.00000 0.00000 0.00000 0.00000 0.00000 0.00000 0.00000 0.00000 0.00000 0.00000 0.00000 0.00000 0.00000 0.00000 0.00000 0.00000 0.00000 0.00000 0.00000 0.00000 0.00000 0.00000 0.00000 0.00000 0.00000 0.00000 0.00000 0.00000 0.00000
0.00000 0.00000 0.00000 0.00000 0.00000 0.00000 0.00000 0.00000 0.00000 0.00000 0.00000 0.00000 0.00000 0.00000 0.00000 0.00000 0.00000 0.00000 0.00000 0.00000 0.00000 0.00000 0.00000 0.00000 0.00000 0.00000 0.00000 0.00000 0.00000 0.00000 0.00000 0.00000 0.00000 0.00000 0.00000 0.00000 0.00000 0.00000 0.00000 0.00000 0.00000 0.00000 0.00000 0.00000 0.00000 0.00000 0.00000 0.00000 0.00000 0.00000 0.00000 0.00000 0.00000 0.00000 0.00000 0.00000 0.00000 0.00000 0.00000 0.00000 0.00000 0.00000 0.00000 0.00000 0.00000 0.00000 0.00000 0.00000 0.00000 0.00000 0.00000 0.00000 0.00000 0.00000 0.00000 0.00000 0.00000 0.00000 0.00000 0.00000 0.00000 0.00000 0.00000 0.00000 0.00000 0.01817 0.05438 0.08981 0.12533 0.16199 0.19752 0.23236 0.26745 0.30234 0.33670 0.36406 0.38296 0.39930 0.41647 0.43598 0.45458 0.47014 0.48687 0.50581 0.52357 0.52981 0.52811 0.52771 0.52587 0.52315 0.52140 0.52151 0.51992 0.51605 0.51334 0.51473 0.51406 0.50847 0.50633 0.50775 0.50641 0.50071 0.49989 0.50052 0.49800 0.49438 0.49248 0.49226 0.48958 0.48578 0.48418 0.48440 0.48132 0.47696 0.47528 0.47577 0.47331 0.46801 0.46614 0.46646 0.46454 0.46035 0.45691 0.45603 0.45523 0.45239 0.44779 0.44575 0.44547 0.44269 0.43872 0.43572 0.43514 0.43260 0.42905 0.42541 0.42469 0.42300 0.41873 0.41562 0.41407 0.41225 0.40787 0.40524 0.40320 0.40072 0.39785 0.39562 0.39309 0.38907 0.38728 0.38524 0.38113 0.37739 0.37615 0.37386 0.36951 0.36565 0.36451 0.36190 0.35917 0.35561 0.35228 0.34964 0.34831 0.34515 0.34000 0.33739 0.33616 0.33261 0.32795 0.32620 0.32355 0.32006 0.31764 0.31527 0.31066 0.30762 0.30599 0.30356 0.29811 0.29523 0.29392 0.29129 0.28669 0.28299 0.28255 0.27908 0.27469 0.27099 0.27051 0.26693 0.26219 0.25889 0.25810 0.25480 0.24989 0.24661 0.24550 0.24282 0.23777 0.23460 0.23209 0.23083 0.22650 0.22312 0.22035 0.21842 0.21622 0.21147 0.20840 0.20612 0.20333 0.19976 0.19586 0.19421 0.19212 0.18824 0.18555 0.18253 0.18038 0.17670 0.17404 0.17081 0.16864 0.16517 0.16211 0.15869 0.15755 0.15485 0.15018 0.14718 0.14699 0.14424 0.13884 0.13042 0.11572 0.09882 0.08308 0.06986 0.05608 0.04255 0.02995 0.01761 0.00569 0.00000 0.00000 0.00000 0.00000 0.00000 0.00000 0.00000 0.00000 0.00000 0.00000 0.00000 0.00000 0.00000 0.00000 0.00000 0.00000 0.00000 0.00000 0.00000 0.00000 0.00000 0.00000 0.00000 0.00000 0.00000 0.00000 0.00000 0.00000 0.00000 0.00000 0.00000 0.00000 0.00000 0.00000 0.00000 0.00000 0.00000 0.00000 0.00000 0.00000 0.00000 0.00000 0.00000 0.00000 0.00000 0.00000 0.00000 0.00000 0.00000 0.00000 0.00000 0.00000 0.00000 0.00000 0.00000
0.00000 0.00000 0.00000 0.00000 0.00000 0.00000 0.00000 0.00000 0.00000 0.00000 0.00000 0.00000 0.00000 0.00000 0.00000 0.00000 0.00000 0.00000 0.00000 0.00000 0.00000 0.00000 0.00000 0.00000 0.00000 0.00000 0.00000 0.00000 0.00000 0.00000 0.00000 0.00000 0.00000 0.00000 0.00000 0.00000 0.00000 0.00000 0.00000 0.00000 0.00000 0.00000 0.00000 0.00000 0.00000 0.00000 0.00000 0.00000 0.00000 0.00000 0.00000 0.00000 0.00000 0.00000 0.00000 0.00000 0.00000 0.00000 0.00000 0.00000 0.00000 0.00000 0.00000 0.00000 0.00000 0.00000 0.00000 0.00000 0.00000 0.00000 0.00000 0.00000 0.00000 0.00000 0.00000 0.00000 0.00000 0.00000 0.00000 0.00000 0.00000 0.00000 0.00000 0.00000 0.00000 0.02091 0.06238 0.10384 0.14562 0.18626 0.22730 0.26899 0.30862 0.34772 0.38928 0.41704 0.42751 0.43877 0.45303 0.46669 0.47678 0.48750 0.50145 0.51470 0.52474 0.52885 0.52868 0.52748 0.52487 0.52283 0.52250 0.52055 0.51781 0.51542 0.51578 0.51485 0.51045 0.50819 0.50835 0.50795 0.50246 0.50106 0.50199 0.49990 0.49594 0.49368 0.49375 0.49147 0.48737 0.48544 0.48596 0.48314 0.47858 0.47661 0.47746 0.47503 0.46967 0.46755 0.46840 0.46629 0.46086 0.45840 0.45875 0.45706 0.45308 0.44921 0.44830 0.44761 0.44381 0.43982 0.43825 0.43763 0.43348 0.43002 0.42807 0.42734 0.42388 0.41972 0.41737 0.41685 0.41450 0.40897 0.40656 0.40607 0.40336 0.39855 0.39640 0.39479 0.39196 0.38963 0.38625 0.38246 0.38022 0.37866 0.37496 0.37076 0.36850 0.36735 0.36296 0.35957 0.35757 0.35563 0.35105 0.34887 0.34736 0.34316 0.33904 0.33718 0.33521 0.33047 0.32708 0.32556 0.32336 0.31813 0.31579 0.31433 0.31101 0.30643 0.30414 0.30174 0.29847 0.29439 0.29204 0.28997 0.28618 0.28273 0.27965 0.27846 0.27433 0.27057 0.26725 0.26613 0.26255 0.25813 0.25497 0.25391 0.25049 0.24562 0.24290 0.24157 0.23822 0.23295 0.23138 0.22800 0.22586 0.22404 0.21994 0.21649 0.21351 0.21217 0.20808 0.20384 0.20145 0.19971 0.19628 0.19158 0.18985 0.18867 0.18464 0.18158 0.17842 0.17640 0.17292 0.16997 0.16680 0.16480 0.16143 0.15801 0.15484 0.15387 0.15124 0.14619 0.14324 0.14352 0.14045 0.12855 0.11326 0.09921 0.08355 0.06865 0.05549 0.04230 0.02979 0.01763 0.00570 0.00000 0.00000 0.00000 0.00000 0.00000 0.00000 0.00000 0.00000 0.00000 0.00000 0.00000 0.00000 0.00000 0.00000 0.00000 0.00000 0.00000 0.00000 0.00000 0.00000 0.00000 0.00000 0.00000 0.00000 0.00000 0.00000 0.00000 0.00000 0.00000 0.00000 0.00000 0.00000 0.00000 0.00000 0.00000 0.00000 0.00000 0.00000 0.00000 0.00000 0.00000 0.00000 0.00000 0.00000 0.00000 0.00000 0.00000 0.00000 0.00000 0.00000 0.00000 0.00000 0.00000 0.00000 0.00000
0.00000 0.00000 0.00000 0.00000 0.00000 0.00000 0.00000 0.00000 0.00000 0.00000 0.00000 0.00000 0.00000 0.00000 0.00000 0.00000 0.00000 0.00000 0.00000 0.00000 0.00000 0.00000 0.00000 0.00000 0.00000 0.00000 0.00000 0.00000 0.00000 0.00000 0.00000 0.00000 0.00000 0.00000 0.00000 0.00000 0.00000 0.00000 0.00000 0.00000 0.00000 0.00000 0.00000 0.00000 0.00000 0.00000 0.00000 0.00000 0.00000 0.00000 0.00000 0.00000 0.00000 0.00000 0.00000 0.00000 0.00000 0.00000 0.00000 0.00000 0.00000 0.00000 0.00000 0.00000 0.00000 0.00000 0.00000 0.00000 0.00000 0.00000 0.00000 0.00000 0.00000 0.00000 0.00000 0.00000 0.00000 0.00000 0.00000 0.00000 0.00000 0.00000 0.00000 0.00000 0.00000 0.02358 0.07048 0.11832 0.16532 0.21106 0.25681 0.30375 0.34968 0.39573 0.44159 0.46623 0.47275 0.48145 0.48910 0.49364 0.49945 0.50824 0.51592 0.52044 0.52620 0.53006 0.52879 0.52609 0.52449 0.52394 0.52169 0.51902 0.51685 0.51741 0.51665 0.51164 0.50906 0.51011 0.50954 0.50348 0.50256 0.50346 0.50111 0.49799 0.49557 0.49467 0.49259 0.48958 0.48749 0.48692 0.48417 0.48052 0.47881 0.47887 0.47593 0.47145 0.46970 0.46998 0.46741 0.46254 0.46052 0.46019 0.45823 0.45487 0.45148 0.44962 0.44875 0.44610 0.44219 0.43940 0.43878 0.43582 0.43239 0.42945 0.42852 0.42514 0.42213 0.41989 0.41811 0.41557 0.41146 0.40932 0.40750 0.40432 0.40035 0.39924 0.39737 0.39283 0.39012 0.38911 0.38571 0.38123 0.37934 0.37781 0.37376 0.36953 0.36820 0.36603 0.36251 0.35785 0.35639 0.35392 0.35177 0.34877 0.34415 0.34143 0.34003 0.33646 0.33179 0.33011 0.32767 0.32388 0.32031 0.31930 0.31509 0.31147 0.31009 0.30751 0.30224 0.29917 0.29796 0.29524 0.29026 0.28695 0.28623 0.28290 0.27857 0.27479 0.27438 0.27081 0.26622 0.26274 0.26212 0.25882 0.25382 0.25061 0.24968 0.24675 0.24155 0.23853 0.23693 0.23462 0.22871 0.22691 0.22478 0.22224 0.22032 0.21541 0.21268 0.20980 0.20765 0.20367 0.19991 0.19773 0.19571 0.19207 0.18799 0.18615 0.18478 0.18062 0.17734 0.17459 0.17256 0.16915 0.16599 0.16278 0.16083 0.15794 0.15415 0.15063 0.15007 0.14749 0.14249 0.14011 0.13998 0.12929 0.11208 0.09770 0.08375 0.06879 0.05483 0.04212 0.02941 0.01744 0.00572 0.00000 0.00000 0.00000 0.00000 0.00000 0.00000 0.00000 0.00000 0.00000 0.00000 0.00000 0.00000 0.00000 0.00000 0.00000 0.00000 0.00000 0.00000 0.00000 0.00000 0.00000 0.00000 0.00000 0.00000 0.00000 0.00000 0.00000 0.00000 0.00000 0.00000 0.00000 0.00000 0.00000 0.00000 0.00000 0.00000 0.00000 0.00000 0.00000 0.00000 0.00000 0.00000 0.00000 0.00000 0.00000 0.00000 0.00000 0.00000 0.00000 0.00000 0.00000 0.00000 0.00000 0.00000 0.00000
0.00000 0.00000 0.00000 0.00000 0.00000 0.00000 0.00000 0.00000 0.00000 0.00000 0.00000 0.00000 0.00000 0.00000 0.00000 0.00000 0.00000 0.00000 0.00000 0.00000 0.00000 0.00000 0.00000 0.00000 0.00000 0.00000 0.00000 0.00000 0.00000 0.00000 0.00000 0.00000 0.00000 0.00000 0.00000 0.00000 0.00000 0.00000 0.00000 0.00000 0.00000 0.00000 0.00000 0.00000 0.00000 0.00000 0.00000 0.00000 0.00000 0.00000 0.00000 0.00000 0.00000 0.00000 0.00000 0.00000 0.00000 0.00000 0.00000 0.00000 0.00000 0.00000 0.00000 0.00000 0.00000 0.00000 0.00000 0.00000 0.00000 0.00000 0.00000 0.00000 0.00000 0.00000 0.00000 0.00000 0.00000 0.00000 0.00000 0.00000 0.00000 0.00000 0.00000 0.00000 0.00000 0.02641 0.07940 0.13169 0.18382 0.23621 0.28802 0.33880 0.39085 0.44287 0.49212 0.51714 0.52030 0.52273 0.52201 0.52202 0.52532 0.52815 0.52728 0.52675 0.52970 0.53076 0.52781 0.52547 0.52484 0.52296 0.52084 0.51889 0.51841 0.51645 0.51357 0.51143 0.51096 0.51062 0.50620 0.50399 0.50285 0.50294 0.49999 0.49675 0.49612 0.49449 0.49123 0.48869 0.48840 0.48609 0.48210 0.48006 0.48049 0.47780 0.47306 0.47104 0.47174 0.46923 0.46395 0.46193 0.46242 0.46001 0.45530 0.45300 0.45228 0.45064 0.44710 0.44360 0.44181 0.44097 0.43703 0.43355 0.43207 0.43096 0.42602 0.42322 0.42238 0.42067 0.41705 0.41266 0.41115 0.41008 0.40657 0.40180 0.40045 0.39921 0.39544 0.39185 0.39033 0.38721 0.38385 0.38164 0.37902 0.37503 0.37225 0.37083 0.36712 0.36341 0.36074 0.35957 0.35473 0.35217 0.35100 0.34759 0.34304 0.34059 0.33896 0.33521 0.33101 0.32842 0.32713 0.32252 0.32000 0.31763 0.31471 0.31106 0.30832 0.30568 0.30217 0.29867 0.29637 0.29346 0.28974 0.28677 0.28420 0.28190 0.27753 0.27461 0.27186 0.26998 0.26573 0.26218 0.25951 0.25778 0.25399 0.24971 0.24723 0.24559 0.24193 0.23720 0.23531 0.23298 0.22965 0.22511 0.22381 0.22110 0.21731 0.21615 0.21206 0.20802 0.20509 0.20383 0.20019 0.19553 0.19331 0.19214 0.18856 0.18423 0.18201 0.18065 0.17694 0.17352 0.17061 0.16859 0.16535 0.16193 0.15897 0.15704 0.15419 0.14992 0.14711 0.14676 0.14344 0.13907 0.13713 0.12933 0.11276 0.09702 0.08200 0.06847 0.05564 0.04218 0.02911 0.01701 0.00563 0.00000 0.00000 0.00000 0.00000 0.00000 0.00000 0.00000 0.00000 0.00000 0.00000 0.00000 0.00000 0.00000 0.00000 0.00000 0.00000 0.00000 0.00000 0.00000 0.00000 0.00000 0.00000 0.00000 0.00000 0.00000 0.00000 0.00000 0.00000 0.00000 0.00000 0.00000 0.00000 0.00000 0.00000 0.00000 0.00000 0.00000 0.00000 0.00000 0.00000 0.00000 0.00000 0.00000 0.00000 0.00000 0.00000 0.00000 0.00000 0.00000 0.00000 0.00000 0.00000 0.00000 0.00000 0.00000
0.00000 0.00000 0.00000 0.00000 0.00000 0.00000 0.00000 0.00000 0.00000 0.00000 0.00000 0.00000 0.00000 0.00000 0.00000 0.00000 0.00000 0.00000 0.00000 0.00000 0.00000 0.00000 0.00000 0.00000 0.00000 0.00000 0.00000 0.00000 0.00000 0.00000 0.00000 0.00000 0.00000 0.00000 0.00000 0.00000 0.00000 0.00000 0.00000 0.00000 0.00000 0.00000 0.00000 0.00000 0.00000 0.00000 0.00000 0.00000 0.00000 0.00000 0.00000 0.00000 0.00000 0.00000 0.00000 0.00000 0.00000 0.00000 0.00000 0.00000 0.00000 0.00000 0.00000 0.00000 0.00000 0.00000 0.00000 0.00000 0.00000 0.00000 0.00000 0.00000 0.00000 0.00000 0.00000 0.00142 0.00423 0.00706 0.00992 0.01268 0.01539 0.01822 0.02110 0.02373 0.02637 0.05439 0.10733 0.15926 0.21111 0.26369 0.31548 0.36709 0.41830 0.46824 0.51881 0.54497 0.54380 0.54020 0.53832 0.53906 0.53852 0.53474 0.53209 0.53251 0.53200 0.52899 0.52697 0.52620 0.52425 0.52211 0.52065 0.51993 0.51766 0.51479 0.51228 0.51272 0.51258 0.50741 0.50516 0.50440 0.50431 0.50170 0.49848 0.49709 0.49564 0.49357 0.49068 0.48916 0.48717 0.48437 0.48218 0.48149 0.47877 0.47503 0.47329 0.47318 0.47017 0.46576 0.46431 0.46394 0.46088 0.45696 0.45559 0.45366 0.45140 0.44917 0.44626 0.44306 0.44179 0.43953 0.43612 0.43302 0.43197 0.42849 0.42567 0.42423 0.42188 0.41772 0.41506 0.41415 0.41145 0.40736 0.40416 0.40334 0.40085 0.39645 0.39308 0.39307 0.39002 0.38505 0.38224 0.38170 0.37826 0.37333 0.37136 0.36996 0.36662 0.36163 0.36018 0.35789 0.35534 0.35143 0.34834 0.34560 0.34371 0.34042 0.33618 0.33374 0.33152 0.32776 0.32392 0.32344 0.31908 0.31541 0.31437 0.31146 0.30652 0.30317 0.30221 0.29917 0.29411 0.29111 0.29017 0.28673 0.28226 0.27901 0.27828 0.27436 0.27013 0.26688 0.26611 0.26234 0.25778 0.25479 0.25379 0.25048 0.24545 0.24267 0.24135 0.23839 0.23301 0.23080 0.22910 0.22608 0.22177 0.21930 0.21722 0.21361 0.21156 0.20766 0.20410 0.20129 0.19956 0.19602 0.19156 0.18954 0.18838 0.18458 0.18039 0.17819 0.17663 0.17316 0.16959 0.16662 0.16449 0.16181 0.15814 0.15489 0.15289 0.15066 0.14617 0.14313 0.14369 0.13974 0.13589 0.12812 0.11386 0.09857 0.08407 0.07035 0.05792 0.04610 0.03362 0.02165 0.01073 0.00521 0.00455 0.00387 0.00322 0.00272 0.00220 0.00163 0.00114 0.00068 0.00022 0.00000 0.00000 0.00000 0.00000 0.00000 0.00000 0.00000 0.00000 0.00000 0.00000 0.00000 0.00000 0.00000 0.00000 0.00000 0.00000 0.00000 0.00000 0.00000 0.00000 0.00000 0.00000 0.00000 0.00000 0.00000 0.00000 0.00000 0.00000 0.00000 0.00000 0.00000 0.00000 0.00000 0.00000 0.00000 0.00000 0.00000 0.00000 0.00000 0.00000 0.00000 0.00000 0.00000 0.00000 0.00000
0.00000 0.00000 0.00000 0.00000 0.00000 0.00000 0.00000 0.00000 0.00000 0.00000 0.00000 0.00000 0.00000 0.00000 0.00000 0.00000 0.00000 0.00000 0.00000 0.00000 0.00000 0.00000 0.00000 0.00000 0.00000 0.00000 0.00000 0.00000 0.00000 0.00000 0.00000 0.00000 0.00000 0.00000 0.00000 0.00000 0.00000 0.00000 0.00000 0.00000 0.00000 0.00000 0.00000 0.00000 0.00000 0.00000 0.00000 0.00000 0.00000 0.00000 0.00000 0.00000 0.00000 0.00000 0.00000 0.00000 0.00000 0.00000 0.00000 0.00000 0.00000 0.00000 0.00000 0.00000 0.00000 0.00000 0.00000 0.00000 0.00000 0.00000 0.00000 0.00000 0.00000 0.00000 0.00000 0.00424 0.01275 0.02126 0.02960 0.03793 0.04644 0.05476 0.06290 0.07123 0.07954 0.10707 0.15421 0.20114 0.24758 0.29341 0.34023 0.38652 0.43126 0.47613 0.52259 0.54485 0.54187 0.53980 0.54000 0.53953 0.53629 0.53304 0.53353 0.53393 0.53058 0.52751 0.52715 0.52614 0.52387 0.52205 0.52090 0.51824 0.51664 0.51501 0.51376 0.51246 0.50960 0.50718 0.50510 0.50581 0.50396 0.49970 0.49788 0.49752 0.49538 0.49186 0.49052 0.48910 0.48598 0.48338 0.48300 0.48074 0.47659 0.47454 0.47486 0.47218 0.46732 0.46564 0.46580 0.46290 0.45808 0.45706 0.45608 0.45318 0.44976 0.44785 0.44552 0.44362 0.44086 0.43751 0.43526 0.43413 0.42984 0.42689 0.42654 0.42427 0.41914 0.41631 0.41614 0.41387 0.40913 0.40561 0.40512 0.40304 0.39853 0.39478 0.39464 0.39175 0.38731 0.38426 0.38319 0.37978 0.37579 0.37361 0.37111 0.36777 0.36456 0.36299 0.35867 0.35604 0.35406 0.35167 0.34697 0.34423 0.34273 0.33972 0.33487 0.33212 0.33070 0.32763 0.32450 0.32000 0.31840 0.31614 0.31264 0.30919 0.30586 0.30352 0.30064 0.29705 0.29347 0.29130 0.28857 0.28509 0.28109 0.27901 0.27635 0.27340 0.26890 0.26642 0.26414 0.26149 0.25712 0.25388 0.25185 0.24945 0.24540 0.24140 0.23956 0.23722 0.23337 0.22904 0.22772 0.22480 0.22115 0.21912 0.21602 0.21227 0.20887 0.20772 0.20417 0.19962 0.19682 0.19582 0.19253 0.18751 0.18539 0.18444 0.18102 0.17680 0.17422 0.17256 0.16943 0.16569 0.16283 0.16061 0.15798 0.15412 0.15147 0.14916 0.14670 0.14261 0.14055 0.14000 0.13559 0.12785 0.11387 0.10101 0.08950 0.07646 0.06370 0.05230 0.04250 0.03168 0.02099 0.01510 0.01365 0.01166 0.00968 0.00794 0.00654 0.00489 0.00335 0.00202 0.00066 0.00000 0.00000 0.00000 0.00000 0.00000 0.00000 0.00000 0.00000 0.00000 0.00000 0.00000 0.00000 0.00000 0.00000 0.00000 0.00000 0.00000 0.00000 0.00000 0.00000 0.00000 0.00000 0.00000 0.00000 0.00000 0.00000 0.00000 0.00000 0.00000 0.00000 0.00000 0.00000 0.00000 0.00000 0.00000 0.00000 0.00000 0.00000 0.00000 0.00000 0.00000 0.00000 0.00000 0.00000 0.00000
0.00000 0.00000 0.00000 0.00000 0.00000 0.00000 0.00000 0.00000 0.00000 0.00000 0.00000 0.00000 0.00000 0.00000 0.00000 0.00000 0.00000 0.00000 0.00000 0.00000 0.00000 0.00000 0.00000 0.00000 0.00000 0.00000 0.00000 0.00000 0.00000 0.00000 0.00000 0.00000 0.00000 0.00000 0.00000 0.00000 0.00000 0.00000 0.00000 0.00000 0.00000 0.00000 0.00000 0.00000 0.00000 0.00000 0.00000 0.00000 0.00000 0.00000 0.00000 0.00000 0.00000 0.00000 0.00000 0.00000 0.00000 0.00000 0.00000 0.00000 0.00000 0.00000 0.00000 0.00000 0.00000 0.00000 0.00000 0.00000 0.00000 0.00000 0.00000 0.00000 0.00000 0.00000 0.00000 0.00708 0.02132 0.03539 0.04916 0.06322 0.07765 0.09139 0.10456 0.11834 0.13286 0.16038 0.20102 0.24208 0.28344 0.32471 0.36496 0.40422 0.44453 0.48593 0.52538 0.54230 0.54119 0.54182 0.54047 0.53672 0.53450 0.53527 0.53497 0.53148 0.52895 0.52862 0.52743 0.52511 0.52363 0.52238 0.51957 0.51785 0.51648 0.51549 0.51396 0.51068 0.50812 0.50736 0.50748 0.50431 0.50112 0.49900 0.49879 0.49758 0.49375 0.49131 0.49020 0.48838 0.48545 0.48373 0.48177 0.47887 0.47669 0.47594 0.47317 0.46927 0.46792 0.46734 0.46381 0.45982 0.45953 0.45760 0.45393 0.45135 0.45050 0.44686 0.44424 0.44322 0.44030 0.43635 0.43477 0.43260 0.42958 0.42723 0.42521 0.42128 0.41876 0.41825 0.41522 0.41032 0.40793 0.40755 0.40456 0.39979 0.39687 0.39690 0.39368 0.38885 0.38562 0.38548 0.38241 0.37716 0.37436 0.37373 0.37087 0.36541 0.36342 0.36179 0.35937 0.35489 0.35228 0.34961 0.34752 0.34458 0.34052 0.33686 0.33540 0.33187 0.32859 0.32762 0.32310 0.31954 0.31749 0.31542 0.31069 0.30726 0.30621 0.30304 0.29827 0.29527 0.29407 0.29059 0.28616 0.28328 0.28197 0.27803 0.27397 0.27127 0.26993 0.26566 0.26169 0.25924 0.25778 0.25371 0.24941 0.24706 0.24549 0.24193 0.23709 0.23494 0.23320 0.22984 0.22494 0.22321 0.22133 0.21749 0.21459 0.21164 0.20842 0.20504 0.20334 0.20005 0.19560 0.19296 0.19188 0.18863 0.18376 0.18153 0.18058 0.17726 0.17306 0.17023 0.16838 0.16586 0.16206 0.15875 0.15617 0.15458 0.15069 0.14751 0.14494 0.14333 0.14060 0.13739 0.13663 0.12749 0.11544 0.10308 0.09223 0.08223 0.07050 0.05944 0.04986 0.04126 0.03159 0.02512 0.02189 0.01941 0.01628 0.01327 0.01050 0.00818 0.00568 0.00323 0.00108 0.00000 0.00000 0.00000 0.00000 0.00000 0.00000 0.00000 0.00000 0.00000 0.00000 0.00000 0.00000 0.00000 0.00000 0.00000 0.00000 0.00000 0.00000 0.00000 0.00000 0.00000 0.00000 0.00000 0.00000 0.00000 0.00000 0.00000 0.00000 0.00000 0.00000 0.00000 0.00000 0.00000 0.00000 0.00000 0.00000 0.00000 0.00000 0.00000 0.00000 0.00000 0.00000 0.00000 0.00000 0.00000
0.00000 0.00000 0.00000 0.00000 0.00000 0.00000 0.00000 0.00000 0.00000 0.00000 0.00000 0.00000 0.00000 0.00000 0.00000 0.00000 0.00000 0.00000 0.00000 0.00000 0.00000 0.00000 0.00000 0.00000 0.00000 0.00000 0.00000 0.00000 0.00000 0.00000 0.00000 0.00000 0.00000 0.00000 0.00000 0.00000 0.00000 0.00000 0.00000 0.00000 0.00000 0.00000 0.00000 0.00000 0.00000 0.00000 0.00000 0.00000 0.00000 0.00000 0.00000 0.00000 0.00000 0.00000 0.00000 0.00000 0.00000 0.00000 0.00000 0.00000 0.00000 0.00000 0.00000 0.00000 0.00000 0.00000 0.00000 0.00000 0.00000 0.00000 0.00000 0.00000 0.00000 0.00000 0.00000 0.00996 0.02975 0.04932 0.06910 0.08872 0.10826 0.12773 0.14674 0.16582 0.18579 0.21339 0.24796 0.28314 0.31990 0.35519 0.38869 0.42317 0.45930 0.49374 0.52636 0.54255 0.54264 0.54136 0.53845 0.53601 0.53624 0.53629 0.53296 0.52945 0.52970 0.52956 0.52665 0.52446 0.52344 0.52126 0.51954 0.51826 0.51661 0.51378 0.51251 0.51070 0.50847 0.50802 0.50627 0.50261 0.49977 0.50053 0.49934 0.49493 0.49255 0.49210 0.49005 0.48666 0.48514 0.48371 0.48044 0.47789 0.47753 0.47523 0.47079 0.46905 0.46908 0.46607 0.46137 0.46054 0.45958 0.45612 0.45209 0.45183 0.44929 0.44613 0.44443 0.44177 0.43852 0.43665 0.43415 0.43095 0.42906 0.42735 0.42281 0.42003 0.42020 0.41754 0.41217 0.40937 0.40938 0.40683 0.40157 0.39849 0.39872 0.39570 0.39071 0.38746 0.38731 0.38418 0.37923 0.37642 0.37518 0.37237 0.36803 0.36566 0.36261 0.36032 0.35816 0.35533 0.35083 0.34816 0.34684 0.34391 0.33886 0.33601 0.33389 0.33202 0.32915 0.32385 0.32209 0.32021 0.31705 0.31222 0.30959 0.30808 0.30488 0.30054 0.29725 0.29574 0.29278 0.28853 0.28492 0.28344 0.28057 0.27658 0.27255 0.27083 0.26842 0.26486 0.26042 0.25816 0.25629 0.25310 0.24861 0.24561 0.24403 0.24115 0.23690 0.23320 0.23184 0.22886 0.22494 0.22160 0.21999 0.21653 0.21277 0.21122 0.20817 0.20380 0.20055 0.19954 0.19650 0.19130 0.18879 0.18815 0.18509 0.18015 0.17761 0.17652 0.17359 0.16938 0.16642 0.16441 0.16206 0.15822 0.15524 0.15245 0.15065 0.14737 0.14460 0.14217 0.13924 0.13837 0.13478 0.12753 0.11629 0.10691 0.09566 0.08527 0.07741 0.06782 0.05784 0.04907 0.04227 0.03558 0.03045 0.02596 0.02292 0.01860 0.01456 0.01144 0.00797 0.00454 0.00146 0.00000 0.00000 0.00000 0.00000 0.00000 0.00000 0.00000 0.00000 0.00000 0.00000 0.00000 0.00000 0.00000 0.00000 0.00000 0.00000 0.00000 0.00000 0.00000 0.00000 0.00000 0.00000 0.00000 0.00000 0.00000 0.00000 0.00000 0.00000 0.00000 0.00000 0.00000 0.00000 0.00000 0.00000 0.00000 0.00000 0.00000 0.00000 0.00000 0.00000 0.00000 0.00000 0.00000 0.00000 0.00000
0.00000 0.00000 0.00000 0.00000 0.00000 0.00000 0.00000 0.00000 0.00000 0.00000 0.00000 0.00000 0.00000 0.00000 0.00000 0.00000 0.00000 0.00000 0.00000 0.00000 0.00000 0.00000 0.00000 0.00000 0.00000 0.00000 0.00000 0.00000 0.00000 0.00000 0.00000 0.00000 0.00000 0.00000 0.00000 0.00000 0.00000 0.00000 0.00000 0.00000 0.00000 0.00000 0.00000 0.00000 0.00000 0.00000 0.00000 0.00000 0.00000 0.00000 0.00000 0.00000 0.00000 0.00000 0.00000 0.00000 0.00000 0.00000 0.00000 0.00000 0.00000 0.00000 0.00000 0.00000 0.00000 0.00000 0.00000 0.00000 0.00000 0.00000 0.00000 0.00000 0.00000 0.00000 0.00000 0.01280 0.03805 0.06339 0.08927 0.11439 0.13853 0.16340 0.18939 0.21453 0.23821 0.26459 0.29545 0.32650 0.35561 0.38332 0.41317 0.44444 0.47295 0.49933 0.52871 0.54468 0.54256 0.53859 0.53735 0.53827 0.53725 0.53338 0.53087 0.53142 0.53072 0.52773 0.52600 0.52496 0.52259 0.52073 0.51976 0.51832 0.51512 0.51352 0.51188 0.51055 0.50960 0.50687 0.50356 0.50180 0.50215 0.50063 0.49654 0.49358 0.49325 0.49227 0.48873 0.48586 0.48472 0.48289 0.48003 0.47825 0.47625 0.47303 0.47120 0.47036 0.46710 0.46320 0.46278 0.46131 0.45712 0.45362 0.45415 0.45087 0.44709 0.44634 0.44434 0.43995 0.43730 0.43675 0.43382 0.42968 0.42783 0.42553 0.42278 0.42153 0.41860 0.41422 0.41174 0.41119 0.40832 0.40342 0.40072 0.40032 0.39732 0.39270 0.38949 0.38904 0.38609 0.38114 0.37803 0.37731 0.37463 0.36887 0.36654 0.36579 0.36323 0.35930 0.35573 0.35352 0.35153 0.34868 0.34468 0.34077 0.33928 0.33643 0.33292 0.33021 0.32700 0.32399 0.32119 0.31929 0.31472 0.31143 0.30977 0.30687 0.30243 0.29942 0.29784 0.29441 0.29026 0.28745 0.28565 0.28186 0.27801 0.27545 0.27349 0.26929 0.26564 0.26363 0.26149 0.25699 0.25336 0.25160 0.24946 0.24512 0.24112 0.23933 0.23725 0.23339 0.22887 0.22728 0.22515 0.22132 0.21744 0.21560 0.21275 0.20895 0.20680 0.20405 0.19986 0.19667 0.19534 0.19270 0.18742 0.18494 0.18438 0.18137 0.17663 0.17367 0.17234 0.16998 0.16590 0.16236 0.16004 0.15862 0.15517 0.15126 0.14807 0.14740 0.14510 0.14085 0.13909 0.13632 0.13456 0.12702 0.11794 0.10917 0.09993 0.09001 0.08204 0.07538 0.06653 0.05810 0.05113 0.04587 0.03913 0.03359 0.02845 0.02403 0.01911 0.01412 0.01010 0.00594 0.00190 0.00000 0.00000 0.00000 0.00000 0.00000 0.00000 0.00000 0.00000 0.00000 0.00000 0.00000 0.00000 0.00000 0.00000 0.00000 0.00000 0.00000 0.00000 0.00000 0.00000 0.00000 0.00000 0.00000 0.00000 0.00000 0.00000 0.00000 0.00000 0.00000 0.00000 0.00000 0.00000 0.00000 0.00000 0.00000 0.00000 0.00000 0.00000 0.00000 0.00000 0.00000 0.00000 0.00000 0.00000 0.00000
0.00000 0.00000 0.00000 0.00000 0.00000 0.00000 0.00000 0.00000 0.00000 0.00000 0.00000 0.00000 0.00000 0.00000 0.00000 0.00000 0.00000 0.00000 0.00000 0.00000 0.00000 0.00000 0.00000 0.00000 0.00000 0.00000 0.00000 0.00000 0.00000 0.00000 0.00000 0.00000 0.00000 0.00000 0.00000 0.00000 0.00000 0.00000 0.00000 0.00000 0.00000 0.00000 0.00000 0.00000 0.00000 0.00000 0.00000 0.00000 0.00000 0.00000 0.00000 0.00000 0.00000 0.00000 0.00000 0.00000 0.00000 0.00000 0.00000 0.00000 0.00000 0.00000 0.00000 0.00000 0.00000 0.00000 0.00000 0.00000 0.00000 0.00000 0.00000 0.00000 0.00000 0.00000 0.00000 0.01554 0.04665 0.07778 0.10879 0.13960 0.16963 0.19966 0.23148 0.26227 0.29030 0.31705 0.34374 0.36822 0.38969 0.41336 0.43958 0.46326 0.48444 0.50794 0.53310 0.54360 0.54048 0.53900 0.53909 0.53807 0.53501 0.53179 0.53253 0.53275 0.52905 0.52656 0.52620 0.52456 0.52216 0.52087 0.51955 0.51650 0.51510 0.51392 0.51180 0.50932 0.50856 0.50587 0.50302 0.50315 0.50222 0.49785 0.49485 0.49503 0.49392 0.49006 0.48724 0.48656 0.48449 0.48131 0.47976 0.47820 0.47452 0.47236 0.47205 0.46932 0.46472 0.46366 0.46308 0.45949 0.45521 0.45521 0.45296 0.44923 0.44675 0.44575 0.44224 0.43926 0.43845 0.43528 0.43166 0.42977 0.42711 0.42411 0.42334 0.42077 0.41596 0.41313 0.41318 0.41057 0.40506 0.40228 0.40238 0.39950 0.39423 0.39114 0.39117 0.38812 0.38287 0.37984 0.37927 0.37649 0.37107 0.36847 0.36644 0.36463 0.36271 0.35808 0.35479 0.35227 0.35096 0.34799 0.34285 0.34004 0.33805 0.33615 0.33192 0.32784 0.32558 0.32415 0.32141 0.31585 0.31339 0.31213 0.30907 0.30409 0.30110 0.29990 0.29690 0.29218 0.28880 0.28760 0.28464 0.28010 0.27645 0.27512 0.27244 0.26813 0.26420 0.26250 0.26039 0.25644 0.25215 0.24991 0.24826 0.24480 0.24026 0.23741 0.23607 0.23284 0.22858 0.22518 0.22403 0.22058 0.21667 0.21421 0.21216 0.20815 0.20449 0.20306 0.20048 0.19543 0.19248 0.19157 0.18905 0.18378 0.18102 0.18045 0.17769 0.17314 0.16985 0.16832 0.16618 0.16217 0.15872 0.15629 0.15473 0.15180 0.14812 0.14467 0.14333 0.14258 0.13815 0.13495 0.13216 0.12869 0.11920 0.11006 0.10341 0.09657 0.08786 0.08013 0.07525 0.06827 0.06070 0.05373 0.04869 0.04113 0.03432 0.02889 0.02337 0.01735 0.01187 0.00727 0.00234 0.00000 0.00000 0.00000 0.00000 0.00000 0.00000 0.00000 0.00000 0.00000 0.00000 0.00000 0.00000 0.00000 0.00000 0.00000 0.00000 0.00000 0.00000 0.00000 0.00000 0.00000 0.00000 0.00000 0.00000 0.00000 0.00000 0.00000 0.00000 0.00000 0.00000 0.00000 0.00000 0.00000 0.00000 0.00000 0.00000 0.00000 0.00000 0.00000 0.00000 0.00000 0.00000 0.00000 0.00000 0.00000
0.00000 0.00000 0.00000 0.00000 0.00000 0.00000 0.00000 0.00000 0.00000 0.00000 0.00000 0.00000 0.00000 0.00000 0.00000 0.00000 0.00000 0.00000 0.00000 0.00000 0.00000 0.00000 0.00000 0.00000 0.00000 0.00000 0.00000 0.00000 0.00000 0.00000 0.00000 0.00000 0.00000 0.00000 0.00000 0.00000 0.00000 0.00000 0.00000 0.00000 0.00000 0.00000 0.00000 0.00000 0.00000 0.00000 0.00000 0.00000 0.00000 0.00000 0.00000 0.00000 0.00000 0.00000 0.00000 0.00000 0.00000 0.00000 0.00000 0.00000 0.00000 0.00000 0.00000 0.00000 0.00000 0.00000 0.00000 0.00000 0.00000 0.00000 0.00000 0.00000 0.00000 0.00000 0.00000 0.01835 0.05540 0.09224 0.12773 0.16394 0.20133 0.23792 0.27294 0.30722 0.34362 0.37255 0.39061 0.40654 0.42547 0.44656 0.46426 0.47917 0.49780 0.51878 0.53558 0.54050 0.54010 0.54131 0.53915 0.53501 0.53309 0.53452 0.53380 0.52980 0.52806 0.52782 0.52581 0.52333 0.52241 0.52123 0.51784 0.51614 0.51534 0.51378 0.51064 0.50925 0.50681 0.50528 0.50518 0.50287 0.49874 0.49644 0.49646 0.49558 0.49212 0.48821 0.48752 0.48678 0.48355 0.48041 0.47912 0.47700 0.47452 0.47287 0.47037 0.46680 0.46580 0.46473 0.46058 0.45690 0.45738 0.45491 0.45043 0.44733 0.44800 0.44400 0.44035 0.44077 0.43785 0.43300 0.43041 0.42988 0.42709 0.42372 0.42114 0.41854 0.41583 0.41467 0.41187 0.40729 0.40458 0.40375 0.40105 0.39650 0.39336 0.39250 0.38975 0.38519 0.38194 0.38090 0.37823 0.37309 0.37031 0.36894 0.36649 0.36344 0.35888 0.35765 0.35522 0.35264 0.34891 0.34482 0.34321 0.34064 0.33717 0.33251 0.33086 0.32840 0.32519 0.32268 0.31861 0.31573 0.31340 0.31073 0.30646 0.30356 0.30154 0.29825 0.29431 0.29158 0.28942 0.28572 0.28208 0.27951 0.27715 0.27314 0.26973 0.26768 0.26501 0.26068 0.25739 0.25590 0.25311 0.24845 0.24517 0.24371 0.24116 0.23673 0.23294 0.23150 0.22905 0.22504 0.22093 0.21958 0.21698 0.21291 0.20987 0.20795 0.20436 0.20058 0.19866 0.19663 0.19122 0.18866 0.18800 0.18533 0.18042 0.17719 0.17633 0.17401 0.16981 0.16592 0.16394 0.16264 0.15912 0.15472 0.15200 0.15143 0.14903 0.14437 0.14117 0.14028 0.13888 0.13425 0.13158 0.12724 0.12098 0.11260 0.10622 0.10121 0.09449 0.08697 0.08161 0.07784 0.07081 0.06339 0.05577 0.04920 0.04021 0.03330 0.02756 0.02075 0.01426 0.00813 0.00273 0.00000 0.00000 0.00000 0.00000 0.00000 0.00000 0.00000 0.00000 0.00000 0.00000 0.00000 0.00000 0.00000 0.00000 0.00000 0.00000 0.00000 0.00000 0.00000 0.00000 0.00000 0.00000 0.00000 0.00000 0.00000 0.00000 0.00000 0.00000 0.00000 0.00000 0.00000 0.00000 0.00000 0.00000 0.00000 0.00000 0.00000 0.00000 0.00000 0.00000 0.00000 0.00000 0.00000 0.00000 0.00000
0.00000 0.00000 0.00000 0.00000 0.00000 0.00000 0.00000 0.00000 0.00000 0.00000 0.00000 0.00000 0.00000 0.00000 0.00000 0.00000 0.00000 0.00000 0.00000 0.00000 0.00000 0.00000 0.00000 0.00000 0.00000 0.00000 0.00000 0.00000 0.00000 0.00000 0.00000 0.00000 0.00000 0.00000 0.00000 0.00000 0.00000 0.00000 0.00000 0.00000 0.00000 0.00000 0.00000 0.00000 0.00000 0.00000 0.00000 0.00000 0.00000 0.00000 0.00000 0.00000 0.00000 0.00000 0.00000 0.00000 0.00000 0.00000 0.00000 0.00000 0.00000 0.00000 0.00000 0.00000 0.00000 0.00000 0.00000 0.00000 0.00000 0.00000 0.00000 0.00000 0.00000 0.00000 0.00000 0.02131 0.06382 0.10585 0.14770 0.18947 0.23237 0.27474 0.31373 0.35438 0.39815 0.42568 0.43523 0.44770 0.46375 0.47669 0.48600 0.49855 0.51381 0.52581 0.53559 0.54158 0.54191 0.53990 0.53694 0.53474 0.53541 0.53527 0.53116 0.52860 0.52913 0.52784 0.52452 0.52326 0.52259 0.51964 0.51749 0.51669 0.51513 0.51158 0.51071 0.50944 0.50667 0.50395 0.50431 0.50148 0.49785 0.49750 0.49711 0.49384 0.48961 0.48915 0.48838 0.48515 0.48189 0.48087 0.47853 0.47587 0.47453 0.47237 0.46821 0.46682 0.46649 0.46291 0.45863 0.45828 0.45670 0.45269 0.44891 0.44932 0.44593 0.44244 0.44239 0.43929 0.43514 0.43246 0.43153 0.42848 0.42551 0.42319 0.42006 0.41711 0.41667 0.41407 0.40885 0.40608 0.40594 0.40327 0.39785 0.39494 0.39482 0.39193 0.38662 0.38356 0.38324 0.38032 0.37486 0.37198 0.37064 0.36852 0.36565 0.36048 0.35901 0.35639 0.35508 0.35208 0.34670 0.34418 0.34248 0.34026 0.33485 0.33187 0.32945 0.32807 0.32471 0.31970 0.31725 0.31599 0.31324 0.30781 0.30504 0.30389 0.30097 0.29592 0.29275 0.29162 0.28868 0.28387 0.28040 0.27921 0.27639 0.27174 0.26811 0.26672 0.26431 0.25979 0.25604 0.25425 0.25221 0.24817 0.24391 0.24174 0.24013 0.23655 0.23209 0.22929 0.22807 0.22460 0.22047 0.21739 0.21612 0.21249 0.20849 0.20631 0.20438 0.19996 0.19639 0.19455 0.19293 0.18708 0.18471 0.18449 0.18159 0.17725 0.17336 0.17227 0.17021 0.16614 0.16212 0.16013 0.15875 0.15562 0.15140 0.14855 0.14739 0.14580 0.14162 0.13784 0.13605 0.13553 0.13155 0.12582 0.12069 0.11705 0.11020 0.10366 0.10018 0.09576 0.08924 0.08366 0.08178 0.07375 0.06349 0.05492 0.04775 0.03831 0.03032 0.02408 0.01658 0.00942 0.00303 0.00000 0.00000 0.00000 0.00000 0.00000 0.00000 0.00000 0.00000 0.00000 0.00000 0.00000 0.00000 0.00000 0.00000 0.00000 0.00000 0.00000 0.00000 0.00000 0.00000 0.00000 0.00000 0.00000 0.00000 0.00000 0.00000 0.00000 0.00000 0.00000 0.00000 0.00000 0.00000 0.00000 0.00000 0.00000 0.00000 0.00000 0.00000 0.00000 0.00000 0.00000 0.00000 0.00000 0.00000 0.00000
0.00000 0.00000 0.00000 0.00000 0.00000 0.00000 0.00000 0.00000 0.00000 0.00000 0.00000 0.00000 0.00000 0.00000 0.00000 0.00000 0.00000 0.00000 0.00000 0.00000 0.00000 0.00000 0.00000 0.00000 0.00000 0.00000 0.00000 0.00000 0.00000 0.00000 0.00000 0.00000 0.00000 0.00000 0.00000 0.00000 0.00000 0.00000 0.00000 0.00000 0.00000 0.00000 0.00000 0.00000 0.00000 0.00000 0.00000 0.00000 0.00000 0.00000 0.00000 0.00000 0.00000 0.00000 0.00000 0.00000 0.00000 0.00000 0.00000 0.00000 0.00000 0.00000 0.00000 0.00000 0.00000 0.00000 0.00000 0.00000 0.00000 0.00000 0.00000 0.00000 0.00000 0.00000 0.00000 0.02420 0.07194 0.11957 0.16806 0.21619 0.26268 0.30845 0.35594 0.40476 0.45076 0.47463 0.48227 0.49267 0.49942 0.50296 0.51024 0.52106 0.52737 0.53038 0.53825 0.54415 0.54133 0.53681 0.53590 0.53759 0.53636 0.53145 0.52993 0.53084 0.52906 0.52565 0.52483 0.52417 0.52090 0.51866 0.51823 0.51696 0.51295 0.51157 0.51087 0.50883 0.50538 0.50490 0.50301 0.49995 0.49916 0.49812 0.49544 0.49108 0.49009 0.49020 0.48757 0.48276 0.48168 0.48097 0.47819 0.47506 0.47329 0.47062 0.46900 0.46774 0.46400 0.46047 0.46041 0.45869 0.45391 0.45051 0.45144 0.44821 0.44377 0.44307 0.44152 0.43684 0.43360 0.43395 0.43112 0.42637 0.42362 0.42277 0.42009 0.41763 0.41471 0.41130 0.40863 0.40727 0.40468 0.40022 0.39724 0.39605 0.39346 0.38907 0.38582 0.38457 0.38191 0.37732 0.37417 0.37247 0.36998 0.36552 0.36276 0.36196 0.35793 0.35674 0.35352 0.34894 0.34692 0.34458 0.34155 0.33647 0.33469 0.33236 0.32925 0.32463 0.32244 0.32003 0.31717 0.31468 0.31035 0.30773 0.30529 0.30221 0.29830 0.29569 0.29323 0.28963 0.28610 0.28358 0.28099 0.27705 0.27379 0.27158 0.26870 0.26455 0.26149 0.25990 0.25663 0.25219 0.24930 0.24783 0.24480 0.24009 0.23709 0.23563 0.23289 0.22866 0.22489 0.22356 0.22093 0.21685 0.21319 0.21179 0.20882 0.20462 0.20197 0.20035 0.19612 0.19253 0.18994 0.18916 0.18477 0.18092 0.18032 0.17780 0.17406 0.16955 0.16784 0.16652 0.16302 0.15825 0.15585 0.15530 0.15271 0.14767 0.14475 0.14427 0.14244 0.13783 0.13454 0.13321 0.13161 0.12635 0.12151 0.11832 0.11458 0.10842 0.10464 0.10275 0.09778 0.09246 0.08899 0.08444 0.07164 0.06152 0.05351 0.04432 0.03471 0.02588 0.01858 0.01091 0.00350 0.00000 0.00000 0.00000 0.00000 0.00000 0.00000 0.00000 0.00000 0.00000 0.00000 0.00000 0.00000 0.00000 0.00000 0.00000 0.00000 0.00000 0.00000 0.00000 0.00000 0.00000 0.00000 0.00000 0.00000 0.00000 0.00000 0.00000 0.00000 0.00000 0.00000 0.00000 0.00000 0.00000 0.00000 0.00000 0.00000 0.00000 0.00000 0.00000 0.00000 0.00000 0.00000 0.00000 0.00000 0.00000
0.00000 0.00000 0.00000 0.00000 0.00000 0.00000 0.00000 0.00000 0.00000 0.00000 0.00000 0.00000 0.00000 0.00000 0.00000 0.00000 0.00000 0.00000 0.00000 0.00000 0.00000 0.00000 0.00000 0.00000 0.00000 0.00000 0.00000 0.00000 0.00000 0.00000 0.00000 0.00000 0.00000 0.00000 0.00000 0.00000 0.00000 0.00000 0.00000 0.00000 0.00000 0.00000 0.00000 0.00000 0.00000 0.00000 0.00000 0.00000 0.00000 0.00000 0.00000 0.00000 0.00000 0.00000 0.00000 0.00000 0.00000 0.00000 0.00000 0.00000 0.00000 0.00000 0.00000 0.00000 0.00000 0.00000 0.00000 0.00000 0.00000 0.00000 0.00000 0.00000 0.00000 0.00000 0.00000 0.02687 0.08052 0.13408 0.18784 0.24123 0.29263 0.34492 0.39951 0.45225 0.50082 0.52705 0.53224 0.53403 0.53180 0.53301 0.53813 0.53945 0.53749 0.53959 0.54324 0.54220 0.53882 0.53800 0.53822 0.53663 0.53317 0.53088 0.53195 0.53104 0.52680 0.52560 0.52560 0.52277 0.51984 0.51923 0.51837 0.51469 0.51288 0.51243 0.51028 0.50599 0.50622 0.50616 0.50147 0.49956 0.49947 0.49716 0.49259 0.49128 0.49170 0.48932 0.48423 0.48317 0.48250 0.47983 0.47673 0.47501 0.47201 0.47032 0.46953 0.46612 0.46201 0.46135 0.46042 0.45619 0.45252 0.45264 0.44987 0.44590 0.44359 0.44296 0.43878 0.43570 0.43568 0.43252 0.42857 0.42579 0.42421 0.42133 0.41963 0.41686 0.41275 0.40997 0.40947 0.40688 0.40154 0.39876 0.39842 0.39571 0.39032 0.38736 0.38704 0.38413 0.37878 0.37574 0.37506 0.37224 0.36665 0.36399 0.36326 0.36062 0.35930 0.35502 0.35072 0.34834 0.34671 0.34423 0.33859 0.33590 0.33411 0.33201 0.32669 0.32360 0.32112 0.31979 0.31718 0.31156 0.30918 0.30780 0.30507 0.29973 0.29677 0.29562 0.29273 0.28771 0.28440 0.28322 0.28036 0.27556 0.27206 0.27079 0.26817 0.26344 0.25992 0.25846 0.25606 0.25158 0.24779 0.24612 0.24392 0.23998 0.23571 0.23364 0.23202 0.22834 0.22423 0.22128 0.22002 0.21657 0.21249 0.20961 0.20819 0.20461 0.20043 0.19790 0.19669 0.19215 0.18855 0.18631 0.18536 0.18247 0.17709 0.17624 0.17405 0.17037 0.16572 0.16395 0.16264 0.15942 0.15462 0.15232 0.15139 0.14928 0.14485 0.14132 0.14002 0.13902 0.13531 0.13079 0.12887 0.12822 0.12373 0.11881 0.11676 0.11549 0.11057 0.10629 0.10600 0.10300 0.09835 0.08946 0.08183 0.06934 0.05772 0.04971 0.03933 0.02905 0.01996 0.01219 0.00393 0.00000 0.00000 0.00000 0.00000 0.00000 0.00000 0.00000 0.00000 0.00000 0.00000 0.00000 0.00000 0.00000 0.00000 0.00000 0.00000 0.00000 0.00000 0.00000 0.00000 0.00000 0.00000 0.00000 0.00000 0.00000 0.00000 0.00000 0.00000 0.00000 0.00000 0.00000 0.00000 0.00000 0.00000 0.00000 0.00000 0.00000 0.00000 0.00000 0.00000 0.00000 0.00000 0.00000 0.00000 0.00000
0.00000 0.00000 0.00000 0.00000 0.00000 0.00000 0.00000 0.00000 0.00000 0.00000 0.00000 0.00000 0.00000 0.00000 0.00000 0.00000 0.00000 0.00000 0.00000 0.00000 0.00000 0.00000 0.00000 0.00000 0.00000 0.00000 0.00000 0.00000 0.00000 0.00000 0.00000 0.00000 0.00000 0.00000 0.00000 0.00000 0.00000 0.00000 0.00000 0.00000 0.00000 0.00000 0.00000 0.00000 0.00000 0.00000 0.00000 0.00000 0.00000 0.00000 0.00000 0.00000 0.00000 0.00000 0.00000 0.00000 0.00000 0.00000 0.00000 0.00000 0.00000 0.00000 0.00000 0.00000 0.00000 0.00144 0.00431 0.00717 0.01006 0.01290 0.01569 0.01855 0.02141 0.02420 0.02692 0.05517 0.10898 0.16282 0.21560 0.26777 0.32084 0.37515 0.42720 0.47665 0.52862 0.55708 0.55535 0.55059 0.54947 0.55196 0.55014 0.54495 0.54378 0.54654 0.54409 0.53898 0.53909 0.54044 0.53772 0.53309 0.53158 0.53375 0.53230 0.52773 0.52713 0.52701 0.52399 0.52120 0.52080 0.51998 0.51599 0.51400 0.51392 0.51221 0.50760 0.50699 0.50705 0.50364 0.50109 0.50018 0.49844 0.49456 0.49270 0.49291 0.49117 0.48558 0.48391 0.48456 0.48224 0.47733 0.47579 0.47460 0.47260 0.47025 0.46711 0.46409 0.46351 0.46218 0.45736 0.45417 0.45472 0.45215 0.44725 0.44409 0.44505 0.44104 0.43708 0.43767 0.43479 0.43011 0.42686 0.42673 0.42412 0.42028 0.41716 0.41535 0.41282 0.41067 0.40788 0.40394 0.40122 0.39968 0.39708 0.39274 0.38973 0.38830 0.38561 0.38125 0.37806 0.37654 0.37373 0.36925 0.36645 0.36460 0.36162 0.36114 0.35743 0.35316 0.34997 0.34857 0.34594 0.34068 0.33825 0.33634 0.33341 0.32827 0.32624 0.32378 0.32096 0.31734 0.31418 0.31202 0.30898 0.30643 0.30228 0.29979 0.29705 0.29366 0.29014 0.28766 0.28486 0.28101 0.27781 0.27551 0.27257 0.26846 0.26553 0.26368 0.26035 0.25606 0.25344 0.25176 0.24836 0.24369 0.24133 0.23950 0.23650 0.23229 0.22907 0.22746 0.22468 0.22083 0.21699 0.21556 0.21295 0.20877 0.20541 0.20398 0.20094 0.19654 0.19363 0.19280 0.18930 0.18474 0.18315 0.18156 0.17871 0.17328 0.17163 0.17023 0.16703 0.16194 0.15964 0.15902 0.15640 0.15083 0.14843 0.14819 0.14599 0.14129 0.13784 0.13708 0.13536 0.13116 0.12754 0.12629 0.12481 0.12012 0.11741 0.11675 0.11428 0.10942 0.10717 0.10796 0.10399 0.09491 0.08208 0.07383 0.06206 0.04985 0.04077 0.03112 0.02149 0.01219 0.00404 0.00000 0.00000 0.00000 0.00000 0.00000 0.00000 0.00000 0.00000 0.00000 0.00000 0.00000 0.00000 0.00000 0.00000 0.00000 0.00000 0.00000 0.00000 0.00000 0.00000 0.00000 0.00000 0.00000 0.00000 0.00000 0.00000 0.00000 0.00000 0.00000 0.00000 0.00000 0.00000 0.00000 0.00000 0.00000 0.00000 0.00000 0.00000 0.00000 0.00000 0.00000 0.00000 0.00000 0.00000 0.00000
0.00000 0.00000 0.00000 0.00000 0.00000 0.00000 0.00000 0.00000 0.00000 0.00000 0.00000 0.00000 0.00000 0.00000 0.00000 0.00000 0.00000 0.00000 0.00000 0.00000 0.00000 0.00000 0.00000 0.00000 0.00000 0.00000 0.00000 0.00000 0.00000 0.00000 0.00000 0.00000 0.00000 0.00000 0.00000 0.00000 0.00000 0.00000 0.00000 0.00000 0.00000 0.00000 0.00000 0.00000 0.00000 0.00000 0.00000 0.00000 0.00000 0.00000 0.00000 0.00000 0.00000 0.00000 0.00000 0.00000 0.00000 0.00000 0.00000 0.00000 0.00000 0.00000 0.00000 0.00000 0.00000 0.00431 0.01300 0.02158 0.02998 0.03859 0.04730 0.05571 0.06401 0.07241 0.08090 0.10910 0.15710 0.20480 0.25171 0.29878 0.34728 0.39460 0.43884 0.48483 0.53410 0.55674 0.55193 0.55036 0.55269 0.55109 0.54645 0.54521 0.54707 0.54478 0.54080 0.54115 0.54089 0.53763 0.53514 0.53401 0.53451 0.53376 0.52914 0.52802 0.52836 0.52585 0.52234 0.52166 0.52142 0.51784 0.51526 0.51501 0.51365 0.50942 0.50829 0.50854 0.50516 0.50144 0.50145 0.50066 0.49613 0.49400 0.49426 0.49241 0.48709 0.48537 0.48601 0.48383 0.47891 0.47735 0.47601 0.47416 0.47212 0.46893 0.46545 0.46468 0.46393 0.45953 0.45596 0.45579 0.45380 0.44941 0.44611 0.44645 0.44293 0.43916 0.43815 0.43622 0.43273 0.42904 0.42821 0.42540 0.42247 0.41942 0.41667 0.41401 0.41287 0.41009 0.40526 0.40262 0.40203 0.39935 0.39397 0.39121 0.39074 0.38793 0.38254 0.37959 0.37911 0.37606 0.37073 0.36771 0.36662 0.36444 0.36302 0.35820 0.35501 0.35252 0.35086 0.34746 0.34256 0.33994 0.33845 0.33579 0.33040 0.32753 0.32583 0.32356 0.31846 0.31529 0.31333 0.31160 0.30937 0.30352 0.30096 0.29965 0.29681 0.29159 0.28846 0.28728 0.28438 0.27943 0.27606 0.27480 0.27205 0.26729 0.26378 0.26249 0.25987 0.25528 0.25162 0.25035 0.24754 0.24346 0.23938 0.23804 0.23586 0.23180 0.22813 0.22556 0.22385 0.22024 0.21661 0.21334 0.21190 0.20881 0.20460 0.20162 0.20030 0.19711 0.19256 0.18953 0.18902 0.18625 0.18090 0.17912 0.17778 0.17481 0.16950 0.16771 0.16645 0.16329 0.15813 0.15602 0.15517 0.15285 0.14782 0.14497 0.14403 0.14250 0.13888 0.13428 0.13270 0.13207 0.12858 0.12381 0.12199 0.12182 0.11757 0.11354 0.11299 0.11155 0.10686 0.10313 0.10466 0.09652 0.08249 0.07175 0.06214 0.05028 0.03939 0.03115 0.02159 0.01225 0.00392 0.00000 0.00000 0.00000 0.00000 0.00000 0.00000 0.00000 0.00000 0.00000 0.00000 0.00000 0.00000 0.00000 0.00000 0.00000 0.00000 0.00000 0.00000 0.00000 0.00000 0.00000 0.00000 0.00000 0.00000 0.00000 0.00000 0.00000 0.00000 0.00000 0.00000 0.00000 0.00000 0.00000 0.00000 0.00000 0.00000 0.00000 0.00000 0.00000 0.00000 0.00000 0.00000 0.00000 0.00000 0.00000
0.00000 0.00000 0.00000 0.00000 0.00000 0.00000 0.00000 0.00000 0.00000 0.00000 0.00000 0.00000 0.00000 0.00000 0.00000 0.00000 0.00000 0.00000 0.00000 0.00000 0.00000 0.00000 0.00000 0.00000 0.00000 0.00000 0.00000 0.00000 0.00000 0.00000 0.00000 0.00000 0.00000 0.00000 0.00000 0.00000 0.00000 0.00000 0.00000 0.00000 0.00000 0.00000 0.00000 0.00000 0.00000 0.00000 0.00000 0.00000 0.00000 0.00000 0.00000 0.00000 0.00000 0.00000 0.00000 0.00000 0.00000 0.00000 0.00000 0.00000 0.00000 0.00000 0.00000 0.00000 0.00000 0.00721 0.02160 0.03585 0.05011 0.06453 0.07867 0.09259 0.10670 0.12095 0.13481 0.16297 0.20504 0.24660 0.28823 0.33103 0.37246 0.41175 0.45260 0.49604 0.53660 0.55300 0.55187 0.55389 0.55199 0.54744 0.54597 0.54858 0.54686 0.54148 0.54190 0.54292 0.53923 0.53519 0.53486 0.53647 0.53535 0.52962 0.52942 0.52957 0.52707 0.52385 0.52322 0.52267 0.51907 0.51668 0.51657 0.51529 0.51078 0.50934 0.50980 0.50714 0.50277 0.50222 0.50205 0.49827 0.49571 0.49510 0.49346 0.48898 0.48674 0.48745 0.48571 0.47989 0.47818 0.47847 0.47646 0.47261 0.46983 0.46781 0.46689 0.46531 0.46063 0.45767 0.45788 0.45581 0.45072 0.44762 0.44847 0.44538 0.44060 0.43812 0.43834 0.43471 0.43037 0.43036 0.42783 0.42357 0.42023 0.41920 0.41683 0.41382 0.41065 0.40772 0.40531 0.40332 0.40046 0.39633 0.39371 0.39208 0.38925 0.38489 0.38205 0.38051 0.37750 0.37321 0.37024 0.36785 0.36533 0.36425 0.36091 0.35727 0.35366 0.35273 0.34974 0.34482 0.34158 0.34036 0.33750 0.33256 0.32987 0.32795 0.32483 0.32014 0.31804 0.31533 0.31251 0.31054 0.30632 0.30407 0.30070 0.29789 0.29432 0.29173 0.28868 0.28507 0.28192 0.27952 0.27643 0.27245 0.26954 0.26744 0.26422 0.25995 0.25745 0.25550 0.25213 0.24742 0.24553 0.24328 0.24012 0.23570 0.23337 0.23137 0.22820 0.22505 0.22109 0.21927 0.21660 0.21308 0.20911 0.20757 0.20522 0.20080 0.19747 0.19624 0.19361 0.18870 0.18568 0.18519 0.18282 0.17708 0.17511 0.17397 0.17114 0.16570 0.16344 0.16272 0.16010 0.15439 0.15211 0.15180 0.14959 0.14435 0.14139 0.14108 0.13891 0.13491 0.13087 0.13001 0.12852 0.12407 0.12073 0.11990 0.11822 0.11298 0.11083 0.11119 0.10796 0.10335 0.10028 0.09685 0.08450 0.07075 0.06023 0.05080 0.04039 0.02978 0.02105 0.01249 0.00403 0.00000 0.00000 0.00000 0.00000 0.00000 0.00000 0.00000 0.00000 0.00000 0.00000 0.00000 0.00000 0.00000 0.00000 0.00000 0.00000 0.00000 0.00000 0.00000 0.00000 0.00000 0.00000 0.00000 0.00000 0.00000 0.00000 0.00000 0.00000 0.00000 0.00000 0.00000 0.00000 0.00000 0.00000 0.00000 0.00000 0.00000 0.00000 0.00000 0.00000 0.00000 0.00000 0.00000 0.00000 0.00000
0.00000 0.00000 0.00000 0.00000 0.00000 0.00000 0.00000 0.00000 0.00000 0.00000 0.00000 0.00000 0.00000 0.00000 0.00000 0.00000 0.00000 0.00000 0.00000 0.00000 0.00000 0.00000 0.00000 0.00000 0.00000 0.00000 0.00000 0.00000 0.00000 0.00000 0.00000 0.00000 0.00000 0.00000 0.00000 0.00000 0.00000 0.00000 0.00000 0.00000 0.00000 0.00000 0.00000 0.00000 0.00000 0.00000 0.00000 0.00000 0.00000 0.00000 0.00000 0.00000 0.00000 0.00000 0.00000 0.00000 0.00000 0.00000 0.00000 0.00000 0.00000 0.00000 0.00000 0.00000 0.00000 0.01009 0.03008 0.05023 0.07057 0.09017 0.10965 0.12976 0.14980 0.16906 0.18856 0.21676 0.25281 0.28868 0.32569 0.36196 0.39588 0.43101 0.46871 0.50435 0.53622 0.55260 0.55469 0.55325 0.54878 0.54691 0.54927 0.54672 0.54304 0.54454 0.54339 0.53989 0.53712 0.53794 0.53700 0.53326 0.53143 0.53101 0.53065 0.52880 0.52513 0.52405 0.52410 0.52095 0.51795 0.51748 0.51669 0.51270 0.51068 0.51084 0.50860 0.50416 0.50353 0.50386 0.49979 0.49663 0.49645 0.49516 0.49050 0.48823 0.48887 0.48703 0.48138 0.47969 0.47984 0.47801 0.47445 0.47153 0.46913 0.46829 0.46713 0.46260 0.45928 0.45897 0.45746 0.45284 0.44954 0.44976 0.44707 0.44267 0.43935 0.43976 0.43711 0.43251 0.43149 0.42916 0.42598 0.42253 0.42051 0.41800 0.41605 0.41294 0.40901 0.40654 0.40561 0.40274 0.39762 0.39509 0.39442 0.39162 0.38622 0.38351 0.38288 0.37993 0.37459 0.37168 0.37087 0.36801 0.36413 0.36125 0.35954 0.35669 0.35493 0.35063 0.34667 0.34419 0.34256 0.33889 0.33441 0.33152 0.33022 0.32730 0.32209 0.31912 0.31744 0.31523 0.31154 0.30737 0.30532 0.30355 0.30102 0.29554 0.29261 0.29143 0.28844 0.28334 0.28011 0.27888 0.27602 0.27113 0.26773 0.26647 0.26371 0.25913 0.25542 0.25439 0.25122 0.24724 0.24302 0.24229 0.23910 0.23537 0.23232 0.22993 0.22767 0.22364 0.22103 0.21747 0.21551 0.21233 0.20894 0.20535 0.20378 0.20130 0.19683 0.19352 0.19244 0.18993 0.18493 0.18204 0.18135 0.17894 0.17340 0.17126 0.17019 0.16723 0.16200 0.15977 0.15886 0.15646 0.15103 0.14859 0.14790 0.14604 0.14197 0.13783 0.13673 0.13555 0.13249 0.12736 0.12563 0.12529 0.12150 0.11708 0.11599 0.11533 0.11048 0.10699 0.10796 0.10519 0.10055 0.09261 0.08434 0.07172 0.05920 0.05044 0.04050 0.02988 0.02046 0.01246 0.00405 0.00000 0.00000 0.00000 0.00000 0.00000 0.00000 0.00000 0.00000 0.00000 0.00000 0.00000 0.00000 0.00000 0.00000 0.00000 0.00000 0.00000 0.00000 0.00000 0.00000 0.00000 0.00000 0.00000 0.00000 0.00000 0.00000 0.00000 0.00000 0.00000 0.00000 0.00000 0.00000 0.00000 0.00000 0.00000 0.00000 0.00000 0.00000 0.00000 0.00000 0.00000 0.00000 0.00000 0.00000 0.00000
0.00000 0.00000 0.00000 0.00000 0.00000 0.00000 0.00000 0.00000 0.00000 0.00000 0.00000 0.00000 0.00000 0.00000 0.00000 0.00000 0.00000 0.00000 0.00000 0.00000 0.00000 0.00000 0.00000 0.00000 0.00000 0.00000 0.00000 0.00000 0.00000 0.00000 0.00000 0.00000 0.00000 0.00000 0.00000 0.00000 0.00000 0.00000 0.00000 0.00000 0.00000 0.00000 0.00000 0.00000 0.00000 0.00000 0.00000 0.00000 0.00000 0.00000 0.00000 0.00000 0.00000 0.00000 0.00000 0.00000 0.00000 0.00000 0.00000 0.00000 0.00000 0.00000 0.00000 0.00000 0.00000 0.01293 0.03881 0.06477 0.09028 0.11553 0.14146 0.16729 0.19197 0.21697 0.24281 0.27057 0.30031 0.33170 0.36253 0.39117 0.42052 0.45273 0.48282 0.50957 0.53856 0.55577 0.55435 0.54992 0.54856 0.55047 0.54764 0.54412 0.54478 0.54495 0.54151 0.53774 0.53905 0.53907 0.53456 0.53158 0.53196 0.53196 0.53002 0.52658 0.52560 0.52474 0.52214 0.51977 0.51905 0.51787 0.51396 0.51208 0.51233 0.51027 0.50550 0.50453 0.50520 0.50181 0.49801 0.49720 0.49647 0.49261 0.49009 0.48987 0.48805 0.48308 0.48094 0.48181 0.48003 0.47485 0.47257 0.47163 0.47046 0.46819 0.46367 0.46113 0.46107 0.45923 0.45408 0.45111 0.45176 0.44911 0.44409 0.44094 0.44179 0.43874 0.43393 0.43309 0.43139 0.42741 0.42370 0.42286 0.42059 0.41693 0.41361 0.41151 0.40930 0.40681 0.40357 0.39997 0.39773 0.39588 0.39276 0.38844 0.38609 0.38446 0.38123 0.37678 0.37432 0.37215 0.36912 0.36679 0.36373 0.36072 0.35762 0.35697 0.35332 0.34881 0.34548 0.34445 0.34114 0.33663 0.33327 0.33208 0.32871 0.32442 0.32199 0.31929 0.31606 0.31183 0.31062 0.30817 0.30413 0.30227 0.29873 0.29589 0.29237 0.28924 0.28626 0.28355 0.28022 0.27652 0.27366 0.27132 0.26804 0.26395 0.26142 0.25918 0.25603 0.25126 0.24955 0.24706 0.24399 0.23880 0.23760 0.23508 0.23186 0.22973 0.22536 0.22305 0.21991 0.21763 0.21308 0.21110 0.20874 0.20528 0.20129 0.19965 0.19772 0.19302 0.18961 0.18854 0.18635 0.18110 0.17836 0.17757 0.17512 0.16955 0.16722 0.16644 0.16381 0.15820 0.15582 0.15539 0.15320 0.14741 0.14505 0.14497 0.14242 0.13831 0.13433 0.13403 0.13207 0.12801 0.12404 0.12345 0.12191 0.11674 0.11430 0.11435 0.11172 0.10671 0.10456 0.10542 0.10207 0.09316 0.08032 0.07176 0.06087 0.04895 0.03938 0.03026 0.02100 0.01197 0.00392 0.00000 0.00000 0.00000 0.00000 0.00000 0.00000 0.00000 0.00000 0.00000 0.00000 0.00000 0.00000 0.00000 0.00000 0.00000 0.00000 0.00000 0.00000 0.00000 0.00000 0.00000 0.00000 0.00000 0.00000 0.00000 0.00000 0.00000 0.00000 0.00000 0.00000 0.00000 0.00000 0.00000 0.00000 0.00000 0.00000 0.00000 0.00000 0.00000 0.00000 0.00000 0.00000 0.00000 0.00000 0.00000
0.00000 0.00000 0.00000 0.00000 0.00000 0.00000 0.00000 0.00000 0.00000 0.00000 0.00000 0.00000 0.00000 0.00000 0.00000 0.00000 0.00000 0.00000 0.00000 0.00000 0.00000 0.00000 0.00000 0.00000 0.00000 0.00000 0.00000 0.00000 0.00000 0.00000 0.00000 0.00000 0.00000 0.00000 0.00000 0.00000 0.00000 0.00000 0.00000 0.00000 0.00000 0.00000 0.00000 0.00000 0.00000 0.00000 0.00000 0.00000 0.00000 0.00000 0.00000 0.00000 0.00000 0.00000 0.00000 0.00000 0.00000 0.00000 0.00000 0.00000 0.00000 0.00000 0.00000 0.00000 0.00000 0.01585 0.04763 0.07887 0.10992 0.14180 0.17342 0.20355 0.23429 0.26602 0.29652 0.32346 0.34917 0.37440 0.39744 0.42144 0.44781 0.47260 0.49387 0.51731 0.54410 0.55582 0.55114 0.54907 0.55126 0.54980 0.54551 0.54450 0.54556 0.54242 0.53937 0.54105 0.53961 0.53490 0.53341 0.53459 0.53286 0.53127 0.52802 0.52647 0.52613 0.52403 0.52113 0.51982 0.51922 0.51586 0.51351 0.51331 0.51165 0.50737 0.50591 0.50638 0.50328 0.49908 0.49857 0.49828 0.49406 0.49127 0.49140 0.48951 0.48448 0.48244 0.48324 0.48144 0.47631 0.47422 0.47302 0.47196 0.47007 0.46552 0.46260 0.46231 0.46090 0.45610 0.45290 0.45293 0.45073 0.44614 0.44278 0.44316 0.44057 0.43603 0.43371 0.43274 0.42985 0.42594 0.42415 0.42181 0.41918 0.41596 0.41281 0.41045 0.40909 0.40591 0.40133 0.39896 0.39815 0.39515 0.38992 0.38743 0.38662 0.38372 0.37839 0.37571 0.37449 0.37180 0.36743 0.36438 0.36352 0.36047 0.35867 0.35418 0.35084 0.34870 0.34653 0.34191 0.33847 0.33602 0.33428 0.33017 0.32621 0.32342 0.32184 0.31885 0.31365 0.31182 0.30896 0.30693 0.30548 0.29972 0.29694 0.29541 0.29254 0.28737 0.28421 0.28306 0.28004 0.27500 0.27177 0.27051 0.26766 0.26294 0.25939 0.25835 0.25513 0.25116 0.24674 0.24636 0.24250 0.23926 0.23595 0.23416 0.23186 0.22726 0.22593 0.22179 0.21903 0.21547 0.21348 0.20928 0.20723 0.20480 0.20126 0.19741 0.19572 0.19386 0.18928 0.18577 0.18456 0.18260 0.17758 0.17479 0.17362 0.17113 0.16613 0.16361 0.16250 0.16008 0.15483 0.15226 0.15148 0.14960 0.14495 0.14141 0.14075 0.13898 0.13604 0.13093 0.12969 0.12870 0.12548 0.12082 0.11932 0.11867 0.11431 0.11082 0.11110 0.10900 0.10396 0.10060 0.10281 0.09403 0.08047 0.07050 0.06081 0.04900 0.03841 0.03036 0.02113 0.01191 0.00382 0.00000 0.00000 0.00000 0.00000 0.00000 0.00000 0.00000 0.00000 0.00000 0.00000 0.00000 0.00000 0.00000 0.00000 0.00000 0.00000 0.00000 0.00000 0.00000 0.00000 0.00000 0.00000 0.00000 0.00000 0.00000 0.00000 0.00000 0.00000 0.00000 0.00000 0.00000 0.00000 0.00000 0.00000 0.00000 0.00000 0.00000 0.00000 0.00000 0.00000 0.00000 0.00000 0.00000 0.00000 0.00000
0.00000 0.00000 0.00000 0.00000 0.00000 0.00000 0.00000 0.00000 0.00000 0.00000 0.00000 0.00000 0.00000 0.00000 0.00000 0.00000 0.00000 0.00000 0.00000 0.00000 0.00000 0.00000 0.00000 0.00000 0.00000 0.00000 0.00000 0.00000 0.00000 0.00000 0.00000 0.00000 0.00000 0.00000 0.00000 0.00000 0.00000 0.00000 0.00000 0.00000 0.00000 0.00000 0.00000 0.00000 0.00000 0.00000 0.00000 0.00000 0.00000 0.00000 0.00000 0.00000 0.00000 0.00000 0.00000 0.00000 0.00000 0.00000 0.00000 0.00000 0.00000 0.00000 0.00000 0.00000 0.00000 0.01877 0.05598 0.09298 0.13059 0.16790 0.20373 0.23996 0.27813 0.31465 0.34906 0.37723 0.39798 0.41557 0.43292 0.45405 0.47352 0.48942 0.50686 0.52836 0.54711 0.55233 0.55035 0.55232 0.55060 0.54677 0.54615 0.54670 0.54360 0.54058 0.54218 0.54117 0.53670 0.53393 0.53487 0.53470 0.53208 0.52902 0.52809 0.52660 0.52524 0.52329 0.52143 0.51959 0.51699 0.51536 0.51490 0.51284 0.50865 0.50725 0.50779 0.50505 0.50038 0.49943 0.49970 0.49618 0.49285 0.49216 0.49058 0.48655 0.48452 0.48468 0.48235 0.47727 0.47551 0.47550 0.47399 0.47076 0.46674 0.46461 0.46438 0.46249 0.45731 0.45451 0.45492 0.45258 0.44750 0.44444 0.44514 0.44221 0.43744 0.43531 0.43487 0.43128 0.42725 0.42632 0.42420 0.42023 0.41694 0.41529 0.41310 0.41009 0.40666 0.40375 0.40165 0.39961 0.39614 0.39211 0.39006 0.38839 0.38492 0.38039 0.37842 0.37631 0.37300 0.36945 0.36718 0.36461 0.36127 0.36101 0.35680 0.35261 0.34979 0.34855 0.34465 0.34052 0.33760 0.33619 0.33195 0.32843 0.32605 0.32368 0.32005 0.31598 0.31517 0.31096 0.30784 0.30512 0.30317 0.30037 0.29575 0.29355 0.29088 0.28757 0.28397 0.28066 0.27802 0.27532 0.27176 0.26806 0.26551 0.26306 0.25982 0.25539 0.25353 0.25081 0.24799 0.24270 0.24165 0.23908 0.23584 0.23401 0.22958 0.22681 0.22352 0.22222 0.21730 0.21457 0.21151 0.20981 0.20496 0.20306 0.20163 0.19754 0.19375 0.19178 0.19019 0.18551 0.18206 0.18083 0.17883 0.17376 0.17096 0.16998 0.16757 0.16224 0.15960 0.15900 0.15680 0.15108 0.14870 0.14845 0.14597 0.14140 0.13808 0.13818 0.13533 0.13173 0.12757 0.12743 0.12545 0.12073 0.11735 0.11759 0.11544 0.11002 0.10881 0.10889 0.10506 0.10157 0.09877 0.09405 0.08148 0.06971 0.05932 0.04926 0.03932 0.02932 0.02055 0.01212 0.00393 0.00000 0.00000 0.00000 0.00000 0.00000 0.00000 0.00000 0.00000 0.00000 0.00000 0.00000 0.00000 0.00000 0.00000 0.00000 0.00000 0.00000 0.00000 0.00000 0.00000 0.00000 0.00000 0.00000 0.00000 0.00000 0.00000 0.00000 0.00000 0.00000 0.00000 0.00000 0.00000 0.00000 0.00000 0.00000 0.00000 0.00000 0.00000 0.00000 0.00000 0.00000 0.00000 0.00000 0.00000 0.00000
0.00000 0.00000 0.00000 0.00000 0.00000 0.00000 0.00000 0.00000 0.00000 0.00000 0.00000 0.00000 0.00000 0.00000 0.00000 0.00000 0.00000 0.00000 0.00000 0.00000 0.00000 0.00000 0.00000 0.00000 0.00000 0.00000 0.00000 0.00000 0.00000 0.00000 0.00000 0.00000 0.00000 0.00000 0.00000 0.00000 0.00000 0.00000 0.00000 0.00000 0.00000 0.00000 0.00000 0.00000 0.00000 0.00000 0.00000 0.00000 0.00000 0.00000 0.00000 0.00000 0.00000 0.00000 0.00000 0.00000 0.00000 0.00000 0.00000 0.00000 0.00000 0.00000 0.00000 0.00000 0.00000 0.02155 0.06443 0.10786 0.15096 0.19254 0.23472 0.27863 0.32074 0.36101 0.40373 0.43252 0.44398 0.45653 0.47194 0.48549 0.49570 0.50818 0.52371 0.53719 0.54651 0.55138 0.55314 0.55282 0.54811 0.54525 0.54735 0.54648 0.54207 0.54278 0.54182 0.53820 0.53531 0.53644 0.53564 0.53182 0.53030 0.52885 0.52801 0.52731 0.52451 0.52190 0.52097 0.51896 0.51691 0.51585 0.51404 0.51051 0.50876 0.50888 0.50646 0.50201 0.50083 0.50111 0.49763 0.49377 0.49366 0.49234 0.48781 0.48616 0.48640 0.48345 0.47863 0.47690 0.47701 0.47552 0.47226 0.46855 0.46605 0.46582 0.46419 0.45924 0.45620 0.45614 0.45418 0.44951 0.44620 0.44641 0.44397 0.43951 0.43653 0.43620 0.43340 0.42943 0.42752 0.42546 0.42240 0.41925 0.41665 0.41427 0.41231 0.40904 0.40512 0.40279 0.40186 0.39856 0.39369 0.39128 0.39047 0.38745 0.38228 0.37970 0.37820 0.37570 0.37040 0.36820 0.36752 0.36393 0.36226 0.35758 0.35499 0.35282 0.35028 0.34563 0.34256 0.34096 0.33820 0.33312 0.33030 0.32863 0.32594 0.32214 0.31792 0.31690 0.31315 0.31027 0.30630 0.30449 0.30112 0.29842 0.29676 0.29161 0.28838 0.28717 0.28409 0.27902 0.27585 0.27465 0.27169 0.26671 0.26347 0.26236 0.25924 0.25496 0.25089 0.25037 0.24673 0.24331 0.23971 0.23824 0.23479 0.23126 0.23049 0.22599 0.22250 0.21904 0.21804 0.21366 0.21069 0.20720 0.20578 0.20124 0.19912 0.19790 0.19376 0.18993 0.18769 0.18626 0.18205 0.17859 0.17664 0.17489 0.17056 0.16756 0.16575 0.16370 0.15919 0.15613 0.15478 0.15313 0.14852 0.14504 0.14442 0.14248 0.13921 0.13421 0.13391 0.13216 0.12935 0.12509 0.12314 0.12154 0.11835 0.11447 0.11401 0.11288 0.10738 0.10508 0.10619 0.10246 0.09824 0.09032 0.08247 0.06966 0.05785 0.04994 0.03959 0.02901 0.01996 0.01222 0.00396 0.00000 0.00000 0.00000 0.00000 0.00000 0.00000 0.00000 0.00000 0.00000 0.00000 0.00000 0.00000 0.00000 0.00000 0.00000 0.00000 0.00000 0.00000 0.00000 0.00000 0.00000 0.00000 0.00000 0.00000 0.00000 0.00000 0.00000 0.00000 0.00000 0.00000 0.00000 0.00000 0.00000 0.00000 0.00000 0.00000 0.00000 0.00000 0.00000 0.00000 0.00000 0.00000 0.00000 0.00000 0.00000
0.00000 0.00000 0.00000 0.00000 0.00000 0.00000 0.00000 0.00000 0.00000 0.00000 0.00000 0.00000 0.00000 0.00000 0.00000 0.00000 0.00000 0.00000 0.00000 0.00000 0.00000 0.00000 0.00000 0.00000 0.00000 0.00000 0.00000 0.00000 0.00000 0.00000 0.00000 0.00000 0.00000 0.00000 0.00000 0.00000 0.00000 0.00000 0.00000 0.00000 0.00000 0.00000 0.00000 0.00000 0.00000 0.00000 0.00000 0.00000 0.00000 0.00000 0.00000 0.00000 0.00000 0.00000 0.00000 0.00000 0.00000 0.00000 0.00000 0.00000 0.00000 0.00000 0.00000 0.00000 0.00000 0.02440 0.07346 0.12234 0.16989 0.21789 0.26776 0.31599 0.36129 0.40828 0.45930 0.48589 0.49039 0.49995 0.50928 0.51394 0.51959 0.53014 0.53826 0.54220 0.54811 0.55417 0.55347 0.54936 0.54731 0.54834 0.54678 0.54363 0.54406 0.54249 0.53953 0.53669 0.53770 0.53738 0.53299 0.53099 0.53030 0.52926 0.52825 0.52631 0.52355 0.52110 0.51982 0.51913 0.51761 0.51442 0.51160 0.51055 0.51046 0.50779 0.50327 0.50200 0.50258 0.49964 0.49505 0.49402 0.49370 0.49005 0.48829 0.48759 0.48410 0.48051 0.47915 0.47906 0.47649 0.47247 0.47017 0.46835 0.46779 0.46549 0.46055 0.45789 0.45813 0.45594 0.45080 0.44783 0.44838 0.44562 0.44087 0.43840 0.43825 0.43477 0.43076 0.42960 0.42772 0.42361 0.42041 0.41907 0.41676 0.41319 0.40992 0.40763 0.40543 0.40316 0.39946 0.39594 0.39391 0.39224 0.38859 0.38422 0.38234 0.38050 0.37690 0.37202 0.37104 0.36849 0.36489 0.36493 0.36031 0.35643 0.35348 0.35253 0.34855 0.34429 0.34230 0.34026 0.33591 0.33230 0.33031 0.32788 0.32375 0.32014 0.31902 0.31510 0.31187 0.30743 0.30684 0.30363 0.29928 0.29780 0.29496 0.29161 0.28757 0.28490 0.28260 0.27930 0.27553 0.27221 0.26980 0.26711 0.26341 0.25965 0.25758 0.25476 0.25183 0.24681 0.24567 0.24341 0.23998 0.23628 0.23363 0.23105 0.22761 0.22622 0.22155 0.21815 0.21496 0.21419 0.20934 0.20651 0.20305 0.20199 0.19848 0.19514 0.19431 0.19000 0.18628 0.18394 0.18255 0.17828 0.17483 0.17311 0.17131 0.16671 0.16353 0.16237 0.16037 0.15532 0.15233 0.15174 0.14968 0.14479 0.14193 0.14190 0.13838 0.13522 0.13119 0.13167 0.12918 0.12469 0.12162 0.12125 0.11811 0.11363 0.11311 0.11203 0.10844 0.10464 0.10418 0.10252 0.09791 0.09191 0.08134 0.06953 0.05818 0.04828 0.03895 0.02932 0.02040 0.01180 0.00385 0.00000 0.00000 0.00000 0.00000 0.00000 0.00000 0.00000 0.00000 0.00000 0.00000 0.00000 0.00000 0.00000 0.00000 0.00000 0.00000 0.00000 0.00000 0.00000 0.00000 0.00000 0.00000 0.00000 0.00000 0.00000 0.00000 0.00000 0.00000 0.00000 0.00000 0.00000 0.00000 0.00000 0.00000 0.00000 0.00000 0.00000 0.00000 0.00000 0.00000 0.00000 0.00000 0.00000 0.00000 0.00000
0.00000 0.00000 0.00000 0.00000 0.00000 0.00000 0.00000 0.00000 0.00000 0.00000 0.00000 0.00000 0.00000 0.00000 0.00000 0.00000 0.00000 0.00000 0.00000 0.00000 0.00000 0.00000 0.00000 0.00000 0.00000 0.00000 0.00000 0.00000 0.00000 0.00000 0.00000 0.00000 0.00000 0.00000 0.00000 0.00000 0.00000 0.00000 0.00000 0.00000 0.00000 0.00000 0.00000 0.00000 0.00000 0.00000 0.00000 0.00000 0.00000 0.00000 0.00000 0.00000 0.00000 0.00000 0.00000 0.00000 0.00000 0.00000 0.00000 0.00000 0.00000 0.00000 0.00000 0.00000 0.00000 0.02741 0.08218 0.13587 0.18973 0.24524 0.29903 0.35061 0.40425 0.45975 0.51079 0.53675 0.54161 0.54355 0.54191 0.54357 0.54819 0.55019 0.54861 0.54959 0.55372 0.55489 0.55064 0.54797 0.54902 0.54918 0.54520 0.54337 0.54305 0.54154 0.53771 0.53851 0.53883 0.53457 0.53196 0.53125 0.53084 0.53000 0.52705 0.52338 0.52278 0.52226 0.52041 0.51846 0.51565 0.51347 0.51223 0.51165 0.50889 0.50509 0.50350 0.50379 0.50122 0.49655 0.49543 0.49501 0.49126 0.48969 0.48962 0.48568 0.48187 0.48138 0.48077 0.47717 0.47359 0.47194 0.47007 0.46942 0.46688 0.46241 0.45954 0.45956 0.45757 0.45276 0.44957 0.44964 0.44732 0.44290 0.43988 0.43953 0.43673 0.43291 0.43089 0.42899 0.42560 0.42267 0.42055 0.41798 0.41520 0.41226 0.40901 0.40659 0.40540 0.40187 0.39751 0.39508 0.39434 0.39111 0.38614 0.38357 0.38232 0.37962 0.37458 0.37207 0.36949 0.36770 0.36653 0.36111 0.35907 0.35620 0.35395 0.34953 0.34667 0.34526 0.34193 0.33717 0.33440 0.33303 0.32989 0.32504 0.32209 0.32115 0.31749 0.31353 0.30948 0.30912 0.30446 0.30125 0.30040 0.29578 0.29279 0.29088 0.28818 0.28329 0.27995 0.27883 0.27576 0.27068 0.26758 0.26639 0.26341 0.25862 0.25521 0.25439 0.25096 0.24718 0.24291 0.24229 0.23910 0.23544 0.23376 0.23002 0.22627 0.22315 0.22213 0.21792 0.21418 0.21059 0.21018 0.20602 0.20271 0.20034 0.19817 0.19497 0.19112 0.18999 0.18650 0.18278 0.17975 0.17847 0.17511 0.17161 0.16876 0.16726 0.16384 0.16027 0.15783 0.15660 0.15279 0.14873 0.14744 0.14621 0.14271 0.13820 0.13777 0.13489 0.13295 0.12926 0.12734 0.12493 0.12237 0.12025 0.11712 0.11395 0.11130 0.11083 0.10906 0.10611 0.10158 0.10001 0.10052 0.09095 0.07880 0.06992 0.05936 0.04734 0.03759 0.02983 0.02066 0.01159 0.00373 0.00000 0.00000 0.00000 0.00000 0.00000 0.00000 0.00000 0.00000 0.00000 0.00000 0.00000 0.00000 0.00000 0.00000 0.00000 0.00000 0.00000 0.00000 0.00000 0.00000 0.00000 0.00000 0.00000 0.00000 0.00000 0.00000 0.00000 0.00000 0.00000 0.00000 0.00000 0.00000 0.00000 0.00000 0.00000 0.00000 0.00000 0.00000 0.00000 0.00000 0.00000 0.00000 0.00000 0.00000 0.00000
0.00000 0.00000 0.00000 0.00000 0.00000 0.00000 0.00000 0.00000 0.00000 0.00000 0.00000 0.00000 0.00000 0.00000 0.00000 0.00000 0.00000 0.00000 0.00000 0.00000 0.00000 0.00000 0.00000 0.00000 0.00000 0.00000 0.00000 0.00000 0.00000 0.00000 0.00000 0.00000 0.00000 0.00000 0.00000 0.00000 0.00000 0.00000 0.00000 0.00000 0.00000 0.00000 0.00000 0.00000 0.00000 0.00000 0.00000 0.00000 0.00000 0.00000 0.00000 0.00000 0.00000 0.00000 0.00000 0.00146 0.00438 0.00729 0.01015 0.01305 0.01598 0.01886 0.02162 0.02447 0.02746 0.05628 0.11016 0.16434 0.21982 0.27394 0.32536 0.37839 0.43520 0.48860 0.53709 0.56284 0.56641 0.56298 0.55907 0.56108 0.56150 0.55705 0.55422 0.55607 0.55590 0.55186 0.54923 0.55007 0.54973 0.54662 0.54469 0.54358 0.54276 0.54043 0.53983 0.53847 0.53575 0.53355 0.53298 0.53237 0.52998 0.52822 0.52560 0.52359 0.52235 0.52243 0.52084 0.51581 0.51421 0.51443 0.51343 0.50931 0.50618 0.50513 0.50541 0.50289 0.49763 0.49625 0.49675 0.49394 0.49085 0.48974 0.48718 0.48408 0.48385 0.48235 0.47730 0.47484 0.47442 0.47250 0.47036 0.46718 0.46402 0.46151 0.46154 0.45922 0.45409 0.45125 0.45161 0.44899 0.44420 0.44175 0.44155 0.43815 0.43421 0.43295 0.43115 0.42695 0.42393 0.42283 0.42035 0.41615 0.41333 0.41149 0.40915 0.40650 0.40275 0.39987 0.39768 0.39601 0.39218 0.38812 0.38613 0.38454 0.38085 0.37618 0.37478 0.37189 0.36881 0.36809 0.36395 0.36054 0.35699 0.35644 0.35244 0.34812 0.34598 0.34422 0.34006 0.33609 0.33440 0.33200 0.32761 0.32411 0.32243 0.31948 0.31600 0.31180 0.31031 0.30644 0.30377 0.30050 0.29756 0.29570 0.29094 0.28943 0.28716 0.28314 0.27953 0.27645 0.27424 0.27113 0.26711 0.26389 0.26178 0.25897 0.25528 0.25124 0.24975 0.24708 0.24400 0.23918 0.23764 0.23555 0.23189 0.22945 0.22557 0.22212 0.21923 0.21822 0.21384 0.21016 0.20648 0.20629 0.20276 0.19873 0.19732 0.19433 0.19109 0.18732 0.18624 0.18270 0.17899 0.17617 0.17497 0.17129 0.16763 0.16542 0.16395 0.15996 0.15612 0.15481 0.15336 0.14894 0.14555 0.14493 0.14201 0.13878 0.13623 0.13563 0.13047 0.12854 0.12769 0.12527 0.12174 0.11769 0.11716 0.11507 0.11097 0.10724 0.10900 0.10624 0.10122 0.10035 0.09927 0.09123 0.07777 0.06883 0.05900 0.04774 0.03770 0.02895 0.02026 0.01174 0.00384 0.00000 0.00000 0.00000 0.00000 0.00000 0.00000 0.00000 0.00000 0.00000 0.00000 0.00000 0.00000 0.00000 0.00000 0.00000 0.00000 0.00000 0.00000 0.00000 0.00000 0.00000 0.00000 0.00000 0.00000 0.00000 0.00000 0.00000 0.00000 0.00000 0.00000 0.00000 0.00000 0.00000 0.00000 0.00000 0.00000 0.00000 0.00000 0.00000 0.00000 0.00000 0.00000 0.00000 0.00000 0.00000
0.00000 0.00000 0.00000 0.00000 0.00000 0.00000 0.00000 0.00000 0.00000 0.00000 0.00000 0.00000 0.00000 0.00000 0.00000 0.00000 0.00000 0.00000 0.00000 0.00000 0.00000 0.00000 0.00000 0.00000 0.00000 0.00000 0.00000 0.00000 0.00000 0.00000 0.00000 0.00000 0.00000 0.00000 0.00000 0.00000 0.00000 0.00000 0.00000 0.00000 0.00000 0.00000 0.00000 0.00000 0.00000 0.00000 0.00000 0.00000 0.00000 0.00000 0.00000 0.00000 0.00000 0.00000 0.00000 0.00438 0.01314 0.02180 0.03047 0.03924 0.04796 0.05636 0.06484 0.07371 0.08239 0.11049 0.15885 0.20850 0.25693 0.30334 0.35111 0.40129 0.44795 0.49322 0.54286 0.56652 0.56150 0.56090 0.56340 0.56167 0.55731 0.55604 0.55720 0.55668 0.55304 0.55054 0.55084 0.55129 0.54815 0.54499 0.54423 0.54481 0.54193 0.54004 0.53988 0.53765 0.53412 0.53385 0.53423 0.53132 0.52859 0.52628 0.52566 0.52511 0.52289 0.52029 0.51760 0.51642 0.51582 0.51464 0.51037 0.50796 0.50658 0.50670 0.50440 0.49957 0.49773 0.49767 0.49559 0.49224 0.49084 0.48884 0.48561 0.48571 0.48429 0.47901 0.47627 0.47605 0.47433 0.47113 0.46801 0.46558 0.46342 0.46331 0.46060 0.45596 0.45310 0.45302 0.45063 0.44620 0.44334 0.44281 0.44003 0.43632 0.43447 0.43240 0.42882 0.42614 0.42451 0.42160 0.41783 0.41562 0.41301 0.41037 0.40864 0.40511 0.40140 0.39886 0.39816 0.39463 0.38996 0.38737 0.38641 0.38349 0.37843 0.37588 0.37355 0.37168 0.36814 0.36476 0.36342 0.35973 0.35781 0.35343 0.35081 0.34865 0.34551 0.34127 0.33852 0.33709 0.33366 0.32895 0.32623 0.32497 0.32160 0.31710 0.31379 0.31310 0.30909 0.30512 0.30089 0.30012 0.29764 0.29284 0.29211 0.28785 0.28425 0.28317 0.27980 0.27496 0.27171 0.27050 0.26754 0.26244 0.25943 0.25834 0.25525 0.25074 0.24709 0.24637 0.24308 0.23953 0.23617 0.23404 0.23072 0.22746 0.22552 0.22190 0.21785 0.21491 0.21433 0.21045 0.20649 0.20264 0.20243 0.19984 0.19487 0.19328 0.19073 0.18726 0.18327 0.18197 0.17941 0.17575 0.17201 0.17075 0.16832 0.16451 0.16108 0.15993 0.15734 0.15277 0.15032 0.14982 0.14676 0.14202 0.14083 0.13907 0.13665 0.13326 0.13133 0.12779 0.12626 0.12544 0.12077 0.11722 0.11564 0.11522 0.11113 0.10822 0.10457 0.10491 0.10407 0.09918 0.09649 0.09071 0.08050 0.06711 0.05679 0.04842 0.03867 0.02811 0.01958 0.01201 0.00388 0.00000 0.00000 0.00000 0.00000 0.00000 0.00000 0.00000 0.00000 0.00000 0.00000 0.00000 0.00000 0.00000 0.00000 0.00000 0.00000 0.00000 0.00000 0.00000 0.00000 0.00000 0.00000 0.00000 0.00000 0.00000 0.00000 0.00000 0.00000 0.00000 0.00000 0.00000 0.00000 0.00000 0.00000 0.00000 0.00000 0.00000 0.00000 0.00000 0.00000 0.00000 0.00000 0.00000 0.00000 0.00000
0.00000 0.00000 0.00000 0.00000 0.00000 0.00000 0.00000 0.00000 0.00000 0.00000 0.00000 0.00000 0.00000 0.00000 0.00000 0.00000 0.00000 0.00000 0.00000 0.00000 0.00000 0.00000 0.00000 0.00000 0.00000 0.00000 0.00000 0.00000 0.00000 0.00000 0.00000 0.00000 0.00000 0.00000 0.00000 0.00000 0.00000 0.00000 0.00000 0.00000 0.00000 0.00000 0.00000 0.00000 0.00000 0.00000 0.00000 0.00000 0.00000 0.00000 0.00000 0.00000 0.00000 0.00000 0.00000 0.00731 0.02183 0.03633 0.05097 0.06542 0.07953 0.09388 0.10868 0.12294 0.13626 0.16488 0.20899 0.25163 0.29195 0.33439 0.37935 0.42140 0.45956 0.50085 0.54696 0.56651 0.56091 0.56126 0.56357 0.55984 0.55616 0.55769 0.55815 0.55439 0.55127 0.55190 0.55221 0.54938 0.54621 0.54527 0.54578 0.54421 0.54129 0.53778 0.53886 0.53819 0.53535 0.53447 0.53211 0.53005 0.52851 0.52695 0.52518 0.52445 0.52276 0.51810 0.51657 0.51798 0.51670 0.51047 0.50879 0.50896 0.50850 0.50535 0.50062 0.49935 0.49982 0.49800 0.49123 0.49005 0.49134 0.48880 0.48750 0.48523 0.48056 0.47818 0.47826 0.47622 0.47107 0.46887 0.46789 0.46592 0.46491 0.46127 0.45743 0.45513 0.45504 0.45234 0.44749 0.44524 0.44484 0.44155 0.43757 0.43650 0.43452 0.43028 0.42741 0.42657 0.42385 0.41921 0.41682 0.41529 0.41282 0.40945 0.40609 0.40386 0.40146 0.39975 0.39558 0.39205 0.38993 0.38844 0.38469 0.38019 0.37845 0.37635 0.37286 0.36799 0.36754 0.36528 0.36080 0.36038 0.35639 0.35217 0.34914 0.34805 0.34432 0.33991 0.33806 0.33598 0.33186 0.32796 0.32611 0.32370 0.32005 0.31599 0.31391 0.31094 0.30839 0.30388 0.30111 0.29845 0.29532 0.29405 0.29013 0.28672 0.28408 0.28095 0.27862 0.27495 0.27111 0.26816 0.26607 0.26309 0.25877 0.25563 0.25380 0.25101 0.24752 0.24318 0.24173 0.23956 0.23612 0.23205 0.22951 0.22672 0.22367 0.22121 0.21771 0.21410 0.21085 0.21045 0.20688 0.20262 0.19923 0.19851 0.19570 0.19107 0.18950 0.18687 0.18332 0.17963 0.17853 0.17558 0.17182 0.16859 0.16753 0.16447 0.16027 0.15792 0.15675 0.15345 0.14890 0.14767 0.14630 0.14276 0.14013 0.13869 0.13439 0.13240 0.13185 0.12923 0.12470 0.12178 0.12158 0.11868 0.11444 0.11111 0.11234 0.10860 0.10449 0.10390 0.10311 0.09949 0.09493 0.09106 0.07983 0.06749 0.05581 0.04772 0.03822 0.02843 0.01990 0.01168 0.00378 0.00000 0.00000 0.00000 0.00000 0.00000 0.00000 0.00000 0.00000 0.00000 0.00000 0.00000 0.00000 0.00000 0.00000 0.00000 0.00000 0.00000 0.00000 0.00000 0.00000 0.00000 0.00000 0.00000 0.00000 0.00000 0.00000 0.00000 0.00000 0.00000 0.00000 0.00000 0.00000 0.00000 0.00000 0.00000 0.00000 0.00000 0.00000 0.00000 0.00000 0.00000 0.00000 0.00000 0.00000 0.00000
0.00000 0.00000 0.00000 0.00000 0.00000 0.00000 0.00000 0.00000 0.00000 0.00000 0.00000 0.00000 0.00000 0.00000 0.00000 0.00000 0.00000 0.00000 0.00000 0.00000 0.00000 0.00000 0.00000 0.00000 0.00000 0.00000 0.00000 0.00000 0.00000 0.00000 0.00000 0.00000 0.00000 0.00000 0.00000 0.00000 0.00000 0.00000 0.00000 0.00000 0.00000 0.00000 0.00000 0.00000 0.00000 0.00000 0.00000 0.00000 0.00000 0.00000 0.00000 0.00000 0.00000 0.00000 0.00000 0.01020 0.03056 0.05098 0.07134 0.09134 0.11133 0.13168 0.15209 0.17145 0.19097 0.22030 0.25765 0.29302 0.32943 0.36800 0.40405 0.43820 0.47499 0.51287 0.54650 0.56288 0.56535 0.56331 0.55860 0.55829 0.55946 0.55833 0.55543 0.55300 0.55274 0.55318 0.55082 0.54726 0.54608 0.54742 0.54543 0.54166 0.53946 0.54071 0.53850 0.53584 0.53637 0.53380 0.53073 0.52932 0.52917 0.52700 0.52403 0.52249 0.52074 0.51924 0.51829 0.51697 0.51251 0.51069 0.51020 0.50961 0.50655 0.50250 0.50077 0.50091 0.49959 0.49451 0.49213 0.49079 0.49006 0.48939 0.48668 0.48223 0.47978 0.47984 0.47797 0.47282 0.47032 0.46940 0.46793 0.46621 0.46188 0.45901 0.45732 0.45672 0.45361 0.44942 0.44711 0.44621 0.44326 0.43965 0.43810 0.43577 0.43213 0.42959 0.42837 0.42511 0.42083 0.41907 0.41720 0.41408 0.41040 0.40837 0.40546 0.40270 0.40196 0.39793 0.39385 0.39119 0.39038 0.38718 0.38229 0.37969 0.37809 0.37565 0.37035 0.36838 0.36725 0.36369 0.36153 0.35737 0.35513 0.35183 0.34916 0.34542 0.34267 0.34070 0.33721 0.33313 0.33036 0.32885 0.32552 0.32106 0.31800 0.31691 0.31340 0.30926 0.30547 0.30442 0.30129 0.29674 0.29433 0.29125 0.28889 0.28731 0.28344 0.27922 0.27594 0.27474 0.27159 0.26661 0.26361 0.26226 0.25945 0.25430 0.25139 0.25032 0.24727 0.24317 0.23926 0.23817 0.23521 0.23178 0.22816 0.22578 0.22194 0.21936 0.21789 0.21420 0.21064 0.20682 0.20660 0.20339 0.19889 0.19597 0.19478 0.19187 0.18712 0.18540 0.18341 0.17997 0.17564 0.17427 0.17238 0.16873 0.16459 0.16322 0.16158 0.15722 0.15382 0.15289 0.15094 0.14539 0.14356 0.14337 0.14067 0.13698 0.13453 0.13171 0.13024 0.12886 0.12457 0.12108 0.11991 0.11903 0.11381 0.11096 0.10973 0.10927 0.10558 0.10203 0.10106 0.09935 0.09806 0.08827 0.07763 0.06786 0.05801 0.04598 0.03699 0.02911 0.02019 0.01141 0.00366 0.00000 0.00000 0.00000 0.00000 0.00000 0.00000 0.00000 0.00000 0.00000 0.00000 0.00000 0.00000 0.00000 0.00000 0.00000 0.00000 0.00000 0.00000 0.00000 0.00000 0.00000 0.00000 0.00000 0.00000 0.00000 0.00000 0.00000 0.00000 0.00000 0.00000 0.00000 0.00000 0.00000 0.00000 0.00000 0.00000 0.00000 0.00000 0.00000 0.00000 0.00000 0.00000 0.00000 0.00000 0.00000
0.00000 0.00000 0.00000 0.00000 0.00000 0.00000 0.00000 0.00000 0.00000 0.00000 0.00000 0.00000 0.00000 0.00000 0.00000 0.00000 0.00000 0.00000 0.00000 0.00000 0.00000 0.00000 0.00000 0.00000 0.00000 0.00000 0.00000 0.00000 0.00000 0.00000 0.00000 0.00000 0.00000 0.00000 0.00000 0.00000 0.00000 0.00000 0.00000 0.00000 0.00000 0.00000 0.00000 0.00000 0.00000 0.00000 0.00000 0.00000 0.00000 0.00000 0.00000 0.00000 0.00000 0.00000 0.00000 0.01311 0.03937 0.06556 0.09146 0.11734 0.14366 0.16956 0.19435 0.22009 0.24727 0.27531 0.30399 0.33555 0.36910 0.39941 0.42676 0.45779 0.49169 0.52144 0.54717 0.56220 0.56549 0.56341 0.55798 0.55776 0.56022 0.55748 0.55330 0.55353 0.55443 0.55200 0.54820 0.54726 0.54832 0.54683 0.54287 0.54028 0.54178 0.54129 0.53720 0.53523 0.53491 0.53279 0.53087 0.53016 0.52787 0.52555 0.52436 0.52168 0.51991 0.52049 0.51868 0.51270 0.51149 0.51278 0.51146 0.50555 0.50340 0.50316 0.50311 0.50119 0.49450 0.49356 0.49492 0.49247 0.48935 0.48652 0.48412 0.48180 0.48163 0.47942 0.47430 0.47197 0.47176 0.46996 0.46601 0.46265 0.46091 0.45961 0.45856 0.45482 0.45072 0.44913 0.44828 0.44484 0.44088 0.44006 0.43787 0.43366 0.43084 0.43030 0.42729 0.42251 0.42033 0.41910 0.41641 0.41165 0.40950 0.40715 0.40525 0.40379 0.39883 0.39601 0.39382 0.39232 0.38821 0.38416 0.38227 0.38052 0.37680 0.37208 0.37106 0.36862 0.36478 0.36334 0.36016 0.35650 0.35278 0.35184 0.34844 0.34391 0.34127 0.33977 0.33627 0.33175 0.32981 0.32777 0.32419 0.31996 0.31768 0.31533 0.31255 0.30806 0.30512 0.30238 0.30020 0.29689 0.29225 0.28995 0.28816 0.28542 0.28245 0.27830 0.27535 0.27264 0.27030 0.26700 0.26264 0.25997 0.25794 0.25516 0.25053 0.24748 0.24575 0.24326 0.24007 0.23540 0.23357 0.23132 0.22808 0.22375 0.22152 0.21822 0.21536 0.21461 0.21038 0.20696 0.20306 0.20255 0.19981 0.19516 0.19244 0.19085 0.18770 0.18351 0.18195 0.17954 0.17599 0.17219 0.17109 0.16855 0.16459 0.16138 0.16017 0.15772 0.15274 0.15092 0.14966 0.14698 0.14336 0.14127 0.13876 0.13638 0.13556 0.13252 0.12795 0.12587 0.12580 0.12246 0.11816 0.11561 0.11559 0.11165 0.10809 0.10706 0.10648 0.10217 0.09855 0.10015 0.09734 0.08851 0.07579 0.06804 0.05732 0.04641 0.03619 0.02867 0.01979 0.01138 0.00384 0.00000 0.00000 0.00000 0.00000 0.00000 0.00000 0.00000 0.00000 0.00000 0.00000 0.00000 0.00000 0.00000 0.00000 0.00000 0.00000 0.00000 0.00000 0.00000 0.00000 0.00000 0.00000 0.00000 0.00000 0.00000 0.00000 0.00000 0.00000 0.00000 0.00000 0.00000 0.00000 0.00000 0.00000 0.00000 0.00000 0.00000 0.00000 0.00000 0.00000 0.00000 0.00000 0.00000 0.00000 0.00000
0.00000 0.00000 0.00000 0.00000 0.00000 0.00000 0.00000 0.00000 0.00000 0.00000 0.00000 0.00000 0.00000 0.00000 0.00000 0.00000 0.00000 0.00000 0.00000 0.00000 0.00000 0.00000 0.00000 0.00000 0.00000 0.00000 0.00000 0.00000 0.00000 0.00000 0.00000 0.00000 0.00000 0.00000 0.00000 0.00000 0.00000 0.00000 0.00000 0.00000 0.00000 0.00000 0.00000 0.00000 0.00000 0.00000 0.00000 0.00000 0.00000 0.00000 0.00000 0.00000 0.00000 0.00000 0.00000 0.01606 0.04811 0.07998 0.11173 0.14348 0.17550 0.20707 0.23782 0.26917 0.30140 0.32879 0.35354 0.38014 0.40521 0.42840 0.45348 0.48015 0.50387 0.52672 0.55255 0.56489 0.56198 0.56055 0.56123 0.55982 0.55809 0.55545 0.55449 0.55488 0.55353 0.54967 0.54803 0.54954 0.54810 0.54373 0.54150 0.54341 0.54184 0.53776 0.53656 0.53662 0.53374 0.53154 0.53206 0.52948 0.52572 0.52508 0.52465 0.52182 0.51866 0.51877 0.51621 0.51351 0.51273 0.51207 0.50830 0.50531 0.50349 0.50406 0.50298 0.49711 0.49515 0.49475 0.49388 0.49195 0.48720 0.48533 0.48367 0.48326 0.48081 0.47600 0.47362 0.47330 0.47172 0.46728 0.46413 0.46246 0.46161 0.45995 0.45574 0.45240 0.45116 0.44987 0.44630 0.44288 0.44154 0.43921 0.43548 0.43296 0.43199 0.42858 0.42426 0.42253 0.42125 0.41771 0.41289 0.41173 0.40947 0.40655 0.40582 0.40106 0.39798 0.39514 0.39429 0.39051 0.38616 0.38361 0.38224 0.37937 0.37441 0.37214 0.37018 0.36766 0.36348 0.36098 0.35963 0.35566 0.35295 0.34948 0.34691 0.34403 0.34072 0.33734 0.33447 0.33258 0.32918 0.32518 0.32215 0.32069 0.31747 0.31324 0.30974 0.30840 0.30534 0.30103 0.29734 0.29536 0.29320 0.28951 0.28613 0.28294 0.28039 0.27884 0.27513 0.27083 0.26778 0.26630 0.26357 0.25833 0.25561 0.25395 0.25145 0.24629 0.24343 0.24235 0.23934 0.23594 0.23152 0.22983 0.22697 0.22381 0.21929 0.21784 0.21553 0.21130 0.21078 0.20697 0.20336 0.19924 0.19876 0.19605 0.19124 0.18871 0.18728 0.18427 0.17954 0.17781 0.17618 0.17291 0.16830 0.16672 0.16540 0.16168 0.15755 0.15563 0.15489 0.14981 0.14704 0.14686 0.14455 0.14049 0.13729 0.13615 0.13436 0.13215 0.12786 0.12486 0.12413 0.12275 0.11750 0.11461 0.11456 0.11299 0.10708 0.10512 0.10583 0.10345 0.10033 0.09605 0.09545 0.08931 0.07859 0.06517 0.05595 0.04675 0.03780 0.02805 0.01931 0.01169 0.00379 0.00000 0.00000 0.00000 0.00000 0.00000 0.00000 0.00000 0.00000 0.00000 0.00000 0.00000 0.00000 0.00000 0.00000 0.00000 0.00000 0.00000 0.00000 0.00000 0.00000 0.00000 0.00000 0.00000 0.00000 0.00000 0.00000 0.00000 0.00000 0.00000 0.00000 0.00000 0.00000 0.00000 0.00000 0.00000 0.00000 0.00000 0.00000 0.00000 0.00000 0.00000 0.00000 0.00000 0.00000 0.00000
0.00000 0.00000 0.00000 0.00000 0.00000 0.00000 0.00000 0.00000 0.00000 0.00000 0.00000 0.00000 0.00000 0.00000 0.00000 0.00000 0.00000 0.00000 0.00000 0.00000 0.00000 0.00000 0.00000 0.00000 0.00000 0.00000 0.00000 0.00000 0.00000 0.00000 0.00000 0.00000 0.00000 0.00000 0.00000 0.00000 0.00000 0.00000 0.00000 0.00000 0.00000 0.00000 0.00000 0.00000 0.00000 0.00000 0.00000 0.00000 0.00000 0.00000 0.00000 0.00000 0.00000 0.00000 0.00000 0.01898 0.05685 0.09445 0.13200 0.16987 0.20707 0.24396 0.28238 0.31919 0.35369 0.38255 0.40499 0.42339 0.43927 0.45946 0.48176 0.49983 0.51507 0.53502 0.55739 0.56535 0.55988 0.55877 0.56213 0.56135 0.55539 0.55446 0.55644 0.55487 0.55035 0.54913 0.55056 0.54923 0.54487 0.54267 0.54431 0.54342 0.53908 0.53683 0.53765 0.53587 0.53291 0.53259 0.53058 0.52742 0.52652 0.52568 0.52298 0.52089 0.52018 0.51652 0.51467 0.51593 0.51366 0.50786 0.50623 0.50736 0.50612 0.50316 0.49778 0.49713 0.49784 0.49563 0.48988 0.48800 0.48800 0.48576 0.48451 0.48158 0.47770 0.47531 0.47516 0.47343 0.46836 0.46567 0.46477 0.46355 0.46063 0.45660 0.45392 0.45322 0.45190 0.44768 0.44409 0.44342 0.44134 0.43703 0.43419 0.43382 0.43074 0.42599 0.42379 0.42299 0.41994 0.41514 0.41296 0.41101 0.40896 0.40737 0.40211 0.39991 0.39778 0.39626 0.39143 0.38807 0.38630 0.38446 0.38040 0.37619 0.37482 0.37251 0.36869 0.36443 0.36372 0.36093 0.35673 0.35552 0.35231 0.34810 0.34482 0.34347 0.34039 0.33564 0.33326 0.33164 0.32835 0.32375 0.32144 0.31953 0.31647 0.31208 0.30910 0.30684 0.30432 0.30027 0.29626 0.29395 0.29172 0.28898 0.28498 0.28148 0.27953 0.27702 0.27446 0.27023 0.26674 0.26445 0.26216 0.25924 0.25422 0.25183 0.24950 0.24727 0.24328 0.23950 0.23770 0.23544 0.23239 0.22753 0.22548 0.22341 0.21991 0.21632 0.21391 0.21188 0.20724 0.20626 0.20344 0.19951 0.19576 0.19466 0.19211 0.18768 0.18524 0.18330 0.18023 0.17618 0.17462 0.17227 0.16886 0.16520 0.16373 0.16155 0.15748 0.15472 0.15255 0.15093 0.14601 0.14455 0.14335 0.14037 0.13934 0.13518 0.13177 0.13004 0.12965 0.12582 0.12179 0.12001 0.11927 0.11545 0.11196 0.11105 0.10972 0.10476 0.10237 0.10381 0.10071 0.09619 0.09312 0.08988 0.07777 0.06573 0.05446 0.04716 0.03689 0.02766 0.02023 0.01160 0.00365 0.00000 0.00000 0.00000 0.00000 0.00000 0.00000 0.00000 0.00000 0.00000 0.00000 0.00000 0.00000 0.00000 0.00000 0.00000 0.00000 0.00000 0.00000 0.00000 0.00000 0.00000 0.00000 0.00000 0.00000 0.00000 0.00000 0.00000 0.00000 0.00000 0.00000 0.00000 0.00000 0.00000 0.00000 0.00000 0.00000 0.00000 0.00000 0.00000 0.00000 0.00000 0.00000 0.00000 0.00000 0.00000
0.00000 0.00000 0.00000 0.00000 0.00000 0.00000 0.00000 0.00000 0.00000 0.00000 0.00000 0.00000 0.00000 0.00000 0.00000 0.00000 0.00000 0.00000 0.00000 0.00000 0.00000 0.00000 0.00000 0.00000 0.00000 0.00000 0.00000 0.00000 0.00000 0.00000 0.00000 0.00000 0.00000 0.00000 0.00000 0.00000 0.00000 0.00000 0.00000 0.00000 0.00000 0.00000 0.00000 0.00000 0.00000 0.00000 0.00000 0.00000 0.00000 0.00000 0.00000 0.00000 0.00000 0.00000 0.00000 0.02186 0.06551 0.10897 0.15249 0.19623 0.23878 0.28069 0.32487 0.36861 0.40960 0.43770 0.45183 0.46439 0.47806 0.49282 0.50531 0.51716 0.53113 0.54529 0.55767 0.56274 0.56172 0.56119 0.56061 0.55798 0.55594 0.55635 0.55614 0.55216 0.54987 0.55138 0.55057 0.54604 0.54366 0.54569 0.54439 0.53989 0.53799 0.53924 0.53680 0.53361 0.53394 0.53219 0.52838 0.52728 0.52785 0.52458 0.52045 0.52088 0.52073 0.51641 0.51307 0.51419 0.51243 0.50808 0.50631 0.50681 0.50562 0.49996 0.49802 0.49821 0.49723 0.49264 0.48934 0.48863 0.48770 0.48629 0.48155 0.47925 0.47714 0.47674 0.47516 0.47002 0.46734 0.46639 0.46527 0.46178 0.45807 0.45549 0.45502 0.45334 0.44918 0.44592 0.44481 0.44283 0.43881 0.43625 0.43526 0.43208 0.42777 0.42593 0.42497 0.42129 0.41676 0.41513 0.41383 0.41032 0.40678 0.40427 0.40229 0.39918 0.39796 0.39359 0.39010 0.38775 0.38618 0.38268 0.37846 0.37614 0.37395 0.37134 0.36654 0.36466 0.36288 0.35962 0.35618 0.35324 0.35128 0.34773 0.34447 0.34137 0.33863 0.33616 0.33263 0.32926 0.32625 0.32443 0.32135 0.31717 0.31391 0.31228 0.30938 0.30501 0.30150 0.29950 0.29718 0.29259 0.28929 0.28640 0.28483 0.28260 0.27777 0.27494 0.27203 0.27038 0.26722 0.26272 0.25984 0.25770 0.25562 0.24984 0.24766 0.24545 0.24348 0.23996 0.23550 0.23412 0.23145 0.22826 0.22355 0.22169 0.21950 0.21581 0.21296 0.21038 0.20791 0.20344 0.20246 0.19972 0.19557 0.19200 0.19112 0.18853 0.18368 0.18124 0.17994 0.17711 0.17226 0.17036 0.16910 0.16605 0.16139 0.15917 0.15862 0.15497 0.15091 0.14777 0.14829 0.14508 0.14061 0.14002 0.13810 0.13572 0.13083 0.12882 0.12831 0.12631 0.12096 0.11837 0.11875 0.11667 0.11097 0.10859 0.10943 0.10732 0.10258 0.09938 0.09949 0.09813 0.09540 0.08563 0.07632 0.06667 0.05673 0.04507 0.03649 0.02810 0.01973 0.01158 0.00362 0.00000 0.00000 0.00000 0.00000 0.00000 0.00000 0.00000 0.00000 0.00000 0.00000 0.00000 0.00000 0.00000 0.00000 0.00000 0.00000 0.00000 0.00000 0.00000 0.00000 0.00000 0.00000 0.00000 0.00000 0.00000 0.00000 0.00000 0.00000 0.00000 0.00000 0.00000 0.00000 0.00000 0.00000 0.00000 0.00000 0.00000 0.00000 0.00000 0.00000 0.00000 0.00000 0.00000 0.00000 0.00000
0.00000 0.00000 0.00000 0.00000 0.00000 0.00000 0.00000 0.00000 0.00000 0.00000 0.00000 0.00000 0.00000 0.00000 0.00000 0.00000 0.00000 0.00000 0.00000 0.00000 0.00000 0.00000 0.00000 0.00000 0.00000 0.00000 0.00000 0.00000 0.00000 0.00000 0.00000 0.00000 0.00000 0.00000 0.00000 0.00000 0.00000 0.00000 0.00000 0.00000 0.00000 0.00000 0.00000 0.00000 0.00000 0.00000 0.00000 0.00000 0.00000 0.00000 0.00000 0.00000 0.00000 0.00000 0.00000 0.02478 0.07397 0.12362 0.17330 0.22164 0.26984 0.31971 0.36788 0.41558 0.46657 0.49333 0.49820 0.50672 0.51758 0.52393 0.52832 0.53713 0.54755 0.55367 0.55795 0.56181 0.56384 0.56267 0.55773 0.55585 0.55826 0.55763 0.55266 0.55084 0.55256 0.55164 0.54708 0.54488 0.54654 0.54563 0.54122 0.53887 0.54011 0.53851 0.53500 0.53437 0.53323 0.53003 0.52859 0.52872 0.52577 0.52223 0.52220 0.52105 0.51771 0.51618 0.51562 0.51236 0.50924 0.50999 0.50862 0.50504 0.50075 0.50060 0.50068 0.49836 0.49226 0.49101 0.49194 0.48942 0.48637 0.48224 0.48124 0.47862 0.47824 0.47686 0.47162 0.46902 0.46840 0.46703 0.46255 0.45942 0.45756 0.45687 0.45471 0.45039 0.44712 0.44662 0.44499 0.44036 0.43746 0.43696 0.43425 0.42945 0.42720 0.42665 0.42348 0.41877 0.41641 0.41526 0.41260 0.40895 0.40547 0.40353 0.40166 0.39983 0.39464 0.39190 0.39042 0.38830 0.38369 0.38019 0.37888 0.37643 0.37230 0.36823 0.36742 0.36454 0.36062 0.35762 0.35599 0.35242 0.34877 0.34731 0.34423 0.33972 0.33692 0.33535 0.33229 0.32752 0.32514 0.32356 0.32032 0.31596 0.31301 0.31112 0.30822 0.30413 0.30037 0.29832 0.29557 0.29234 0.28763 0.28557 0.28339 0.28065 0.27850 0.27318 0.27096 0.26833 0.26635 0.26331 0.25845 0.25625 0.25364 0.25144 0.24568 0.24375 0.24159 0.23939 0.23681 0.23166 0.22959 0.22758 0.22437 0.21986 0.21770 0.21588 0.21178 0.20937 0.20673 0.20391 0.19956 0.19829 0.19615 0.19195 0.18846 0.18700 0.18458 0.18038 0.17800 0.17584 0.17317 0.16934 0.16738 0.16504 0.16203 0.15886 0.15627 0.15448 0.15133 0.14858 0.14503 0.14395 0.14327 0.13841 0.13545 0.13384 0.13330 0.12870 0.12538 0.12456 0.12306 0.11882 0.11576 0.11537 0.11311 0.10856 0.10635 0.10692 0.10396 0.09919 0.09724 0.09829 0.09486 0.08633 0.07532 0.06703 0.05522 0.04528 0.03745 0.02840 0.01903 0.01109 0.00379 0.00000 0.00000 0.00000 0.00000 0.00000 0.00000 0.00000 0.00000 0.00000 0.00000 0.00000 0.00000 0.00000 0.00000 0.00000 0.00000 0.00000 0.00000 0.00000 0.00000 0.00000 0.00000 0.00000 0.00000 0.00000 0.00000 0.00000 0.00000 0.00000 0.00000 0.00000 0.00000 0.00000 0.00000 0.00000 0.00000 0.00000 0.00000 0.00000 0.00000 0.00000 0.00000 0.00000 0.00000 0.00000
0.00000 0.00000 0.00000 0.00000 0.00000 0.00000 0.00000 0.00000 0.00000 0.00000 0.00000 0.00000 0.00000 0.00000 0.00000 0.00000 0.00000 0.00000 0.00000 0.00000 0.00000 0.00000 0.00000 0.00000 0.00000 0.00000 0.00000 0.00000 0.00000 0.00000 0.00000 0.00000 0.00000 0.00000 0.00000 0.00000 0.00000 0.00000 0.00000 0.00000 0.00000 0.00000 0.00000 0.00000 0.00000 0.00000 0.00000 0.00000 0.00000 0.00000 0.00000 0.00000 0.00000 0.00000 0.00000 0.02769 0.08294 0.13826 0.19313 0.24717 0.30225 0.35843 0.41122 0.46406 0.51865 0.54693 0.54877 0.55113 0.55187 0.55299 0.55601 0.55834 0.55904 0.56036 0.56222 0.56282 0.56232 0.56044 0.55768 0.55771 0.55834 0.55469 0.55176 0.55302 0.55288 0.54842 0.54579 0.54770 0.54674 0.54217 0.53993 0.54157 0.53961 0.53580 0.53531 0.53479 0.53124 0.52937 0.53026 0.52734 0.52321 0.52307 0.52348 0.51926 0.51540 0.51643 0.51651 0.51085 0.50815 0.50928 0.50828 0.50266 0.50073 0.50129 0.50015 0.49474 0.49227 0.49232 0.49116 0.48825 0.48316 0.48270 0.48108 0.47986 0.47776 0.47324 0.47084 0.47002 0.46878 0.46409 0.46105 0.45931 0.45854 0.45586 0.45203 0.44872 0.44810 0.44646 0.44220 0.43944 0.43817 0.43565 0.43130 0.42928 0.42839 0.42487 0.42035 0.41853 0.41763 0.41400 0.40981 0.40760 0.40617 0.40310 0.40068 0.39676 0.39417 0.39195 0.38988 0.38582 0.38244 0.38038 0.37794 0.37461 0.37083 0.36863 0.36565 0.36331 0.35888 0.35692 0.35480 0.35168 0.34851 0.34514 0.34282 0.33991 0.33636 0.33317 0.33031 0.32818 0.32501 0.32108 0.31804 0.31615 0.31336 0.30890 0.30564 0.30363 0.30115 0.29635 0.29328 0.29039 0.28893 0.28517 0.28114 0.27904 0.27654 0.27456 0.26926 0.26719 0.26399 0.26176 0.25988 0.25464 0.25201 0.24865 0.24762 0.24301 0.23969 0.23838 0.23554 0.23292 0.22768 0.22575 0.22362 0.22026 0.21607 0.21398 0.21191 0.20795 0.20554 0.20312 0.19983 0.19588 0.19483 0.19237 0.18789 0.18466 0.18374 0.18131 0.17640 0.17389 0.17280 0.17034 0.16549 0.16301 0.16223 0.15953 0.15500 0.15182 0.15189 0.14916 0.14457 0.14231 0.14154 0.13944 0.13415 0.13259 0.13194 0.12977 0.12450 0.12212 0.12268 0.12033 0.11501 0.11224 0.11311 0.11100 0.10609 0.10291 0.10326 0.10202 0.09839 0.09386 0.09338 0.08846 0.07690 0.06375 0.05505 0.04632 0.03695 0.02799 0.01912 0.01121 0.00371 0.00000 0.00000 0.00000 0.00000 0.00000 0.00000 0.00000 0.00000 0.00000 0.00000 0.00000 0.00000 0.00000 0.00000 0.00000 0.00000 0.00000 0.00000 0.00000 0.00000 0.00000 0.00000 0.00000 0.00000 0.00000 0.00000 0.00000 0.00000 0.00000 0.00000 0.00000 0.00000 0.00000 0.00000 0.00000 0.00000 0.00000 0.00000 0.00000 0.00000 0.00000 0.00000 0.00000 0.00000 0.00000
0.00000 0.00000 0.00000 0.00000 0.00000 0.00000 0.00000 0.00000 0.00000 0.00000 0.00000 0.00000 0.00000 0.00000 0.00000 0.00000 0.00000 0.00000 0.00000 0.00000 0.00000 0.00000 0.00000 0.00000 0.00000 0.00000 0.00000 0.00000 0.00000 0.00000 0.00000 0.00000 0.00000 0.00000 0.00000 0.00000 0.00000 0.00000 0.00000 0.00000 0.00000 0.00000 0.00000 0.00000 0.00000 0.00147 0.00441 0.00736 0.01033 0.01323 0.01606 0.01903 0.02205 0.02486 0.02758 0.05679 0.11260 0.16716 0.22081 0.27679 0.33238 0.38530 0.43951 0.49432 0.54691 0.57287 0.57464 0.57241 0.56902 0.56887 0.57011 0.56768 0.56446 0.56440 0.56524 0.56338 0.56019 0.55856 0.55982 0.55931 0.55511 0.55274 0.55440 0.55386 0.54935 0.54700 0.54860 0.54781 0.54347 0.54101 0.54233 0.54102 0.53726 0.53596 0.53566 0.53279 0.53074 0.53109 0.52845 0.52465 0.52429 0.52420 0.52055 0.51732 0.51780 0.51633 0.51216 0.51096 0.51091 0.50835 0.50363 0.50337 0.50346 0.50082 0.49513 0.49421 0.49506 0.49243 0.48761 0.48498 0.48516 0.48280 0.48082 0.47806 0.47507 0.47251 0.47164 0.47055 0.46558 0.46259 0.46137 0.46032 0.45669 0.45332 0.45039 0.44987 0.44832 0.44372 0.44054 0.43980 0.43784 0.43297 0.43058 0.43000 0.42704 0.42219 0.41985 0.41918 0.41620 0.41194 0.40888 0.40745 0.40539 0.40261 0.39800 0.39571 0.39442 0.39191 0.38698 0.38411 0.38299 0.38027 0.37566 0.37242 0.37136 0.36825 0.36420 0.36037 0.35970 0.35615 0.35273 0.35106 0.34793 0.34396 0.34090 0.33926 0.33605 0.33148 0.32897 0.32745 0.32410 0.31974 0.31691 0.31529 0.31204 0.30803 0.30448 0.30262 0.29958 0.29606 0.29150 0.29001 0.28666 0.28424 0.28199 0.27747 0.27545 0.27205 0.27057 0.26566 0.26280 0.26104 0.25792 0.25592 0.25048 0.24804 0.24500 0.24350 0.24102 0.23576 0.23349 0.23151 0.22883 0.22392 0.22161 0.21969 0.21627 0.21247 0.21030 0.20801 0.20390 0.20179 0.19963 0.19616 0.19209 0.19079 0.18871 0.18456 0.18117 0.17957 0.17755 0.17352 0.17084 0.16854 0.16650 0.16312 0.16010 0.15786 0.15577 0.15289 0.14894 0.14726 0.14615 0.14246 0.13875 0.13675 0.13678 0.13197 0.12885 0.12891 0.12685 0.12213 0.11942 0.11982 0.11663 0.11215 0.11033 0.11065 0.10714 0.10261 0.10141 0.10172 0.09823 0.09407 0.09277 0.08821 0.07553 0.06419 0.05554 0.04659 0.03559 0.02700 0.01980 0.01151 0.00356 0.00000 0.00000 0.00000 0.00000 0.00000 0.00000 0.00000 0.00000 0.00000 0.00000 0.00000 0.00000 0.00000 0.00000 0.00000 0.00000 0.00000 0.00000 0.00000 0.00000 0.00000 0.00000 0.00000 0.00000 0.00000 0.00000 0.00000 0.00000 0.00000 0.00000 0.00000 0.00000 0.00000 0.00000 0.00000 0.00000 0.00000 0.00000 0.00000 0.00000 0.00000 0.00000 0.00000 0.00000 0.00000
0.00000 0.00000 0.00000 0.00000 0.00000 0.00000 0.00000 0.00000 0.00000 0.00000 0.00000 0.00000 0.00000 0.00000 0.00000 0.00000 0.00000 0.00000 0.00000 0.00000 0.00000 0.00000 0.00000 0.00000 0.00000 0.00000 0.00000 0.00000 0.00000 0.00000 0.00000 0.00000 0.00000 0.00000 0.00000 0.00000 0.00000 0.00000 0.00000 0.00000 0.00000 0.00000 0.00000 0.00000 0.00000 0.00445 0.01325 0.02198 0.03089 0.03976 0.04839 0.05700 0.06583 0.07455 0.08314 0.11220 0.16159 0.21046 0.25949 0.30896 0.35752 0.40518 0.45364 0.50268 0.55066 0.57394 0.57176 0.57056 0.57101 0.57002 0.56715 0.56609 0.56618 0.56479 0.56325 0.56231 0.56011 0.55939 0.55981 0.55707 0.55389 0.55462 0.55495 0.55075 0.54795 0.54961 0.54895 0.54444 0.54204 0.54371 0.54216 0.53809 0.53678 0.53716 0.53417 0.53155 0.53205 0.52999 0.52593 0.52516 0.52586 0.52205 0.51819 0.51881 0.51882 0.51362 0.51055 0.51179 0.51128 0.50525 0.50327 0.50416 0.50281 0.49726 0.49520 0.49565 0.49409 0.48970 0.48630 0.48635 0.48484 0.48243 0.47747 0.47667 0.47461 0.47323 0.47196 0.46719 0.46427 0.46309 0.46205 0.45806 0.45495 0.45215 0.45150 0.44939 0.44557 0.44227 0.44108 0.43926 0.43492 0.43267 0.43138 0.42840 0.42388 0.42195 0.42126 0.41763 0.41320 0.41098 0.41005 0.40683 0.40314 0.40010 0.39827 0.39594 0.39314 0.38912 0.38646 0.38459 0.38171 0.37783 0.37494 0.37278 0.36961 0.36657 0.36328 0.36080 0.35724 0.35548 0.35211 0.34885 0.34666 0.34385 0.34081 0.33691 0.33431 0.33202 0.32877 0.32490 0.32208 0.32003 0.31725 0.31277 0.30977 0.30771 0.30512 0.30036 0.29741 0.29488 0.29292 0.28741 0.28522 0.28316 0.28082 0.27898 0.27314 0.27181 0.26849 0.26574 0.26307 0.25932 0.25661 0.25311 0.25167 0.24709 0.24389 0.24054 0.23959 0.23711 0.23176 0.22961 0.22760 0.22470 0.22002 0.21780 0.21569 0.21237 0.20888 0.20660 0.20382 0.20032 0.19840 0.19575 0.19199 0.18860 0.18761 0.18509 0.18045 0.17751 0.17659 0.17448 0.16958 0.16680 0.16584 0.16379 0.15917 0.15590 0.15536 0.15318 0.14879 0.14535 0.14492 0.14309 0.13832 0.13600 0.13450 0.13313 0.12851 0.12585 0.12614 0.12393 0.11942 0.11595 0.11649 0.11465 0.11019 0.10655 0.10675 0.10564 0.10171 0.09757 0.09700 0.09692 0.09360 0.08431 0.07496 0.06606 0.05541 0.04489 0.03614 0.02747 0.01924 0.01140 0.00360 0.00000 0.00000 0.00000 0.00000 0.00000 0.00000 0.00000 0.00000 0.00000 0.00000 0.00000 0.00000 0.00000 0.00000 0.00000 0.00000 0.00000 0.00000 0.00000 0.00000 0.00000 0.00000 0.00000 0.00000 0.00000 0.00000 0.00000 0.00000 0.00000 0.00000 0.00000 0.00000 0.00000 0.00000 0.00000 0.00000 0.00000 0.00000 0.00000 0.00000 0.00000 0.00000 0.00000 0.00000 0.00000
0.00000 0.00000 0.00000 0.00000 0.00000 0.00000 0.00000 0.00000 0.00000 0.00000 0.00000 0.00000 0.00000 0.00000 0.00000 0.00000 0.00000 0.00000 0.00000 0.00000 0.00000 0.00000 0.00000 0.00000 0.00000 0.00000 0.00000 0.00000 0.00000 0.00000 0.00000 0.00000 0.00000 0.00000 0.00000 0.00000 0.00000 0.00000 0.00000 0.00000 0.00000 0.00000 0.00000 0.00000 0.00000 0.00738 0.02217 0.03681 0.05123 0.06596 0.08105 0.09537 0.10910 0.12390 0.13932 0.16770 0.20980 0.25404 0.29860 0.34015 0.38190 0.42617 0.46871 0.50986 0.55353 0.57402 0.57133 0.57039 0.57138 0.56920 0.56659 0.56649 0.56650 0.56436 0.56225 0.56134 0.56126 0.56037 0.55742 0.55508 0.55608 0.55574 0.55162 0.54915 0.55058 0.54991 0.54569 0.54318 0.54442 0.54339 0.53960 0.53765 0.53787 0.53560 0.53307 0.53290 0.53094 0.52709 0.52641 0.52691 0.52329 0.51961 0.52001 0.51930 0.51498 0.51253 0.51329 0.51145 0.50647 0.50545 0.50604 0.50343 0.49806 0.49717 0.49803 0.49511 0.48966 0.48813 0.48907 0.48612 0.48266 0.47909 0.47881 0.47584 0.47445 0.47356 0.46898 0.46584 0.46480 0.46379 0.45942 0.45634 0.45418 0.45328 0.45045 0.44705 0.44323 0.44275 0.44148 0.43663 0.43402 0.43291 0.43053 0.42563 0.42335 0.42283 0.41976 0.41516 0.41234 0.41154 0.40898 0.40521 0.40144 0.39973 0.39818 0.39513 0.39048 0.38803 0.38694 0.38392 0.37912 0.37643 0.37528 0.37214 0.36757 0.36476 0.36351 0.35998 0.35633 0.35332 0.35168 0.34792 0.34495 0.34352 0.33972 0.33563 0.33296 0.33134 0.32781 0.32361 0.32086 0.31930 0.31583 0.31188 0.30854 0.30684 0.30360 0.29988 0.29592 0.29433 0.29101 0.28800 0.28411 0.28204 0.27977 0.27619 0.27471 0.26986 0.26711 0.26411 0.26199 0.25972 0.25494 0.25222 0.24932 0.24767 0.24332 0.23983 0.23712 0.23552 0.23306 0.22789 0.22536 0.22359 0.22063 0.21626 0.21403 0.21180 0.20833 0.20529 0.20317 0.20020 0.19635 0.19463 0.19242 0.18863 0.18481 0.18356 0.18163 0.17750 0.17408 0.17237 0.17091 0.16717 0.16374 0.16146 0.16010 0.15712 0.15285 0.15074 0.14981 0.14683 0.14210 0.13985 0.14018 0.13620 0.13221 0.13014 0.13049 0.12652 0.12291 0.12407 0.12037 0.11599 0.11422 0.11445 0.11033 0.10633 0.10560 0.10521 0.10130 0.09736 0.09691 0.09633 0.09258 0.08434 0.07539 0.06612 0.05390 0.04424 0.03697 0.02813 0.01863 0.01085 0.00372 0.00000 0.00000 0.00000 0.00000 0.00000 0.00000 0.00000 0.00000 0.00000 0.00000 0.00000 0.00000 0.00000 0.00000 0.00000 0.00000 0.00000 0.00000 0.00000 0.00000 0.00000 0.00000 0.00000 0.00000 0.00000 0.00000 0.00000 0.00000 0.00000 0.00000 0.00000 0.00000 0.00000 0.00000 0.00000 0.00000 0.00000 0.00000 0.00000 0.00000 0.00000 0.00000 0.00000 0.00000 0.00000
0.00000 0.00000 0.00000 0.00000 0.00000 0.00000 0.00000 0.00000 0.00000 0.00000 0.00000 0.00000 0.00000 0.00000 0.00000 0.00000 0.00000 0.00000 0.00000 0.00000 0.00000 0.00000 0.00000 0.00000 0.00000 0.00000 0.00000 0.00000 0.00000 0.00000 0.00000 0.00000 0.00000 0.00000 0.00000 0.00000 0.00000 0.00000 0.00000 0.00000 0.00000 0.00000 0.00000 0.00000 0.00000 0.01028 0.03093 0.05169 0.07206 0.09218 0.11282 0.13343 0.15357 0.17360 0.19395 0.22283 0.26025 0.29764 0.33508 0.37202 0.40881 0.44571 0.48283 0.51953 0.55505 0.57227 0.57261 0.57180 0.56884 0.56757 0.56839 0.56694 0.56402 0.56349 0.56299 0.56149 0.56052 0.55890 0.55636 0.55643 0.55669 0.55289 0.55014 0.55151 0.55105 0.54657 0.54418 0.54581 0.54455 0.54033 0.53850 0.53937 0.53707 0.53385 0.53331 0.53245 0.52886 0.52728 0.52779 0.52476 0.52097 0.52106 0.52105 0.51637 0.51317 0.51441 0.51381 0.50789 0.50557 0.50693 0.50558 0.49982 0.49792 0.49873 0.49682 0.49187 0.48933 0.48993 0.48783 0.48433 0.48004 0.48039 0.47812 0.47598 0.47389 0.47063 0.46774 0.46643 0.46552 0.46097 0.45789 0.45605 0.45503 0.45156 0.44875 0.44513 0.44430 0.44234 0.43860 0.43628 0.43413 0.43181 0.42752 0.42551 0.42454 0.42117 0.41662 0.41444 0.41386 0.41043 0.40618 0.40350 0.40229 0.39965 0.39603 0.39257 0.39052 0.38852 0.38520 0.38127 0.37889 0.37686 0.37346 0.36977 0.36746 0.36478 0.36124 0.35885 0.35591 0.35270 0.34918 0.34774 0.34511 0.34063 0.33801 0.33593 0.33300 0.32865 0.32596 0.32393 0.32109 0.31661 0.31378 0.31172 0.30902 0.30437 0.30153 0.29922 0.29685 0.29172 0.28939 0.28735 0.28485 0.28077 0.27743 0.27640 0.27286 0.26968 0.26566 0.26371 0.26081 0.25714 0.25514 0.25148 0.24816 0.24467 0.24346 0.24017 0.23577 0.23283 0.23162 0.22890 0.22397 0.22149 0.21961 0.21665 0.21262 0.21032 0.20769 0.20470 0.20201 0.19932 0.19597 0.19301 0.19156 0.18838 0.18441 0.18164 0.18057 0.17799 0.17339 0.17069 0.16970 0.16776 0.16316 0.15994 0.15899 0.15716 0.15294 0.14927 0.14840 0.14659 0.14265 0.13950 0.13760 0.13635 0.13308 0.12960 0.12802 0.12740 0.12469 0.11970 0.11947 0.11836 0.11451 0.11038 0.11014 0.10909 0.10531 0.10137 0.10068 0.10040 0.09677 0.09255 0.09177 0.08728 0.07506 0.06316 0.05464 0.04560 0.03588 0.02752 0.01910 0.01098 0.00361 0.00000 0.00000 0.00000 0.00000 0.00000 0.00000 0.00000 0.00000 0.00000 0.00000 0.00000 0.00000 0.00000 0.00000 0.00000 0.00000 0.00000 0.00000 0.00000 0.00000 0.00000 0.00000 0.00000 0.00000 0.00000 0.00000 0.00000 0.00000 0.00000 0.00000 0.00000 0.00000 0.00000 0.00000 0.00000 0.00000 0.00000 0.00000 0.00000 0.00000 0.00000 0.00000 0.00000 0.00000 0.00000
0.00000 0.00000 0.00000 0.00000 0.00000 0.00000 0.00000 0.00000 0.00000 0.00000 0.00000 0.00000 0.00000 0.00000 0.00000 0.00000 0.00000 0.00000 0.00000 0.00000 0.00000 0.00000 0.00000 0.00000 0.00000 0.00000 0.00000 0.00000 0.00000 0.00000 0.00000 0.00000 0.00000 0.00000 0.00000 0.00000 0.00000 0.00000 0.00000 0.00000 0.00000 0.00000 0.00000 0.00000 0.00000 0.01325 0.03964 0.06614 0.09299 0.11915 0.14442 0.17074 0.19834 0.22383 0.24813 0.27762 0.31097 0.34114 0.37127 0.40410 0.43565 0.46501 0.49661 0.52848 0.55763 0.57147 0.57267 0.57132 0.56851 0.56764 0.56806 0.56594 0.56402 0.56367 0.56287 0.56119 0.55939 0.55764 0.55772 0.55734 0.55380 0.55135 0.55249 0.55197 0.54782 0.54536 0.54649 0.54568 0.54186 0.53949 0.53995 0.53846 0.53551 0.53423 0.53318 0.52987 0.52874 0.52931 0.52587 0.52172 0.52217 0.52205 0.51776 0.51487 0.51572 0.51409 0.50929 0.50759 0.50856 0.50621 0.50092 0.49984 0.50080 0.49777 0.49251 0.49112 0.49231 0.48894 0.48445 0.48180 0.48273 0.47946 0.47674 0.47467 0.47263 0.46927 0.46777 0.46730 0.46272 0.45941 0.45785 0.45677 0.45287 0.45013 0.44705 0.44606 0.44357 0.44027 0.43758 0.43571 0.43389 0.42930 0.42711 0.42600 0.42321 0.41842 0.41591 0.41543 0.41250 0.40819 0.40491 0.40382 0.40173 0.39806 0.39402 0.39202 0.39068 0.38732 0.38277 0.38036 0.37910 0.37585 0.37114 0.36877 0.36728 0.36393 0.35964 0.35719 0.35546 0.35177 0.34873 0.34646 0.34344 0.33965 0.33701 0.33517 0.33147 0.32754 0.32484 0.32310 0.31957 0.31566 0.31256 0.31089 0.30752 0.30369 0.30014 0.29857 0.29522 0.29177 0.28795 0.28637 0.28325 0.28003 0.27816 0.27430 0.27136 0.26816 0.26591 0.26262 0.25919 0.25618 0.25341 0.25136 0.24728 0.24385 0.24080 0.23949 0.23635 0.23174 0.22897 0.22758 0.22486 0.22012 0.21759 0.21570 0.21253 0.20892 0.20696 0.20410 0.20066 0.19843 0.19612 0.19262 0.18908 0.18766 0.18530 0.18129 0.17782 0.17649 0.17486 0.17082 0.16721 0.16538 0.16435 0.16103 0.15667 0.15451 0.15368 0.15098 0.14583 0.14370 0.14369 0.14085 0.13572 0.13297 0.13384 0.13127 0.12625 0.12653 0.12425 0.12037 0.11795 0.11805 0.11384 0.11019 0.10972 0.10885 0.10421 0.10087 0.10113 0.09991 0.09579 0.09207 0.09235 0.08701 0.07410 0.06278 0.05511 0.04611 0.03494 0.02660 0.01953 0.01135 0.00354 0.00000 0.00000 0.00000 0.00000 0.00000 0.00000 0.00000 0.00000 0.00000 0.00000 0.00000 0.00000 0.00000 0.00000 0.00000 0.00000 0.00000 0.00000 0.00000 0.00000 0.00000 0.00000 0.00000 0.00000 0.00000 0.00000 0.00000 0.00000 0.00000 0.00000 0.00000 0.00000 0.00000 0.00000 0.00000 0.00000 0.00000 0.00000 0.00000 0.00000 0.00000 0.00000 0.00000 0.00000 0.00000
0.00000 0.00000 0.00000 0.00000 0.00000 0.00000 0.00000 0.00000 0.00000 0.00000 0.00000 0.00000 0.00000 0.00000 0.00000 0.00000 0.00000 0.00000 0.00000 0.00000 0.00000 0.00000 0.00000 0.00000 0.00000 0.00000 0.00000 0.00000 0.00000 0.00000 0.00000 0.00000 0.00000 0.00000 0.00000 0.00000 0.00000 0.00000 0.00000 0.00000 0.00000 0.00000 0.00000 0.00000 0.00000 0.01629 0.04871 0.08056 0.11289 0.14567 0.17752 0.20873 0.24086 0.27324 0.30479 0.33290 0.35878 0.38486 0.41020 0.43487 0.46055 0.48653 0.51110 0.53493 0.56059 0.57360 0.57128 0.56913 0.56969 0.56902 0.56561 0.56469 0.56564 0.56377 0.56073 0.56023 0.55943 0.55848 0.55781 0.55477 0.55242 0.55345 0.55312 0.54858 0.54623 0.54791 0.54689 0.54241 0.54035 0.54154 0.53988 0.53615 0.53460 0.53470 0.53210 0.52955 0.52842 0.52731 0.52426 0.52320 0.52291 0.51908 0.51632 0.51697 0.51593 0.51059 0.50798 0.50970 0.50848 0.50238 0.50028 0.50166 0.49970 0.49440 0.49214 0.49310 0.49062 0.48631 0.48293 0.48402 0.48165 0.47821 0.47361 0.47430 0.47197 0.46928 0.46884 0.46437 0.46105 0.45958 0.45855 0.45436 0.45160 0.44916 0.44783 0.44390 0.44206 0.43998 0.43717 0.43498 0.43128 0.42947 0.42732 0.42447 0.42013 0.41810 0.41744 0.41396 0.40944 0.40698 0.40623 0.40318 0.39902 0.39605 0.39452 0.39219 0.38842 0.38486 0.38284 0.38072 0.37711 0.37328 0.37132 0.36876 0.36519 0.36192 0.35990 0.35658 0.35299 0.35137 0.34852 0.34445 0.34117 0.33981 0.33700 0.33238 0.32957 0.32781 0.32497 0.32041 0.31757 0.31566 0.31280 0.30831 0.30555 0.30337 0.30071 0.29596 0.29356 0.29126 0.28873 0.28395 0.28162 0.28025 0.27684 0.27330 0.26978 0.26798 0.26480 0.26106 0.25821 0.25572 0.25242 0.24876 0.24696 0.24382 0.23985 0.23658 0.23545 0.23255 0.22781 0.22497 0.22367 0.22080 0.21642 0.21370 0.21168 0.20890 0.20564 0.20326 0.19990 0.19731 0.19543 0.19210 0.18841 0.18602 0.18467 0.18118 0.17712 0.17489 0.17373 0.17106 0.16674 0.16396 0.16297 0.16091 0.15680 0.15323 0.15220 0.15029 0.14670 0.14329 0.14148 0.13957 0.13719 0.13367 0.13055 0.13019 0.12932 0.12360 0.12202 0.12216 0.11901 0.11424 0.11338 0.11265 0.10917 0.10541 0.10438 0.10355 0.10012 0.09641 0.09551 0.09540 0.09144 0.08322 0.07461 0.06521 0.05375 0.04423 0.03633 0.02707 0.01849 0.01135 0.00363 0.00000 0.00000 0.00000 0.00000 0.00000 0.00000 0.00000 0.00000 0.00000 0.00000 0.00000 0.00000 0.00000 0.00000 0.00000 0.00000 0.00000 0.00000 0.00000 0.00000 0.00000 0.00000 0.00000 0.00000 0.00000 0.00000 0.00000 0.00000 0.00000 0.00000 0.00000 0.00000 0.00000 0.00000 0.00000 0.00000 0.00000 0.00000 0.00000 0.00000 0.00000 0.00000 0.00000 0.00000 0.00000
0.00000 0.00000 0.00000 0.00000 0.00000 0.00000 0.00000 0.00000 0.00000 0.00000 0.00000 0.00000 0.00000 0.00000 0.00000 0.00000 0.00000 0.00000 0.00000 0.00000 0.00000 0.00000 0.00000 0.00000 0.00000 0.00000 0.00000 0.00000 0.00000 0.00000 0.00000 0.00000 0.00000 0.00000 0.00000 0.00000 0.00000 0.00000 0.00000 0.00000 0.00000 0.00000 0.00000 0.00000 0.00000 0.01919 0.05764 0.09573 0.13320 0.17112 0.21042 0.24797 0.28383 0.32147 0.36122 0.38879 0.40710 0.42819 0.44842 0.46611 0.48607 0.50718 0.52496 0.54247 0.56390 0.57381 0.57033 0.56823 0.56970 0.56853 0.56573 0.56451 0.56465 0.56255 0.56112 0.56035 0.55945 0.55845 0.55584 0.55338 0.55430 0.55411 0.54991 0.54747 0.54853 0.54797 0.54398 0.54145 0.54203 0.54120 0.53789 0.53557 0.53522 0.53343 0.53125 0.53030 0.52816 0.52395 0.52447 0.52498 0.52039 0.51765 0.51807 0.51638 0.51207 0.51019 0.51112 0.50867 0.50374 0.50238 0.50342 0.50062 0.49541 0.49397 0.49517 0.49170 0.48693 0.48455 0.48621 0.48290 0.47881 0.47583 0.47636 0.47296 0.47030 0.47077 0.46628 0.46274 0.46099 0.46019 0.45609 0.45299 0.45102 0.44960 0.44559 0.44357 0.44110 0.43888 0.43653 0.43307 0.43138 0.42880 0.42630 0.42192 0.41973 0.41889 0.41593 0.41131 0.40849 0.40783 0.40518 0.40106 0.39753 0.39606 0.39423 0.39051 0.38642 0.38429 0.38283 0.37938 0.37487 0.37265 0.37101 0.36772 0.36314 0.36110 0.35918 0.35572 0.35206 0.34965 0.34727 0.34363 0.34095 0.33854 0.33515 0.33152 0.32882 0.32670 0.32328 0.31942 0.31654 0.31462 0.31136 0.30741 0.30422 0.30271 0.29926 0.29556 0.29206 0.29061 0.28723 0.28381 0.28099 0.27856 0.27551 0.27208 0.26970 0.26652 0.26333 0.26013 0.25733 0.25482 0.25143 0.24795 0.24492 0.24315 0.23978 0.23569 0.23274 0.23146 0.22870 0.22384 0.22105 0.21976 0.21666 0.21258 0.21023 0.20808 0.20490 0.20203 0.20024 0.19666 0.19324 0.19167 0.18912 0.18519 0.18200 0.18067 0.17837 0.17427 0.17094 0.16955 0.16821 0.16447 0.16039 0.15853 0.15764 0.15482 0.14963 0.14766 0.14726 0.14483 0.13954 0.13700 0.13725 0.13513 0.12942 0.12795 0.12816 0.12494 0.12176 0.12096 0.11766 0.11425 0.11366 0.11247 0.10748 0.10461 0.10524 0.10359 0.09858 0.09556 0.09640 0.09508 0.09088 0.08277 0.07436 0.06535 0.05337 0.04389 0.03676 0.02754 0.01851 0.01093 0.00366 0.00000 0.00000 0.00000 0.00000 0.00000 0.00000 0.00000 0.00000 0.00000 0.00000 0.00000 0.00000 0.00000 0.00000 0.00000 0.00000 0.00000 0.00000 0.00000 0.00000 0.00000 0.00000 0.00000 0.00000 0.00000 0.00000 0.00000 0.00000 0.00000 0.00000 0.00000 0.00000 0.00000 0.00000 0.00000 0.00000 0.00000 0.00000 0.00000 0.00000 0.00000 0.00000 0.00000 0.00000 0.00000
0.00000 0.00000 0.00000 0.00000 0.00000 0.00000 0.00000 0.00000 0.00000 0.00000 0.00000 0.00000 0.00000 0.00000 0.00000 0.00000 0.00000 0.00000 0.00000 0.00000 0.00000 0.00000 0.00000 0.00000 0.00000 0.00000 0.00000 0.00000 0.00000 0.00000 0.00000 0.00000 0.00000 0.00000 0.00000 0.00000 0.00000 0.00000 0.00000 0.00000 0.00000 0.00000 0.00000 0.00000 0.00000 0.02200 0.06598 0.11078 0.15469 0.19714 0.24090 0.28600 0.32918 0.37098 0.41413 0.44434 0.45822 0.47036 0.48428 0.49956 0.51303 0.52462 0.53832 0.55377 0.56667 0.57063 0.57001 0.57091 0.56850 0.56616 0.56707 0.56593 0.56141 0.56156 0.56296 0.56063 0.55695 0.55644 0.55539 0.55541 0.55514 0.55052 0.54830 0.54997 0.54929 0.54440 0.54212 0.54372 0.54263 0.53833 0.53617 0.53686 0.53540 0.53195 0.52945 0.52963 0.52855 0.52544 0.52251 0.52167 0.52061 0.51935 0.51717 0.51326 0.51157 0.51245 0.51071 0.50504 0.50263 0.50449 0.50281 0.49700 0.49467 0.49605 0.49357 0.48878 0.48577 0.48726 0.48467 0.48036 0.47727 0.47790 0.47521 0.47168 0.47166 0.46796 0.46442 0.46251 0.46189 0.45776 0.45435 0.45282 0.45144 0.44728 0.44505 0.44303 0.44064 0.43685 0.43493 0.43382 0.43018 0.42717 0.42383 0.42207 0.42044 0.41736 0.41278 0.41064 0.41001 0.40666 0.40222 0.39957 0.39845 0.39570 0.39158 0.38845 0.38673 0.38440 0.38057 0.37696 0.37513 0.37266 0.36898 0.36529 0.36367 0.36044 0.35698 0.35452 0.35222 0.34832 0.34490 0.34358 0.34066 0.33616 0.33306 0.33162 0.32874 0.32418 0.32115 0.31953 0.31650 0.31218 0.30918 0.30736 0.30446 0.30004 0.29774 0.29533 0.29250 0.28794 0.28582 0.28382 0.28065 0.27664 0.27392 0.27207 0.26874 0.26495 0.26205 0.25986 0.25657 0.25273 0.25039 0.24784 0.24410 0.24065 0.23896 0.23623 0.23170 0.22880 0.22759 0.22475 0.22011 0.21711 0.21588 0.21263 0.20924 0.20728 0.20403 0.20142 0.19900 0.19640 0.19245 0.19014 0.18866 0.18500 0.18106 0.17916 0.17774 0.17428 0.17017 0.16806 0.16707 0.16432 0.16029 0.15711 0.15630 0.15398 0.15047 0.14676 0.14553 0.14319 0.14082 0.13821 0.13479 0.13225 0.13216 0.12779 0.12469 0.12607 0.12338 0.11831 0.11636 0.11642 0.11335 0.10942 0.10796 0.10676 0.10379 0.10059 0.09931 0.09846 0.09480 0.09132 0.09137 0.08623 0.07307 0.06200 0.05493 0.04501 0.03480 0.02771 0.01932 0.01082 0.00347 0.00000 0.00000 0.00000 0.00000 0.00000 0.00000 0.00000 0.00000 0.00000 0.00000 0.00000 0.00000 0.00000 0.00000 0.00000 0.00000 0.00000 0.00000 0.00000 0.00000 0.00000 0.00000 0.00000 0.00000 0.00000 0.00000 0.00000 0.00000 0.00000 0.00000 0.00000 0.00000 0.00000 0.00000 0.00000 0.00000 0.00000 0.00000 0.00000 0.00000 0.00000 0.00000 0.00000 0.00000 0.00000
0.00000 0.00000 0.00000 0.00000 0.00000 0.00000 0.00000 0.00000 0.00000 0.00000 0.00000 0.00000 0.00000 0.00000 0.00000 0.00000 0.00000 0.00000 0.00000 0.00000 0.00000 0.00000 0.00000 0.00000 0.00000 0.00000 0.00000 0.00000 0.00000 0.00000 0.00000 0.00000 0.00000 0.00000 0.00000 0.00000 0.00000 0.00000 0.00000 0.00000 0.00000 0.00000 0.00000 0.00000 0.00000 0.02501 0.07492 0.12485 0.17532 0.22505 0.27309 0.32194 0.37347 0.42216 0.46936 0.49846 0.50753 0.51365 0.52193 0.53191 0.53805 0.54366 0.55363 0.56300 0.56784 0.56930 0.57124 0.57131 0.56746 0.56432 0.56639 0.56578 0.56284 0.56211 0.56119 0.55894 0.55777 0.55598 0.55599 0.55633 0.55202 0.54952 0.55044 0.55011 0.54605 0.54348 0.54410 0.54376 0.54011 0.53731 0.53722 0.53671 0.53381 0.53103 0.53018 0.52893 0.52704 0.52592 0.52273 0.52141 0.52046 0.51838 0.51472 0.51365 0.51368 0.51037 0.50652 0.50518 0.50599 0.50324 0.49823 0.49670 0.49786 0.49474 0.48976 0.48748 0.48919 0.48592 0.48120 0.47889 0.47984 0.47656 0.47261 0.47280 0.46990 0.46611 0.46366 0.46341 0.45961 0.45591 0.45425 0.45313 0.44904 0.44640 0.44464 0.44243 0.43831 0.43658 0.43529 0.43181 0.42858 0.42569 0.42386 0.42182 0.41919 0.41456 0.41227 0.41149 0.40858 0.40415 0.40111 0.40006 0.39764 0.39366 0.39001 0.38823 0.38641 0.38275 0.37858 0.37651 0.37476 0.37137 0.36686 0.36491 0.36286 0.35956 0.35531 0.35338 0.35101 0.34754 0.34457 0.34191 0.33891 0.33546 0.33272 0.33022 0.32699 0.32327 0.32044 0.31804 0.31515 0.31100 0.30820 0.30662 0.30318 0.29939 0.29618 0.29483 0.29123 0.28760 0.28458 0.28276 0.27945 0.27588 0.27336 0.27066 0.26742 0.26408 0.26118 0.25859 0.25555 0.25209 0.24890 0.24675 0.24379 0.23988 0.23675 0.23510 0.23238 0.22770 0.22501 0.22367 0.22075 0.21623 0.21300 0.21223 0.20876 0.20540 0.20489 0.20085 0.19736 0.19522 0.19335 0.18939 0.18600 0.18467 0.18222 0.17799 0.17493 0.17371 0.17170 0.16766 0.16408 0.16273 0.16152 0.15828 0.15363 0.15174 0.15079 0.14869 0.14290 0.14104 0.14096 0.13893 0.13427 0.13113 0.12987 0.12928 0.12661 0.12324 0.12142 0.11859 0.11767 0.11575 0.11110 0.10854 0.10917 0.10734 0.10167 0.09928 0.10046 0.09869 0.09376 0.09063 0.09118 0.08598 0.07382 0.06244 0.05327 0.04520 0.03548 0.02689 0.01922 0.01096 0.00358 0.00000 0.00000 0.00000 0.00000 0.00000 0.00000 0.00000 0.00000 0.00000 0.00000 0.00000 0.00000 0.00000 0.00000 0.00000 0.00000 0.00000 0.00000 0.00000 0.00000 0.00000 0.00000 0.00000 0.00000 0.00000 0.00000 0.00000 0.00000 0.00000 0.00000 0.00000 0.00000 0.00000 0.00000 0.00000 0.00000 0.00000 0.00000 0.00000 0.00000 0.00000 0.00000 0.00000 0.00000 0.00000
0.00000 0.00000 0.00000 0.00000 0.00000 0.00000 0.00000 0.00000 0.00000 0.00000 0.00000 0.00000 0.00000 0.00000 0.00000 0.00000 0.00000 0.00000 0.00000 0.00000 0.00000 0.00000 0.00000 0.00000 0.00000 0.00000 0.00000 0.00000 0.00000 0.00000 0.00000 0.00000 0.00000 0.00000 0.00000 0.00000 0.00000 0.00000 0.00000 0.00000 0.00000 0.00000 0.00000 0.00000 0.00000 0.02814 0.08432 0.13896 0.19423 0.25190 0.30706 0.35949 0.41406 0.47219 0.52710 0.55221 0.55389 0.55906 0.56132 0.56034 0.56223 0.56689 0.56889 0.56775 0.56918 0.57266 0.57152 0.56771 0.56639 0.56784 0.56477 0.56312 0.56563 0.56268 0.55763 0.55810 0.55966 0.55739 0.55479 0.55245 0.55118 0.55193 0.55160 0.54641 0.54411 0.54584 0.54530 0.54042 0.53780 0.53899 0.53844 0.53435 0.53141 0.53174 0.53176 0.52792 0.52381 0.52405 0.52545 0.52170 0.51794 0.51582 0.51585 0.51512 0.51155 0.50769 0.50632 0.50726 0.50534 0.49961 0.49723 0.49888 0.49675 0.49141 0.48860 0.49020 0.48751 0.48283 0.48039 0.48114 0.47819 0.47400 0.47365 0.47151 0.46774 0.46501 0.46494 0.46131 0.45734 0.45578 0.45487 0.45084 0.44770 0.44619 0.44431 0.44001 0.43813 0.43675 0.43352 0.42931 0.42757 0.42607 0.42319 0.42043 0.41632 0.41452 0.41325 0.41014 0.40540 0.40320 0.40231 0.39912 0.39488 0.39204 0.39058 0.38790 0.38393 0.38064 0.37892 0.37639 0.37262 0.36897 0.36739 0.36436 0.36085 0.35756 0.35592 0.35213 0.34883 0.34710 0.34434 0.33997 0.33682 0.33537 0.33247 0.32789 0.32481 0.32333 0.32022 0.31602 0.31266 0.31123 0.30784 0.30396 0.30178 0.29936 0.29624 0.29204 0.29013 0.28770 0.28435 0.28035 0.27810 0.27599 0.27253 0.26874 0.26613 0.26390 0.26057 0.25666 0.25422 0.25190 0.24835 0.24464 0.24253 0.24014 0.23592 0.23289 0.23112 0.22860 0.22382 0.22133 0.21994 0.21678 0.21274 0.20987 0.20843 0.20580 0.20234 0.20113 0.19675 0.19387 0.19225 0.18942 0.18519 0.18305 0.18168 0.17814 0.17396 0.17217 0.17100 0.16777 0.16353 0.16106 0.16047 0.15777 0.15396 0.15009 0.14971 0.14693 0.14448 0.14246 0.13909 0.13620 0.13534 0.13318 0.12854 0.12668 0.12684 0.12318 0.11919 0.12008 0.11770 0.11331 0.11116 0.11036 0.10789 0.10481 0.10298 0.10129 0.09852 0.09546 0.09487 0.09415 0.08956 0.08219 0.07465 0.06438 0.05257 0.04415 0.03647 0.02658 0.01822 0.01141 0.00367 0.00000 0.00000 0.00000 0.00000 0.00000 0.00000 0.00000 0.00000 0.00000 0.00000 0.00000 0.00000 0.00000 0.00000 0.00000 0.00000 0.00000 0.00000 0.00000 0.00000 0.00000 0.00000 0.00000 0.00000 0.00000 0.00000 0.00000 0.00000 0.00000 0.00000 0.00000 0.00000 0.00000 0.00000 0.00000 0.00000 0.00000 0.00000 0.00000 0.00000 0.00000 0.00000 0.00000 0.00000 0.00000
0.00000 0.00000 0.00000 0.00000 0.00000 0.00000 0.00000 0.00000 0.00000 0.00000 0.00000 0.00000 0.00000 0.00000 0.00000 0.00000 0.00000 0.00000 0.00000 0.00000 0.00000 0.00000 0.00000 0.00000 0.00000 0.00000 0.00000 0.00000 0.00000 0.00000 0.00000 0.00000 0.00000 0.00000 0.00000 0.00149 0.00444 0.00746 0.01041 0.01327 0.01628 0.01933 0.02218 0.02498 0.02801 0.05757 0.11347 0.16911 0.22425 0.27938 0.33582 0.39119 0.44462 0.49905 0.55504 0.58050 0.57985 0.58106 0.57848 0.57517 0.57646 0.57771 0.57387 0.57081 0.57265 0.57310 0.56922 0.56627 0.56801 0.56862 0.56463 0.56207 0.56288 0.56100 0.55969 0.55984 0.55761 0.55565 0.55414 0.55295 0.55214 0.55142 0.54821 0.54601 0.54603 0.54566 0.54228 0.53938 0.53923 0.53939 0.53629 0.53282 0.53210 0.53233 0.52979 0.52623 0.52480 0.52508 0.52303 0.51972 0.51714 0.51750 0.51620 0.51193 0.50920 0.50882 0.50857 0.50482 0.50098 0.49959 0.50046 0.49777 0.49256 0.49048 0.49195 0.48897 0.48391 0.48169 0.48290 0.47979 0.47509 0.47500 0.47332 0.46932 0.46609 0.46638 0.46318 0.45895 0.45697 0.45643 0.45266 0.44913 0.44759 0.44606 0.44186 0.43958 0.43797 0.43526 0.43085 0.42937 0.42740 0.42469 0.42235 0.41825 0.41628 0.41454 0.41200 0.40718 0.40484 0.40383 0.40101 0.39692 0.39362 0.39215 0.38984 0.38607 0.38223 0.38036 0.37840 0.37491 0.37060 0.36870 0.36658 0.36332 0.35883 0.35711 0.35468 0.35140 0.34785 0.34557 0.34271 0.33935 0.33657 0.33386 0.33062 0.32718 0.32428 0.32164 0.31892 0.31473 0.31210 0.30947 0.30701 0.30314 0.30025 0.29901 0.29517 0.29160 0.28862 0.28691 0.28338 0.27966 0.27705 0.27480 0.27147 0.26791 0.26502 0.26266 0.25961 0.25610 0.25281 0.25059 0.24790 0.24412 0.24074 0.23873 0.23628 0.23196 0.22913 0.22724 0.22496 0.22006 0.21766 0.21624 0.21320 0.20895 0.20740 0.20515 0.20177 0.19836 0.19754 0.19386 0.18990 0.18809 0.18641 0.18229 0.17887 0.17760 0.17554 0.17117 0.16792 0.16694 0.16522 0.16136 0.15754 0.15591 0.15457 0.15235 0.14729 0.14515 0.14351 0.14281 0.14008 0.13490 0.13363 0.13321 0.13053 0.12576 0.12392 0.12324 0.12195 0.11831 0.11476 0.11274 0.11282 0.11090 0.10525 0.10320 0.10438 0.10245 0.09649 0.09428 0.09559 0.09403 0.09011 0.08216 0.07263 0.06438 0.05459 0.04406 0.03512 0.02697 0.01901 0.01111 0.00359 0.00017 0.00051 0.00085 0.00112 0.00136 0.00170 0.00198 0.00210 0.00237 0.00267 0.00249 0.00217 0.00191 0.00153 0.00124 0.00110 0.00078 0.00051 0.00033 0.00011 0.00000 0.00000 0.00000 0.00000 0.00000 0.00000 0.00000 0.00000 0.00000 0.00000 0.00000 0.00000 0.00000 0.00000 0.00000 0.00000 0.00000 0.00000 0.00000 0.00000 0.00000 0.00000 0.00000 0.00000 0.00000
0.00000 0.00000 0.00000 0.00000 0.00000 0.00000 0.00000 0.00000 0.00000 0.00000 0.00000 0.00000 0.00000 0.00000 0.00000 0.00000 0.00000 0.00000 0.00000 0.00000 0.00000 0.00000 0.00000 0.00000 0.00000 0.00000 0.00000 0.00000 0.00000 0.00000 0.00000 0.00000 0.00000 0.00000 0.00000 0.00448 0.01331 0.02220 0.03123 0.04020 0.04886 0.05750 0.06635 0.07559 0.08439 0.11294 0.16249 0.21423 0.26402 0.31046 0.35938 0.41244 0.46176 0.50639 0.55402 0.58257 0.58236 0.57736 0.57617 0.57856 0.57791 0.57341 0.57195 0.57433 0.57373 0.56921 0.56699 0.56958 0.56859 0.56478 0.56399 0.56452 0.56132 0.55986 0.56169 0.55928 0.55526 0.55437 0.55503 0.55380 0.55211 0.54849 0.54704 0.54782 0.54727 0.54256 0.53993 0.54106 0.54107 0.53671 0.53331 0.53376 0.53424 0.53054 0.52648 0.52621 0.52759 0.52418 0.51951 0.51823 0.51951 0.51767 0.51268 0.51024 0.51048 0.50999 0.50625 0.50220 0.50081 0.50164 0.49946 0.49401 0.49172 0.49303 0.49051 0.48549 0.48322 0.48412 0.48115 0.47656 0.47644 0.47477 0.47080 0.46743 0.46780 0.46482 0.46048 0.45829 0.45807 0.45440 0.45050 0.44907 0.44784 0.44380 0.44092 0.43927 0.43714 0.43273 0.43099 0.42852 0.42633 0.42374 0.42014 0.41843 0.41591 0.41370 0.40871 0.40693 0.40576 0.40256 0.39812 0.39568 0.39442 0.39129 0.38740 0.38429 0.38267 0.37992 0.37619 0.37269 0.37110 0.36821 0.36464 0.36099 0.35957 0.35593 0.35274 0.35033 0.34803 0.34382 0.34071 0.33913 0.33625 0.33162 0.32867 0.32701 0.32406 0.31969 0.31637 0.31508 0.31157 0.30784 0.30455 0.30329 0.30008 0.29606 0.29460 0.29171 0.28805 0.28439 0.28238 0.27992 0.27622 0.27258 0.27027 0.26789 0.26439 0.26059 0.25828 0.25593 0.25243 0.24858 0.24640 0.24410 0.24026 0.23681 0.23473 0.23260 0.22800 0.22558 0.22351 0.22107 0.21633 0.21457 0.21264 0.20918 0.20561 0.20481 0.20138 0.19758 0.19540 0.19381 0.18970 0.18649 0.18524 0.18252 0.17806 0.17596 0.17492 0.17169 0.16716 0.16507 0.16443 0.16166 0.15700 0.15412 0.15394 0.15145 0.14820 0.14385 0.14332 0.14113 0.13888 0.13771 0.13299 0.13028 0.12990 0.12730 0.12278 0.12268 0.12148 0.11701 0.11398 0.11410 0.11238 0.10851 0.10634 0.10453 0.10264 0.10015 0.09832 0.09676 0.09348 0.09026 0.09090 0.08561 0.07194 0.06246 0.05484 0.04414 0.03444 0.02767 0.01930 0.01070 0.00346 0.00054 0.00156 0.00239 0.00338 0.00437 0.00494 0.00559 0.00679 0.00738 0.00744 0.00735 0.00691 0.00581 0.00447 0.00397 0.00327 0.00230 0.00153 0.00098 0.00032 0.00000 0.00000 0.00000 0.00000 0.00000 0.00000 0.00000 0.00000 0.00000 0.00000 0.00000 0.00000 0.00000 0.00000 0.00000 0.00000 0.00000 0.00000 0.00000 0.00000 0.00000 0.00000 0.00000 0.00000 0.00000
0.00000 0.00000 0.00000 0.00000 0.00000 0.00000 0.00000 0.00000 0.00000 0.00000 0.00000 0.00000 0.00000 0.00000 0.00000 0.00000 0.00000 0.00000 0.00000 0.00000 0.00000 0.00000 0.00000 0.00000 0.00000 0.00000 0.00000 0.00000 0.00000 0.00000 0.00000 0.00000 0.00000 0.00000 0.00000 0.00744 0.02235 0.03703 0.05189 0.06704 0.08142 0.09560 0.11085 0.12594 0.14000 0.16871 0.21322 0.25730 0.30076 0.34446 0.38761 0.43060 0.47413 0.51666 0.55974 0.58205 0.57973 0.57670 0.57783 0.57920 0.57547 0.57224 0.57401 0.57453 0.57094 0.56841 0.56956 0.56920 0.56640 0.56423 0.56450 0.56349 0.56161 0.56122 0.55922 0.55675 0.55624 0.55622 0.55374 0.55190 0.55043 0.54941 0.54777 0.54649 0.54454 0.54225 0.54115 0.54104 0.53868 0.53508 0.53406 0.53487 0.53247 0.52812 0.52680 0.52790 0.52572 0.52122 0.51936 0.52054 0.51871 0.51380 0.51172 0.51236 0.51111 0.50631 0.50366 0.50314 0.50301 0.49974 0.49529 0.49359 0.49461 0.49198 0.48669 0.48457 0.48575 0.48282 0.47782 0.47737 0.47643 0.47254 0.46865 0.46909 0.46661 0.46214 0.45939 0.45951 0.45626 0.45207 0.45029 0.44945 0.44564 0.44232 0.44068 0.43886 0.43478 0.43261 0.42999 0.42796 0.42502 0.42209 0.42019 0.41724 0.41568 0.41074 0.40867 0.40678 0.40444 0.39997 0.39731 0.39605 0.39317 0.38956 0.38589 0.38418 0.38186 0.37841 0.37429 0.37248 0.37029 0.36700 0.36255 0.36085 0.35836 0.35522 0.35113 0.34925 0.34645 0.34322 0.34039 0.33761 0.33421 0.33111 0.32817 0.32553 0.32239 0.31882 0.31599 0.31276 0.31082 0.30619 0.30442 0.30245 0.29898 0.29623 0.29274 0.29102 0.28732 0.28357 0.28100 0.27885 0.27547 0.27167 0.26893 0.26676 0.26360 0.25997 0.25674 0.25464 0.25194 0.24822 0.24470 0.24261 0.24024 0.23632 0.23293 0.23079 0.22897 0.22438 0.22204 0.21964 0.21753 0.21295 0.21089 0.20916 0.20593 0.20198 0.20073 0.19831 0.19402 0.19116 0.19020 0.18689 0.18277 0.18088 0.17960 0.17537 0.17193 0.17089 0.16903 0.16462 0.16144 0.16031 0.15856 0.15517 0.15185 0.14931 0.14738 0.14682 0.14363 0.13898 0.13708 0.13714 0.13479 0.12919 0.12686 0.12756 0.12576 0.12047 0.11823 0.11746 0.11636 0.11374 0.10887 0.10730 0.10816 0.10624 0.10012 0.09815 0.09952 0.09776 0.09238 0.08976 0.09027 0.08508 0.07434 0.06226 0.05227 0.04461 0.03629 0.02695 0.01859 0.01086 0.00359 0.00089 0.00255 0.00398 0.00562 0.00733 0.00836 0.00949 0.01096 0.01203 0.01289 0.01286 0.01100 0.00915 0.00843 0.00665 0.00497 0.00386 0.00291 0.00155 0.00049 0.00000 0.00000 0.00000 0.00000 0.00000 0.00000 0.00000 0.00000 0.00000 0.00000 0.00000 0.00000 0.00000 0.00000 0.00000 0.00000 0.00000 0.00000 0.00000 0.00000 0.00000 0.00000 0.00000 0.00000 0.00000
0.00000 0.00000 0.00000 0.00000 0.00000 0.00000 0.00000 0.00000 0.00000 0.00000 0.00000 0.00000 0.00000 0.00000 0.00000 0.00000 0.00000 0.00000 0.00000 0.00000 0.00000 0.00000 0.00000 0.00000 0.00000 0.00000 0.00000 0.00000 0.00000 0.00000 0.00000 0.00000 0.00000 0.00000 0.00000 0.01039 0.03135 0.05212 0.07246 0.09315 0.11400 0.13491 0.15522 0.17509 0.19545 0.22615 0.26425 0.29957 0.33718 0.37852 0.41594 0.44895 0.48561 0.52746 0.56519 0.57840 0.57712 0.58012 0.57949 0.57474 0.57363 0.57595 0.57525 0.57062 0.56871 0.57129 0.57078 0.56636 0.56421 0.56622 0.56465 0.56167 0.56201 0.56104 0.55776 0.55631 0.55746 0.55561 0.55229 0.55056 0.55063 0.54965 0.54772 0.54476 0.54317 0.54300 0.54261 0.53906 0.53574 0.53574 0.53643 0.53315 0.52874 0.52826 0.52962 0.52677 0.52178 0.52052 0.52227 0.52014 0.51462 0.51267 0.51393 0.51262 0.50737 0.50474 0.50478 0.50432 0.50095 0.49655 0.49520 0.49578 0.49324 0.48812 0.48626 0.48699 0.48411 0.47928 0.47863 0.47783 0.47399 0.47005 0.47055 0.46813 0.46366 0.46067 0.46107 0.45794 0.45358 0.45152 0.45113 0.44752 0.44368 0.44215 0.44069 0.43685 0.43404 0.43144 0.42980 0.42661 0.42380 0.42138 0.41885 0.41761 0.41267 0.41059 0.40815 0.40613 0.40084 0.39934 0.39834 0.39468 0.39111 0.38796 0.38639 0.38328 0.37985 0.37638 0.37477 0.37187 0.36838 0.36469 0.36323 0.35983 0.35660 0.35350 0.35168 0.34769 0.34461 0.34292 0.34000 0.33553 0.33258 0.33082 0.32798 0.32327 0.32041 0.31887 0.31553 0.31176 0.30809 0.30732 0.30311 0.30012 0.29950 0.29558 0.29198 0.28842 0.28670 0.28393 0.27988 0.27659 0.27446 0.27188 0.26811 0.26454 0.26240 0.25992 0.25634 0.25256 0.25044 0.24805 0.24445 0.24063 0.23861 0.23648 0.23245 0.22943 0.22707 0.22521 0.22058 0.21891 0.21625 0.21347 0.20929 0.20803 0.20569 0.20158 0.19851 0.19755 0.19448 0.19007 0.18817 0.18680 0.18261 0.17942 0.17840 0.17598 0.17131 0.16891 0.16845 0.16565 0.16056 0.15816 0.15773 0.15569 0.15122 0.14792 0.14746 0.14541 0.14300 0.14010 0.13725 0.13481 0.13331 0.13096 0.12732 0.12560 0.12440 0.12067 0.11734 0.11766 0.11629 0.11125 0.10939 0.10840 0.10709 0.10470 0.10173 0.09928 0.09762 0.09522 0.09400 0.09314 0.08865 0.08190 0.07423 0.06386 0.05219 0.04475 0.03636 0.02633 0.01816 0.01132 0.00367 0.00118 0.00346 0.00596 0.00798 0.00952 0.01217 0.01387 0.01463 0.01674 0.01921 0.01792 0.01470 0.01347 0.01170 0.00910 0.00682 0.00570 0.00409 0.00213 0.00070 0.00000 0.00000 0.00000 0.00000 0.00000 0.00000 0.00000 0.00000 0.00000 0.00000 0.00000 0.00000 0.00000 0.00000 0.00000 0.00000 0.00000 0.00000 0.00000 0.00000 0.00000 0.00000 0.00000 0.00000 0.00000
0.00000 0.00000 0.00000 0.00000 0.00000 0.00000 0.00000 0.00000 0.00000 0.00000 0.00000 0.00000 0.00000 0.00000 0.00000 0.00000 0.00000 0.00000 0.00000 0.00000 0.00000 0.00000 0.00000 0.00000 0.00000 0.00000 0.00000 0.00000 0.00000 0.00000 0.00000 0.00000 0.00000 0.00000 0.00000 0.01339 0.04010 0.06697 0.09339 0.11957 0.14664 0.17380 0.19911 0.22432 0.25209 0.28203 0.31261 0.34381 0.37704 0.40902 0.43951 0.47056 0.50318 0.53528 0.56473 0.57821 0.57944 0.58060 0.57679 0.57345 0.57547 0.57604 0.57250 0.56997 0.57114 0.57025 0.56805 0.56678 0.56616 0.56428 0.56344 0.56294 0.56086 0.55843 0.55828 0.55834 0.55536 0.55292 0.55263 0.55241 0.54942 0.54734 0.54685 0.54566 0.54293 0.54171 0.54107 0.53815 0.53601 0.53629 0.53500 0.53039 0.52886 0.53034 0.52833 0.52319 0.52156 0.52315 0.52120 0.51587 0.51411 0.51534 0.51358 0.50833 0.50628 0.50662 0.50547 0.50131 0.49799 0.49699 0.49715 0.49441 0.48946 0.48760 0.48847 0.48581 0.48066 0.47937 0.47933 0.47595 0.47150 0.47147 0.46975 0.46550 0.46198 0.46235 0.45973 0.45525 0.45262 0.45258 0.44938 0.44524 0.44352 0.44228 0.43884 0.43554 0.43324 0.43143 0.42841 0.42563 0.42255 0.42034 0.41954 0.41483 0.41221 0.40921 0.40804 0.40320 0.40102 0.39890 0.39656 0.39357 0.38959 0.38798 0.38518 0.38208 0.37795 0.37621 0.37385 0.37068 0.36631 0.36458 0.36211 0.35901 0.35463 0.35295 0.35022 0.34708 0.34402 0.34130 0.33815 0.33503 0.33241 0.32945 0.32579 0.32288 0.32019 0.31695 0.31440 0.31084 0.30886 0.30426 0.30286 0.30068 0.29708 0.29504 0.29090 0.28785 0.28505 0.28281 0.27951 0.27548 0.27293 0.27077 0.26759 0.26374 0.26070 0.25871 0.25589 0.25215 0.24868 0.24664 0.24419 0.24056 0.23669 0.23468 0.23271 0.22891 0.22594 0.22303 0.22169 0.21742 0.21513 0.21228 0.21003 0.20630 0.20406 0.20209 0.19838 0.19507 0.19342 0.19128 0.18692 0.18380 0.18320 0.17984 0.17606 0.17451 0.17288 0.16860 0.16552 0.16469 0.16244 0.15785 0.15573 0.15360 0.15168 0.15070 0.14688 0.14329 0.14062 0.14117 0.13858 0.13322 0.13063 0.13161 0.12917 0.12361 0.12155 0.12199 0.11997 0.11545 0.11310 0.11163 0.11081 0.10963 0.10433 0.10217 0.10310 0.10161 0.09540 0.09338 0.09503 0.09329 0.08925 0.08160 0.07200 0.06383 0.05499 0.04392 0.03466 0.02683 0.01903 0.01106 0.00355 0.00154 0.00456 0.00765 0.01026 0.01216 0.01484 0.01775 0.02018 0.02215 0.02304 0.02243 0.02105 0.01756 0.01382 0.01149 0.00995 0.00718 0.00479 0.00294 0.00098 0.00000 0.00000 0.00000 0.00000 0.00000 0.00000 0.00000 0.00000 0.00000 0.00000 0.00000 0.00000 0.00000 0.00000 0.00000 0.00000 0.00000 0.00000 0.00000 0.00000 0.00000 0.00000 0.00000 0.00000 0.00000
0.00000 0.00000 0.00000 0.00000 0.00000 0.00000 0.00000 0.00000 0.00000 0.00000 0.00000 0.00000 0.00000 0.00000 0.00000 0.00000 0.00000 0.00000 0.00000 0.00000 0.00000 0.00000 0.00000 0.00000 0.00000 0.00000 0.00000 0.00000 0.00000 0.00000 0.00000 0.00000 0.00000 0.00000 0.00000 0.01639 0.04885 0.08151 0.11445 0.14687 0.17860 0.21099 0.24359 0.27637 0.30783 0.33562 0.36211 0.39084 0.41590 0.43824 0.46418 0.49397 0.51939 0.54031 0.56540 0.58169 0.58080 0.57601 0.57525 0.57754 0.57634 0.57197 0.57069 0.57303 0.57229 0.56780 0.56612 0.56794 0.56681 0.56339 0.56264 0.56268 0.56002 0.55826 0.55916 0.55733 0.55376 0.55260 0.55346 0.55143 0.54828 0.54695 0.54661 0.54481 0.54306 0.54144 0.53916 0.53765 0.53755 0.53568 0.53141 0.53028 0.53130 0.52931 0.52427 0.52277 0.52447 0.52251 0.51697 0.51505 0.51676 0.51512 0.50934 0.50722 0.50827 0.50692 0.50225 0.49906 0.49885 0.49845 0.49539 0.49068 0.48941 0.48978 0.48696 0.48201 0.48081 0.48078 0.47727 0.47290 0.47288 0.47130 0.46694 0.46335 0.46391 0.46132 0.45675 0.45377 0.45423 0.45123 0.44669 0.44472 0.44401 0.44083 0.43692 0.43476 0.43330 0.43046 0.42713 0.42356 0.42215 0.42129 0.41667 0.41378 0.41093 0.40985 0.40521 0.40290 0.40018 0.39819 0.39559 0.39162 0.39002 0.38662 0.38383 0.38003 0.37833 0.37529 0.37219 0.36842 0.36685 0.36372 0.36046 0.35687 0.35529 0.35157 0.34850 0.34659 0.34367 0.33960 0.33648 0.33499 0.33184 0.32734 0.32443 0.32282 0.31964 0.31560 0.31222 0.31145 0.30731 0.30444 0.30175 0.29930 0.29578 0.29236 0.29090 0.28748 0.28361 0.28060 0.27857 0.27598 0.27181 0.26861 0.26648 0.26391 0.26014 0.25657 0.25452 0.25205 0.24847 0.24461 0.24263 0.24012 0.23677 0.23282 0.23092 0.22935 0.22513 0.22298 0.21966 0.21765 0.21373 0.21216 0.20920 0.20575 0.20249 0.20108 0.19876 0.19409 0.19131 0.19053 0.18734 0.18308 0.18078 0.18013 0.17556 0.17259 0.17255 0.16974 0.16493 0.16211 0.16176 0.15964 0.15420 0.15182 0.15099 0.14962 0.14792 0.14252 0.14104 0.13935 0.13751 0.13402 0.13162 0.12949 0.12754 0.12442 0.12202 0.12133 0.11874 0.11443 0.11234 0.11258 0.11144 0.10678 0.10523 0.10295 0.10182 0.10078 0.09734 0.09481 0.09276 0.09010 0.09025 0.08489 0.07148 0.06324 0.05462 0.04379 0.03435 0.02757 0.01929 0.01065 0.00344 0.00197 0.00575 0.00879 0.01207 0.01591 0.01843 0.02123 0.02532 0.02575 0.02780 0.02935 0.02561 0.02016 0.01672 0.01522 0.01221 0.00827 0.00572 0.00372 0.00124 0.00000 0.00000 0.00000 0.00000 0.00000 0.00000 0.00000 0.00000 0.00000 0.00000 0.00000 0.00000 0.00000 0.00000 0.00000 0.00000 0.00000 0.00000 0.00000 0.00000 0.00000 0.00000 0.00000 0.00000 0.00000
0.00000 0.00000 0.00000 0.00000 0.00000 0.00000 0.00000 0.00000 0.00000 0.00000 0.00000 0.00000 0.00000 0.00000 0.00000 0.00000 0.00000 0.00000 0.00000 0.00000 0.00000 0.00000 0.00000 0.00000 0.00000 0.00000 0.00000 0.00000 0.00000 0.00000 0.00000 0.00000 0.00000 0.00000 0.00000 0.01932 0.05786 0.09637 0.13508 0.17381 0.21117 0.24861 0.28808 0.32730 0.36304 0.39042 0.41309 0.43406 0.45163 0.47027 0.49293 0.51368 0.53055 0.54858 0.57106 0.58206 0.57772 0.57490 0.57718 0.57789 0.57367 0.57036 0.57288 0.57200 0.56941 0.56916 0.56797 0.56509 0.56503 0.56543 0.56259 0.55953 0.56017 0.56045 0.55705 0.55431 0.55471 0.55475 0.55111 0.54873 0.54908 0.54851 0.54465 0.54275 0.54344 0.54156 0.53790 0.53681 0.53741 0.53361 0.53095 0.53164 0.53078 0.52517 0.52378 0.52571 0.52362 0.51804 0.51642 0.51806 0.51603 0.51049 0.50881 0.50976 0.50787 0.50320 0.50069 0.50041 0.49950 0.49639 0.49226 0.49076 0.49096 0.48857 0.48359 0.48173 0.48207 0.47928 0.47454 0.47351 0.47268 0.46900 0.46502 0.46489 0.46288 0.45858 0.45519 0.45551 0.45291 0.44838 0.44599 0.44545 0.44272 0.43852 0.43643 0.43481 0.43227 0.42885 0.42561 0.42368 0.42250 0.41871 0.41526 0.41240 0.41169 0.40777 0.40455 0.40077 0.40008 0.39820 0.39329 0.39125 0.38852 0.38619 0.38163 0.37984 0.37721 0.37448 0.36998 0.36826 0.36588 0.36281 0.35840 0.35664 0.35407 0.35093 0.34741 0.34494 0.34221 0.33892 0.33669 0.33321 0.32978 0.32688 0.32460 0.32110 0.31792 0.31484 0.31315 0.30848 0.30662 0.30366 0.30137 0.29752 0.29437 0.29224 0.28894 0.28669 0.28294 0.27951 0.27706 0.27470 0.27172 0.26752 0.26474 0.26272 0.25986 0.25600 0.25270 0.25068 0.24815 0.24463 0.24076 0.23870 0.23632 0.23331 0.22888 0.22690 0.22583 0.22201 0.21935 0.21555 0.21418 0.21088 0.20800 0.20500 0.20261 0.19971 0.19685 0.19472 0.19130 0.18805 0.18636 0.18366 0.18035 0.17713 0.17631 0.17302 0.16981 0.16897 0.16611 0.16186 0.15968 0.15885 0.15574 0.15138 0.15026 0.14858 0.14505 0.14481 0.14148 0.13742 0.13456 0.13558 0.13261 0.12762 0.12520 0.12610 0.12359 0.11798 0.11726 0.11623 0.11359 0.11267 0.10944 0.10615 0.10530 0.10548 0.10112 0.09724 0.09804 0.09706 0.09103 0.08914 0.09031 0.08449 0.07472 0.06206 0.05247 0.04438 0.03621 0.02687 0.01848 0.01092 0.00359 0.00228 0.00665 0.01067 0.01440 0.01860 0.02255 0.02632 0.02677 0.03074 0.03571 0.03463 0.02788 0.02403 0.02198 0.01773 0.01333 0.01022 0.00742 0.00420 0.00144 0.00000 0.00000 0.00000 0.00000 0.00000 0.00000 0.00000 0.00000 0.00000 0.00000 0.00000 0.00000 0.00000 0.00000 0.00000 0.00000 0.00000 0.00000 0.00000 0.00000 0.00000 0.00000 0.00000 0.00000 0.00000
0.00000 0.00000 0.00000 0.00000 0.00000 0.00000 0.00000 0.00000 0.00000 0.00000 0.00000 0.00000 0.00000 0.00000 0.00000 0.00000 0.00000 0.00000 0.00000 0.00000 0.00000 0.00000 0.00000 0.00000 0.00000 0.00000 0.00000 0.00000 0.00000 0.00000 0.00000 0.00000 0.00000 0.00000 0.00000 0.02225 0.06704 0.11143 0.15505 0.19961 0.24471 0.28836 0.33063 0.37482 0.42004 0.44992 0.46167 0.47410 0.48992 0.50699 0.51893 0.52976 0.54423 0.56128 0.57435 0.57733 0.57697 0.57902 0.57705 0.57332 0.57287 0.57479 0.57241 0.56913 0.56873 0.56979 0.56813 0.56490 0.56458 0.56436 0.56188 0.56014 0.56078 0.55895 0.55552 0.55464 0.55570 0.55317 0.54966 0.54904 0.54934 0.54657 0.54400 0.54375 0.54241 0.53948 0.53813 0.53815 0.53501 0.53227 0.53168 0.53177 0.52739 0.52498 0.52602 0.52483 0.51979 0.51742 0.51906 0.51750 0.51179 0.50965 0.51123 0.50947 0.50408 0.50162 0.50236 0.50102 0.49713 0.49328 0.49270 0.49242 0.48951 0.48475 0.48344 0.48358 0.48045 0.47582 0.47493 0.47434 0.47033 0.46639 0.46645 0.46457 0.45998 0.45655 0.45718 0.45462 0.44980 0.44695 0.44717 0.44473 0.43988 0.43773 0.43664 0.43425 0.43027 0.42709 0.42556 0.42415 0.42029 0.41648 0.41424 0.41349 0.40967 0.40623 0.40286 0.40182 0.39902 0.39521 0.39292 0.39009 0.38807 0.38368 0.38164 0.37855 0.37617 0.37206 0.37034 0.36745 0.36436 0.36052 0.35886 0.35548 0.35240 0.34986 0.34725 0.34360 0.34038 0.33918 0.33556 0.33164 0.32839 0.32698 0.32362 0.31975 0.31634 0.31514 0.31136 0.30860 0.30445 0.30308 0.29944 0.29654 0.29468 0.29045 0.28746 0.28398 0.28261 0.28000 0.27554 0.27292 0.27048 0.26798 0.26392 0.26065 0.25854 0.25604 0.25239 0.24872 0.24668 0.24408 0.24094 0.23653 0.23492 0.23232 0.22957 0.22671 0.22341 0.22197 0.21829 0.21647 0.21241 0.20990 0.20704 0.20503 0.20212 0.19827 0.19559 0.19411 0.19162 0.18710 0.18389 0.18383 0.17928 0.17643 0.17636 0.17369 0.16952 0.16601 0.16619 0.16352 0.15907 0.15572 0.15480 0.15355 0.15090 0.14583 0.14437 0.14364 0.14207 0.13659 0.13517 0.13378 0.13157 0.12768 0.12653 0.12530 0.12150 0.11836 0.11716 0.11709 0.11226 0.10946 0.10952 0.10735 0.10576 0.10474 0.10110 0.09715 0.09673 0.09615 0.09350 0.09086 0.08795 0.08275 0.07408 0.06296 0.05195 0.04536 0.03631 0.02620 0.01815 0.01133 0.00368 0.00253 0.00736 0.01280 0.01738 0.02091 0.02577 0.02926 0.03256 0.03756 0.04125 0.03682 0.03231 0.03031 0.02553 0.01890 0.01496 0.01284 0.00901 0.00466 0.00153 0.00000 0.00000 0.00000 0.00000 0.00000 0.00000 0.00000 0.00000 0.00000 0.00000 0.00000 0.00000 0.00000 0.00000 0.00000 0.00000 0.00000 0.00000 0.00000 0.00000 0.00000 0.00000 0.00000 0.00000 0.00000
0.00000 0.00000 0.00000 0.00000 0.00000 0.00000 0.00000 0.00000 0.00000 0.00000 0.00000 0.00000 0.00000 0.00000 0.00000 0.00000 0.00000 0.00000 0.00000 0.00000 0.00000 0.00000 0.00000 0.00000 0.00000 0.00000 0.00000 0.00000 0.00000 0.00000 0.00000 0.00000 0.00000 0.00000 0.00000 0.02526 0.07590 0.12617 0.17588 0.22611 0.27685 0.32741 0.37552 0.42408 0.47533 0.50594 0.51140 0.51774 0.52881 0.53866 0.54308 0.54885 0.56099 0.57043 0.57413 0.57622 0.57909 0.57946 0.57431 0.57192 0.57487 0.57452 0.57029 0.56986 0.57002 0.56647 0.56619 0.56820 0.56454 0.56063 0.56177 0.56278 0.55884 0.55562 0.55664 0.55687 0.55289 0.55026 0.55115 0.55078 0.54641 0.54436 0.54568 0.54429 0.53974 0.53802 0.53975 0.53722 0.53301 0.53152 0.53312 0.52859 0.52598 0.52802 0.52597 0.52055 0.51867 0.52064 0.51843 0.51278 0.51118 0.51267 0.51035 0.50524 0.50338 0.50375 0.50178 0.49829 0.49517 0.49399 0.49313 0.49101 0.48667 0.48451 0.48442 0.48232 0.47775 0.47564 0.47540 0.47249 0.46832 0.46715 0.46581 0.46202 0.45848 0.45821 0.45591 0.45163 0.44857 0.44844 0.44623 0.44161 0.43933 0.43801 0.43604 0.43202 0.42900 0.42699 0.42557 0.42224 0.41828 0.41576 0.41511 0.41178 0.40784 0.40446 0.40365 0.40099 0.39691 0.39372 0.39197 0.39021 0.38534 0.38302 0.38046 0.37843 0.37354 0.37178 0.36949 0.36667 0.36216 0.36028 0.35796 0.35480 0.35072 0.34860 0.34614 0.34282 0.34054 0.33685 0.33402 0.33085 0.32885 0.32502 0.32179 0.31887 0.31710 0.31268 0.31021 0.30720 0.30532 0.30052 0.29812 0.29601 0.29281 0.29018 0.28562 0.28375 0.28053 0.27859 0.27625 0.27140 0.26892 0.26666 0.26394 0.25987 0.25679 0.25469 0.25218 0.24861 0.24493 0.24272 0.24011 0.23751 0.23284 0.23096 0.22928 0.22640 0.22384 0.21942 0.21838 0.21529 0.21228 0.20830 0.20671 0.20429 0.20072 0.19777 0.19554 0.19297 0.18977 0.18708 0.18470 0.18148 0.17947 0.17645 0.17420 0.17346 0.16943 0.16598 0.16387 0.16314 0.15942 0.15540 0.15386 0.15300 0.14942 0.14717 0.14441 0.14196 0.13909 0.13901 0.13542 0.13158 0.12942 0.13016 0.12679 0.12217 0.12143 0.12042 0.11755 0.11316 0.11402 0.11035 0.10724 0.10954 0.10666 0.10119 0.09988 0.10084 0.09613 0.09280 0.09397 0.09258 0.08706 0.08163 0.07292 0.06326 0.05464 0.04403 0.03492 0.02682 0.01900 0.01103 0.00355 0.00297 0.00863 0.01408 0.01962 0.02463 0.02774 0.03226 0.03899 0.04343 0.04290 0.04219 0.04002 0.03423 0.02685 0.02203 0.01865 0.01408 0.00981 0.00564 0.00174 0.00000 0.00000 0.00000 0.00000 0.00000 0.00000 0.00000 0.00000 0.00000 0.00000 0.00000 0.00000 0.00000 0.00000 0.00000 0.00000 0.00000 0.00000 0.00000 0.00000 0.00000 0.00000 0.00000 0.00000 0.00000
0.00000 0.00000 0.00000 0.00000 0.00000 0.00000 0.00000 0.00000 0.00000 0.00000 0.00000 0.00000 0.00000 0.00000 0.00000 0.00000 0.00000 0.00000 0.00000 0.00000 0.00000 0.00000 0.00000 0.00000 0.00000 0.00000 0.00000 0.00000 0.00000 0.00000 0.00000 0.00000 0.00000 0.00000 0.00000 0.02829 0.08430 0.14065 0.19779 0.25324 0.30734 0.36406 0.42213 0.47644 0.52819 0.55712 0.56335 0.56690 0.56416 0.56537 0.57053 0.57420 0.57387 0.57455 0.57769 0.57999 0.57773 0.57487 0.57523 0.57627 0.57263 0.57052 0.57233 0.57166 0.56762 0.56625 0.56757 0.56620 0.56306 0.56181 0.56268 0.56058 0.55709 0.55662 0.55770 0.55485 0.55123 0.55106 0.55164 0.54836 0.54557 0.54587 0.54494 0.54128 0.53952 0.54050 0.53818 0.53421 0.53266 0.53415 0.53165 0.52712 0.52516 0.52712 0.52404 0.51976 0.52025 0.51980 0.51475 0.51206 0.51372 0.51200 0.50639 0.50416 0.50554 0.50357 0.49894 0.49600 0.49611 0.49486 0.49170 0.48763 0.48639 0.48605 0.48333 0.47886 0.47725 0.47711 0.47367 0.46955 0.46869 0.46767 0.46328 0.45984 0.45993 0.45772 0.45292 0.44984 0.45020 0.44810 0.44287 0.44025 0.43982 0.43806 0.43335 0.43039 0.42889 0.42746 0.42370 0.41958 0.41761 0.41687 0.41343 0.40929 0.40635 0.40547 0.40266 0.39867 0.39531 0.39369 0.39182 0.38733 0.38469 0.38187 0.38019 0.37559 0.37361 0.37086 0.36833 0.36423 0.36236 0.35953 0.35633 0.35286 0.35079 0.34744 0.34431 0.34295 0.33913 0.33573 0.33235 0.33112 0.32742 0.32379 0.32041 0.31894 0.31542 0.31232 0.30836 0.30681 0.30308 0.30056 0.29753 0.29423 0.29142 0.28833 0.28660 0.28174 0.27940 0.27771 0.27439 0.27215 0.26770 0.26486 0.26252 0.26008 0.25633 0.25287 0.25068 0.24824 0.24500 0.24095 0.23895 0.23599 0.23383 0.22934 0.22739 0.22629 0.22270 0.22109 0.21606 0.21406 0.21152 0.20921 0.20525 0.20236 0.20018 0.19797 0.19502 0.19119 0.18863 0.18738 0.18437 0.18049 0.17774 0.17727 0.17373 0.17004 0.16987 0.16724 0.16325 0.15960 0.15927 0.15736 0.15406 0.14959 0.14807 0.14766 0.14591 0.13985 0.13839 0.13796 0.13602 0.13054 0.13015 0.12931 0.12547 0.12206 0.12204 0.12119 0.11531 0.11364 0.11484 0.11193 0.10782 0.10650 0.10552 0.10143 0.10031 0.10035 0.09716 0.09277 0.09170 0.09238 0.09048 0.08130 0.07093 0.06493 0.05463 0.04314 0.03425 0.02772 0.01934 0.01064 0.00346 0.00343 0.01002 0.01532 0.02109 0.02769 0.03285 0.03735 0.04277 0.04548 0.04971 0.05126 0.04471 0.03516 0.02971 0.02710 0.02171 0.01459 0.01019 0.00665 0.00221 0.00000 0.00000 0.00000 0.00000 0.00000 0.00000 0.00000 0.00000 0.00000 0.00000 0.00000 0.00000 0.00000 0.00000 0.00000 0.00000 0.00000 0.00000 0.00000 0.00000 0.00000 0.00000 0.00000 0.00000 0.00000
0.00000 0.00000 0.00000 0.00000 0.00000 0.00000 0.00000 0.00000 0.00000 0.00000 0.00000 0.00000 0.00000 0.00000 0.00000 0.00000 0.00000 0.00000 0.00000 0.00000 0.00000 0.00000 0.00000 0.00000 0.00000 0.00149 0.00449 0.00749 0.01045 0.01340 0.01644 0.01941 0.02227 0.02526 0.02836 0.05795 0.11383 0.17038 0.22711 0.28270 0.33765 0.39360 0.44945 0.50590 0.56025 0.58598 0.58528 0.58758 0.58458 0.58135 0.58348 0.58515 0.57977 0.57743 0.58080 0.58052 0.57476 0.57396 0.57702 0.57589 0.57063 0.57018 0.57227 0.56914 0.56677 0.56976 0.56678 0.56244 0.56287 0.56485 0.56084 0.55716 0.55831 0.55891 0.55477 0.55180 0.55303 0.55286 0.54829 0.54603 0.54770 0.54653 0.54159 0.53983 0.54197 0.53989 0.53502 0.53300 0.53538 0.53282 0.52816 0.52653 0.52826 0.52466 0.52089 0.52195 0.52078 0.51530 0.51343 0.51542 0.51288 0.50752 0.50586 0.50688 0.50429 0.50022 0.49802 0.49730 0.49531 0.49314 0.48985 0.48750 0.48637 0.48509 0.48113 0.47815 0.47765 0.47573 0.47172 0.46935 0.46859 0.46548 0.46194 0.46070 0.45884 0.45492 0.45191 0.45124 0.44904 0.44474 0.44204 0.44101 0.43943 0.43522 0.43224 0.43021 0.42898 0.42566 0.42153 0.41907 0.41832 0.41542 0.41100 0.40796 0.40715 0.40454 0.40037 0.39686 0.39551 0.39362 0.38907 0.38603 0.38373 0.38219 0.37716 0.37502 0.37275 0.37053 0.36572 0.36378 0.36183 0.35866 0.35432 0.35223 0.34996 0.34673 0.34377 0.34046 0.33822 0.33482 0.33290 0.32873 0.32585 0.32295 0.32093 0.31680 0.31390 0.31102 0.30910 0.30444 0.30201 0.29959 0.29698 0.29312 0.28973 0.28786 0.28454 0.28241 0.27906 0.27537 0.27307 0.27054 0.26806 0.26379 0.26091 0.25872 0.25626 0.25266 0.24916 0.24672 0.24435 0.24158 0.23755 0.23500 0.23218 0.23058 0.22753 0.22352 0.22206 0.21947 0.21674 0.21219 0.21074 0.20842 0.20486 0.20118 0.19959 0.19753 0.19358 0.19063 0.18885 0.18642 0.18287 0.17968 0.17850 0.17653 0.17262 0.16966 0.16823 0.16706 0.16260 0.15925 0.15786 0.15707 0.15341 0.15004 0.14781 0.14662 0.14390 0.14198 0.13810 0.13570 0.13427 0.13380 0.12914 0.12609 0.12602 0.12472 0.12079 0.11739 0.11830 0.11477 0.11149 0.11170 0.11022 0.10516 0.10246 0.10446 0.10170 0.09659 0.09590 0.09618 0.09179 0.08945 0.09011 0.08362 0.07334 0.06371 0.05474 0.04574 0.03800 0.02953 0.02140 0.01416 0.00702 0.00682 0.01320 0.01944 0.02444 0.02971 0.03670 0.04209 0.04303 0.04746 0.05631 0.05479 0.04357 0.03731 0.03421 0.02837 0.02142 0.01604 0.01136 0.00679 0.00232 0.00000 0.00000 0.00000 0.00000 0.00000 0.00000 0.00000 0.00000 0.00000 0.00000 0.00000 0.00000 0.00000 0.00000 0.00000 0.00000 0.00000 0.00000 0.00000 0.00000 0.00000 0.00000 0.00000 0.00000 0.00000
0.00000 0.00000 0.00000 0.00000 0.00000 0.00000 0.00000 0.00000 0.00000 0.00000 0.00000 0.00000 0.00000 0.00000 0.00000 0.00000 0.00000 0.00000 0.00000 0.00000 0.00000 0.00000 0.00000 0.00000 0.00000 0.00451 0.01347 0.02232 0.03138 0.04048 0.04921 0.05785 0.06715 0.07609 0.08444 0.11409 0.16535 0.21514 0.26364 0.31456 0.36679 0.41474 0.46140 0.51252 0.56577 0.58887 0.58305 0.58266 0.58699 0.58565 0.58012 0.58062 0.58195 0.58032 0.57786 0.57700 0.57720 0.57674 0.57401 0.57222 0.57344 0.57306 0.56837 0.56765 0.56988 0.56805 0.56383 0.56326 0.56466 0.56236 0.55853 0.55842 0.55951 0.55656 0.55273 0.55299 0.55372 0.55020 0.54714 0.54780 0.54714 0.54310 0.54142 0.54268 0.54040 0.53612 0.53470 0.53647 0.53401 0.52919 0.52717 0.52941 0.52764 0.52202 0.52030 0.52203 0.51815 0.51445 0.51578 0.51442 0.50915 0.50663 0.50835 0.50619 0.50102 0.49864 0.49943 0.49733 0.49365 0.49055 0.48958 0.48825 0.48586 0.48204 0.47993 0.47940 0.47681 0.47280 0.47092 0.47051 0.46663 0.46313 0.46237 0.46081 0.45609 0.45323 0.45310 0.45088 0.44582 0.44317 0.44291 0.44138 0.43638 0.43335 0.43212 0.43092 0.42705 0.42290 0.42093 0.42015 0.41699 0.41229 0.40977 0.40900 0.40624 0.40191 0.39867 0.39734 0.39516 0.39094 0.38772 0.38540 0.38389 0.37929 0.37676 0.37363 0.37223 0.36782 0.36572 0.36350 0.36029 0.35639 0.35432 0.35116 0.34825 0.34592 0.34265 0.33958 0.33634 0.33519 0.33103 0.32779 0.32447 0.32291 0.31933 0.31597 0.31252 0.31072 0.30718 0.30433 0.30053 0.29834 0.29520 0.29246 0.29025 0.28582 0.28339 0.28080 0.27837 0.27507 0.27119 0.26908 0.26650 0.26404 0.26036 0.25708 0.25468 0.25241 0.24906 0.24527 0.24292 0.24045 0.23795 0.23386 0.23140 0.22862 0.22692 0.22468 0.22001 0.21807 0.21577 0.21354 0.20883 0.20641 0.20457 0.20203 0.19826 0.19518 0.19326 0.19115 0.18804 0.18450 0.18213 0.18080 0.17746 0.17421 0.17282 0.17072 0.16689 0.16380 0.16330 0.16089 0.15708 0.15326 0.15251 0.15157 0.14951 0.14392 0.14203 0.14184 0.14018 0.13443 0.13325 0.13271 0.12990 0.12601 0.12567 0.12462 0.11948 0.11790 0.11808 0.11593 0.11037 0.10981 0.11014 0.10628 0.10343 0.10305 0.10101 0.09629 0.09541 0.09655 0.09398 0.08890 0.08699 0.08557 0.07633 0.06439 0.05591 0.05115 0.04290 0.03337 0.02650 0.02107 0.01427 0.01302 0.01849 0.02504 0.03006 0.03323 0.03808 0.04306 0.04711 0.05140 0.05523 0.05076 0.04465 0.04116 0.03480 0.02583 0.02067 0.01749 0.01239 0.00652 0.00210 0.00000 0.00000 0.00000 0.00000 0.00000 0.00000 0.00000 0.00000 0.00000 0.00000 0.00000 0.00000 0.00000 0.00000 0.00000 0.00000 0.00000 0.00000 0.00000 0.00000 0.00000 0.00000 0.00000 0.00000 0.00000
0.00000 0.00000 0.00000 0.00000 0.00000 0.00000 0.00000 0.00000 0.00000 0.00000 0.00000 0.00000 0.00000 0.00000 0.00000 0.00000 0.00000 0.00000 0.00000 0.00000 0.00000 0.00000 0.00000 0.00000 0.00000 0.00752 0.02244 0.03720 0.05225 0.06744 0.08184 0.09644 0.11216 0.12669 0.14047 0.17041 0.21591 0.25922 0.30230 0.34740 0.39150 0.43488 0.47895 0.52214 0.56344 0.58709 0.58820 0.58436 0.58210 0.58515 0.58252 0.57955 0.58129 0.58167 0.57617 0.57564 0.57912 0.57701 0.57092 0.57185 0.57456 0.57157 0.56701 0.56936 0.56920 0.56497 0.56331 0.56600 0.56314 0.55919 0.55949 0.56057 0.55683 0.55356 0.55468 0.55476 0.55032 0.54764 0.54942 0.54867 0.54348 0.54164 0.54399 0.54210 0.53700 0.53497 0.53754 0.53547 0.53031 0.52789 0.53050 0.52813 0.52311 0.52137 0.52310 0.51913 0.51564 0.51775 0.51535 0.51014 0.50813 0.50972 0.50697 0.50243 0.50057 0.50053 0.49789 0.49510 0.49275 0.49063 0.48855 0.48746 0.48437 0.48095 0.47958 0.47872 0.47512 0.47171 0.47102 0.46881 0.46532 0.46302 0.46178 0.45830 0.45533 0.45387 0.45188 0.44796 0.44517 0.44375 0.44222 0.43849 0.43521 0.43324 0.43226 0.42913 0.42483 0.42234 0.42155 0.41892 0.41415 0.41138 0.41053 0.40808 0.40360 0.40037 0.39904 0.39688 0.39276 0.38932 0.38720 0.38564 0.38105 0.37826 0.37548 0.37420 0.36893 0.36713 0.36582 0.36246 0.35824 0.35579 0.35359 0.35060 0.34600 0.34409 0.34250 0.33878 0.33692 0.33236 0.33001 0.32700 0.32484 0.32065 0.31781 0.31513 0.31286 0.30858 0.30586 0.30326 0.30090 0.29656 0.29385 0.29171 0.28876 0.28578 0.28178 0.27952 0.27681 0.27413 0.27128 0.26724 0.26493 0.26297 0.26025 0.25691 0.25339 0.25077 0.24860 0.24560 0.24179 0.23897 0.23636 0.23460 0.23104 0.22762 0.22518 0.22349 0.22106 0.21631 0.21455 0.21235 0.20914 0.20507 0.20357 0.20151 0.19764 0.19423 0.19279 0.19085 0.18664 0.18363 0.18250 0.18027 0.17609 0.17302 0.17257 0.17073 0.16574 0.16324 0.16212 0.16044 0.15630 0.15316 0.15169 0.15094 0.14849 0.14544 0.14169 0.14010 0.13908 0.13708 0.13194 0.12988 0.13041 0.12872 0.12337 0.12112 0.12255 0.11923 0.11518 0.11386 0.11404 0.10926 0.10618 0.10755 0.10589 0.10032 0.09825 0.09983 0.09712 0.09307 0.09264 0.09134 0.08849 0.08397 0.07649 0.06727 0.06074 0.05365 0.04602 0.03956 0.03320 0.02670 0.02060 0.02052 0.02481 0.02900 0.03413 0.03857 0.04017 0.04366 0.05056 0.05412 0.05204 0.05029 0.04820 0.04170 0.03230 0.02632 0.02243 0.01741 0.01181 0.00675 0.00216 0.00000 0.00000 0.00000 0.00000 0.00000 0.00000 0.00000 0.00000 0.00000 0.00000 0.00000 0.00000 0.00000 0.00000 0.00000 0.00000 0.00000 0.00000 0.00000 0.00000 0.00000 0.00000 0.00000 0.00000 0.00000
0.00000 0.00000 0.00000 0.00000 0.00000 0.00000 0.00000 0.00000 0.00000 0.00000 0.00000 0.00000 0.00000 0.00000 0.00000 0.00000 0.00000 0.00000 0.00000 0.00000 0.00000 0.00000 0.00000 0.00000 0.00000 0.01048 0.03135 0.05233 0.07326 0.09386 0.11486 0.13572 0.15593 0.17669 0.19839 0.22723 0.26395 0.30322 0.34358 0.37989 0.41529 0.45511 0.49594 0.53079 0.56505 0.58581 0.58883 0.58577 0.58059 0.58271 0.58499 0.58065 0.57759 0.57992 0.57941 0.57592 0.57480 0.57477 0.57486 0.57336 0.57039 0.56944 0.57103 0.56940 0.56511 0.56467 0.56634 0.56419 0.55999 0.55996 0.56110 0.55840 0.55439 0.55472 0.55553 0.55217 0.54859 0.54944 0.54928 0.54508 0.54318 0.54461 0.54235 0.53801 0.53699 0.53868 0.53581 0.53123 0.52972 0.53170 0.52929 0.52419 0.52235 0.52426 0.52108 0.51679 0.51684 0.51670 0.51206 0.50904 0.51110 0.50876 0.50348 0.50114 0.50244 0.50003 0.49561 0.49320 0.49287 0.49069 0.48800 0.48500 0.48283 0.48146 0.47970 0.47598 0.47334 0.47291 0.47002 0.46637 0.46452 0.46385 0.45947 0.45650 0.45574 0.45387 0.44895 0.44643 0.44588 0.44407 0.43938 0.43634 0.43530 0.43421 0.43041 0.42610 0.42422 0.42344 0.42048 0.41544 0.41314 0.41239 0.40977 0.40488 0.40213 0.40091 0.39858 0.39440 0.39104 0.38906 0.38729 0.38318 0.37998 0.37690 0.37588 0.37144 0.36895 0.36634 0.36415 0.36061 0.35781 0.35546 0.35215 0.34833 0.34619 0.34271 0.34033 0.33935 0.33456 0.33189 0.32855 0.32695 0.32302 0.31980 0.31667 0.31468 0.31124 0.30803 0.30458 0.30246 0.29898 0.29632 0.29323 0.29008 0.28738 0.28465 0.28227 0.27798 0.27519 0.27299 0.27001 0.26719 0.26411 0.26123 0.25893 0.25653 0.25327 0.24959 0.24689 0.24473 0.24193 0.23790 0.23532 0.23284 0.23096 0.22771 0.22402 0.22148 0.21987 0.21770 0.21271 0.21046 0.20871 0.20622 0.20180 0.19914 0.19762 0.19514 0.19151 0.18829 0.18659 0.18455 0.18123 0.17821 0.17635 0.17424 0.17058 0.16827 0.16705 0.16407 0.15989 0.15753 0.15668 0.15541 0.15336 0.14813 0.14641 0.14567 0.14415 0.13897 0.13660 0.13593 0.13427 0.13021 0.12872 0.12721 0.12384 0.12221 0.12154 0.11924 0.11412 0.11364 0.11380 0.11059 0.10647 0.10588 0.10495 0.10104 0.09915 0.09955 0.09727 0.09222 0.09079 0.09300 0.09111 0.08242 0.07499 0.07214 0.06472 0.05526 0.04931 0.04593 0.03971 0.03188 0.02703 0.02787 0.03171 0.03345 0.03713 0.04227 0.04548 0.04704 0.04972 0.05232 0.05554 0.05460 0.04725 0.03799 0.03265 0.02928 0.02352 0.01591 0.01111 0.00717 0.00243 0.00000 0.00000 0.00000 0.00000 0.00000 0.00000 0.00000 0.00000 0.00000 0.00000 0.00000 0.00000 0.00000 0.00000 0.00000 0.00000 0.00000 0.00000 0.00000 0.00000 0.00000 0.00000 0.00000 0.00000 0.00000
0.00000 0.00000 0.00000 0.00000 0.00000 0.00000 0.00000 0.00000 0.00000 0.00000 0.00000 0.00000 0.00000 0.00000 0.00000 0.00000 0.00000 0.00000 0.00000 0.00000 0.00000 0.00000 0.00000 0.00000 0.00000 0.01341 0.04030 0.06759 0.09416 0.12018 0.14778 0.17507 0.20002 0.22641 0.25534 0.28374 0.31401 0.34764 0.38100 0.41163 0.44356 0.47636 0.50637 0.53863 0.57343 0.58657 0.58210 0.58454 0.58586 0.58214 0.58018 0.58228 0.57965 0.57736 0.57982 0.57824 0.57290 0.57322 0.57671 0.57332 0.56792 0.56963 0.57158 0.56735 0.56352 0.56640 0.56566 0.56135 0.56001 0.56177 0.55915 0.55559 0.55596 0.55622 0.55254 0.54946 0.55086 0.55066 0.54550 0.54323 0.54574 0.54432 0.53890 0.53696 0.53958 0.53770 0.53246 0.52979 0.53263 0.53081 0.52534 0.52257 0.52537 0.52321 0.51786 0.51519 0.51772 0.51427 0.51029 0.51205 0.50962 0.50517 0.50284 0.50341 0.50070 0.49721 0.49527 0.49384 0.49122 0.48943 0.48718 0.48388 0.48185 0.48136 0.47820 0.47433 0.47326 0.47201 0.46855 0.46520 0.46458 0.46181 0.45858 0.45628 0.45491 0.45145 0.44846 0.44629 0.44500 0.44195 0.43825 0.43598 0.43520 0.43267 0.42802 0.42552 0.42475 0.42239 0.41734 0.41477 0.41378 0.41153 0.40663 0.40391 0.40244 0.40028 0.39620 0.39282 0.39084 0.38896 0.38514 0.38166 0.37872 0.37765 0.37308 0.37051 0.36778 0.36611 0.36317 0.35927 0.35779 0.35434 0.35012 0.34770 0.34534 0.34267 0.34098 0.33602 0.33440 0.33100 0.32893 0.32438 0.32183 0.31921 0.31670 0.31260 0.30978 0.30725 0.30474 0.30051 0.29785 0.29552 0.29279 0.28902 0.28586 0.28373 0.28077 0.27785 0.27415 0.27089 0.26891 0.26626 0.26365 0.26176 0.25751 0.25515 0.25270 0.24974 0.24603 0.24292 0.24067 0.23846 0.23470 0.23161 0.22867 0.22742 0.22484 0.22045 0.21819 0.21622 0.21343 0.20918 0.20749 0.20529 0.20184 0.19809 0.19666 0.19477 0.19070 0.18747 0.18623 0.18437 0.17983 0.17694 0.17660 0.17424 0.16951 0.16714 0.16658 0.16389 0.15887 0.15727 0.15549 0.15427 0.15287 0.15009 0.14575 0.14428 0.14357 0.14065 0.13582 0.13395 0.13434 0.13221 0.12662 0.12459 0.12619 0.12361 0.11843 0.11696 0.11791 0.11376 0.11009 0.11044 0.10956 0.10419 0.10157 0.10340 0.10160 0.09606 0.09490 0.09526 0.09291 0.09113 0.08951 0.08383 0.07827 0.07312 0.06649 0.06009 0.05520 0.04956 0.04418 0.04027 0.03461 0.03328 0.03701 0.04060 0.04178 0.04408 0.04884 0.05124 0.04987 0.05222 0.05855 0.05589 0.04439 0.03811 0.03521 0.02967 0.02199 0.01625 0.01186 0.00724 0.00234 0.00000 0.00000 0.00000 0.00000 0.00000 0.00000 0.00000 0.00000 0.00000 0.00000 0.00000 0.00000 0.00000 0.00000 0.00000 0.00000 0.00000 0.00000 0.00000 0.00000 0.00000 0.00000 0.00000 0.00000 0.00000
0.00000 0.00000 0.00000 0.00000 0.00000 0.00000 0.00000 0.00000 0.00000 0.00000 0.00000 0.00000 0.00000 0.00000 0.00000 0.00000 0.00000 0.00000 0.00000 0.00000 0.00000 0.00000 0.00000 0.00000 0.00000 0.01636 0.04945 0.08242 0.11477 0.14711 0.18026 0.21339 0.24613 0.27731 0.30884 0.33966 0.36791 0.39211 0.41586 0.44395 0.47296 0.49619 0.51939 0.54796 0.57653 0.58536 0.58191 0.58475 0.58662 0.58139 0.57811 0.58230 0.58203 0.57588 0.57499 0.57883 0.57661 0.57252 0.57154 0.57205 0.57224 0.56980 0.56673 0.56640 0.56785 0.56561 0.56153 0.56136 0.56265 0.56036 0.55625 0.55618 0.55698 0.55436 0.55041 0.55070 0.55118 0.54741 0.54462 0.54593 0.54455 0.54002 0.53909 0.54074 0.53749 0.53327 0.53222 0.53391 0.53101 0.52633 0.52494 0.52652 0.52322 0.51905 0.51861 0.51888 0.51400 0.51141 0.51361 0.51110 0.50605 0.50357 0.50516 0.50275 0.49783 0.49566 0.49601 0.49350 0.48983 0.48754 0.48595 0.48395 0.48222 0.47872 0.47590 0.47520 0.47335 0.46933 0.46660 0.46671 0.46317 0.45963 0.45788 0.45700 0.45258 0.44962 0.44858 0.44692 0.44269 0.43945 0.43834 0.43710 0.43378 0.42924 0.42744 0.42667 0.42393 0.41868 0.41646 0.41569 0.41323 0.40785 0.40557 0.40434 0.40205 0.39730 0.39453 0.39274 0.39068 0.38702 0.38337 0.38067 0.37935 0.37581 0.37225 0.36853 0.36780 0.36578 0.36122 0.35927 0.35594 0.35275 0.34972 0.34702 0.34419 0.34297 0.33815 0.33584 0.33262 0.33099 0.32660 0.32376 0.32078 0.31863 0.31506 0.31180 0.30877 0.30647 0.30315 0.30011 0.29670 0.29431 0.29121 0.28852 0.28576 0.28212 0.27953 0.27687 0.27397 0.27026 0.26739 0.26514 0.26353 0.25990 0.25780 0.25386 0.25099 0.24901 0.24588 0.24193 0.23914 0.23697 0.23478 0.23120 0.22794 0.22541 0.22388 0.22130 0.21673 0.21440 0.21275 0.21042 0.20558 0.20317 0.20173 0.19925 0.19504 0.19210 0.19089 0.18845 0.18493 0.18169 0.18038 0.17809 0.17447 0.17261 0.17084 0.16757 0.16380 0.16274 0.16130 0.15685 0.15406 0.15298 0.15137 0.14933 0.14817 0.14369 0.14062 0.13965 0.13830 0.13418 0.13177 0.13040 0.12834 0.12602 0.12463 0.12224 0.11817 0.11764 0.11747 0.11447 0.10975 0.10915 0.10894 0.10580 0.10265 0.10211 0.10005 0.09640 0.09500 0.09644 0.09496 0.08881 0.08692 0.08753 0.08143 0.07256 0.06733 0.06612 0.06041 0.05295 0.04974 0.04724 0.04238 0.03927 0.04216 0.04625 0.04805 0.04781 0.04934 0.05262 0.05495 0.05575 0.05581 0.05209 0.04701 0.04217 0.03520 0.02664 0.02169 0.01807 0.01286 0.00674 0.00215 0.00000 0.00000 0.00000 0.00000 0.00000 0.00000 0.00000 0.00000 0.00000 0.00000 0.00000 0.00000 0.00000 0.00000 0.00000 0.00000 0.00000 0.00000 0.00000 0.00000 0.00000 0.00000 0.00000 0.00000 0.00000
0.00000 0.00000 0.00000 0.00000 0.00000 0.00000 0.00000 0.00000 0.00000 0.00000 0.00000 0.00000 0.00000 0.00000 0.00000 0.00000 0.00000 0.00000 0.00000 0.00000 0.00000 0.00000 0.00000 0.00000 0.00000 0.01954 0.05835 0.09655 0.13562 0.17544 0.21279 0.25005 0.29107 0.32960 0.36471 0.39453 0.41810 0.43634 0.45487 0.47691 0.49646 0.51573 0.53814 0.55722 0.57322 0.58460 0.58782 0.58426 0.58000 0.58219 0.58266 0.57940 0.57784 0.57934 0.57691 0.57456 0.57712 0.57489 0.57056 0.57053 0.57342 0.56945 0.56471 0.56691 0.56816 0.56335 0.56019 0.56282 0.56175 0.55743 0.55672 0.55754 0.55496 0.55162 0.55207 0.55203 0.54794 0.54501 0.54705 0.54652 0.54047 0.53870 0.54164 0.53990 0.53450 0.53185 0.53468 0.53327 0.52757 0.52466 0.52755 0.52587 0.52009 0.51659 0.52003 0.51846 0.51241 0.51262 0.51212 0.50830 0.50487 0.50584 0.50352 0.49964 0.49759 0.49690 0.49410 0.49138 0.48968 0.48712 0.48454 0.48303 0.48084 0.47726 0.47573 0.47502 0.47142 0.46771 0.46740 0.46525 0.46165 0.45850 0.45796 0.45530 0.45162 0.44887 0.44795 0.44565 0.44143 0.43867 0.43804 0.43619 0.43117 0.42857 0.42783 0.42576 0.42059 0.41809 0.41698 0.41488 0.40961 0.40741 0.40571 0.40368 0.39891 0.39642 0.39435 0.39228 0.38919 0.38522 0.38263 0.38098 0.37767 0.37401 0.37085 0.36959 0.36665 0.36278 0.36115 0.35787 0.35496 0.35126 0.34911 0.34634 0.34319 0.33969 0.33799 0.33496 0.33283 0.32812 0.32581 0.32320 0.32062 0.31644 0.31372 0.31130 0.30856 0.30458 0.30181 0.29936 0.29670 0.29272 0.28995 0.28775 0.28485 0.28149 0.27805 0.27591 0.27295 0.26998 0.26654 0.26470 0.26156 0.25936 0.25636 0.25402 0.25017 0.24696 0.24491 0.24221 0.23849 0.23544 0.23254 0.23123 0.22838 0.22453 0.22189 0.22011 0.21765 0.21335 0.21135 0.20907 0.20606 0.20218 0.20057 0.19849 0.19489 0.19136 0.18988 0.18825 0.18396 0.18090 0.17992 0.17806 0.17351 0.17093 0.17090 0.16781 0.16338 0.16203 0.16021 0.15694 0.15419 0.15428 0.14978 0.14769 0.14777 0.14480 0.13982 0.13801 0.13824 0.13565 0.13050 0.12833 0.12956 0.12739 0.12174 0.12005 0.12168 0.11837 0.11383 0.11344 0.11325 0.10849 0.10558 0.10676 0.10525 0.09933 0.09750 0.09908 0.09758 0.09524 0.09270 0.08990 0.08896 0.08725 0.08173 0.07510 0.07210 0.06823 0.06377 0.06150 0.05608 0.05052 0.04858 0.04895 0.04856 0.04901 0.05243 0.05380 0.05208 0.05343 0.05781 0.05799 0.05446 0.05215 0.04937 0.04297 0.03317 0.02696 0.02326 0.01839 0.01214 0.00680 0.00230 0.00000 0.00000 0.00000 0.00000 0.00000 0.00000 0.00000 0.00000 0.00000 0.00000 0.00000 0.00000 0.00000 0.00000 0.00000 0.00000 0.00000 0.00000 0.00000 0.00000 0.00000 0.00000 0.00000 0.00000 0.00000
0.00000 0.00000 0.00000 0.00000 0.00000 0.00000 0.00000 0.00000 0.00000 0.00000 0.00000 0.00000 0.00000 0.00000 0.00000 0.00000 0.00000 0.00000 0.00000 0.00000 0.00000 0.00000 0.00000 0.00000 0.00000 0.02253 0.06705 0.11121 0.15682 0.20216 0.24584 0.28859 0.33369 0.37986 0.42466 0.45088 0.46379 0.48019 0.49730 0.50931 0.52031 0.53637 0.55363 0.56453 0.57601 0.58584 0.58744 0.58238 0.57936 0.58304 0.58404 0.57767 0.57545 0.58081 0.57884 0.57287 0.57204 0.57542 0.57376 0.56983 0.56789 0.56878 0.56931 0.56626 0.56280 0.56296 0.56434 0.56202 0.55794 0.55751 0.55833 0.55664 0.55268 0.55178 0.55244 0.55019 0.54643 0.54614 0.54667 0.54274 0.54064 0.54227 0.53965 0.53549 0.53456 0.53602 0.53273 0.52850 0.52734 0.52874 0.52547 0.52127 0.52108 0.52105 0.51566 0.51375 0.51601 0.51320 0.50816 0.50597 0.50772 0.50517 0.50023 0.49816 0.49889 0.49636 0.49183 0.49002 0.48930 0.48683 0.48376 0.48116 0.47844 0.47781 0.47679 0.47188 0.46902 0.46951 0.46698 0.46250 0.45972 0.46011 0.45668 0.45268 0.45081 0.44996 0.44657 0.44256 0.44107 0.43995 0.43719 0.43238 0.43052 0.42977 0.42722 0.42191 0.41967 0.41889 0.41656 0.41108 0.40893 0.40776 0.40552 0.39996 0.39803 0.39619 0.39414 0.39077 0.38691 0.38457 0.38275 0.37979 0.37573 0.37254 0.37133 0.36883 0.36462 0.36219 0.35960 0.35714 0.35331 0.35093 0.34758 0.34518 0.34173 0.33934 0.33660 0.33459 0.33023 0.32767 0.32485 0.32254 0.31870 0.31565 0.31289 0.31039 0.30713 0.30388 0.30081 0.29835 0.29522 0.29236 0.28908 0.28633 0.28369 0.28087 0.27801 0.27428 0.27207 0.26914 0.26638 0.26288 0.26171 0.25768 0.25508 0.25279 0.24988 0.24621 0.24300 0.24106 0.23841 0.23421 0.23165 0.22967 0.22773 0.22508 0.22076 0.21833 0.21678 0.21447 0.20956 0.20723 0.20574 0.20339 0.19870 0.19610 0.19502 0.19253 0.18849 0.18514 0.18455 0.18183 0.17834 0.17596 0.17469 0.17171 0.16784 0.16764 0.16548 0.16083 0.15806 0.15781 0.15559 0.15135 0.15074 0.14846 0.14499 0.14306 0.14208 0.13810 0.13530 0.13433 0.13260 0.12891 0.12738 0.12585 0.12253 0.12115 0.12092 0.11843 0.11340 0.11271 0.11302 0.11033 0.10575 0.10477 0.10366 0.10160 0.09969 0.09859 0.09593 0.09302 0.09137 0.09330 0.09111 0.08466 0.08028 0.08082 0.07624 0.06965 0.06756 0.06698 0.06213 0.05671 0.05560 0.05614 0.05564 0.05413 0.05505 0.05746 0.05818 0.05695 0.05574 0.05688 0.05925 0.05602 0.04701 0.03904 0.03456 0.03028 0.02409 0.01653 0.01165 0.00749 0.00252 0.00000 0.00000 0.00000 0.00000 0.00000 0.00000 0.00000 0.00000 0.00000 0.00000 0.00000 0.00000 0.00000 0.00000 0.00000 0.00000 0.00000 0.00000 0.00000 0.00000 0.00000 0.00000 0.00000 0.00000 0.00000
0.00000 0.00000 0.00000 0.00000 0.00000 0.00000 0.00000 0.00000 0.00000 0.00000 0.00000 0.00000 0.00000 0.00000 0.00000 0.00000 0.00000 0.00000 0.00000 0.00000 0.00000 0.00000 0.00000 0.00000 0.00000 0.02528 0.07613 0.12757 0.17745 0.22662 0.27858 0.33049 0.37784 0.42663 0.48113 0.50929 0.51353 0.52373 0.53451 0.54057 0.54945 0.55797 0.56296 0.57220 0.58449 0.58577 0.58077 0.58233 0.58476 0.58138 0.57747 0.57990 0.57993 0.57619 0.57517 0.57632 0.57402 0.57154 0.57366 0.57126 0.56733 0.56766 0.57005 0.56532 0.56112 0.56391 0.56438 0.55895 0.55707 0.55920 0.55757 0.55321 0.55306 0.55332 0.55066 0.54733 0.54779 0.54801 0.54243 0.54048 0.54397 0.54217 0.53608 0.53397 0.53677 0.53556 0.52974 0.52680 0.52967 0.52834 0.52231 0.51967 0.52230 0.52103 0.51457 0.51321 0.51449 0.51146 0.50668 0.50800 0.50628 0.50223 0.49965 0.49966 0.49697 0.49361 0.49220 0.49048 0.48737 0.48460 0.48336 0.48090 0.47840 0.47658 0.47387 0.47113 0.47032 0.46824 0.46438 0.46125 0.46113 0.45875 0.45456 0.45167 0.45095 0.44929 0.44458 0.44169 0.44091 0.43948 0.43439 0.43158 0.43083 0.42890 0.42390 0.42122 0.42017 0.41808 0.41283 0.41076 0.40910 0.40707 0.40165 0.39998 0.39723 0.39569 0.39298 0.38887 0.38658 0.38430 0.38182 0.37765 0.37464 0.37297 0.37035 0.36639 0.36377 0.36132 0.35895 0.35485 0.35273 0.34952 0.34707 0.34307 0.34109 0.33888 0.33616 0.33200 0.32949 0.32713 0.32443 0.32024 0.31760 0.31524 0.31240 0.30852 0.30573 0.30333 0.30053 0.29670 0.29396 0.29160 0.28882 0.28512 0.28220 0.28008 0.27706 0.27392 0.27035 0.26866 0.26531 0.26269 0.25944 0.25771 0.25423 0.25097 0.24884 0.24598 0.24242 0.23914 0.23687 0.23483 0.23115 0.22841 0.22596 0.22401 0.22174 0.21755 0.21526 0.21292 0.21023 0.20635 0.20451 0.20219 0.19908 0.19547 0.19368 0.19191 0.18830 0.18495 0.18304 0.18185 0.17747 0.17487 0.17477 0.17171 0.16815 0.16595 0.16456 0.16104 0.15824 0.15779 0.15374 0.15093 0.15067 0.14907 0.14361 0.14175 0.14213 0.13942 0.13452 0.13239 0.13281 0.13077 0.12581 0.12326 0.12490 0.12258 0.11800 0.11656 0.11688 0.11309 0.11000 0.10983 0.10867 0.10368 0.10159 0.10302 0.10096 0.09723 0.09506 0.09306 0.09301 0.09332 0.09045 0.08466 0.08337 0.08203 0.07862 0.07601 0.07269 0.06787 0.06765 0.06735 0.06252 0.05918 0.06196 0.06282 0.05940 0.05883 0.06200 0.06086 0.05680 0.05779 0.06120 0.05638 0.04572 0.03979 0.03625 0.03097 0.02279 0.01675 0.01242 0.00763 0.00241 0.00000 0.00000 0.00000 0.00000 0.00000 0.00000 0.00000 0.00000 0.00000 0.00000 0.00000 0.00000 0.00000 0.00000 0.00000 0.00000 0.00000 0.00000 0.00000 0.00000 0.00000 0.00000 0.00000 0.00000 0.00000
0.00000 0.00000 0.00000 0.00000 0.00000 0.00000 0.00000 0.00000 0.00000 0.00000 0.00000 0.00000 0.00000 0.00000 0.00000 0.00000 0.00000 0.00000 0.00000 0.00000 0.00000 0.00000 0.00000 0.00000 0.00000 0.02821 0.08527 0.14240 0.19803 0.25299 0.31097 0.36901 0.42420 0.47683 0.53320 0.56496 0.56886 0.56914 0.56816 0.57107 0.57791 0.57892 0.57713 0.58114 0.58659 0.58397 0.58081 0.58350 0.58506 0.57944 0.57655 0.58067 0.58104 0.57461 0.57256 0.57741 0.57569 0.57060 0.56864 0.57144 0.57083 0.56675 0.56374 0.56512 0.56608 0.56291 0.55885 0.55900 0.56010 0.55865 0.55485 0.55307 0.55321 0.55290 0.54902 0.54662 0.54790 0.54643 0.54227 0.54068 0.54207 0.53859 0.53632 0.53782 0.53487 0.53084 0.52961 0.53089 0.52780 0.52351 0.52297 0.52324 0.51878 0.51606 0.51889 0.51521 0.50978 0.50842 0.51048 0.50699 0.50254 0.50079 0.50159 0.49887 0.49421 0.49273 0.49252 0.48969 0.48533 0.48383 0.48233 0.48048 0.47893 0.47432 0.47218 0.47229 0.47067 0.46515 0.46228 0.46311 0.46069 0.45555 0.45283 0.45302 0.45058 0.44562 0.44351 0.44285 0.44051 0.43549 0.43340 0.43281 0.43027 0.42517 0.42275 0.42207 0.41970 0.41430 0.41214 0.41102 0.40890 0.40353 0.40143 0.39956 0.39765 0.39363 0.39046 0.38850 0.38622 0.38386 0.37932 0.37637 0.37479 0.37226 0.36812 0.36495 0.36316 0.36105 0.35692 0.35442 0.35107 0.34904 0.34520 0.34288 0.33982 0.33768 0.33413 0.33135 0.32888 0.32626 0.32228 0.31952 0.31692 0.31426 0.31089 0.30767 0.30491 0.30227 0.29927 0.29614 0.29293 0.29040 0.28758 0.28479 0.28156 0.27849 0.27628 0.27323 0.27024 0.26661 0.26502 0.26158 0.25890 0.25589 0.25388 0.25014 0.24699 0.24535 0.24209 0.23806 0.23532 0.23276 0.23121 0.22898 0.22463 0.22279 0.22080 0.21846 0.21366 0.21126 0.20980 0.20746 0.20261 0.20018 0.19904 0.19666 0.19208 0.18923 0.18872 0.18589 0.18199 0.17834 0.17872 0.17552 0.17178 0.17266 0.16937 0.16512 0.16204 0.16225 0.15978 0.15452 0.15357 0.15266 0.14935 0.14606 0.14550 0.14240 0.13929 0.13825 0.13656 0.13205 0.13037 0.13024 0.12717 0.12313 0.12338 0.12325 0.11711 0.11586 0.11713 0.11501 0.10921 0.10777 0.10838 0.10659 0.10142 0.10043 0.09909 0.09832 0.09743 0.09518 0.09379 0.09071 0.08787 0.08937 0.08682 0.08147 0.07876 0.08139 0.07810 0.07315 0.07422 0.07391 0.06954 0.06651 0.06752 0.06795 0.06596 0.06353 0.06195 0.06217 0.06278 0.06128 0.05712 0.05315 0.04948 0.04364 0.03623 0.02763 0.02284 0.01875 0.01326 0.00701 0.00227 0.00000 0.00000 0.00000 0.00000 0.00000 0.00000 0.00000 0.00000 0.00000 0.00000 0.00000 0.00000 0.00000 0.00000 0.00000 0.00000 0.00000 0.00000 0.00000 0.00000 0.00000 0.00000 0.00000 0.00000 0.00000
0.00000 0.00000 0.00000 0.00000 0.00000 0.00000 0.00000 0.00000 0.00000 0.00000 0.00000 0.00000 0.00000 0.00000 0.00000 0.00000 0.00000 0.00000 0.00000 0.00000 0.00000 0.00000 0.00000 0.00000 0.00000 0.03003 0.08943 0.14829 0.20863 0.26959 0.32683 0.38404 0.44624 0.50665 0.56060 0.58912 0.59416 0.59139 0.58781 0.58858 0.58769 0.58683 0.58967 0.58666 0.58176 0.58308 0.58631 0.58294 0.57834 0.58023 0.58190 0.57796 0.57446 0.57744 0.57692 0.57277 0.57268 0.57297 0.57030 0.56841 0.57061 0.56730 0.56338 0.56462 0.56644 0.56080 0.55761 0.56114 0.56023 0.55399 0.55386 0.55548 0.55329 0.54883 0.54872 0.54926 0.54623 0.54267 0.54432 0.54392 0.53767 0.53599 0.53918 0.53764 0.53164 0.52911 0.53181 0.53075 0.52447 0.52221 0.52454 0.52260 0.51674 0.51570 0.51685 0.51415 0.50861 0.51019 0.50890 0.50479 0.50093 0.50228 0.49989 0.49604 0.49476 0.49356 0.49012 0.48698 0.48621 0.48483 0.48096 0.47687 0.47642 0.47652 0.47315 0.47021 0.46681 0.46505 0.46435 0.46120 0.45722 0.45490 0.45401 0.45210 0.44763 0.44492 0.44368 0.44238 0.43767 0.43464 0.43374 0.43189 0.42729 0.42416 0.42329 0.42116 0.41633 0.41382 0.41239 0.41041 0.40495 0.40335 0.40141 0.39919 0.39479 0.39246 0.39017 0.38773 0.38567 0.38133 0.37846 0.37636 0.37390 0.37008 0.36704 0.36483 0.36259 0.35863 0.35618 0.35277 0.35091 0.34665 0.34469 0.34146 0.33945 0.33606 0.33309 0.33114 0.32805 0.32408 0.32134 0.31907 0.31619 0.31236 0.30956 0.30725 0.30433 0.30070 0.29788 0.29548 0.29270 0.28901 0.28627 0.28396 0.28110 0.27761 0.27453 0.27260 0.26937 0.26639 0.26280 0.26136 0.25802 0.25484 0.25236 0.24985 0.24653 0.24294 0.24121 0.23828 0.23434 0.23183 0.23022 0.22788 0.22584 0.22175 0.21952 0.21687 0.21430 0.21057 0.20848 0.20596 0.20318 0.19965 0.19768 0.19553 0.19258 0.18921 0.18676 0.18541 0.18251 0.17909 0.17594 0.17538 0.17380 0.16989 0.16823 0.16506 0.16298 0.16161 0.15787 0.15475 0.15378 0.15294 0.14739 0.14542 0.14574 0.14344 0.13833 0.13634 0.13642 0.13430 0.13048 0.12725 0.12671 0.12587 0.12316 0.11908 0.11937 0.11737 0.11539 0.11342 0.11171 0.10867 0.10643 0.10499 0.10421 0.10152 0.09853 0.09703 0.09551 0.09719 0.09555 0.08852 0.08820 0.08963 0.08735 0.08289 0.08222 0.08076 0.08000 0.08093 0.07634 0.07209 0.07419 0.07496 0.06970 0.06670 0.06963 0.06853 0.06281 0.06224 0.06505 0.06204 0.05694 0.05487 0.05072 0.04410 0.03454 0.02817 0.02406 0.01913 0.01262 0.00709 0.00243 0.00000 0.00000 0.00000 0.00000 0.00000 0.00000 0.00000 0.00000 0.00000 0.00000 0.00000 0.00000 0.00000 0.00000 0.00000 0.00000 0.00000 0.00000 0.00000 0.00000 0.00000 0.00000 0.00000 0.00000 0.00000
0.00000 0.00000 0.00000 0.00000 0.00000 0.00000 0.00000 0.00000 0.00000 0.00000 0.00000 0.00000 0.00000 0.00000 0.00000 0.00000 0.00000 0.00000 0.00000 0.00000 0.00000 0.00000 0.00000 0.00000 0.00000 0.03000 0.08935 0.14815 0.20876 0.26919 0.32715 0.38379 0.44470 0.50596 0.56427 0.59058 0.58860 0.58844 0.59185 0.59197 0.58520 0.58449 0.58880 0.58665 0.58192 0.58340 0.58573 0.58128 0.57786 0.58069 0.58243 0.57658 0.57358 0.57758 0.57779 0.57212 0.56944 0.57329 0.57253 0.56781 0.56474 0.56751 0.56776 0.56333 0.55933 0.56106 0.56209 0.55984 0.55606 0.55463 0.55431 0.55516 0.55207 0.54816 0.54810 0.54923 0.54482 0.54094 0.54372 0.54340 0.53779 0.53726 0.53737 0.53368 0.53143 0.53280 0.53014 0.52583 0.52458 0.52540 0.52206 0.51839 0.51953 0.51727 0.51216 0.51087 0.51351 0.50861 0.50467 0.50364 0.50431 0.50027 0.49664 0.49580 0.49540 0.49222 0.48791 0.48686 0.48616 0.48306 0.47930 0.47706 0.47625 0.47478 0.47310 0.46776 0.46595 0.46595 0.46371 0.45828 0.45571 0.45601 0.45397 0.44864 0.44600 0.44575 0.44372 0.43862 0.43607 0.43572 0.43323 0.42844 0.42575 0.42532 0.42268 0.41772 0.41528 0.41407 0.41215 0.40666 0.40469 0.40322 0.40116 0.39693 0.39388 0.39159 0.38979 0.38741 0.38289 0.38002 0.37830 0.37588 0.37171 0.36831 0.36672 0.36445 0.36048 0.35761 0.35479 0.35299 0.34907 0.34649 0.34234 0.34124 0.33841 0.33492 0.33300 0.32977 0.32610 0.32329 0.32069 0.31805 0.31455 0.31148 0.30893 0.30611 0.30317 0.29990 0.29696 0.29434 0.29153 0.28864 0.28521 0.28258 0.28011 0.27725 0.27397 0.27074 0.26891 0.26558 0.26258 0.25935 0.25771 0.25392 0.25104 0.24901 0.24598 0.24250 0.23929 0.23761 0.23458 0.23124 0.22799 0.22693 0.22464 0.22256 0.21775 0.21530 0.21391 0.21141 0.20668 0.20422 0.20307 0.20070 0.19595 0.19340 0.19283 0.19012 0.18567 0.18297 0.18285 0.17946 0.17558 0.17506 0.17324 0.16928 0.16593 0.16657 0.16377 0.15870 0.15727 0.15656 0.15365 0.14930 0.14893 0.14679 0.14348 0.14168 0.14032 0.13625 0.13404 0.13432 0.13153 0.12672 0.12547 0.12678 0.12194 0.11906 0.12050 0.11932 0.11338 0.11112 0.11299 0.11110 0.10491 0.10338 0.10485 0.10308 0.09960 0.09550 0.09652 0.09679 0.09259 0.09181 0.09061 0.08707 0.08414 0.08644 0.08439 0.07936 0.08003 0.08051 0.07621 0.07327 0.07547 0.07435 0.07025 0.06835 0.06843 0.06738 0.06590 0.06459 0.06149 0.05999 0.06170 0.05815 0.04874 0.04021 0.03568 0.03135 0.02553 0.01729 0.01210 0.00784 0.00261 0.00000 0.00000 0.00000 0.00000 0.00000 0.00000 0.00000 0.00000 0.00000 0.00000 0.00000 0.00000 0.00000 0.00000 0.00000 0.00000 0.00000 0.00000 0.00000 0.00000 0.00000 0.00000 0.00000 0.00000 0.00000
0.00000 0.00000 0.00000 0.00000 0.00000 0.00000 0.00000 0.00000 0.00000 0.00000 0.00000 0.00000 0.00000 0.00000 0.00000 0.00000 0.00000 0.00000 0.00000 0.00000 0.00000 0.00000 0.00000 0.00000 0.00000 0.02968 0.08958 0.14991 0.20809 0.26624 0.32722 0.38836 0.44388 0.50079 0.56406 0.59388 0.58866 0.58748 0.59034 0.58896 0.58877 0.58659 0.58402 0.58445 0.58735 0.58397 0.57967 0.58090 0.58335 0.57953 0.57525 0.57818 0.57903 0.57420 0.57186 0.57459 0.57296 0.56926 0.57041 0.56935 0.56607 0.56488 0.56742 0.56326 0.55908 0.56161 0.56251 0.55617 0.55449 0.55854 0.55567 0.54978 0.55012 0.55154 0.54893 0.54418 0.54426 0.54530 0.54134 0.53803 0.54072 0.53934 0.53331 0.53141 0.53413 0.53272 0.52639 0.52437 0.52681 0.52500 0.51889 0.51742 0.51919 0.51625 0.51094 0.51216 0.51143 0.50722 0.50213 0.50488 0.50318 0.49852 0.49670 0.49632 0.49290 0.48962 0.48935 0.48764 0.48331 0.48017 0.47951 0.47952 0.47526 0.47149 0.46940 0.46927 0.46734 0.46312 0.45982 0.45859 0.45717 0.45408 0.45052 0.44825 0.44642 0.44470 0.44104 0.43776 0.43633 0.43471 0.43079 0.42717 0.42629 0.42429 0.42001 0.41671 0.41543 0.41369 0.40853 0.40642 0.40446 0.40273 0.39831 0.39582 0.39318 0.39130 0.38816 0.38491 0.38198 0.37982 0.37765 0.37378 0.37050 0.36836 0.36588 0.36242 0.35962 0.35654 0.35464 0.35088 0.34842 0.34463 0.34308 0.33948 0.33676 0.33503 0.33162 0.32820 0.32506 0.32247 0.31991 0.31609 0.31333 0.31109 0.30808 0.30462 0.30171 0.29937 0.29649 0.29299 0.29025 0.28775 0.28504 0.28142 0.27866 0.27643 0.27343 0.27015 0.26685 0.26517 0.26181 0.25878 0.25568 0.25379 0.25058 0.24703 0.24523 0.24213 0.23882 0.23506 0.23436 0.23141 0.22824 0.22529 0.22375 0.22098 0.21806 0.21498 0.21248 0.20982 0.20712 0.20382 0.20171 0.19923 0.19660 0.19358 0.19090 0.18892 0.18665 0.18360 0.18007 0.17876 0.17759 0.17411 0.17098 0.16870 0.16778 0.16553 0.16157 0.15872 0.15785 0.15679 0.15139 0.14925 0.14926 0.14745 0.14190 0.14018 0.14052 0.13815 0.13445 0.13143 0.13028 0.12922 0.12774 0.12269 0.12121 0.11965 0.12031 0.11861 0.11385 0.11236 0.11169 0.10891 0.10704 0.10631 0.10285 0.09975 0.10000 0.10049 0.09756 0.09239 0.09126 0.09350 0.09195 0.08536 0.08530 0.08619 0.08409 0.08201 0.07951 0.07622 0.07767 0.07860 0.07338 0.06990 0.07273 0.07267 0.06665 0.06450 0.06829 0.06677 0.06041 0.06067 0.06338 0.05622 0.04752 0.04245 0.03727 0.03134 0.02385 0.01760 0.01296 0.00789 0.00251 0.00000 0.00000 0.00000 0.00000 0.00000 0.00000 0.00000 0.00000 0.00000 0.00000 0.00000 0.00000 0.00000 0.00000 0.00000 0.00000 0.00000 0.00000 0.00000 0.00000 0.00000 0.00000 0.00000 0.00000 0.00000
0.00000 0.00000 0.00000 0.00000 0.00000 0.00000 0.00000 0.00000 0.00000 0.00000 0.00000 0.00000 0.00000 0.00000 0.00000 0.00000 0.00000 0.00000 0.00000 0.00000 0.00000 0.00000 0.00000 0.00000 0.00000 0.02968 0.08958 0.14962 0.20813 0.26593 0.32702 0.38755 0.44513 0.50146 0.56117 0.59095 0.59225 0.59150 0.58617 0.58517 0.58979 0.58924 0.58254 0.58283 0.58658 0.58352 0.57889 0.58074 0.58329 0.57857 0.57474 0.57741 0.57938 0.57398 0.57058 0.57391 0.57439 0.56938 0.56614 0.56935 0.56937 0.56422 0.56054 0.56363 0.56419 0.55974 0.55673 0.55673 0.55633 0.55679 0.55527 0.54997 0.54835 0.55136 0.54836 0.54307 0.54408 0.54539 0.54006 0.53623 0.53947 0.53737 0.53289 0.53341 0.53258 0.52839 0.52613 0.52742 0.52495 0.52076 0.51999 0.51937 0.51501 0.51340 0.51558 0.51063 0.50673 0.50652 0.50707 0.50075 0.49901 0.49973 0.49811 0.49390 0.49049 0.49019 0.48914 0.48549 0.48164 0.48028 0.47986 0.47692 0.47378 0.47034 0.46980 0.46878 0.46571 0.46106 0.45925 0.45887 0.45650 0.45147 0.44896 0.44875 0.44660 0.44192 0.43869 0.43842 0.43617 0.43172 0.42868 0.42842 0.42560 0.42129 0.41856 0.41745 0.41517 0.41005 0.40800 0.40574 0.40454 0.40007 0.39715 0.39516 0.39336 0.38965 0.38630 0.38342 0.38191 0.37971 0.37529 0.37238 0.37032 0.36779 0.36404 0.36043 0.35855 0.35689 0.35290 0.35004 0.34657 0.34512 0.34191 0.33859 0.33574 0.33342 0.33025 0.32698 0.32399 0.32176 0.31772 0.31529 0.31297 0.30991 0.30703 0.30364 0.30094 0.29817 0.29547 0.29243 0.28912 0.28659 0.28388 0.28118 0.27765 0.27485 0.27271 0.26960 0.26645 0.26322 0.26153 0.25787 0.25507 0.25246 0.25004 0.24643 0.24348 0.24193 0.23823 0.23547 0.23176 0.23037 0.22800 0.22582 0.22147 0.21932 0.21804 0.21530 0.21080 0.20818 0.20714 0.20464 0.19995 0.19744 0.19688 0.19419 0.18969 0.18711 0.18688 0.18371 0.17954 0.17807 0.17705 0.17316 0.16988 0.17008 0.16749 0.16296 0.16118 0.16055 0.15766 0.15314 0.15271 0.15088 0.14766 0.14493 0.14405 0.14074 0.13810 0.13788 0.13552 0.13086 0.12907 0.13032 0.12715 0.12318 0.12025 0.12208 0.11893 0.11529 0.11499 0.11467 0.10938 0.10668 0.10947 0.10719 0.10196 0.09975 0.10091 0.09972 0.09652 0.09364 0.09348 0.09195 0.08900 0.08961 0.08737 0.08353 0.08212 0.08368 0.07946 0.07672 0.08030 0.07787 0.07262 0.07143 0.07375 0.07139 0.06755 0.06743 0.06706 0.06415 0.06318 0.06415 0.06204 0.05439 0.04967 0.04530 0.03843 0.02887 0.02279 0.01949 0.01386 0.00735 0.00237 0.00000 0.00000 0.00000 0.00000 0.00000 0.00000 0.00000 0.00000 0.00000 0.00000 0.00000 0.00000 0.00000 0.00000 0.00000 0.00000 0.00000 0.00000 0.00000 0.00000 0.00000 0.00000 0.00000 0.00000 0.00000
0.00000 0.00000 0.00000 0.00000 0.00000 0.00000 0.00000 0.00000 0.00000 0.00000 0.00000 0.00000 0.00000 0.00000 0.00000 0.00000 0.00000 0.00000 0.00000 0.00000 0.00000 0.00000 0.00000 0.00000 0.00000 0.03000 0.08920 0.14807 0.20857 0.26915 0.32565 0.38353 0.44555 0.50625 0.55992 0.58731 0.59137 0.59155 0.58811 0.58564 0.58658 0.58642 0.58699 0.58416 0.58165 0.58209 0.58410 0.58065 0.57679 0.57893 0.58066 0.57556 0.57202 0.57595 0.57537 0.57028 0.57015 0.57149 0.56843 0.56538 0.56774 0.56608 0.56161 0.56055 0.56392 0.55972 0.55507 0.55820 0.55792 0.55282 0.55144 0.55391 0.55093 0.54600 0.54590 0.54767 0.54405 0.53958 0.54079 0.54074 0.53533 0.53357 0.53661 0.53418 0.52787 0.52667 0.52916 0.52725 0.52090 0.51908 0.52151 0.51932 0.51327 0.51284 0.51362 0.50988 0.50534 0.50728 0.50608 0.50099 0.49813 0.49893 0.49591 0.49222 0.49242 0.49025 0.48588 0.48312 0.48293 0.48164 0.47692 0.47374 0.47262 0.47273 0.46967 0.46500 0.46272 0.46239 0.46025 0.45591 0.45326 0.45190 0.44946 0.44652 0.44440 0.44120 0.43882 0.43668 0.43437 0.43035 0.42894 0.42757 0.42374 0.41993 0.41849 0.41694 0.41267 0.40942 0.40721 0.40618 0.40120 0.39890 0.39715 0.39495 0.39106 0.38822 0.38477 0.38337 0.38160 0.37739 0.37477 0.37189 0.36931 0.36615 0.36274 0.36026 0.35802 0.35472 0.35218 0.34843 0.34685 0.34357 0.34058 0.33733 0.33526 0.33223 0.32886 0.32574 0.32364 0.31926 0.31712 0.31490 0.31182 0.30865 0.30548 0.30324 0.30021 0.29696 0.29412 0.29158 0.28888 0.28527 0.28271 0.28017 0.27740 0.27395 0.27094 0.26901 0.26577 0.26272 0.25933 0.25774 0.25448 0.25120 0.24879 0.24631 0.24301 0.23931 0.23838 0.23473 0.23180 0.22839 0.22776 0.22483 0.22156 0.21930 0.21650 0.21380 0.21092 0.20812 0.20569 0.20295 0.20047 0.19782 0.19506 0.19262 0.19045 0.18821 0.18426 0.18224 0.18117 0.17851 0.17423 0.17211 0.17211 0.16945 0.16505 0.16247 0.16221 0.16064 0.15530 0.15322 0.15308 0.15138 0.14565 0.14411 0.14444 0.14213 0.13764 0.13536 0.13477 0.13319 0.13147 0.12715 0.12487 0.12417 0.12427 0.12017 0.11655 0.11497 0.11625 0.11304 0.10910 0.11112 0.10765 0.10376 0.10416 0.10415 0.09907 0.09634 0.09651 0.09703 0.09625 0.08916 0.08903 0.09028 0.08825 0.08275 0.08282 0.08282 0.08135 0.08070 0.07683 0.07431 0.07590 0.07565 0.07050 0.06776 0.07135 0.07067 0.06411 0.06238 0.06689 0.06457 0.05893 0.05695 0.05209 0.04369 0.03624 0.03032 0.02489 0.01930 0.01320 0.00751 0.00256 0.00000 0.00000 0.00000 0.00000 0.00000 0.00000 0.00000 0.00000 0.00000 0.00000 0.00000 0.00000 0.00000 0.00000 0.00000 0.00000 0.00000 0.00000 0.00000 0.00000 0.00000 0.00000 0.00000 0.00000 0.00000
0.00000 0.00000 0.00000 0.00000 0.00000 0.00000 0.00000 0.00000 0.00000 0.00000 0.00000 0.00000 0.00000 0.00000 0.00000 0.00000 0.00000 0.00000 0.00000 0.00000 0.00000 0.00000 0.00000 0.00000 0.00000 0.02994 0.08922 0.14806 0.20848 0.26858 0.32622 0.38338 0.44448 0.50373 0.56231 0.59126 0.58820 0.58663 0.59056 0.59024 0.58343 0.58293 0.58778 0.58593 0.57956 0.58050 0.58427 0.58071 0.57570 0.57738 0.58049 0.57606 0.57177 0.57391 0.57591 0.57126 0.56777 0.57034 0.57085 0.56574 0.56294 0.56587 0.56585 0.55965 0.55804 0.55989 0.55864 0.55679 0.55631 0.55213 0.55042 0.55329 0.55195 0.54506 0.54373 0.54727 0.54334 0.53794 0.54041 0.54055 0.53491 0.53280 0.53486 0.53136 0.52752 0.52885 0.52758 0.52323 0.52079 0.52139 0.51864 0.51594 0.51709 0.51279 0.50857 0.50912 0.50982 0.50333 0.50132 0.50369 0.50075 0.49470 0.49298 0.49406 0.49184 0.48757 0.48423 0.48374 0.48278 0.47898 0.47546 0.47326 0.47328 0.47123 0.46718 0.46378 0.46298 0.46179 0.45849 0.45415 0.45250 0.45185 0.44903 0.44515 0.44198 0.44118 0.43880 0.43513 0.43103 0.43106 0.42874 0.42477 0.42228 0.42077 0.41787 0.41406 0.41170 0.40933 0.40752 0.40302 0.40062 0.39865 0.39676 0.39316 0.38951 0.38697 0.38549 0.38345 0.37876 0.37714 0.37400 0.37111 0.36763 0.36438 0.36230 0.36017 0.35640 0.35302 0.35053 0.34928 0.34543 0.34233 0.33888 0.33726 0.33423 0.33071 0.32747 0.32552 0.32116 0.31909 0.31604 0.31373 0.31137 0.30742 0.30500 0.30195 0.29940 0.29613 0.29308 0.29049 0.28772 0.28503 0.28135 0.27889 0.27649 0.27354 0.27032 0.26720 0.26542 0.26185 0.25907 0.25611 0.25412 0.25027 0.24771 0.24576 0.24239 0.23949 0.23616 0.23454 0.23141 0.22920 0.22505 0.22316 0.22210 0.21909 0.21496 0.21212 0.21118 0.20851 0.20395 0.20140 0.20082 0.19814 0.19383 0.19100 0.19088 0.18778 0.18386 0.18160 0.18073 0.17730 0.17402 0.17335 0.17096 0.16711 0.16513 0.16434 0.16133 0.15733 0.15668 0.15478 0.15163 0.14854 0.14796 0.14513 0.14218 0.14100 0.13933 0.13508 0.13314 0.13394 0.13115 0.12693 0.12433 0.12558 0.12337 0.11959 0.11618 0.11740 0.11540 0.11112 0.11163 0.11042 0.10662 0.10259 0.10489 0.10290 0.09999 0.09796 0.09686 0.09516 0.09362 0.09380 0.08999 0.08756 0.08678 0.08707 0.08331 0.08070 0.08240 0.08105 0.07501 0.07478 0.07800 0.07518 0.06982 0.07028 0.07218 0.06840 0.06483 0.06692 0.06723 0.06119 0.05861 0.06049 0.05280 0.04180 0.03526 0.03253 0.02613 0.01816 0.01260 0.00821 0.00275 0.00000 0.00000 0.00000 0.00000 0.00000 0.00000 0.00000 0.00000 0.00000 0.00000 0.00000 0.00000 0.00000 0.00000 0.00000 0.00000 0.00000 0.00000 0.00000 0.00000 0.00000 0.00000 0.00000 0.00000 0.00000
0.00000 0.00000 0.00000 0.00000 0.00000 0.00000 0.00000 0.00000 0.00000 0.00000 0.00000 0.00000 0.00000 0.00000 0.00000 0.00000 0.00000 0.00000 0.00000 0.00000 0.00000 0.00000 0.00000 0.00000 0.00000 0.02963 0.08953 0.14963 0.20744 0.26587 0.32745 0.38754 0.44150 0.50000 0.56341 0.59338 0.58785 0.58530 0.58842 0.58892 0.58630 0.58351 0.58394 0.58387 0.58396 0.58108 0.57884 0.58004 0.58151 0.57664 0.57324 0.57712 0.57736 0.57133 0.57016 0.57344 0.57060 0.56626 0.56813 0.56871 0.56408 0.56085 0.56439 0.56363 0.55724 0.55655 0.55974 0.55648 0.55264 0.55356 0.55259 0.54929 0.54776 0.54910 0.54607 0.54115 0.54192 0.54291 0.53821 0.53548 0.53792 0.53530 0.52950 0.52910 0.53171 0.52858 0.52260 0.52162 0.52384 0.52218 0.51538 0.51324 0.51580 0.51376 0.50808 0.50896 0.50749 0.50364 0.50083 0.50141 0.49859 0.49476 0.49475 0.49276 0.48853 0.48591 0.48622 0.48398 0.47907 0.47667 0.47612 0.47516 0.47105 0.46734 0.46582 0.46578 0.46306 0.45798 0.45614 0.45568 0.45267 0.44843 0.44751 0.44524 0.44173 0.43823 0.43784 0.43412 0.43140 0.42982 0.42733 0.42406 0.42142 0.42013 0.41661 0.41299 0.41061 0.40937 0.40576 0.40205 0.39953 0.39846 0.39546 0.39122 0.38833 0.38697 0.38467 0.38073 0.37885 0.37545 0.37309 0.36989 0.36665 0.36392 0.36073 0.35847 0.35573 0.35220 0.35021 0.34715 0.34452 0.34078 0.33900 0.33601 0.33270 0.32931 0.32737 0.32376 0.32099 0.31747 0.31562 0.31296 0.30928 0.30698 0.30392 0.30093 0.29789 0.29544 0.29261 0.28922 0.28665 0.28383 0.28130 0.27750 0.27501 0.27287 0.26968 0.26669 0.26319 0.26167 0.25837 0.25535 0.25234 0.25044 0.24711 0.24375 0.24213 0.23898 0.23581 0.23182 0.23166 0.22839 0.22518 0.22250 0.22059 0.21800 0.21466 0.21262 0.20965 0.20667 0.20426 0.20199 0.19914 0.19633 0.19415 0.19256 0.18851 0.18607 0.18457 0.18289 0.17804 0.17575 0.17585 0.17331 0.16874 0.16611 0.16646 0.16430 0.15915 0.15714 0.15714 0.15518 0.14961 0.14818 0.14827 0.14602 0.14087 0.13928 0.13923 0.13722 0.13412 0.13097 0.12902 0.12858 0.12831 0.12334 0.12047 0.11985 0.12017 0.11620 0.11216 0.11338 0.11210 0.10740 0.10515 0.10788 0.10276 0.09998 0.10253 0.10074 0.09483 0.09338 0.09418 0.09364 0.09185 0.08670 0.08655 0.08701 0.08519 0.08168 0.08033 0.07942 0.07923 0.07824 0.07429 0.07236 0.07431 0.07348 0.06807 0.06603 0.07012 0.06847 0.06224 0.06101 0.06524 0.05920 0.04983 0.04421 0.03840 0.03182 0.02506 0.01883 0.01355 0.00818 0.00262 0.00000 0.00000 0.00000 0.00000 0.00000 0.00000 0.00000 0.00000 0.00000 0.00000 0.00000 0.00000 0.00000 0.00000 0.00000 0.00000 0.00000 0.00000 0.00000 0.00000 0.00000 0.00000 0.00000 0.00000 0.00000
0.00000 0.00000 0.00000 0.00000 0.00000 0.00000 0.00000 0.00000 0.00000 0.00000 0.00000 0.00000 0.00000 0.00000 0.00000 0.00000 0.00000 0.00000 0.00000 0.00000 0.00000 0.00000 0.00000 0.00000 0.00000 0.02965 0.08944 0.14923 0.20759 0.26605 0.32673 0.38594 0.44350 0.50248 0.56089 0.58777 0.59021 0.59112 0.58549 0.58347 0.58865 0.58777 0.58069 0.58030 0.58546 0.58312 0.57669 0.57708 0.58159 0.57835 0.57293 0.57390 0.57705 0.57328 0.56935 0.57079 0.57190 0.56755 0.56530 0.56731 0.56662 0.56101 0.56062 0.56308 0.56030 0.55514 0.55733 0.55533 0.55259 0.55429 0.55339 0.54703 0.54531 0.54925 0.54711 0.54008 0.53943 0.54279 0.53801 0.53329 0.53631 0.53472 0.52934 0.52917 0.53010 0.52583 0.52197 0.52309 0.52194 0.51845 0.51696 0.51479 0.51175 0.51153 0.51271 0.50602 0.50368 0.50508 0.50336 0.49686 0.49542 0.49762 0.49444 0.48926 0.48677 0.48723 0.48549 0.48117 0.47788 0.47669 0.47627 0.47316 0.46897 0.46642 0.46652 0.46493 0.46018 0.45685 0.45630 0.45492 0.45106 0.44799 0.44593 0.44432 0.44113 0.43852 0.43551 0.43359 0.43113 0.42810 0.42693 0.42359 0.42052 0.41774 0.41577 0.41289 0.40998 0.40704 0.40449 0.40155 0.39966 0.39661 0.39294 0.39090 0.38875 0.38532 0.38180 0.38105 0.37767 0.37460 0.37126 0.36884 0.36606 0.36257 0.35996 0.35593 0.35434 0.35322 0.34881 0.34580 0.34268 0.34133 0.33769 0.33447 0.33122 0.32935 0.32588 0.32289 0.31931 0.31758 0.31437 0.31125 0.30850 0.30576 0.30320 0.29979 0.29700 0.29426 0.29160 0.28879 0.28523 0.28286 0.27989 0.27742 0.27426 0.27116 0.26947 0.26578 0.26311 0.25987 0.25818 0.25424 0.25184 0.24946 0.24668 0.24338 0.24052 0.23864 0.23506 0.23304 0.22907 0.22716 0.22530 0.22282 0.21886 0.21607 0.21529 0.21237 0.20806 0.20533 0.20459 0.20205 0.19782 0.19489 0.19476 0.19176 0.18826 0.18492 0.18456 0.18139 0.17834 0.17678 0.17443 0.17120 0.16901 0.16810 0.16482 0.16157 0.16053 0.15856 0.15536 0.15254 0.15197 0.14915 0.14610 0.14434 0.14323 0.13967 0.13724 0.13672 0.13486 0.13084 0.12860 0.12963 0.12707 0.12371 0.12014 0.12076 0.11960 0.11583 0.11275 0.11290 0.11157 0.10789 0.10780 0.10557 0.10374 0.10428 0.10045 0.09704 0.09782 0.09818 0.09297 0.09053 0.09156 0.09091 0.08626 0.08445 0.08567 0.08447 0.07909 0.07853 0.08123 0.07866 0.07304 0.07331 0.07597 0.07264 0.06774 0.06931 0.07078 0.06561 0.06199 0.06677 0.06628 0.05624 0.04865 0.04709 0.03979 0.03027 0.02412 0.02031 0.01442 0.00772 0.00250 0.00000 0.00000 0.00000 0.00000 0.00000 0.00000 0.00000 0.00000 0.00000 0.00000 0.00000 0.00000 0.00000 0.00000 0.00000 0.00000 0.00000 0.00000 0.00000 0.00000 0.00000 0.00000 0.00000 0.00000 0.00000
0.00000 0.00000 0.00000 0.00000 0.00000 0.00000 0.00000 0.00000 0.00000 0.00000 0.00000 0.00000 0.00000 0.00000 0.00000 0.00000 0.00000 0.00000 0.00000 0.00000 0.00000 0.00000 0.00000 0.00000 0.00000 0.02994 0.08900 0.14782 0.20850 0.26847 0.32456 0.38294 0.44582 0.50499 0.55787 0.58617 0.59014 0.59086 0.58616 0.58318 0.58573 0.58619 0.58346 0.58086 0.58133 0.58166 0.58128 0.57729 0.57528 0.57839 0.57870 0.57229 0.57080 0.57508 0.57266 0.56724 0.56862 0.57073 0.56607 0.56227 0.56482 0.56619 0.56037 0.55696 0.56000 0.55995 0.55488 0.55324 0.55371 0.55237 0.55003 0.54887 0.54745 0.54471 0.54355 0.54427 0.54087 0.53750 0.53854 0.53669 0.53203 0.53187 0.53378 0.52892 0.52414 0.52460 0.52623 0.52319 0.51707 0.51646 0.51817 0.51688 0.51033 0.50992 0.50952 0.50670 0.50346 0.50355 0.50064 0.49734 0.49659 0.49517 0.49102 0.48855 0.48895 0.48637 0.48166 0.47962 0.47942 0.47740 0.47281 0.47026 0.46924 0.46837 0.46519 0.46068 0.45922 0.45895 0.45576 0.45098 0.45031 0.44904 0.44491 0.44109 0.44113 0.43881 0.43415 0.43083 0.43064 0.42876 0.42410 0.42242 0.42013 0.41704 0.41379 0.41213 0.40948 0.40572 0.40290 0.40157 0.39869 0.39438 0.39194 0.39038 0.38761 0.38340 0.38183 0.37897 0.37636 0.37361 0.37063 0.36757 0.36427 0.36230 0.35883 0.35594 0.35201 0.35076 0.34878 0.34434 0.34261 0.33955 0.33662 0.33304 0.33108 0.32788 0.32487 0.32124 0.31946 0.31605 0.31318 0.31023 0.30770 0.30487 0.30164 0.29921 0.29628 0.29340 0.29046 0.28780 0.28510 0.28122 0.27905 0.27678 0.27358 0.27074 0.26711 0.26563 0.26216 0.25954 0.25598 0.25443 0.25122 0.24806 0.24580 0.24326 0.23984 0.23639 0.23558 0.23189 0.22902 0.22561 0.22469 0.22189 0.21846 0.21668 0.21365 0.21065 0.20804 0.20625 0.20314 0.19995 0.19786 0.19664 0.19276 0.18996 0.18796 0.18708 0.18219 0.17972 0.17890 0.17719 0.17265 0.16983 0.17049 0.16783 0.16317 0.16087 0.16122 0.15883 0.15364 0.15223 0.15218 0.14978 0.14462 0.14335 0.14340 0.14110 0.13634 0.13473 0.13390 0.13281 0.13191 0.12679 0.12468 0.12452 0.12428 0.11929 0.11637 0.11688 0.11601 0.11128 0.10832 0.11105 0.10787 0.10360 0.10499 0.10444 0.09914 0.09712 0.09865 0.09707 0.09409 0.09135 0.09075 0.09008 0.08874 0.08544 0.08390 0.08347 0.08284 0.08101 0.07799 0.07662 0.07738 0.07647 0.07219 0.07034 0.07290 0.07167 0.06610 0.06476 0.06907 0.06653 0.06162 0.05807 0.05354 0.04605 0.03824 0.03146 0.02586 0.02019 0.01384 0.00788 0.00270 0.00000 0.00000 0.00000 0.00000 0.00000 0.00000 0.00000 0.00000 0.00000 0.00000 0.00000 0.00000 0.00000 0.00000 0.00000 0.00000 0.00000 0.00000 0.00000 0.00000 0.00000 0.00000 0.00000 0.00000 0.00000
0.00000 0.00000 0.00000 0.00000 0.00000 0.00000 0.00000 0.00000 0.00000 0.00000 0.00000 0.00000 0.00000 0.00000 0.00000 0.00000 0.00000 0.00000 0.00000 0.00000 0.00000 0.00000 0.00000 0.00000 0.00000 0.02986 0.08901 0.14800 0.20823 0.26739 0.32512 0.38428 0.44406 0.50090 0.55995 0.59155 0.58790 0.58440 0.58821 0.58887 0.58289 0.58064 0.58614 0.58514 0.57830 0.57697 0.58255 0.58098 0.57442 0.57360 0.57799 0.57541 0.57094 0.57119 0.57264 0.56943 0.56729 0.56821 0.56705 0.56280 0.56309 0.56473 0.56114 0.55615 0.55895 0.55918 0.55424 0.55326 0.55458 0.54942 0.54739 0.55110 0.54923 0.54197 0.54021 0.54470 0.54244 0.53535 0.53581 0.53744 0.53265 0.52933 0.53177 0.52870 0.52328 0.52401 0.52505 0.52104 0.51776 0.51640 0.51555 0.51411 0.51344 0.50818 0.50633 0.50695 0.50582 0.49964 0.49787 0.49954 0.49695 0.49115 0.48924 0.49051 0.48810 0.48318 0.48046 0.48005 0.47903 0.47527 0.47139 0.46945 0.46963 0.46750 0.46222 0.45969 0.45984 0.45792 0.45304 0.45048 0.44980 0.44765 0.44349 0.44156 0.43966 0.43658 0.43337 0.43126 0.42991 0.42622 0.42326 0.42100 0.41961 0.41600 0.41253 0.41064 0.40840 0.40504 0.40219 0.39975 0.39684 0.39408 0.39162 0.38866 0.38491 0.38384 0.38058 0.37761 0.37488 0.37273 0.36984 0.36592 0.36372 0.36025 0.35814 0.35530 0.35228 0.34786 0.34646 0.34567 0.34109 0.33821 0.33488 0.33321 0.32970 0.32665 0.32331 0.32146 0.31786 0.31512 0.31185 0.30965 0.30663 0.30354 0.30079 0.29800 0.29555 0.29243 0.28946 0.28672 0.28339 0.28127 0.27708 0.27510 0.27414 0.26960 0.26743 0.26353 0.26228 0.25824 0.25590 0.25324 0.25090 0.24730 0.24471 0.24264 0.23929 0.23692 0.23340 0.23124 0.22845 0.22668 0.22235 0.22006 0.21920 0.21625 0.21219 0.20927 0.20848 0.20591 0.20183 0.19884 0.19840 0.19575 0.19242 0.18853 0.18843 0.18544 0.18264 0.17946 0.17818 0.17542 0.17286 0.17190 0.16840 0.16580 0.16409 0.16239 0.15902 0.15676 0.15586 0.15282 0.14988 0.14819 0.14726 0.14395 0.14114 0.13974 0.13866 0.13537 0.13285 0.13103 0.13055 0.12853 0.12460 0.12452 0.12296 0.12034 0.11680 0.11628 0.11539 0.11245 0.11063 0.10850 0.10751 0.10629 0.10416 0.10001 0.10136 0.10151 0.09617 0.09355 0.09610 0.09490 0.08921 0.08791 0.08998 0.08812 0.08273 0.08217 0.08461 0.08217 0.07664 0.07666 0.07949 0.07666 0.07125 0.07162 0.07424 0.07057 0.06597 0.06896 0.06947 0.06321 0.06100 0.06313 0.05514 0.04392 0.03695 0.03376 0.02736 0.01909 0.01324 0.00861 0.00290 0.00000 0.00000 0.00000 0.00000 0.00000 0.00000 0.00000 0.00000 0.00000 0.00000 0.00000 0.00000 0.00000 0.00000 0.00000 0.00000 0.00000 0.00000 0.00000 0.00000 0.00000 0.00000 0.00000 0.00000 0.00000
0.00000 0.00000 0.00000 0.00000 0.00000 0.00000 0.00000 0.00000 0.00000 0.00000 0.00000 0.00000 0.00000 0.00000 0.00000 0.00151 0.00451 0.00743 0.01047 0.01352 0.01639 0.01926 0.02242 0.02546 0.02820 0.05765 0.11472 0.17163 0.22619 0.28160 0.34018 0.39679 0.44850 0.50349 0.56313 0.59180 0.58636 0.58392 0.58691 0.58815 0.58356 0.58081 0.58323 0.58367 0.58036 0.57762 0.57840 0.57985 0.57877 0.57320 0.57263 0.57652 0.57421 0.56833 0.56929 0.57232 0.56795 0.56361 0.56562 0.56753 0.56247 0.55867 0.56031 0.56206 0.55766 0.55391 0.55402 0.55510 0.55290 0.54925 0.54744 0.54788 0.54599 0.54402 0.54272 0.54079 0.53938 0.53792 0.53540 0.53497 0.53466 0.52958 0.52661 0.52854 0.52849 0.52229 0.51855 0.51999 0.52071 0.51777 0.51215 0.51200 0.51190 0.50964 0.50578 0.50529 0.50288 0.50004 0.49856 0.49739 0.49366 0.49113 0.49097 0.48874 0.48415 0.48241 0.48225 0.47969 0.47518 0.47336 0.47245 0.47053 0.46708 0.46384 0.46228 0.46137 0.45846 0.45410 0.45296 0.45193 0.44806 0.44423 0.44409 0.44202 0.43725 0.43423 0.43378 0.43170 0.42685 0.42453 0.42330 0.42072 0.41675 0.41453 0.41288 0.40949 0.40614 0.40425 0.40198 0.39802 0.39529 0.39364 0.39077 0.38631 0.38480 0.38177 0.37952 0.37718 0.37413 0.37132 0.36782 0.36630 0.36256 0.35964 0.35548 0.35453 0.35300 0.34799 0.34522 0.34299 0.34082 0.33657 0.33473 0.33164 0.32871 0.32509 0.32321 0.31977 0.31710 0.31348 0.31158 0.30842 0.30548 0.30269 0.29997 0.29744 0.29420 0.29185 0.28877 0.28593 0.28299 0.28011 0.27746 0.27448 0.27122 0.26963 0.26585 0.26378 0.25928 0.25824 0.25535 0.25231 0.24951 0.24733 0.24399 0.24079 0.23937 0.23612 0.23295 0.22934 0.22878 0.22536 0.22234 0.22000 0.21774 0.21472 0.21187 0.21039 0.20711 0.20381 0.20163 0.20058 0.19690 0.19377 0.19156 0.19100 0.18663 0.18377 0.18180 0.18111 0.17669 0.17368 0.17371 0.17149 0.16753 0.16438 0.16526 0.16245 0.15788 0.15601 0.15602 0.15348 0.14870 0.14750 0.14732 0.14477 0.13983 0.13864 0.13891 0.13684 0.13178 0.13033 0.12988 0.12893 0.12825 0.12257 0.12088 0.12116 0.11995 0.11490 0.11262 0.11436 0.11211 0.10715 0.10606 0.10815 0.10409 0.10032 0.10165 0.10092 0.09712 0.09563 0.09495 0.09301 0.09191 0.09023 0.08775 0.08635 0.08641 0.08478 0.08155 0.08010 0.08075 0.07998 0.07617 0.07413 0.07545 0.07513 0.07063 0.06862 0.07174 0.07018 0.06463 0.06418 0.06690 0.06200 0.05299 0.04520 0.03951 0.03364 0.02642 0.01946 0.01421 0.00872 0.00274 0.00000 0.00000 0.00000 0.00000 0.00000 0.00000 0.00000 0.00000 0.00000 0.00000 0.00000 0.00000 0.00000 0.00000 0.00000 0.00000 0.00000 0.00000 0.00000 0.00000 0.00000 0.00000 0.00000 0.00000 0.00000
0.00000 0.00000 0.00000 0.00000 0.00000 0.00000 0.00000 0.00000 0.00000 0.00000 0.00000 0.00000 0.00000 0.00000 0.00000 0.00449 0.01349 0.02237 0.03131 0.04052 0.04927 0.05791 0.06704 0.07622 0.08464 0.11407 0.16523 0.21556 0.26458 0.31496 0.36635 0.41497 0.46388 0.51571 0.56470 0.58602 0.58730 0.58940 0.58532 0.58184 0.58560 0.58601 0.58055 0.57800 0.58278 0.58260 0.57630 0.57421 0.57855 0.57775 0.57267 0.57170 0.57324 0.57128 0.56914 0.56878 0.56752 0.56464 0.56511 0.56588 0.56172 0.55798 0.56071 0.56113 0.55553 0.55279 0.55603 0.55329 0.54910 0.55125 0.55048 0.54395 0.54250 0.54653 0.54481 0.53796 0.53599 0.53949 0.53678 0.53119 0.53158 0.53172 0.52749 0.52455 0.52702 0.52398 0.51983 0.51730 0.51841 0.51695 0.51425 0.50986 0.50914 0.50942 0.50760 0.50195 0.50036 0.50148 0.49932 0.49352 0.49168 0.49305 0.49062 0.48498 0.48300 0.48332 0.48166 0.47720 0.47406 0.47264 0.47239 0.46989 0.46480 0.46254 0.46286 0.46091 0.45544 0.45295 0.45309 0.45083 0.44595 0.44418 0.44309 0.43991 0.43608 0.43425 0.43293 0.42915 0.42585 0.42394 0.42271 0.41891 0.41535 0.41387 0.41191 0.40829 0.40481 0.40315 0.40071 0.39722 0.39440 0.39189 0.38897 0.38674 0.38309 0.38071 0.37797 0.37612 0.37359 0.36940 0.36780 0.36449 0.36192 0.35782 0.35597 0.35211 0.35020 0.34968 0.34445 0.34193 0.33856 0.33716 0.33316 0.33032 0.32704 0.32526 0.32165 0.31894 0.31551 0.31358 0.31011 0.30741 0.30453 0.30180 0.29936 0.29605 0.29369 0.29047 0.28793 0.28506 0.28193 0.27907 0.27627 0.27349 0.27105 0.26715 0.26610 0.26196 0.25984 0.25668 0.25502 0.25152 0.24879 0.24666 0.24354 0.24084 0.23765 0.23531 0.23217 0.23055 0.22641 0.22409 0.22232 0.22020 0.21607 0.21326 0.21261 0.20978 0.20582 0.20277 0.20218 0.19968 0.19630 0.19254 0.19218 0.18960 0.18675 0.18244 0.18209 0.17971 0.17676 0.17464 0.17223 0.17033 0.16744 0.16625 0.16281 0.16114 0.15941 0.15639 0.15366 0.15242 0.15128 0.14736 0.14481 0.14364 0.14267 0.14009 0.13686 0.13419 0.13414 0.13427 0.12911 0.12664 0.12619 0.12506 0.12129 0.11981 0.11866 0.11679 0.11431 0.11224 0.11097 0.10961 0.10808 0.10434 0.10408 0.10445 0.10053 0.09712 0.10001 0.09870 0.09235 0.09128 0.09428 0.09200 0.08608 0.08575 0.08835 0.08573 0.08022 0.08018 0.08305 0.08040 0.07490 0.07454 0.07779 0.07539 0.06968 0.06935 0.07278 0.06889 0.06481 0.06971 0.06840 0.05916 0.05128 0.04852 0.04171 0.03202 0.02529 0.02116 0.01517 0.00811 0.00265 0.00000 0.00000 0.00000 0.00000 0.00000 0.00000 0.00000 0.00000 0.00000 0.00000 0.00000 0.00000 0.00000 0.00000 0.00000 0.00000 0.00000 0.00000 0.00000 0.00000 0.00000 0.00000 0.00000 0.00000 0.00000
0.00000 0.00000 0.00000 0.00000 0.00000 0.00000 0.00000 0.00000 0.00000 0.00000 0.00000 0.00000 0.00000 0.00000 0.00000 0.00744 0.02241 0.03755 0.05208 0.06674 0.08240 0.09738 0.11125 0.12566 0.14171 0.17175 0.21448 0.25814 0.30450 0.34944 0.39062 0.43360 0.48050 0.52555 0.56516 0.58489 0.58754 0.58927 0.58446 0.58151 0.58400 0.58536 0.58059 0.57812 0.58061 0.58130 0.57752 0.57415 0.57555 0.57776 0.57477 0.56951 0.57072 0.57360 0.56950 0.56486 0.56623 0.56860 0.56447 0.56022 0.56123 0.56323 0.55958 0.55532 0.55513 0.55710 0.55510 0.55030 0.54801 0.55032 0.54979 0.54466 0.54270 0.54356 0.54133 0.53855 0.53792 0.53737 0.53507 0.53122 0.53025 0.53149 0.52970 0.52302 0.52163 0.52473 0.52324 0.51793 0.51421 0.51485 0.51441 0.51167 0.50808 0.50708 0.50524 0.50281 0.50078 0.49936 0.49631 0.49377 0.49281 0.49098 0.48697 0.48507 0.48439 0.48206 0.47729 0.47630 0.47542 0.47278 0.46955 0.46704 0.46529 0.46347 0.46101 0.45738 0.45556 0.45416 0.45112 0.44753 0.44667 0.44454 0.44044 0.43751 0.43686 0.43443 0.42982 0.42737 0.42630 0.42388 0.41965 0.41717 0.41599 0.41294 0.40928 0.40686 0.40531 0.40170 0.39843 0.39649 0.39393 0.39018 0.38801 0.38546 0.38256 0.37886 0.37752 0.37497 0.37121 0.37048 0.36638 0.36338 0.35962 0.35845 0.35552 0.35166 0.34799 0.34659 0.34541 0.34006 0.33805 0.33505 0.33255 0.32872 0.32674 0.32350 0.32091 0.31716 0.31543 0.31196 0.30939 0.30620 0.30377 0.30121 0.29794 0.29571 0.29241 0.29008 0.28681 0.28420 0.28124 0.27832 0.27536 0.27272 0.26970 0.26754 0.26313 0.26176 0.25919 0.25646 0.25317 0.25110 0.24833 0.24507 0.24317 0.24031 0.23687 0.23353 0.23274 0.22912 0.22622 0.22318 0.22189 0.21865 0.21576 0.21426 0.21112 0.20789 0.20543 0.20451 0.20090 0.19760 0.19536 0.19479 0.19094 0.18774 0.18536 0.18500 0.18115 0.17768 0.17618 0.17531 0.17174 0.16792 0.16884 0.16617 0.16241 0.15934 0.15979 0.15726 0.15313 0.15150 0.15074 0.14830 0.14378 0.14289 0.14322 0.14049 0.13528 0.13403 0.13476 0.13323 0.12984 0.12596 0.12566 0.12553 0.12351 0.11828 0.11699 0.11829 0.11603 0.11072 0.10940 0.11179 0.10871 0.10356 0.10392 0.10552 0.10127 0.09758 0.09858 0.09627 0.09510 0.09522 0.09183 0.08899 0.08980 0.08935 0.08523 0.08292 0.08429 0.08405 0.07987 0.07736 0.07845 0.07897 0.07525 0.07195 0.07263 0.07400 0.07017 0.06745 0.06865 0.06900 0.06672 0.06038 0.05420 0.04857 0.04069 0.03240 0.02685 0.02154 0.01453 0.00818 0.00286 0.00000 0.00000 0.00000 0.00000 0.00000 0.00000 0.00000 0.00000 0.00000 0.00000 0.00000 0.00000 0.00000 0.00000 0.00000 0.00000 0.00000 0.00000 0.00000 0.00000 0.00000 0.00000 0.00000 0.00000 0.00000
0.00000 0.00000 0.00000 0.00000 0.00000 0.00000 0.00000 0.00000 0.00000 0.00000 0.00000 0.00000 0.00000 0.00000 0.00000 0.01053 0.03126 0.05211 0.07336 0.09395 0.11448 0.13589 0.15621 0.17655 0.19794 0.22759 0.26464 0.30335 0.34313 0.38008 0.41675 0.45636 0.49507 0.53014 0.56781 0.58926 0.58722 0.58347 0.58478 0.58625 0.58279 0.57968 0.58228 0.58255 0.57838 0.57603 0.57861 0.57851 0.57449 0.57271 0.57373 0.57296 0.57087 0.56917 0.56813 0.56683 0.56690 0.56620 0.56236 0.55994 0.56242 0.56267 0.55655 0.55417 0.55752 0.55606 0.55057 0.55004 0.55197 0.54807 0.54432 0.54720 0.54591 0.54091 0.53786 0.54054 0.53938 0.53412 0.53195 0.53393 0.53123 0.52652 0.52635 0.52730 0.52323 0.51852 0.52021 0.52038 0.51641 0.51131 0.51170 0.51217 0.50924 0.50399 0.50290 0.50380 0.50144 0.49593 0.49413 0.49526 0.49300 0.48727 0.48546 0.48613 0.48420 0.47835 0.47669 0.47582 0.47502 0.47259 0.46755 0.46550 0.46556 0.46372 0.45814 0.45565 0.45593 0.45378 0.44859 0.44648 0.44609 0.44332 0.43880 0.43707 0.43597 0.43236 0.42867 0.42676 0.42563 0.42194 0.41828 0.41675 0.41507 0.41147 0.40770 0.40641 0.40414 0.40044 0.39713 0.39521 0.39287 0.38941 0.38662 0.38400 0.38143 0.37931 0.37575 0.37287 0.37186 0.36817 0.36541 0.36164 0.35985 0.35660 0.35389 0.35109 0.34797 0.34520 0.34216 0.34077 0.33644 0.33397 0.33062 0.32886 0.32519 0.32259 0.31920 0.31746 0.31375 0.31131 0.30817 0.30569 0.30294 0.29980 0.29760 0.29415 0.29191 0.28874 0.28605 0.28300 0.28006 0.27751 0.27435 0.27122 0.26908 0.26562 0.26341 0.25886 0.25879 0.25633 0.25273 0.25083 0.24772 0.24496 0.24182 0.23939 0.23620 0.23436 0.23068 0.22808 0.22543 0.22413 0.21973 0.21729 0.21652 0.21373 0.20980 0.20672 0.20626 0.20355 0.20004 0.19652 0.19603 0.19366 0.19060 0.18653 0.18601 0.18382 0.18072 0.17718 0.17621 0.17471 0.17081 0.16950 0.16684 0.16571 0.16248 0.16009 0.15756 0.15678 0.15518 0.15034 0.14843 0.14794 0.14684 0.14335 0.14014 0.13860 0.13808 0.13744 0.13355 0.12943 0.12947 0.12974 0.12599 0.12292 0.12169 0.12119 0.11869 0.11592 0.11414 0.11344 0.11222 0.10879 0.10661 0.10708 0.10583 0.10127 0.10127 0.10208 0.09708 0.09474 0.09798 0.09600 0.09001 0.08915 0.09181 0.08953 0.08389 0.08376 0.08656 0.08400 0.07859 0.07801 0.08126 0.07944 0.07349 0.07218 0.07616 0.07479 0.06842 0.06758 0.07176 0.06769 0.06404 0.06395 0.05752 0.04657 0.03871 0.03498 0.02871 0.02023 0.01401 0.00903 0.00300 0.00000 0.00000 0.00000 0.00000 0.00000 0.00000 0.00000 0.00000 0.00000 0.00000 0.00000 0.00000 0.00000 0.00000 0.00000 0.00000 0.00000 0.00000 0.00000 0.00000 0.00000 0.00000 0.00000 0.00000 0.00000
0.00000 0.00000 0.00000 0.00000 0.00000 0.00000 0.00000 0.00000 0.00000 0.00000 0.00000 0.00000 0.00000 0.00000 0.00000 0.01350 0.04026 0.06688 0.09452 0.12123 0.14679 0.17312 0.20183 0.22856 0.25285 0.28194 0.31671 0.34956 0.37913 0.41054 0.44517 0.47842 0.50732 0.53744 0.57174 0.58973 0.58569 0.58241 0.58410 0.58644 0.58207 0.57894 0.58105 0.58243 0.57779 0.57516 0.57752 0.57867 0.57445 0.57072 0.57264 0.57464 0.57036 0.56610 0.56724 0.56959 0.56632 0.56154 0.56133 0.56414 0.56163 0.55682 0.55646 0.55844 0.55640 0.55165 0.55012 0.55226 0.55196 0.54597 0.54325 0.54574 0.54494 0.53974 0.53912 0.53929 0.53635 0.53289 0.53293 0.53307 0.52989 0.52537 0.52548 0.52674 0.52420 0.51853 0.51758 0.51805 0.51665 0.51314 0.51051 0.50917 0.50754 0.50544 0.50316 0.50118 0.49875 0.49654 0.49491 0.49300 0.48991 0.48775 0.48622 0.48433 0.48046 0.47906 0.47689 0.47516 0.47265 0.47004 0.46811 0.46575 0.46387 0.46055 0.45812 0.45633 0.45413 0.45077 0.44897 0.44680 0.44356 0.44077 0.43972 0.43694 0.43295 0.43056 0.42933 0.42669 0.42261 0.42020 0.41894 0.41610 0.41233 0.40969 0.40854 0.40516 0.40157 0.39911 0.39721 0.39376 0.39100 0.38887 0.38540 0.38247 0.38107 0.37762 0.37444 0.37331 0.37013 0.36691 0.36322 0.36236 0.35902 0.35531 0.35203 0.35031 0.34828 0.34363 0.34126 0.33847 0.33637 0.33214 0.33008 0.32686 0.32462 0.32082 0.31904 0.31550 0.31325 0.30978 0.30764 0.30484 0.30173 0.29942 0.29609 0.29395 0.29055 0.28815 0.28494 0.28227 0.27938 0.27625 0.27360 0.27073 0.26772 0.26476 0.26213 0.26049 0.25625 0.25467 0.25305 0.24922 0.24718 0.24430 0.24090 0.23782 0.23649 0.23328 0.23001 0.22645 0.22602 0.22238 0.21963 0.21794 0.21524 0.21200 0.20929 0.20852 0.20486 0.20156 0.19919 0.19865 0.19492 0.19164 0.18936 0.18886 0.18528 0.18168 0.17968 0.17919 0.17614 0.17173 0.17133 0.17002 0.16685 0.16231 0.16339 0.16147 0.15762 0.15526 0.15389 0.15194 0.14869 0.14729 0.14631 0.14341 0.13934 0.13797 0.13903 0.13739 0.13227 0.12964 0.13024 0.12975 0.12632 0.12178 0.12150 0.12232 0.11954 0.11428 0.11334 0.11544 0.11283 0.10726 0.10645 0.10892 0.10580 0.10061 0.10157 0.10081 0.09866 0.09928 0.09600 0.09213 0.09300 0.09375 0.08921 0.08576 0.08781 0.08830 0.08340 0.08018 0.08199 0.08308 0.07920 0.07506 0.07553 0.07794 0.07549 0.07028 0.06910 0.07294 0.07171 0.06715 0.06589 0.06470 0.05686 0.04685 0.04043 0.03581 0.02799 0.02026 0.01491 0.00925 0.00287 0.00000 0.00000 0.00000 0.00000 0.00000 0.00000 0.00000 0.00000 0.00000 0.00000 0.00000 0.00000 0.00000 0.00000 0.00000 0.00000 0.00000 0.00000 0.00000 0.00000 0.00000 0.00000 0.00000 0.00000 0.00000
0.00000 0.00000 0.00000 0.00000 0.00000 0.00000 0.00000 0.00000 0.00000 0.00000 0.00000 0.00000 0.00000 0.00000 0.00000 0.01634 0.04952 0.08242 0.11420 0.14730 0.18058 0.21276 0.24520 0.27800 0.30911 0.33932 0.36730 0.39219 0.41662 0.44478 0.47234 0.49570 0.52088 0.54944 0.57535 0.58462 0.58448 0.58633 0.58456 0.58123 0.58179 0.58246 0.58027 0.57791 0.57843 0.57831 0.57622 0.57423 0.57406 0.57391 0.57246 0.56995 0.56885 0.56907 0.56846 0.56518 0.56325 0.56276 0.56396 0.56324 0.55754 0.55624 0.55898 0.55787 0.55186 0.55080 0.55348 0.55106 0.54594 0.54606 0.54741 0.54428 0.53966 0.54087 0.54094 0.53728 0.53330 0.53469 0.53381 0.52907 0.52700 0.52915 0.52618 0.52081 0.52072 0.52328 0.51881 0.51340 0.51369 0.51505 0.51125 0.50606 0.50540 0.50629 0.50338 0.49815 0.49664 0.49760 0.49520 0.48979 0.48792 0.48867 0.48661 0.48078 0.47921 0.47886 0.47759 0.47388 0.47023 0.46901 0.46819 0.46665 0.46089 0.45857 0.45860 0.45664 0.45135 0.44877 0.44884 0.44655 0.44159 0.43966 0.43885 0.43570 0.43155 0.42964 0.42860 0.42506 0.42125 0.41949 0.41814 0.41466 0.41076 0.40944 0.40736 0.40379 0.40002 0.39857 0.39609 0.39235 0.38960 0.38744 0.38501 0.38137 0.37875 0.37662 0.37458 0.37155 0.36862 0.36545 0.36371 0.36031 0.35746 0.35453 0.35167 0.34895 0.34573 0.34385 0.33974 0.33748 0.33406 0.33231 0.32838 0.32596 0.32252 0.32112 0.31748 0.31509 0.31188 0.30959 0.30660 0.30366 0.30138 0.29785 0.29582 0.29236 0.28999 0.28673 0.28399 0.28144 0.27812 0.27542 0.27217 0.26997 0.26678 0.26351 0.26213 0.25932 0.25662 0.25387 0.25176 0.24929 0.24592 0.24346 0.24031 0.23817 0.23499 0.23205 0.22897 0.22792 0.22384 0.22127 0.21958 0.21773 0.21387 0.21073 0.21042 0.20746 0.20387 0.20044 0.20010 0.19755 0.19429 0.19057 0.18999 0.18792 0.18460 0.18101 0.18023 0.17860 0.17449 0.17244 0.17095 0.16991 0.16508 0.16381 0.16141 0.16094 0.15910 0.15405 0.15228 0.15238 0.15100 0.14445 0.14323 0.14352 0.14237 0.14166 0.13763 0.13379 0.13305 0.13374 0.13082 0.12608 0.12477 0.12557 0.12327 0.11924 0.11719 0.11757 0.11647 0.11272 0.10979 0.11012 0.11014 0.10607 0.10245 0.10489 0.10335 0.09835 0.09952 0.10003 0.09534 0.09243 0.09425 0.09361 0.08849 0.08720 0.08917 0.08761 0.08264 0.08157 0.08436 0.08313 0.07760 0.07566 0.07919 0.07873 0.07278 0.07048 0.07460 0.07334 0.06813 0.06882 0.07121 0.06339 0.05395 0.04966 0.04376 0.03397 0.02682 0.02211 0.01576 0.00859 0.00283 0.00000 0.00000 0.00000 0.00000 0.00000 0.00000 0.00000 0.00000 0.00000 0.00000 0.00000 0.00000 0.00000 0.00000 0.00000 0.00000 0.00000 0.00000 0.00000 0.00000 0.00000 0.00000 0.00000 0.00000 0.00000
0.00000 0.00000 0.00000 0.00000 0.00000 0.00000 0.00000 0.00000 0.00000 0.00000 0.00000 0.00000 0.00000 0.00000 0.00000 0.01937 0.05839 0.09701 0.13501 0.17375 0.21399 0.25172 0.28831 0.32678 0.36794 0.39674 0.41445 0.43482 0.45748 0.47837 0.49602 0.51484 0.53681 0.55909 0.57654 0.58332 0.58412 0.58698 0.58385 0.57983 0.58061 0.58329 0.57959 0.57621 0.57786 0.57931 0.57504 0.57198 0.57414 0.57543 0.57081 0.56735 0.56909 0.57060 0.56717 0.56273 0.56163 0.56507 0.56426 0.55809 0.55697 0.55950 0.55797 0.55302 0.55186 0.55377 0.55250 0.54739 0.54540 0.54763 0.54710 0.54128 0.53977 0.54112 0.53883 0.53467 0.53454 0.53458 0.53086 0.52755 0.52803 0.52790 0.52427 0.52042 0.52065 0.52042 0.51800 0.51446 0.51296 0.51153 0.50976 0.50772 0.50541 0.50307 0.50105 0.49934 0.49725 0.49485 0.49253 0.49051 0.48841 0.48641 0.48387 0.48177 0.47898 0.47749 0.47579 0.47286 0.47004 0.46818 0.46731 0.46350 0.46052 0.45872 0.45718 0.45383 0.45113 0.44915 0.44671 0.44395 0.44223 0.43937 0.43606 0.43383 0.43241 0.42933 0.42563 0.42347 0.42194 0.41903 0.41534 0.41288 0.41162 0.40840 0.40477 0.40193 0.40069 0.39724 0.39379 0.39094 0.38874 0.38620 0.38427 0.38114 0.37706 0.37559 0.37408 0.37018 0.36668 0.36596 0.36273 0.35892 0.35571 0.35407 0.35151 0.34713 0.34467 0.34193 0.34003 0.33575 0.33342 0.33024 0.32826 0.32419 0.32241 0.31879 0.31696 0.31361 0.31144 0.30850 0.30556 0.30311 0.29981 0.29778 0.29421 0.29201 0.28860 0.28612 0.28327 0.28014 0.27751 0.27447 0.27197 0.26829 0.26609 0.26413 0.26086 0.25824 0.25594 0.25340 0.25123 0.24807 0.24506 0.24203 0.24024 0.23754 0.23377 0.23056 0.22990 0.22623 0.22338 0.22007 0.21945 0.21621 0.21315 0.21270 0.20893 0.20565 0.20300 0.20261 0.19883 0.19550 0.19330 0.19278 0.18906 0.18562 0.18396 0.18309 0.17980 0.17567 0.17489 0.17382 0.17086 0.16616 0.16665 0.16533 0.16180 0.15844 0.15754 0.15586 0.15342 0.15176 0.14783 0.14623 0.14499 0.14312 0.14250 0.14025 0.13672 0.13397 0.13426 0.13377 0.12930 0.12568 0.12593 0.12615 0.12261 0.11805 0.11778 0.11906 0.11620 0.11104 0.10977 0.11229 0.11042 0.10484 0.10354 0.10499 0.10291 0.10053 0.10012 0.09635 0.09604 0.09689 0.09369 0.08950 0.09103 0.09180 0.08715 0.08353 0.08569 0.08694 0.08253 0.07807 0.07915 0.08177 0.07941 0.07353 0.07250 0.07650 0.07587 0.07050 0.06859 0.07112 0.07112 0.06389 0.05508 0.05095 0.04322 0.03389 0.02781 0.02287 0.01539 0.00869 0.00303 0.00000 0.00000 0.00000 0.00000 0.00000 0.00000 0.00000 0.00000 0.00000 0.00000 0.00000 0.00000 0.00000 0.00000 0.00000 0.00000 0.00000 0.00000 0.00000 0.00000 0.00000 0.00000 0.00000 0.00000 0.00000
0.00000 0.00000 0.00000 0.00000 0.00000 0.00000 0.00000 0.00000 0.00000 0.00000 0.00000 0.00000 0.00000 0.00000 0.00000 0.02249 0.06674 0.11129 0.15703 0.20139 0.24469 0.28931 0.33343 0.37849 0.42401 0.45132 0.46328 0.48078 0.49705 0.50786 0.52084 0.53814 0.55282 0.56329 0.57738 0.58678 0.58582 0.58217 0.58179 0.58275 0.58178 0.57935 0.57842 0.57837 0.57769 0.57588 0.57436 0.57427 0.57385 0.57124 0.56958 0.57061 0.56980 0.56535 0.56436 0.56666 0.56522 0.56092 0.55884 0.55929 0.56017 0.55867 0.55315 0.55275 0.55484 0.55281 0.54746 0.54665 0.54896 0.54674 0.54136 0.54071 0.54258 0.54023 0.53494 0.53488 0.53576 0.53207 0.52838 0.52983 0.52850 0.52303 0.52176 0.52471 0.52108 0.51546 0.51522 0.51725 0.51343 0.50823 0.50770 0.50865 0.50540 0.50033 0.49920 0.50001 0.49723 0.49210 0.49042 0.49116 0.48885 0.48359 0.48168 0.48184 0.48004 0.47515 0.47279 0.47209 0.47078 0.46870 0.46355 0.46170 0.46128 0.45932 0.45405 0.45144 0.45157 0.44939 0.44438 0.44200 0.44165 0.43907 0.43445 0.43254 0.43154 0.42823 0.42425 0.42235 0.42121 0.41778 0.41382 0.41231 0.41055 0.40713 0.40319 0.40186 0.39939 0.39587 0.39241 0.39098 0.38756 0.38365 0.38303 0.38102 0.37668 0.37439 0.37232 0.36950 0.36726 0.36364 0.36112 0.35838 0.35541 0.35249 0.34934 0.34729 0.34335 0.34108 0.33724 0.33585 0.33175 0.32941 0.32591 0.32447 0.32056 0.31854 0.31596 0.31342 0.31071 0.30754 0.30519 0.30164 0.29973 0.29605 0.29397 0.29013 0.28803 0.28519 0.28199 0.27942 0.27589 0.27403 0.27046 0.26785 0.26396 0.26294 0.26120 0.25693 0.25585 0.25322 0.25000 0.24716 0.24437 0.24205 0.23933 0.23611 0.23299 0.23158 0.22831 0.22516 0.22147 0.22164 0.21843 0.21475 0.21454 0.21147 0.20798 0.20438 0.20425 0.20141 0.19800 0.19449 0.19411 0.19177 0.18834 0.18517 0.18429 0.18242 0.17837 0.17614 0.17512 0.17355 0.16832 0.16757 0.16580 0.16479 0.16200 0.15817 0.15652 0.15633 0.15515 0.14870 0.14711 0.14804 0.14636 0.14320 0.13920 0.13820 0.13707 0.13746 0.13564 0.12972 0.12810 0.12965 0.12779 0.12244 0.12038 0.12189 0.12065 0.11603 0.11313 0.11367 0.11417 0.11059 0.10613 0.10681 0.10771 0.10311 0.10059 0.10408 0.10060 0.09572 0.09624 0.09792 0.09368 0.09040 0.09102 0.09146 0.08751 0.08520 0.08627 0.08641 0.08211 0.07914 0.08157 0.08243 0.07761 0.07412 0.07663 0.07719 0.07353 0.07122 0.07289 0.07131 0.06933 0.06509 0.05913 0.04960 0.04171 0.03608 0.02978 0.02149 0.01504 0.00947 0.00315 0.00000 0.00000 0.00000 0.00000 0.00000 0.00000 0.00000 0.00000 0.00000 0.00000 0.00000 0.00000 0.00000 0.00000 0.00000 0.00000 0.00000 0.00000 0.00000 0.00000 0.00000 0.00000 0.00000 0.00000 0.00000
0.00000 0.00000 0.00000 0.00000 0.00000 0.00000 0.00000 0.00000 0.00000 0.00000 0.00000 0.00000 0.00000 0.00000 0.00000 0.02529 0.07573 0.12685 0.17797 0.22688 0.27661 0.32838 0.38030 0.42762 0.47627 0.50730 0.51752 0.52461 0.53136 0.53964 0.54922 0.55902 0.56557 0.57120 0.57991 0.58745 0.58543 0.58073 0.58011 0.58388 0.58174 0.57720 0.57711 0.57991 0.57683 0.57324 0.57458 0.57600 0.57169 0.56863 0.57068 0.57165 0.56731 0.56388 0.56476 0.56616 0.56532 0.55907 0.55787 0.56056 0.55978 0.55398 0.55335 0.55518 0.55354 0.54865 0.54731 0.54927 0.54788 0.54280 0.54108 0.54291 0.54120 0.53648 0.53569 0.53616 0.53285 0.52971 0.52976 0.52927 0.52515 0.52271 0.52311 0.52200 0.51895 0.51616 0.51522 0.51376 0.51175 0.50972 0.50741 0.50512 0.50334 0.50196 0.49948 0.49669 0.49488 0.49332 0.49085 0.48831 0.48649 0.48451 0.48157 0.47964 0.47820 0.47559 0.47192 0.47057 0.47028 0.46629 0.46276 0.46125 0.46029 0.45668 0.45327 0.45170 0.44990 0.44693 0.44433 0.44190 0.43913 0.43702 0.43538 0.43191 0.42864 0.42683 0.42509 0.42176 0.41831 0.41630 0.41467 0.41140 0.40789 0.40529 0.40410 0.40072 0.39705 0.39368 0.39264 0.38974 0.38656 0.38451 0.38050 0.37883 0.37852 0.37337 0.37053 0.37001 0.36640 0.36252 0.35935 0.35781 0.35507 0.35070 0.34830 0.34546 0.34364 0.33904 0.33694 0.33351 0.33190 0.32841 0.32570 0.32229 0.32058 0.31816 0.31493 0.31235 0.30937 0.30696 0.30365 0.30158 0.29778 0.29579 0.29215 0.28998 0.28683 0.28381 0.28139 0.27824 0.27603 0.27264 0.27009 0.26706 0.26491 0.26183 0.25902 0.25785 0.25473 0.25187 0.24899 0.24604 0.24422 0.24157 0.23776 0.23496 0.23354 0.23069 0.22706 0.22374 0.22350 0.21965 0.21693 0.21688 0.21313 0.20983 0.20680 0.20666 0.20287 0.19943 0.19705 0.19673 0.19291 0.18951 0.18812 0.18704 0.18329 0.17962 0.17929 0.17766 0.17426 0.17030 0.17047 0.16823 0.16544 0.16242 0.16157 0.15967 0.15715 0.15637 0.15188 0.14998 0.14968 0.14799 0.14375 0.14056 0.14159 0.13962 0.13784 0.13680 0.13300 0.13028 0.13012 0.12970 0.12571 0.12215 0.12230 0.12260 0.11899 0.11495 0.11423 0.11581 0.11406 0.10863 0.10669 0.10888 0.10759 0.10349 0.10329 0.10123 0.09918 0.09921 0.09872 0.09410 0.09376 0.09437 0.09150 0.08811 0.08911 0.08987 0.08584 0.08232 0.08323 0.08496 0.08256 0.07744 0.07632 0.07960 0.07936 0.07392 0.07156 0.07394 0.07514 0.07326 0.06804 0.06424 0.05986 0.04981 0.04180 0.03768 0.02978 0.02145 0.01557 0.00980 0.00305 0.00000 0.00000 0.00000 0.00000 0.00000 0.00000 0.00000 0.00000 0.00000 0.00000 0.00000 0.00000 0.00000 0.00000 0.00000 0.00000 0.00000 0.00000 0.00000 0.00000 0.00000 0.00000 0.00000 0.00000 0.00000
0.00000 0.00000 0.00000 0.00000 0.00000 0.00000 0.00000 0.00000 0.00000 0.00000 0.00000 0.00000 0.00000 0.00000 0.00000 0.02818 0.08511 0.14189 0.19746 0.25332 0.31017 0.36710 0.42370 0.47757 0.53141 0.56421 0.56892 0.56683 0.56754 0.57439 0.57738 0.57523 0.57775 0.58340 0.58523 0.58246 0.58223 0.58355 0.58289 0.58017 0.57880 0.57885 0.57888 0.57719 0.57482 0.57461 0.57499 0.57275 0.57032 0.57116 0.57099 0.56683 0.56547 0.56857 0.56627 0.56043 0.56041 0.56347 0.56092 0.55779 0.55496 0.55533 0.55553 0.55372 0.54915 0.54848 0.55023 0.54822 0.54311 0.54155 0.54423 0.54251 0.53664 0.53522 0.53761 0.53508 0.53001 0.52986 0.53052 0.52585 0.52329 0.52574 0.52314 0.51750 0.51669 0.51894 0.51553 0.51038 0.50969 0.51069 0.50752 0.50255 0.50166 0.50232 0.49924 0.49432 0.49301 0.49366 0.49090 0.48594 0.48420 0.48456 0.48231 0.47752 0.47530 0.47493 0.47327 0.46980 0.46611 0.46482 0.46393 0.46145 0.45667 0.45455 0.45433 0.45187 0.44707 0.44423 0.44447 0.44216 0.43730 0.43530 0.43442 0.43145 0.42728 0.42541 0.42423 0.42081 0.41694 0.41522 0.41373 0.41032 0.40627 0.40500 0.40273 0.39936 0.39584 0.39439 0.39121 0.38788 0.38713 0.38474 0.38045 0.37641 0.37629 0.37407 0.36993 0.36668 0.36507 0.36223 0.35895 0.35575 0.35308 0.35102 0.34702 0.34463 0.34061 0.33956 0.33560 0.33309 0.33008 0.32798 0.32485 0.32171 0.31923 0.31695 0.31446 0.31123 0.30879 0.30550 0.30345 0.29990 0.29778 0.29362 0.29205 0.28870 0.28586 0.28289 0.27982 0.27805 0.27481 0.27206 0.26860 0.26666 0.26436 0.26077 0.25907 0.25664 0.25410 0.25069 0.24813 0.24603 0.24350 0.24015 0.23713 0.23521 0.23296 0.22916 0.22602 0.22529 0.22232 0.21868 0.21687 0.21547 0.21228 0.20840 0.20812 0.20538 0.20188 0.19826 0.19829 0.19560 0.19202 0.18922 0.18844 0.18609 0.18221 0.18045 0.17920 0.17696 0.17232 0.17162 0.17036 0.16829 0.16402 0.16249 0.16040 0.15987 0.15907 0.15296 0.15130 0.15179 0.15029 0.14511 0.14283 0.14298 0.14135 0.14090 0.13884 0.13376 0.13184 0.13355 0.13196 0.12593 0.12393 0.12601 0.12461 0.11901 0.11664 0.11804 0.11797 0.11415 0.10979 0.10916 0.11165 0.10912 0.10381 0.10471 0.10506 0.10013 0.09875 0.10182 0.09842 0.09336 0.09341 0.09568 0.09257 0.08864 0.08783 0.08972 0.08729 0.08307 0.08300 0.08558 0.08246 0.07753 0.07847 0.08101 0.07881 0.07418 0.07274 0.07552 0.07537 0.07129 0.06839 0.06689 0.06033 0.05103 0.04336 0.03621 0.02940 0.02287 0.01636 0.00921 0.00301 0.00000 0.00000 0.00000 0.00000 0.00000 0.00000 0.00000 0.00000 0.00000 0.00000 0.00000 0.00000 0.00000 0.00000 0.00000 0.00000 0.00000 0.00000 0.00000 0.00000 0.00000 0.00000 0.00000 0.00000 0.00000
0.00000 0.00000 0.00000 0.00000 0.00000 0.00000 0.00000 0.00000 0.00000 0.00000 0.00000 0.00000 0.00000 0.00000 0.00000 0.02844 0.08521 0.14060 0.19673 0.25506 0.31164 0.36458 0.42025 0.47964 0.53601 0.55925 0.55906 0.56115 0.56045 0.55931 0.55851 0.55656 0.55573 0.55822 0.55738 0.55264 0.55110 0.55526 0.55457 0.54920 0.54753 0.55147 0.55013 0.54566 0.54512 0.54771 0.54475 0.54146 0.54288 0.54394 0.53954 0.53684 0.53863 0.53914 0.53611 0.53339 0.53662 0.54072 0.54258 0.53924 0.54246 0.54694 0.54772 0.54497 0.54780 0.55093 0.54864 0.54412 0.54292 0.54463 0.54245 0.53818 0.53707 0.53786 0.53498 0.53176 0.53125 0.53072 0.52660 0.52504 0.52527 0.52342 0.52003 0.51826 0.51745 0.51564 0.51359 0.51161 0.50931 0.50721 0.50563 0.50430 0.50146 0.49864 0.49720 0.49601 0.49322 0.49014 0.48882 0.48729 0.48419 0.48157 0.48049 0.47834 0.47462 0.47276 0.47219 0.46904 0.46511 0.46370 0.46315 0.45939 0.45555 0.45438 0.45297 0.44967 0.44611 0.44460 0.44225 0.43997 0.43806 0.43455 0.43172 0.43009 0.42834 0.42445 0.42124 0.41977 0.41780 0.41417 0.41088 0.40891 0.40733 0.40376 0.40030 0.39734 0.39639 0.39353 0.38954 0.38662 0.38504 0.38338 0.38020 0.37694 0.37419 0.37234 0.36963 0.36587 0.36307 0.36149 0.35841 0.35429 0.35190 0.34923 0.34724 0.34249 0.34061 0.33609 0.33567 0.33336 0.32913 0.32689 0.32419 0.32177 0.31820 0.31581 0.31303 0.31066 0.30738 0.30515 0.30160 0.29945 0.29572 0.29394 0.28989 0.28765 0.28514 0.28195 0.27994 0.27546 0.27425 0.27179 0.26875 0.26644 0.26271 0.26125 0.25849 0.25575 0.25248 0.24994 0.24827 0.24503 0.24195 0.23917 0.23729 0.23502 0.23091 0.22836 0.22719 0.22411 0.22064 0.21853 0.21729 0.21371 0.21056 0.21046 0.20704 0.20343 0.20064 0.20071 0.19697 0.19340 0.19196 0.19101 0.18708 0.18358 0.18364 0.18157 0.17762 0.17426 0.17480 0.17213 0.16874 0.16678 0.16585 0.16218 0.16033 0.16056 0.15657 0.15368 0.15260 0.15191 0.14711 0.14465 0.14580 0.14485 0.14153 0.13886 0.13704 0.13495 0.13417 0.13310 0.12918 0.12643 0.12655 0.12613 0.12200 0.11895 0.11948 0.11937 0.11569 0.11230 0.11167 0.11273 0.11115 0.10680 0.10547 0.10564 0.10207 0.10194 0.10316 0.09863 0.09592 0.09698 0.09652 0.09264 0.09202 0.09197 0.08969 0.08753 0.08723 0.08749 0.08528 0.08268 0.08075 0.08246 0.08242 0.07848 0.07505 0.07652 0.07882 0.07638 0.07108 0.06955 0.07453 0.06880 0.05742 0.05035 0.04560 0.03613 0.02895 0.02366 0.01656 0.00920 0.00315 0.00000 0.00000 0.00000 0.00000 0.00000 0.00000 0.00000 0.00000 0.00000 0.00000 0.00000 0.00000 0.00000 0.00000 0.00000 0.00000 0.00000 0.00000 0.00000 0.00000 0.00000 0.00000 0.00000 0.00000 0.00000
0.00000 0.00000 0.00000 0.00000 0.00000 0.00000 0.00000 0.00000 0.00000 0.00000 0.00000 0.00000 0.00000 0.00000 0.00000 0.02538 0.07608 0.12587 0.17622 0.22752 0.27806 0.32662 0.37610 0.42817 0.47930 0.50057 0.49915 0.50260 0.50244 0.49777 0.49775 0.50086 0.49917 0.49511 0.49554 0.49721 0.49608 0.49338 0.49257 0.49283 0.49286 0.49131 0.48925 0.48894 0.48951 0.48789 0.48550 0.48579 0.48618 0.48334 0.48152 0.48344 0.48220 0.47762 0.47754 0.48500 0.48996 0.49445 0.50285 0.51210 0.51769 0.52495 0.53108 0.53826 0.54616 0.54912 0.54518 0.54326 0.54570 0.54410 0.53845 0.53598 0.53948 0.53763 0.53172 0.53008 0.53248 0.52913 0.52502 0.52584 0.52508 0.51972 0.51827 0.52067 0.51752 0.51249 0.51143 0.51252 0.50964 0.50480 0.50386 0.50441 0.50132 0.49657 0.49552 0.49607 0.49288 0.48817 0.48680 0.48721 0.48438 0.47971 0.47787 0.47783 0.47557 0.47138 0.46863 0.46797 0.46644 0.46311 0.45920 0.45779 0.45708 0.45398 0.44967 0.44730 0.44729 0.44433 0.44000 0.43757 0.43732 0.43468 0.43021 0.42863 0.42717 0.42382 0.42007 0.41830 0.41684 0.41330 0.40948 0.40805 0.40603 0.40261 0.39869 0.39760 0.39483 0.39154 0.38950 0.38731 0.38362 0.38033 0.37996 0.37748 0.37251 0.36986 0.36881 0.36591 0.36191 0.35893 0.35690 0.35464 0.35059 0.34802 0.34453 0.34330 0.33936 0.33677 0.33198 0.33174 0.33004 0.32523 0.32334 0.32032 0.31797 0.31445 0.31212 0.30929 0.30686 0.30374 0.30126 0.29752 0.29578 0.29237 0.28973 0.28515 0.28400 0.28238 0.27794 0.27624 0.27247 0.27058 0.26895 0.26471 0.26229 0.25992 0.25779 0.25435 0.25162 0.25003 0.24718 0.24409 0.24074 0.23906 0.23734 0.23329 0.23042 0.22876 0.22659 0.22263 0.21981 0.21920 0.21635 0.21242 0.21127 0.20940 0.20584 0.20217 0.20235 0.19947 0.19581 0.19290 0.19267 0.18988 0.18596 0.18478 0.18330 0.18036 0.17626 0.17605 0.17439 0.17148 0.16787 0.16699 0.16480 0.16310 0.16204 0.15765 0.15521 0.15502 0.15430 0.14856 0.14650 0.14665 0.14520 0.14488 0.14225 0.13799 0.13592 0.13752 0.13586 0.12975 0.12781 0.12990 0.12849 0.12224 0.12048 0.12250 0.12163 0.11598 0.11355 0.11282 0.11539 0.11354 0.10724 0.10639 0.10906 0.10608 0.10188 0.10417 0.10261 0.09743 0.09657 0.09971 0.09683 0.09166 0.09075 0.09366 0.09223 0.08702 0.08482 0.08838 0.08770 0.08121 0.08030 0.08459 0.08308 0.07698 0.07567 0.07970 0.07900 0.07406 0.07065 0.07464 0.07456 0.06740 0.05686 0.05255 0.04584 0.03727 0.02995 0.02312 0.01634 0.00977 0.00332 0.00000 0.00000 0.00000 0.00000 0.00000 0.00000 0.00000 0.00000 0.00000 0.00000 0.00000 0.00000 0.00000 0.00000 0.00000 0.00000 0.00000 0.00000 0.00000 0.00000 0.00000 0.00000 0.00000 0.00000 0.00000
0.00000 0.00000 0.00000 0.00000 0.00000 0.00000 0.00000 0.00000 0.00000 0.00000 0.00000 0.00000 0.00000 0.00000 0.00000 0.02224 0.06656 0.11186 0.15665 0.19938 0.24332 0.28997 0.33428 0.37476 0.41904 0.44454 0.44315 0.43991 0.44071 0.44124 0.43961 0.44015 0.44051 0.43728 0.43569 0.43866 0.43900 0.43429 0.43252 0.43587 0.43599 0.43153 0.42972 0.43279 0.43185 0.42841 0.42810 0.42995 0.42710 0.42475 0.42614 0.42670 0.42340 0.42082 0.42185 0.42966 0.44190 0.45124 0.46605 0.48129 0.49321 0.50118 0.51658 0.53204 0.54254 0.54511 0.54500 0.54587 0.54291 0.53983 0.53904 0.53960 0.53616 0.53366 0.53305 0.53237 0.52841 0.52717 0.52710 0.52492 0.52085 0.52043 0.52005 0.51732 0.51520 0.51353 0.51135 0.50921 0.50785 0.50635 0.50330 0.50068 0.49955 0.49846 0.49535 0.49206 0.49109 0.48997 0.48675 0.48343 0.48268 0.48113 0.47737 0.47469 0.47426 0.47182 0.46768 0.46587 0.46552 0.46208 0.45807 0.45701 0.45593 0.45226 0.44822 0.44746 0.44538 0.44264 0.43912 0.43728 0.43506 0.43311 0.43175 0.42714 0.42429 0.42314 0.42102 0.41692 0.41381 0.41251 0.41045 0.40651 0.40338 0.40118 0.39976 0.39623 0.39276 0.38956 0.38873 0.38669 0.38247 0.38018 0.37776 0.37528 0.37238 0.36902 0.36665 0.36448 0.36143 0.35777 0.35539 0.35300 0.35060 0.34599 0.34419 0.34014 0.33943 0.33672 0.33280 0.32994 0.32785 0.32627 0.32151 0.31945 0.31666 0.31419 0.31072 0.30854 0.30544 0.30290 0.29968 0.29768 0.29363 0.29155 0.28816 0.28621 0.28199 0.27961 0.27916 0.27545 0.27266 0.27047 0.26664 0.26505 0.26184 0.25952 0.25611 0.25387 0.25229 0.24814 0.24605 0.24334 0.24131 0.23882 0.23511 0.23280 0.23071 0.22845 0.22444 0.22224 0.22111 0.21767 0.21435 0.21317 0.21121 0.20717 0.20423 0.20471 0.20108 0.19736 0.19496 0.19496 0.19124 0.18756 0.18786 0.18547 0.18134 0.17826 0.17913 0.17605 0.17215 0.17048 0.17021 0.16604 0.16353 0.16416 0.16130 0.15731 0.15531 0.15580 0.15262 0.14957 0.14690 0.14694 0.14678 0.14179 0.14053 0.13912 0.13843 0.13691 0.13280 0.13050 0.13076 0.12984 0.12541 0.12285 0.12368 0.12310 0.11792 0.11597 0.11758 0.11658 0.11300 0.10998 0.10992 0.10987 0.10688 0.10508 0.10568 0.10286 0.09894 0.10018 0.10118 0.09659 0.09425 0.09483 0.09420 0.09158 0.09073 0.08940 0.08832 0.08810 0.08545 0.08450 0.08498 0.08387 0.07904 0.07948 0.08214 0.07990 0.07444 0.07360 0.07843 0.07638 0.07036 0.06593 0.06306 0.05347 0.04373 0.03789 0.03160 0.02294 0.01613 0.01010 0.00337 0.00000 0.00000 0.00000 0.00000 0.00000 0.00000 0.00000 0.00000 0.00000 0.00000 0.00000 0.00000 0.00000 0.00000 0.00000 0.00000 0.00000 0.00000 0.00000 0.00000 0.00000 0.00000 0.00000 0.00000 0.00000
0.00000 0.00000 0.00000 0.00000 0.00000 0.00000 0.00000 0.00000 0.00000 0.00000 0.00000 0.00000 0.00000 0.00000 0.00000 0.01927 0.05765 0.09662 0.13569 0.17296 0.21084 0.25034 0.28925 0.32543 0.36328 0.38443 0.38382 0.38080 0.38137 0.38372 0.38169 0.37867 0.37967 0.38134 0.37959 0.37730 0.37728 0.37779 0.37736 0.37597 0.37472 0.37451 0.37486 0.37365 0.37196 0.37181 0.37230 0.37070 0.36894 0.36960 0.36941 0.36667 0.36596 0.36796 0.36566 0.37214 0.39269 0.41340 0.42905 0.44756 0.46771 0.48493 0.50054 0.52107 0.53906 0.54527 0.54578 0.54514 0.54007 0.53726 0.54147 0.53982 0.53351 0.53077 0.53447 0.53195 0.52675 0.52582 0.52708 0.52265 0.52001 0.52178 0.51946 0.51453 0.51305 0.51448 0.51170 0.50701 0.50573 0.50629 0.50348 0.49882 0.49779 0.49827 0.49493 0.49043 0.48936 0.48972 0.48634 0.48187 0.48056 0.48060 0.47765 0.47330 0.47131 0.47098 0.46869 0.46477 0.46158 0.46099 0.45970 0.45586 0.45223 0.45086 0.45008 0.44620 0.44255 0.44019 0.44018 0.43724 0.43290 0.43221 0.43011 0.42685 0.42310 0.42162 0.41983 0.41616 0.41274 0.41114 0.40927 0.40559 0.40181 0.40077 0.39809 0.39479 0.39158 0.39029 0.38663 0.38390 0.38311 0.37998 0.37609 0.37312 0.37190 0.36917 0.36489 0.36220 0.36058 0.35800 0.35383 0.35128 0.34868 0.34692 0.34265 0.34030 0.33521 0.33554 0.33429 0.32897 0.32673 0.32401 0.32185 0.31762 0.31566 0.31279 0.31036 0.30725 0.30467 0.30147 0.29934 0.29626 0.29360 0.28962 0.28816 0.28564 0.28222 0.27987 0.27679 0.27486 0.27268 0.26914 0.26637 0.26265 0.26141 0.25856 0.25538 0.25387 0.25031 0.24802 0.24375 0.24314 0.24172 0.23742 0.23464 0.23239 0.23088 0.22672 0.22395 0.22265 0.22013 0.21641 0.21401 0.21319 0.20978 0.20633 0.20607 0.20336 0.19981 0.19610 0.19689 0.19392 0.18980 0.18911 0.18740 0.18398 0.18018 0.18052 0.17832 0.17473 0.17164 0.17155 0.16879 0.16619 0.16538 0.16247 0.15900 0.15803 0.15829 0.15370 0.15082 0.14979 0.14910 0.14752 0.14424 0.14125 0.13957 0.14151 0.13971 0.13355 0.13161 0.13389 0.13235 0.12599 0.12432 0.12643 0.12543 0.11876 0.11741 0.11850 0.11900 0.11590 0.11082 0.11048 0.11296 0.11067 0.10516 0.10574 0.10661 0.10238 0.10003 0.10273 0.10051 0.09508 0.09458 0.09771 0.09583 0.09024 0.08839 0.09197 0.09272 0.08571 0.08364 0.08743 0.08766 0.08006 0.07888 0.08388 0.08284 0.07657 0.07455 0.07904 0.07829 0.07362 0.07035 0.07051 0.06345 0.05307 0.04449 0.03852 0.03148 0.02366 0.01691 0.01007 0.00327 0.00000 0.00000 0.00000 0.00000 0.00000 0.00000 0.00000 0.00000 0.00000 0.00000 0.00000 0.00000 0.00000 0.00000 0.00000 0.00000 0.00000 0.00000 0.00000 0.00000 0.00000 0.00000 0.00000 0.00000 0.00000
0.00000 0.00000 0.00000 0.00000 0.00000 0.00000 0.00000 0.00000 0.00000 0.00000 0.00000 0.00000 0.00000 0.00000 0.00000 0.01636 0.04924 0.08140 0.11346 0.14708 0.17980 0.21039 0.24248 0.27740 0.30909 0.32182 0.32291 0.32488 0.32307 0.32193 0.32289 0.32175 0.32023 0.32158 0.32228 0.31908 0.31774 0.31997 0.32042 0.31696 0.31560 0.31774 0.31800 0.31475 0.31326 0.31560 0.31470 0.31215 0.31240 0.31352 0.31115 0.30926 0.31006 0.31088 0.30912 0.31862 0.34394 0.37093 0.39428 0.41490 0.44051 0.46666 0.48858 0.51004 0.53483 0.54622 0.54332 0.54263 0.54150 0.54068 0.53635 0.53571 0.53548 0.53408 0.52965 0.52914 0.52907 0.52660 0.52195 0.52243 0.52265 0.51900 0.51612 0.51543 0.51378 0.51114 0.50985 0.50821 0.50523 0.50278 0.50186 0.50059 0.49728 0.49414 0.49340 0.49243 0.48908 0.48542 0.48486 0.48383 0.48007 0.47660 0.47635 0.47466 0.47041 0.46765 0.46769 0.46488 0.46068 0.45924 0.45856 0.45484 0.45099 0.45041 0.44866 0.44506 0.44095 0.44022 0.43824 0.43576 0.43516 0.42979 0.42775 0.42632 0.42426 0.41967 0.41682 0.41597 0.41353 0.40933 0.40638 0.40495 0.40288 0.39884 0.39595 0.39312 0.39202 0.38880 0.38551 0.38290 0.38114 0.37895 0.37522 0.37267 0.37012 0.36751 0.36443 0.36120 0.35881 0.35646 0.35370 0.34972 0.34760 0.34450 0.34298 0.33867 0.33645 0.33292 0.33167 0.33059 0.32507 0.32326 0.32024 0.31795 0.31399 0.31203 0.30915 0.30645 0.30326 0.30125 0.29785 0.29522 0.29227 0.29024 0.28615 0.28390 0.28319 0.27924 0.27646 0.27295 0.27134 0.26900 0.26462 0.26309 0.25918 0.25781 0.25678 0.25190 0.25022 0.24715 0.24544 0.24059 0.23939 0.23752 0.23447 0.23261 0.22855 0.22645 0.22452 0.22194 0.21823 0.21615 0.21515 0.21118 0.20816 0.20808 0.20522 0.20128 0.19797 0.19898 0.19508 0.19168 0.19222 0.18931 0.18552 0.18237 0.18335 0.17988 0.17586 0.17425 0.17441 0.17000 0.16699 0.16766 0.16572 0.16093 0.15856 0.15983 0.15730 0.15385 0.15033 0.15039 0.14977 0.14676 0.14237 0.14165 0.14298 0.14105 0.13612 0.13396 0.13511 0.13383 0.12890 0.12656 0.12766 0.12700 0.12183 0.11955 0.12100 0.12052 0.11522 0.11322 0.11390 0.11408 0.11078 0.10806 0.10866 0.10715 0.10334 0.10359 0.10474 0.10036 0.09684 0.09873 0.09896 0.09452 0.09334 0.09360 0.09210 0.09013 0.08995 0.08751 0.08709 0.08831 0.08418 0.08223 0.08459 0.08413 0.07818 0.07711 0.08186 0.08007 0.07360 0.07265 0.07796 0.07218 0.05973 0.05351 0.04800 0.03860 0.03036 0.02443 0.01764 0.00986 0.00320 0.00000 0.00000 0.00000 0.00000 0.00000 0.00000 0.00000 0.00000 0.00000 0.00000 0.00000 0.00000 0.00000 0.00000 0.00000 0.00000 0.00000 0.00000 0.00000 0.00000 0.00000 0.00000 0.00000 0.00000 0.00000
0.00000 0.00000 0.00000 0.00000 0.00000 0.00000 0.00000 0.00000 0.00000 0.00000 0.00000 0.00000 0.00000 0.00000 0.00000 0.01337 0.04029 0.06656 0.09278 0.11996 0.14704 0.17239 0.19858 0.22616 0.25232 0.26375 0.26454 0.26579 0.26398 0.26228 0.26350 0.26462 0.26273 0.26122 0.26173 0.26224 0.26145 0.26042 0.25984 0.25985 0.25986 0.25898 0.25796 0.25778 0.25808 0.25720 0.25597 0.25580 0.25614 0.25514 0.25388 0.25443 0.25369 0.25181 0.25208 0.26840 0.29645 0.32589 0.35805 0.38665 0.41336 0.44510 0.47645 0.50164 0.52909 0.54620 0.54292 0.53937 0.54370 0.54148 0.53508 0.53222 0.53655 0.53436 0.52851 0.52682 0.52908 0.52556 0.52170 0.52208 0.52149 0.51664 0.51469 0.51634 0.51375 0.50910 0.50735 0.50821 0.50570 0.50102 0.49969 0.50023 0.49716 0.49267 0.49165 0.49205 0.48838 0.48412 0.48321 0.48320 0.47957 0.47538 0.47422 0.47384 0.47066 0.46665 0.46434 0.46404 0.46185 0.45782 0.45464 0.45415 0.45285 0.44841 0.44526 0.44451 0.44288 0.43834 0.43524 0.43648 0.43311 0.42937 0.42588 0.42513 0.42277 0.41896 0.41589 0.41432 0.41235 0.40843 0.40519 0.40390 0.40152 0.39776 0.39402 0.39349 0.39000 0.38705 0.38497 0.38298 0.37966 0.37637 0.37559 0.37225 0.36830 0.36552 0.36403 0.36113 0.35710 0.35445 0.35262 0.35027 0.34591 0.34368 0.34066 0.33923 0.33690 0.33261 0.33004 0.32784 0.32583 0.32126 0.31928 0.31636 0.31409 0.31028 0.30808 0.30523 0.30291 0.30008 0.29723 0.29382 0.29193 0.28922 0.28621 0.28288 0.28092 0.27901 0.27538 0.27338 0.27023 0.26676 0.26505 0.26223 0.25938 0.25680 0.25388 0.25241 0.24834 0.24715 0.24411 0.24148 0.23891 0.23628 0.23523 0.23085 0.22843 0.22612 0.22429 0.22042 0.21751 0.21673 0.21378 0.21048 0.20767 0.20710 0.20419 0.20066 0.20117 0.19698 0.19395 0.19314 0.19144 0.18779 0.18422 0.18500 0.18218 0.17823 0.17553 0.17597 0.17264 0.16943 0.16886 0.16712 0.16273 0.16110 0.16214 0.15857 0.15492 0.15297 0.15329 0.15110 0.14792 0.14464 0.14380 0.14518 0.14308 0.13727 0.13542 0.13790 0.13608 0.12983 0.12805 0.13052 0.12923 0.12246 0.12127 0.12293 0.12267 0.11673 0.11466 0.11432 0.11665 0.11514 0.10850 0.10878 0.11066 0.10729 0.10344 0.10518 0.10422 0.09924 0.09855 0.10154 0.09840 0.09347 0.09347 0.09590 0.09482 0.08969 0.08695 0.09035 0.09165 0.08493 0.08275 0.08673 0.08664 0.07946 0.07837 0.08339 0.08189 0.07596 0.07464 0.07867 0.07781 0.07011 0.06088 0.05535 0.04825 0.03904 0.03155 0.02462 0.01735 0.01010 0.00345 0.00000 0.00000 0.00000 0.00000 0.00000 0.00000 0.00000 0.00000 0.00000 0.00000 0.00000 0.00000 0.00000 0.00000 0.00000 0.00000 0.00000 0.00000 0.00000 0.00000 0.00000 0.00000 0.00000 0.00000 0.00000
0.00000 0.00000 0.00000 0.00000 0.00000 0.00000 0.00000 0.00000 0.00000 0.00000 0.00000 0.00000 0.00000 0.00000 0.00000 0.01037 0.03096 0.05189 0.07291 0.09283 0.11323 0.13491 0.15539 0.17418 0.19511 0.20708 0.20593 0.20437 0.20527 0.20549 0.20427 0.20437 0.20502 0.20355 0.20267 0.20372 0.20401 0.20202 0.20125 0.20247 0.20267 0.20063 0.19977 0.20107 0.20118 0.19902 0.19837 0.19976 0.19891 0.19719 0.19756 0.19831 0.19714 0.19524 0.19514 0.21475 0.25049 0.28311 0.31898 0.35648 0.39091 0.42422 0.45966 0.49339 0.52669 0.54640 0.54406 0.53932 0.53685 0.53900 0.53843 0.53534 0.53026 0.53117 0.53143 0.52835 0.52345 0.52426 0.52471 0.52082 0.51679 0.51723 0.51657 0.51309 0.51136 0.50993 0.50738 0.50493 0.50405 0.50243 0.49913 0.49635 0.49575 0.49458 0.49112 0.48759 0.48714 0.48630 0.48255 0.47876 0.47848 0.47745 0.47310 0.46964 0.46983 0.46773 0.46327 0.46040 0.46097 0.45773 0.45364 0.45339 0.45155 0.44745 0.44416 0.44349 0.44148 0.43795 0.43560 0.43240 0.43103 0.42930 0.42715 0.42233 0.41998 0.41928 0.41653 0.41214 0.40940 0.40853 0.40587 0.40171 0.39909 0.39721 0.39507 0.39104 0.38879 0.38500 0.38424 0.38252 0.37838 0.37665 0.37339 0.37091 0.36761 0.36493 0.36218 0.35974 0.35673 0.35341 0.35093 0.34850 0.34630 0.34206 0.33994 0.33682 0.33542 0.33328 0.32876 0.32684 0.32396 0.32180 0.31743 0.31558 0.31272 0.31011 0.30653 0.30474 0.30170 0.29887 0.29604 0.29403 0.29046 0.28775 0.28577 0.28317 0.27952 0.27679 0.27557 0.27248 0.26892 0.26629 0.26400 0.26172 0.25848 0.25563 0.25439 0.25123 0.24936 0.24446 0.24361 0.24308 0.23840 0.23592 0.23280 0.23088 0.22802 0.22607 0.22224 0.21995 0.21868 0.21570 0.21218 0.20997 0.20925 0.20485 0.20239 0.20328 0.19933 0.19610 0.19381 0.19310 0.18976 0.18662 0.18741 0.18361 0.17985 0.17822 0.17840 0.17391 0.17074 0.17104 0.16981 0.16466 0.16215 0.16370 0.16154 0.15776 0.15390 0.15435 0.15368 0.15107 0.14602 0.14508 0.14681 0.14455 0.13914 0.13709 0.13943 0.13777 0.13230 0.12999 0.13200 0.13096 0.12530 0.12312 0.12472 0.12448 0.11882 0.11665 0.11691 0.11817 0.11548 0.11095 0.11178 0.11165 0.10786 0.10667 0.10792 0.10450 0.10057 0.10244 0.10331 0.09790 0.09564 0.09842 0.09676 0.09209 0.09343 0.09376 0.08986 0.08841 0.08969 0.08595 0.08579 0.08786 0.08358 0.08060 0.08399 0.08376 0.07766 0.07608 0.08146 0.07968 0.07365 0.07009 0.06584 0.05600 0.04610 0.04041 0.03320 0.02424 0.01698 0.01061 0.00355 0.00000 0.00000 0.00000 0.00000 0.00000 0.00000 0.00000 0.00000 0.00000 0.00000 0.00000 0.00000 0.00000 0.00000 0.00000 0.00000 0.00000 0.00000 0.00000 0.00000 0.00000 0.00000 0.00000 0.00000 0.00000
0.00000 0.00000 0.00000 0.00000 0.00000 0.00000 0.00000 0.00000 0.00000 0.00000 0.00000 0.00000 0.00000 0.00000 0.00000 0.00740 0.02209 0.03703 0.05206 0.06631 0.08084 0.09606 0.11077 0.12460 0.13966 0.14765 0.14660 0.14575 0.14671 0.14720 0.14585 0.14513 0.14575 0.14602 0.14528 0.14473 0.14461 0.14468 0.14454 0.14403 0.14351 0.14350 0.14359 0.14307 0.14245 0.14226 0.14251 0.14225 0.14135 0.14108 0.14121 0.14090 0.14027 0.14037 0.13958 0.16013 0.20224 0.24308 0.28225 0.32503 0.36705 0.40393 0.44283 0.48646 0.52600 0.54085 0.54264 0.54257 0.53718 0.53454 0.53857 0.53618 0.53026 0.52863 0.53102 0.52780 0.52333 0.52299 0.52350 0.51907 0.51631 0.51745 0.51583 0.51110 0.50894 0.51018 0.50793 0.50319 0.50131 0.50210 0.49956 0.49486 0.49352 0.49412 0.49073 0.48637 0.48553 0.48563 0.48166 0.47761 0.47708 0.47648 0.47251 0.46873 0.46773 0.46688 0.46339 0.45994 0.45672 0.45704 0.45567 0.45086 0.44837 0.44752 0.44552 0.44102 0.43806 0.43851 0.43575 0.43150 0.42778 0.42866 0.42583 0.42162 0.41896 0.41756 0.41528 0.41129 0.40845 0.40698 0.40480 0.40068 0.39754 0.39669 0.39378 0.39005 0.38651 0.38625 0.38314 0.37945 0.37920 0.37550 0.37229 0.36876 0.36755 0.36436 0.36063 0.35769 0.35623 0.35327 0.34945 0.34693 0.34485 0.34274 0.33859 0.33613 0.33359 0.33160 0.32926 0.32496 0.32281 0.32020 0.31786 0.31364 0.31157 0.30874 0.30662 0.30322 0.30065 0.29762 0.29562 0.29304 0.28998 0.28667 0.28474 0.28221 0.27914 0.27698 0.27390 0.27108 0.26851 0.26636 0.26325 0.25982 0.25768 0.25655 0.25284 0.25069 0.24690 0.24547 0.24284 0.24017 0.23839 0.23495 0.23290 0.22975 0.22829 0.22449 0.22181 0.22023 0.21808 0.21444 0.21097 0.21082 0.20840 0.20512 0.20395 0.20102 0.19871 0.19643 0.19539 0.19111 0.18848 0.18916 0.18594 0.18181 0.17961 0.18017 0.17653 0.17293 0.17230 0.17148 0.16628 0.16444 0.16589 0.16308 0.15863 0.15623 0.15732 0.15525 0.15201 0.14827 0.14805 0.14842 0.14572 0.14084 0.13930 0.14168 0.13956 0.13368 0.13178 0.13454 0.13290 0.12642 0.12497 0.12737 0.12639 0.11908 0.11860 0.11957 0.12019 0.11891 0.11212 0.11217 0.11463 0.11183 0.10668 0.10806 0.10827 0.10384 0.10219 0.10458 0.10175 0.09696 0.09790 0.10008 0.09590 0.09234 0.09359 0.09395 0.09454 0.09010 0.08658 0.08867 0.09061 0.08461 0.08218 0.08603 0.08557 0.07898 0.07863 0.08295 0.08082 0.07647 0.07582 0.07391 0.06568 0.05607 0.04834 0.04034 0.03269 0.02503 0.01790 0.01064 0.00345 0.00000 0.00000 0.00000 0.00000 0.00000 0.00000 0.00000 0.00000 0.00000 0.00000 0.00000 0.00000 0.00000 0.00000 0.00000 0.00000 0.00000 0.00000 0.00000 0.00000 0.00000 0.00000 0.00000 0.00000 0.00000
0.00000 0.00000 0.00000 0.00000 0.00000 0.00000 0.00000 0.00000 0.00000 0.00000 0.00000 0.00000 0.00000 0.00000 0.00000 0.00444 0.01339 0.02212 0.03088 0.03999 0.04888 0.05716 0.06603 0.07546 0.08392 0.08753 0.08792 0.08827 0.08771 0.08744 0.08781 0.08748 0.08704 0.08729 0.08745 0.08673 0.08642 0.08687 0.08689 0.08611 0.08579 0.08629 0.08632 0.08544 0.08512 0.08572 0.08563 0.08467 0.08462 0.08513 0.08475 0.08385 0.08395 0.08441 0.08420 0.10651 0.15347 0.20175 0.24837 0.29264 0.33938 0.38515 0.43037 0.47747 0.52299 0.54026 0.53829 0.54234 0.54083 0.53565 0.53151 0.53347 0.53404 0.52990 0.52498 0.52602 0.52663 0.52270 0.51793 0.51890 0.51907 0.51509 0.51224 0.51158 0.50974 0.50714 0.50607 0.50408 0.50099 0.49871 0.49810 0.49641 0.49291 0.48992 0.48956 0.48847 0.48470 0.48106 0.48078 0.48001 0.47565 0.47215 0.47204 0.47061 0.46582 0.46257 0.46335 0.46031 0.45609 0.45539 0.45423 0.45042 0.44673 0.44710 0.44454 0.43992 0.43773 0.43585 0.43414 0.43150 0.42915 0.42456 0.42315 0.42261 0.41934 0.41486 0.41247 0.41188 0.40882 0.40460 0.40217 0.40095 0.39803 0.39414 0.39209 0.38981 0.38717 0.38343 0.38179 0.38051 0.37642 0.37401 0.37101 0.36885 0.36542 0.36304 0.35985 0.35717 0.35420 0.35203 0.34925 0.34576 0.34333 0.34081 0.33903 0.33512 0.33239 0.32993 0.32777 0.32517 0.32111 0.31914 0.31629 0.31388 0.30983 0.30813 0.30522 0.30256 0.29928 0.29760 0.29450 0.29149 0.28924 0.28700 0.28340 0.28061 0.27916 0.27622 0.27270 0.26984 0.26834 0.26549 0.26188 0.25920 0.25779 0.25511 0.25230 0.24864 0.24767 0.24550 0.24216 0.23892 0.23706 0.23528 0.23170 0.22990 0.22635 0.22414 0.22215 0.22003 0.21612 0.21356 0.21302 0.21029 0.20639 0.20519 0.20346 0.20091 0.19781 0.19662 0.19354 0.19106 0.19073 0.18726 0.18391 0.18228 0.18219 0.17780 0.17469 0.17449 0.17367 0.16841 0.16601 0.16711 0.16547 0.16151 0.15767 0.15828 0.15759 0.15517 0.14976 0.14906 0.15029 0.14822 0.14250 0.14079 0.14340 0.14144 0.13569 0.13347 0.13631 0.13466 0.12871 0.12660 0.12920 0.12837 0.12182 0.12020 0.12197 0.12210 0.11880 0.11416 0.11483 0.11599 0.11218 0.10938 0.11113 0.10905 0.10466 0.10558 0.10698 0.10216 0.09873 0.10178 0.10142 0.09558 0.09511 0.09870 0.09428 0.08965 0.09454 0.09233 0.08770 0.08946 0.08952 0.08472 0.08454 0.08727 0.08344 0.07960 0.08332 0.08327 0.07750 0.07642 0.08135 0.07483 0.06348 0.05834 0.04999 0.03959 0.03236 0.02617 0.01849 0.01034 0.00345 0.00000 0.00000 0.00000 0.00000 0.00000 0.00000 0.00000 0.00000 0.00000 0.00000 0.00000 0.00000 0.00000 0.00000 0.00000 0.00000 0.00000 0.00000 0.00000 0.00000 0.00000 0.00000 0.00000 0.00000 0.00000
0.00000 0.00000 0.00000 0.00000 0.00000 0.00000 0.00000 0.00000 0.00000 0.00000 0.00000 0.00000 0.00000 0.00000 0.00000 0.00148 0.00446 0.00736 0.01027 0.01331 0.01627 0.01905 0.02203 0.02510 0.02788 0.02916 0.02937 0.02946 0.02916 0.02903 0.02922 0.02926 0.02905 0.02894 0.02898 0.02900 0.02894 0.02883 0.02874 0.02875 0.02876 0.02865 0.02852 0.02852 0.02855 0.02848 0.02831 0.02824 0.02829 0.02830 0.02811 0.02801 0.02798 0.02801 0.02791 0.05419 0.10634 0.15965 0.21220 0.26202 0.31257 0.36787 0.41814 0.46477 0.51681 0.54446 0.53954 0.53629 0.53935 0.53744 0.53186 0.53060 0.53285 0.52966 0.52491 0.52457 0.52543 0.52137 0.51790 0.51821 0.51787 0.51319 0.51058 0.51169 0.51009 0.50539 0.50293 0.50393 0.50196 0.49711 0.49513 0.49598 0.49332 0.48860 0.48735 0.48785 0.48420 0.47993 0.47945 0.47898 0.47473 0.47096 0.47092 0.46956 0.46507 0.46216 0.46149 0.45974 0.45638 0.45346 0.45258 0.45008 0.44791 0.44390 0.44185 0.44095 0.43797 0.43382 0.43029 0.43158 0.42927 0.42418 0.42169 0.42081 0.41811 0.41413 0.41174 0.41005 0.40777 0.40364 0.40088 0.39974 0.39729 0.39307 0.39000 0.38953 0.38643 0.38251 0.38028 0.37886 0.37604 0.37187 0.37068 0.36775 0.36442 0.36100 0.35967 0.35626 0.35305 0.35002 0.34847 0.34585 0.34193 0.33961 0.33717 0.33525 0.33175 0.32858 0.32622 0.32403 0.32147 0.31734 0.31509 0.31257 0.31043 0.30612 0.30406 0.30094 0.29936 0.29674 0.29346 0.29037 0.28852 0.28596 0.28298 0.28018 0.27769 0.27509 0.27218 0.27029 0.26697 0.26386 0.26139 0.25968 0.25671 0.25381 0.25070 0.24943 0.24699 0.24382 0.24094 0.23899 0.23697 0.23342 0.23179 0.22858 0.22619 0.22373 0.22212 0.21835 0.21537 0.21453 0.21254 0.20901 0.20557 0.20470 0.20342 0.20059 0.19855 0.19504 0.19301 0.19258 0.18956 0.18559 0.18383 0.18407 0.18037 0.17660 0.17589 0.17555 0.17053 0.16805 0.16941 0.16728 0.16136 0.15976 0.16132 0.15933 0.15608 0.15179 0.15197 0.15197 0.14939 0.14436 0.14330 0.14516 0.14290 0.13748 0.13549 0.13826 0.13644 0.13051 0.12860 0.13136 0.13009 0.12339 0.12235 0.12456 0.12378 0.11766 0.11603 0.11664 0.11819 0.11554 0.10998 0.11122 0.11245 0.10809 0.10532 0.10782 0.10603 0.10110 0.10121 0.10355 0.09947 0.09537 0.09806 0.09836 0.09352 0.09510 0.09294 0.09102 0.09315 0.09049 0.08610 0.08716 0.08949 0.08457 0.08197 0.08514 0.08449 0.07905 0.08016 0.08213 0.07858 0.07479 0.06749 0.05718 0.04806 0.04182 0.03409 0.02557 0.01789 0.01085 0.00366 0.00000 0.00000 0.00000 0.00000 0.00000 0.00000 0.00000 0.00000 0.00000 0.00000 0.00000 0.00000 0.00000 0.00000 0.00000 0.00000 0.00000 0.00000 0.00000 0.00000 0.00000 0.00000 0.00000 0.00000 0.00000
0.00000 0.00000 0.00000 0.00000 0.00000 0.00000 0.00000 0.00000 0.00000 0.00000 0.00000 0.00000 0.00000 0.00000 0.00000 0.00000 0.00000 0.00000 0.00000 0.00000 0.00000 0.00000 0.00000 0.00000 0.00000 0.00000 0.00000 0.00000 0.00000 0.00000 0.00000 0.00000 0.00000 0.00000 0.00000 0.00000 0.00000 0.00000 0.00000 0.00000 0.00000 0.00000 0.00000 0.00000 0.00000 0.00000 0.00000 0.00000 0.00000 0.00000 0.00000 0.00000 0.00000 0.00000 0.00000 0.02651 0.07928 0.13051 0.18295 0.23535 0.28675 0.33799 0.39003 0.43779 0.48792 0.51766 0.51962 0.51602 0.51602 0.52110 0.52398 0.52185 0.52010 0.52385 0.52729 0.52452 0.51959 0.52048 0.52101 0.51714 0.51262 0.51316 0.51233 0.50934 0.50768 0.50566 0.50296 0.50112 0.50048 0.49803 0.49458 0.49245 0.49208 0.49029 0.48651 0.48343 0.48329 0.48226 0.47793 0.47461 0.47443 0.47328 0.46836 0.46566 0.46578 0.46327 0.45853 0.45686 0.45694 0.45328 0.44915 0.45033 0.44741 0.44266 0.43996 0.43969 0.43735 0.43258 0.43115 0.42782 0.42636 0.42621 0.42188 0.41788 0.41554 0.41509 0.41173 0.40737 0.40517 0.40438 0.40104 0.39715 0.39522 0.39347 0.39012 0.38661 0.38524 0.38291 0.37932 0.37636 0.37457 0.37266 0.36850 0.36611 0.36323 0.36100 0.35734 0.35539 0.35187 0.34946 0.34670 0.34439 0.34232 0.33828 0.33605 0.33330 0.33155 0.32796 0.32483 0.32248 0.32009 0.31758 0.31349 0.31160 0.30855 0.30635 0.30229 0.30094 0.29764 0.29520 0.29312 0.29070 0.28735 0.28436 0.28265 0.28009 0.27643 0.27364 0.27226 0.26931 0.26575 0.26286 0.26165 0.25890 0.25534 0.25235 0.25142 0.24901 0.24553 0.24254 0.24121 0.23908 0.23536 0.23351 0.23064 0.22832 0.22556 0.22402 0.22007 0.21766 0.21687 0.21455 0.20998 0.20764 0.20749 0.20534 0.20134 0.19958 0.19770 0.19562 0.19397 0.19076 0.18789 0.18642 0.18581 0.18165 0.17870 0.17816 0.17739 0.17235 0.16997 0.17012 0.16926 0.16515 0.16165 0.16174 0.16136 0.15933 0.15361 0.15290 0.15386 0.15216 0.14608 0.14463 0.14700 0.14512 0.13919 0.13720 0.14028 0.13827 0.13236 0.13029 0.13344 0.13187 0.12544 0.12378 0.12656 0.12587 0.11927 0.11764 0.11938 0.11994 0.11569 0.11215 0.11425 0.11368 0.10851 0.10814 0.11054 0.10689 0.10231 0.10448 0.10547 0.10021 0.09720 0.10184 0.09964 0.09374 0.09633 0.09774 0.09072 0.08961 0.09417 0.09009 0.08623 0.08960 0.08864 0.08252 0.08197 0.08502 0.08178 0.07717 0.07915 0.07876 0.07578 0.07192 0.06433 0.05348 0.04709 0.04099 0.03259 0.02381 0.01740 0.01083 0.00354 0.00000 0.00000 0.00000 0.00000 0.00000 0.00000 0.00000 0.00000 0.00000 0.00000 0.00000 0.00000 0.00000 0.00000 0.00000 0.00000 0.00000 0.00000 0.00000 0.00000 0.00000 0.00000 0.00000 0.00000 0.00000
0.00000 0.00000 0.00000 0.00000 0.00000 0.00000 0.00000 0.00000 0.00000 0.00000 0.00000 0.00000 0.00000 0.00000 0.00000 0.00000 0.00000 0.00000 0.00000 0.00000 0.00000 0.00000 0.00000 0.00000 0.00000 0.00000 0.00000 0.00000 0.00000 0.00000 0.00000 0.00000 0.00000 0.00000 0.00000 0.00000 0.00000 0.00000 0.00000 0.00000 0.00000 0.00000 0.00000 0.00000 0.00000 0.00000 0.00000 0.00000 0.00000 0.00000 0.00000 0.00000 0.00000 0.00000 0.00000 0.02366 0.07078 0.11687 0.16281 0.21133 0.25702 0.30035 0.34642 0.39498 0.43714 0.46115 0.47135 0.47846 0.48128 0.48827 0.49840 0.50350 0.50662 0.51432 0.52332 0.52345 0.51944 0.51935 0.51980 0.51563 0.51225 0.51201 0.51214 0.50792 0.50466 0.50542 0.50420 0.49956 0.49682 0.49768 0.49587 0.49096 0.48891 0.48977 0.48698 0.48227 0.48119 0.48136 0.47742 0.47337 0.47336 0.47214 0.46757 0.46447 0.46478 0.46242 0.45780 0.45603 0.45588 0.45246 0.44959 0.44700 0.44561 0.44317 0.44005 0.43673 0.43488 0.43408 0.43057 0.42673 0.42460 0.42397 0.42085 0.41694 0.41524 0.41313 0.41040 0.40669 0.40417 0.40263 0.40038 0.39608 0.39338 0.39261 0.38986 0.38566 0.38273 0.38216 0.37930 0.37498 0.37296 0.37117 0.36816 0.36416 0.36276 0.35964 0.35675 0.35323 0.35189 0.34778 0.34550 0.34335 0.34070 0.33874 0.33458 0.33223 0.32953 0.32778 0.32467 0.32103 0.31852 0.31649 0.31420 0.30976 0.30758 0.30487 0.30318 0.29892 0.29678 0.29404 0.29226 0.28999 0.28662 0.28375 0.28155 0.27880 0.27610 0.27397 0.27072 0.26783 0.26521 0.26352 0.26033 0.25707 0.25449 0.25322 0.25078 0.24720 0.24439 0.24305 0.24097 0.23700 0.23511 0.23274 0.23040 0.22691 0.22586 0.22248 0.21968 0.21829 0.21648 0.21259 0.20948 0.20857 0.20742 0.20458 0.20095 0.19857 0.19766 0.19639 0.19284 0.18955 0.18815 0.18777 0.18406 0.18049 0.17971 0.17933 0.17500 0.17183 0.17228 0.17123 0.16467 0.16353 0.16587 0.16329 0.16002 0.15551 0.15574 0.15569 0.15346 0.14799 0.14714 0.14858 0.14661 0.14126 0.13926 0.14170 0.14002 0.13463 0.13214 0.13491 0.13372 0.12792 0.12586 0.12816 0.12755 0.12163 0.11982 0.12137 0.12163 0.11784 0.11361 0.11480 0.11627 0.11183 0.10832 0.11121 0.11051 0.10486 0.10370 0.10711 0.10429 0.09927 0.10135 0.10213 0.09724 0.09547 0.09805 0.09332 0.09270 0.09582 0.09152 0.08869 0.09231 0.08991 0.08336 0.08266 0.08413 0.07952 0.07594 0.07475 0.07342 0.07284 0.07059 0.06296 0.05503 0.05145 0.04431 0.03510 0.02820 0.02294 0.01639 0.00933 0.00303 0.00000 0.00000 0.00000 0.00000 0.00000 0.00000 0.00000 0.00000 0.00000 0.00000 0.00000 0.00000 0.00000 0.00000 0.00000 0.00000 0.00000 0.00000 0.00000 0.00000 0.00000 0.00000 0.00000 0.00000 0.00000
0.00000 0.00000 0.00000 0.00000 0.00000 0.00000 0.00000 0.00000 0.00000 0.00000 0.00000 0.00000 0.00000 0.00000 0.00000 0.00000 0.00000 0.00000 0.00000 0.00000 0.00000 0.00000 0.00000 0.00000 0.00000 0.00000 0.00000 0.00000 0.00000 0.00000 0.00000 0.00000 0.00000 0.00000 0.00000 0.00000 0.00000 0.00000 0.00000 0.00000 0.00000 0.00000 0.00000 0.00000 0.00000 0.00000 0.00000 0.00000 0.00000 0.00000 0.00000 0.00000 0.00000 0.00000 0.00000 0.02064 0.06204 0.10365 0.14447 0.18446 0.22589 0.26549 0.30531 0.34682 0.38730 0.40993 0.42167 0.43685 0.45017 0.45908 0.46903 0.48329 0.49729 0.50646 0.51491 0.52202 0.52299 0.51915 0.51371 0.51466 0.51507 0.51153 0.50787 0.50724 0.50521 0.50348 0.50283 0.49963 0.49631 0.49504 0.49462 0.49188 0.48815 0.48608 0.48594 0.48407 0.47990 0.47683 0.47703 0.47576 0.47082 0.46823 0.46826 0.46598 0.46105 0.45970 0.45959 0.45565 0.45173 0.45201 0.45020 0.44542 0.44234 0.44295 0.44037 0.43526 0.43320 0.43225 0.42973 0.42637 0.42425 0.42145 0.41866 0.41775 0.41458 0.41035 0.40810 0.40752 0.40410 0.39999 0.39807 0.39695 0.39321 0.38974 0.38842 0.38611 0.38233 0.37907 0.37810 0.37571 0.37150 0.36885 0.36688 0.36476 0.36050 0.35854 0.35496 0.35317 0.34983 0.34784 0.34378 0.34178 0.33996 0.33684 0.33523 0.33090 0.32859 0.32576 0.32395 0.32080 0.31728 0.31507 0.31241 0.31023 0.30605 0.30429 0.30046 0.29899 0.29666 0.29413 0.29151 0.28804 0.28659 0.28394 0.28023 0.27743 0.27600 0.27322 0.26957 0.26672 0.26548 0.26267 0.25895 0.25604 0.25516 0.25272 0.24882 0.24609 0.24517 0.24273 0.23890 0.23699 0.23496 0.23233 0.22887 0.22782 0.22397 0.22179 0.22083 0.21847 0.21385 0.21156 0.21180 0.20934 0.20359 0.20239 0.20208 0.20008 0.19762 0.19403 0.19198 0.19066 0.18949 0.18537 0.18274 0.18201 0.18101 0.17651 0.17398 0.17359 0.17296 0.16855 0.16564 0.16400 0.16514 0.16416 0.15759 0.15630 0.15752 0.15624 0.14978 0.14844 0.15051 0.14892 0.14284 0.14101 0.14378 0.14193 0.13612 0.13416 0.13721 0.13531 0.12941 0.12759 0.13052 0.12933 0.12302 0.12120 0.12388 0.12357 0.11837 0.11535 0.11788 0.11776 0.11222 0.11049 0.11374 0.11176 0.10586 0.10635 0.10914 0.10549 0.10077 0.10388 0.10400 0.09801 0.09605 0.10148 0.09775 0.09258 0.09648 0.09613 0.09002 0.09080 0.09355 0.08770 0.08248 0.08437 0.08151 0.07341 0.07077 0.07257 0.06934 0.06412 0.06081 0.05739 0.05185 0.04564 0.03796 0.03109 0.02629 0.02081 0.01427 0.00817 0.00281 0.00000 0.00000 0.00000 0.00000 0.00000 0.00000 0.00000 0.00000 0.00000 0.00000 0.00000 0.00000 0.00000 0.00000 0.00000 0.00000 0.00000 0.00000 0.00000 0.00000 0.00000 0.00000 0.00000 0.00000 0.00000
0.00000 0.00000 0.00000 0.00000 0.00000 0.00000 0.00000 0.00000 0.00000 0.00000 0.00000 0.00000 0.00000 0.00000 0.00000 0.00000 0.00000 0.00000 0.00000 0.00000 0.00000 0.00000 0.00000 0.00000 0.00000 0.00000 0.00000 0.00000 0.00000 0.00000 0.00000 0.00000 0.00000 0.00000 0.00000 0.00000 0.00000 0.00000 0.00000 0.00000 0.00000 0.00000 0.00000 0.00000 0.00000 0.00000 0.00000 0.00000 0.00000 0.00000 0.00000 0.00000 0.00000 0.00000 0.00000 0.01791 0.05354 0.08986 0.12528 0.15943 0.19456 0.23140 0.26470 0.29793 0.33444 0.36100 0.37567 0.39346 0.41414 0.43056 0.44456 0.46291 0.48276 0.49788 0.51181 0.52082 0.52160 0.51803 0.51390 0.51258 0.51405 0.51125 0.50646 0.50549 0.50627 0.50248 0.49868 0.49912 0.49816 0.49354 0.49067 0.49141 0.48959 0.48469 0.48262 0.48342 0.48036 0.47584 0.47498 0.47462 0.47029 0.46687 0.46730 0.46511 0.46038 0.45839 0.45842 0.45508 0.45118 0.44988 0.44885 0.44528 0.44230 0.43994 0.43838 0.43623 0.43257 0.42938 0.42809 0.42689 0.42280 0.41970 0.41843 0.41623 0.41259 0.40977 0.40746 0.40549 0.40311 0.39920 0.39662 0.39528 0.39310 0.38874 0.38597 0.38533 0.38248 0.37821 0.37553 0.37454 0.37172 0.36729 0.36541 0.36315 0.36041 0.35647 0.35504 0.35102 0.34912 0.34686 0.34420 0.34073 0.33797 0.33626 0.33294 0.33152 0.32746 0.32471 0.32180 0.32033 0.31779 0.31353 0.31112 0.30905 0.30704 0.30248 0.30026 0.29779 0.29606 0.29398 0.28991 0.28769 0.28535 0.28249 0.27994 0.27756 0.27458 0.27161 0.26923 0.26750 0.26397 0.26074 0.25835 0.25706 0.25424 0.25047 0.24801 0.24711 0.24482 0.24055 0.23848 0.23708 0.23447 0.23017 0.22944 0.22661 0.22390 0.22121 0.22026 0.21658 0.21360 0.21295 0.21119 0.20788 0.20411 0.20126 0.20208 0.20077 0.19575 0.19310 0.19257 0.19168 0.18750 0.18456 0.18373 0.18297 0.17903 0.17581 0.17550 0.17491 0.17055 0.16741 0.16795 0.16719 0.16426 0.15937 0.15920 0.15950 0.15778 0.15169 0.15080 0.15223 0.15056 0.14490 0.14301 0.14513 0.14381 0.13866 0.13587 0.13826 0.13727 0.13229 0.12933 0.13159 0.13124 0.12602 0.12321 0.12505 0.12534 0.12056 0.11731 0.11874 0.11977 0.11512 0.11182 0.11454 0.11451 0.10840 0.10679 0.11072 0.10911 0.10280 0.10181 0.10603 0.10260 0.09850 0.10267 0.09998 0.09522 0.09777 0.09732 0.09187 0.09320 0.09540 0.09023 0.08628 0.08714 0.08271 0.07448 0.07133 0.07114 0.06708 0.06240 0.05647 0.05420 0.05222 0.04610 0.03770 0.03236 0.02915 0.02375 0.01706 0.01206 0.00764 0.00255 0.00000 0.00000 0.00000 0.00000 0.00000 0.00000 0.00000 0.00000 0.00000 0.00000 0.00000 0.00000 0.00000 0.00000 0.00000 0.00000 0.00000 0.00000 0.00000 0.00000 0.00000 0.00000 0.00000 0.00000 0.00000
0.00000 0.00000 0.00000 0.00000 0.00000 0.00000 0.00000 0.00000 0.00000 0.00000 0.00000 0.00000 0.00000 0.00000 0.00000 0.00000 0.00000 0.00000 0.00000 0.00000 0.00000 0.00000 0.00000 0.00000 0.00000 0.00000 0.00000 0.00000 0.00000 0.00000 0.00000 0.00000 0.00000 0.00000 0.00000 0.00000 0.00000 0.00000 0.00000 0.00000 0.00000 0.00000 0.00000 0.00000 0.00000 0.00000 0.00000 0.00000 0.00000 0.00000 0.00000 0.00000 0.00000 0.00000 0.00000 0.01525 0.04550 0.07517 0.10552 0.13549 0.16471 0.19416 0.22436 0.25243 0.28075 0.30840 0.33254 0.35358 0.37516 0.39984 0.42424 0.44460 0.46437 0.48826 0.51298 0.52104 0.51586 0.51610 0.51761 0.51369 0.50805 0.50873 0.50841 0.50575 0.50442 0.50126 0.49833 0.49747 0.49709 0.49352 0.48982 0.48877 0.48851 0.48562 0.48170 0.47939 0.47967 0.47767 0.47309 0.47018 0.47079 0.46871 0.46364 0.46221 0.46207 0.45828 0.45423 0.45401 0.45289 0.44796 0.44504 0.44545 0.44300 0.43803 0.43537 0.43553 0.43298 0.42802 0.42644 0.42500 0.42188 0.41895 0.41734 0.41385 0.41109 0.41000 0.40720 0.40282 0.40070 0.40026 0.39641 0.39274 0.39101 0.38952 0.38549 0.38225 0.38144 0.37876 0.37465 0.37163 0.37053 0.36815 0.36365 0.36143 0.35884 0.35686 0.35292 0.35110 0.34644 0.34537 0.34449 0.34039 0.33796 0.33417 0.33260 0.32933 0.32781 0.32363 0.32101 0.31819 0.31638 0.31397 0.30999 0.30776 0.30489 0.30290 0.29965 0.29739 0.29410 0.29179 0.29048 0.28757 0.28388 0.28110 0.27972 0.27716 0.27334 0.27059 0.26926 0.26649 0.26281 0.25990 0.25882 0.25638 0.25238 0.24955 0.24891 0.24651 0.24250 0.24027 0.23912 0.23627 0.23239 0.23144 0.22853 0.22581 0.22345 0.22229 0.21810 0.21565 0.21619 0.21315 0.20774 0.20590 0.20712 0.20417 0.20028 0.19716 0.19603 0.19497 0.19353 0.18884 0.18673 0.18599 0.18470 0.18049 0.17805 0.17748 0.17653 0.17248 0.16961 0.16865 0.16895 0.16759 0.16155 0.15975 0.16137 0.16025 0.15365 0.15216 0.15413 0.15275 0.14638 0.14482 0.14731 0.14564 0.13997 0.13815 0.14061 0.13867 0.13353 0.13177 0.13413 0.13256 0.12722 0.12513 0.12769 0.12705 0.12153 0.11897 0.12171 0.12146 0.11578 0.11341 0.11713 0.11593 0.10952 0.10855 0.11261 0.11072 0.10455 0.10372 0.10767 0.10458 0.09960 0.10347 0.10284 0.09652 0.09681 0.10005 0.09586 0.09237 0.09610 0.09471 0.08962 0.08929 0.08683 0.07796 0.07201 0.07203 0.06723 0.05871 0.05420 0.05307 0.04920 0.04310 0.03729 0.03326 0.02949 0.02464 0.01917 0.01478 0.01094 0.00657 0.00211 0.00000 0.00000 0.00000 0.00000 0.00000 0.00000 0.00000 0.00000 0.00000 0.00000 0.00000 0.00000 0.00000 0.00000 0.00000 0.00000 0.00000 0.00000 0.00000 0.00000 0.00000 0.00000 0.00000 0.00000 0.00000
0.00000 0.00000 0.00000 0.00000 0.00000 0.00000 0.00000 0.00000 0.00000 0.00000 0.00000 0.00000 0.00000 0.00000 0.00000 0.00000 0.00000 0.00000 0.00000 0.00000 0.00000 0.00000 0.00000 0.00000 0.00000 0.00000 0.00000 0.00000 0.00000 0.00000 0.00000 0.00000 0.00000 0.00000 0.00000 0.00000 0.00000 0.00000 0.00000 0.00000 0.00000 0.00000 0.00000 0.00000 0.00000 0.00000 0.00000 0.00000 0.00000 0.00000 0.00000 0.00000 0.00000 0.00000 0.00000 0.01246 0.03723 0.06146 0.08591 0.11104 0.13478 0.15812 0.18306 0.20734 0.22936 0.25538 0.28639 0.31426 0.33997 0.36885 0.39942 0.42586 0.45050 0.47916 0.50894 0.52009 0.51552 0.51454 0.51577 0.51415 0.50827 0.50558 0.50815 0.50661 0.50057 0.49978 0.50026 0.49647 0.49260 0.49280 0.49193 0.48725 0.48434 0.48514 0.48302 0.47828 0.47612 0.47686 0.47332 0.46934 0.46899 0.46770 0.46309 0.46058 0.46102 0.45794 0.45345 0.45226 0.45149 0.44780 0.44448 0.44297 0.44141 0.43825 0.43513 0.43231 0.43113 0.42925 0.42511 0.42233 0.42103 0.41931 0.41476 0.41280 0.41034 0.40844 0.40579 0.40252 0.39966 0.39781 0.39604 0.39176 0.38917 0.38787 0.38575 0.38150 0.37856 0.37781 0.37504 0.37057 0.36818 0.36671 0.36401 0.35955 0.35788 0.35502 0.35270 0.34971 0.34749 0.34246 0.34154 0.34096 0.33660 0.33497 0.33048 0.32860 0.32517 0.32413 0.32062 0.31721 0.31431 0.31297 0.31094 0.30628 0.30394 0.30204 0.29994 0.29605 0.29323 0.29165 0.28910 0.28606 0.28340 0.28127 0.27844 0.27521 0.27321 0.27138 0.26771 0.26455 0.26242 0.26096 0.25759 0.25402 0.25174 0.25099 0.24837 0.24412 0.24181 0.24127 0.23843 0.23416 0.23293 0.23106 0.22798 0.22356 0.22399 0.22173 0.21775 0.21718 0.21488 0.21114 0.20794 0.20691 0.20604 0.20562 0.19888 0.19659 0.19696 0.19593 0.19063 0.18841 0.18792 0.18681 0.18267 0.18002 0.17935 0.17838 0.17475 0.17143 0.17094 0.17097 0.16764 0.16326 0.16234 0.16341 0.16186 0.15554 0.15434 0.15594 0.15455 0.14849 0.14673 0.14877 0.14761 0.14245 0.13971 0.14167 0.14084 0.13642 0.13336 0.13500 0.13450 0.13030 0.12677 0.12858 0.12901 0.12432 0.12079 0.12262 0.12331 0.11854 0.11520 0.11780 0.11809 0.11196 0.11041 0.11413 0.11300 0.10622 0.10559 0.10965 0.10733 0.10152 0.10369 0.10475 0.09862 0.09881 0.10160 0.09755 0.09458 0.09835 0.09617 0.09123 0.09362 0.09238 0.08190 0.07542 0.07403 0.06845 0.05972 0.05400 0.05142 0.04682 0.04087 0.03452 0.03112 0.02873 0.02452 0.01927 0.01576 0.01300 0.00920 0.00511 0.00170 0.00000 0.00000 0.00000 0.00000 0.00000 0.00000 0.00000 0.00000 0.00000 0.00000 0.00000 0.00000 0.00000 0.00000 0.00000 0.00000 0.00000 0.00000 0.00000 0.00000 0.00000 0.00000 0.00000 0.00000 0.00000
0.00000 0.00000 0.00000 0.00000 0.00000 0.00000 0.00000 0.00000 0.00000 0.00000 0.00000 0.00000 0.00000 0.00000 0.00000 0.00000 0.00000 0.00000 0.00000 0.00000 0.00000 0.00000 0.00000 0.00000 0.00000 0.00000 0.00000 0.00000 0.00000 0.00000 0.00000 0.00000 0.00000 0.00000 0.00000 0.00000 0.00000 0.00000 0.00000 0.00000 0.00000 0.00000 0.00000 0.00000 0.00000 0.00000 0.00000 0.00000 0.00000 0.00000 0.00000 0.00000 0.00000 0.00000 0.00000 0.00959 0.02882 0.04810 0.06687 0.08549 0.10481 0.12347 0.14146 0.16023 0.17933 0.20487 0.23804 0.27303 0.30795 0.33995 0.37137 0.40576 0.44082 0.47168 0.50091 0.51760 0.51914 0.51569 0.51045 0.51012 0.51141 0.50800 0.50468 0.50280 0.50086 0.49973 0.49912 0.49526 0.49171 0.49120 0.49089 0.48730 0.48345 0.48216 0.48219 0.47917 0.47514 0.47223 0.47331 0.47108 0.46616 0.46415 0.46445 0.46100 0.45669 0.45647 0.45546 0.45053 0.44759 0.44781 0.44563 0.44058 0.43790 0.43837 0.43564 0.43074 0.42851 0.42813 0.42512 0.42076 0.41990 0.41741 0.41417 0.41133 0.41035 0.40540 0.40351 0.40342 0.39966 0.39569 0.39317 0.39293 0.38876 0.38538 0.38399 0.38201 0.37799 0.37469 0.37409 0.37133 0.36691 0.36430 0.36273 0.36035 0.35599 0.35411 0.35087 0.34897 0.34645 0.34384 0.33935 0.33767 0.33668 0.33305 0.33168 0.32662 0.32491 0.32164 0.32033 0.31705 0.31354 0.31102 0.30889 0.30695 0.30336 0.30075 0.29779 0.29566 0.29377 0.29096 0.28728 0.28472 0.28335 0.28097 0.27697 0.27431 0.27294 0.27040 0.26677 0.26381 0.26242 0.26007 0.25632 0.25328 0.25241 0.25028 0.24633 0.24334 0.24284 0.24022 0.23652 0.23449 0.23302 0.22985 0.22653 0.22604 0.22254 0.21968 0.21966 0.21694 0.21265 0.20992 0.21075 0.20799 0.20304 0.20059 0.20065 0.19914 0.19703 0.19205 0.19037 0.19016 0.18871 0.18409 0.18223 0.18144 0.17990 0.17636 0.17370 0.17286 0.17266 0.16974 0.16549 0.16399 0.16537 0.16384 0.15760 0.15605 0.15792 0.15647 0.15015 0.14868 0.15089 0.14929 0.14377 0.14214 0.14400 0.14208 0.13758 0.13617 0.13755 0.13547 0.13136 0.12956 0.13131 0.13026 0.12536 0.12293 0.12543 0.12506 0.11952 0.11708 0.12042 0.11961 0.11329 0.11138 0.11617 0.11488 0.10814 0.10699 0.11103 0.10963 0.10370 0.10345 0.10662 0.10273 0.09872 0.10267 0.10161 0.09596 0.09792 0.09958 0.09458 0.09274 0.09617 0.09068 0.08066 0.07681 0.07195 0.06198 0.05498 0.05257 0.04597 0.03734 0.03165 0.02871 0.02575 0.02172 0.01819 0.01578 0.01318 0.00997 0.00681 0.00414 0.00143 0.00000 0.00000 0.00000 0.00000 0.00000 0.00000 0.00000 0.00000 0.00000 0.00000 0.00000 0.00000 0.00000 0.00000 0.00000 0.00000 0.00000 0.00000 0.00000 0.00000 0.00000 0.00000 0.00000 0.00000 0.00000
0.00000 0.00000 0.00000 0.00000 0.00000 0.00000 0.00000 0.00000 0.00000 0.00000 0.00000 0.00000 0.00000 0.00000 0.00000 0.00000 0.00000 0.00000 0.00000 0.00000 0.00000 0.00000 0.00000 0.00000 0.00000 0.00000 0.00000 0.00000 0.00000 0.00000 0.00000 0.00000 0.00000 0.00000 0.00000 0.00000 0.00000 0.00000 0.00000 0.00000 0.00000 0.00000 0.00000 0.00000 0.00000 0.00000 0.00000 0.00000 0.00000 0.00000 0.00000 0.00000 0.00000 0.00000 0.00000 0.00684 0.02052 0.03433 0.04778 0.06095 0.07464 0.08826 0.10093 0.11393 0.12801 0.15419 0.19243 0.23194 0.27290 0.31084 0.34694 0.38621 0.42657 0.46313 0.49758 0.51636 0.51740 0.51530 0.51007 0.50799 0.50978 0.50927 0.50248 0.50039 0.50214 0.49979 0.49453 0.49386 0.49407 0.49002 0.48632 0.48659 0.48541 0.48075 0.47768 0.47878 0.47609 0.47174 0.46920 0.47009 0.46611 0.46281 0.46354 0.46072 0.45611 0.45422 0.45408 0.45074 0.44678 0.44542 0.44412 0.44069 0.43760 0.43530 0.43399 0.43136 0.42789 0.42481 0.42379 0.42218 0.41761 0.41568 0.41326 0.41146 0.40791 0.40582 0.40192 0.40059 0.39924 0.39518 0.39223 0.38972 0.38883 0.38482 0.38165 0.38062 0.37828 0.37406 0.37118 0.37021 0.36746 0.36287 0.36083 0.35883 0.35625 0.35236 0.35048 0.34723 0.34507 0.34330 0.34021 0.33563 0.33401 0.33351 0.32907 0.32811 0.32295 0.32109 0.31701 0.31658 0.31483 0.30985 0.30763 0.30584 0.30392 0.29950 0.29686 0.29535 0.29297 0.28936 0.28660 0.28502 0.28222 0.27874 0.27690 0.27509 0.27153 0.26827 0.26650 0.26482 0.26113 0.25783 0.25577 0.25467 0.25159 0.24783 0.24532 0.24507 0.24218 0.23817 0.23606 0.23530 0.23168 0.22822 0.22785 0.22543 0.22176 0.21940 0.21862 0.21542 0.21204 0.21116 0.20967 0.20654 0.20259 0.20122 0.20099 0.19964 0.19378 0.19188 0.19220 0.19086 0.18584 0.18429 0.18350 0.18188 0.17849 0.17591 0.17486 0.17414 0.17130 0.16726 0.16623 0.16737 0.16507 0.15950 0.15798 0.15971 0.15836 0.15230 0.15049 0.15236 0.15130 0.14615 0.14356 0.14516 0.14438 0.14033 0.13758 0.13843 0.13767 0.13435 0.13117 0.13210 0.13217 0.12834 0.12429 0.12623 0.12700 0.12227 0.11874 0.12128 0.12138 0.11596 0.11384 0.11724 0.11628 0.10966 0.11030 0.11309 0.11071 0.10504 0.10629 0.10849 0.10408 0.10073 0.10421 0.10345 0.09759 0.10059 0.10105 0.09580 0.09502 0.09858 0.09483 0.08747 0.08323 0.07721 0.06564 0.05783 0.05375 0.04694 0.03775 0.03062 0.02528 0.02099 0.01819 0.01527 0.01346 0.01179 0.00946 0.00691 0.00499 0.00315 0.00103 0.00000 0.00000 0.00000 0.00000 0.00000 0.00000 0.00000 0.00000 0.00000 0.00000 0.00000 0.00000 0.00000 0.00000 0.00000 0.00000 0.00000 0.00000 0.00000 0.00000 0.00000 0.00000 0.00000 0.00000 0.00000
0.00000 0.00000 0.00000 0.00000 0.00000 0.00000 0.00000 0.00000 0.00000 0.00000 0.00000 0.00000 0.00000 0.00000 0.00000 0.00000 0.00000 0.00000 0.00000 0.00000 0.00000 0.00000 0.00000 0.00000 0.00000 0.00000 0.00000 0.00000 0.00000 0.00000 0.00000 0.00000 0.00000 0.00000 0.00000 0.00000 0.00000 0.00000 0.00000 0.00000 0.00000 0.00000 0.00000 0.00000 0.00000 0.00000 0.00000 0.00000 0.00000 0.00000 0.00000 0.00000 0.00000 0.00000 0.00000 0.00413 0.01231 0.02041 0.02863 0.03679 0.04457 0.05251 0.06078 0.06856 0.07601 0.10272 0.14830 0.19228 0.23560 0.28062 0.32593 0.36793 0.40902 0.45312 0.49850 0.51726 0.51223 0.51159 0.51301 0.51009 0.50558 0.50415 0.50383 0.50199 0.50006 0.49692 0.49400 0.49337 0.49288 0.48920 0.48529 0.48460 0.48451 0.48085 0.47704 0.47530 0.47572 0.47246 0.46843 0.46478 0.46681 0.46394 0.45926 0.45912 0.45781 0.45310 0.44993 0.45034 0.44838 0.44307 0.44053 0.44098 0.43820 0.43336 0.43067 0.43109 0.42808 0.42346 0.42219 0.42068 0.41723 0.41329 0.41334 0.40921 0.40657 0.40555 0.40304 0.39797 0.39578 0.39645 0.39208 0.38852 0.38500 0.38533 0.38168 0.37775 0.37735 0.37453 0.37039 0.36734 0.36647 0.36371 0.35922 0.35708 0.35500 0.35246 0.34891 0.34703 0.34354 0.34122 0.33973 0.33676 0.33373 0.33009 0.32921 0.32563 0.32436 0.31923 0.31724 0.31332 0.31271 0.31144 0.30658 0.30417 0.30163 0.29978 0.29717 0.29427 0.29094 0.28850 0.28693 0.28456 0.28054 0.27784 0.27651 0.27427 0.27054 0.26759 0.26604 0.26383 0.26038 0.25719 0.25580 0.25393 0.25032 0.24688 0.24621 0.24421 0.24064 0.23689 0.23674 0.23427 0.23072 0.22937 0.22696 0.22366 0.22160 0.22078 0.21693 0.21398 0.21355 0.21172 0.20727 0.20457 0.20490 0.20298 0.19925 0.19548 0.19425 0.19435 0.19229 0.18725 0.18646 0.18561 0.18338 0.17997 0.17843 0.17700 0.17522 0.17295 0.16952 0.16841 0.16949 0.16677 0.16169 0.16019 0.16181 0.15998 0.15410 0.15267 0.15451 0.15284 0.14760 0.14605 0.14743 0.14552 0.14158 0.14050 0.14087 0.13839 0.13549 0.13439 0.13474 0.13274 0.12937 0.12723 0.12897 0.12860 0.12335 0.12112 0.12390 0.12329 0.11718 0.11551 0.11943 0.11813 0.11161 0.11133 0.11472 0.11340 0.10762 0.10713 0.10956 0.10772 0.10297 0.10454 0.10575 0.10077 0.09909 0.10296 0.09984 0.09550 0.09940 0.09875 0.09351 0.08933 0.08424 0.07354 0.06262 0.05701 0.04980 0.03940 0.03117 0.02551 0.01738 0.01199 0.01061 0.00982 0.00854 0.00685 0.00545 0.00439 0.00319 0.00184 0.00059 0.00000 0.00000 0.00000 0.00000 0.00000 0.00000 0.00000 0.00000 0.00000 0.00000 0.00000 0.00000 0.00000 0.00000 0.00000 0.00000 0.00000 0.00000 0.00000 0.00000 0.00000 0.00000 0.00000 0.00000 0.00000
0.00000 0.00000 0.00000 0.00000 0.00000 0.00000 0.00000 0.00000 0.00000 0.00000 0.00000 0.00000 0.00000 0.00000 0.00000 0.00000 0.00000 0.00000 0.00000 0.00000 0.00000 0.00000 0.00000 0.00000 0.00000 0.00000 0.00000 0.00000 0.00000 0.00000 0.00000 0.00000 0.00000 0.00000 0.00000 0.00000 0.00000 0.00000 0.00000 0.00000 0.00000 0.00000 0.00000 0.00000 0.00000 0.00000 0.00000 0.00000 0.00000 0.00000 0.00000 0.00000 0.00000 0.00000 0.00000 0.00138 0.00410 0.00678 0.00952 0.01225 0.01485 0.01746 0.02023 0.02285 0.02529 0.05183 0.10279 0.15253 0.20084 0.25077 0.30155 0.34937 0.39502 0.44426 0.49441 0.51654 0.51157 0.51017 0.51130 0.51017 0.50446 0.50193 0.50369 0.50256 0.49641 0.49483 0.49605 0.49298 0.48827 0.48781 0.48763 0.48340 0.47977 0.48038 0.47861 0.47416 0.47061 0.47221 0.46932 0.46509 0.46407 0.46325 0.45945 0.45621 0.45675 0.45372 0.44934 0.44741 0.44669 0.44362 0.44003 0.43787 0.43671 0.43375 0.43050 0.42747 0.42670 0.42456 0.42054 0.41828 0.41635 0.41450 0.41026 0.40896 0.40494 0.40355 0.40274 0.39862 0.39475 0.39250 0.39200 0.38830 0.38466 0.38116 0.38136 0.37821 0.37411 0.37348 0.37082 0.36638 0.36397 0.36259 0.35977 0.35541 0.35355 0.35125 0.34854 0.34588 0.34344 0.33995 0.33760 0.33621 0.33305 0.33091 0.32645 0.32530 0.32157 0.32009 0.31600 0.31346 0.31138 0.30905 0.30794 0.30304 0.30071 0.29904 0.29693 0.29291 0.28999 0.28874 0.28603 0.28230 0.28019 0.27868 0.27534 0.27183 0.27032 0.26860 0.26481 0.26158 0.25989 0.25838 0.25491 0.25156 0.24933 0.24865 0.24556 0.24198 0.23917 0.23909 0.23516 0.23231 0.23197 0.22937 0.22528 0.22268 0.22266 0.21957 0.21602 0.21422 0.21332 0.20966 0.20678 0.20589 0.20457 0.20149 0.19749 0.19633 0.19619 0.19383 0.18895 0.18832 0.18777 0.18550 0.18164 0.18080 0.17913 0.17668 0.17488 0.17217 0.17048 0.17123 0.16818 0.16379 0.16214 0.16339 0.16177 0.15638 0.15443 0.15591 0.15488 0.14993 0.14743 0.14863 0.14787 0.14416 0.14167 0.14183 0.14085 0.13836 0.13595 0.13552 0.13477 0.13237 0.12886 0.12974 0.13076 0.12626 0.12251 0.12473 0.12502 0.11988 0.11720 0.12059 0.11933 0.11362 0.11475 0.11641 0.11343 0.10854 0.11082 0.11177 0.10802 0.10449 0.10696 0.10731 0.10204 0.10093 0.10439 0.10145 0.09737 0.10223 0.10000 0.09449 0.09585 0.09388 0.08083 0.06914 0.06270 0.05455 0.04270 0.03354 0.02648 0.01774 0.00843 0.00404 0.00377 0.00333 0.00278 0.00227 0.00190 0.00151 0.00106 0.00060 0.00021 0.00000 0.00000 0.00000 0.00000 0.00000 0.00000 0.00000 0.00000 0.00000 0.00000 0.00000 0.00000 0.00000 0.00000 0.00000 0.00000 0.00000 0.00000 0.00000 0.00000 0.00000 0.00000 0.00000 0.00000 0.00000
0.00000 0.00000 0.00000 0.00000 0.00000 0.00000 0.00000 0.00000 0.00000 0.00000 0.00000 0.00000 0.00000 0.00000 0.00000 0.00000 0.00000 0.00000 0.00000 0.00000 0.00000 0.00000 0.00000 0.00000 0.00000 0.00000 0.00000 0.00000 0.00000 0.00000 0.00000 0.00000 0.00000 0.00000 0.00000 0.00000 0.00000 0.00000 0.00000 0.00000 0.00000 0.00000 0.00000 0.00000 0.00000 0.00140 0.00421 0.00697 0.00970 0.01250 0.01528 0.01797 0.02064 0.02341 0.02605 0.02733 0.02732 0.02731 0.02707 0.02699 0.02707 0.02698 0.02674 0.02672 0.02678 0.05185 0.10164 0.15202 0.20243 0.25042 0.29825 0.34806 0.39818 0.44420 0.48940 0.51342 0.51471 0.51164 0.50688 0.50550 0.50641 0.50416 0.50069 0.49827 0.49675 0.49547 0.49424 0.49113 0.48749 0.48667 0.48652 0.48297 0.47891 0.47785 0.47800 0.47405 0.47044 0.46894 0.46911 0.46561 0.46161 0.46231 0.46009 0.45555 0.45240 0.45299 0.45086 0.44554 0.44300 0.44353 0.44100 0.43587 0.43319 0.43383 0.43070 0.42615 0.42421 0.42377 0.42021 0.41614 0.41602 0.41305 0.40963 0.40600 0.40625 0.40110 0.39891 0.39976 0.39556 0.39154 0.38780 0.38869 0.38548 0.38088 0.37868 0.37768 0.37433 0.37017 0.37001 0.36706 0.36266 0.36028 0.35887 0.35588 0.35189 0.35011 0.34758 0.34468 0.34235 0.34024 0.33687 0.33370 0.33261 0.32968 0.32756 0.32270 0.32100 0.31822 0.31653 0.31446 0.30972 0.30737 0.30474 0.30407 0.30075 0.29756 0.29455 0.29255 0.29066 0.28795 0.28418 0.28142 0.28013 0.27799 0.27408 0.27112 0.26968 0.26763 0.26418 0.26100 0.25936 0.25757 0.25428 0.25082 0.24954 0.24794 0.24461 0.24060 0.24012 0.23848 0.23483 0.23020 0.23077 0.22814 0.22498 0.22457 0.22116 0.21780 0.21608 0.21557 0.21138 0.20882 0.20832 0.20658 0.20224 0.19956 0.19927 0.19815 0.19419 0.19060 0.18994 0.18987 0.18725 0.18305 0.18395 0.18130 0.17743 0.17633 0.17459 0.17280 0.17219 0.16967 0.16640 0.16454 0.16556 0.16321 0.15831 0.15682 0.15808 0.15633 0.15146 0.14985 0.15089 0.14917 0.14551 0.14449 0.14416 0.14150 0.13967 0.13923 0.13796 0.13496 0.13357 0.13251 0.13230 0.13095 0.12739 0.12528 0.12728 0.12712 0.12116 0.11944 0.12285 0.12148 0.11526 0.11536 0.11821 0.11614 0.11092 0.11246 0.11299 0.11119 0.10762 0.10743 0.10824 0.10535 0.10234 0.10401 0.10254 0.09683 0.10034 0.09970 0.09361 0.09174 0.09517 0.08857 0.07494 0.06671 0.05993 0.04887 0.03821 0.03104 0.02233 0.01256 0.00411 0.00000 0.00000 0.00000 0.00000 0.00000 0.00000 0.00000 0.00000 0.00000 0.00000 0.00000 0.00000 0.00000 0.00000 0.00000 0.00000 0.00000 0.00000 0.00000 0.00000 0.00000 0.00000 0.00000 0.00000 0.00000 0.00000 0.00000 0.00000 0.00000 0.00000 0.00000 0.00000 0.00000 0.00000 0.00000
0.00000 0.00000 0.00000 0.00000 0.00000 0.00000 0.00000 0.00000 0.00000 0.00000 0.00000 0.00000 0.00000 0.00000 0.00000 0.00000 0.00000 0.00000 0.00000 0.00000 0.00000 0.00000 0.00000 0.00000 0.00000 0.00000 0.00000 0.00000 0.00000 0.00000 0.00000 0.00000 0.00000 0.00000 0.00000 0.00000 0.00000 0.00000 0.00000 0.00000 0.00000 0.00000 0.00000 0.00000 0.00000 0.00420 0.01249 0.02083 0.02929 0.03754 0.04556 0.05354 0.06202 0.07034 0.07804 0.08146 0.08183 0.08187 0.08120 0.08072 0.08102 0.08085 0.08012 0.07993 0.08025 0.10239 0.14613 0.19093 0.23655 0.27945 0.32050 0.36517 0.41023 0.45183 0.49057 0.51220 0.51300 0.51123 0.50607 0.50398 0.50504 0.50424 0.49847 0.49613 0.49771 0.49578 0.49006 0.48893 0.48979 0.48628 0.48184 0.48167 0.48096 0.47677 0.47306 0.47391 0.47187 0.46749 0.46446 0.46543 0.46296 0.45832 0.45865 0.45643 0.45222 0.44937 0.44916 0.44669 0.44257 0.44006 0.43928 0.43657 0.43301 0.43002 0.42951 0.42697 0.42320 0.42056 0.41953 0.41741 0.41305 0.41187 0.40895 0.40660 0.40338 0.40184 0.39793 0.39559 0.39552 0.39160 0.38783 0.38422 0.38438 0.38303 0.37681 0.37553 0.37397 0.37021 0.36680 0.36610 0.36333 0.35875 0.35692 0.35507 0.35204 0.34864 0.34651 0.34389 0.34104 0.33931 0.33663 0.33309 0.33017 0.32906 0.32589 0.32333 0.31896 0.31756 0.31495 0.31202 0.31008 0.30628 0.30461 0.30151 0.30079 0.29686 0.29361 0.29251 0.28998 0.28607 0.28337 0.28227 0.27915 0.27541 0.27381 0.27224 0.26855 0.26517 0.26380 0.26211 0.25838 0.25525 0.25352 0.25221 0.24896 0.24567 0.24321 0.24265 0.23918 0.23613 0.23449 0.23319 0.22849 0.22646 0.22723 0.22364 0.21941 0.21715 0.21726 0.21385 0.21108 0.20922 0.20801 0.20418 0.20191 0.20152 0.19961 0.19584 0.19265 0.19276 0.19175 0.18779 0.18454 0.18627 0.18362 0.17961 0.17796 0.17785 0.17495 0.17118 0.17141 0.16939 0.16659 0.16650 0.16485 0.16086 0.15866 0.15932 0.15834 0.15389 0.15134 0.15207 0.15154 0.14794 0.14520 0.14511 0.14429 0.14243 0.14051 0.13877 0.13733 0.13653 0.13461 0.13303 0.13248 0.13039 0.12671 0.12809 0.12902 0.12401 0.12087 0.12384 0.12326 0.11756 0.11788 0.11987 0.11520 0.11213 0.11618 0.11531 0.11026 0.10860 0.11061 0.11023 0.10638 0.10384 0.10477 0.10156 0.09562 0.09736 0.09575 0.08830 0.08729 0.08866 0.08492 0.07617 0.06962 0.06282 0.05221 0.04265 0.03614 0.02841 0.01898 0.01130 0.00396 0.00000 0.00000 0.00000 0.00000 0.00000 0.00000 0.00000 0.00000 0.00000 0.00000 0.00000 0.00000 0.00000 0.00000 0.00000 0.00000 0.00000 0.00000 0.00000 0.00000 0.00000 0.00000 0.00000 0.00000 0.00000 0.00000 0.00000 0.00000 0.00000 0.00000 0.00000 0.00000 0.00000 0.00000 0.00000
0.00000 0.00000 0.00000 0.00000 0.00000 0.00000 0.00000 0.00000 0.00000 0.00000 0.00000 0.00000 0.00000 0.00000 0.00000 0.00000 0.00000 0.00000 0.00000 0.00000 0.00000 0.00000 0.00000 0.00000 0.00000 0.00000 0.00000 0.00000 0.00000 0.00000 0.00000 0.00000 0.00000 0.00000 0.00000 0.00000 0.00000 0.00000 0.00000 0.00000 0.00000 0.00000 0.00000 0.00000 0.00000 0.00699 0.02082 0.03468 0.04871 0.06244 0.07576 0.08943 0.10311 0.11662 0.12995 0.13656 0.13563 0.13544 0.13565 0.13523 0.13397 0.13382 0.13425 0.13334 0.13234 0.15250 0.19235 0.22980 0.26779 0.30788 0.34699 0.38210 0.41875 0.45784 0.49708 0.51214 0.50824 0.50735 0.50860 0.50580 0.50155 0.49934 0.49966 0.49765 0.49516 0.49293 0.49014 0.48850 0.48808 0.48536 0.48109 0.47979 0.48005 0.47654 0.47239 0.47132 0.47131 0.46713 0.46363 0.46376 0.46232 0.45781 0.45477 0.45568 0.45316 0.44801 0.44546 0.44607 0.44363 0.43837 0.43579 0.43642 0.43345 0.42874 0.42633 0.42664 0.42308 0.41893 0.41841 0.41645 0.41258 0.40873 0.40923 0.40545 0.40203 0.40005 0.39869 0.39452 0.39119 0.39189 0.38831 0.38404 0.38047 0.38086 0.37840 0.37274 0.37252 0.37041 0.36618 0.36329 0.36256 0.35936 0.35512 0.35340 0.35144 0.34806 0.34504 0.34345 0.34045 0.33714 0.33552 0.33341 0.33032 0.32636 0.32475 0.32242 0.32003 0.31568 0.31325 0.31101 0.30861 0.30755 0.30363 0.30050 0.29724 0.29681 0.29467 0.29125 0.28783 0.28529 0.28393 0.28154 0.27761 0.27457 0.27339 0.27137 0.26771 0.26458 0.26305 0.26121 0.25798 0.25468 0.25304 0.25160 0.24842 0.24476 0.24348 0.24219 0.23877 0.23469 0.23428 0.23351 0.22886 0.22725 0.22523 0.22161 0.21910 0.21905 0.21581 0.21303 0.21005 0.21019 0.20637 0.20417 0.20389 0.20151 0.19730 0.19482 0.19529 0.19364 0.18875 0.18605 0.18862 0.18577 0.18095 0.17928 0.18013 0.17732 0.17248 0.17276 0.17189 0.16908 0.16808 0.16616 0.16292 0.16119 0.16139 0.15967 0.15550 0.15379 0.15432 0.15287 0.14935 0.14787 0.14741 0.14499 0.14380 0.14354 0.14107 0.13772 0.13796 0.13810 0.13535 0.13129 0.13176 0.13102 0.13043 0.13042 0.12529 0.12333 0.12616 0.12565 0.11920 0.11896 0.12179 0.11839 0.11424 0.11716 0.11668 0.11365 0.11140 0.11141 0.11119 0.10992 0.10803 0.10615 0.10251 0.09730 0.09626 0.09436 0.08626 0.08294 0.08407 0.08055 0.07347 0.06864 0.06394 0.05541 0.04532 0.03887 0.03290 0.02451 0.01689 0.01065 0.00354 0.00000 0.00000 0.00000 0.00000 0.00000 0.00000 0.00000 0.00000 0.00000 0.00000 0.00000 0.00000 0.00000 0.00000 0.00000 0.00000 0.00000 0.00000 0.00000 0.00000 0.00000 0.00000 0.00000 0.00000 0.00000 0.00000 0.00000 0.00000 0.00000 0.00000 0.00000 0.00000 0.00000 0.00000 0.00000
0.00000 0.00000 0.00000 0.00000 0.00000 0.00000 0.00000 0.00000 0.00000 0.00000 0.00000 0.00000 0.00000 0.00000 0.00000 0.00000 0.00000 0.00000 0.00000 0.00000 0.00000 0.00000 0.00000 0.00000 0.00000 0.00000 0.00000 0.00000 0.00000 0.00000 0.00000 0.00000 0.00000 0.00000 0.00000 0.00000 0.00000 0.00000 0.00000 0.00000 0.00000 0.00000 0.00000 0.00000 0.00000 0.00973 0.02938 0.04874 0.06757 0.08672 0.10648 0.12568 0.14378 0.16182 0.18195 0.19155 0.18973 0.18842 0.18944 0.18920 0.18750 0.18680 0.18738 0.18668 0.18504 0.20200 0.23724 0.26966 0.30090 0.33505 0.37016 0.40104 0.42980 0.46402 0.49838 0.51242 0.50658 0.50613 0.50673 0.50564 0.50065 0.49785 0.49883 0.49803 0.49165 0.49021 0.49199 0.48914 0.48377 0.48285 0.48322 0.47963 0.47535 0.47521 0.47423 0.47015 0.46651 0.46708 0.46523 0.46062 0.45931 0.45861 0.45529 0.45145 0.45120 0.44956 0.44536 0.44223 0.44169 0.43957 0.43563 0.43241 0.43212 0.42966 0.42578 0.42281 0.42252 0.42011 0.41578 0.41446 0.41247 0.40962 0.40544 0.40482 0.40208 0.39871 0.39670 0.39450 0.39151 0.38762 0.38732 0.38479 0.37976 0.37722 0.37676 0.37433 0.36871 0.36888 0.36700 0.36210 0.36038 0.35876 0.35561 0.35159 0.34987 0.34763 0.34445 0.34221 0.33977 0.33654 0.33369 0.33239 0.32963 0.32609 0.32270 0.32155 0.31886 0.31548 0.31187 0.31023 0.30828 0.30362 0.30351 0.30138 0.29739 0.29580 0.29395 0.29019 0.28675 0.28596 0.28303 0.27914 0.27700 0.27584 0.27233 0.26872 0.26745 0.26581 0.26192 0.25878 0.25749 0.25589 0.25234 0.24923 0.24749 0.24622 0.24308 0.23979 0.23778 0.23686 0.23303 0.23020 0.23059 0.22765 0.22307 0.22065 0.22111 0.21824 0.21462 0.21152 0.21163 0.20798 0.20672 0.20633 0.20273 0.19883 0.19730 0.19753 0.19496 0.19083 0.18811 0.19003 0.18777 0.18289 0.18058 0.18230 0.17966 0.17468 0.17438 0.17436 0.17119 0.16876 0.16778 0.16558 0.16320 0.16246 0.16145 0.15803 0.15547 0.15554 0.15523 0.15167 0.14852 0.14846 0.14820 0.14635 0.14433 0.14177 0.14055 0.14090 0.13965 0.13601 0.13354 0.13475 0.13403 0.13108 0.13108 0.12834 0.12569 0.12705 0.12749 0.12185 0.11995 0.12305 0.12111 0.11579 0.11952 0.11875 0.11260 0.11227 0.11481 0.11382 0.11042 0.10919 0.10990 0.10683 0.10012 0.09692 0.09401 0.08686 0.08232 0.08072 0.07610 0.06899 0.06629 0.06272 0.05487 0.04641 0.04084 0.03523 0.02767 0.02103 0.01566 0.00931 0.00292 0.00000 0.00000 0.00000 0.00000 0.00000 0.00000 0.00000 0.00000 0.00000 0.00000 0.00000 0.00000 0.00000 0.00000 0.00000 0.00000 0.00000 0.00000 0.00000 0.00000 0.00000 0.00000 0.00000 0.00000 0.00000 0.00000 0.00000 0.00000 0.00000 0.00000 0.00000 0.00000 0.00000 0.00000 0.00000
0.00000 0.00000 0.00000 0.00000 0.00000 0.00000 0.00000 0.00000 0.00000 0.00000 0.00000 0.00000 0.00000 0.00000 0.00000 0.00000 0.00000 0.00000 0.00000 0.00000 0.00000 0.00000 0.00000 0.00000 0.00000 0.00000 0.00000 0.00000 0.00000 0.00000 0.00000 0.00000 0.00000 0.00000 0.00000 0.00000 0.00000 0.00000 0.00000 0.00000 0.00000 0.00000 0.00000 0.00000 0.00000 0.01248 0.03761 0.06267 0.08693 0.11133 0.13640 0.16115 0.18490 0.20877 0.23250 0.24474 0.24465 0.24361 0.24153 0.24152 0.24222 0.24066 0.23873 0.23917 0.23940 0.25142 0.27902 0.30961 0.33746 0.36180 0.38903 0.41924 0.44686 0.46965 0.49576 0.51020 0.51059 0.50611 0.50269 0.50080 0.50230 0.49987 0.49601 0.49391 0.49304 0.48990 0.48924 0.48804 0.48368 0.48150 0.48169 0.47935 0.47467 0.47295 0.47333 0.47002 0.46569 0.46503 0.46434 0.46030 0.45678 0.45753 0.45538 0.45065 0.44795 0.44849 0.44602 0.44098 0.43835 0.43893 0.43619 0.43131 0.42873 0.42931 0.42592 0.42162 0.42050 0.41944 0.41545 0.41169 0.41197 0.40912 0.40507 0.40149 0.40166 0.39839 0.39437 0.39323 0.39102 0.38728 0.38359 0.38381 0.38106 0.37576 0.37416 0.37369 0.36969 0.36474 0.36556 0.36303 0.35842 0.35697 0.35520 0.35147 0.34795 0.34667 0.34408 0.34046 0.33831 0.33674 0.33339 0.32981 0.32828 0.32624 0.32322 0.31904 0.31714 0.31489 0.31254 0.30938 0.30622 0.30366 0.30056 0.30081 0.29906 0.29426 0.29139 0.28946 0.28791 0.28491 0.28125 0.27819 0.27722 0.27505 0.27114 0.26802 0.26683 0.26478 0.26144 0.25834 0.25674 0.25506 0.25202 0.24873 0.24701 0.24583 0.24256 0.23900 0.23768 0.23657 0.23277 0.22971 0.22898 0.22626 0.22286 0.22142 0.22021 0.21653 0.21302 0.21380 0.21093 0.20928 0.20618 0.20459 0.20155 0.19963 0.19966 0.19680 0.19265 0.19020 0.19179 0.18961 0.18470 0.18206 0.18436 0.18185 0.17665 0.17565 0.17625 0.17368 0.16988 0.16899 0.16785 0.16579 0.16417 0.16261 0.15985 0.15805 0.15765 0.15641 0.15315 0.15114 0.15077 0.14930 0.14771 0.14729 0.14407 0.14078 0.14236 0.14241 0.13818 0.13453 0.13638 0.13668 0.13320 0.12870 0.12989 0.12839 0.12916 0.12868 0.12334 0.12190 0.12503 0.12352 0.11773 0.11868 0.12054 0.11661 0.11458 0.11473 0.11499 0.11413 0.11231 0.10997 0.10940 0.10696 0.10148 0.09550 0.08782 0.08270 0.07998 0.07504 0.06611 0.06179 0.05935 0.05360 0.04522 0.03986 0.03597 0.03007 0.02321 0.01841 0.01344 0.00765 0.00251 0.00000 0.00000 0.00000 0.00000 0.00000 0.00000 0.00000 0.00000 0.00000 0.00000 0.00000 0.00000 0.00000 0.00000 0.00000 0.00000 0.00000 0.00000 0.00000 0.00000 0.00000 0.00000 0.00000 0.00000 0.00000 0.00000 0.00000 0.00000 0.00000 0.00000 0.00000 0.00000 0.00000 0.00000 0.00000
0.00000 0.00000 0.00000 0.00000 0.00000 0.00000 0.00000 0.00000 0.00000 0.00000 0.00000 0.00000 0.00000 0.00000 0.00000 0.00000 0.00000 0.00000 0.00000 0.00000 0.00000 0.00000 0.00000 0.00000 0.00000 0.00000 0.00000 0.00000 0.00000 0.00000 0.00000 0.00000 0.00000 0.00000 0.00000 0.00000 0.00000 0.00000 0.00000 0.00000 0.00000 0.00000 0.00000 0.00000 0.00000 0.01536 0.04560 0.07585 0.10673 0.13686 0.16587 0.19517 0.22624 0.25633 0.28358 0.29647 0.29846 0.29828 0.29533 0.29364 0.29463 0.29431 0.29203 0.29101 0.29141 0.30211 0.32356 0.34646 0.37122 0.39167 0.41164 0.43466 0.45941 0.47898 0.49640 0.50820 0.50907 0.50696 0.50076 0.49991 0.49996 0.49980 0.49524 0.49178 0.49397 0.49167 0.48571 0.48418 0.48549 0.48252 0.47784 0.47646 0.47646 0.47306 0.46881 0.46828 0.46770 0.46341 0.46027 0.45995 0.45853 0.45362 0.45250 0.45199 0.44848 0.44450 0.44378 0.44251 0.43849 0.43482 0.43452 0.43250 0.42846 0.42513 0.42521 0.42279 0.41845 0.41673 0.41556 0.41253 0.40829 0.40766 0.40548 0.40176 0.39800 0.39731 0.39515 0.39086 0.38935 0.38708 0.38339 0.37991 0.37962 0.37719 0.37077 0.37111 0.37024 0.36558 0.36267 0.36201 0.35930 0.35463 0.35368 0.35133 0.34787 0.34491 0.34292 0.34005 0.33705 0.33558 0.33297 0.32918 0.32631 0.32525 0.32243 0.31872 0.31524 0.31427 0.31193 0.30780 0.30514 0.30392 0.30120 0.29698 0.29758 0.29440 0.29034 0.28974 0.28700 0.28301 0.28016 0.27949 0.27616 0.27235 0.27087 0.26945 0.26557 0.26225 0.26126 0.25960 0.25562 0.25267 0.25158 0.24989 0.24661 0.24332 0.24185 0.24043 0.23728 0.23383 0.23282 0.23151 0.22755 0.22440 0.22401 0.22255 0.21800 0.21513 0.21517 0.21318 0.21193 0.20731 0.20586 0.20307 0.20234 0.20167 0.19777 0.19411 0.19279 0.19362 0.19096 0.18675 0.18392 0.18594 0.18401 0.17878 0.17698 0.17815 0.17594 0.17150 0.17058 0.17011 0.16795 0.16538 0.16415 0.16229 0.16001 0.15894 0.15842 0.15544 0.15231 0.15209 0.15260 0.14988 0.14650 0.14498 0.14445 0.14503 0.14387 0.13866 0.13708 0.13938 0.13834 0.13374 0.13039 0.13296 0.13190 0.12973 0.12914 0.12635 0.12363 0.12609 0.12627 0.12024 0.11971 0.12209 0.11958 0.11471 0.11782 0.11815 0.11541 0.11376 0.11271 0.11193 0.11083 0.10695 0.09964 0.09262 0.08628 0.08069 0.07386 0.06603 0.06083 0.05565 0.04925 0.04241 0.03798 0.03426 0.02944 0.02388 0.01974 0.01550 0.01053 0.00636 0.00221 0.00000 0.00000 0.00000 0.00000 0.00000 0.00000 0.00000 0.00000 0.00000 0.00000 0.00000 0.00000 0.00000 0.00000 0.00000 0.00000 0.00000 0.00000 0.00000 0.00000 0.00000 0.00000 0.00000 0.00000 0.00000 0.00000 0.00000 0.00000 0.00000 0.00000 0.00000 0.00000 0.00000 0.00000 0.00000
0.00000 0.00000 0.00000 0.00000 0.00000 0.00000 0.00000 0.00000 0.00000 0.00000 0.00000 0.00000 0.00000 0.00000 0.00000 0.00000 0.00000 0.00000 0.00000 0.00000 0.00000 0.00000 0.00000 0.00000 0.00000 0.00000 0.00000 0.00000 0.00000 0.00000 0.00000 0.00000 0.00000 0.00000 0.00000 0.00000 0.00000 0.00000 0.00000 0.00000 0.00000 0.00000 0.00000 0.00000 0.00000 0.01815 0.05397 0.08936 0.12553 0.16174 0.19617 0.23053 0.26588 0.30164 0.33619 0.35185 0.34973 0.35004 0.35068 0.34848 0.34541 0.34571 0.34667 0.34348 0.34143 0.35265 0.36996 0.38389 0.40055 0.42193 0.43781 0.45007 0.46664 0.48701 0.50340 0.50578 0.50411 0.50453 0.50456 0.49982 0.49703 0.49565 0.49584 0.49232 0.49022 0.49144 0.48650 0.48318 0.48301 0.48228 0.47727 0.47464 0.47497 0.47302 0.46822 0.46623 0.46619 0.46356 0.45882 0.45843 0.45697 0.45374 0.45045 0.45038 0.44828 0.44388 0.44103 0.44127 0.43875 0.43403 0.43125 0.43182 0.42877 0.42424 0.42254 0.42219 0.41835 0.41444 0.41441 0.41217 0.40799 0.40443 0.40455 0.40183 0.39748 0.39466 0.39382 0.39091 0.38668 0.38581 0.38332 0.37910 0.37658 0.37640 0.37309 0.36704 0.36788 0.36739 0.36165 0.36058 0.35867 0.35492 0.35105 0.35027 0.34776 0.34375 0.34099 0.33994 0.33666 0.33308 0.33149 0.32975 0.32624 0.32247 0.32092 0.31883 0.31607 0.31173 0.30981 0.30741 0.30532 0.30371 0.29946 0.29708 0.29499 0.29375 0.29161 0.28817 0.28508 0.28212 0.28111 0.27863 0.27469 0.27147 0.27065 0.26846 0.26480 0.26193 0.26053 0.25832 0.25542 0.25256 0.25069 0.24920 0.24618 0.24312 0.24114 0.24017 0.23663 0.23354 0.23240 0.23073 0.22679 0.22452 0.22428 0.22135 0.21714 0.21504 0.21556 0.21440 0.20795 0.20741 0.20667 0.20464 0.20205 0.19953 0.19654 0.19498 0.19561 0.19280 0.18856 0.18573 0.18792 0.18589 0.18075 0.17849 0.18017 0.17811 0.17325 0.17182 0.17231 0.17043 0.16679 0.16527 0.16445 0.16268 0.16074 0.15943 0.15713 0.15495 0.15431 0.15340 0.15126 0.14992 0.14742 0.14499 0.14639 0.14646 0.14096 0.13817 0.14109 0.14056 0.13563 0.13239 0.13484 0.13447 0.13165 0.12896 0.12805 0.12661 0.12801 0.12807 0.12204 0.12176 0.12370 0.12217 0.11697 0.11574 0.11945 0.11927 0.11678 0.11208 0.11249 0.11423 0.11284 0.10525 0.09744 0.09234 0.08455 0.07535 0.06668 0.06089 0.05470 0.04716 0.03843 0.03324 0.03088 0.02725 0.02220 0.01855 0.01588 0.01189 0.00833 0.00522 0.00172 0.00000 0.00000 0.00000 0.00000 0.00000 0.00000 0.00000 0.00000 0.00000 0.00000 0.00000 0.00000 0.00000 0.00000 0.00000 0.00000 0.00000 0.00000 0.00000 0.00000 0.00000 0.00000 0.00000 0.00000 0.00000 0.00000 0.00000 0.00000 0.00000 0.00000 0.00000 0.00000 0.00000 0.00000 0.00000
0.00000 0.00000 0.00000 0.00000 0.00000 0.00000 0.00000 0.00000 0.00000 0.00000 0.00000 0.00000 0.00000 0.00000 0.00000 0.00000 0.00000 0.00000 0.00000 0.00000 0.00000 0.00000 0.00000 0.00000 0.00000 0.00000 0.00000 0.00000 0.00000 0.00000 0.00000 0.00000 0.00000 0.00000 0.00000 0.00000 0.00000 0.00000 0.00000 0.00000 0.00000 0.00000 0.00000 0.00000 0.00000 0.02069 0.06237 0.10385 0.14436 0.18491 0.22648 0.26744 0.30595 0.34513 0.38737 0.40770 0.40336 0.40078 0.40262 0.40283 0.39970 0.39707 0.39672 0.39713 0.39525 0.39961 0.41255 0.42419 0.43495 0.44628 0.46018 0.46996 0.47903 0.49092 0.50490 0.50825 0.50270 0.50200 0.50214 0.50131 0.49901 0.49363 0.49339 0.49372 0.49010 0.48570 0.48724 0.48515 0.48084 0.47790 0.47827 0.47592 0.47158 0.46967 0.46979 0.46646 0.46230 0.46084 0.46129 0.45655 0.45378 0.45290 0.45183 0.44706 0.44541 0.44522 0.44164 0.43736 0.43664 0.43533 0.43135 0.42752 0.42761 0.42556 0.42116 0.41887 0.41828 0.41540 0.41108 0.41031 0.40846 0.40473 0.40084 0.40018 0.39827 0.39403 0.39101 0.38962 0.38737 0.38309 0.38199 0.37910 0.37499 0.37355 0.37349 0.36889 0.36446 0.36491 0.36309 0.35769 0.35764 0.35489 0.35120 0.34772 0.34645 0.34359 0.34038 0.33829 0.33606 0.33240 0.32977 0.32877 0.32580 0.32185 0.31889 0.31810 0.31516 0.31145 0.30781 0.30718 0.30516 0.30068 0.29998 0.29652 0.29420 0.29377 0.29097 0.28663 0.28355 0.28331 0.28010 0.27608 0.27405 0.27311 0.26936 0.26579 0.26495 0.26328 0.25898 0.25607 0.25547 0.25362 0.24973 0.24676 0.24607 0.24404 0.24101 0.23734 0.23649 0.23513 0.23173 0.22801 0.22741 0.22662 0.22265 0.21912 0.21794 0.21758 0.21540 0.21030 0.20878 0.20813 0.20721 0.20377 0.20050 0.19778 0.19783 0.19778 0.19354 0.19070 0.18833 0.18941 0.18757 0.18309 0.18000 0.18163 0.18040 0.17533 0.17326 0.17416 0.17270 0.16848 0.16679 0.16659 0.16490 0.16221 0.16091 0.15939 0.15680 0.15580 0.15608 0.15328 0.14969 0.14869 0.14937 0.14862 0.14661 0.14175 0.14104 0.14367 0.14243 0.13610 0.13434 0.13788 0.13666 0.13216 0.12961 0.13117 0.13012 0.12874 0.12817 0.12490 0.12301 0.12486 0.12426 0.11963 0.11823 0.12100 0.12021 0.11858 0.11467 0.11498 0.11581 0.11434 0.11119 0.10645 0.09937 0.08978 0.07810 0.07081 0.06396 0.05512 0.04541 0.03746 0.02976 0.02481 0.02234 0.01883 0.01598 0.01394 0.01134 0.00860 0.00624 0.00368 0.00119 0.00000 0.00000 0.00000 0.00000 0.00000 0.00000 0.00000 0.00000 0.00000 0.00000 0.00000 0.00000 0.00000 0.00000 0.00000 0.00000 0.00000 0.00000 0.00000 0.00000 0.00000 0.00000 0.00000 0.00000 0.00000 0.00000 0.00000 0.00000 0.00000 0.00000 0.00000 0.00000 0.00000 0.00000 0.00000
0.00000 0.00000 0.00000 0.00000 0.00000 0.00000 0.00000 0.00000 0.00000 0.00000 0.00000 0.00000 0.00000 0.00000 0.00000 0.00000 0.00000 0.00000 0.00000 0.00000 0.00000 0.00000 0.00000 0.00000 0.00000 0.00000 0.00000 0.00000 0.00000 0.00000 0.00000 0.00000 0.00000 0.00000 0.00000 0.00000 0.00000 0.00000 0.00000 0.00000 0.00000 0.00000 0.00000 0.00000 0.00000 0.02343 0.07039 0.11779 0.16360 0.20884 0.25561 0.30265 0.34739 0.39103 0.43619 0.45953 0.45921 0.45625 0.45294 0.45280 0.45446 0.45137 0.44747 0.44834 0.44881 0.44824 0.45365 0.46462 0.47028 0.47239 0.47832 0.48966 0.49470 0.49585 0.50189 0.50848 0.50648 0.49985 0.49833 0.50072 0.49828 0.49416 0.49123 0.49209 0.48928 0.48534 0.48415 0.48480 0.47998 0.47670 0.47639 0.47567 0.47087 0.46794 0.46785 0.46658 0.46174 0.45950 0.45835 0.45712 0.45270 0.45147 0.44959 0.44713 0.44421 0.44314 0.44112 0.43699 0.43390 0.43414 0.43151 0.42697 0.42469 0.42474 0.42133 0.41709 0.41663 0.41494 0.41087 0.40718 0.40730 0.40486 0.40048 0.39721 0.39674 0.39445 0.38995 0.38767 0.38577 0.38307 0.37921 0.37834 0.37494 0.37157 0.37089 0.37045 0.36491 0.36363 0.36168 0.35837 0.35418 0.35403 0.35137 0.34698 0.34387 0.34326 0.34011 0.33629 0.33410 0.33302 0.32930 0.32577 0.32454 0.32253 0.31914 0.31507 0.31358 0.31137 0.30920 0.30467 0.30245 0.30067 0.29902 0.29768 0.29216 0.29125 0.28961 0.28632 0.28478 0.28203 0.27847 0.27513 0.27444 0.27231 0.26828 0.26537 0.26431 0.26185 0.25875 0.25637 0.25444 0.25219 0.24961 0.24715 0.24476 0.24356 0.24034 0.23763 0.23561 0.23462 0.23073 0.22810 0.22798 0.22557 0.22118 0.21891 0.21973 0.21758 0.21204 0.21027 0.21096 0.20922 0.20395 0.20222 0.20162 0.19986 0.19646 0.19545 0.19323 0.19026 0.19111 0.18939 0.18500 0.18173 0.18358 0.18234 0.17719 0.17488 0.17626 0.17479 0.17002 0.16811 0.16889 0.16734 0.16370 0.16200 0.16146 0.15955 0.15775 0.15673 0.15476 0.15256 0.15125 0.15010 0.14985 0.14997 0.14425 0.14210 0.14524 0.14450 0.13835 0.13634 0.13981 0.13873 0.13380 0.13116 0.13312 0.13291 0.13056 0.12593 0.12664 0.12704 0.12668 0.12505 0.12164 0.12075 0.12184 0.12251 0.12049 0.11508 0.11494 0.11851 0.11687 0.11153 0.11094 0.10943 0.09870 0.08465 0.07564 0.06844 0.05850 0.04720 0.03778 0.02940 0.02059 0.01528 0.01292 0.01128 0.01013 0.00846 0.00668 0.00520 0.00378 0.00218 0.00073 0.00000 0.00000 0.00000 0.00000 0.00000 0.00000 0.00000 0.00000 0.00000 0.00000 0.00000 0.00000 0.00000 0.00000 0.00000 0.00000 0.00000 0.00000 0.00000 0.00000 0.00000 0.00000 0.00000 0.00000 0.00000 0.00000 0.00000 0.00000 0.00000 0.00000 0.00000 0.00000 0.00000 0.00000 0.00000
0.00000 0.00000 0.00000 0.00000 0.00000 0.00000 0.00000 0.00000 0.00000 0.00000 0.00000 0.00000 0.00000 0.00000 0.00000 0.00000 0.00000 0.00000 0.00000 0.00000 0.00000 0.00000 0.00000 0.00000 0.00000 0.00000 0.00000 0.00000 0.00000 0.00000 0.00000 0.00000 0.00000 0.00000 0.00000 0.00000 0.00000 0.00000 0.00000 0.00000 0.00000 0.00000 0.00000 0.00000 0.00000 0.02638 0.07869 0.13031 0.18253 0.23456 0.28516 0.33597 0.38765 0.43916 0.48625 0.50973 0.51147 0.51182 0.50697 0.50320 0.50324 0.50510 0.50343 0.49850 0.49656 0.49902 0.50012 0.49919 0.50123 0.50239 0.50202 0.50264 0.50584 0.50582 0.50410 0.50389 0.50432 0.50272 0.49874 0.49562 0.49518 0.49540 0.49302 0.48737 0.48753 0.48737 0.48389 0.47946 0.47965 0.47849 0.47442 0.47130 0.47144 0.46930 0.46495 0.46258 0.46325 0.45983 0.45571 0.45258 0.45466 0.45083 0.44701 0.44738 0.44489 0.44027 0.43847 0.43815 0.43443 0.43008 0.42976 0.42830 0.42400 0.42105 0.42068 0.41828 0.41381 0.41274 0.41113 0.40765 0.40366 0.40306 0.40119 0.39709 0.39348 0.39248 0.39081 0.38643 0.38411 0.38151 0.37950 0.37628 0.37495 0.37087 0.36833 0.36819 0.36586 0.36082 0.36067 0.35821 0.35424 0.35071 0.35017 0.34720 0.34358 0.34069 0.33931 0.33563 0.33312 0.33191 0.32899 0.32498 0.32255 0.32184 0.31841 0.31468 0.31154 0.31100 0.30795 0.30472 0.30061 0.29992 0.29843 0.29601 0.29466 0.28937 0.28721 0.28747 0.28409 0.27973 0.27720 0.27683 0.27327 0.26943 0.26842 0.26694 0.26263 0.25954 0.25927 0.25734 0.25279 0.25017 0.25009 0.24775 0.24411 0.24084 0.24070 0.23853 0.23550 0.23132 0.23110 0.23042 0.22665 0.22296 0.22176 0.22171 0.21847 0.21436 0.21241 0.21258 0.21108 0.20609 0.20356 0.20324 0.20256 0.19863 0.19592 0.19504 0.19325 0.19273 0.19035 0.18767 0.18401 0.18482 0.18430 0.17960 0.17632 0.17770 0.17703 0.17197 0.16965 0.17083 0.16964 0.16538 0.16338 0.16358 0.16184 0.15934 0.15829 0.15688 0.15387 0.15281 0.15357 0.15180 0.14860 0.14511 0.14538 0.14762 0.14587 0.13951 0.13824 0.14217 0.14064 0.13449 0.13272 0.13608 0.13517 0.13126 0.12763 0.12959 0.12962 0.12762 0.12610 0.12439 0.12278 0.12302 0.12375 0.12173 0.11698 0.11627 0.12023 0.11873 0.11386 0.11317 0.11606 0.10896 0.09444 0.08418 0.07528 0.06337 0.05044 0.04100 0.03142 0.02072 0.01025 0.00495 0.00435 0.00392 0.00342 0.00281 0.00224 0.00177 0.00126 0.00075 0.00025 0.00000 0.00000 0.00000 0.00000 0.00000 0.00000 0.00000 0.00000 0.00000 0.00000 0.00000 0.00000 0.00000 0.00000 0.00000 0.00000 0.00000 0.00000 0.00000 0.00000 0.00000 0.00000 0.00000 0.00000 0.00000 0.00000 0.00000 0.00000 0.00000 0.00000 0.00000 0.00000 0.00000 0.00000 0.00000
0.00000 0.00000 0.00000 0.00000 0.00000 0.00000 0.00000 0.00000 0.00000 0.00000 0.00000 0.00000 0.00000 0.00000 0.00000 0.00000 0.00000 0.00000 0.00000 0.00000 0.00000 0.00000 0.00000 0.00000 0.00000 0.00143 0.00429 0.00714 0.01000 0.01279 0.01565 0.01852 0.02124 0.02393 0.02689 0.02691 0.02386 0.02092 0.01826 0.01543 0.01253 0.00974 0.00696 0.00415 0.00138 0.02771 0.08264 0.13675 0.19177 0.24702 0.29993 0.35201 0.40671 0.46115 0.51305 0.53638 0.53545 0.53486 0.53529 0.53314 0.52809 0.52664 0.52934 0.52583 0.52137 0.52284 0.52247 0.51695 0.51443 0.51764 0.51546 0.50873 0.50725 0.51047 0.50816 0.50138 0.49982 0.50241 0.50034 0.49481 0.49242 0.49388 0.49180 0.48745 0.48522 0.48581 0.48267 0.47886 0.47767 0.47767 0.47348 0.47005 0.46941 0.46900 0.46443 0.46125 0.46040 0.46001 0.45558 0.45271 0.44928 0.45038 0.44909 0.44446 0.44298 0.44012 0.43692 0.43606 0.43404 0.42986 0.42707 0.42707 0.42425 0.41980 0.41876 0.41750 0.41382 0.40985 0.40991 0.40757 0.40339 0.39984 0.39966 0.39754 0.39306 0.39002 0.38878 0.38689 0.38269 0.38053 0.37727 0.37565 0.37465 0.37106 0.36777 0.36630 0.36499 0.36128 0.35727 0.35751 0.35478 0.35017 0.34702 0.34678 0.34369 0.33946 0.33649 0.33627 0.33216 0.32901 0.32808 0.32596 0.32192 0.31850 0.31736 0.31528 0.31260 0.30760 0.30626 0.30433 0.30291 0.30074 0.29530 0.29480 0.29427 0.29046 0.28729 0.28524 0.28251 0.27906 0.27802 0.27604 0.27194 0.26875 0.26800 0.26584 0.26222 0.25992 0.25818 0.25546 0.25299 0.25112 0.24849 0.24649 0.24382 0.24174 0.23900 0.23815 0.23445 0.23207 0.23126 0.22945 0.22517 0.22269 0.22369 0.22107 0.21609 0.21366 0.21505 0.21314 0.20744 0.20539 0.20639 0.20437 0.19899 0.19781 0.19917 0.19505 0.19239 0.19242 0.18990 0.18571 0.18638 0.18610 0.18144 0.17822 0.17953 0.17890 0.17375 0.17134 0.17304 0.17170 0.16688 0.16480 0.16594 0.16430 0.16088 0.15937 0.15878 0.15664 0.15529 0.15404 0.15284 0.15136 0.14811 0.14656 0.14902 0.14823 0.14200 0.14021 0.14371 0.14255 0.13629 0.13470 0.13827 0.13727 0.13287 0.12950 0.13142 0.13235 0.12950 0.12604 0.12598 0.12598 0.12494 0.12489 0.12312 0.11907 0.11845 0.12251 0.12101 0.11478 0.11394 0.11838 0.11687 0.10558 0.09436 0.08587 0.07362 0.05909 0.04860 0.03894 0.02754 0.01568 0.00525 0.00000 0.00000 0.00000 0.00000 0.00000 0.00000 0.00000 0.00000 0.00000 0.00000 0.00000 0.00000 0.00000 0.00000 0.00000 0.00000 0.00000 0.00000 0.00000 0.00000 0.00000 0.00000 0.00000 0.00000 0.00000 0.00000 0.00000 0.00000 0.00000 0.00000 0.00000 0.00000 0.00000 0.00000 0.00000 0.00000 0.00000 0.00000 0.00000 0.00000 0.00000 0.00000 0.00000 0.00000 0.00000
0.00000 0.00000 0.00000 0.00000 0.00000 0.00000 0.00000 0.00000 0.00000 0.00000 0.00000 0.00000 0.00000 0.00000 0.00000 0.00000 0.00000 0.00000 0.00000 0.00000 0.00000 0.00000 0.00000 0.00000 0.00000 0.00427 0.01293 0.02148 0.02976 0.03826 0.04706 0.05551 0.06355 0.07178 0.08031 0.08057 0.07181 0.06280 0.05424 0.04631 0.03781 0.02902 0.02070 0.01252 0.00416 0.02743 0.08229 0.13738 0.19173 0.24547 0.29916 0.35312 0.40546 0.45868 0.51236 0.53883 0.53312 0.53126 0.53260 0.53378 0.53113 0.52532 0.52320 0.52594 0.52524 0.51965 0.51766 0.51832 0.51607 0.51290 0.51273 0.51117 0.50710 0.50552 0.50591 0.50416 0.49992 0.49754 0.49731 0.49691 0.49383 0.48919 0.48858 0.48920 0.48623 0.48106 0.48082 0.48075 0.47712 0.47291 0.47293 0.47174 0.46761 0.46447 0.46490 0.46250 0.45808 0.45531 0.45663 0.45345 0.44887 0.44561 0.44763 0.44392 0.44021 0.44073 0.43753 0.43290 0.43171 0.43099 0.42697 0.42334 0.42286 0.42111 0.41662 0.41504 0.41350 0.41056 0.40646 0.40582 0.40378 0.40001 0.39616 0.39554 0.39388 0.38961 0.38647 0.38468 0.38322 0.37970 0.37723 0.37340 0.37209 0.37246 0.36760 0.36367 0.36315 0.36142 0.35709 0.35369 0.35359 0.35073 0.34655 0.34367 0.34280 0.33920 0.33631 0.33341 0.33220 0.32805 0.32603 0.32540 0.32175 0.31774 0.31553 0.31488 0.31093 0.30835 0.30507 0.30383 0.30199 0.29891 0.29845 0.29281 0.29108 0.29121 0.28801 0.28301 0.28050 0.28058 0.27732 0.27303 0.27152 0.27061 0.26653 0.26311 0.26298 0.26102 0.25623 0.25364 0.25381 0.25152 0.24702 0.24438 0.24480 0.24209 0.23865 0.23468 0.23521 0.23389 0.23032 0.22626 0.22561 0.22559 0.22209 0.21844 0.21632 0.21665 0.21444 0.20983 0.20727 0.20782 0.20655 0.20143 0.19884 0.19965 0.19805 0.19379 0.19229 0.19278 0.18855 0.18744 0.18776 0.18417 0.18008 0.18060 0.18088 0.17586 0.17290 0.17484 0.17389 0.16854 0.16635 0.16802 0.16665 0.16252 0.16055 0.16086 0.15895 0.15692 0.15587 0.15487 0.15203 0.14999 0.15001 0.15127 0.14862 0.14351 0.14232 0.14566 0.14417 0.13805 0.13637 0.14054 0.13919 0.13397 0.13135 0.13417 0.13412 0.13051 0.12705 0.12865 0.12842 0.12606 0.12608 0.12520 0.12114 0.12007 0.12396 0.12256 0.11673 0.11557 0.12005 0.11848 0.11345 0.10777 0.09889 0.08574 0.07148 0.06093 0.05079 0.03883 0.02666 0.01618 0.00541 0.00000 0.00000 0.00000 0.00000 0.00000 0.00000 0.00000 0.00000 0.00000 0.00000 0.00000 0.00000 0.00000 0.00000 0.00000 0.00000 0.00000 0.00000 0.00000 0.00000 0.00000 0.00000 0.00000 0.00000 0.00000 0.00000 0.00000 0.00000 0.00000 0.00000 0.00000 0.00000 0.00000 0.00000 0.00000 0.00000 0.00000 0.00000 0.00000 0.00000 0.00000 0.00000 0.00000 0.00000 0.00000
0.00000 0.00000 0.00000 0.00000 0.00000 0.00000 0.00000 0.00000 0.00000 0.00000 0.00000 0.00000 0.00000 0.00000 0.00000 0.00000 0.00000 0.00000 0.00000 0.00000 0.00000 0.00000 0.00000 0.00000 0.00000 0.00714 0.02146 0.03560 0.04974 0.06405 0.07804 0.09167 0.10606 0.12056 0.13360 0.13270 0.11943 0.10549 0.09064 0.07641 0.06268 0.04857 0.03459 0.02078 0.00689 0.02743 0.08237 0.13735 0.19098 0.24417 0.29919 0.35347 0.40474 0.45577 0.51122 0.53750 0.53393 0.53213 0.53100 0.52792 0.53004 0.52957 0.52316 0.52194 0.52383 0.52000 0.51593 0.51758 0.51684 0.51051 0.50875 0.51169 0.50969 0.50238 0.50137 0.50401 0.50213 0.49557 0.49382 0.49579 0.49396 0.48901 0.48635 0.48709 0.48520 0.48097 0.47882 0.47904 0.47608 0.47223 0.47075 0.47093 0.46694 0.46330 0.46238 0.46228 0.45770 0.45445 0.45301 0.45313 0.44999 0.44593 0.44408 0.44317 0.44042 0.43765 0.43640 0.43282 0.42964 0.42908 0.42693 0.42262 0.42087 0.41981 0.41677 0.41260 0.41241 0.41002 0.40630 0.40253 0.40251 0.40010 0.39599 0.39248 0.39190 0.39020 0.38583 0.38301 0.38074 0.37928 0.37674 0.37340 0.36980 0.36888 0.36845 0.36347 0.36025 0.36022 0.35797 0.35322 0.35016 0.35023 0.34723 0.34257 0.33951 0.33964 0.33582 0.33218 0.32966 0.32930 0.32515 0.32185 0.32145 0.31892 0.31483 0.31138 0.31017 0.30847 0.30663 0.30150 0.29929 0.29884 0.29694 0.29415 0.28952 0.28834 0.28661 0.28309 0.28113 0.27935 0.27578 0.27232 0.27149 0.26994 0.26588 0.26308 0.26178 0.25939 0.25652 0.25473 0.25221 0.24956 0.24728 0.24572 0.24272 0.24124 0.23790 0.23613 0.23433 0.23308 0.22889 0.22653 0.22739 0.22475 0.22010 0.21747 0.21900 0.21669 0.21134 0.20893 0.21045 0.20844 0.20280 0.20076 0.20250 0.19972 0.19434 0.19428 0.19495 0.19015 0.18872 0.18973 0.18610 0.18193 0.18197 0.18270 0.17804 0.17481 0.17640 0.17575 0.17044 0.16807 0.17035 0.16870 0.16398 0.16206 0.16314 0.16136 0.15879 0.15717 0.15643 0.15433 0.15339 0.15125 0.15166 0.15019 0.14651 0.14411 0.14665 0.14603 0.14044 0.13844 0.14227 0.14104 0.13542 0.13320 0.13621 0.13614 0.13231 0.12831 0.13027 0.13130 0.12810 0.12673 0.12665 0.12402 0.12243 0.12547 0.12439 0.11841 0.11725 0.12202 0.12102 0.11455 0.11448 0.11249 0.09921 0.08337 0.07243 0.06320 0.05111 0.03785 0.02713 0.01672 0.00553 0.00000 0.00000 0.00000 0.00000 0.00000 0.00000 0.00000 0.00000 0.00000 0.00000 0.00000 0.00000 0.00000 0.00000 0.00000 0.00000 0.00000 0.00000 0.00000 0.00000 0.00000 0.00000 0.00000 0.00000 0.00000 0.00000 0.00000 0.00000 0.00000 0.00000 0.00000 0.00000 0.00000 0.00000 0.00000 0.00000 0.00000 0.00000 0.00000 0.00000 0.00000 0.00000 0.00000 0.00000 0.00000
0.00000 0.00000 0.00000 0.00000 0.00000 0.00000 0.00000 0.00000 0.00000 0.00000 0.00000 0.00000 0.00000 0.00000 0.00000 0.00000 0.00000 0.00000 0.00000 0.00000 0.00000 0.00000 0.00000 0.00000 0.00000 0.01002 0.02977 0.04959 0.06998 0.08974 0.10865 0.12812 0.14830 0.16838 0.18738 0.18576 0.16587 0.14749 0.12766 0.10662 0.08699 0.06828 0.04862 0.02883 0.00960 0.02755 0.08242 0.13646 0.19033 0.24465 0.29860 0.35194 0.40443 0.45705 0.50780 0.53479 0.53520 0.53308 0.52832 0.52695 0.52641 0.52784 0.52672 0.52087 0.51848 0.52003 0.51850 0.51415 0.51306 0.51273 0.50882 0.50697 0.50734 0.50563 0.50092 0.49929 0.49923 0.49840 0.49477 0.49109 0.49029 0.49080 0.48790 0.48277 0.48199 0.48272 0.47954 0.47452 0.47428 0.47400 0.47020 0.46601 0.46651 0.46490 0.46056 0.45769 0.45839 0.45528 0.45099 0.44870 0.44982 0.44706 0.44202 0.44289 0.44029 0.43583 0.43354 0.43360 0.42996 0.42577 0.42486 0.42385 0.41955 0.41728 0.41564 0.41345 0.40934 0.40844 0.40600 0.40287 0.39900 0.39851 0.39634 0.39250 0.38889 0.38797 0.38654 0.38241 0.37988 0.37698 0.37545 0.37378 0.37018 0.36655 0.36501 0.36457 0.35990 0.35661 0.35658 0.35400 0.34945 0.34687 0.34626 0.34288 0.33924 0.33593 0.33561 0.33164 0.32926 0.32797 0.32509 0.32185 0.31913 0.31788 0.31442 0.31156 0.30914 0.30780 0.30363 0.30272 0.30091 0.29668 0.29425 0.29350 0.29171 0.28629 0.28397 0.28422 0.28135 0.27646 0.27441 0.27421 0.27065 0.26666 0.26626 0.26466 0.25999 0.25720 0.25754 0.25527 0.25030 0.24796 0.24849 0.24591 0.24153 0.23850 0.23935 0.23726 0.23353 0.22925 0.22963 0.22916 0.22564 0.22216 0.22020 0.22044 0.21789 0.21384 0.21120 0.21184 0.21016 0.20527 0.20250 0.20370 0.20218 0.19674 0.19452 0.19675 0.19352 0.18959 0.19057 0.18891 0.18409 0.18308 0.18462 0.18058 0.17651 0.17791 0.17773 0.17164 0.16973 0.17256 0.17093 0.16522 0.16347 0.16523 0.16380 0.16049 0.15829 0.15830 0.15655 0.15597 0.15329 0.15332 0.15123 0.14878 0.14670 0.14851 0.14739 0.14317 0.14030 0.14278 0.14272 0.13789 0.13506 0.13838 0.13794 0.13384 0.13037 0.13254 0.13313 0.12946 0.12785 0.12873 0.12631 0.12402 0.12665 0.12607 0.12013 0.11899 0.12378 0.12259 0.11674 0.11634 0.12001 0.11225 0.09649 0.08555 0.07574 0.06302 0.04979 0.03893 0.02818 0.01673 0.00546 0.00000 0.00000 0.00000 0.00000 0.00000 0.00000 0.00000 0.00000 0.00000 0.00000 0.00000 0.00000 0.00000 0.00000 0.00000 0.00000 0.00000 0.00000 0.00000 0.00000 0.00000 0.00000 0.00000 0.00000 0.00000 0.00000 0.00000 0.00000 0.00000 0.00000 0.00000 0.00000 0.00000 0.00000 0.00000 0.00000 0.00000 0.00000 0.00000 0.00000 0.00000 0.00000 0.00000 0.00000 0.00000
0.00000 0.00000 0.00000 0.00000 0.00000 0.00000 0.00000 0.00000 0.00000 0.00000 0.00000 0.00000 0.00000 0.00000 0.00000 0.00000 0.00000 0.00000 0.00000 0.00000 0.00000 0.00000 0.00000 0.00000 0.00000 0.01284 0.03834 0.06390 0.08956 0.11459 0.13985 0.16566 0.19030 0.21430 0.24010 0.24090 0.21380 0.18763 0.16301 0.13781 0.11228 0.08719 0.06207 0.03712 0.01238 0.02748 0.08187 0.13601 0.19095 0.24494 0.29687 0.34940 0.40505 0.45843 0.50645 0.53074 0.53425 0.53181 0.52773 0.52967 0.52572 0.52268 0.52504 0.52312 0.51761 0.51681 0.51819 0.51398 0.51018 0.51240 0.51110 0.50407 0.50285 0.50559 0.50376 0.49641 0.49533 0.49745 0.49588 0.49028 0.48768 0.48869 0.48746 0.48307 0.48000 0.48023 0.47861 0.47452 0.47193 0.47245 0.46955 0.46553 0.46354 0.46418 0.46015 0.45641 0.45606 0.45540 0.45056 0.44766 0.44729 0.44589 0.44298 0.43931 0.43897 0.43572 0.43228 0.43087 0.42940 0.42552 0.42298 0.42186 0.41958 0.41549 0.41471 0.41222 0.40920 0.40550 0.40525 0.40223 0.39886 0.39508 0.39494 0.39269 0.38867 0.38552 0.38410 0.38264 0.37906 0.37633 0.37291 0.37165 0.37072 0.36615 0.36291 0.36204 0.36097 0.35604 0.35304 0.35339 0.35059 0.34572 0.34283 0.34297 0.33976 0.33527 0.33190 0.33266 0.32859 0.32509 0.32541 0.32241 0.31753 0.31484 0.31416 0.31204 0.31058 0.30487 0.30332 0.30186 0.30038 0.29699 0.29298 0.29161 0.29018 0.28704 0.28386 0.28225 0.27970 0.27617 0.27470 0.27363 0.26969 0.26621 0.26515 0.26364 0.26026 0.25780 0.25576 0.25330 0.25096 0.24935 0.24652 0.24427 0.24146 0.24003 0.23768 0.23640 0.23221 0.23043 0.23070 0.22836 0.22384 0.22120 0.22279 0.22032 0.21524 0.21261 0.21435 0.21224 0.20670 0.20435 0.20621 0.20393 0.19826 0.19636 0.19875 0.19515 0.19123 0.19252 0.19066 0.18590 0.18455 0.18650 0.18300 0.17847 0.17735 0.17955 0.17503 0.17158 0.17408 0.17278 0.16734 0.16525 0.16746 0.16579 0.16194 0.15996 0.16039 0.15865 0.15874 0.15496 0.15311 0.15271 0.15249 0.14875 0.14809 0.14856 0.14592 0.14236 0.14340 0.14448 0.14028 0.13691 0.14036 0.13976 0.13567 0.13196 0.13419 0.13522 0.13151 0.12880 0.13021 0.12917 0.12609 0.12752 0.12767 0.12256 0.12093 0.12570 0.12482 0.11822 0.11754 0.12182 0.12069 0.10896 0.09774 0.08893 0.07604 0.06147 0.05029 0.04035 0.02856 0.01650 0.00546 0.00000 0.00000 0.00000 0.00000 0.00000 0.00000 0.00000 0.00000 0.00000 0.00000 0.00000 0.00000 0.00000 0.00000 0.00000 0.00000 0.00000 0.00000 0.00000 0.00000 0.00000 0.00000 0.00000 0.00000 0.00000 0.00000 0.00000 0.00000 0.00000 0.00000 0.00000 0.00000 0.00000 0.00000 0.00000 0.00000 0.00000 0.00000 0.00000 0.00000 0.00000 0.00000 0.00000 0.00000 0.00000
0.00000 0.00000 0.00000 0.00000 0.00000 0.00000 0.00000 0.00000 0.00000 0.00000 0.00000 0.00000 0.00000 0.00000 0.00000 0.00000 0.00000 0.00000 0.00000 0.00000 0.00000 0.00000 0.00000 0.00000 0.00000 0.01559 0.04718 0.07832 0.10855 0.13946 0.17135 0.20245 0.23218 0.26145 0.29204 0.29378 0.26276 0.22872 0.19773 0.16868 0.13782 0.10585 0.07545 0.04557 0.01515 0.02729 0.08158 0.13631 0.19070 0.24389 0.29633 0.34985 0.40315 0.45642 0.50883 0.53138 0.52857 0.53077 0.53026 0.52685 0.52531 0.52303 0.52080 0.52138 0.51986 0.51566 0.51369 0.51415 0.51137 0.50841 0.50877 0.50704 0.50221 0.50092 0.50109 0.49986 0.49595 0.49296 0.49209 0.49235 0.48954 0.48465 0.48333 0.48443 0.48174 0.47632 0.47539 0.47608 0.47279 0.46765 0.46787 0.46731 0.46316 0.45890 0.46001 0.45763 0.45328 0.45195 0.45180 0.44763 0.44401 0.44450 0.44273 0.43829 0.43540 0.43605 0.43276 0.42827 0.42675 0.42630 0.42253 0.41945 0.41760 0.41618 0.41240 0.41093 0.40797 0.40565 0.40223 0.40132 0.39806 0.39530 0.39131 0.39113 0.38956 0.38504 0.38277 0.38039 0.37872 0.37561 0.37340 0.36953 0.36745 0.36722 0.36303 0.35947 0.35800 0.35704 0.35254 0.34975 0.34956 0.34630 0.34207 0.33951 0.33911 0.33542 0.33220 0.32845 0.32859 0.32636 0.32238 0.32070 0.31800 0.31515 0.31248 0.31120 0.30716 0.30727 0.30364 0.30042 0.29704 0.29686 0.29501 0.28984 0.28744 0.28743 0.28514 0.27988 0.27744 0.27771 0.27486 0.27017 0.26897 0.26815 0.26412 0.26075 0.26095 0.25889 0.25389 0.25157 0.25212 0.24974 0.24476 0.24231 0.24315 0.24086 0.23650 0.23282 0.23371 0.23265 0.22891 0.22534 0.22410 0.22398 0.22138 0.21771 0.21502 0.21561 0.21375 0.20920 0.20639 0.20752 0.20590 0.20070 0.19802 0.20020 0.19795 0.19260 0.19104 0.19312 0.18842 0.18570 0.18840 0.18541 0.18019 0.17917 0.18139 0.17623 0.17330 0.17699 0.17483 0.16805 0.16686 0.16975 0.16812 0.16333 0.16119 0.16213 0.16111 0.16042 0.15626 0.15423 0.15475 0.15493 0.15074 0.14990 0.15013 0.14868 0.14464 0.14367 0.14586 0.14482 0.13884 0.13836 0.14152 0.13821 0.13408 0.13583 0.13698 0.13331 0.13048 0.13178 0.13134 0.12809 0.12869 0.12937 0.12476 0.12293 0.12703 0.12634 0.11979 0.11944 0.12369 0.12214 0.11694 0.11124 0.10208 0.08893 0.07420 0.06296 0.05246 0.04038 0.02804 0.01676 0.00563 0.00000 0.00000 0.00000 0.00000 0.00000 0.00000 0.00000 0.00000 0.00000 0.00000 0.00000 0.00000 0.00000 0.00000 0.00000 0.00000 0.00000 0.00000 0.00000 0.00000 0.00000 0.00000 0.00000 0.00000 0.00000 0.00000 0.00000 0.00000 0.00000 0.00000 0.00000 0.00000 0.00000 0.00000 0.00000 0.00000 0.00000 0.00000 0.00000 0.00000 0.00000 0.00000 0.00000 0.00000 0.00000
0.00000 0.00000 0.00000 0.00000 0.00000 0.00000 0.00000 0.00000 0.00000 0.00000 0.00000 0.00000 0.00000 0.00000 0.00000 0.00000 0.00000 0.00000 0.00000 0.00000 0.00000 0.00000 0.00000 0.00000 0.00000 0.01842 0.05549 0.09228 0.12846 0.16507 0.20202 0.23758 0.27355 0.31074 0.34600 0.34400 0.30778 0.27201 0.23472 0.19786 0.16154 0.12545 0.08953 0.05359 0.01776 0.02728 0.08199 0.13612 0.18911 0.24277 0.29785 0.35064 0.40027 0.45234 0.50937 0.53459 0.52716 0.52762 0.52927 0.52507 0.52477 0.52448 0.51959 0.51723 0.51955 0.51699 0.51169 0.51162 0.51246 0.50812 0.50426 0.50694 0.50524 0.49863 0.49680 0.49919 0.49765 0.49179 0.48918 0.49027 0.48949 0.48517 0.48138 0.48142 0.48094 0.47708 0.47327 0.47349 0.47216 0.46803 0.46449 0.46578 0.46310 0.45867 0.45716 0.45724 0.45301 0.44945 0.45040 0.44834 0.44359 0.44111 0.44180 0.43843 0.43467 0.43270 0.43182 0.42840 0.42513 0.42373 0.42201 0.41852 0.41677 0.41421 0.41193 0.40872 0.40786 0.40425 0.40167 0.39871 0.39779 0.39413 0.39149 0.38776 0.38733 0.38592 0.38147 0.37964 0.37629 0.37468 0.37273 0.36954 0.36554 0.36365 0.36379 0.35911 0.35580 0.35550 0.35367 0.34912 0.34583 0.34615 0.34323 0.33842 0.33538 0.33594 0.33254 0.32824 0.32596 0.32584 0.32188 0.31815 0.31816 0.31561 0.31205 0.30801 0.30744 0.30530 0.30391 0.29918 0.29666 0.29501 0.29367 0.29079 0.28691 0.28510 0.28352 0.28024 0.27769 0.27655 0.27357 0.26965 0.26831 0.26776 0.26412 0.26066 0.25900 0.25754 0.25484 0.25249 0.25008 0.24782 0.24534 0.24368 0.24136 0.23956 0.23569 0.23425 0.23374 0.23183 0.22706 0.22492 0.22637 0.22392 0.21894 0.21625 0.21812 0.21595 0.21050 0.20805 0.21002 0.20787 0.20219 0.19992 0.20231 0.19968 0.19431 0.19188 0.19487 0.19066 0.18762 0.19023 0.18739 0.18236 0.17995 0.18322 0.18129 0.17517 0.17437 0.17662 0.17158 0.16870 0.17092 0.16989 0.16540 0.16308 0.16395 0.16294 0.16219 0.15814 0.15601 0.15640 0.15778 0.15281 0.14876 0.15128 0.15083 0.14680 0.14464 0.14716 0.14599 0.14091 0.13953 0.14326 0.14042 0.13563 0.13716 0.13888 0.13545 0.13154 0.13340 0.13384 0.13007 0.12947 0.13090 0.12756 0.12446 0.12812 0.12827 0.12192 0.12084 0.12574 0.12458 0.11836 0.11817 0.11583 0.10293 0.08648 0.07481 0.06534 0.05299 0.03957 0.02805 0.01730 0.00576 0.00000 0.00000 0.00000 0.00000 0.00000 0.00000 0.00000 0.00000 0.00000 0.00000 0.00000 0.00000 0.00000 0.00000 0.00000 0.00000 0.00000 0.00000 0.00000 0.00000 0.00000 0.00000 0.00000 0.00000 0.00000 0.00000 0.00000 0.00000 0.00000 0.00000 0.00000 0.00000 0.00000 0.00000 0.00000 0.00000 0.00000 0.00000 0.00000 0.00000 0.00000 0.00000 0.00000 0.00000 0.00000
0.00000 0.00000 0.00000 0.00000 0.00000 0.00000 0.00000 0.00000 0.00000 0.00000 0.00000 0.00000 0.00000 0.00000 0.00000 0.00000 0.00000 0.00000 0.00000 0.00000 0.00000 0.00000 0.00000 0.00000 0.00000 0.02134 0.06346 0.10572 0.14901 0.19109 0.23172 0.27302 0.31533 0.35844 0.40006 0.39558 0.35328 0.31387 0.27205 0.22713 0.18534 0.14515 0.10351 0.06142 0.02040 0.02736 0.08196 0.13541 0.18858 0.24308 0.29701 0.34922 0.40083 0.45282 0.50489 0.53317 0.53186 0.52543 0.52447 0.52646 0.52374 0.52149 0.51995 0.51765 0.51554 0.51525 0.51313 0.51004 0.50932 0.50822 0.50509 0.50258 0.50304 0.50117 0.49776 0.49479 0.49395 0.49385 0.49136 0.48660 0.48490 0.48606 0.48388 0.47827 0.47644 0.47788 0.47541 0.46988 0.46882 0.46948 0.46600 0.46046 0.46123 0.46074 0.45596 0.45393 0.45331 0.44979 0.44609 0.44692 0.44506 0.44007 0.43742 0.43833 0.43533 0.43063 0.42867 0.42853 0.42544 0.42152 0.41949 0.41856 0.41559 0.41331 0.40988 0.40828 0.40575 0.40402 0.39987 0.39802 0.39548 0.39407 0.38945 0.38776 0.38688 0.38374 0.38207 0.37771 0.37687 0.37277 0.37049 0.36931 0.36669 0.36229 0.35884 0.36009 0.35663 0.35236 0.35241 0.34965 0.34522 0.34259 0.34256 0.33892 0.33501 0.33208 0.33221 0.32873 0.32534 0.32260 0.32173 0.31988 0.31556 0.31325 0.31095 0.31073 0.30620 0.30351 0.30023 0.30068 0.29796 0.29333 0.29076 0.29073 0.28861 0.28338 0.28084 0.28112 0.27885 0.27371 0.27145 0.27152 0.26844 0.26433 0.26383 0.26222 0.25790 0.25518 0.25554 0.25334 0.24834 0.24602 0.24674 0.24458 0.23971 0.23673 0.23760 0.23617 0.23198 0.22838 0.22805 0.22759 0.22472 0.22112 0.21879 0.21922 0.21733 0.21297 0.21016 0.21125 0.20963 0.20463 0.20192 0.20373 0.20167 0.19633 0.19419 0.19686 0.19336 0.18884 0.19176 0.18963 0.18391 0.18183 0.18495 0.18213 0.17689 0.17734 0.17845 0.17315 0.17043 0.17338 0.17209 0.16492 0.16452 0.16648 0.16534 0.16398 0.15937 0.15751 0.15874 0.15883 0.15433 0.15020 0.15317 0.15269 0.14877 0.14643 0.14869 0.14841 0.14314 0.14038 0.14455 0.14357 0.13771 0.13796 0.14066 0.13760 0.13358 0.13452 0.13587 0.13235 0.13090 0.13202 0.12981 0.12694 0.12930 0.12985 0.12402 0.12289 0.12717 0.12589 0.11991 0.12016 0.12376 0.11634 0.09986 0.08798 0.07817 0.06572 0.05192 0.04017 0.02915 0.01747 0.00570 0.00000 0.00000 0.00000 0.00000 0.00000 0.00000 0.00000 0.00000 0.00000 0.00000 0.00000 0.00000 0.00000 0.00000 0.00000 0.00000 0.00000 0.00000 0.00000 0.00000 0.00000 0.00000 0.00000 0.00000 0.00000 0.00000 0.00000 0.00000 0.00000 0.00000 0.00000 0.00000 0.00000 0.00000 0.00000 0.00000 0.00000 0.00000 0.00000 0.00000 0.00000 0.00000 0.00000 0.00000 0.00000
0.00000 0.00000 0.00000 0.00000 0.00000 0.00000 0.00000 0.00000 0.00000 0.00000 0.00000 0.00000 0.00000 0.00000 0.00000 0.00000 0.00000 0.00000 0.00000 0.00000 0.00000 0.00000 0.00000 0.00000 0.00000 0.02420 0.07201 0.11964 0.16834 0.21614 0.26217 0.30958 0.35801 0.40393 0.44949 0.45032 0.40239 0.35312 0.30517 0.25840 0.21104 0.16345 0.11634 0.06975 0.02324 0.02722 0.08125 0.13536 0.18975 0.24251 0.29442 0.34768 0.40289 0.45439 0.50199 0.52821 0.53074 0.52770 0.52435 0.52443 0.52156 0.51890 0.52053 0.51869 0.51333 0.51174 0.51377 0.51101 0.50573 0.50618 0.50657 0.50256 0.49825 0.50035 0.49924 0.49433 0.49069 0.49167 0.49142 0.48737 0.48296 0.48266 0.48305 0.47974 0.47489 0.47431 0.47454 0.47094 0.46632 0.46678 0.46603 0.46149 0.45728 0.45871 0.45647 0.45152 0.45279 0.45019 0.44580 0.44293 0.44407 0.44096 0.43668 0.43472 0.43435 0.43109 0.42730 0.42564 0.42418 0.42153 0.41874 0.41609 0.41429 0.41204 0.41033 0.40622 0.40430 0.40242 0.40053 0.39604 0.39427 0.39276 0.39031 0.38729 0.38411 0.38364 0.37969 0.37762 0.37450 0.37318 0.36831 0.36653 0.36664 0.36277 0.35867 0.35531 0.35659 0.35341 0.34872 0.34924 0.34642 0.34191 0.33866 0.33907 0.33617 0.33146 0.32830 0.32913 0.32583 0.32144 0.32026 0.31909 0.31598 0.31127 0.31102 0.30892 0.30699 0.30129 0.30030 0.29859 0.29715 0.29396 0.29028 0.28827 0.28720 0.28442 0.28077 0.27899 0.27742 0.27361 0.27139 0.27102 0.26797 0.26369 0.26206 0.26181 0.25876 0.25536 0.25320 0.25193 0.24939 0.24698 0.24493 0.24301 0.23969 0.23792 0.23695 0.23516 0.23039 0.22861 0.22962 0.22746 0.22219 0.21982 0.22177 0.21959 0.21411 0.21168 0.21378 0.21164 0.20596 0.20370 0.20602 0.20372 0.19796 0.19576 0.19863 0.19586 0.19084 0.19110 0.19138 0.18647 0.18369 0.18663 0.18478 0.17876 0.17675 0.18031 0.17715 0.17214 0.17296 0.17378 0.16929 0.16644 0.16558 0.16700 0.16642 0.16142 0.15866 0.16032 0.16096 0.15642 0.15187 0.15452 0.15482 0.15102 0.14761 0.14984 0.15014 0.14532 0.14247 0.14595 0.14521 0.13964 0.13940 0.14243 0.13961 0.13464 0.13611 0.13807 0.13446 0.13173 0.13390 0.13247 0.12823 0.13012 0.13157 0.12660 0.12394 0.12853 0.12822 0.12185 0.12144 0.12584 0.12502 0.11296 0.10055 0.09168 0.07921 0.06406 0.05187 0.04165 0.02968 0.01723 0.00566 0.00000 0.00000 0.00000 0.00000 0.00000 0.00000 0.00000 0.00000 0.00000 0.00000 0.00000 0.00000 0.00000 0.00000 0.00000 0.00000 0.00000 0.00000 0.00000 0.00000 0.00000 0.00000 0.00000 0.00000 0.00000 0.00000 0.00000 0.00000 0.00000 0.00000 0.00000 0.00000 0.00000 0.00000 0.00000 0.00000 0.00000 0.00000 0.00000 0.00000 0.00000 0.00000 0.00000 0.00000 0.00000
0.00000 0.00000 0.00000 0.00000 0.00000 0.00000 0.00000 0.00000 0.00000 0.00000 0.00000 0.00000 0.00000 0.00000 0.00000 0.00000 0.00000 0.00000 0.00000 0.00000 0.00000 0.00000 0.00000 0.00000 0.00000 0.02677 0.08091 0.13443 0.18679 0.23967 0.29374 0.34718 0.39919 0.44929 0.50115 0.50335 0.45069 0.39295 0.33954 0.28912 0.23657 0.18172 0.12932 0.07815 0.02602 0.02707 0.08086 0.13561 0.18962 0.24144 0.29367 0.34816 0.40075 0.45281 0.50494 0.52762 0.52577 0.52829 0.52637 0.52162 0.51989 0.51994 0.51798 0.51592 0.51387 0.51190 0.51029 0.50912 0.50699 0.50439 0.50355 0.50218 0.50007 0.49668 0.49554 0.49518 0.49331 0.48854 0.48653 0.48767 0.48594 0.48023 0.47797 0.47957 0.47780 0.47196 0.46975 0.47112 0.46899 0.46372 0.46208 0.46270 0.45916 0.45568 0.45403 0.45250 0.44847 0.44950 0.44709 0.44218 0.43972 0.44050 0.43774 0.43277 0.43083 0.43077 0.42807 0.42353 0.42151 0.42057 0.41871 0.41564 0.41190 0.41055 0.40921 0.40672 0.40209 0.40056 0.39956 0.39685 0.39210 0.39050 0.38986 0.38685 0.38366 0.38018 0.38032 0.37635 0.37341 0.37069 0.37022 0.36482 0.36236 0.36322 0.36053 0.35521 0.35266 0.35298 0.34887 0.34532 0.34596 0.34265 0.33808 0.33548 0.33574 0.33207 0.32822 0.32544 0.32552 0.32286 0.31854 0.31644 0.31496 0.31387 0.30878 0.30649 0.30407 0.30413 0.29982 0.29662 0.29419 0.29419 0.29182 0.28688 0.28462 0.28452 0.28228 0.27730 0.27441 0.27490 0.27269 0.26797 0.26608 0.26540 0.26218 0.25884 0.25864 0.25650 0.25222 0.24974 0.25014 0.24815 0.24329 0.24055 0.24127 0.23974 0.23516 0.23170 0.23195 0.23133 0.22790 0.22409 0.22256 0.22291 0.22079 0.21641 0.21382 0.21492 0.21335 0.20838 0.20563 0.20731 0.20555 0.20021 0.19788 0.20034 0.19735 0.19245 0.19290 0.19340 0.18794 0.18534 0.18855 0.18628 0.18051 0.17932 0.18191 0.17828 0.17401 0.17568 0.17575 0.17043 0.16806 0.16953 0.16937 0.16736 0.16274 0.16108 0.16272 0.16258 0.15774 0.15382 0.15669 0.15632 0.15267 0.14947 0.15158 0.15199 0.14736 0.14432 0.14728 0.14749 0.14199 0.14026 0.14358 0.14211 0.13681 0.13724 0.14005 0.13681 0.13353 0.13416 0.13471 0.13110 0.13137 0.13279 0.12882 0.12647 0.12978 0.12969 0.12378 0.12335 0.12742 0.12609 0.12043 0.11435 0.10536 0.09247 0.07705 0.06458 0.05421 0.04217 0.02924 0.01731 0.00584 0.00000 0.00000 0.00000 0.00000 0.00000 0.00000 0.00000 0.00000 0.00000 0.00000 0.00000 0.00000 0.00000 0.00000 0.00000 0.00000 0.00000 0.00000 0.00000 0.00000 0.00000 0.00000 0.00000 0.00000 0.00000 0.00000 0.00000 0.00000 0.00000 0.00000 0.00000 0.00000 0.00000 0.00000 0.00000 0.00000 0.00000 0.00000 0.00000 0.00000 0.00000 0.00000 0.00000 0.00000 0.00000
0.00000 0.00000 0.00000 0.00000 0.00000 0.00000 0.00000 0.00000 0.00000 0.00000 0.00000 0.00000 0.00000 0.00000 0.00000 0.00000 0.00000 0.00000 0.00000 0.00000 0.00000 0.00000 0.00000 0.00000 0.00000 0.02671 0.08065 0.13458 0.18650 0.23909 0.29390 0.34669 0.39639 0.44949 0.50374 0.50231 0.44989 0.40118 0.35117 0.29944 0.24933 0.20025 0.15044 0.10066 0.05162 0.05298 0.10429 0.15481 0.20560 0.25668 0.30733 0.35595 0.40506 0.45518 0.50611 0.52874 0.52583 0.52482 0.52319 0.52102 0.52118 0.51939 0.51494 0.51318 0.51487 0.51246 0.50737 0.50615 0.50779 0.50511 0.49989 0.50007 0.50056 0.49714 0.49223 0.49278 0.49315 0.48954 0.48458 0.48389 0.48506 0.48216 0.47665 0.47534 0.47658 0.47388 0.46834 0.46740 0.46816 0.46471 0.46010 0.45970 0.45954 0.45493 0.45346 0.45103 0.44854 0.44465 0.44620 0.44324 0.43880 0.43715 0.43669 0.43345 0.42945 0.42783 0.42647 0.42426 0.42071 0.41808 0.41607 0.41526 0.41280 0.40832 0.40652 0.40589 0.40330 0.39842 0.39687 0.39631 0.39306 0.38874 0.38689 0.38678 0.38294 0.38008 0.37661 0.37642 0.37206 0.36966 0.36810 0.36637 0.36156 0.35859 0.35972 0.35681 0.35207 0.34987 0.34926 0.34569 0.34190 0.34232 0.33948 0.33486 0.33185 0.33228 0.32945 0.32480 0.32194 0.32241 0.31986 0.31472 0.31367 0.31238 0.31025 0.30436 0.30367 0.30250 0.30057 0.29468 0.29359 0.29198 0.29084 0.28842 0.28399 0.28178 0.28122 0.27804 0.27454 0.27308 0.27180 0.26720 0.26516 0.26562 0.26259 0.25838 0.25609 0.25612 0.25344 0.25003 0.24794 0.24691 0.24390 0.24136 0.24032 0.23860 0.23427 0.23224 0.23278 0.23090 0.22547 0.22336 0.22522 0.22316 0.21747 0.21523 0.21745 0.21529 0.20955 0.20745 0.20973 0.20744 0.20169 0.19953 0.20230 0.19984 0.19424 0.19320 0.19517 0.19119 0.18729 0.18953 0.18847 0.18246 0.18059 0.18380 0.18138 0.17549 0.17551 0.17759 0.17369 0.16964 0.16971 0.17097 0.16998 0.16485 0.16142 0.16418 0.16418 0.15996 0.15562 0.15805 0.15867 0.15493 0.15110 0.15279 0.15390 0.14970 0.14609 0.14848 0.14912 0.14418 0.14197 0.14511 0.14382 0.13819 0.13888 0.14207 0.13868 0.13432 0.13625 0.13708 0.13287 0.13205 0.13486 0.13114 0.12622 0.12913 0.12936 0.12327 0.12095 0.12487 0.12381 0.11702 0.11587 0.11371 0.10145 0.08553 0.07307 0.06404 0.05244 0.03927 0.02760 0.01699 0.00569 0.00000 0.00000 0.00000 0.00000 0.00000 0.00000 0.00000 0.00000 0.00000 0.00000 0.00000 0.00000 0.00000 0.00000 0.00000 0.00000 0.00000 0.00000 0.00000 0.00000 0.00000 0.00000 0.00000 0.00000 0.00000 0.00000 0.00000 0.00000 0.00000 0.00000 0.00000 0.00000 0.00000 0.00000 0.00000 0.00000 0.00000 0.00000 0.00000 0.00000 0.00000 0.00000 0.00000 0.00000 0.00000
0.00000 0.00000 0.00000 0.00000 0.00000 0.00000 0.00000 0.00000 0.00000 0.00000 0.00000 0.00000 0.00000 0.00000 0.00000 0.00000 0.00000 0.00000 0.00000 0.00000 0.00000 0.00000 0.00000 0.00000 0.00000 0.02406 0.07171 0.11916 0.16736 0.21504 0.26175 0.30793 0.35465 0.40281 0.45027 0.45067 0.41013 0.37310 0.33512 0.29287 0.25352 0.21693 0.17836 0.13816 0.09987 0.10475 0.15067 0.19443 0.23920 0.28650 0.33106 0.37323 0.41788 0.46333 0.50537 0.52776 0.52760 0.52346 0.52061 0.52143 0.52034 0.51675 0.51421 0.51374 0.51229 0.50986 0.50765 0.50630 0.50440 0.50290 0.50184 0.49865 0.49646 0.49619 0.49517 0.49039 0.48797 0.48921 0.48772 0.48210 0.47953 0.48137 0.47981 0.47379 0.47135 0.47291 0.47152 0.46577 0.46319 0.46399 0.46251 0.45819 0.45492 0.45462 0.45232 0.45144 0.44613 0.44449 0.44316 0.44274 0.44014 0.43499 0.43355 0.43299 0.43028 0.42561 0.42375 0.42259 0.42150 0.41767 0.41415 0.41209 0.41237 0.40956 0.40453 0.40272 0.40279 0.39966 0.39483 0.39308 0.39295 0.38964 0.38523 0.38293 0.38326 0.37978 0.37590 0.37255 0.37327 0.36886 0.36551 0.36585 0.36331 0.35853 0.35490 0.35619 0.35268 0.34839 0.34844 0.34607 0.34138 0.33842 0.33920 0.33611 0.33129 0.32872 0.32909 0.32587 0.32149 0.31936 0.31891 0.31690 0.31173 0.30983 0.30834 0.30715 0.30172 0.29995 0.29816 0.29736 0.29309 0.29040 0.28898 0.28781 0.28524 0.28094 0.27839 0.27831 0.27605 0.27162 0.26803 0.26870 0.26667 0.26258 0.26152 0.25941 0.25629 0.25348 0.25333 0.25123 0.24714 0.24434 0.24473 0.24332 0.23867 0.23533 0.23568 0.23502 0.23106 0.22716 0.22634 0.22669 0.22412 0.21955 0.21742 0.21864 0.21700 0.21184 0.20924 0.21092 0.20940 0.20398 0.20136 0.20378 0.20161 0.19620 0.19463 0.19700 0.19249 0.18904 0.19182 0.18991 0.18414 0.18287 0.18537 0.18233 0.17767 0.17831 0.17895 0.17452 0.17157 0.17292 0.17322 0.16877 0.16636 0.16477 0.16660 0.16569 0.16128 0.15831 0.16035 0.16017 0.15634 0.15307 0.15480 0.15543 0.15147 0.14802 0.14995 0.15108 0.14644 0.14343 0.14603 0.14623 0.14096 0.14014 0.14330 0.14117 0.13639 0.13668 0.13935 0.13581 0.13353 0.13484 0.13389 0.12914 0.12894 0.12817 0.12156 0.11804 0.11961 0.11718 0.10981 0.10773 0.10959 0.10239 0.08782 0.07677 0.06864 0.05808 0.04592 0.03514 0.02567 0.01549 0.00504 0.00000 0.00000 0.00000 0.00000 0.00000 0.00000 0.00000 0.00000 0.00000 0.00000 0.00000 0.00000 0.00000 0.00000 0.00000 0.00000 0.00000 0.00000 0.00000 0.00000 0.00000 0.00000 0.00000 0.00000 0.00000 0.00000 0.00000 0.00000 0.00000 0.00000 0.00000 0.00000 0.00000 0.00000 0.00000 0.00000 0.00000 0.00000 0.00000 0.00000 0.00000 0.00000 0.00000 0.00000 0.00000
0.00000 0.00000 0.00000 0.00000 0.00000 0.00000 0.00000 0.00000 0.00000 0.00000 0.00000 0.00000 0.00000 0.00000 0.00000 0.00000 0.00000 0.00000 0.00000 0.00000 0.00000 0.00000 0.00000 0.00000 0.00000 0.02125 0.06313 0.10484 0.14773 0.18988 0.22962 0.27111 0.31446 0.35480 0.39308 0.40118 0.37416 0.34368 0.31481 0.28866 0.26030 0.23116 0.20425 0.17718 0.14890 0.15477 0.19564 0.23610 0.27469 0.31296 0.35365 0.39340 0.43102 0.46877 0.50813 0.52644 0.52375 0.52265 0.52238 0.51992 0.51626 0.51517 0.51579 0.51309 0.50899 0.50771 0.50874 0.50587 0.50176 0.50071 0.50159 0.49909 0.49392 0.49361 0.49458 0.49148 0.48603 0.48511 0.48696 0.48415 0.47837 0.47656 0.47853 0.47632 0.47018 0.46840 0.46989 0.46777 0.46203 0.46044 0.46097 0.45851 0.45481 0.45200 0.45114 0.44913 0.44761 0.44370 0.44119 0.44090 0.43875 0.43532 0.43177 0.43051 0.42878 0.42639 0.42258 0.42028 0.41798 0.41813 0.41536 0.41061 0.40804 0.40898 0.40625 0.40101 0.39891 0.39930 0.39582 0.39147 0.38961 0.38930 0.38571 0.38227 0.37939 0.37913 0.37601 0.37249 0.36891 0.36936 0.36554 0.36204 0.36280 0.35931 0.35616 0.35112 0.35203 0.34861 0.34563 0.34608 0.34221 0.33827 0.33546 0.33560 0.33283 0.32818 0.32528 0.32559 0.32311 0.31823 0.31567 0.31571 0.31373 0.30809 0.30650 0.30586 0.30398 0.29743 0.29670 0.29670 0.29443 0.29158 0.28718 0.28522 0.28498 0.28252 0.27777 0.27542 0.27559 0.27176 0.26837 0.26686 0.26638 0.26214 0.25914 0.25975 0.25728 0.25325 0.25056 0.25095 0.24814 0.24460 0.24326 0.24233 0.23847 0.23577 0.23602 0.23433 0.22920 0.22689 0.22849 0.22666 0.22084 0.21870 0.22093 0.21887 0.21300 0.21114 0.21335 0.21102 0.20527 0.20346 0.20595 0.20333 0.19779 0.19606 0.19884 0.19523 0.19078 0.19282 0.19208 0.18629 0.18418 0.18725 0.18510 0.17901 0.17901 0.18102 0.17741 0.17244 0.17365 0.17503 0.17163 0.16831 0.16642 0.16800 0.16764 0.16362 0.15990 0.16160 0.16218 0.15869 0.15472 0.15602 0.15747 0.15383 0.14971 0.15110 0.15280 0.14893 0.14525 0.14734 0.14781 0.14292 0.14192 0.14546 0.14250 0.13736 0.13874 0.14162 0.13763 0.13429 0.13734 0.13631 0.13147 0.13098 0.13015 0.12264 0.11633 0.11670 0.11386 0.10551 0.10137 0.10219 0.09855 0.08789 0.07763 0.07098 0.06151 0.05017 0.04027 0.03227 0.02319 0.01347 0.00441 0.00000 0.00000 0.00000 0.00000 0.00000 0.00000 0.00000 0.00000 0.00000 0.00000 0.00000 0.00000 0.00000 0.00000 0.00000 0.00000 0.00000 0.00000 0.00000 0.00000 0.00000 0.00000 0.00000 0.00000 0.00000 0.00000 0.00000 0.00000 0.00000 0.00000 0.00000 0.00000 0.00000 0.00000 0.00000 0.00000 0.00000 0.00000 0.00000 0.00000 0.00000 0.00000 0.00000 0.00000 0.00000
0.00000 0.00000 0.00000 0.00000 0.00000 0.00000 0.00000 0.00000 0.00000 0.00000 0.00000 0.00000 0.00000 0.00000 0.00000 0.00000 0.00000 0.00000 0.00000 0.00000 0.00000 0.00000 0.00000 0.00000 0.00000 0.01822 0.05477 0.09139 0.12751 0.16314 0.19908 0.23560 0.27177 0.30618 0.34016 0.35066 0.33522 0.31587 0.29737 0.28219 0.26650 0.24695 0.22982 0.21532 0.19845 0.20533 0.23974 0.27653 0.31021 0.34134 0.37564 0.41185 0.44347 0.47494 0.51050 0.52599 0.52177 0.52152 0.52201 0.51822 0.51488 0.51509 0.51445 0.51074 0.50767 0.50813 0.50666 0.50356 0.50189 0.50072 0.49787 0.49681 0.49678 0.49223 0.48929 0.49059 0.48937 0.48364 0.48082 0.48322 0.48152 0.47549 0.47302 0.47487 0.47326 0.46725 0.46494 0.46594 0.46500 0.45987 0.45663 0.45628 0.45600 0.45278 0.44778 0.44671 0.44687 0.44463 0.44067 0.43736 0.43695 0.43513 0.43203 0.42797 0.42647 0.42480 0.42326 0.41940 0.41654 0.41341 0.41505 0.41272 0.40705 0.40439 0.40554 0.40260 0.39752 0.39502 0.39572 0.39231 0.38792 0.38567 0.38572 0.38288 0.37838 0.37545 0.37588 0.37319 0.36833 0.36579 0.36630 0.36274 0.35816 0.35903 0.35601 0.35189 0.34780 0.34897 0.34559 0.34155 0.34282 0.33946 0.33469 0.33163 0.33247 0.32974 0.32456 0.32213 0.32248 0.31974 0.31473 0.31287 0.31240 0.31004 0.30493 0.30338 0.30253 0.30007 0.29464 0.29413 0.29454 0.29065 0.28745 0.28475 0.28303 0.28144 0.27882 0.27537 0.27218 0.27208 0.26995 0.26626 0.26324 0.26258 0.26036 0.25734 0.25637 0.25386 0.25124 0.24815 0.24787 0.24649 0.24254 0.23907 0.23917 0.23864 0.23446 0.23053 0.23005 0.23042 0.22737 0.22268 0.22102 0.22239 0.22054 0.21509 0.21280 0.21460 0.21316 0.20750 0.20502 0.20725 0.20551 0.19991 0.19717 0.20044 0.19788 0.19278 0.19462 0.19345 0.18810 0.18654 0.18888 0.18588 0.18132 0.18185 0.18195 0.17815 0.17547 0.17673 0.17602 0.17163 0.17022 0.17020 0.17031 0.16740 0.16511 0.16292 0.16394 0.16339 0.16000 0.15726 0.15823 0.15869 0.15531 0.15183 0.15293 0.15457 0.15096 0.14696 0.14816 0.14994 0.14605 0.14327 0.14518 0.14492 0.14033 0.13983 0.14307 0.14050 0.13594 0.13698 0.13878 0.13459 0.13377 0.13346 0.12632 0.11858 0.11641 0.11241 0.10345 0.09786 0.09672 0.09159 0.08272 0.07628 0.07089 0.06217 0.05205 0.04338 0.03646 0.02851 0.01976 0.01163 0.00396 0.00000 0.00000 0.00000 0.00000 0.00000 0.00000 0.00000 0.00000 0.00000 0.00000 0.00000 0.00000 0.00000 0.00000 0.00000 0.00000 0.00000 0.00000 0.00000 0.00000 0.00000 0.00000 0.00000 0.00000 0.00000 0.00000 0.00000 0.00000 0.00000 0.00000 0.00000 0.00000 0.00000 0.00000 0.00000 0.00000 0.00000 0.00000 0.00000 0.00000 0.00000 0.00000 0.00000 0.00000 0.00000
0.00000 0.00000 0.00000 0.00000 0.00000 0.00000 0.00000 0.00000 0.00000 0.00000 0.00000 0.00000 0.00000 0.00000 0.00000 0.00000 0.00000 0.00000 0.00000 0.00000 0.00000 0.00000 0.00000 0.00000 0.00000 0.01538 0.04640 0.07733 0.10729 0.13770 0.16919 0.19926 0.22780 0.25868 0.29018 0.30013 0.29254 0.28900 0.28312 0.27476 0.26950 0.26510 0.25726 0.25040 0.24640 0.25849 0.28518 0.31319 0.34420 0.37332 0.39883 0.42622 0.45684 0.48477 0.50940 0.52330 0.52369 0.52093 0.51699 0.51692 0.51686 0.51368 0.51042 0.50996 0.50950 0.50573 0.50365 0.50306 0.50222 0.49914 0.49623 0.49521 0.49551 0.49294 0.48739 0.48657 0.48865 0.48583 0.47974 0.47778 0.48046 0.47827 0.47202 0.46978 0.47169 0.47001 0.46363 0.46170 0.46261 0.46144 0.45641 0.45340 0.45296 0.45242 0.44907 0.44457 0.44350 0.44409 0.44050 0.43667 0.43425 0.43371 0.43089 0.42784 0.42487 0.42300 0.42030 0.41988 0.41746 0.41309 0.40960 0.41164 0.40968 0.40375 0.40074 0.40187 0.39888 0.39427 0.39154 0.39183 0.38817 0.38486 0.38205 0.38162 0.37935 0.37527 0.37197 0.37184 0.36983 0.36511 0.36273 0.36246 0.36013 0.35477 0.35442 0.35208 0.34949 0.34658 0.34460 0.34137 0.33921 0.33933 0.33542 0.33136 0.32898 0.32888 0.32625 0.32158 0.31869 0.31890 0.31668 0.31165 0.30902 0.30912 0.30720 0.30169 0.29963 0.29974 0.29779 0.29293 0.29031 0.28895 0.28857 0.28629 0.28099 0.27865 0.27934 0.27655 0.27169 0.26881 0.27012 0.26739 0.26241 0.26128 0.26103 0.25750 0.25348 0.25438 0.25209 0.24794 0.24568 0.24627 0.24281 0.23917 0.23901 0.23793 0.23328 0.23041 0.23176 0.23013 0.22450 0.22216 0.22425 0.22238 0.21648 0.21478 0.21680 0.21450 0.20878 0.20745 0.20947 0.20674 0.20131 0.19993 0.20246 0.19863 0.19428 0.19624 0.19562 0.18965 0.18767 0.19084 0.18871 0.18263 0.18255 0.18432 0.18096 0.17620 0.17771 0.17862 0.17420 0.17144 0.17144 0.17178 0.16962 0.16763 0.16459 0.16508 0.16534 0.16249 0.15879 0.15934 0.16076 0.15774 0.15338 0.15403 0.15645 0.15336 0.14862 0.14935 0.15150 0.14870 0.14513 0.14713 0.14627 0.14094 0.14197 0.14537 0.14147 0.13709 0.13953 0.14107 0.13648 0.13469 0.13808 0.13270 0.12239 0.11846 0.11402 0.10410 0.09638 0.09355 0.08779 0.07821 0.07164 0.06799 0.06059 0.05169 0.04396 0.03825 0.03146 0.02373 0.01658 0.01022 0.00343 0.00000 0.00000 0.00000 0.00000 0.00000 0.00000 0.00000 0.00000 0.00000 0.00000 0.00000 0.00000 0.00000 0.00000 0.00000 0.00000 0.00000 0.00000 0.00000 0.00000 0.00000 0.00000 0.00000 0.00000 0.00000 0.00000 0.00000 0.00000 0.00000 0.00000 0.00000 0.00000 0.00000 0.00000 0.00000 0.00000 0.00000 0.00000 0.00000 0.00000 0.00000 0.00000 0.00000 0.00000 0.00000
0.00000 0.00000 0.00000 0.00000 0.00000 0.00000 0.00000 0.00000 0.00000 0.00000 0.00000 0.00000 0.00000 0.00000 0.00000 0.00000 0.00000 0.00000 0.00000 0.00000 0.00000 0.00000 0.00000 0.00000 0.00000 0.01266 0.03791 0.06272 0.08765 0.11303 0.13811 0.16223 0.18609 0.21132 0.23701 0.25075 0.25380 0.25950 0.26670 0.27009 0.27350 0.28074 0.28558 0.28764 0.29274 0.30940 0.33199 0.35226 0.37655 0.40214 0.42318 0.44324 0.46840 0.49211 0.51127 0.52086 0.52283 0.52023 0.51585 0.51554 0.51619 0.51182 0.50843 0.50972 0.50925 0.50432 0.50080 0.50276 0.50079 0.49729 0.49730 0.49448 0.49122 0.49155 0.49094 0.48473 0.48201 0.48511 0.48328 0.47690 0.47441 0.47691 0.47483 0.46876 0.46695 0.46802 0.46644 0.46085 0.45872 0.45817 0.45808 0.45444 0.45012 0.44846 0.44913 0.44635 0.44134 0.43960 0.44003 0.43708 0.43330 0.43060 0.42973 0.42687 0.42428 0.42169 0.41902 0.41616 0.41697 0.41547 0.40978 0.40672 0.40798 0.40569 0.40027 0.39682 0.39823 0.39512 0.39063 0.38819 0.38832 0.38495 0.38098 0.37844 0.37837 0.37667 0.37110 0.36873 0.36896 0.36648 0.36111 0.36063 0.35927 0.35562 0.35096 0.35159 0.34921 0.34496 0.34362 0.34221 0.33853 0.33475 0.33570 0.33300 0.32784 0.32490 0.32579 0.32319 0.31781 0.31547 0.31591 0.31306 0.30804 0.30636 0.30610 0.30274 0.29822 0.29801 0.29726 0.29299 0.28911 0.28892 0.28762 0.28400 0.28141 0.27941 0.27703 0.27512 0.27267 0.27005 0.26693 0.26594 0.26391 0.26110 0.25950 0.25677 0.25539 0.25215 0.25059 0.24899 0.24685 0.24293 0.24224 0.24199 0.23829 0.23412 0.23352 0.23406 0.23074 0.22601 0.22457 0.22608 0.22398 0.21831 0.21631 0.21831 0.21684 0.21079 0.20874 0.21082 0.20924 0.20346 0.20124 0.20380 0.20189 0.19651 0.19445 0.19688 0.19257 0.19025 0.19211 0.18939 0.18513 0.18548 0.18506 0.18159 0.17953 0.18070 0.17795 0.17469 0.17525 0.17480 0.17281 0.16934 0.16943 0.16824 0.16721 0.16541 0.16387 0.16190 0.16165 0.16147 0.15900 0.15606 0.15621 0.15776 0.15495 0.15056 0.15086 0.15362 0.15149 0.14658 0.14552 0.14859 0.14643 0.14330 0.14485 0.14401 0.13973 0.13993 0.14283 0.13947 0.13585 0.13781 0.13836 0.13031 0.12332 0.11765 0.10745 0.09798 0.09317 0.08595 0.07529 0.06763 0.06316 0.05594 0.04796 0.04210 0.03762 0.03183 0.02528 0.01928 0.01414 0.00855 0.00276 0.00000 0.00000 0.00000 0.00000 0.00000 0.00000 0.00000 0.00000 0.00000 0.00000 0.00000 0.00000 0.00000 0.00000 0.00000 0.00000 0.00000 0.00000 0.00000 0.00000 0.00000 0.00000 0.00000 0.00000 0.00000 0.00000 0.00000 0.00000 0.00000 0.00000 0.00000 0.00000 0.00000 0.00000 0.00000 0.00000 0.00000 0.00000 0.00000 0.00000 0.00000 0.00000 0.00000 0.00000 0.00000
0.00000 0.00000 0.00000 0.00000 0.00000 0.00000 0.00000 0.00000 0.00000 0.00000 0.00000 0.00000 0.00000 0.00000 0.00000 0.00000 0.00000 0.00000 0.00000 0.00000 0.00000 0.00000 0.00000 0.00000 0.00000 0.00982 0.02930 0.04874 0.06850 0.08774 0.10647 0.12599 0.14586 0.16402 0.18217 0.20106 0.21779 0.23140 0.24698 0.26550 0.27955 0.29378 0.31250 0.32810 0.33995 0.35639 0.37743 0.39551 0.40939 0.42681 0.44736 0.46471 0.47830 0.49609 0.51547 0.52220 0.51757 0.51814 0.51791 0.51453 0.51142 0.51182 0.51011 0.50656 0.50551 0.50611 0.50264 0.49833 0.49872 0.49861 0.49564 0.49311 0.49016 0.48892 0.49014 0.48717 0.48087 0.47907 0.48231 0.48009 0.47377 0.47121 0.47348 0.47178 0.46563 0.46349 0.46436 0.46335 0.45774 0.45529 0.45417 0.45472 0.45112 0.44669 0.44508 0.44580 0.44232 0.43803 0.43673 0.43656 0.43281 0.42934 0.42763 0.42628 0.42242 0.42040 0.41971 0.41587 0.41241 0.41385 0.41247 0.40678 0.40355 0.40406 0.40194 0.39714 0.39290 0.39419 0.39151 0.38757 0.38522 0.38414 0.38222 0.37802 0.37489 0.37423 0.37326 0.36808 0.36518 0.36511 0.36340 0.35799 0.35627 0.35542 0.35308 0.34793 0.34701 0.34466 0.34277 0.34202 0.33774 0.33425 0.33258 0.33238 0.32880 0.32461 0.32226 0.32216 0.31954 0.31492 0.31197 0.31230 0.31006 0.30519 0.30245 0.30261 0.30073 0.29590 0.29369 0.29274 0.29162 0.28853 0.28439 0.28207 0.28274 0.28055 0.27501 0.27250 0.27380 0.27121 0.26584 0.26281 0.26472 0.26289 0.25674 0.25450 0.25581 0.25212 0.24824 0.24992 0.24702 0.24261 0.24143 0.24169 0.23752 0.23390 0.23491 0.23362 0.22841 0.22565 0.22754 0.22585 0.22014 0.21838 0.22013 0.21792 0.21236 0.21140 0.21285 0.21005 0.20485 0.20425 0.20589 0.20221 0.19783 0.19830 0.19910 0.19353 0.19123 0.19436 0.19219 0.18635 0.18594 0.18762 0.18456 0.18022 0.18159 0.18113 0.17719 0.17502 0.17610 0.17515 0.17155 0.17242 0.16969 0.16824 0.16733 0.16660 0.16342 0.16264 0.16356 0.16154 0.15747 0.15723 0.15984 0.15733 0.15191 0.15202 0.15539 0.15332 0.14830 0.14722 0.15002 0.14853 0.14534 0.14801 0.14511 0.14150 0.14234 0.14472 0.14057 0.13727 0.14032 0.14053 0.13599 0.13109 0.12470 0.11350 0.10188 0.09490 0.08707 0.07569 0.06602 0.05926 0.05078 0.04296 0.03765 0.03393 0.02966 0.02448 0.01954 0.01559 0.01124 0.00654 0.00214 0.00000 0.00000 0.00000 0.00000 0.00000 0.00000 0.00000 0.00000 0.00000 0.00000 0.00000 0.00000 0.00000 0.00000 0.00000 0.00000 0.00000 0.00000 0.00000 0.00000 0.00000 0.00000 0.00000 0.00000 0.00000 0.00000 0.00000 0.00000 0.00000 0.00000 0.00000 0.00000 0.00000 0.00000 0.00000 0.00000 0.00000 0.00000 0.00000 0.00000 0.00000 0.00000 0.00000 0.00000 0.00000
0.00000 0.00000 0.00000 0.00000 0.00000 0.00000 0.00000 0.00000 0.00000 0.00000 0.00000 0.00000 0.00000 0.00000 0.00000 0.00000 0.00000 0.00000 0.00000 0.00000 0.00000 0.00000 0.00000 0.00000 0.00000 0.00696 0.02084 0.03494 0.04894 0.06236 0.07583 0.08991 0.10404 0.11720 0.12979 0.15043 0.17892 0.20571 0.23035 0.25730 0.28577 0.31076 0.33641 0.36521 0.38999 0.40597 0.42018 0.43496 0.44499 0.45410 0.46904 0.48266 0.49144 0.50123 0.51690 0.52197 0.51690 0.51512 0.51741 0.51362 0.50959 0.51099 0.51091 0.50490 0.50216 0.50472 0.50422 0.49804 0.49630 0.49685 0.49424 0.49194 0.49173 0.48708 0.48422 0.48728 0.48518 0.47808 0.47564 0.47892 0.47661 0.47044 0.46891 0.47008 0.46769 0.46220 0.46112 0.46049 0.45927 0.45579 0.45265 0.44960 0.45074 0.44857 0.44374 0.44103 0.44190 0.43903 0.43489 0.43323 0.43266 0.42905 0.42583 0.42467 0.42277 0.41789 0.41603 0.41752 0.41353 0.40942 0.41004 0.40819 0.40347 0.40021 0.40036 0.39765 0.39348 0.39002 0.39079 0.38757 0.38369 0.38165 0.38097 0.38011 0.37387 0.37232 0.37144 0.36968 0.36392 0.36260 0.36222 0.35908 0.35405 0.35395 0.35228 0.34834 0.34395 0.34482 0.34242 0.33799 0.33814 0.33578 0.33132 0.32796 0.32891 0.32644 0.32102 0.31821 0.31915 0.31641 0.31116 0.30887 0.30947 0.30593 0.30149 0.30105 0.30010 0.29525 0.29186 0.29318 0.29134 0.28622 0.28358 0.28378 0.28134 0.27757 0.27565 0.27415 0.27135 0.26902 0.26665 0.26492 0.26235 0.26004 0.25837 0.25606 0.25238 0.25153 0.25185 0.24694 0.24477 0.24476 0.24260 0.23785 0.23659 0.23757 0.23447 0.22948 0.22799 0.22970 0.22741 0.22166 0.21975 0.22199 0.22038 0.21405 0.21230 0.21446 0.21290 0.20675 0.20517 0.20723 0.20532 0.20006 0.19831 0.20020 0.19785 0.19396 0.19410 0.19284 0.18920 0.18900 0.18833 0.18506 0.18323 0.18453 0.18099 0.17796 0.18005 0.17901 0.17252 0.17195 0.17468 0.17308 0.16924 0.16718 0.16810 0.16705 0.16487 0.16334 0.16270 0.16086 0.15963 0.16021 0.15849 0.15467 0.15414 0.15718 0.15507 0.14990 0.14863 0.15239 0.15207 0.14660 0.14376 0.14750 0.14492 0.14345 0.14493 0.14327 0.13890 0.14049 0.14277 0.13873 0.13641 0.13340 0.12259 0.10915 0.09974 0.09049 0.07843 0.06712 0.05895 0.04858 0.03707 0.03052 0.02820 0.02469 0.02084 0.01732 0.01454 0.01138 0.00788 0.00465 0.00159 0.00000 0.00000 0.00000 0.00000 0.00000 0.00000 0.00000 0.00000 0.00000 0.00000 0.00000 0.00000 0.00000 0.00000 0.00000 0.00000 0.00000 0.00000 0.00000 0.00000 0.00000 0.00000 0.00000 0.00000 0.00000 0.00000 0.00000 0.00000 0.00000 0.00000 0.00000 0.00000 0.00000 0.00000 0.00000 0.00000 0.00000 0.00000 0.00000 0.00000 0.00000 0.00000 0.00000 0.00000 0.00000
0.00000 0.00000 0.00000 0.00000 0.00000 0.00000 0.00000 0.00000 0.00000 0.00000 0.00000 0.00000 0.00000 0.00000 0.00000 0.00000 0.00000 0.00000 0.00000 0.00000 0.00000 0.00000 0.00000 0.00000 0.00000 0.00419 0.01256 0.02085 0.02909 0.03746 0.04583 0.05375 0.06176 0.07030 0.07856 0.10085 0.13875 0.17816 0.21537 0.25086 0.29074 0.32846 0.36191 0.39834 0.43914 0.46039 0.46253 0.46992 0.48030 0.48661 0.48931 0.49667 0.50588 0.51149 0.51471 0.51897 0.51876 0.51558 0.51228 0.51317 0.51024 0.50754 0.50776 0.50749 0.50288 0.49957 0.50101 0.50153 0.49574 0.49286 0.49346 0.49206 0.49004 0.48737 0.48407 0.48164 0.48413 0.48200 0.47578 0.47281 0.47507 0.47358 0.46787 0.46556 0.46603 0.46479 0.45969 0.45764 0.45613 0.45619 0.45389 0.44918 0.44579 0.44741 0.44477 0.44022 0.43834 0.43854 0.43485 0.43124 0.43064 0.42932 0.42466 0.42191 0.42267 0.41991 0.41427 0.41302 0.41457 0.41116 0.40630 0.40599 0.40436 0.40046 0.39674 0.39619 0.39457 0.39049 0.38770 0.38656 0.38389 0.38081 0.37831 0.37675 0.37665 0.37103 0.36832 0.36742 0.36641 0.36099 0.35858 0.35850 0.35632 0.35080 0.34940 0.34824 0.34607 0.34210 0.34024 0.33742 0.33592 0.33565 0.33131 0.32747 0.32572 0.32556 0.32227 0.31788 0.31542 0.31559 0.31281 0.30834 0.30523 0.30584 0.30335 0.29903 0.29713 0.29603 0.29412 0.29073 0.28854 0.28582 0.28526 0.28345 0.27869 0.27597 0.27698 0.27491 0.26929 0.26665 0.26835 0.26622 0.26026 0.25760 0.25944 0.25820 0.25137 0.25161 0.25083 0.24660 0.24364 0.24518 0.24190 0.23750 0.23759 0.23710 0.23248 0.22924 0.23075 0.22919 0.22395 0.22197 0.22338 0.22126 0.21605 0.21523 0.21614 0.21335 0.20845 0.20838 0.20920 0.20567 0.20132 0.20186 0.20253 0.19768 0.19478 0.19716 0.19564 0.19021 0.18929 0.19107 0.18822 0.18383 0.18511 0.18432 0.18055 0.17898 0.18031 0.17666 0.17408 0.17668 0.17458 0.17035 0.16905 0.17121 0.16858 0.16574 0.16518 0.16540 0.16241 0.16058 0.16249 0.16096 0.15579 0.15527 0.15918 0.15707 0.15100 0.15017 0.15398 0.15305 0.14852 0.14631 0.14875 0.14725 0.14567 0.14667 0.14431 0.14136 0.14288 0.14452 0.14012 0.13802 0.14072 0.13425 0.11890 0.10730 0.09701 0.08410 0.07082 0.05993 0.04916 0.03743 0.02510 0.01836 0.01699 0.01486 0.01246 0.01065 0.00889 0.00674 0.00470 0.00290 0.00097 0.00000 0.00000 0.00000 0.00000 0.00000 0.00000 0.00000 0.00000 0.00000 0.00000 0.00000 0.00000 0.00000 0.00000 0.00000 0.00000 0.00000 0.00000 0.00000 0.00000 0.00000 0.00000 0.00000 0.00000 0.00000 0.00000 0.00000 0.00000 0.00000 0.00000 0.00000 0.00000 0.00000 0.00000 0.00000 0.00000 0.00000 0.00000 0.00000 0.00000 0.00000 0.00000 0.00000 0.00000 0.00000
0.00000 0.00000 0.00000 0.00000 0.00000 0.00000 0.00000 0.00000 0.00000 0.00000 0.00000 0.00000 0.00000 0.00000 0.00000 0.00000 0.00000 0.00000 0.00000 0.00000 0.00000 0.00000 0.00000 0.00000 0.00000 0.00140 0.00420 0.00692 0.00965 0.01247 0.01528 0.01791 0.02052 0.02330 0.02617 0.05207 0.10036 0.14917 0.19894 0.24719 0.29373 0.34315 0.39031 0.43534 0.48384 0.51077 0.50928 0.50731 0.51225 0.51555 0.51331 0.51211 0.51756 0.51949 0.51669 0.51520 0.51837 0.51581 0.51070 0.51065 0.51201 0.50575 0.50341 0.50677 0.50516 0.49890 0.49667 0.49881 0.49711 0.49256 0.49102 0.49009 0.48791 0.48789 0.48597 0.48056 0.47831 0.48096 0.47855 0.47244 0.47094 0.47193 0.46918 0.46439 0.46353 0.46267 0.46034 0.45680 0.45532 0.45249 0.45180 0.45164 0.44648 0.44197 0.44326 0.44168 0.43709 0.43524 0.43480 0.43118 0.42778 0.42767 0.42595 0.42076 0.41826 0.42054 0.41782 0.41143 0.41032 0.41052 0.40738 0.40322 0.40202 0.40007 0.39671 0.39370 0.39280 0.39011 0.38660 0.38543 0.38349 0.38029 0.37669 0.37578 0.37397 0.37241 0.36675 0.36553 0.36488 0.36207 0.35691 0.35632 0.35533 0.35156 0.34678 0.34739 0.34540 0.34113 0.33931 0.33848 0.33488 0.33103 0.33183 0.32944 0.32436 0.32122 0.32218 0.31979 0.31438 0.31161 0.31263 0.30960 0.30467 0.30274 0.30325 0.29821 0.29512 0.29718 0.29430 0.28886 0.28609 0.28785 0.28522 0.27992 0.27824 0.27845 0.27540 0.27154 0.26998 0.26898 0.26593 0.26319 0.26141 0.25996 0.25653 0.25448 0.25589 0.25100 0.24730 0.24702 0.24707 0.24175 0.23934 0.24078 0.23851 0.23306 0.23117 0.23325 0.23097 0.22510 0.22318 0.22562 0.22379 0.21745 0.21577 0.21813 0.21642 0.20998 0.20889 0.21082 0.20891 0.20324 0.20217 0.20360 0.20141 0.19735 0.19647 0.19631 0.19352 0.19241 0.19150 0.18856 0.18665 0.18811 0.18490 0.18135 0.18198 0.18290 0.17691 0.17509 0.17966 0.17729 0.17133 0.16962 0.17252 0.17179 0.16778 0.16505 0.16655 0.16619 0.16307 0.16154 0.16188 0.15956 0.15776 0.15965 0.15829 0.15357 0.15233 0.15630 0.15516 0.14981 0.14742 0.15125 0.15068 0.14678 0.14574 0.14676 0.14392 0.14377 0.14581 0.14286 0.13859 0.14107 0.14282 0.13224 0.11766 0.10595 0.09245 0.07753 0.06476 0.05228 0.03887 0.02552 0.01307 0.00639 0.00566 0.00487 0.00428 0.00366 0.00292 0.00223 0.00164 0.00099 0.00032 0.00000 0.00000 0.00000 0.00000 0.00000 0.00000 0.00000 0.00000 0.00000 0.00000 0.00000 0.00000 0.00000 0.00000 0.00000 0.00000 0.00000 0.00000 0.00000 0.00000 0.00000 0.00000 0.00000 0.00000 0.00000 0.00000 0.00000 0.00000 0.00000 0.00000 0.00000 0.00000 0.00000 0.00000 0.00000 0.00000 0.00000 0.00000 0.00000 0.00000 0.00000 0.00000 0.00000 0.00000 0.00000
0.00000 0.00000 0.00000 0.00000 0.00000 0.00000 0.00000 0.00000 0.00000 0.00000 0.00000 0.00000 0.00000 0.00000 0.00000 0.00000 0.00000 0.00000 0.00000 0.00000 0.00000 0.00000 0.00000 0.00000 0.00000 0.00000 0.00000 0.00000 0.00000 0.00000 0.00000 0.00000 0.00000 0.00000 0.00000 0.02743 0.08187 0.13500 0.18956 0.24469 0.29604 0.34797 0.40448 0.45685 0.50460 0.52904 0.52937 0.52437 0.51633 0.51320 0.51207 0.50707 0.50041 0.49763 0.49490 0.49209 0.49190 0.49497 0.49508 0.49464 0.49862 0.49967 0.49645 0.49697 0.50220 0.50238 0.49635 0.49350 0.49568 0.49456 0.48970 0.48683 0.48735 0.48561 0.48418 0.48270 0.47837 0.47590 0.47636 0.47534 0.47019 0.46786 0.46750 0.46614 0.46214 0.46006 0.45835 0.45727 0.45529 0.45186 0.44831 0.44850 0.44820 0.44292 0.43873 0.43992 0.43745 0.43348 0.43333 0.43154 0.42706 0.42416 0.42511 0.42270 0.41699 0.41470 0.41734 0.41466 0.40832 0.40682 0.40684 0.40416 0.39959 0.39782 0.39679 0.39382 0.39010 0.38855 0.38706 0.38383 0.38130 0.37920 0.37830 0.37403 0.37114 0.36976 0.36920 0.36404 0.36124 0.36093 0.35932 0.35389 0.35190 0.35176 0.34921 0.34309 0.34279 0.34167 0.33908 0.33846 0.33392 0.33058 0.32897 0.32885 0.32505 0.32067 0.31885 0.31896 0.31576 0.31123 0.30874 0.30918 0.30595 0.30204 0.29945 0.29941 0.29563 0.29342 0.29345 0.28947 0.28733 0.28588 0.28322 0.27952 0.27918 0.27816 0.27309 0.27020 0.27149 0.26947 0.26383 0.26111 0.26302 0.26115 0.25489 0.25290 0.25435 0.25170 0.24637 0.24728 0.24602 0.24161 0.23985 0.24014 0.23674 0.23312 0.23367 0.23230 0.22789 0.22570 0.22655 0.22439 0.21989 0.21899 0.21931 0.21654 0.21221 0.21233 0.21240 0.20900 0.20473 0.20569 0.20591 0.20142 0.19810 0.19993 0.19931 0.19386 0.19257 0.19456 0.19189 0.18733 0.18828 0.18816 0.18414 0.18172 0.18406 0.18087 0.17723 0.17934 0.17885 0.17242 0.17138 0.17552 0.17338 0.16846 0.16668 0.16948 0.16778 0.16394 0.16362 0.16447 0.16122 0.15883 0.16222 0.16053 0.15406 0.15370 0.15805 0.15685 0.15107 0.14921 0.15265 0.15236 0.14892 0.14679 0.14676 0.14492 0.14352 0.14303 0.13996 0.13700 0.13795 0.13819 0.13371 0.12544 0.11364 0.10010 0.08480 0.07131 0.05906 0.04596 0.03195 0.01892 0.00646 0.00000 0.00000 0.00000 0.00000 0.00000 0.00000 0.00000 0.00000 0.00000 0.00000 0.00000 0.00000 0.00000 0.00000 0.00000 0.00000 0.00000 0.00000 0.00000 0.00000 0.00000 0.00000 0.00000 0.00000 0.00000 0.00000 0.00000 0.00000 0.00000 0.00000 0.00000 0.00000 0.00000 0.00000 0.00000 0.00000 0.00000 0.00000 0.00000 0.00000 0.00000 0.00000 0.00000 0.00000 0.00000 0.00000 0.00000 0.00000 0.00000 0.00000 0.00000 0.00000 0.00000 0.00000 0.00000
0.00000 0.00000 0.00000 0.00000 0.00000 0.00000 0.00000 0.00000 0.00000 0.00000 0.00000 0.00000 0.00000 0.00000 0.00000 0.00000 0.00000 0.00000 0.00000 0.00000 0.00000 0.00000 0.00000 0.00000 0.00000 0.00000 0.00000 0.00000 0.00000 0.00000 0.00000 0.00000 0.00000 0.00000 0.00000 0.02717 0.08184 0.13587 0.18881 0.24260 0.29646 0.34870 0.40154 0.45605 0.50585 0.52445 0.51841 0.51146 0.49829 0.48692 0.48159 0.47359 0.46060 0.45041 0.44525 0.44387 0.44656 0.45291 0.46305 0.46727 0.47054 0.48113 0.48722 0.48933 0.49410 0.50026 0.49852 0.49400 0.49112 0.49184 0.49068 0.48789 0.48463 0.48305 0.48241 0.48159 0.47943 0.47463 0.47376 0.47333 0.47071 0.46662 0.46582 0.46441 0.46162 0.45870 0.45777 0.45513 0.45287 0.45212 0.44924 0.44533 0.44421 0.44454 0.43977 0.43653 0.43625 0.43357 0.42992 0.43046 0.42823 0.42322 0.42060 0.42222 0.41969 0.41355 0.41128 0.41335 0.41101 0.40542 0.40333 0.40255 0.40033 0.39645 0.39437 0.39255 0.38989 0.38740 0.38552 0.38279 0.37973 0.37822 0.37646 0.37414 0.36972 0.36821 0.36731 0.36483 0.35972 0.35877 0.35824 0.35455 0.34994 0.34999 0.34807 0.34418 0.34070 0.34116 0.33811 0.33402 0.33520 0.33230 0.32768 0.32423 0.32505 0.32299 0.31772 0.31461 0.31559 0.31318 0.30789 0.30512 0.30636 0.30326 0.29832 0.29810 0.29738 0.29315 0.28912 0.29118 0.28859 0.28320 0.28076 0.28217 0.27929 0.27402 0.27286 0.27315 0.26984 0.26589 0.26442 0.26397 0.26064 0.25756 0.25684 0.25508 0.25112 0.24933 0.25049 0.24585 0.24245 0.24338 0.24242 0.23675 0.23437 0.23670 0.23457 0.22859 0.22656 0.22916 0.22717 0.22093 0.21928 0.22178 0.21975 0.21345 0.21244 0.21446 0.21241 0.20624 0.20587 0.20733 0.20497 0.20034 0.19977 0.19996 0.19745 0.19559 0.19460 0.19216 0.19017 0.19136 0.18900 0.18478 0.18414 0.18658 0.18195 0.17851 0.18062 0.18093 0.17483 0.17288 0.17687 0.17564 0.17079 0.16768 0.17038 0.17079 0.16649 0.16321 0.16524 0.16525 0.16154 0.16036 0.16136 0.15795 0.15618 0.15955 0.15825 0.15307 0.15115 0.15529 0.15472 0.14991 0.14769 0.14930 0.14646 0.14153 0.13967 0.13656 0.13000 0.13007 0.13026 0.12478 0.11957 0.11420 0.10325 0.08915 0.07608 0.06500 0.05350 0.04076 0.02872 0.01745 0.00584 0.00000 0.00000 0.00000 0.00000 0.00000 0.00000 0.00000 0.00000 0.00000 0.00000 0.00000 0.00000 0.00000 0.00000 0.00000 0.00000 0.00000 0.00000 0.00000 0.00000 0.00000 0.00000 0.00000 0.00000 0.00000 0.00000 0.00000 0.00000 0.00000 0.00000 0.00000 0.00000 0.00000 0.00000 0.00000 0.00000 0.00000 0.00000 0.00000 0.00000 0.00000 0.00000 0.00000 0.00000 0.00000 0.00000 0.00000 0.00000 0.00000 0.00000 0.00000 0.00000 0.00000 0.00000 0.00000
0.00000 0.00000 0.00000 0.00000 0.00000 0.00000 0.00000 0.00000 0.00000 0.00000 0.00000 0.00000 0.00000 0.00000 0.00000 0.00000 0.00000 0.00000 0.00000 0.00000 0.00000 0.00000 0.00000 0.00000 0.00000 0.00000 0.00000 0.00000 0.00000 0.00000 0.00000 0.00000 0.00000 0.00000 0.00000 0.02704 0.08124 0.13609 0.18899 0.24118 0.29598 0.34985 0.39969 0.45147 0.50719 0.52503 0.50709 0.49302 0.48133 0.46581 0.44963 0.43594 0.42285 0.40762 0.39297 0.39282 0.40405 0.41421 0.42718 0.43955 0.44790 0.45791 0.47393 0.48455 0.49131 0.49463 0.49733 0.49590 0.49080 0.48705 0.48919 0.48811 0.48419 0.48119 0.48069 0.47937 0.47716 0.47610 0.47239 0.47043 0.46880 0.46739 0.46435 0.46234 0.46009 0.45840 0.45644 0.45431 0.45111 0.44947 0.44924 0.44570 0.44192 0.44074 0.44058 0.43607 0.43488 0.43317 0.42948 0.42641 0.42750 0.42498 0.41954 0.41713 0.41891 0.41627 0.41026 0.40811 0.40954 0.40741 0.40177 0.39936 0.39935 0.39726 0.39248 0.39015 0.38974 0.38718 0.38313 0.38121 0.38041 0.37720 0.37354 0.37212 0.37163 0.36725 0.36369 0.36305 0.36211 0.35700 0.35445 0.35440 0.35220 0.34659 0.34547 0.34541 0.34213 0.33797 0.33656 0.33423 0.33208 0.33201 0.32783 0.32361 0.32208 0.32222 0.31881 0.31393 0.31216 0.31259 0.30929 0.30489 0.30288 0.30281 0.29895 0.29632 0.29777 0.29298 0.28942 0.28842 0.28795 0.28314 0.28099 0.28095 0.27767 0.27371 0.27366 0.27276 0.26765 0.26468 0.26620 0.26423 0.25856 0.25599 0.25776 0.25593 0.24971 0.24869 0.24946 0.24658 0.24226 0.24224 0.24101 0.23756 0.23632 0.23490 0.23196 0.22974 0.22955 0.22722 0.22380 0.22282 0.22242 0.21957 0.21617 0.21613 0.21540 0.21218 0.20847 0.20950 0.20914 0.20492 0.20125 0.20327 0.20303 0.19747 0.19556 0.19785 0.19573 0.19064 0.19116 0.19211 0.18794 0.18461 0.18731 0.18560 0.18069 0.18042 0.18266 0.17632 0.17463 0.17923 0.17736 0.17117 0.16917 0.17345 0.17230 0.16725 0.16481 0.16801 0.16680 0.16251 0.16326 0.16378 0.15950 0.15742 0.16216 0.16030 0.15328 0.15271 0.15688 0.15649 0.15161 0.14921 0.15167 0.15048 0.14375 0.13730 0.13452 0.13070 0.12635 0.12234 0.11710 0.11217 0.10946 0.10282 0.09012 0.07839 0.06862 0.05856 0.04684 0.03575 0.02595 0.01579 0.00511 0.00000 0.00000 0.00000 0.00000 0.00000 0.00000 0.00000 0.00000 0.00000 0.00000 0.00000 0.00000 0.00000 0.00000 0.00000 0.00000 0.00000 0.00000 0.00000 0.00000 0.00000 0.00000 0.00000 0.00000 0.00000 0.00000 0.00000 0.00000 0.00000 0.00000 0.00000 0.00000 0.00000 0.00000 0.00000 0.00000 0.00000 0.00000 0.00000 0.00000 0.00000 0.00000 0.00000 0.00000 0.00000 0.00000 0.00000 0.00000 0.00000 0.00000 0.00000 0.00000 0.00000 0.00000 0.00000
0.00000 0.00000 0.00000 0.00000 0.00000 0.00000 0.00000 0.00000 0.00000 0.00000 0.00000 0.00000 0.00000 0.00000 0.00000 0.00000 0.00000 0.00000 0.00000 0.00000 0.00000 0.00000 0.00000 0.00000 0.00000 0.00000 0.00000 0.00000 0.00000 0.00000 0.00000 0.00000 0.00000 0.00000 0.00000 0.02719 0.08100 0.13476 0.18890 0.24209 0.29475 0.34812 0.39988 0.45079 0.50455 0.52279 0.49897 0.47777 0.46130 0.44314 0.41978 0.39986 0.38356 0.36454 0.34236 0.34144 0.36112 0.37711 0.39069 0.40881 0.42747 0.44145 0.45537 0.47448 0.49084 0.49591 0.49250 0.49285 0.49211 0.48927 0.48431 0.48465 0.48513 0.48226 0.47851 0.47653 0.47675 0.47432 0.47169 0.46867 0.46811 0.46579 0.46295 0.46072 0.45990 0.45701 0.45416 0.45285 0.45161 0.44808 0.44532 0.44536 0.44256 0.43917 0.43695 0.43632 0.43223 0.43226 0.43021 0.42559 0.42276 0.42410 0.42185 0.41604 0.41365 0.41525 0.41305 0.40734 0.40479 0.40521 0.40367 0.39870 0.39597 0.39524 0.39342 0.38947 0.38706 0.38573 0.38310 0.38017 0.37852 0.37658 0.37288 0.37046 0.36967 0.36756 0.36277 0.36084 0.36072 0.35738 0.35272 0.35263 0.35125 0.34710 0.34358 0.34391 0.34032 0.33699 0.33744 0.33508 0.32997 0.32716 0.32814 0.32603 0.32120 0.31764 0.31821 0.31650 0.31119 0.30816 0.30938 0.30700 0.30147 0.29905 0.30051 0.29790 0.29227 0.29278 0.29179 0.28759 0.28360 0.28477 0.28292 0.27740 0.27550 0.27672 0.27375 0.26851 0.26727 0.26802 0.26474 0.26045 0.25905 0.25913 0.25569 0.25201 0.25209 0.25020 0.24656 0.24483 0.24532 0.24073 0.23806 0.23985 0.23784 0.23211 0.23019 0.23262 0.23041 0.22440 0.22286 0.22535 0.22300 0.21704 0.21596 0.21803 0.21574 0.20965 0.20939 0.21107 0.20852 0.20306 0.20319 0.20391 0.20109 0.19830 0.19780 0.19603 0.19369 0.19429 0.19286 0.18834 0.18694 0.18997 0.18716 0.18191 0.18086 0.18450 0.18049 0.17654 0.17881 0.17871 0.17449 0.17136 0.17382 0.17391 0.17012 0.16620 0.16846 0.16985 0.16546 0.16187 0.16424 0.16400 0.16031 0.16039 0.16106 0.15650 0.15507 0.15932 0.15805 0.15282 0.15082 0.15448 0.15439 0.14751 0.14027 0.13691 0.13101 0.12418 0.12118 0.11327 0.10529 0.10145 0.09792 0.08884 0.07751 0.06904 0.06086 0.05052 0.04032 0.03168 0.02297 0.01353 0.00440 0.00000 0.00000 0.00000 0.00000 0.00000 0.00000 0.00000 0.00000 0.00000 0.00000 0.00000 0.00000 0.00000 0.00000 0.00000 0.00000 0.00000 0.00000 0.00000 0.00000 0.00000 0.00000 0.00000 0.00000 0.00000 0.00000 0.00000 0.00000 0.00000 0.00000 0.00000 0.00000 0.00000 0.00000 0.00000 0.00000 0.00000 0.00000 0.00000 0.00000 0.00000 0.00000 0.00000 0.00000 0.00000 0.00000 0.00000 0.00000 0.00000 0.00000 0.00000 0.00000 0.00000 0.00000 0.00000
0.00000 0.00000 0.00000 0.00000 0.00000 0.00000 0.00000 0.00000 0.00000 0.00000 0.00000 0.00000 0.00000 0.00000 0.00000 0.00000 0.00000 0.00000 0.00000 0.00000 0.00000 0.00000 0.00000 0.00000 0.00000 0.00000 0.00000 0.00000 0.00000 0.00000 0.00000 0.00000 0.00000 0.00000 0.00000 0.02724 0.08109 0.13414 0.18819 0.24253 0.29390 0.34570 0.40001 0.45256 0.50200 0.51488 0.49241 0.46647 0.44046 0.41583 0.39227 0.36682 0.34240 0.31868 0.29435 0.29255 0.31537 0.33822 0.35848 0.37850 0.40285 0.42511 0.44303 0.46243 0.48706 0.49710 0.49252 0.48864 0.49028 0.48985 0.48559 0.48092 0.48214 0.48177 0.47815 0.47599 0.47416 0.47286 0.47003 0.46838 0.46632 0.46449 0.46164 0.45960 0.45814 0.45640 0.45322 0.45070 0.44991 0.44807 0.44461 0.44154 0.44159 0.43895 0.43634 0.43387 0.43193 0.42863 0.42913 0.42717 0.42197 0.41938 0.42066 0.41838 0.41263 0.41033 0.41167 0.40956 0.40377 0.40131 0.40196 0.40029 0.39466 0.39200 0.39249 0.39046 0.38516 0.38286 0.38325 0.38056 0.37565 0.37414 0.37418 0.37057 0.36608 0.36522 0.36460 0.36044 0.35669 0.35634 0.35503 0.34981 0.34838 0.34781 0.34504 0.33987 0.33936 0.33817 0.33510 0.33359 0.33054 0.32647 0.32518 0.32543 0.32177 0.31686 0.31534 0.31581 0.31261 0.30754 0.30586 0.30622 0.30292 0.29927 0.29823 0.29638 0.29258 0.29130 0.29157 0.28669 0.28326 0.28359 0.28217 0.27727 0.27543 0.27570 0.27213 0.26828 0.26858 0.26739 0.26245 0.25950 0.26092 0.25923 0.25347 0.25115 0.25248 0.25111 0.24501 0.24400 0.24436 0.24246 0.23922 0.23704 0.23598 0.23422 0.23249 0.22969 0.22777 0.22687 0.22545 0.22240 0.22016 0.21988 0.21843 0.21525 0.21257 0.21319 0.21198 0.20827 0.20481 0.20678 0.20641 0.20104 0.19837 0.20113 0.19982 0.19392 0.19376 0.19583 0.19199 0.18776 0.19008 0.18992 0.18439 0.18193 0.18610 0.18325 0.17810 0.18105 0.18092 0.17516 0.17279 0.17656 0.17578 0.17073 0.16761 0.17138 0.17117 0.16635 0.16388 0.16680 0.16546 0.16142 0.16410 0.16331 0.15760 0.15651 0.16146 0.16004 0.15365 0.15240 0.15592 0.15654 0.15223 0.14560 0.14088 0.13641 0.12625 0.11577 0.11097 0.10435 0.09731 0.09037 0.08297 0.07453 0.06719 0.06009 0.05103 0.04218 0.03491 0.02765 0.01931 0.01127 0.00382 0.00000 0.00000 0.00000 0.00000 0.00000 0.00000 0.00000 0.00000 0.00000 0.00000 0.00000 0.00000 0.00000 0.00000 0.00000 0.00000 0.00000 0.00000 0.00000 0.00000 0.00000 0.00000 0.00000 0.00000 0.00000 0.00000 0.00000 0.00000 0.00000 0.00000 0.00000 0.00000 0.00000 0.00000 0.00000 0.00000 0.00000 0.00000 0.00000 0.00000 0.00000 0.00000 0.00000 0.00000 0.00000 0.00000 0.00000 0.00000 0.00000 0.00000 0.00000 0.00000 0.00000 0.00000 0.00000
0.00000 0.00000 0.00000 0.00000 0.00000 0.00000 0.00000 0.00000 0.00000 0.00000 0.00000 0.00000 0.00000 0.00000 0.00000 0.00000 0.00000 0.00000 0.00000 0.00000 0.00000 0.00000 0.00000 0.00000 0.00000 0.00000 0.00000 0.00000 0.00000 0.00000 0.00000 0.00000 0.00000 0.00000 0.00000 0.02697 0.08106 0.13467 0.18769 0.24068 0.29369 0.34577 0.39876 0.45190 0.50102 0.51059 0.48306 0.45432 0.42042 0.39062 0.36334 0.33403 0.30191 0.27310 0.24589 0.24476 0.26994 0.29766 0.32665 0.35230 0.37617 0.40428 0.43200 0.45688 0.48069 0.49344 0.49270 0.49119 0.48631 0.48558 0.48697 0.48377 0.47847 0.47783 0.47895 0.47560 0.47223 0.47034 0.47030 0.46708 0.46411 0.46262 0.46186 0.45862 0.45552 0.45439 0.45352 0.45026 0.44676 0.44617 0.44491 0.44173 0.43765 0.43782 0.43508 0.43343 0.43166 0.42828 0.42472 0.42552 0.42414 0.41871 0.41587 0.41682 0.41517 0.40964 0.40682 0.40744 0.40616 0.40084 0.39782 0.39787 0.39663 0.39160 0.38874 0.38865 0.38656 0.38214 0.38010 0.37959 0.37628 0.37257 0.37178 0.37052 0.36601 0.36290 0.36298 0.36041 0.35585 0.35479 0.35389 0.34977 0.34581 0.34692 0.34366 0.33986 0.33872 0.33792 0.33236 0.33009 0.33111 0.32895 0.32445 0.32059 0.32068 0.31966 0.31488 0.31127 0.31215 0.31020 0.30449 0.30193 0.30372 0.30143 0.29538 0.29363 0.29496 0.29220 0.28668 0.28643 0.28624 0.28167 0.27828 0.27915 0.27748 0.27182 0.26999 0.27158 0.26872 0.26332 0.26165 0.26305 0.26008 0.25505 0.25383 0.25441 0.25130 0.24630 0.24709 0.24539 0.24254 0.24265 0.24030 0.23582 0.23427 0.23597 0.23319 0.22783 0.22666 0.22877 0.22609 0.22056 0.21947 0.22158 0.21901 0.21332 0.21276 0.21456 0.21203 0.20613 0.20653 0.20791 0.20476 0.20071 0.20096 0.20025 0.19727 0.19684 0.19636 0.19220 0.19017 0.19299 0.19137 0.18530 0.18380 0.18806 0.18619 0.17999 0.17774 0.18206 0.18016 0.17539 0.17570 0.17644 0.17423 0.17039 0.17121 0.17238 0.16965 0.16499 0.16684 0.16911 0.16476 0.16141 0.16343 0.16203 0.15953 0.16142 0.16071 0.15565 0.15469 0.15880 0.15774 0.15276 0.15087 0.14975 0.14122 0.12989 0.12010 0.11289 0.10365 0.09497 0.08779 0.07845 0.06873 0.06187 0.05647 0.04899 0.04126 0.03513 0.02937 0.02251 0.01560 0.00943 0.00320 0.00000 0.00000 0.00000 0.00000 0.00000 0.00000 0.00000 0.00000 0.00000 0.00000 0.00000 0.00000 0.00000 0.00000 0.00000 0.00000 0.00000 0.00000 0.00000 0.00000 0.00000 0.00000 0.00000 0.00000 0.00000 0.00000 0.00000 0.00000 0.00000 0.00000 0.00000 0.00000 0.00000 0.00000 0.00000 0.00000 0.00000 0.00000 0.00000 0.00000 0.00000 0.00000 0.00000 0.00000 0.00000 0.00000 0.00000 0.00000 0.00000 0.00000 0.00000 0.00000 0.00000 0.00000 0.00000
0.00000 0.00000 0.00000 0.00000 0.00000 0.00000 0.00000 0.00000 0.00000 0.00000 0.00000 0.00000 0.00000 0.00000 0.00000 0.00000 0.00000 0.00000 0.00000 0.00000 0.00000 0.00000 0.00000 0.00000 0.00000 0.00000 0.00000 0.00000 0.00000 0.00000 0.00000 0.00000 0.00000 0.00000 0.00000 0.02685 0.08074 0.13490 0.18720 0.23960 0.29329 0.34661 0.39687 0.44839 0.50174 0.50927 0.47289 0.43743 0.40331 0.36737 0.33290 0.29857 0.26399 0.22916 0.19576 0.19559 0.22732 0.25854 0.29183 0.32469 0.35440 0.38368 0.41755 0.44963 0.47830 0.49133 0.49094 0.49046 0.48761 0.48339 0.48298 0.48356 0.47990 0.47665 0.47527 0.47480 0.47153 0.46925 0.46787 0.46654 0.46313 0.46071 0.45991 0.45832 0.45505 0.45208 0.45127 0.45001 0.44699 0.44300 0.44267 0.44135 0.43858 0.43375 0.43398 0.43098 0.43019 0.42947 0.42459 0.42146 0.42198 0.42066 0.41530 0.41264 0.41333 0.41151 0.40611 0.40365 0.40417 0.40258 0.39683 0.39431 0.39515 0.39329 0.38740 0.38484 0.38607 0.38370 0.37795 0.37588 0.37685 0.37391 0.36863 0.36726 0.36712 0.36391 0.35918 0.35831 0.35672 0.35359 0.35160 0.34926 0.34768 0.34276 0.34260 0.34133 0.33794 0.33438 0.33336 0.33033 0.32823 0.32846 0.32458 0.32065 0.31844 0.31856 0.31574 0.30994 0.30885 0.30974 0.30653 0.30225 0.30013 0.29970 0.29677 0.29442 0.29341 0.29003 0.28660 0.28646 0.28559 0.28082 0.27750 0.27839 0.27663 0.27194 0.27060 0.27025 0.26674 0.26325 0.26356 0.26215 0.25749 0.25466 0.25546 0.25449 0.24879 0.24650 0.24663 0.24682 0.24311 0.23919 0.23920 0.23874 0.23580 0.23192 0.23160 0.23105 0.22845 0.22503 0.22407 0.22367 0.22151 0.21829 0.21664 0.21674 0.21486 0.21152 0.20894 0.21027 0.20926 0.20460 0.20147 0.20440 0.20375 0.19735 0.19618 0.19926 0.19631 0.19103 0.19244 0.19361 0.18841 0.18534 0.18907 0.18752 0.18157 0.18019 0.18451 0.18087 0.17640 0.17824 0.17898 0.17512 0.17149 0.17388 0.17433 0.17055 0.16637 0.16944 0.17007 0.16583 0.16415 0.16571 0.16334 0.16081 0.16479 0.16281 0.15648 0.15624 0.16049 0.15978 0.15436 0.15239 0.15514 0.15151 0.13808 0.12477 0.11651 0.10833 0.09668 0.08528 0.07586 0.06572 0.05633 0.04935 0.04350 0.03745 0.03278 0.02830 0.02273 0.01719 0.01239 0.00759 0.00249 0.00000 0.00000 0.00000 0.00000 0.00000 0.00000 0.00000 0.00000 0.00000 0.00000 0.00000 0.00000 0.00000 0.00000 0.00000 0.00000 0.00000 0.00000 0.00000 0.00000 0.00000 0.00000 0.00000 0.00000 0.00000 0.00000 0.00000 0.00000 0.00000 0.00000 0.00000 0.00000 0.00000 0.00000 0.00000 0.00000 0.00000 0.00000 0.00000 0.00000 0.00000 0.00000 0.00000 0.00000 0.00000 0.00000 0.00000 0.00000 0.00000 0.00000 0.00000 0.00000 0.00000 0.00000 0.00000
0.00000 0.00000 0.00000 0.00000 0.00000 0.00000 0.00000 0.00000 0.00000 0.00000 0.00000 0.00000 0.00000 0.00000 0.00000 0.00000 0.00000 0.00000 0.00000 0.00000 0.00000 0.00000 0.00000 0.00000 0.00000 0.00000 0.00000 0.00000 0.00000 0.00000 0.00000 0.00000 0.00000 0.00000 0.00000 0.02695 0.08048 0.13377 0.18720 0.23977 0.29264 0.34528 0.39622 0.44685 0.50078 0.50733 0.46282 0.42257 0.38478 0.34504 0.30242 0.26349 0.22565 0.18618 0.14607 0.14595 0.18463 0.22155 0.25669 0.29436 0.33278 0.36847 0.40177 0.43844 0.47503 0.49306 0.48986 0.48638 0.48681 0.48576 0.48126 0.47868 0.48039 0.47744 0.47343 0.47144 0.47206 0.46867 0.46519 0.46426 0.46376 0.46014 0.45671 0.45613 0.45530 0.45217 0.44833 0.44748 0.44671 0.44412 0.43924 0.43905 0.43794 0.43540 0.43067 0.43060 0.42732 0.42664 0.42691 0.42170 0.41795 0.41798 0.41739 0.41257 0.40911 0.40905 0.40828 0.40336 0.40001 0.39989 0.39922 0.39384 0.39075 0.39138 0.38964 0.38431 0.38174 0.38253 0.37965 0.37479 0.37346 0.37343 0.36938 0.36525 0.36513 0.36372 0.35920 0.35598 0.35614 0.35203 0.34900 0.35061 0.34648 0.34252 0.34064 0.34097 0.33603 0.33296 0.33286 0.33184 0.32660 0.32351 0.32370 0.32272 0.31948 0.31426 0.31375 0.31334 0.30733 0.30511 0.30722 0.30434 0.29842 0.29608 0.29816 0.29600 0.28979 0.28809 0.28942 0.28630 0.28125 0.28056 0.28091 0.27589 0.27284 0.27425 0.27246 0.26659 0.26448 0.26662 0.26406 0.25823 0.25628 0.25823 0.25574 0.24972 0.24882 0.24999 0.24728 0.24154 0.24216 0.23977 0.23885 0.23955 0.23533 0.23135 0.23082 0.23203 0.22876 0.22396 0.22311 0.22504 0.22227 0.21693 0.21604 0.21802 0.21549 0.20970 0.20970 0.21149 0.20848 0.20325 0.20399 0.20464 0.20104 0.19906 0.19947 0.19650 0.19365 0.19559 0.19503 0.18884 0.18722 0.19145 0.18977 0.18319 0.18135 0.18574 0.18497 0.17892 0.17694 0.17960 0.17900 0.17463 0.17321 0.17461 0.17411 0.16940 0.16903 0.17162 0.16945 0.16408 0.16541 0.16780 0.16448 0.16238 0.16265 0.15977 0.15940 0.16213 0.16016 0.15521 0.15496 0.15830 0.15713 0.14756 0.13457 0.12480 0.11299 0.10024 0.08854 0.07708 0.06486 0.05377 0.04329 0.03527 0.03070 0.02721 0.02411 0.02017 0.01605 0.01247 0.00907 0.00542 0.00176 0.00000 0.00000 0.00000 0.00000 0.00000 0.00000 0.00000 0.00000 0.00000 0.00000 0.00000 0.00000 0.00000 0.00000 0.00000 0.00000 0.00000 0.00000 0.00000 0.00000 0.00000 0.00000 0.00000 0.00000 0.00000 0.00000 0.00000 0.00000 0.00000 0.00000 0.00000 0.00000 0.00000 0.00000 0.00000 0.00000 0.00000 0.00000 0.00000 0.00000 0.00000 0.00000 0.00000 0.00000 0.00000 0.00000 0.00000 0.00000 0.00000 0.00000 0.00000 0.00000 0.00000 0.00000 0.00000
0.00000 0.00000 0.00000 0.00000 0.00000 0.00000 0.00000 0.00000 0.00000 0.00000 0.00000 0.00000 0.00000 0.00000 0.00000 0.00000 0.00000 0.00000 0.00000 0.00000 0.00000 0.00000 0.00000 0.00000 0.00000 0.00000 0.00000 0.00000 0.00000 0.00000 0.00000 0.00000 0.00000 0.00000 0.00000 0.02699 0.08024 0.13324 0.18699 0.24033 0.29091 0.34330 0.39668 0.44819 0.49778 0.50088 0.45635 0.40955 0.36459 0.31981 0.27488 0.22954 0.18588 0.14214 0.09799 0.09740 0.14045 0.18342 0.22474 0.26523 0.30816 0.35085 0.39056 0.42962 0.47059 0.49030 0.48962 0.48718 0.48366 0.48346 0.48209 0.47919 0.47593 0.47607 0.47357 0.47068 0.46883 0.46828 0.46480 0.46176 0.46152 0.46024 0.45667 0.45326 0.45293 0.45183 0.44912 0.44487 0.44398 0.44322 0.44106 0.43510 0.43544 0.43463 0.43215 0.43023 0.42707 0.42383 0.42316 0.42323 0.41830 0.41477 0.41449 0.41357 0.40903 0.40618 0.40568 0.40439 0.39935 0.39693 0.39715 0.39554 0.38973 0.38730 0.38880 0.38638 0.38045 0.37787 0.37951 0.37697 0.37129 0.36913 0.36976 0.36723 0.36244 0.36041 0.35900 0.35733 0.35472 0.35114 0.34922 0.34701 0.34669 0.34127 0.34041 0.33762 0.33650 0.33456 0.33113 0.32787 0.32736 0.32576 0.32156 0.32090 0.31863 0.31468 0.31191 0.31222 0.30979 0.30553 0.30276 0.30300 0.30064 0.29782 0.29497 0.29321 0.29081 0.28959 0.28786 0.28414 0.28077 0.28122 0.28000 0.27560 0.27259 0.27289 0.27121 0.26713 0.26596 0.26478 0.26169 0.25861 0.25834 0.25707 0.25295 0.25007 0.24971 0.24998 0.24615 0.24198 0.24008 0.24269 0.24002 0.23448 0.23501 0.23499 0.23166 0.22731 0.22779 0.22760 0.22460 0.22138 0.22050 0.22019 0.21794 0.21485 0.21308 0.21360 0.21195 0.20812 0.20533 0.20761 0.20701 0.20097 0.19882 0.20249 0.20066 0.19429 0.19457 0.19710 0.19278 0.18890 0.19160 0.19118 0.18527 0.18351 0.18787 0.18542 0.17966 0.17924 0.18261 0.17980 0.17523 0.17546 0.17727 0.17517 0.17014 0.17135 0.17339 0.17066 0.16554 0.16757 0.16851 0.16574 0.16548 0.16458 0.16101 0.16077 0.16448 0.16218 0.15651 0.15648 0.15958 0.15940 0.15543 0.14636 0.13477 0.12304 0.10813 0.09285 0.08036 0.06785 0.05482 0.04176 0.02873 0.02083 0.01882 0.01691 0.01442 0.01187 0.00977 0.00773 0.00547 0.00321 0.00107 0.00000 0.00000 0.00000 0.00000 0.00000 0.00000 0.00000 0.00000 0.00000 0.00000 0.00000 0.00000 0.00000 0.00000 0.00000 0.00000 0.00000 0.00000 0.00000 0.00000 0.00000 0.00000 0.00000 0.00000 0.00000 0.00000 0.00000 0.00000 0.00000 0.00000 0.00000 0.00000 0.00000 0.00000 0.00000 0.00000 0.00000 0.00000 0.00000 0.00000 0.00000 0.00000 0.00000 0.00000 0.00000 0.00000 0.00000 0.00000 0.00000 0.00000 0.00000 0.00000 0.00000 0.00000 0.00000
0.00000 0.00000 0.00000 0.00000 0.00000 0.00000 0.00000 0.00000 0.00000 0.00000 0.00000 0.00000 0.00000 0.00000 0.00000 0.00000 0.00000 0.00000 0.00000 0.00000 0.00000 0.00000 0.00000 0.00000 0.00000 0.00000 0.00000 0.00000 0.00000 0.00000 0.00000 0.00000 0.00000 0.00000 0.00000 0.02680 0.08034 0.13332 0.18633 0.23916 0.29110 0.34202 0.39572 0.44867 0.49634 0.49541 0.44799 0.39791 0.34417 0.29479 0.24667 0.19688 0.14634 0.09792 0.04974 0.04947 0.09669 0.14429 0.19259 0.23911 0.28339 0.33026 0.37798 0.42404 0.46852 0.48730 0.48623 0.48758 0.48467 0.47963 0.48024 0.47949 0.47581 0.47211 0.47310 0.47074 0.46673 0.46541 0.46545 0.46181 0.45770 0.45790 0.45716 0.45377 0.44953 0.44912 0.44840 0.44635 0.44143 0.44035 0.43962 0.43785 0.43123 0.43218 0.43103 0.42847 0.42887 0.42433 0.42025 0.41915 0.41976 0.41577 0.41132 0.41019 0.41029 0.40652 0.40254 0.40114 0.40129 0.39651 0.39310 0.39348 0.39228 0.38660 0.38376 0.38529 0.38268 0.37715 0.37507 0.37615 0.37269 0.36769 0.36700 0.36670 0.36255 0.35862 0.35837 0.35627 0.35263 0.35311 0.34891 0.34533 0.34289 0.34424 0.33818 0.33571 0.33639 0.33478 0.33022 0.32641 0.32591 0.32570 0.32346 0.31718 0.31564 0.31647 0.31283 0.30812 0.31044 0.30731 0.30197 0.29922 0.30151 0.29894 0.29295 0.29063 0.29254 0.29037 0.28429 0.28231 0.28411 0.28065 0.27578 0.27530 0.27588 0.27062 0.26748 0.26949 0.26767 0.26163 0.25924 0.26172 0.25955 0.25323 0.25127 0.25353 0.25157 0.24475 0.24412 0.24552 0.24337 0.24177 0.23732 0.23491 0.23528 0.23541 0.23064 0.22733 0.22712 0.22833 0.22543 0.22032 0.21934 0.22151 0.21899 0.21336 0.21274 0.21486 0.21219 0.20638 0.20693 0.20862 0.20494 0.20124 0.20223 0.20103 0.19737 0.19781 0.19833 0.19287 0.19071 0.19443 0.19334 0.18629 0.18501 0.18944 0.18807 0.18199 0.17969 0.18325 0.18322 0.17823 0.17528 0.17755 0.17855 0.17374 0.17129 0.17361 0.17402 0.16794 0.16731 0.17140 0.16939 0.16440 0.16415 0.16538 0.16470 0.16400 0.16181 0.15838 0.15989 0.16221 0.15950 0.15553 0.15578 0.15021 0.13427 0.11779 0.10219 0.08781 0.07287 0.05821 0.04388 0.02911 0.01441 0.00707 0.00645 0.00563 0.00475 0.00401 0.00333 0.00260 0.00182 0.00108 0.00036 0.00000 0.00000 0.00000 0.00000 0.00000 0.00000 0.00000 0.00000 0.00000 0.00000 0.00000 0.00000 0.00000 0.00000 0.00000 0.00000 0.00000 0.00000 0.00000 0.00000 0.00000 0.00000 0.00000 0.00000 0.00000 0.00000 0.00000 0.00000 0.00000 0.00000 0.00000 0.00000 0.00000 0.00000 0.00000 0.00000 0.00000 0.00000 0.00000 0.00000 0.00000 0.00000 0.00000 0.00000 0.00000 0.00000 0.00000 0.00000 0.00000 0.00000 0.00000 0.00000 0.00000 0.00000 0.00000
0.00000 0.00000 0.00000 0.00000 0.00000 0.00000 0.00000 0.00000 0.00000 0.00000 0.00000 0.00000 0.00000 0.00000 0.00000 0.00000 0.00000 0.00000 0.00000 0.00000 0.00000 0.00000 0.00000 0.00000 0.00000 0.00137 0.00411 0.00680 0.00951 0.01222 0.01486 0.01752 0.02028 0.02290 0.02540 0.05070 0.09915 0.14695 0.19307 0.24056 0.28920 0.33542 0.37929 0.42686 0.47484 0.47024 0.41898 0.36954 0.31967 0.26845 0.21948 0.17060 0.12121 0.07224 0.02408 0.02534 0.07549 0.12508 0.17493 0.22492 0.27339 0.32098 0.36912 0.41785 0.46666 0.48959 0.48444 0.48288 0.48415 0.48180 0.47665 0.47622 0.47586 0.47308 0.46935 0.46932 0.46692 0.46336 0.46268 0.46200 0.45825 0.45410 0.45475 0.45372 0.45080 0.44625 0.44557 0.44496 0.44345 0.43821 0.43674 0.43634 0.43470 0.42998 0.42869 0.42665 0.42512 0.42543 0.42097 0.41679 0.41578 0.41570 0.41230 0.40870 0.40679 0.40608 0.40260 0.39987 0.39788 0.39724 0.39209 0.39010 0.39134 0.38862 0.38314 0.38032 0.38209 0.37960 0.37395 0.37111 0.37234 0.37027 0.36509 0.36245 0.36197 0.36068 0.35732 0.35343 0.35081 0.35111 0.35050 0.34367 0.34222 0.34221 0.34005 0.33490 0.33368 0.33120 0.33029 0.32955 0.32462 0.32239 0.32139 0.31972 0.31509 0.31317 0.31268 0.31000 0.30571 0.30554 0.30397 0.30162 0.29724 0.29624 0.29492 0.29282 0.28981 0.28729 0.28505 0.28418 0.28225 0.27903 0.27532 0.27558 0.27493 0.27097 0.26815 0.26732 0.26605 0.26268 0.26102 0.25947 0.25702 0.25419 0.25305 0.25232 0.24879 0.24565 0.24420 0.24569 0.24284 0.23765 0.23854 0.23851 0.23500 0.23013 0.23143 0.23102 0.22773 0.22436 0.22408 0.22356 0.22119 0.21846 0.21688 0.21674 0.21493 0.21167 0.20944 0.21074 0.20976 0.20472 0.20210 0.20554 0.20457 0.19765 0.19685 0.20048 0.19728 0.19221 0.19368 0.19469 0.18932 0.18718 0.19087 0.18918 0.18298 0.18191 0.18626 0.18403 0.17846 0.17728 0.18076 0.17943 0.17409 0.17319 0.17616 0.17512 0.16847 0.16922 0.17279 0.17079 0.16668 0.16585 0.16607 0.16566 0.16547 0.16139 0.15694 0.15760 0.15932 0.15633 0.15150 0.15034 0.15109 0.14365 0.12671 0.10953 0.09513 0.08141 0.06628 0.05061 0.03601 0.02150 0.00721 0.00000 0.00000 0.00000 0.00000 0.00000 0.00000 0.00000 0.00000 0.00000 0.00000 0.00000 0.00000 0.00000 0.00000 0.00000 0.00000 0.00000 0.00000 0.00000 0.00000 0.00000 0.00000 0.00000 0.00000 0.00000 0.00000 0.00000 0.00000 0.00000 0.00000 0.00000 0.00000 0.00000 0.00000 0.00000 0.00000 0.00000 0.00000 0.00000 0.00000 0.00000 0.00000 0.00000 0.00000 0.00000 0.00000 0.00000 0.00000 0.00000 0.00000 0.00000 0.00000 0.00000 0.00000 0.00000 0.00000 0.00000 0.00000 0.00000 0.00000 0.00000 0.00000 0.00000 0.00000 0.00000
0.00000 0.00000 0.00000 0.00000 0.00000 0.00000 0.00000 0.00000 0.00000 0.00000 0.00000 0.00000 0.00000 0.00000 0.00000 0.00000 0.00000 0.00000 0.00000 0.00000 0.00000 0.00000 0.00000 0.00000 0.00000 0.00409 0.01222 0.02036 0.02857 0.03665 0.04448 0.05245 0.06053 0.06855 0.07628 0.09869 0.13587 0.17304 0.20933 0.24511 0.28247 0.31975 0.35335 0.38769 0.42625 0.42243 0.37320 0.32832 0.28587 0.24127 0.19503 0.15153 0.10860 0.06485 0.02139 0.02514 0.07565 0.12539 0.17396 0.22305 0.27338 0.32202 0.36912 0.41505 0.46323 0.48893 0.48665 0.48077 0.47982 0.48130 0.47837 0.47299 0.47327 0.47289 0.46929 0.46601 0.46654 0.46388 0.45911 0.45943 0.45906 0.45519 0.45011 0.45107 0.45041 0.44794 0.44315 0.44197 0.44111 0.44030 0.43555 0.43340 0.43270 0.43099 0.42977 0.42598 0.42268 0.42100 0.42197 0.41850 0.41343 0.41153 0.41227 0.40976 0.40518 0.40237 0.40299 0.40007 0.39585 0.39321 0.39442 0.38924 0.38612 0.38796 0.38542 0.37966 0.37700 0.37879 0.37576 0.37018 0.36869 0.36936 0.36581 0.36099 0.36044 0.35949 0.35603 0.35328 0.35142 0.34863 0.34663 0.34673 0.34159 0.33841 0.33879 0.33770 0.33152 0.32921 0.32909 0.32865 0.32625 0.32012 0.31873 0.31957 0.31690 0.31103 0.31001 0.31041 0.30625 0.30218 0.30457 0.30181 0.29624 0.29365 0.29567 0.29370 0.28732 0.28523 0.28721 0.28488 0.27877 0.27658 0.27905 0.27547 0.27054 0.27069 0.27093 0.26568 0.26245 0.26471 0.26289 0.25679 0.25433 0.25690 0.25511 0.24846 0.24665 0.24893 0.24741 0.24002 0.23968 0.23974 0.23948 0.23884 0.23252 0.23092 0.23163 0.23150 0.22692 0.22355 0.22307 0.22492 0.22268 0.21676 0.21580 0.21829 0.21586 0.20990 0.20979 0.21208 0.20886 0.20382 0.20479 0.20543 0.20131 0.19992 0.20115 0.19733 0.19425 0.19691 0.19682 0.18973 0.18848 0.19292 0.19151 0.18481 0.18319 0.18707 0.18642 0.18129 0.17823 0.18107 0.18202 0.17748 0.17387 0.17612 0.17780 0.17264 0.16992 0.17336 0.17361 0.16762 0.16612 0.17006 0.16953 0.16471 0.15943 0.15685 0.15655 0.15389 0.14786 0.14268 0.14252 0.14130 0.13653 0.12670 0.11320 0.10005 0.08647 0.07294 0.05908 0.04557 0.03236 0.01951 0.00659 0.00000 0.00000 0.00000 0.00000 0.00000 0.00000 0.00000 0.00000 0.00000 0.00000 0.00000 0.00000 0.00000 0.00000 0.00000 0.00000 0.00000 0.00000 0.00000 0.00000 0.00000 0.00000 0.00000 0.00000 0.00000 0.00000 0.00000 0.00000 0.00000 0.00000 0.00000 0.00000 0.00000 0.00000 0.00000 0.00000 0.00000 0.00000 0.00000 0.00000 0.00000 0.00000 0.00000 0.00000 0.00000 0.00000 0.00000 0.00000 0.00000 0.00000 0.00000 0.00000 0.00000 0.00000 0.00000 0.00000 0.00000 0.00000 0.00000 0.00000 0.00000 0.00000 0.00000 0.00000 0.00000
0.00000 0.00000 0.00000 0.00000 0.00000 0.00000 0.00000 0.00000 0.00000 0.00000 0.00000 0.00000 0.00000 0.00000 0.00000 0.00000 0.00000 0.00000 0.00000 0.00000 0.00000 0.00000 0.00000 0.00000 0.00000 0.00681 0.02036 0.03385 0.04734 0.06091 0.07454 0.08729 0.10023 0.11378 0.12762 0.14670 0.17206 0.19853 0.22617 0.25119 0.27476 0.30148 0.32909 0.35241 0.37581 0.36999 0.33121 0.28953 0.25032 0.21197 0.17279 0.13329 0.09515 0.05711 0.01892 0.02507 0.07510 0.12510 0.17426 0.22298 0.27121 0.31990 0.36913 0.41736 0.46112 0.48378 0.48574 0.48377 0.47771 0.47629 0.47789 0.47547 0.46996 0.46956 0.46932 0.46616 0.46327 0.46305 0.46018 0.45543 0.45642 0.45559 0.45200 0.44661 0.44748 0.44705 0.44532 0.44077 0.43829 0.43768 0.43725 0.43308 0.42983 0.42901 0.42774 0.42690 0.42252 0.41883 0.41773 0.41782 0.41505 0.41099 0.40830 0.40779 0.40610 0.40295 0.39887 0.39854 0.39605 0.39325 0.39081 0.39036 0.38655 0.38312 0.38449 0.38191 0.37674 0.37346 0.37490 0.37296 0.36746 0.36450 0.36483 0.36370 0.35938 0.35569 0.35406 0.35438 0.35239 0.34640 0.34407 0.34525 0.34337 0.33667 0.33565 0.33610 0.33341 0.33005 0.32746 0.32521 0.32414 0.32319 0.31829 0.31564 0.31544 0.31389 0.30889 0.30654 0.30681 0.30534 0.30006 0.29888 0.29829 0.29599 0.29216 0.29044 0.28927 0.28709 0.28446 0.28232 0.27953 0.27833 0.27704 0.27460 0.27031 0.26988 0.27031 0.26663 0.26337 0.26193 0.26129 0.25831 0.25595 0.25455 0.25252 0.24976 0.24825 0.24805 0.24405 0.24133 0.24223 0.24152 0.23653 0.23358 0.23568 0.23422 0.23081 0.22656 0.22752 0.22660 0.22449 0.22245 0.22025 0.21967 0.21828 0.21549 0.21319 0.21370 0.21263 0.20845 0.20587 0.20847 0.20786 0.20129 0.19961 0.20374 0.20162 0.19535 0.19567 0.19813 0.19377 0.19057 0.19327 0.19270 0.18653 0.18532 0.18970 0.18777 0.18156 0.18018 0.18450 0.18319 0.17745 0.17559 0.17935 0.17909 0.17276 0.17165 0.17575 0.17500 0.16926 0.16779 0.17092 0.17105 0.16881 0.16250 0.15766 0.15616 0.15256 0.14450 0.13782 0.13541 0.13252 0.12727 0.12124 0.11222 0.10055 0.08967 0.07732 0.06373 0.05198 0.04095 0.02924 0.01736 0.00578 0.00000 0.00000 0.00000 0.00000 0.00000 0.00000 0.00000 0.00000 0.00000 0.00000 0.00000 0.00000 0.00000 0.00000 0.00000 0.00000 0.00000 0.00000 0.00000 0.00000 0.00000 0.00000 0.00000 0.00000 0.00000 0.00000 0.00000 0.00000 0.00000 0.00000 0.00000 0.00000 0.00000 0.00000 0.00000 0.00000 0.00000 0.00000 0.00000 0.00000 0.00000 0.00000 0.00000 0.00000 0.00000 0.00000 0.00000 0.00000 0.00000 0.00000 0.00000 0.00000 0.00000 0.00000 0.00000 0.00000 0.00000 0.00000 0.00000 0.00000 0.00000 0.00000 0.00000 0.00000 0.00000
0.00000 0.00000 0.00000 0.00000 0.00000 0.00000 0.00000 0.00000 0.00000 0.00000 0.00000 0.00000 0.00000 0.00000 0.00000 0.00000 0.00000 0.00000 0.00000 0.00000 0.00000 0.00000 0.00000 0.00000 0.00000 0.00948 0.02865 0.04761 0.06592 0.08458 0.10403 0.12285 0.14019 0.15857 0.17758 0.19482 0.20922 0.22427 0.24050 0.25649 0.26998 0.28403 0.30099 0.31704 0.32867 0.31826 0.28624 0.25225 0.21579 0.18222 0.14976 0.11604 0.08195 0.04909 0.01642 0.02513 0.07471 0.12418 0.17422 0.22316 0.27107 0.31811 0.36667 0.41639 0.46345 0.48201 0.48057 0.48267 0.48036 0.47430 0.47339 0.47472 0.47198 0.46658 0.46668 0.46619 0.46253 0.46036 0.46060 0.45689 0.45176 0.45313 0.45263 0.44873 0.44335 0.44387 0.44302 0.44230 0.43840 0.43489 0.43342 0.43358 0.43114 0.42693 0.42461 0.42354 0.42374 0.42022 0.41543 0.41339 0.41435 0.41243 0.40759 0.40414 0.40454 0.40336 0.39889 0.39476 0.39591 0.39370 0.38882 0.38942 0.38776 0.38267 0.37921 0.38138 0.37862 0.37276 0.37050 0.37193 0.36893 0.36327 0.36230 0.36238 0.35921 0.35490 0.35366 0.35205 0.34987 0.34807 0.34443 0.34142 0.34069 0.33996 0.33511 0.33187 0.33126 0.33145 0.32947 0.32299 0.32150 0.32262 0.32028 0.31397 0.31249 0.31354 0.31002 0.30502 0.30626 0.30478 0.29958 0.29653 0.29873 0.29665 0.29031 0.28829 0.29028 0.28838 0.28173 0.27973 0.28211 0.27986 0.27365 0.27152 0.27394 0.27059 0.26576 0.26636 0.26593 0.26086 0.25772 0.25988 0.25818 0.25211 0.24967 0.25228 0.25081 0.24375 0.24238 0.24454 0.24327 0.23867 0.23536 0.23520 0.23565 0.23471 0.22721 0.22697 0.22834 0.22812 0.22657 0.21995 0.21916 0.22176 0.21961 0.21333 0.21270 0.21543 0.21269 0.20690 0.20739 0.20929 0.20539 0.20222 0.20353 0.20180 0.19787 0.19914 0.19990 0.19376 0.19182 0.19590 0.19500 0.18772 0.18659 0.19094 0.18974 0.18402 0.18180 0.18498 0.18491 0.18055 0.17732 0.17947 0.18079 0.17702 0.17308 0.17490 0.17680 0.17253 0.16917 0.17327 0.17301 0.16890 0.16544 0.16460 0.16057 0.15273 0.14263 0.13628 0.13384 0.12779 0.11891 0.11158 0.10741 0.09966 0.08828 0.07762 0.06635 0.05572 0.04602 0.03594 0.02520 0.01493 0.00499 0.00000 0.00000 0.00000 0.00000 0.00000 0.00000 0.00000 0.00000 0.00000 0.00000 0.00000 0.00000 0.00000 0.00000 0.00000 0.00000 0.00000 0.00000 0.00000 0.00000 0.00000 0.00000 0.00000 0.00000 0.00000 0.00000 0.00000 0.00000 0.00000 0.00000 0.00000 0.00000 0.00000 0.00000 0.00000 0.00000 0.00000 0.00000 0.00000 0.00000 0.00000 0.00000 0.00000 0.00000 0.00000 0.00000 0.00000 0.00000 0.00000 0.00000 0.00000 0.00000 0.00000 0.00000 0.00000 0.00000 0.00000 0.00000 0.00000 0.00000 0.00000 0.00000 0.00000 0.00000 0.00000
0.00000 0.00000 0.00000 0.00000 0.00000 0.00000 0.00000 0.00000 0.00000 0.00000 0.00000 0.00000 0.00000 0.00000 0.00000 0.00000 0.00000 0.00000 0.00000 0.00000 0.00000 0.00000 0.00000 0.00000 0.00000 0.01217 0.03652 0.06107 0.08530 0.10861 0.13246 0.15739 0.18170 0.20348 0.22656 0.24163 0.24779 0.25098 0.25426 0.25988 0.26636 0.26931 0.27214 0.27811 0.28398 0.26952 0.24000 0.21224 0.18364 0.15386 0.12566 0.09791 0.06958 0.04142 0.01379 0.02508 0.07482 0.12407 0.17299 0.22197 0.27089 0.31945 0.36489 0.41182 0.46248 0.48534 0.47898 0.47710 0.47945 0.47743 0.47110 0.46992 0.47139 0.46897 0.46370 0.46308 0.46256 0.45942 0.45750 0.45729 0.45333 0.44986 0.44973 0.44878 0.44591 0.44275 0.44020 0.43945 0.43944 0.43563 0.43130 0.43017 0.43043 0.42815 0.42335 0.42106 0.42031 0.41964 0.41664 0.41298 0.41023 0.40961 0.40883 0.40569 0.40083 0.39982 0.39985 0.39656 0.39132 0.39147 0.39120 0.38623 0.38549 0.38383 0.37996 0.37614 0.37729 0.37535 0.36999 0.36677 0.36770 0.36642 0.36101 0.35791 0.35726 0.35729 0.35418 0.34888 0.34681 0.34817 0.34609 0.33963 0.33755 0.33909 0.33640 0.33070 0.32987 0.32956 0.32679 0.32509 0.32141 0.31885 0.31819 0.31661 0.31212 0.30902 0.30952 0.30846 0.30319 0.30126 0.30103 0.29907 0.29501 0.29359 0.29260 0.28984 0.28719 0.28561 0.28369 0.28098 0.27918 0.27808 0.27432 0.27245 0.27242 0.27041 0.26550 0.26443 0.26565 0.26230 0.25833 0.25691 0.25675 0.25384 0.25117 0.25024 0.24787 0.24524 0.24473 0.24418 0.23848 0.23714 0.24020 0.23729 0.23332 0.23009 0.23120 0.22911 0.22781 0.22721 0.22339 0.22206 0.22181 0.21959 0.21636 0.21653 0.21592 0.21222 0.20949 0.21129 0.21087 0.20508 0.20286 0.20672 0.20551 0.19854 0.19799 0.20164 0.19828 0.19368 0.19529 0.19602 0.19056 0.18876 0.19265 0.19125 0.18474 0.18353 0.18819 0.18671 0.18041 0.17879 0.18303 0.18246 0.17640 0.17451 0.17836 0.17863 0.17311 0.17069 0.17478 0.17490 0.17248 0.16702 0.16793 0.16733 0.15847 0.14577 0.13727 0.13314 0.12575 0.11564 0.10640 0.09978 0.09292 0.08495 0.07548 0.06501 0.05614 0.04854 0.03958 0.02970 0.02144 0.01299 0.00425 0.00000 0.00000 0.00000 0.00000 0.00000 0.00000 0.00000 0.00000 0.00000 0.00000 0.00000 0.00000 0.00000 0.00000 0.00000 0.00000 0.00000 0.00000 0.00000 0.00000 0.00000 0.00000 0.00000 0.00000 0.00000 0.00000 0.00000 0.00000 0.00000 0.00000 0.00000 0.00000 0.00000 0.00000 0.00000 0.00000 0.00000 0.00000 0.00000 0.00000 0.00000 0.00000 0.00000 0.00000 0.00000 0.00000 0.00000 0.00000 0.00000 0.00000 0.00000 0.00000 0.00000 0.00000 0.00000 0.00000 0.00000 0.00000 0.00000 0.00000 0.00000 0.00000 0.00000 0.00000 0.00000
0.00000 0.00000 0.00000 0.00000 0.00000 0.00000 0.00000 0.00000 0.00000 0.00000 0.00000 0.00000 0.00000 0.00000 0.00000 0.00000 0.00000 0.00000 0.00000 0.00000 0.00000 0.00000 0.00000 0.00000 0.00000 0.01497 0.04438 0.07382 0.10427 0.13375 0.16138 0.19043 0.22114 0.25013 0.27632 0.28775 0.28356 0.27797 0.27001 0.26364 0.25943 0.25427 0.24630 0.23990 0.23595 0.22155 0.19575 0.17216 0.14999 0.12656 0.10228 0.07938 0.05696 0.03401 0.01122 0.02488 0.07485 0.12413 0.17263 0.22077 0.26953 0.31857 0.36662 0.41094 0.45725 0.48369 0.48198 0.47585 0.47402 0.47614 0.47414 0.46778 0.46685 0.46813 0.46572 0.46078 0.46006 0.45909 0.45656 0.45477 0.45413 0.44962 0.44748 0.44640 0.44500 0.44235 0.44094 0.43677 0.43502 0.43598 0.43286 0.42808 0.42615 0.42636 0.42508 0.42100 0.41746 0.41572 0.41631 0.41436 0.40962 0.40612 0.40635 0.40586 0.40179 0.39719 0.39701 0.39654 0.39191 0.38898 0.38944 0.38607 0.38169 0.38332 0.38116 0.37540 0.37251 0.37452 0.37187 0.36578 0.36412 0.36502 0.36231 0.35652 0.35571 0.35535 0.35296 0.34964 0.34673 0.34480 0.34372 0.34176 0.33787 0.33468 0.33396 0.33337 0.33054 0.32583 0.32385 0.32539 0.32334 0.31692 0.31485 0.31667 0.31333 0.30795 0.30829 0.30781 0.30281 0.29925 0.30162 0.29956 0.29330 0.29112 0.29333 0.29149 0.28464 0.28290 0.28507 0.28317 0.27671 0.27433 0.27683 0.27498 0.26912 0.26707 0.26874 0.26565 0.26127 0.26178 0.26104 0.25616 0.25313 0.25525 0.25378 0.24753 0.24528 0.24804 0.24671 0.23939 0.23836 0.24025 0.23933 0.23724 0.23106 0.23053 0.23268 0.23145 0.22409 0.22322 0.22306 0.22502 0.22354 0.21661 0.21577 0.21877 0.21649 0.21027 0.21014 0.21266 0.20942 0.20495 0.20579 0.20590 0.20188 0.20142 0.20249 0.19808 0.19514 0.19856 0.19829 0.19107 0.18989 0.19458 0.19322 0.18657 0.18519 0.18907 0.18810 0.18309 0.18094 0.18353 0.18360 0.18001 0.17677 0.17795 0.17969 0.17864 0.17270 0.17176 0.17591 0.17348 0.16903 0.17033 0.17235 0.16537 0.15184 0.14309 0.13692 0.12652 0.11328 0.10388 0.09742 0.08811 0.07759 0.06907 0.06141 0.05389 0.04718 0.04010 0.03169 0.02438 0.01792 0.01080 0.00348 0.00000 0.00000 0.00000 0.00000 0.00000 0.00000 0.00000 0.00000 0.00000 0.00000 0.00000 0.00000 0.00000 0.00000 0.00000 0.00000 0.00000 0.00000 0.00000 0.00000 0.00000 0.00000 0.00000 0.00000 0.00000 0.00000 0.00000 0.00000 0.00000 0.00000 0.00000 0.00000 0.00000 0.00000 0.00000 0.00000 0.00000 0.00000 0.00000 0.00000 0.00000 0.00000 0.00000 0.00000 0.00000 0.00000 0.00000 0.00000 0.00000 0.00000 0.00000 0.00000 0.00000 0.00000 0.00000 0.00000 0.00000 0.00000 0.00000 0.00000 0.00000 0.00000 0.00000 0.00000 0.00000
0.00000 0.00000 0.00000 0.00000 0.00000 0.00000 0.00000 0.00000 0.00000 0.00000 0.00000 0.00000 0.00000 0.00000 0.00000 0.00000 0.00000 0.00000 0.00000 0.00000 0.00000 0.00000 0.00000 0.00000 0.00000 0.01763 0.05282 0.08711 0.12182 0.15778 0.19226 0.22464 0.25857 0.29469 0.32908 0.33493 0.31765 0.30259 0.28755 0.26946 0.25180 0.23679 0.22173 0.20417 0.18742 0.17124 0.15321 0.13378 0.11554 0.09806 0.07995 0.06158 0.04391 0.02641 0.00875 0.02483 0.07430 0.12383 0.17253 0.22127 0.26840 0.31560 0.36524 0.41356 0.45654 0.47782 0.48058 0.47907 0.47265 0.47071 0.47293 0.47110 0.46463 0.46347 0.46485 0.46265 0.45800 0.45645 0.45536 0.45409 0.45170 0.44926 0.44600 0.44555 0.44276 0.44020 0.44039 0.43798 0.43330 0.43206 0.43285 0.42895 0.42449 0.42337 0.42319 0.42096 0.41728 0.41504 0.41253 0.41151 0.41084 0.40791 0.40284 0.40144 0.40233 0.39949 0.39365 0.39236 0.39334 0.38951 0.38541 0.38517 0.38334 0.37908 0.37898 0.37737 0.37274 0.36932 0.37047 0.36885 0.36300 0.36022 0.36059 0.35996 0.35506 0.35128 0.34976 0.35088 0.34864 0.34215 0.34011 0.34177 0.33923 0.33329 0.33153 0.33267 0.32909 0.32590 0.32457 0.32264 0.32060 0.31828 0.31526 0.31226 0.31243 0.31088 0.30628 0.30419 0.30367 0.30202 0.29810 0.29677 0.29525 0.29251 0.29027 0.28889 0.28688 0.28354 0.28219 0.28137 0.27827 0.27498 0.27438 0.27402 0.26912 0.26694 0.26819 0.26616 0.26058 0.25936 0.26102 0.25788 0.25349 0.25241 0.25227 0.24929 0.24702 0.24649 0.24312 0.24081 0.24183 0.24044 0.23491 0.23316 0.23515 0.23319 0.23117 0.22816 0.22660 0.22514 0.22531 0.22367 0.21930 0.21937 0.21941 0.21600 0.21260 0.21413 0.21399 0.20886 0.20622 0.20948 0.20892 0.20201 0.20079 0.20495 0.20256 0.19659 0.19735 0.19943 0.19497 0.19207 0.19490 0.19444 0.18827 0.18697 0.19154 0.19012 0.18343 0.18215 0.18688 0.18583 0.17909 0.17780 0.18178 0.18181 0.17706 0.17374 0.17602 0.17825 0.17646 0.17022 0.17047 0.17464 0.17314 0.16161 0.15027 0.14342 0.13158 0.11662 0.10469 0.09622 0.08566 0.07410 0.06174 0.05349 0.04802 0.04306 0.03720 0.03032 0.02482 0.01980 0.01396 0.00819 0.00281 0.00000 0.00000 0.00000 0.00000 0.00000 0.00000 0.00000 0.00000 0.00000 0.00000 0.00000 0.00000 0.00000 0.00000 0.00000 0.00000 0.00000 0.00000 0.00000 0.00000 0.00000 0.00000 0.00000 0.00000 0.00000 0.00000 0.00000 0.00000 0.00000 0.00000 0.00000 0.00000 0.00000 0.00000 0.00000 0.00000 0.00000 0.00000 0.00000 0.00000 0.00000 0.00000 0.00000 0.00000 0.00000 0.00000 0.00000 0.00000 0.00000 0.00000 0.00000 0.00000 0.00000 0.00000 0.00000 0.00000 0.00000 0.00000 0.00000 0.00000 0.00000 0.00000 0.00000 0.00000 0.00000
0.00000 0.00000 0.00000 0.00000 0.00000 0.00000 0.00000 0.00000 0.00000 0.00000 0.00000 0.00000 0.00000 0.00000 0.00000 0.00000 0.00000 0.00000 0.00000 0.00000 0.00000 0.00000 0.00000 0.00000 0.00000 0.02011 0.06088 0.10129 0.13997 0.17970 0.22159 0.26101 0.29746 0.33669 0.37889 0.38420 0.35376 0.32670 0.30201 0.27540 0.24662 0.21960 0.19464 0.16861 0.14102 0.12126 0.10907 0.09606 0.08222 0.06937 0.05706 0.04420 0.03122 0.01869 0.00625 0.02488 0.07401 0.12298 0.17231 0.22047 0.26908 0.31537 0.36162 0.41139 0.45931 0.47776 0.47480 0.47723 0.47582 0.46948 0.46760 0.46966 0.46792 0.46144 0.46027 0.46136 0.45962 0.45556 0.45323 0.45143 0.45126 0.44896 0.44546 0.44164 0.44253 0.43982 0.43610 0.43804 0.43442 0.42988 0.42844 0.42907 0.42593 0.42172 0.41982 0.41866 0.41786 0.41522 0.41165 0.40800 0.40838 0.40805 0.40415 0.39945 0.39841 0.39873 0.39505 0.39096 0.39024 0.38883 0.38450 0.38422 0.38327 0.37808 0.37478 0.37688 0.37449 0.36834 0.36598 0.36769 0.36525 0.35882 0.35769 0.35816 0.35591 0.35058 0.34887 0.34810 0.34683 0.34396 0.33977 0.33835 0.33707 0.33453 0.33275 0.32910 0.32686 0.32705 0.32552 0.31980 0.31752 0.31979 0.31648 0.31099 0.30986 0.31084 0.30576 0.30210 0.30469 0.30243 0.29627 0.29378 0.29636 0.29444 0.28763 0.28581 0.28792 0.28628 0.27963 0.27755 0.27968 0.27813 0.27239 0.26926 0.27143 0.27011 0.26491 0.26270 0.26370 0.26084 0.25686 0.25717 0.25650 0.25162 0.24861 0.25106 0.24976 0.24305 0.24122 0.24408 0.24280 0.23633 0.23454 0.23432 0.23581 0.23506 0.22749 0.22647 0.22906 0.22826 0.22594 0.21985 0.21916 0.22191 0.22017 0.21373 0.21303 0.21578 0.21333 0.20811 0.20816 0.20946 0.20611 0.20399 0.20469 0.20218 0.19880 0.20104 0.20125 0.19483 0.19315 0.19770 0.19660 0.18940 0.18835 0.19306 0.19160 0.18542 0.18426 0.18783 0.18671 0.18181 0.18038 0.18249 0.18255 0.18109 0.17635 0.17514 0.17885 0.17875 0.17268 0.17156 0.17519 0.17350 0.16940 0.16312 0.15283 0.13868 0.12212 0.10968 0.09990 0.08634 0.07150 0.05901 0.04731 0.03900 0.03501 0.03104 0.02598 0.02176 0.01835 0.01431 0.00979 0.00591 0.00201 0.00000 0.00000 0.00000 0.00000 0.00000 0.00000 0.00000 0.00000 0.00000 0.00000 0.00000 0.00000 0.00000 0.00000 0.00000 0.00000 0.00000 0.00000 0.00000 0.00000 0.00000 0.00000 0.00000 0.00000 0.00000 0.00000 0.00000 0.00000 0.00000 0.00000 0.00000 0.00000 0.00000 0.00000 0.00000 0.00000 0.00000 0.00000 0.00000 0.00000 0.00000 0.00000 0.00000 0.00000 0.00000 0.00000 0.00000 0.00000 0.00000 0.00000 0.00000 0.00000 0.00000 0.00000 0.00000 0.00000 0.00000 0.00000 0.00000 0.00000 0.00000 0.00000 0.00000 0.00000 0.00000
0.00000 0.00000 0.00000 0.00000 0.00000 0.00000 0.00000 0.00000 0.00000 0.00000 0.00000 0.00000 0.00000 0.00000 0.00000 0.00000 0.00000 0.00000 0.00000 0.00000 0.00000 0.00000 0.00000 0.00000 0.00000 0.02278 0.06824 0.11452 0.16001 0.20329 0.24801 0.29523 0.33966 0.38090 0.42441 0.43023 0.39301 0.35309 0.31460 0.27884 0.24273 0.20449 0.16709 0.13144 0.09543 0.07279 0.06480 0.05736 0.04962 0.04154 0.03390 0.02646 0.01881 0.01118 0.00372 0.02486 0.07408 0.12277 0.17140 0.21989 0.26743 0.31682 0.36200 0.40710 0.45710 0.48048 0.47467 0.47173 0.47407 0.47269 0.46616 0.46437 0.46649 0.46472 0.45854 0.45682 0.45779 0.45658 0.45272 0.44953 0.44765 0.44823 0.44593 0.44105 0.43817 0.43954 0.43672 0.43249 0.43501 0.42995 0.42637 0.42626 0.42586 0.42166 0.41794 0.41767 0.41553 0.41321 0.41152 0.40990 0.40475 0.40342 0.40463 0.40189 0.39589 0.39365 0.39555 0.39249 0.38713 0.38586 0.38615 0.38207 0.37998 0.37914 0.37561 0.37210 0.37280 0.37083 0.36553 0.36270 0.36385 0.36243 0.35603 0.35370 0.35343 0.35342 0.35008 0.34475 0.34284 0.34412 0.34217 0.33555 0.33392 0.33544 0.33183 0.32830 0.32800 0.32601 0.32180 0.32015 0.31845 0.31677 0.31556 0.31044 0.30914 0.30887 0.30669 0.30447 0.30102 0.30029 0.29779 0.29514 0.29345 0.29218 0.28943 0.28609 0.28550 0.28439 0.28132 0.27751 0.27728 0.27729 0.27304 0.26953 0.27000 0.26980 0.26405 0.26192 0.26392 0.26180 0.25583 0.25472 0.25655 0.25341 0.24906 0.24849 0.24787 0.24480 0.24326 0.24304 0.23923 0.23669 0.23709 0.23680 0.23526 0.22948 0.22975 0.23028 0.22886 0.22618 0.22231 0.22291 0.22296 0.21960 0.21556 0.21705 0.21717 0.21255 0.20935 0.21217 0.21200 0.20569 0.20382 0.20791 0.20640 0.19960 0.19986 0.20299 0.19932 0.19511 0.19692 0.19758 0.19239 0.19039 0.19405 0.19329 0.18683 0.18547 0.19033 0.18922 0.18223 0.18115 0.18582 0.18506 0.17781 0.17701 0.18012 0.18132 0.17963 0.17331 0.17297 0.17792 0.17666 0.17032 0.16967 0.16697 0.15132 0.13167 0.11689 0.10556 0.09089 0.07491 0.05904 0.04548 0.03235 0.02390 0.02097 0.01807 0.01572 0.01361 0.01100 0.00834 0.00604 0.00364 0.00119 0.00000 0.00000 0.00000 0.00000 0.00000 0.00000 0.00000 0.00000 0.00000 0.00000 0.00000 0.00000 0.00000 0.00000 0.00000 0.00000 0.00000 0.00000 0.00000 0.00000 0.00000 0.00000 0.00000 0.00000 0.00000 0.00000 0.00000 0.00000 0.00000 0.00000 0.00000 0.00000 0.00000 0.00000 0.00000 0.00000 0.00000 0.00000 0.00000 0.00000 0.00000 0.00000 0.00000 0.00000 0.00000 0.00000 0.00000 0.00000 0.00000 0.00000 0.00000 0.00000 0.00000 0.00000 0.00000 0.00000 0.00000 0.00000 0.00000 0.00000 0.00000 0.00000 0.00000 0.00000 0.00000
0.00000 0.00000 0.00000 0.00000 0.00000 0.00000 0.00000 0.00000 0.00000 0.00000 0.00000 0.00000 0.00000 0.00000 0.00000 0.00000 0.00000 0.00000 0.00000 0.00000 0.00000 0.00000 0.00000 0.00000 0.00000 0.02562 0.07604 0.12647 0.17854 0.22892 0.27630 0.32617 0.37926 0.42806 0.47314 0.47350 0.42909 0.38042 0.33002 0.28200 0.23645 0.18953 0.14131 0.09459 0.04880 0.02437 0.02155 0.01894 0.01650 0.01392 0.01125 0.00873 0.00627 0.00374 0.00123 0.02464 0.07414 0.12267 0.17090 0.21922 0.26698 0.31375 0.36361 0.40832 0.45243 0.47785 0.47719 0.47165 0.46868 0.47079 0.46948 0.46283 0.46123 0.46312 0.46157 0.45585 0.45358 0.45375 0.45339 0.45049 0.44609 0.44353 0.44464 0.44368 0.43770 0.43620 0.43522 0.43259 0.43083 0.43168 0.42659 0.42311 0.42309 0.42169 0.41872 0.41550 0.41416 0.41051 0.41030 0.40970 0.40614 0.40147 0.40042 0.40091 0.39778 0.39334 0.39070 0.39113 0.38768 0.38552 0.38488 0.38084 0.37733 0.37868 0.37680 0.37077 0.36805 0.37036 0.36786 0.36160 0.35962 0.36078 0.35867 0.35206 0.35111 0.35135 0.34971 0.34603 0.34185 0.34169 0.34052 0.33702 0.33353 0.33345 0.32980 0.32658 0.32814 0.32474 0.32036 0.32076 0.31920 0.31419 0.31254 0.31391 0.30905 0.30522 0.30839 0.30532 0.29927 0.29654 0.29933 0.29720 0.29069 0.28860 0.29071 0.28918 0.28253 0.28053 0.28248 0.28123 0.27523 0.27242 0.27425 0.27333 0.26837 0.26461 0.26629 0.26535 0.26068 0.25824 0.25904 0.25633 0.25242 0.25289 0.25240 0.24718 0.24433 0.24730 0.24603 0.23907 0.23744 0.23981 0.23910 0.23761 0.23090 0.22996 0.23193 0.23159 0.22675 0.22312 0.22303 0.22499 0.22342 0.21702 0.21616 0.21873 0.21702 0.21146 0.21070 0.21260 0.21029 0.20684 0.20674 0.20589 0.20298 0.20373 0.20374 0.19868 0.19652 0.20040 0.19978 0.19270 0.19148 0.19650 0.19513 0.18815 0.18719 0.19181 0.19021 0.18391 0.18367 0.18692 0.18556 0.18062 0.17990 0.18085 0.18176 0.18218 0.17616 0.17398 0.17829 0.17737 0.17292 0.17225 0.17492 0.16546 0.14546 0.12916 0.11524 0.09783 0.07934 0.06359 0.04870 0.03229 0.01636 0.00794 0.00693 0.00605 0.00541 0.00456 0.00360 0.00280 0.00206 0.00122 0.00040 0.00000 0.00000 0.00000 0.00000 0.00000 0.00000 0.00000 0.00000 0.00000 0.00000 0.00000 0.00000 0.00000 0.00000 0.00000 0.00000 0.00000 0.00000 0.00000 0.00000 0.00000 0.00000 0.00000 0.00000 0.00000 0.00000 0.00000 0.00000 0.00000 0.00000 0.00000 0.00000 0.00000 0.00000 0.00000 0.00000 0.00000 0.00000 0.00000 0.00000 0.00000 0.00000 0.00000 0.00000 0.00000 0.00000 0.00000 0.00000 0.00000 0.00000 0.00000 0.00000 0.00000 0.00000 0.00000 0.00000 0.00000 0.00000 0.00000 0.00000 0.00000 0.00000 0.00000 0.00000 0.00000
0.00000 0.00000 0.00000 0.00000 0.00000 0.00000 0.00000 0.00000 0.00000 0.00000 0.00000 0.00000 0.00000 0.00000 0.00000 0.00000 0.00000 0.00000 0.00000 0.00000 0.00000 0.00000 0.00000 0.00000 0.00000 0.02557 0.07664 0.12623 0.17638 0.22837 0.27852 0.32555 0.37466 0.42687 0.47611 0.47202 0.42040 0.37197 0.32234 0.27077 0.22014 0.17152 0.12262 0.07295 0.02418 0.00128 0.00382 0.00631 0.00880 0.01135 0.01382 0.01617 0.01863 0.02118 0.02352 0.04787 0.09447 0.14122 0.18621 0.23206 0.27810 0.32188 0.36589 0.41280 0.45476 0.47330 0.47481 0.47383 0.46833 0.46553 0.46757 0.46625 0.45957 0.45798 0.45988 0.45716 0.44964 0.44455 0.44214 0.44014 0.43521 0.42797 0.42355 0.42275 0.41936 0.41250 0.41247 0.40996 0.40750 0.40841 0.40685 0.40115 0.39847 0.39977 0.39763 0.39474 0.39398 0.39672 0.39396 0.39439 0.39774 0.39694 0.39307 0.39274 0.39677 0.39491 0.38942 0.38606 0.38845 0.38527 0.38136 0.38107 0.37851 0.37477 0.37449 0.37254 0.36822 0.36545 0.36663 0.36430 0.35850 0.35620 0.35728 0.35591 0.34958 0.34715 0.34658 0.34661 0.34516 0.33887 0.33697 0.33652 0.33520 0.33168 0.32981 0.32835 0.32422 0.32323 0.32257 0.32017 0.31811 0.31334 0.31194 0.31296 0.31031 0.30522 0.30356 0.30435 0.30077 0.29757 0.29640 0.29554 0.29182 0.28867 0.28887 0.28738 0.28375 0.28020 0.28059 0.28007 0.27622 0.27225 0.27247 0.27308 0.26817 0.26468 0.26567 0.26541 0.25935 0.25729 0.25964 0.25741 0.25133 0.25054 0.25223 0.24907 0.24517 0.24496 0.24366 0.24069 0.23897 0.23956 0.23868 0.23301 0.23224 0.23338 0.23251 0.22664 0.22548 0.22710 0.22636 0.22276 0.21860 0.22012 0.22058 0.21620 0.21234 0.21485 0.21501 0.20947 0.20684 0.21053 0.20983 0.20296 0.20274 0.20632 0.20316 0.19791 0.19942 0.20098 0.19655 0.19366 0.19612 0.19620 0.19088 0.18884 0.19278 0.19246 0.18589 0.18437 0.18892 0.18842 0.18165 0.18034 0.18455 0.18401 0.18043 0.17431 0.17343 0.17694 0.17492 0.16768 0.16616 0.17008 0.16832 0.15394 0.13704 0.12405 0.10729 0.08815 0.07133 0.05613 0.04065 0.02441 0.00785 0.00000 0.00000 0.00000 0.00000 0.00000 0.00000 0.00000 0.00000 0.00000 0.00000 0.00000 0.00000 0.00000 0.00000 0.00000 0.00000 0.00000 0.00000 0.00000 0.00000 0.00000 0.00000 0.00000 0.00000 0.00000 0.00000 0.00000 0.00000 0.00000 0.00000 0.00000 0.00000 0.00000 0.00000 0.00000 0.00000 0.00000 0.00000 0.00000 0.00000 0.00000 0.00000 0.00000 0.00000 0.00000 0.00000 0.00000 0.00000 0.00000 0.00000 0.00000 0.00000 0.00000 0.00000 0.00000 0.00000 0.00000 0.00000 0.00000 0.00000 0.00000 0.00000 0.00000 0.00000 0.00000 0.00000 0.00000 0.00000 0.00000 0.00000 0.00000 0.00000 0.00000 0.00000 0.00000
0.00000 0.00000 0.00000 0.00000 0.00000 0.00000 0.00000 0.00000 0.00000 0.00000 0.00000 0.00000 0.00000 0.00000 0.00000 0.00000 0.00000 0.00000 0.00000 0.00000 0.00000 0.00000 0.00000 0.00000 0.00000 0.02264 0.06841 0.11369 0.15733 0.20206 0.24879 0.29298 0.33437 0.37826 0.42537 0.42375 0.37575 0.33028 0.28748 0.24278 0.19690 0.15237 0.10921 0.06551 0.02160 0.00380 0.01143 0.01902 0.02631 0.03373 0.04143 0.04875 0.05561 0.06293 0.07063 0.09474 0.13537 0.17698 0.21848 0.25724 0.29850 0.34013 0.37722 0.41636 0.45752 0.47432 0.47032 0.47160 0.47046 0.46490 0.46245 0.46433 0.46305 0.45636 0.45480 0.45258 0.44485 0.43402 0.42338 0.41547 0.40992 0.40164 0.38987 0.38123 0.37505 0.37066 0.36752 0.36755 0.36316 0.36112 0.36282 0.36088 0.35624 0.35415 0.35462 0.35511 0.35942 0.36298 0.36841 0.37055 0.37557 0.38199 0.38495 0.38724 0.38964 0.39324 0.39103 0.38764 0.38343 0.38333 0.38038 0.38031 0.37898 0.37325 0.37054 0.37273 0.37005 0.36404 0.36149 0.36363 0.36128 0.35525 0.35356 0.35385 0.35200 0.34678 0.34425 0.34481 0.34389 0.33999 0.33545 0.33704 0.33350 0.32971 0.33170 0.32968 0.32286 0.32066 0.32227 0.31924 0.31545 0.31599 0.31228 0.30922 0.30955 0.30816 0.30245 0.29947 0.30216 0.30000 0.29376 0.29141 0.29343 0.29178 0.28557 0.28349 0.28527 0.28403 0.27784 0.27542 0.27728 0.27646 0.27118 0.26761 0.26917 0.26878 0.26425 0.26013 0.26161 0.26090 0.25631 0.25389 0.25484 0.25201 0.24808 0.24904 0.24869 0.24268 0.24046 0.24354 0.24248 0.23655 0.23375 0.23386 0.23570 0.23485 0.22778 0.22649 0.22723 0.22822 0.22611 0.22034 0.21953 0.22169 0.22054 0.21472 0.21349 0.21558 0.21420 0.20983 0.20889 0.20930 0.20738 0.20660 0.20572 0.20226 0.20033 0.20325 0.20260 0.19611 0.19473 0.19940 0.19839 0.19146 0.19012 0.19523 0.19380 0.18698 0.18644 0.19070 0.18896 0.18264 0.18327 0.18588 0.18466 0.18037 0.17554 0.17189 0.17176 0.16846 0.16155 0.15794 0.15815 0.15454 0.14824 0.13939 0.12652 0.11081 0.09394 0.07956 0.06564 0.05076 0.03622 0.02152 0.00706 0.00000 0.00000 0.00000 0.00000 0.00000 0.00000 0.00000 0.00000 0.00000 0.00000 0.00000 0.00000 0.00000 0.00000 0.00000 0.00000 0.00000 0.00000 0.00000 0.00000 0.00000 0.00000 0.00000 0.00000 0.00000 0.00000 0.00000 0.00000 0.00000 0.00000 0.00000 0.00000 0.00000 0.00000 0.00000 0.00000 0.00000 0.00000 0.00000 0.00000 0.00000 0.00000 0.00000 0.00000 0.00000 0.00000 0.00000 0.00000 0.00000 0.00000 0.00000 0.00000 0.00000 0.00000 0.00000 0.00000 0.00000 0.00000 0.00000 0.00000 0.00000 0.00000 0.00000 0.00000 0.00000 0.00000 0.00000 0.00000 0.00000 0.00000 0.00000 0.00000 0.00000 0.00000 0.00000
0.00000 0.00000 0.00000 0.00000 0.00000 0.00000 0.00000 0.00000 0.00000 0.00000 0.00000 0.00000 0.00000 0.00000 0.00000 0.00000 0.00000 0.00000 0.00000 0.00000 0.00000 0.00000 0.00000 0.00000 0.00000 0.01992 0.05965 0.10014 0.13997 0.17786 0.21692 0.25780 0.29692 0.33346 0.37116 0.37239 0.33285 0.29172 0.25138 0.21297 0.17427 0.13464 0.09561 0.05741 0.01914 0.00632 0.01889 0.03155 0.04407 0.05607 0.06840 0.08112 0.09308 0.10444 0.11669 0.14166 0.17702 0.21220 0.24931 0.28500 0.31770 0.35413 0.39080 0.42233 0.45687 0.47427 0.47083 0.46704 0.46836 0.46717 0.46156 0.45924 0.46084 0.45982 0.45354 0.44592 0.43544 0.42360 0.40857 0.39360 0.38128 0.37155 0.35910 0.34319 0.33078 0.32575 0.32406 0.32209 0.32185 0.31816 0.31609 0.31726 0.31598 0.31159 0.30952 0.31624 0.32393 0.33115 0.34006 0.35023 0.35619 0.36328 0.37501 0.38239 0.38709 0.38809 0.39058 0.38800 0.38337 0.38127 0.38109 0.37748 0.37597 0.37487 0.37100 0.36851 0.36875 0.36530 0.36114 0.35890 0.36031 0.35838 0.35166 0.34976 0.35081 0.34908 0.34502 0.34189 0.34113 0.33900 0.33835 0.33532 0.33232 0.32908 0.32821 0.32771 0.32545 0.32124 0.31880 0.31669 0.31486 0.31586 0.31426 0.30743 0.30572 0.30767 0.30440 0.29976 0.29891 0.29881 0.29455 0.29122 0.29209 0.29056 0.28590 0.28293 0.28411 0.28279 0.27864 0.27521 0.27548 0.27598 0.27180 0.26763 0.26768 0.26866 0.26367 0.26012 0.26140 0.26103 0.25493 0.25297 0.25545 0.25319 0.24698 0.24674 0.24776 0.24514 0.24285 0.24142 0.23945 0.23724 0.23523 0.23574 0.23600 0.23029 0.22887 0.22895 0.22963 0.22588 0.22187 0.22292 0.22385 0.21989 0.21541 0.21754 0.21819 0.21327 0.20971 0.21300 0.21282 0.20672 0.20564 0.20907 0.20659 0.20087 0.20262 0.20452 0.19989 0.19651 0.19873 0.19927 0.19499 0.19225 0.19484 0.19523 0.19016 0.18758 0.19108 0.19180 0.18579 0.18358 0.18670 0.18768 0.18362 0.17754 0.17328 0.17258 0.16697 0.15651 0.15164 0.15150 0.14622 0.13660 0.13175 0.12646 0.11282 0.09640 0.08297 0.07150 0.05876 0.04515 0.03156 0.01884 0.00641 0.00000 0.00000 0.00000 0.00000 0.00000 0.00000 0.00000 0.00000 0.00000 0.00000 0.00000 0.00000 0.00000 0.00000 0.00000 0.00000 0.00000 0.00000 0.00000 0.00000 0.00000 0.00000 0.00000 0.00000 0.00000 0.00000 0.00000 0.00000 0.00000 0.00000 0.00000 0.00000 0.00000 0.00000 0.00000 0.00000 0.00000 0.00000 0.00000 0.00000 0.00000 0.00000 0.00000 0.00000 0.00000 0.00000 0.00000 0.00000 0.00000 0.00000 0.00000 0.00000 0.00000 0.00000 0.00000 0.00000 0.00000 0.00000 0.00000 0.00000 0.00000 0.00000 0.00000 0.00000 0.00000 0.00000 0.00000 0.00000 0.00000 0.00000 0.00000 0.00000 0.00000 0.00000 0.00000
0.00000 0.00000 0.00000 0.00000 0.00000 0.00000 0.00000 0.00000 0.00000 0.00000 0.00000 0.00000 0.00000 0.00000 0.00000 0.00000 0.00000 0.00000 0.00000 0.00000 0.00000 0.00000 0.00000 0.00000 0.00000 0.01735 0.05156 0.08584 0.12109 0.15508 0.18749 0.22129 0.25680 0.29006 0.32124 0.32026 0.28767 0.25311 0.21778 0.18339 0.15043 0.11692 0.08278 0.04945 0.01652 0.00889 0.02637 0.04382 0.06157 0.07890 0.09529 0.11246 0.13037 0.14681 0.16237 0.18683 0.21915 0.24840 0.27840 0.31115 0.34089 0.36827 0.39944 0.43082 0.45733 0.47204 0.47066 0.46721 0.46406 0.46522 0.46366 0.45802 0.45623 0.45729 0.45658 0.44325 0.42472 0.40876 0.39358 0.37527 0.35554 0.33871 0.32432 0.30774 0.28932 0.28103 0.27933 0.27756 0.27794 0.27733 0.27306 0.27182 0.27247 0.27112 0.26862 0.27364 0.28830 0.30053 0.31301 0.32582 0.33844 0.35046 0.36072 0.37435 0.38662 0.39024 0.38492 0.38550 0.38525 0.38217 0.37945 0.37571 0.37340 0.37473 0.37178 0.36632 0.36464 0.36630 0.36282 0.35767 0.35612 0.35676 0.35412 0.34932 0.34752 0.34724 0.34560 0.34193 0.33873 0.33996 0.33722 0.33277 0.33184 0.33207 0.32635 0.32330 0.32508 0.32330 0.31646 0.31470 0.31543 0.31393 0.31213 0.30997 0.30534 0.30286 0.30464 0.30292 0.29661 0.29418 0.29609 0.29445 0.28866 0.28667 0.28791 0.28626 0.28074 0.27827 0.28045 0.27945 0.27353 0.27075 0.27250 0.27180 0.26718 0.26308 0.26452 0.26447 0.25989 0.25580 0.25734 0.25668 0.25196 0.24955 0.25098 0.24775 0.24414 0.24688 0.24519 0.23896 0.23706 0.23901 0.23920 0.23789 0.23005 0.22969 0.23245 0.23161 0.22733 0.22358 0.22300 0.22491 0.22402 0.21802 0.21643 0.21853 0.21788 0.21290 0.21130 0.21249 0.21153 0.20932 0.20761 0.20565 0.20463 0.20654 0.20478 0.19942 0.19816 0.20210 0.20140 0.19496 0.19327 0.19804 0.19717 0.19060 0.18926 0.19389 0.19248 0.18624 0.18614 0.18936 0.18783 0.18308 0.18300 0.18090 0.17445 0.16698 0.15734 0.15027 0.14647 0.13949 0.12959 0.12323 0.11937 0.10945 0.09522 0.08451 0.07408 0.06210 0.05050 0.03910 0.02757 0.01659 0.00562 0.00000 0.00000 0.00000 0.00000 0.00000 0.00000 0.00000 0.00000 0.00000 0.00000 0.00000 0.00000 0.00000 0.00000 0.00000 0.00000 0.00000 0.00000 0.00000 0.00000 0.00000 0.00000 0.00000 0.00000 0.00000 0.00000 0.00000 0.00000 0.00000 0.00000 0.00000 0.00000 0.00000 0.00000 0.00000 0.00000 0.00000 0.00000 0.00000 0.00000 0.00000 0.00000 0.00000 0.00000 0.00000 0.00000 0.00000 0.00000 0.00000 0.00000 0.00000 0.00000 0.00000 0.00000 0.00000 0.00000 0.00000 0.00000 0.00000 0.00000 0.00000 0.00000 0.00000 0.00000 0.00000 0.00000 0.00000 0.00000 0.00000 0.00000 0.00000 0.00000 0.00000 0.00000 0.00000
0.00000 0.00000 0.00000 0.00000 0.00000 0.00000 0.00000 0.00000 0.00000 0.00000 0.00000 0.00000 0.00000 0.00000 0.00000 0.00000 0.00000 0.00000 0.00000 0.00000 0.00000 0.00000 0.00000 0.00000 0.00000 0.01468 0.04397 0.07238 0.10120 0.13098 0.15973 0.18693 0.21492 0.24456 0.27302 0.27112 0.24129 0.21315 0.18459 0.15540 0.12644 0.09828 0.07021 0.04184 0.01388 0.01136 0.03405 0.05621 0.07850 0.10118 0.12311 0.14398 0.16604 0.18886 0.20942 0.23180 0.25890 0.28592 0.30897 0.33410 0.36246 0.38651 0.40888 0.43454 0.46035 0.46937 0.46892 0.46735 0.46389 0.46072 0.46154 0.46049 0.45483 0.45313 0.45370 0.44312 0.41802 0.39498 0.37469 0.35513 0.33222 0.30911 0.28870 0.26970 0.24880 0.23646 0.23607 0.23490 0.23303 0.23281 0.23291 0.22956 0.22804 0.22842 0.22772 0.23455 0.25072 0.27037 0.28604 0.30152 0.31986 0.33649 0.35024 0.36437 0.38376 0.39064 0.38566 0.38188 0.38334 0.38078 0.37768 0.37725 0.37371 0.37032 0.37041 0.36672 0.36386 0.36333 0.36266 0.35788 0.35437 0.35335 0.35392 0.35165 0.34528 0.34361 0.34491 0.34162 0.33961 0.33886 0.33566 0.33140 0.33138 0.33124 0.32726 0.32234 0.32193 0.32139 0.31858 0.31654 0.31527 0.31106 0.30801 0.31018 0.30817 0.30233 0.30079 0.30162 0.29783 0.29382 0.29503 0.29369 0.28829 0.28551 0.28760 0.28582 0.28036 0.27820 0.27897 0.27860 0.27491 0.27087 0.27016 0.27171 0.26776 0.26319 0.26307 0.26424 0.25931 0.25576 0.25738 0.25680 0.25081 0.24892 0.25102 0.24938 0.24441 0.24300 0.24183 0.24195 0.24139 0.23749 0.23524 0.23495 0.23320 0.23070 0.23255 0.23096 0.22532 0.22392 0.22707 0.22399 0.21866 0.21983 0.22133 0.21714 0.21271 0.21547 0.21567 0.21057 0.20807 0.21152 0.20982 0.20430 0.20615 0.20760 0.20247 0.19922 0.20240 0.20280 0.19756 0.19527 0.19741 0.19805 0.19459 0.19089 0.19320 0.19457 0.19010 0.18671 0.18901 0.19111 0.18699 0.18305 0.18366 0.18292 0.17322 0.15933 0.15075 0.14675 0.13788 0.12480 0.11652 0.11167 0.10316 0.09100 0.08092 0.07300 0.06342 0.05286 0.04242 0.03290 0.02396 0.01433 0.00468 0.00000 0.00000 0.00000 0.00000 0.00000 0.00000 0.00000 0.00000 0.00000 0.00000 0.00000 0.00000 0.00000 0.00000 0.00000 0.00000 0.00000 0.00000 0.00000 0.00000 0.00000 0.00000 0.00000 0.00000 0.00000 0.00000 0.00000 0.00000 0.00000 0.00000 0.00000 0.00000 0.00000 0.00000 0.00000 0.00000 0.00000 0.00000 0.00000 0.00000 0.00000 0.00000 0.00000 0.00000 0.00000 0.00000 0.00000 0.00000 0.00000 0.00000 0.00000 0.00000 0.00000 0.00000 0.00000 0.00000 0.00000 0.00000 0.00000 0.00000 0.00000 0.00000 0.00000 0.00000 0.00000 0.00000 0.00000 0.00000 0.00000 0.00000 0.00000 0.00000 0.00000 0.00000 0.00000
0.00000 0.00000 0.00000 0.00000 0.00000 0.00000 0.00000 0.00000 0.00000 0.00000 0.00000 0.00000 0.00000 0.00000 0.00000 0.00000 0.00000 0.00000 0.00000 0.00000 0.00000 0.00000 0.00000 0.00000 0.00000 0.01189 0.03592 0.05961 0.08255 0.10611 0.13043 0.15357 0.17551 0.19857 0.22272 0.22200 0.19731 0.17342 0.15052 0.12710 0.10335 0.08003 0.05720 0.03430 0.01133 0.01380 0.04148 0.06898 0.09552 0.12259 0.15045 0.17679 0.20174 0.22861 0.25649 0.27853 0.29785 0.32040 0.34206 0.35893 0.37959 0.40347 0.42194 0.44022 0.45959 0.46934 0.46663 0.46611 0.46332 0.46010 0.45792 0.45834 0.45716 0.45186 0.44998 0.43736 0.41297 0.38458 0.35660 0.33172 0.30816 0.28145 0.25511 0.23112 0.20645 0.19330 0.19260 0.19241 0.19008 0.18880 0.18906 0.18889 0.18633 0.18540 0.18511 0.19551 0.21720 0.23695 0.25916 0.27977 0.29972 0.32027 0.34067 0.36037 0.37734 0.38752 0.38759 0.38430 0.37850 0.37799 0.37812 0.37659 0.37181 0.36863 0.36881 0.36863 0.36400 0.35982 0.36002 0.35969 0.35545 0.35147 0.35232 0.35017 0.34599 0.34305 0.34323 0.34223 0.33959 0.33509 0.33475 0.33467 0.32994 0.32626 0.32681 0.32618 0.32025 0.31723 0.31816 0.31733 0.31590 0.31002 0.30819 0.30703 0.30742 0.30501 0.29920 0.29689 0.29885 0.29739 0.29146 0.28986 0.29044 0.28836 0.28385 0.28214 0.28327 0.28108 0.27621 0.27353 0.27603 0.27480 0.26951 0.26654 0.26792 0.26720 0.26292 0.25873 0.26018 0.26037 0.25552 0.25171 0.25328 0.25279 0.24802 0.24472 0.24721 0.24448 0.24085 0.24239 0.24163 0.23731 0.23428 0.23336 0.23592 0.23515 0.22872 0.22685 0.22644 0.22830 0.22718 0.22124 0.21945 0.22164 0.22154 0.21613 0.21391 0.21540 0.21535 0.21202 0.20979 0.20861 0.20888 0.20990 0.20671 0.20268 0.20218 0.20519 0.20381 0.19789 0.19647 0.20061 0.20022 0.19464 0.19213 0.19647 0.19601 0.19014 0.18893 0.19237 0.19123 0.18636 0.18608 0.18770 0.18709 0.17990 0.16760 0.15705 0.14882 0.13829 0.12470 0.11447 0.10709 0.09632 0.08360 0.07519 0.06885 0.05985 0.05031 0.04327 0.03521 0.02734 0.01972 0.01172 0.00382 0.00000 0.00000 0.00000 0.00000 0.00000 0.00000 0.00000 0.00000 0.00000 0.00000 0.00000 0.00000 0.00000 0.00000 0.00000 0.00000 0.00000 0.00000 0.00000 0.00000 0.00000 0.00000 0.00000 0.00000 0.00000 0.00000 0.00000 0.00000 0.00000 0.00000 0.00000 0.00000 0.00000 0.00000 0.00000 0.00000 0.00000 0.00000 0.00000 0.00000 0.00000 0.00000 0.00000 0.00000 0.00000 0.00000 0.00000 0.00000 0.00000 0.00000 0.00000 0.00000 0.00000 0.00000 0.00000 0.00000 0.00000 0.00000 0.00000 0.00000 0.00000 0.00000 0.00000 0.00000 0.00000 0.00000 0.00000 0.00000 0.00000 0.00000 0.00000 0.00000 0.00000 0.00000 0.00000
0.00000 0.00000 0.00000 0.00000 0.00000 0.00000 0.00000 0.00000 0.00000 0.00000 0.00000 0.00000 0.00000 0.00000 0.00000 0.00000 0.00000 0.00000 0.00000 0.00000 0.00000 0.00000 0.00000 0.00000 0.00000 0.00920 0.02758 0.04633 0.06471 0.08224 0.10034 0.11916 0.13724 0.15434 0.17174 0.17199 0.15370 0.13499 0.11640 0.09837 0.08038 0.06225 0.04427 0.02652 0.00883 0.01628 0.04870 0.08124 0.11336 0.14429 0.17617 0.20894 0.23940 0.26862 0.30041 0.32567 0.33935 0.35352 0.37156 0.38788 0.39890 0.41493 0.43363 0.44741 0.46132 0.46687 0.46577 0.46347 0.46257 0.45993 0.45713 0.45496 0.45423 0.45414 0.44943 0.43253 0.40318 0.37408 0.34114 0.31010 0.28225 0.25337 0.22312 0.19275 0.16483 0.15035 0.14919 0.14839 0.14849 0.14709 0.14576 0.14527 0.14580 0.14463 0.14283 0.15645 0.18192 0.20679 0.23182 0.25777 0.28041 0.30409 0.33059 0.35458 0.37516 0.38369 0.38550 0.38424 0.37956 0.37717 0.37620 0.37376 0.37195 0.36956 0.36663 0.36785 0.36448 0.35939 0.35713 0.35896 0.35641 0.35309 0.34792 0.34805 0.34756 0.34386 0.33970 0.34242 0.33888 0.33408 0.33366 0.33385 0.32972 0.32498 0.32513 0.32537 0.32128 0.31628 0.31664 0.31627 0.31172 0.31187 0.31020 0.30581 0.30178 0.30395 0.30168 0.29675 0.29774 0.29640 0.29117 0.28822 0.29090 0.28891 0.28246 0.28069 0.28253 0.28138 0.27674 0.27393 0.27282 0.27445 0.27162 0.26648 0.26497 0.26732 0.26359 0.25880 0.25920 0.26002 0.25495 0.25158 0.25342 0.25296 0.24755 0.24499 0.24542 0.24616 0.24518 0.23915 0.23690 0.23957 0.23872 0.23317 0.23347 0.23439 0.22896 0.22616 0.23024 0.22895 0.22190 0.22167 0.22457 0.22114 0.21591 0.21780 0.21866 0.21434 0.21082 0.21400 0.21244 0.20798 0.20941 0.21032 0.20503 0.20228 0.20636 0.20609 0.19891 0.19793 0.20156 0.20142 0.19792 0.19403 0.19549 0.19741 0.19464 0.18971 0.19141 0.19414 0.19063 0.18608 0.18674 0.19040 0.18856 0.17681 0.16423 0.15666 0.14403 0.12698 0.11494 0.10624 0.09398 0.07919 0.06735 0.05991 0.05375 0.04655 0.03958 0.03346 0.02800 0.02175 0.01513 0.00897 0.00306 0.00000 0.00000 0.00000 0.00000 0.00000 0.00000 0.00000 0.00000 0.00000 0.00000 0.00000 0.00000 0.00000 0.00000 0.00000 0.00000 0.00000 0.00000 0.00000 0.00000 0.00000 0.00000 0.00000 0.00000 0.00000 0.00000 0.00000 0.00000 0.00000 0.00000 0.00000 0.00000 0.00000 0.00000 0.00000 0.00000 0.00000 0.00000 0.00000 0.00000 0.00000 0.00000 0.00000 0.00000 0.00000 0.00000 0.00000 0.00000 0.00000 0.00000 0.00000 0.00000 0.00000 0.00000 0.00000 0.00000 0.00000 0.00000 0.00000 0.00000 0.00000 0.00000 0.00000 0.00000 0.00000 0.00000 0.00000 0.00000 0.00000 0.00000 0.00000 0.00000 0.00000 0.00000 0.00000
0.00000 0.00000 0.00000 0.00000 0.00000 0.00000 0.00000 0.00000 0.00000 0.00000 0.00000 0.00000 0.00000 0.00000 0.00000 0.00000 0.00000 0.00000 0.00000 0.00000 0.00000 0.00000 0.00000 0.00000 0.00000 0.00662 0.01965 0.03275 0.04613 0.05907 0.07142 0.08442 0.09779 0.11041 0.12250 0.12223 0.10945 0.09626 0.08304 0.07000 0.05724 0.04445 0.03154 0.01887 0.00629 0.01883 0.05596 0.09307 0.13070 0.16717 0.20217 0.23878 0.27671 0.31104 0.34426 0.36882 0.38177 0.38962 0.39888 0.41265 0.42345 0.43039 0.44032 0.45320 0.46349 0.46738 0.46306 0.46177 0.46152 0.45963 0.45549 0.45341 0.45237 0.45126 0.45101 0.42993 0.39359 0.36055 0.32712 0.29049 0.25559 0.22461 0.19022 0.15618 0.12329 0.10723 0.10621 0.10534 0.10542 0.10543 0.10397 0.10337 0.10293 0.10297 0.10295 0.11676 0.14665 0.17550 0.20564 0.23472 0.26263 0.29057 0.31799 0.34604 0.37420 0.38624 0.38109 0.38024 0.38190 0.37837 0.37283 0.37093 0.37266 0.37060 0.36464 0.36201 0.36487 0.36232 0.35611 0.35353 0.35653 0.35324 0.34793 0.34518 0.34723 0.34437 0.33924 0.33668 0.33885 0.33711 0.33231 0.32885 0.32917 0.32884 0.32374 0.32021 0.32021 0.32025 0.31692 0.31151 0.31058 0.31130 0.31061 0.30492 0.30182 0.30014 0.30190 0.30051 0.29372 0.29311 0.29336 0.29080 0.28682 0.28625 0.28569 0.28190 0.27923 0.27790 0.27908 0.27717 0.27181 0.27056 0.27153 0.26943 0.26533 0.26231 0.26345 0.26321 0.25857 0.25464 0.25593 0.25641 0.25168 0.24767 0.24915 0.24933 0.24491 0.24258 0.24327 0.24120 0.23833 0.23806 0.23768 0.23556 0.23248 0.23044 0.23082 0.23147 0.22880 0.22471 0.22227 0.22480 0.22491 0.21939 0.21660 0.21827 0.21902 0.21516 0.21218 0.21145 0.21283 0.21266 0.20884 0.20542 0.20628 0.20811 0.20596 0.20131 0.20020 0.20265 0.20277 0.19875 0.19526 0.19801 0.19908 0.19454 0.19158 0.19484 0.19480 0.19009 0.18889 0.19077 0.19033 0.18763 0.18587 0.17871 0.16616 0.15165 0.13422 0.11997 0.10884 0.09451 0.07798 0.06460 0.05277 0.04305 0.03737 0.03319 0.02933 0.02437 0.01984 0.01545 0.01083 0.00653 0.00222 0.00000 0.00000 0.00000 0.00000 0.00000 0.00000 0.00000 0.00000 0.00000 0.00000 0.00000 0.00000 0.00000 0.00000 0.00000 0.00000 0.00000 0.00000 0.00000 0.00000 0.00000 0.00000 0.00000 0.00000 0.00000 0.00000 0.00000 0.00000 0.00000 0.00000 0.00000 0.00000 0.00000 0.00000 0.00000 0.00000 0.00000 0.00000 0.00000 0.00000 0.00000 0.00000 0.00000 0.00000 0.00000 0.00000 0.00000 0.00000 0.00000 0.00000 0.00000 0.00000 0.00000 0.00000 0.00000 0.00000 0.00000 0.00000 0.00000 0.00000 0.00000 0.00000 0.00000 0.00000 0.00000 0.00000 0.00000 0.00000 0.00000 0.00000 0.00000 0.00000 0.00000 0.00000 0.00000
0.00000 0.00000 0.00000 0.00000 0.00000 0.00000 0.00000 0.00000 0.00000 0.00000 0.00000 0.00000 0.00000 0.00000 0.00000 0.00000 0.00000 0.00000 0.00000 0.00000 0.00000 0.00000 0.00000 0.00000 0.00000 0.00397 0.01188 0.01956 0.02737 0.03541 0.04316 0.05050 0.05813 0.06605 0.07369 0.07329 0.06532 0.05756 0.04977 0.04198 0.03423 0.02654 0.01893 0.01129 0.00375 0.02126 0.06361 0.10505 0.14686 0.18943 0.23002 0.26914 0.31054 0.35332 0.39137 0.41180 0.41956 0.42754 0.43032 0.43422 0.44315 0.44913 0.45328 0.45616 0.46339 0.46646 0.46414 0.45963 0.45862 0.45898 0.45577 0.45258 0.45071 0.44982 0.44795 0.42842 0.38681 0.34683 0.31057 0.27181 0.23135 0.19316 0.15755 0.11984 0.08237 0.06375 0.06379 0.06334 0.06275 0.06257 0.06280 0.06215 0.06149 0.06126 0.06134 0.07828 0.11174 0.14599 0.17812 0.21104 0.24568 0.27718 0.30643 0.33733 0.37150 0.38689 0.38120 0.37773 0.37866 0.37779 0.37340 0.37129 0.36939 0.36881 0.36591 0.36236 0.36002 0.36124 0.35836 0.35371 0.35076 0.35174 0.35009 0.34608 0.34192 0.34328 0.34123 0.33651 0.33510 0.33655 0.33226 0.32762 0.32812 0.32794 0.32360 0.31901 0.31944 0.31957 0.31505 0.31228 0.31166 0.30979 0.30556 0.30583 0.30440 0.30032 0.29956 0.29850 0.29439 0.29119 0.29406 0.29169 0.28552 0.28326 0.28573 0.28439 0.27826 0.27656 0.27595 0.27704 0.27608 0.26959 0.26721 0.27009 0.26753 0.26194 0.26061 0.26303 0.25884 0.25449 0.25622 0.25614 0.25078 0.24758 0.24937 0.24959 0.24576 0.24125 0.24033 0.24339 0.24212 0.23537 0.23388 0.23747 0.23413 0.22915 0.23359 0.23229 0.22495 0.22379 0.22777 0.22532 0.21907 0.21994 0.22196 0.21811 0.21392 0.21645 0.21541 0.21153 0.21193 0.21303 0.20780 0.20570 0.21001 0.20907 0.20170 0.20070 0.20579 0.20471 0.19762 0.19682 0.19850 0.20052 0.19910 0.19285 0.19354 0.19706 0.19469 0.18898 0.18965 0.19365 0.19160 0.18583 0.18501 0.18212 0.16533 0.14379 0.12775 0.11552 0.09926 0.08062 0.06498 0.05089 0.03537 0.02556 0.02251 0.02012 0.01768 0.01492 0.01185 0.00912 0.00668 0.00402 0.00131 0.00000 0.00000 0.00000 0.00000 0.00000 0.00000 0.00000 0.00000 0.00000 0.00000 0.00000 0.00000 0.00000 0.00000 0.00000 0.00000 0.00000 0.00000 0.00000 0.00000 0.00000 0.00000 0.00000 0.00000 0.00000 0.00000 0.00000 0.00000 0.00000 0.00000 0.00000 0.00000 0.00000 0.00000 0.00000 0.00000 0.00000 0.00000 0.00000 0.00000 0.00000 0.00000 0.00000 0.00000 0.00000 0.00000 0.00000 0.00000 0.00000 0.00000 0.00000 0.00000 0.00000 0.00000 0.00000 0.00000 0.00000 0.00000 0.00000 0.00000 0.00000 0.00000 0.00000 0.00000 0.00000 0.00000 0.00000 0.00000 0.00000 0.00000 0.00000 0.00000 0.00000 0.00000 0.00000
0.00000 0.00000 0.00000 0.00000 0.00000 0.00000 0.00000 0.00000 0.00000 0.00000 0.00000 0.00000 0.00000 0.00000 0.00000 0.00000 0.00000 0.00000 0.00000 0.00000 0.00000 0.00000 0.00000 0.00000 0.00000 0.00131 0.00395 0.00656 0.00909 0.01169 0.01436 0.01690 0.01932 0.02189 0.02450 0.02440 0.02172 0.01913 0.01656 0.01396 0.01137 0.00882 0.00629 0.00377 0.00125 0.02363 0.07101 0.11779 0.16329 0.20976 0.25750 0.30187 0.34494 0.39110 0.43862 0.45853 0.45692 0.46009 0.46299 0.46103 0.45976 0.46321 0.46495 0.46583 0.46246 0.46265 0.46398 0.46149 0.45613 0.45462 0.45704 0.45307 0.45018 0.44704 0.44601 0.42447 0.38142 0.33557 0.29136 0.25152 0.20859 0.16505 0.12343 0.08307 0.04166 0.02116 0.02117 0.02116 0.02087 0.02073 0.02074 0.02073 0.02048 0.02041 0.02029 0.03936 0.07778 0.11558 0.15226 0.18811 0.22569 0.26263 0.29727 0.33213 0.36625 0.38295 0.38323 0.37983 0.37487 0.37344 0.37576 0.37216 0.36655 0.36435 0.36718 0.36443 0.35823 0.35571 0.35853 0.35608 0.34969 0.34733 0.35006 0.34719 0.34112 0.33875 0.34157 0.33918 0.33363 0.33088 0.33230 0.33126 0.32629 0.32301 0.32290 0.32299 0.31889 0.31436 0.31345 0.31456 0.31267 0.30611 0.30450 0.30576 0.30500 0.29970 0.29614 0.29783 0.29660 0.29322 0.28903 0.29006 0.28845 0.28393 0.28223 0.28319 0.28161 0.27553 0.27456 0.27579 0.27473 0.27086 0.26754 0.26686 0.26692 0.26432 0.26112 0.25772 0.25899 0.25973 0.25483 0.25102 0.25150 0.25260 0.24881 0.24378 0.24481 0.24574 0.24261 0.24074 0.23917 0.23685 0.23647 0.23623 0.23328 0.23098 0.23143 0.22913 0.22588 0.22743 0.22751 0.22290 0.21932 0.22121 0.22247 0.21845 0.21459 0.21438 0.21650 0.21539 0.21118 0.20765 0.21010 0.21083 0.20829 0.20459 0.20395 0.20506 0.20522 0.20312 0.19875 0.19769 0.20172 0.19987 0.19456 0.19578 0.19797 0.19431 0.19155 0.19339 0.19377 0.19076 0.18883 0.18899 0.19036 0.18033 0.15877 0.14046 0.12565 0.10743 0.08659 0.06917 0.05357 0.03560 0.01744 0.00850 0.00780 0.00680 0.00578 0.00492 0.00401 0.00310 0.00224 0.00134 0.00044 0.00000 0.00000 0.00000 0.00000 0.00000 0.00000 0.00000 0.00000 0.00000 0.00000 0.00000 0.00000 0.00000 0.00000 0.00000 0.00000 0.00000 0.00000 0.00000 0.00000 0.00000 0.00000 0.00000 0.00000 0.00000 0.00000 0.00000 0.00000 0.00000 0.00000 0.00000 0.00000 0.00000 0.00000 0.00000 0.00000 0.00000 0.00000 0.00000 0.00000 0.00000 0.00000 0.00000 0.00000 0.00000 0.00000 0.00000 0.00000 0.00000 0.00000 0.00000 0.00000 0.00000 0.00000 0.00000 0.00000 0.00000 0.00000 0.00000 0.00000 0.00000 0.00000 0.00000 0.00000 0.00000 0.00000 0.00000 0.00000 0.00000 0.00000 0.00000 0.00000 0.00000 0.00000 0.00000
0.00000 0.00000 0.00000 0.00000 0.00000 0.00000 0.00000 0.00000 0.00000 0.00000 0.00000 0.00000 0.00000 0.00000 0.00000 0.00000 0.00000 0.00000 0.00000 0.00000 0.00000 0.00000 0.00000 0.00000 0.00000 0.00000 0.00000 0.00000 0.00000 0.00000 0.00000 0.00000 0.00000 0.00000 0.00000 0.00000 0.00000 0.00000 0.00000 0.00000 0.00000 0.00000 0.00000 0.00000 0.00000 0.02476 0.07419 0.12397 0.17248 0.21961 0.26830 0.31855 0.36431 0.40904 0.45735 0.48176 0.47502 0.46827 0.46631 0.46475 0.45946 0.45211 0.44970 0.44800 0.44433 0.43743 0.43628 0.43832 0.43495 0.43042 0.42912 0.43123 0.42706 0.42474 0.42190 0.39999 0.35807 0.31431 0.26927 0.22636 0.18668 0.14424 0.10178 0.06067 0.02030 0.00106 0.00315 0.00524 0.00734 0.00933 0.01131 0.01335 0.01544 0.01730 0.01920 0.03947 0.07721 0.11459 0.15256 0.18927 0.22369 0.25977 0.29815 0.33304 0.36424 0.37982 0.38143 0.38083 0.37460 0.37225 0.37234 0.37150 0.36694 0.36471 0.36314 0.36298 0.35974 0.35596 0.35381 0.35430 0.35219 0.34793 0.34477 0.34546 0.34366 0.33911 0.33691 0.33823 0.33461 0.33006 0.33065 0.33057 0.32572 0.32160 0.32264 0.32214 0.31763 0.31377 0.31399 0.31353 0.30931 0.30728 0.30620 0.30409 0.30134 0.30030 0.29762 0.29485 0.29665 0.29381 0.28875 0.28623 0.28858 0.28718 0.28174 0.27910 0.27944 0.27984 0.27725 0.27252 0.26999 0.27252 0.27100 0.26504 0.26242 0.26579 0.26291 0.25748 0.25930 0.25912 0.25370 0.25041 0.25321 0.25260 0.24690 0.24401 0.24520 0.24649 0.24471 0.23794 0.23652 0.24064 0.23837 0.23206 0.23300 0.23498 0.22905 0.22639 0.23098 0.22899 0.22232 0.22214 0.22510 0.22189 0.21705 0.21872 0.21888 0.21503 0.21397 0.21564 0.21103 0.20895 0.21303 0.21206 0.20494 0.20335 0.20736 0.20523 0.19730 0.19507 0.19814 0.19700 0.19359 0.18751 0.18621 0.19000 0.18904 0.18247 0.18256 0.18686 0.18522 0.17940 0.17872 0.18375 0.18279 0.16761 0.14918 0.13551 0.11697 0.09577 0.07799 0.06202 0.04430 0.02596 0.00854 0.00000 0.00000 0.00000 0.00000 0.00000 0.00000 0.00000 0.00000 0.00000 0.00000 0.00000 0.00000 0.00000 0.00000 0.00000 0.00000 0.00000 0.00000 0.00000 0.00000 0.00000 0.00000 0.00000 0.00000 0.00000 0.00000 0.00000 0.00000 0.00000 0.00000 0.00000 0.00000 0.00000 0.00000 0.00000 0.00000 0.00000 0.00000 0.00000 0.00000 0.00000 0.00000 0.00000 0.00000 0.00000 0.00000 0.00000 0.00000 0.00000 0.00000 0.00000 0.00000 0.00000 0.00000 0.00000 0.00000 0.00000 0.00000 0.00000 0.00000 0.00000 0.00000 0.00000 0.00000 0.00000 0.00000 0.00000 0.00000 0.00000 0.00000 0.00000 0.00000 0.00000 0.00000 0.00000 0.00000 0.00000 0.00000 0.00000 0.00000 0.00000 0.00000 0.00000 0.00000 0.00000
0.00000 0.00000 0.00000 0.00000 0.00000 0.00000 0.00000 0.00000 0.00000 0.00000 0.00000 0.00000 0.00000 0.00000 0.00000 0.00000 0.00000 0.00000 0.00000 0.00000 0.00000 0.00000 0.00000 0.00000 0.00000 0.00000 0.00000 0.00000 0.00000 0.00000 0.00000 0.00000 0.00000 0.00000 0.00000 0.00000 0.00000 0.00000 0.00000 0.00000 0.00000 0.00000 0.00000 0.00000 0.00000 0.02482 0.07378 0.12289 0.17272 0.22032 0.26677 0.31531 0.36533 0.41001 0.45428 0.47518 0.46902 0.45754 0.44657 0.43968 0.43318 0.42430 0.41243 0.40428 0.39841 0.39403 0.38910 0.38701 0.38945 0.38691 0.38297 0.38047 0.38197 0.38027 0.37818 0.35563 0.31691 0.28099 0.24229 0.20236 0.16443 0.12894 0.09131 0.05414 0.01804 0.00319 0.00944 0.01560 0.02192 0.02812 0.03381 0.03989 0.04616 0.05182 0.05761 0.07759 0.11113 0.14348 0.17739 0.21110 0.24183 0.27237 0.30495 0.33709 0.36763 0.38066 0.37765 0.37653 0.37755 0.37319 0.36875 0.36733 0.36938 0.36577 0.36025 0.35821 0.36077 0.35838 0.35174 0.34960 0.35235 0.34997 0.34337 0.34109 0.34386 0.34154 0.33503 0.33285 0.33529 0.33356 0.32821 0.32554 0.32575 0.32532 0.32120 0.31721 0.31647 0.31739 0.31442 0.30871 0.30737 0.30929 0.30751 0.30064 0.29888 0.30172 0.29978 0.29440 0.29108 0.29381 0.29182 0.28632 0.28461 0.28654 0.28428 0.27802 0.27739 0.27931 0.27758 0.27187 0.26999 0.27118 0.27022 0.26494 0.26341 0.26300 0.26234 0.26157 0.25745 0.25483 0.25440 0.25547 0.25211 0.24760 0.24694 0.24913 0.24659 0.24069 0.24060 0.24044 0.24063 0.24030 0.23515 0.23223 0.23493 0.23510 0.22899 0.22853 0.23027 0.22702 0.22240 0.22383 0.22557 0.22169 0.21715 0.21745 0.21990 0.21833 0.21339 0.21060 0.21374 0.21434 0.21092 0.20731 0.20740 0.20668 0.20323 0.19740 0.19147 0.18807 0.18759 0.18469 0.17548 0.17133 0.17226 0.16927 0.16513 0.16584 0.16758 0.16528 0.16281 0.16317 0.16468 0.16323 0.15994 0.15140 0.13826 0.12149 0.10186 0.08595 0.07239 0.05601 0.03864 0.02311 0.00793 0.00000 0.00000 0.00000 0.00000 0.00000 0.00000 0.00000 0.00000 0.00000 0.00000 0.00000 0.00000 0.00000 0.00000 0.00000 0.00000 0.00000 0.00000 0.00000 0.00000 0.00000 0.00000 0.00000 0.00000 0.00000 0.00000 0.00000 0.00000 0.00000 0.00000 0.00000 0.00000 0.00000 0.00000 0.00000 0.00000 0.00000 0.00000 0.00000 0.00000 0.00000 0.00000 0.00000 0.00000 0.00000 0.00000 0.00000 0.00000 0.00000 0.00000 0.00000 0.00000 0.00000 0.00000 0.00000 0.00000 0.00000 0.00000 0.00000 0.00000 0.00000 0.00000 0.00000 0.00000 0.00000 0.00000 0.00000 0.00000 0.00000 0.00000 0.00000 0.00000 0.00000 0.00000 0.00000 0.00000 0.00000 0.00000 0.00000 0.00000 0.00000 0.00000 0.00000 0.00000 0.00000
0.00000 0.00000 0.00000 0.00000 0.00000 0.00000 0.00000 0.00000 0.00000 0.00000 0.00000 0.00000 0.00000 0.00000 0.00000 0.00000 0.00000 0.00000 0.00000 0.00000 0.00000 0.00000 0.00000 0.00000 0.00000 0.00000 0.00000 0.00000 0.00000 0.00000 0.00000 0.00000 0.00000 0.00000 0.00000 0.00000 0.00000 0.00000 0.00000 0.00000 0.00000 0.00000 0.00000 0.00000 0.00000 0.02482 0.07401 0.12217 0.17098 0.22090 0.26764 0.31340 0.36160 0.41147 0.45554 0.46924 0.45772 0.44694 0.43167 0.41552 0.40349 0.39286 0.38007 0.36336 0.35063 0.34633 0.34514 0.34065 0.33915 0.34131 0.33881 0.33535 0.33353 0.33463 0.33339 0.31445 0.27879 0.24501 0.21349 0.17954 0.14490 0.11197 0.08055 0.04802 0.01581 0.00526 0.01579 0.02606 0.03613 0.04653 0.05688 0.06621 0.07601 0.08671 0.09593 0.11489 0.14460 0.17443 0.20162 0.22985 0.26021 0.28776 0.31199 0.33919 0.36983 0.38247 0.37573 0.37351 0.37536 0.37434 0.36782 0.36631 0.36657 0.36514 0.36044 0.35820 0.35728 0.35648 0.35365 0.34995 0.34787 0.34776 0.34585 0.34167 0.33938 0.33970 0.33695 0.33250 0.33275 0.33285 0.32785 0.32405 0.32567 0.32474 0.31968 0.31613 0.31703 0.31635 0.31208 0.30895 0.30857 0.30764 0.30433 0.30205 0.30049 0.29866 0.29799 0.29546 0.29210 0.28970 0.29079 0.28949 0.28498 0.28195 0.28206 0.28257 0.27932 0.27526 0.27321 0.27505 0.27343 0.26813 0.26557 0.26826 0.26573 0.26055 0.26074 0.26190 0.25637 0.25329 0.25698 0.25549 0.24896 0.24686 0.24990 0.24904 0.24317 0.24105 0.24150 0.24330 0.24186 0.23520 0.23496 0.23772 0.23394 0.22953 0.23266 0.23193 0.22616 0.22476 0.22797 0.22544 0.22037 0.22103 0.22218 0.21863 0.21646 0.21788 0.21502 0.21215 0.21495 0.21503 0.20798 0.20692 0.21192 0.20825 0.19592 0.18991 0.18897 0.18339 0.17387 0.16644 0.16191 0.15979 0.15380 0.14638 0.14584 0.14972 0.14899 0.14391 0.14332 0.14736 0.14653 0.14165 0.14074 0.13765 0.12274 0.10489 0.09039 0.07812 0.06390 0.04864 0.03435 0.02089 0.00702 0.00000 0.00000 0.00000 0.00000 0.00000 0.00000 0.00000 0.00000 0.00000 0.00000 0.00000 0.00000 0.00000 0.00000 0.00000 0.00000 0.00000 0.00000 0.00000 0.00000 0.00000 0.00000 0.00000 0.00000 0.00000 0.00000 0.00000 0.00000 0.00000 0.00000 0.00000 0.00000 0.00000 0.00000 0.00000 0.00000 0.00000 0.00000 0.00000 0.00000 0.00000 0.00000 0.00000 0.00000 0.00000 0.00000 0.00000 0.00000 0.00000 0.00000 0.00000 0.00000 0.00000 0.00000 0.00000 0.00000 0.00000 0.00000 0.00000 0.00000 0.00000 0.00000 0.00000 0.00000 0.00000 0.00000 0.00000 0.00000 0.00000 0.00000 0.00000 0.00000 0.00000 0.00000 0.00000 0.00000 0.00000 0.00000 0.00000 0.00000 0.00000 0.00000 0.00000 0.00000 0.00000
0.00000 0.00000 0.00000 0.00000 0.00000 0.00000 0.00000 0.00000 0.00000 0.00000 0.00000 0.00000 0.00000 0.00000 0.00000 0.00000 0.00000 0.00000 0.00000 0.00000 0.00000 0.00000 0.00000 0.00000 0.00000 0.00000 0.00000 0.00000 0.00000 0.00000 0.00000 0.00000 0.00000 0.00000 0.00000 0.00000 0.00000 0.00000 0.00000 0.00000 0.00000 0.00000 0.00000 0.00000 0.00000 0.02463 0.07407 0.12254 0.16998 0.21863 0.26835 0.31400 0.35931 0.40776 0.45689 0.46762 0.44743 0.43159 0.41540 0.39572 0.37599 0.35914 0.34334 0.32628 0.30640 0.29670 0.29781 0.29714 0.29365 0.29150 0.29308 0.29199 0.28928 0.28658 0.28676 0.27292 0.24279 0.21160 0.18217 0.15534 0.12634 0.09690 0.06903 0.04158 0.01371 0.00731 0.02201 0.03659 0.05048 0.06458 0.07930 0.09304 0.10587 0.12024 0.13431 0.15241 0.17784 0.20376 0.22755 0.24989 0.27545 0.30090 0.32292 0.34411 0.36788 0.38002 0.37845 0.37386 0.37091 0.37089 0.37138 0.36637 0.36239 0.36167 0.36295 0.35956 0.35390 0.35228 0.35453 0.35238 0.34552 0.34354 0.34616 0.34401 0.33714 0.33509 0.33771 0.33585 0.32963 0.32776 0.32867 0.32756 0.32349 0.32002 0.31917 0.31975 0.31661 0.31148 0.31027 0.31209 0.30963 0.30327 0.30175 0.30443 0.30240 0.29560 0.29359 0.29703 0.29500 0.28849 0.28653 0.28950 0.28745 0.28082 0.27991 0.28212 0.28037 0.27411 0.27262 0.27442 0.27327 0.26723 0.26572 0.26775 0.26573 0.25972 0.25972 0.26027 0.25777 0.25719 0.25468 0.25153 0.24977 0.25115 0.24992 0.24500 0.24280 0.24437 0.24439 0.24323 0.23696 0.23548 0.23862 0.23811 0.23143 0.22973 0.23335 0.23165 0.22545 0.22571 0.22850 0.22537 0.22000 0.22037 0.22315 0.22119 0.21559 0.21391 0.21729 0.21757 0.21300 0.20972 0.21067 0.21191 0.21113 0.20355 0.19428 0.18776 0.18213 0.17347 0.16202 0.15400 0.15041 0.14314 0.13147 0.12762 0.13031 0.12913 0.12606 0.12627 0.12827 0.12682 0.12409 0.12398 0.12655 0.11933 0.10348 0.09116 0.08119 0.06841 0.05406 0.04191 0.03080 0.01841 0.00595 0.00000 0.00000 0.00000 0.00000 0.00000 0.00000 0.00000 0.00000 0.00000 0.00000 0.00000 0.00000 0.00000 0.00000 0.00000 0.00000 0.00000 0.00000 0.00000 0.00000 0.00000 0.00000 0.00000 0.00000 0.00000 0.00000 0.00000 0.00000 0.00000 0.00000 0.00000 0.00000 0.00000 0.00000 0.00000 0.00000 0.00000 0.00000 0.00000 0.00000 0.00000 0.00000 0.00000 0.00000 0.00000 0.00000 0.00000 0.00000 0.00000 0.00000 0.00000 0.00000 0.00000 0.00000 0.00000 0.00000 0.00000 0.00000 0.00000 0.00000 0.00000 0.00000 0.00000 0.00000 0.00000 0.00000 0.00000 0.00000 0.00000 0.00000 0.00000 0.00000 0.00000 0.00000 0.00000 0.00000 0.00000 0.00000 0.00000 0.00000 0.00000 0.00000 0.00000 0.00000 0.00000
0.00000 0.00000 0.00000 0.00000 0.00000 0.00000 0.00000 0.00000 0.00000 0.00000 0.00000 0.00000 0.00000 0.00000 0.00000 0.00000 0.00000 0.00000 0.00000 0.00000 0.00000 0.00000 0.00000 0.00000 0.00000 0.00000 0.00000 0.00000 0.00000 0.00000 0.00000 0.00000 0.00000 0.00000 0.00000 0.00000 0.00000 0.00000 0.00000 0.00000 0.00000 0.00000 0.00000 0.00000 0.00000 0.02445 0.07341 0.12281 0.17054 0.21724 0.26552 0.31523 0.36021 0.40471 0.45277 0.46711 0.44143 0.41632 0.39553 0.37513 0.35176 0.32707 0.30552 0.28574 0.26427 0.25042 0.24919 0.25054 0.24967 0.24637 0.24499 0.24635 0.24536 0.24276 0.24084 0.22900 0.20532 0.17986 0.15393 0.12949 0.10674 0.08259 0.05813 0.03474 0.01162 0.00944 0.02798 0.04668 0.06537 0.08298 0.10062 0.11931 0.13719 0.15322 0.17093 0.19152 0.21105 0.23072 0.25265 0.27368 0.29078 0.31031 0.33308 0.35253 0.36717 0.37551 0.37799 0.37634 0.36930 0.36765 0.36959 0.36764 0.36122 0.36007 0.36097 0.35876 0.35424 0.35201 0.35143 0.35007 0.34751 0.34399 0.34225 0.34153 0.33922 0.33532 0.33479 0.33420 0.33016 0.32632 0.32816 0.32731 0.32172 0.31870 0.32013 0.31883 0.31422 0.31119 0.31146 0.31055 0.30687 0.30400 0.30328 0.30217 0.29954 0.29712 0.29538 0.29348 0.29240 0.29112 0.28830 0.28510 0.28415 0.28495 0.28237 0.27801 0.27581 0.27766 0.27616 0.27113 0.26828 0.27063 0.26858 0.26372 0.26346 0.26444 0.25929 0.25631 0.26050 0.25838 0.25176 0.24960 0.25361 0.25187 0.24499 0.24408 0.24689 0.24552 0.24207 0.23851 0.23891 0.24003 0.23748 0.23295 0.23359 0.23447 0.23033 0.22789 0.22995 0.22845 0.22402 0.22370 0.22497 0.22208 0.21943 0.22003 0.21865 0.21572 0.21706 0.21725 0.21147 0.20975 0.21466 0.21397 0.20638 0.20120 0.19624 0.18588 0.17116 0.16100 0.15409 0.14543 0.13424 0.12246 0.11323 0.11125 0.11086 0.10727 0.10663 0.10953 0.10918 0.10563 0.10484 0.10766 0.10759 0.09915 0.08796 0.07913 0.06883 0.05705 0.04609 0.03624 0.02610 0.01545 0.00505 0.00000 0.00000 0.00000 0.00000 0.00000 0.00000 0.00000 0.00000 0.00000 0.00000 0.00000 0.00000 0.00000 0.00000 0.00000 0.00000 0.00000 0.00000 0.00000 0.00000 0.00000 0.00000 0.00000 0.00000 0.00000 0.00000 0.00000 0.00000 0.00000 0.00000 0.00000 0.00000 0.00000 0.00000 0.00000 0.00000 0.00000 0.00000 0.00000 0.00000 0.00000 0.00000 0.00000 0.00000 0.00000 0.00000 0.00000 0.00000 0.00000 0.00000 0.00000 0.00000 0.00000 0.00000 0.00000 0.00000 0.00000 0.00000 0.00000 0.00000 0.00000 0.00000 0.00000 0.00000 0.00000 0.00000 0.00000 0.00000 0.00000 0.00000 0.00000 0.00000 0.00000 0.00000 0.00000 0.00000 0.00000 0.00000 0.00000 0.00000 0.00000 0.00000 0.00000 0.00000 0.00000
0.00000 0.00000 0.00000 0.00000 0.00000 0.00000 0.00000 0.00000 0.00000 0.00000 0.00000 0.00000 0.00000 0.00000 0.00000 0.00000 0.00000 0.00000 0.00000 0.00000 0.00000 0.00000 0.00000 0.00000 0.00000 0.00000 0.00000 0.00000 0.00000 0.00000 0.00000 0.00000 0.00000 0.00000 0.00000 0.00000 0.00000 0.00000 0.00000 0.00000 0.00000 0.00000 0.00000 0.00000 0.00000 0.02452 0.07291 0.12169 0.17089 0.21765 0.26389 0.31237 0.36135 0.40507 0.44948 0.46133 0.43537 0.40508 0.37662 0.35142 0.32556 0.29795 0.27020 0.24417 0.21915 0.20606 0.20384 0.20252 0.20319 0.20285 0.20061 0.19894 0.19945 0.19946 0.19792 0.18590 0.16569 0.14705 0.12688 0.10577 0.08609 0.06739 0.04776 0.02829 0.00945 0.01154 0.03419 0.05655 0.07955 0.10172 0.12256 0.14485 0.16732 0.18746 0.20763 0.22827 0.24505 0.25913 0.27649 0.29445 0.30916 0.32219 0.33941 0.35719 0.37138 0.37476 0.37327 0.37437 0.37279 0.36710 0.36443 0.36553 0.36501 0.35981 0.35602 0.35591 0.35671 0.35372 0.34767 0.34633 0.34842 0.34635 0.33940 0.33759 0.34001 0.33811 0.33109 0.32983 0.33144 0.32989 0.32547 0.32258 0.32169 0.32193 0.31921 0.31430 0.31272 0.31451 0.31203 0.30596 0.30447 0.30696 0.30474 0.29811 0.29642 0.29948 0.29763 0.29072 0.28875 0.29210 0.29049 0.28370 0.28208 0.28454 0.28323 0.27731 0.27519 0.27674 0.27618 0.27058 0.26814 0.27000 0.26899 0.26278 0.26190 0.26425 0.26138 0.25811 0.25672 0.25563 0.25328 0.25320 0.25239 0.24871 0.24570 0.24642 0.24746 0.24462 0.23937 0.23859 0.24207 0.24094 0.23379 0.23236 0.23657 0.23530 0.22826 0.22733 0.23141 0.22939 0.22297 0.22270 0.22626 0.22439 0.21828 0.21708 0.22075 0.22050 0.21434 0.21228 0.21475 0.21558 0.21395 0.20941 0.20788 0.20393 0.19361 0.17881 0.16412 0.15314 0.14453 0.13250 0.11724 0.10571 0.09729 0.09133 0.08830 0.08822 0.09033 0.08941 0.08696 0.08710 0.08910 0.08815 0.08556 0.08136 0.07454 0.06549 0.05494 0.04635 0.03890 0.03023 0.02095 0.01248 0.00427 0.00000 0.00000 0.00000 0.00000 0.00000 0.00000 0.00000 0.00000 0.00000 0.00000 0.00000 0.00000 0.00000 0.00000 0.00000 0.00000 0.00000 0.00000 0.00000 0.00000 0.00000 0.00000 0.00000 0.00000 0.00000 0.00000 0.00000 0.00000 0.00000 0.00000 0.00000 0.00000 0.00000 0.00000 0.00000 0.00000 0.00000 0.00000 0.00000 0.00000 0.00000 0.00000 0.00000 0.00000 0.00000 0.00000 0.00000 0.00000 0.00000 0.00000 0.00000 0.00000 0.00000 0.00000 0.00000 0.00000 0.00000 0.00000 0.00000 0.00000 0.00000 0.00000 0.00000 0.00000 0.00000 0.00000 0.00000 0.00000 0.00000 0.00000 0.00000 0.00000 0.00000 0.00000 0.00000 0.00000 0.00000 0.00000 0.00000 0.00000 0.00000 0.00000 0.00000 0.00000 0.00000
0.00000 0.00000 0.00000 0.00000 0.00000 0.00000 0.00000 0.00000 0.00000 0.00000 0.00000 0.00000 0.00000 0.00000 0.00000 0.00000 0.00000 0.00000 0.00000 0.00000 0.00000 0.00000 0.00000 0.00000 0.00000 0.00000 0.00000 0.00000 0.00000 0.00000 0.00000 0.00000 0.00000 0.00000 0.00000 0.00000 0.00000 0.00000 0.00000 0.00000 0.00000 0.00000 0.00000 0.00000 0.00000 0.02457 0.07314 0.12078 0.16925 0.21844 0.26451 0.31001 0.35809 0.40696 0.45023 0.45479 0.42506 0.39491 0.36098 0.32766 0.29762 0.26793 0.23644 0.20418 0.17391 0.15975 0.15928 0.15716 0.15629 0.15715 0.15671 0.15467 0.15362 0.15418 0.15410 0.14504 0.12839 0.11297 0.09843 0.08291 0.06675 0.05167 0.03713 0.02216 0.00728 0.01351 0.04059 0.06701 0.09278 0.11950 0.14604 0.17031 0.19548 0.22178 0.24637 0.26305 0.27678 0.29077 0.30072 0.31185 0.32601 0.33883 0.34675 0.35776 0.37305 0.37824 0.37148 0.36935 0.37182 0.36985 0.36320 0.36170 0.36377 0.36113 0.35502 0.35389 0.35525 0.35246 0.34834 0.34607 0.34564 0.34371 0.34111 0.33814 0.33723 0.33528 0.33250 0.32894 0.33031 0.32927 0.32394 0.32132 0.32287 0.32116 0.31626 0.31400 0.31449 0.31279 0.30901 0.30643 0.30622 0.30501 0.30155 0.29909 0.29859 0.29706 0.29395 0.29267 0.29167 0.28856 0.28597 0.28688 0.28561 0.28084 0.27812 0.28018 0.27923 0.27394 0.27059 0.27307 0.27190 0.26684 0.26517 0.26679 0.26267 0.25953 0.26250 0.26104 0.25457 0.25241 0.25683 0.25503 0.24800 0.24663 0.25028 0.24840 0.24239 0.24158 0.24337 0.24220 0.23977 0.23635 0.23597 0.23663 0.23452 0.23134 0.23115 0.23094 0.22817 0.22682 0.22687 0.22504 0.22298 0.22266 0.22146 0.21933 0.21974 0.21881 0.21495 0.21335 0.21725 0.21691 0.20937 0.20936 0.21357 0.20490 0.18538 0.17217 0.16145 0.14704 0.13074 0.11653 0.10390 0.09146 0.07767 0.06948 0.06901 0.07044 0.07045 0.06849 0.06778 0.06919 0.06952 0.06768 0.06683 0.06441 0.05828 0.05043 0.04295 0.03665 0.03040 0.02336 0.01635 0.00988 0.00334 0.00000 0.00000 0.00000 0.00000 0.00000 0.00000 0.00000 0.00000 0.00000 0.00000 0.00000 0.00000 0.00000 0.00000 0.00000 0.00000 0.00000 0.00000 0.00000 0.00000 0.00000 0.00000 0.00000 0.00000 0.00000 0.00000 0.00000 0.00000 0.00000 0.00000 0.00000 0.00000 0.00000 0.00000 0.00000 0.00000 0.00000 0.00000 0.00000 0.00000 0.00000 0.00000 0.00000 0.00000 0.00000 0.00000 0.00000 0.00000 0.00000 0.00000 0.00000 0.00000 0.00000 0.00000 0.00000 0.00000 0.00000 0.00000 0.00000 0.00000 0.00000 0.00000 0.00000 0.00000 0.00000 0.00000 0.00000 0.00000 0.00000 0.00000 0.00000 0.00000 0.00000 0.00000 0.00000 0.00000 0.00000 0.00000 0.00000 0.00000 0.00000 0.00000 0.00000 0.00000 0.00000
0.00000 0.00000 0.00000 0.00000 0.00000 0.00000 0.00000 0.00000 0.00000 0.00000 0.00000 0.00000 0.00000 0.00000 0.00000 0.00000 0.00000 0.00000 0.00000 0.00000 0.00000 0.00000 0.00000 0.00000 0.00000 0.00000 0.00000 0.00000 0.00000 0.00000 0.00000 0.00000 0.00000 0.00000 0.00000 0.00000 0.00000 0.00000 0.00000 0.00000 0.00000 0.00000 0.00000 0.00000 0.00000 0.02440 0.07327 0.12101 0.16814 0.21666 0.26523 0.31016 0.35558 0.40418 0.45162 0.45250 0.41481 0.38091 0.34506 0.30696 0.27067 0.23622 0.20130 0.16576 0.13052 0.11306 0.11312 0.11281 0.11172 0.11095 0.11117 0.11108 0.11007 0.10904 0.10888 0.10372 0.09240 0.08038 0.06925 0.05899 0.04804 0.03680 0.02627 0.01579 0.00521 0.01547 0.04660 0.07738 0.10697 0.13710 0.16773 0.19656 0.22424 0.25496 0.28402 0.30009 0.30812 0.31900 0.32644 0.33154 0.34126 0.35124 0.35768 0.36194 0.37083 0.37696 0.37440 0.36830 0.36654 0.36863 0.36682 0.36051 0.35809 0.35977 0.35878 0.35390 0.34981 0.34984 0.35063 0.34798 0.34160 0.34045 0.34234 0.34027 0.33344 0.33218 0.33374 0.33214 0.32610 0.32487 0.32412 0.32417 0.32206 0.31699 0.31489 0.31677 0.31473 0.30871 0.30670 0.30933 0.30728 0.30079 0.29909 0.30180 0.30004 0.29342 0.29144 0.29429 0.29319 0.28677 0.28432 0.28656 0.28605 0.28081 0.27764 0.27864 0.27895 0.27453 0.27069 0.27105 0.27198 0.26681 0.26415 0.26659 0.26490 0.26063 0.25860 0.25906 0.25721 0.25548 0.25414 0.25195 0.24928 0.24914 0.24981 0.24692 0.24226 0.24145 0.24485 0.24360 0.23639 0.23525 0.23973 0.23829 0.23111 0.22972 0.23432 0.23293 0.22593 0.22475 0.22915 0.22785 0.22122 0.21986 0.22407 0.22343 0.21671 0.21518 0.21912 0.21877 0.21309 0.21186 0.21157 0.21332 0.21413 0.20138 0.18290 0.16878 0.15513 0.13759 0.11877 0.10351 0.09050 0.07470 0.05718 0.04953 0.05091 0.05064 0.04893 0.04894 0.05013 0.04973 0.04822 0.04838 0.04928 0.04665 0.04058 0.03574 0.03157 0.02676 0.02131 0.01644 0.01202 0.00722 0.00234 0.00000 0.00000 0.00000 0.00000 0.00000 0.00000 0.00000 0.00000 0.00000 0.00000 0.00000 0.00000 0.00000 0.00000 0.00000 0.00000 0.00000 0.00000 0.00000 0.00000 0.00000 0.00000 0.00000 0.00000 0.00000 0.00000 0.00000 0.00000 0.00000 0.00000 0.00000 0.00000 0.00000 0.00000 0.00000 0.00000 0.00000 0.00000 0.00000 0.00000 0.00000 0.00000 0.00000 0.00000 0.00000 0.00000 0.00000 0.00000 0.00000 0.00000 0.00000 0.00000 0.00000 0.00000 0.00000 0.00000 0.00000 0.00000 0.00000 0.00000 0.00000 0.00000 0.00000 0.00000 0.00000 0.00000 0.00000 0.00000 0.00000 0.00000 0.00000 0.00000 0.00000 0.00000 0.00000 0.00000 0.00000 0.00000 0.00000 0.00000 0.00000 0.00000 0.00000 0.00000 0.00000
0.00000 0.00000 0.00000 0.00000 0.00000 0.00000 0.00000 0.00000 0.00000 0.00000 0.00000 0.00000 0.00000 0.00000 0.00000 0.00000 0.00000 0.00000 0.00000 0.00000 0.00000 0.00000 0.00000 0.00000 0.00000 0.00000 0.00000 0.00000 0.00000 0.00000 0.00000 0.00000 0.00000 0.00000 0.00000 0.00000 0.00000 0.00000 0.00000 0.00000 0.00000 0.00000 0.00000 0.00000 0.00000 0.02418 0.07272 0.12142 0.16845 0.21493 0.26306 0.31161 0.35593 0.40046 0.44853 0.45240 0.40801 0.36553 0.32670 0.28718 0.24550 0.20459 0.16560 0.12698 0.08757 0.06751 0.06721 0.06752 0.06730 0.06643 0.06600 0.06633 0.06621 0.06546 0.06488 0.06169 0.05532 0.04852 0.04143 0.03491 0.02874 0.02228 0.01564 0.00936 0.00313 0.01763 0.05215 0.08699 0.12203 0.15529 0.18802 0.22183 0.25583 0.28690 0.31906 0.33764 0.34201 0.34460 0.34987 0.35568 0.35698 0.35978 0.36625 0.37155 0.37116 0.37127 0.37330 0.37193 0.36559 0.36343 0.36554 0.36337 0.35709 0.35564 0.35793 0.35487 0.34920 0.34790 0.34930 0.34615 0.34237 0.34051 0.34024 0.33707 0.33453 0.33281 0.33264 0.32838 0.32618 0.32478 0.32531 0.32315 0.31841 0.31731 0.31730 0.31457 0.31112 0.30957 0.30915 0.30687 0.30358 0.30172 0.30168 0.29988 0.29574 0.29458 0.29494 0.29207 0.28785 0.28869 0.28871 0.28386 0.28045 0.28259 0.28224 0.27661 0.27361 0.27566 0.27491 0.26976 0.26604 0.26911 0.26640 0.26272 0.26591 0.26340 0.25745 0.25561 0.25961 0.25787 0.25081 0.24912 0.25338 0.25178 0.24487 0.24383 0.24688 0.24522 0.24118 0.23927 0.23925 0.23892 0.23783 0.23480 0.23284 0.23313 0.23255 0.23020 0.22804 0.22752 0.22717 0.22581 0.22331 0.22219 0.22310 0.22128 0.21777 0.21754 0.22002 0.21694 0.21237 0.21372 0.21648 0.21320 0.20813 0.20144 0.18530 0.16493 0.14406 0.12713 0.11051 0.09222 0.07395 0.05616 0.03881 0.03042 0.03046 0.02994 0.02956 0.02990 0.03019 0.02961 0.02909 0.02932 0.02986 0.02790 0.02440 0.02162 0.01915 0.01602 0.01278 0.00998 0.00727 0.00431 0.00140 0.00000 0.00000 0.00000 0.00000 0.00000 0.00000 0.00000 0.00000 0.00000 0.00000 0.00000 0.00000 0.00000 0.00000 0.00000 0.00000 0.00000 0.00000 0.00000 0.00000 0.00000 0.00000 0.00000 0.00000 0.00000 0.00000 0.00000 0.00000 0.00000 0.00000 0.00000 0.00000 0.00000 0.00000 0.00000 0.00000 0.00000 0.00000 0.00000 0.00000 0.00000 0.00000 0.00000 0.00000 0.00000 0.00000 0.00000 0.00000 0.00000 0.00000 0.00000 0.00000 0.00000 0.00000 0.00000 0.00000 0.00000 0.00000 0.00000 0.00000 0.00000 0.00000 0.00000 0.00000 0.00000 0.00000 0.00000 0.00000 0.00000 0.00000 0.00000 0.00000 0.00000 0.00000 0.00000 0.00000 0.00000 0.00000 0.00000 0.00000 0.00000 0.00000 0.00000 0.00000 0.00000
0.00000 0.00000 0.00000 0.00000 0.00000 0.00000 0.00000 0.00000 0.00000 0.00000 0.00000 0.00000 0.00000 0.00000 0.00000 0.00000 0.00000 0.00000 0.00000 0.00000 0.00000 0.00000 0.00000 0.00000 0.00000 0.00000 0.00000 0.00000 0.00000 0.00000 0.00000 0.00000 0.00000 0.00000 0.00000 0.00000 0.00000 0.00000 0.00000 0.00000 0.00000 0.00000 0.00000 0.00000 0.00000 0.02420 0.07215 0.12067 0.16889 0.21491 0.26129 0.30970 0.35693 0.40020 0.44522 0.44786 0.40189 0.35359 0.30825 0.26497 0.22021 0.17473 0.13079 0.08751 0.04423 0.02254 0.02239 0.02228 0.02230 0.02224 0.02205 0.02187 0.02188 0.02189 0.02176 0.02042 0.01819 0.01613 0.01394 0.01160 0.00946 0.00739 0.00525 0.00310 0.00104 0.01967 0.05841 0.09665 0.13553 0.17322 0.20964 0.24773 0.28462 0.31965 0.35464 0.37516 0.37381 0.37231 0.37450 0.37564 0.37393 0.37139 0.37326 0.37592 0.37501 0.36989 0.36872 0.37094 0.36864 0.36206 0.36013 0.36259 0.36070 0.35448 0.35190 0.35359 0.35272 0.34853 0.34372 0.34377 0.34467 0.34201 0.33579 0.33497 0.33608 0.33415 0.32826 0.32725 0.32639 0.32632 0.32576 0.31950 0.31704 0.31901 0.31756 0.31137 0.30885 0.31166 0.30986 0.30350 0.30122 0.30404 0.30263 0.29632 0.29412 0.29628 0.29567 0.29002 0.28683 0.28833 0.28882 0.28438 0.28010 0.28041 0.28164 0.27847 0.27333 0.27276 0.27475 0.27222 0.26660 0.26489 0.26805 0.26585 0.26064 0.26093 0.26102 0.25853 0.25564 0.25470 0.25341 0.25212 0.25136 0.24924 0.24586 0.24497 0.24709 0.24547 0.23913 0.23796 0.24257 0.24122 0.23398 0.23260 0.23719 0.23574 0.22893 0.22751 0.23187 0.23083 0.22422 0.22262 0.22685 0.22622 0.21965 0.21828 0.22243 0.22146 0.21464 0.21467 0.21872 0.21646 0.21361 0.21160 0.21049 0.20145 0.18235 0.15955 0.13716 0.11798 0.10001 0.07954 0.05804 0.03873 0.02011 0.01029 0.00995 0.00989 0.01015 0.01013 0.00983 0.00980 0.00997 0.00995 0.00973 0.00923 0.00834 0.00737 0.00627 0.00526 0.00437 0.00341 0.00238 0.00142 0.00048 0.00000 0.00000 0.00000 0.00000 0.00000 0.00000 0.00000 0.00000 0.00000 0.00000 0.00000 0.00000 0.00000 0.00000 0.00000 0.00000 0.00000 0.00000 0.00000 0.00000 0.00000 0.00000 0.00000 0.00000 0.00000 0.00000 0.00000 0.00000 0.00000 0.00000 0.00000 0.00000 0.00000 0.00000 0.00000 0.00000 0.00000 0.00000 0.00000 0.00000 0.00000 0.00000 0.00000 0.00000 0.00000 0.00000 0.00000 0.00000 0.00000 0.00000 0.00000 0.00000 0.00000 0.00000 0.00000 0.00000 0.00000 0.00000 0.00000 0.00000 0.00000 0.00000 0.00000 0.00000 0.00000 0.00000 0.00000 0.00000 0.00000 0.00000 0.00000 0.00000 0.00000 0.00000 0.00000 0.00000 0.00000 0.00000 0.00000 0.00000 0.00000 0.00000 0.00000 0.00000 0.00000
0.00000 0.00000 0.00000 0.00000 0.00000 0.00000 0.00000 0.00000 0.00000 0.00000 0.00000 0.00000 0.00000 0.00000 0.00000 0.00000 0.00000 0.00000 0.00000 0.00000 0.00000 0.00000 0.00000 0.00000 0.00000 0.00000 0.00000 0.00000 0.00000 0.00000 0.00000 0.00000 0.00000 0.00000 0.00000 0.00000 0.00000 0.00000 0.00000 0.00000 0.00000 0.00000 0.00000 0.00000 0.00000 0.02309 0.06857 0.11357 0.15939 0.20514 0.24824 0.29152 0.33700 0.38205 0.42266 0.42001 0.37662 0.33199 0.28487 0.23942 0.19611 0.15251 0.10796 0.06427 0.02138 0.00000 0.00000 0.00000 0.00000 0.00000 0.00000 0.00000 0.00000 0.00000 0.00000 0.00000 0.00000 0.00000 0.00000 0.00000 0.00000 0.00000 0.00000 0.00000 0.00000 0.01948 0.05858 0.09701 0.13406 0.17198 0.21080 0.24719 0.28244 0.31801 0.35601 0.37367 0.37210 0.37182 0.37313 0.37232 0.37258 0.37471 0.37204 0.37036 0.37339 0.37403 0.36802 0.36533 0.36713 0.36547 0.35953 0.35744 0.35957 0.35712 0.35096 0.34961 0.35216 0.34865 0.34353 0.34238 0.34346 0.33951 0.33614 0.33580 0.33531 0.32994 0.32817 0.32960 0.32779 0.32281 0.32050 0.32140 0.31988 0.31603 0.31335 0.31316 0.31183 0.30811 0.30582 0.30526 0.30451 0.30135 0.29778 0.29741 0.29798 0.29484 0.28998 0.29076 0.29152 0.28699 0.28298 0.28494 0.28477 0.27928 0.27663 0.27840 0.27756 0.27239 0.27009 0.27164 0.26986 0.26569 0.26620 0.26563 0.26050 0.25890 0.26238 0.26019 0.25357 0.25212 0.25623 0.25477 0.24747 0.24604 0.25012 0.24874 0.24260 0.24131 0.24315 0.24202 0.23989 0.23774 0.23551 0.23548 0.23635 0.23305 0.22793 0.22689 0.22729 0.22401 0.21855 0.21726 0.21836 0.21511 0.20950 0.20905 0.21188 0.20852 0.20441 0.20639 0.20839 0.20231 0.20044 0.20524 0.20466 0.18975 0.16744 0.15012 0.13046 0.10837 0.08773 0.06872 0.04900 0.02910 0.00970 0.00000 0.00000 0.00000 0.00000 0.00000 0.00000 0.00000 0.00000 0.00000 0.00000 0.00000 0.00000 0.00000 0.00000 0.00000 0.00000 0.00000 0.00000 0.00000 0.00000 0.00000 0.00000 0.00000 0.00000 0.00000 0.00000 0.00000 0.00000 0.00000 0.00000 0.00000 0.00000 0.00000 0.00000 0.00000 0.00000 0.00000 0.00000 0.00000 0.00000 0.00000 0.00000 0.00000 0.00000 0.00000 0.00000 0.00000 0.00000 0.00000 0.00000 0.00000 0.00000 0.00000 0.00000 0.00000 0.00000 0.00000 0.00000 0.00000 0.00000 0.00000 0.00000 0.00000 0.00000 0.00000 0.00000 0.00000 0.00000 0.00000 0.00000 0.00000 0.00000 0.00000 0.00000 0.00000 0.00000 0.00000 0.00000 0.00000 0.00000 0.00000 0.00000 0.00000 0.00000 0.00000 0.00000 0.00000 0.00000 0.00000 0.00000 0.00000 0.00000 0.00000 0.00000 0.00000 0.00000 0.00000 0.00000 0.00000 0.00000 0.00000 0.00000 0.00000 0.00000 0.00000
0.00000 0.00000 0.00000 0.00000 0.00000 0.00000 0.00000 0.00000 0.00000 0.00000 0.00000 0.00000 0.00000 0.00000 0.00000 0.00000 0.00000 0.00000 0.00000 0.00000 0.00000 0.00000 0.00000 0.00000 0.00000 0.00000 0.00000 0.00000 0.00000 0.00000 0.00000 0.00000 0.00000 0.00000 0.00000 0.00000 0.00000 0.00000 0.00000 0.00000 0.00000 0.00000 0.00000 0.00000 0.00000 0.02057 0.06157 0.10150 0.14157 0.18261 0.22265 0.26043 0.29960 0.34040 0.37876 0.37506 0.33466 0.29596 0.25517 0.21372 0.17443 0.13581 0.09661 0.05739 0.01907 0.00000 0.00000 0.00000 0.00000 0.00000 0.00000 0.00000 0.00000 0.00000 0.00000 0.00000 0.00000 0.00000 0.00000 0.00000 0.00000 0.00000 0.00000 0.00000 0.00000 0.01730 0.05208 0.08662 0.12009 0.15380 0.18721 0.21996 0.25236 0.28548 0.31624 0.33383 0.34033 0.34376 0.34531 0.34911 0.35568 0.36009 0.36249 0.36345 0.36829 0.37287 0.37057 0.36391 0.36222 0.36487 0.36261 0.35609 0.35393 0.35642 0.35463 0.34920 0.34581 0.34720 0.34687 0.34311 0.33789 0.33801 0.33860 0.33583 0.33093 0.32995 0.32922 0.32815 0.32626 0.32205 0.31973 0.32115 0.32023 0.31388 0.31150 0.31407 0.31230 0.30604 0.30372 0.30640 0.30494 0.29905 0.29634 0.29834 0.29825 0.29318 0.28945 0.29012 0.29140 0.28773 0.28262 0.28221 0.28434 0.28186 0.27603 0.27486 0.27737 0.27544 0.26928 0.26750 0.27081 0.26966 0.26293 0.26172 0.26437 0.26237 0.25742 0.25681 0.25745 0.25534 0.25261 0.25142 0.25008 0.24857 0.24853 0.24700 0.24255 0.24123 0.24490 0.24372 0.23660 0.23526 0.24008 0.23841 0.23196 0.22902 0.22915 0.22426 0.21537 0.21076 0.21038 0.20604 0.19781 0.19340 0.19268 0.19010 0.18534 0.18526 0.18818 0.18615 0.18137 0.18230 0.18403 0.18243 0.18111 0.17064 0.15174 0.13389 0.11670 0.09790 0.07864 0.06098 0.04426 0.02652 0.00860 0.00000 0.00000 0.00000 0.00000 0.00000 0.00000 0.00000 0.00000 0.00000 0.00000 0.00000 0.00000 0.00000 0.00000 0.00000 0.00000 0.00000 0.00000 0.00000 0.00000 0.00000 0.00000 0.00000 0.00000 0.00000 0.00000 0.00000 0.00000 0.00000 0.00000 0.00000 0.00000 0.00000 0.00000 0.00000 0.00000 0.00000 0.00000 0.00000 0.00000 0.00000 0.00000 0.00000 0.00000 0.00000 0.00000 0.00000 0.00000 0.00000 0.00000 0.00000 0.00000 0.00000 0.00000 0.00000 0.00000 0.00000 0.00000 0.00000 0.00000 0.00000 0.00000 0.00000 0.00000 0.00000 0.00000 0.00000 0.00000 0.00000 0.00000 0.00000 0.00000 0.00000 0.00000 0.00000 0.00000 0.00000 0.00000 0.00000 0.00000 0.00000 0.00000 0.00000 0.00000 0.00000 0.00000 0.00000 0.00000 0.00000 0.00000 0.00000 0.00000 0.00000 0.00000 0.00000 0.00000 0.00000 0.00000 0.00000 0.00000 0.00000 0.00000 0.00000 0.00000 0.00000
0.00000 0.00000 0.00000 0.00000 0.00000 0.00000 0.00000 0.00000 0.00000 0.00000 0.00000 0.00000 0.00000 0.00000 0.00000 0.00000 0.00000 0.00000 0.00000 0.00000 0.00000 0.00000 0.00000 0.00000 0.00000 0.00000 0.00000 0.00000 0.00000 0.00000 0.00000 0.00000 0.00000 0.00000 0.00000 0.00000 0.00000 0.00000 0.00000 0.00000 0.00000 0.00000 0.00000 0.00000 0.00000 0.01795 0.05406 0.09006 0.12479 0.15960 0.19541 0.23086 0.26387 0.29746 0.33290 0.33235 0.29458 0.25846 0.22430 0.18952 0.15350 0.11865 0.08479 0.05090 0.01680 0.00000 0.00000 0.00000 0.00000 0.00000 0.00000 0.00000 0.00000 0.00000 0.00000 0.00000 0.00000 0.00000 0.00000 0.00000 0.00000 0.00000 0.00000 0.00000 0.00000 0.01540 0.04545 0.07561 0.10650 0.13588 0.16400 0.19255 0.22322 0.25201 0.27772 0.29482 0.30580 0.31501 0.31981 0.32870 0.33694 0.34277 0.35155 0.36182 0.36596 0.36711 0.36860 0.36760 0.36185 0.35943 0.36134 0.35919 0.35328 0.35135 0.35400 0.35101 0.34513 0.34395 0.34626 0.34216 0.33771 0.33781 0.33800 0.33249 0.32995 0.33190 0.33039 0.32355 0.32235 0.32509 0.32248 0.31722 0.31552 0.31676 0.31429 0.30962 0.30835 0.30912 0.30693 0.30222 0.30017 0.30128 0.30067 0.29614 0.29234 0.29380 0.29414 0.28956 0.28565 0.28744 0.28704 0.28192 0.27955 0.28122 0.27986 0.27484 0.27319 0.27448 0.27262 0.26832 0.26753 0.26804 0.26425 0.26193 0.26415 0.26234 0.25649 0.25543 0.25894 0.25702 0.25015 0.24895 0.25308 0.25176 0.24451 0.24318 0.24698 0.24570 0.24057 0.23976 0.23932 0.23840 0.23914 0.23674 0.23222 0.22921 0.22618 0.21797 0.20698 0.20126 0.19867 0.19106 0.18050 0.17489 0.17244 0.16764 0.16341 0.16388 0.16664 0.16321 0.16039 0.16329 0.16373 0.15866 0.15756 0.15354 0.13670 0.11739 0.10098 0.08705 0.07100 0.05399 0.03851 0.02337 0.00772 0.00000 0.00000 0.00000 0.00000 0.00000 0.00000 0.00000 0.00000 0.00000 0.00000 0.00000 0.00000 0.00000 0.00000 0.00000 0.00000 0.00000 0.00000 0.00000 0.00000 0.00000 0.00000 0.00000 0.00000 0.00000 0.00000 0.00000 0.00000 0.00000 0.00000 0.00000 0.00000 0.00000 0.00000 0.00000 0.00000 0.00000 0.00000 0.00000 0.00000 0.00000 0.00000 0.00000 0.00000 0.00000 0.00000 0.00000 0.00000 0.00000 0.00000 0.00000 0.00000 0.00000 0.00000 0.00000 0.00000 0.00000 0.00000 0.00000 0.00000 0.00000 0.00000 0.00000 0.00000 0.00000 0.00000 0.00000 0.00000 0.00000 0.00000 0.00000 0.00000 0.00000 0.00000 0.00000 0.00000 0.00000 0.00000 0.00000 0.00000 0.00000 0.00000 0.00000 0.00000 0.00000 0.00000 0.00000 0.00000 0.00000 0.00000 0.00000 0.00000 0.00000 0.00000 0.00000 0.00000 0.00000 0.00000 0.00000 0.00000 0.00000 0.00000 0.00000 0.00000 0.00000
0.00000 0.00000 0.00000 0.00000 0.00000 0.00000 0.00000 0.00000 0.00000 0.00000 0.00000 0.00000 0.00000 0.00000 0.00000 0.00000 0.00000 0.00000 0.00000 0.00000 0.00000 0.00000 0.00000 0.00000 0.00000 0.00000 0.00000 0.00000 0.00000 0.00000 0.00000 0.00000 0.00000 0.00000 0.00000 0.00000 0.00000 0.00000 0.00000 0.00000 0.00000 0.00000 0.00000 0.00000 0.00000 0.01552 0.04645 0.07765 0.10845 0.13803 0.16838 0.19932 0.22875 0.25704 0.28694 0.28723 0.25528 0.22326 0.19327 0.16369 0.13315 0.10243 0.07310 0.04388 0.01457 0.00000 0.00000 0.00000 0.00000 0.00000 0.00000 0.00000 0.00000 0.00000 0.00000 0.00000 0.00000 0.00000 0.00000 0.00000 0.00000 0.00000 0.00000 0.00000 0.00000 0.01331 0.03958 0.06527 0.09135 0.11736 0.14233 0.16741 0.19155 0.21654 0.24170 0.25921 0.26969 0.28266 0.29724 0.30753 0.31722 0.32835 0.34143 0.35468 0.36555 0.36578 0.36439 0.36700 0.36469 0.35804 0.35598 0.35874 0.35650 0.35062 0.34787 0.35005 0.34882 0.34420 0.33987 0.34091 0.34109 0.33735 0.33297 0.33270 0.33195 0.32965 0.32735 0.32489 0.32234 0.32280 0.32199 0.31639 0.31436 0.31648 0.31439 0.30840 0.30701 0.30900 0.30679 0.30133 0.29942 0.30082 0.30030 0.29582 0.29213 0.29222 0.29381 0.29072 0.28527 0.28422 0.28687 0.28486 0.27875 0.27707 0.27988 0.27839 0.27212 0.27021 0.27335 0.27206 0.26552 0.26332 0.26720 0.26617 0.25956 0.25845 0.26094 0.25877 0.25422 0.25352 0.25421 0.25207 0.24957 0.24848 0.24680 0.24543 0.24647 0.24476 0.23928 0.23812 0.24296 0.24150 0.23474 0.23379 0.23706 0.23107 0.21841 0.20968 0.20319 0.19373 0.18268 0.17422 0.16717 0.15826 0.14816 0.14407 0.14482 0.14361 0.14086 0.14159 0.14339 0.14112 0.13837 0.13910 0.14002 0.13174 0.11704 0.10297 0.08876 0.07467 0.06134 0.04770 0.03353 0.01994 0.00673 0.00000 0.00000 0.00000 0.00000 0.00000 0.00000 0.00000 0.00000 0.00000 0.00000 0.00000 0.00000 0.00000 0.00000 0.00000 0.00000 0.00000 0.00000 0.00000 0.00000 0.00000 0.00000 0.00000 0.00000 0.00000 0.00000 0.00000 0.00000 0.00000 0.00000 0.00000 0.00000 0.00000 0.00000 0.00000 0.00000 0.00000 0.00000 0.00000 0.00000 0.00000 0.00000 0.00000 0.00000 0.00000 0.00000 0.00000 0.00000 0.00000 0.00000 0.00000 0.00000 0.00000 0.00000 0.00000 0.00000 0.00000 0.00000 0.00000 0.00000 0.00000 0.00000 0.00000 0.00000 0.00000 0.00000 0.00000 0.00000 0.00000 0.00000 0.00000 0.00000 0.00000 0.00000 0.00000 0.00000 0.00000 0.00000 0.00000 0.00000 0.00000 0.00000 0.00000 0.00000 0.00000 0.00000 0.00000 0.00000 0.00000 0.00000 0.00000 0.00000 0.00000 0.00000 0.00000 0.00000 0.00000 0.00000 0.00000 0.00000 0.00000 0.00000 0.00000 0.00000 0.00000
0.00000 0.00000 0.00000 0.00000 0.00000 0.00000 0.00000 0.00000 0.00000 0.00000 0.00000 0.00000 0.00000 0.00000 0.00000 0.00000 0.00000 0.00000 0.00000 0.00000 0.00000 0.00000 0.00000 0.00000 0.00000 0.00000 0.00000 0.00000 0.00000 0.00000 0.00000 0.00000 0.00000 0.00000 0.00000 0.00000 0.00000 0.00000 0.00000 0.00000 0.00000 0.00000 0.00000 0.00000 0.00000 0.01322 0.03922 0.06509 0.09126 0.11733 0.14219 0.16717 0.19291 0.21820 0.24195 0.24079 0.21548 0.18966 0.16289 0.13710 0.11228 0.08723 0.06158 0.03675 0.01226 0.00000 0.00000 0.00000 0.00000 0.00000 0.00000 0.00000 0.00000 0.00000 0.00000 0.00000 0.00000 0.00000 0.00000 0.00000 0.00000 0.00000 0.00000 0.00000 0.00000 0.01112 0.03349 0.05562 0.07673 0.09807 0.12083 0.14191 0.16132 0.18149 0.20419 0.22291 0.23641 0.25256 0.27053 0.28536 0.29941 0.31719 0.33138 0.34392 0.36131 0.36997 0.36415 0.36149 0.36320 0.36124 0.35553 0.35332 0.35584 0.35315 0.34715 0.34544 0.34838 0.34476 0.33946 0.33936 0.34032 0.33520 0.33171 0.33389 0.33282 0.32591 0.32408 0.32720 0.32510 0.31857 0.31723 0.31973 0.31676 0.31146 0.31097 0.31239 0.30901 0.30393 0.30299 0.30505 0.30286 0.29700 0.29476 0.29773 0.29674 0.29108 0.28821 0.29055 0.28933 0.28424 0.28233 0.28409 0.28207 0.27714 0.27605 0.27748 0.27524 0.27065 0.26977 0.27080 0.26796 0.26459 0.26527 0.26463 0.25981 0.25857 0.26123 0.25904 0.25299 0.25229 0.25580 0.25390 0.24706 0.24588 0.25023 0.24899 0.24167 0.24129 0.24403 0.24191 0.23905 0.23926 0.23553 0.23473 0.23812 0.23045 0.21416 0.20331 0.19658 0.18457 0.16925 0.15862 0.15166 0.14033 0.12638 0.12099 0.12365 0.12242 0.11925 0.11954 0.12156 0.11887 0.11713 0.11963 0.11955 0.11015 0.09793 0.08869 0.07640 0.06277 0.05128 0.04070 0.02885 0.01688 0.00565 0.00000 0.00000 0.00000 0.00000 0.00000 0.00000 0.00000 0.00000 0.00000 0.00000 0.00000 0.00000 0.00000 0.00000 0.00000 0.00000 0.00000 0.00000 0.00000 0.00000 0.00000 0.00000 0.00000 0.00000 0.00000 0.00000 0.00000 0.00000 0.00000 0.00000 0.00000 0.00000 0.00000 0.00000 0.00000 0.00000 0.00000 0.00000 0.00000 0.00000 0.00000 0.00000 0.00000 0.00000 0.00000 0.00000 0.00000 0.00000 0.00000 0.00000 0.00000 0.00000 0.00000 0.00000 0.00000 0.00000 0.00000 0.00000 0.00000 0.00000 0.00000 0.00000 0.00000 0.00000 0.00000 0.00000 0.00000 0.00000 0.00000 0.00000 0.00000 0.00000 0.00000 0.00000 0.00000 0.00000 0.00000 0.00000 0.00000 0.00000 0.00000 0.00000 0.00000 0.00000 0.00000 0.00000 0.00000 0.00000 0.00000 0.00000 0.00000 0.00000 0.00000 0.00000 0.00000 0.00000 0.00000 0.00000 0.00000 0.00000 0.00000 0.00000 0.00000 0.00000 0.00000
0.00000 0.00000 0.00000 0.00000 0.00000 0.00000 0.00000 0.00000 0.00000 0.00000 0.00000 0.00000 0.00000 0.00000 0.00000 0.00000 0.00000 0.00000 0.00000 0.00000 0.00000 0.00000 0.00000 0.00000 0.00000 0.00000 0.00000 0.00000 0.00000 0.00000 0.00000 0.00000 0.00000 0.00000 0.00000 0.00000 0.00000 0.00000 0.00000 0.00000 0.00000 0.00000 0.00000 0.00000 0.00000 0.01074 0.03223 0.05321 0.07426 0.09549 0.11624 0.13638 0.15726 0.17812 0.19753 0.19619 0.17558 0.15484 0.13316 0.11167 0.09138 0.07111 0.05050 0.02990 0.00997 0.00000 0.00000 0.00000 0.00000 0.00000 0.00000 0.00000 0.00000 0.00000 0.00000 0.00000 0.00000 0.00000 0.00000 0.00000 0.00000 0.00000 0.00000 0.00000 0.00000 0.00906 0.02716 0.04546 0.06301 0.08028 0.09754 0.11556 0.13266 0.14891 0.16479 0.18439 0.20563 0.22408 0.24245 0.26303 0.28399 0.30281 0.32109 0.33741 0.35686 0.36890 0.36688 0.35995 0.35810 0.36091 0.35854 0.35246 0.34995 0.35243 0.35058 0.34562 0.34187 0.34343 0.34335 0.33904 0.33476 0.33493 0.33471 0.33129 0.32899 0.32781 0.32511 0.32374 0.32310 0.31927 0.31706 0.31854 0.31613 0.31082 0.31020 0.31170 0.30844 0.30334 0.30304 0.30376 0.30150 0.29770 0.29552 0.29487 0.29562 0.29317 0.28843 0.28650 0.28907 0.28753 0.28166 0.27935 0.28216 0.28117 0.27509 0.27279 0.27566 0.27465 0.26836 0.26608 0.26970 0.26871 0.26198 0.26014 0.26390 0.26228 0.25627 0.25549 0.25779 0.25536 0.25099 0.25038 0.25108 0.24937 0.24721 0.24534 0.24284 0.24316 0.24525 0.24268 0.23707 0.23671 0.23991 0.23775 0.23366 0.22702 0.21451 0.20004 0.18548 0.17258 0.15943 0.14581 0.13267 0.12005 0.10695 0.10016 0.09967 0.09968 0.09960 0.09857 0.09705 0.09776 0.09893 0.09721 0.09545 0.09127 0.08224 0.07168 0.06159 0.05232 0.04265 0.03277 0.02344 0.01417 0.00467 0.00000 0.00000 0.00000 0.00000 0.00000 0.00000 0.00000 0.00000 0.00000 0.00000 0.00000 0.00000 0.00000 0.00000 0.00000 0.00000 0.00000 0.00000 0.00000 0.00000 0.00000 0.00000 0.00000 0.00000 0.00000 0.00000 0.00000 0.00000 0.00000 0.00000 0.00000 0.00000 0.00000 0.00000 0.00000 0.00000 0.00000 0.00000 0.00000 0.00000 0.00000 0.00000 0.00000 0.00000 0.00000 0.00000 0.00000 0.00000 0.00000 0.00000 0.00000 0.00000 0.00000 0.00000 0.00000 0.00000 0.00000 0.00000 0.00000 0.00000 0.00000 0.00000 0.00000 0.00000 0.00000 0.00000 0.00000 0.00000 0.00000 0.00000 0.00000 0.00000 0.00000 0.00000 0.00000 0.00000 0.00000 0.00000 0.00000 0.00000 0.00000 0.00000 0.00000 0.00000 0.00000 0.00000 0.00000 0.00000 0.00000 0.00000 0.00000 0.00000 0.00000 0.00000 0.00000 0.00000 0.00000 0.00000 0.00000 0.00000 0.00000 0.00000 0.00000 0.00000 0.00000
0.00000 0.00000 0.00000 0.00000 0.00000 0.00000 0.00000 0.00000 0.00000 0.00000 0.00000 0.00000 0.00000 0.00000 0.00000 0.00000 0.00000 0.00000 0.00000 0.00000 0.00000 0.00000 0.00000 0.00000 0.00000 0.00000 0.00000 0.00000 0.00000 0.00000 0.00000 0.00000 0.00000 0.00000 0.00000 0.00000 0.00000 0.00000 0.00000 0.00000 0.00000 0.00000 0.00000 0.00000 0.00000 0.00829 0.02485 0.04153 0.05779 0.07375 0.08999 0.10626 0.12190 0.13748 0.15341 0.15291 0.13589 0.11937 0.10340 0.08726 0.07069 0.05470 0.03918 0.02347 0.00770 0.00000 0.00000 0.00000 0.00000 0.00000 0.00000 0.00000 0.00000 0.00000 0.00000 0.00000 0.00000 0.00000 0.00000 0.00000 0.00000 0.00000 0.00000 0.00000 0.00000 0.00711 0.02104 0.03478 0.04915 0.06276 0.07560 0.08865 0.10321 0.11622 0.12778 0.14638 0.17217 0.19563 0.21723 0.24204 0.26613 0.28667 0.30993 0.33591 0.35463 0.36332 0.36484 0.36350 0.35766 0.35550 0.35777 0.35522 0.34927 0.34720 0.35033 0.34713 0.34135 0.34056 0.34242 0.33803 0.33375 0.33566 0.33456 0.32849 0.32599 0.32912 0.32745 0.32032 0.31849 0.32193 0.31947 0.31352 0.31323 0.31501 0.31106 0.30625 0.30611 0.30781 0.30459 0.29889 0.29743 0.30078 0.29910 0.29223 0.29043 0.29399 0.29188 0.28607 0.28479 0.28713 0.28438 0.27929 0.27873 0.28050 0.27772 0.27277 0.27228 0.27381 0.27110 0.26688 0.26671 0.26724 0.26353 0.26132 0.26286 0.26119 0.25599 0.25558 0.25832 0.25572 0.24984 0.24936 0.25283 0.25093 0.24429 0.24324 0.24771 0.24553 0.23896 0.24121 0.24078 0.23751 0.24015 0.23880 0.23286 0.22398 0.21294 0.19649 0.17606 0.16030 0.14866 0.13305 0.11470 0.09946 0.08685 0.07924 0.07696 0.07643 0.07819 0.07765 0.07558 0.07586 0.07705 0.07528 0.07426 0.07217 0.06447 0.05517 0.04757 0.04131 0.03358 0.02534 0.01816 0.01111 0.00367 0.00000 0.00000 0.00000 0.00000 0.00000 0.00000 0.00000 0.00000 0.00000 0.00000 0.00000 0.00000 0.00000 0.00000 0.00000 0.00000 0.00000 0.00000 0.00000 0.00000 0.00000 0.00000 0.00000 0.00000 0.00000 0.00000 0.00000 0.00000 0.00000 0.00000 0.00000 0.00000 0.00000 0.00000 0.00000 0.00000 0.00000 0.00000 0.00000 0.00000 0.00000 0.00000 0.00000 0.00000 0.00000 0.00000 0.00000 0.00000 0.00000 0.00000 0.00000 0.00000 0.00000 0.00000 0.00000 0.00000 0.00000 0.00000 0.00000 0.00000 0.00000 0.00000 0.00000 0.00000 0.00000 0.00000 0.00000 0.00000 0.00000 0.00000 0.00000 0.00000 0.00000 0.00000 0.00000 0.00000 0.00000 0.00000 0.00000 0.00000 0.00000 0.00000 0.00000 0.00000 0.00000 0.00000 0.00000 0.00000 0.00000 0.00000 0.00000 0.00000 0.00000 0.00000 0.00000 0.00000 0.00000 0.00000 0.00000 0.00000 0.00000 0.00000 0.00000 0.00000 0.00000
0.00000 0.00000 0.00000 0.00000 0.00000 0.00000 0.00000 0.00000 0.00000 0.00000 0.00000 0.00000 0.00000 0.00000 0.00000 0.00000 0.00000 0.00000 0.00000 0.00000 0.00000 0.00000 0.00000 0.00000 0.00000 0.00000 0.00000 0.00000 0.00000 0.00000 0.00000 0.00000 0.00000 0.00000 0.00000 0.00000 0.00000 0.00000 0.00000 0.00000 0.00000 0.00000 0.00000 0.00000 0.00000 0.00594 0.01768 0.02936 0.04116 0.05268 0.06418 0.07568 0.08666 0.09776 0.10938 0.10912 0.09671 0.08481 0.07362 0.06222 0.05048 0.03886 0.02778 0.01670 0.00554 0.00000 0.00000 0.00000 0.00000 0.00000 0.00000 0.00000 0.00000 0.00000 0.00000 0.00000 0.00000 0.00000 0.00000 0.00000 0.00000 0.00000 0.00000 0.00000 0.00000 0.00507 0.01508 0.02479 0.03458 0.04480 0.05429 0.06340 0.07252 0.08268 0.09210 0.10988 0.13738 0.16633 0.19455 0.22025 0.24675 0.27297 0.30048 0.32871 0.35466 0.36177 0.36041 0.36297 0.36071 0.35439 0.35205 0.35461 0.35246 0.34726 0.34404 0.34581 0.34527 0.34080 0.33642 0.33665 0.33748 0.33363 0.33061 0.32988 0.32805 0.32487 0.32422 0.32290 0.31985 0.31857 0.31728 0.31352 0.31343 0.31435 0.30995 0.30558 0.30639 0.30671 0.30295 0.29914 0.29890 0.29812 0.29667 0.29488 0.29163 0.28915 0.29066 0.28987 0.28481 0.28171 0.28408 0.28373 0.27819 0.27523 0.27765 0.27730 0.27143 0.26888 0.27190 0.27110 0.26469 0.26235 0.26646 0.26536 0.25856 0.25727 0.26084 0.25866 0.25297 0.25253 0.25481 0.25266 0.24793 0.24691 0.24773 0.24749 0.24679 0.24176 0.23920 0.24240 0.24276 0.23850 0.23636 0.23760 0.23611 0.22549 0.20697 0.18904 0.16999 0.15183 0.13479 0.11731 0.09871 0.08136 0.06488 0.05629 0.05543 0.05518 0.05523 0.05523 0.05517 0.05455 0.05369 0.05408 0.05480 0.05119 0.04494 0.03995 0.03493 0.02911 0.02357 0.01854 0.01320 0.00779 0.00259 0.00000 0.00000 0.00000 0.00000 0.00000 0.00000 0.00000 0.00000 0.00000 0.00000 0.00000 0.00000 0.00000 0.00000 0.00000 0.00000 0.00000 0.00000 0.00000 0.00000 0.00000 0.00000 0.00000 0.00000 0.00000 0.00000 0.00000 0.00000 0.00000 0.00000 0.00000 0.00000 0.00000 0.00000 0.00000 0.00000 0.00000 0.00000 0.00000 0.00000 0.00000 0.00000 0.00000 0.00000 0.00000 0.00000 0.00000 0.00000 0.00000 0.00000 0.00000 0.00000 0.00000 0.00000 0.00000 0.00000 0.00000 0.00000 0.00000 0.00000 0.00000 0.00000 0.00000 0.00000 0.00000 0.00000 0.00000 0.00000 0.00000 0.00000 0.00000 0.00000 0.00000 0.00000 0.00000 0.00000 0.00000 0.00000 0.00000 0.00000 0.00000 0.00000 0.00000 0.00000 0.00000 0.00000 0.00000 0.00000 0.00000 0.00000 0.00000 0.00000 0.00000 0.00000 0.00000 0.00000 0.00000 0.00000 0.00000 0.00000 0.00000 0.00000 0.00000 0.00000 0.00000
0.00000 0.00000 0.00000 0.00000 0.00000 0.00000 0.00000 0.00000 0.00000 0.00000 0.00000 0.00000 0.00000 0.00000 0.00000 0.00000 0.00000 0.00000 0.00000 0.00000 0.00000 0.00000 0.00000 0.00000 0.00000 0.00000 0.00000 0.00000 0.00000 0.00000 0.00000 0.00000 0.00000 0.00000 0.00000 0.00000 0.00000 0.00000 0.00000 0.00000 0.00000 0.00000 0.00000 0.00000 0.00000 0.00356 0.01067 0.01757 0.02450 0.03155 0.03848 0.04516 0.05193 0.05864 0.06527 0.06504 0.05803 0.05097 0.04389 0.03700 0.03027 0.02347 0.01656 0.00989 0.00332 0.00000 0.00000 0.00000 0.00000 0.00000 0.00000 0.00000 0.00000 0.00000 0.00000 0.00000 0.00000 0.00000 0.00000 0.00000 0.00000 0.00000 0.00000 0.00000 0.00000 0.00299 0.00904 0.01500 0.02071 0.02640 0.03259 0.03821 0.04345 0.04903 0.05511 0.07377 0.10483 0.13714 0.16928 0.19895 0.22846 0.26210 0.29076 0.31828 0.35071 0.36602 0.35970 0.35757 0.35971 0.35732 0.35135 0.34923 0.35224 0.34939 0.34328 0.34176 0.34451 0.34090 0.33588 0.33703 0.33610 0.33131 0.32780 0.33115 0.32979 0.32268 0.32082 0.32370 0.32199 0.31574 0.31397 0.31701 0.31339 0.30903 0.30914 0.31001 0.30626 0.30140 0.30061 0.30324 0.30095 0.29426 0.29253 0.29653 0.29464 0.28775 0.28681 0.28996 0.28696 0.28134 0.28107 0.28336 0.28020 0.27485 0.27478 0.27682 0.27391 0.26889 0.26870 0.27018 0.26705 0.26365 0.26417 0.26363 0.25936 0.25852 0.26039 0.25767 0.25271 0.25294 0.25527 0.25220 0.24720 0.24671 0.24979 0.24715 0.24205 0.24336 0.24472 0.24015 0.23868 0.24149 0.23663 0.23397 0.23840 0.22749 0.20154 0.18048 0.16434 0.14397 0.12075 0.10061 0.08312 0.06355 0.04296 0.03312 0.03379 0.03381 0.03287 0.03260 0.03339 0.03314 0.03226 0.03251 0.03294 0.03054 0.02698 0.02436 0.02108 0.01731 0.01414 0.01125 0.00796 0.00465 0.00156 0.00000 0.00000 0.00000 0.00000 0.00000 0.00000 0.00000 0.00000 0.00000 0.00000 0.00000 0.00000 0.00000 0.00000 0.00000 0.00000 0.00000 0.00000 0.00000 0.00000 0.00000 0.00000 0.00000 0.00000 0.00000 0.00000 0.00000 0.00000 0.00000 0.00000 0.00000 0.00000 0.00000 0.00000 0.00000 0.00000 0.00000 0.00000 0.00000 0.00000 0.00000 0.00000 0.00000 0.00000 0.00000 0.00000 0.00000 0.00000 0.00000 0.00000 0.00000 0.00000 0.00000 0.00000 0.00000 0.00000 0.00000 0.00000 0.00000 0.00000 0.00000 0.00000 0.00000 0.00000 0.00000 0.00000 0.00000 0.00000 0.00000 0.00000 0.00000 0.00000 0.00000 0.00000 0.00000 0.00000 0.00000 0.00000 0.00000 0.00000 0.00000 0.00000 0.00000 0.00000 0.00000 0.00000 0.00000 0.00000 0.00000 0.00000 0.00000 0.00000 0.00000 0.00000 0.00000 0.00000 0.00000 0.00000 0.00000 0.00000 0.00000 0.00000 0.00000 0.00000 0.00000
0.00000 0.00000 0.00000 0.00000 0.00000 0.00000 0.00000 0.00000 0.00000 0.00000 0.00000 0.00000 0.00000 0.00000 0.00000 0.00000 0.00000 0.00000 0.00000 0.00000 0.00000 0.00000 0.00000 0.00000 0.00000 0.00000 0.00000 0.00000 0.00000 0.00000 0.00000 0.00000 0.00000 0.00000 0.00000 0.00000 0.00000 0.00000 0.00000 0.00000 0.00000 0.00000 0.00000 0.00000 0.00000 0.00117 0.00353 0.00589 0.00817 0.01047 0.01271 0.01500 0.01732 0.01955 0.02161 0.02153 0.01933 0.01700 0.01457 0.01225 0.01005 0.00781 0.00553 0.00328 0.00109 0.00000 0.00000 0.00000 0.00000 0.00000 0.00000 0.00000 0.00000 0.00000 0.00000 0.00000 0.00000 0.00000 0.00000 0.00000 0.00000 0.00000 0.00000 0.00000 0.00000 0.00100 0.00297 0.00500 0.00694 0.00880 0.01067 0.01273 0.01460 0.01629 0.01809 0.03734 0.07340 0.10786 0.14304 0.17850 0.21311 0.24688 0.28127 0.31187 0.34551 0.36488 0.36275 0.35631 0.35417 0.35665 0.35449 0.34903 0.34624 0.34814 0.34693 0.34235 0.33828 0.33882 0.34008 0.33609 0.33209 0.33008 0.33113 0.32715 0.32566 0.32677 0.32310 0.31841 0.31804 0.31777 0.31698 0.31518 0.31094 0.30824 0.30990 0.30944 0.30434 0.30092 0.30196 0.30143 0.29838 0.29602 0.29449 0.29227 0.29214 0.29178 0.28780 0.28423 0.28568 0.28601 0.28136 0.27764 0.27930 0.27981 0.27472 0.27148 0.27367 0.27358 0.26773 0.26511 0.26867 0.26783 0.26110 0.25915 0.26351 0.26195 0.25525 0.25449 0.25797 0.25575 0.24972 0.24907 0.25199 0.25075 0.24554 0.24353 0.24368 0.24577 0.24534 0.23883 0.23862 0.24121 0.23862 0.23638 0.23642 0.22433 0.19939 0.17697 0.15544 0.13259 0.10868 0.08675 0.06587 0.04400 0.02177 0.01112 0.01126 0.01123 0.01103 0.01099 0.01099 0.01098 0.01104 0.01092 0.01071 0.01022 0.00929 0.00809 0.00686 0.00584 0.00484 0.00370 0.00261 0.00160 0.00053 0.00000 0.00000 0.00000 0.00000 0.00000 0.00000 0.00000 0.00000 0.00000 0.00000 0.00000 0.00000 0.00000 0.00000 0.00000 0.00000 0.00000 0.00000 0.00000 0.00000 0.00000 0.00000 0.00000 0.00000 0.00000 0.00000 0.00000 0.00000 0.00000 0.00000 0.00000 0.00000 0.00000 0.00000 0.00000 0.00000 0.00000 0.00000 0.00000 0.00000 0.00000 0.00000 0.00000 0.00000 0.00000 0.00000 0.00000 0.00000 0.00000 0.00000 0.00000 0.00000 0.00000 0.00000 0.00000 0.00000 0.00000 0.00000 0.00000 0.00000 0.00000 0.00000 0.00000 0.00000 0.00000 0.00000 0.00000 0.00000 0.00000 0.00000 0.00000 0.00000 0.00000 0.00000 0.00000 0.00000 0.00000 0.00000 0.00000 0.00000 0.00000 0.00000 0.00000 0.00000 0.00000 0.00000 0.00000 0.00000 0.00000 0.00000 0.00000 0.00000 0.00000 0.00000 0.00000 0.00000 0.00000 0.00000 0.00000 0.00000 0.00000 0.00000 0.00000 0.00000 0.00000
0.00000 0.00000 0.00000 0.00000 0.00000 0.00000 0.00000 0.00000 0.00000 0.00000 0.00000 0.00000 0.00000 0.00000 0.00000 0.00000 0.00000 0.00000 0.00000 0.00000 0.00000 0.00000 0.00000 0.00000 0.00000 0.00000 0.00000 0.00000 0.00000 0.00000 0.00000 0.00000 0.00000 0.00000 0.00000 0.00000 0.00000 0.00000 0.00000 0.00000 0.00000 0.00000 0.00000 0.00000 0.00000 0.00000 0.00000 0.00000 0.00000 0.00000 0.00000 0.00000 0.00000 0.00000 0.00000 0.00000 0.00000 0.00000 0.00000 0.00000 0.00000 0.00000 0.00000 0.00000 0.00000 0.00000 0.00000 0.00000 0.00000 0.00000 0.00000 0.00000 0.00000 0.00000 0.00000 0.00000 0.00000 0.00000 0.00000 0.00000 0.00000 0.00000 0.00000 0.00000 0.00000 0.00000 0.00000 0.00000 0.00000 0.00000 0.00000 0.00000 0.00000 0.00000 0.00000 0.01903 0.05700 0.09382 0.13003 0.16844 0.20412 0.23815 0.27573 0.31278 0.34366 0.35919 0.36174 0.35951 0.35331 0.35126 0.35416 0.35157 0.34528 0.34335 0.34653 0.34360 0.33763 0.33787 0.33811 0.33424 0.33126 0.33307 0.32979 0.32542 0.32460 0.32564 0.32389 0.31831 0.31680 0.31806 0.31620 0.31229 0.31136 0.31135 0.30858 0.30437 0.30372 0.30519 0.30264 0.29670 0.29508 0.29886 0.29708 0.28989 0.28855 0.29232 0.28975 0.28344 0.28302 0.28590 0.28283 0.27707 0.27702 0.27956 0.27660 0.27088 0.27094 0.27321 0.27019 0.26557 0.26568 0.26651 0.26301 0.26097 0.26186 0.25930 0.25394 0.25290 0.25297 0.24821 0.24328 0.24290 0.24247 0.23707 0.23381 0.23523 0.23442 0.22916 0.22801 0.23199 0.22945 0.22442 0.22771 0.22829 0.22229 0.20923 0.19112 0.16794 0.14149 0.11894 0.09919 0.07696 0.05379 0.03188 0.01078 0.00000 0.00000 0.00000 0.00000 0.00000 0.00000 0.00000 0.00000 0.00000 0.00000 0.00000 0.00000 0.00000 0.00000 0.00000 0.00000 0.00000 0.00000 0.00000 0.00000 0.00000 0.00000 0.00000 0.00000 0.00000 0.00000 0.00000 0.00000 0.00000 0.00000 0.00000 0.00000 0.00000 0.00000 0.00000 0.00000 0.00000 0.00000 0.00000 0.00000 0.00000 0.00000 0.00000 0.00000 0.00000 0.00000 0.00000 0.00000 0.00000 0.00000 0.00000 0.00000 0.00000 0.00000 0.00000 0.00000 0.00000 0.00000 0.00000 0.00000 0.00000 0.00000 0.00000 0.00000 0.00000 0.00000 0.00000 0.00000 0.00000 0.00000 0.00000 0.00000 0.00000 0.00000 0.00000 0.00000 0.00000 0.00000 0.00000 0.00000 0.00000 0.00000 0.00000 0.00000 0.00000 0.00000 0.00000 0.00000 0.00000 0.00000 0.00000 0.00000 0.00000 0.00000 0.00000 0.00000 0.00000 0.00000 0.00000 0.00000 0.00000 0.00000 0.00000 0.00000 0.00000 0.00000 0.00000 0.00000 0.00000 0.00000 0.00000 0.00000 0.00000 0.00000 0.00000 0.00000 0.00000 0.00000 0.00000 0.00000 0.00000 0.00000 0.00000 0.00000 0.00000
0.00000 0.00000 0.00000 0.00000 0.00000 0.00000 0.00000 0.00000 0.00000 0.00000 0.00000 0.00000 0.00000 0.00000 0.00000 0.00000 0.00000 0.00000 0.00000 0.00000 0.00000 0.00000 0.00000 0.00000 0.00000 0.00000 0.00000 0.00000 0.00000 0.00000 0.00000 0.00000 0.00000 0.00000 0.00000 0.00000 0.00000 0.00000 0.00000 0.00000 0.00000 0.00000 0.00000 0.00000 0.00000 0.00000 0.00000 0.00000 0.00000 0.00000 0.00000 0.00000 0.00000 0.00000 0.00000 0.00000 0.00000 0.00000 0.00000 0.00000 0.00000 0.00000 0.00000 0.00000 0.00000 0.00000 0.00000 0.00000 0.00000 0.00000 0.00000 0.00000 0.00000 0.00000 0.00000 0.00000 0.00000 0.00000 0.00000 0.00000 0.00000 0.00000 0.00000 0.00000 0.00000 0.00000 0.00000 0.00000 0.00000 0.00000 0.00000 0.00000 0.00000 0.00000 0.00000 0.01882 0.05642 0.09426 0.13089 0.16575 0.20338 0.23918 0.27368 0.31160 0.34587 0.35864 0.35630 0.35846 0.35645 0.35098 0.34835 0.35026 0.34860 0.34389 0.34044 0.34145 0.34205 0.33767 0.33346 0.33134 0.33417 0.33159 0.32742 0.32828 0.32598 0.32147 0.31944 0.32247 0.32025 0.31305 0.31221 0.31277 0.31345 0.31162 0.30533 0.30355 0.30532 0.30423 0.29984 0.29738 0.29696 0.29565 0.29434 0.29319 0.29032 0.28703 0.28748 0.28800 0.28436 0.28007 0.28086 0.28207 0.27809 0.27402 0.27504 0.27598 0.27116 0.26787 0.27035 0.27019 0.26400 0.26156 0.26585 0.26478 0.25771 0.25439 0.25484 0.24919 0.23886 0.23426 0.23417 0.22894 0.21900 0.21430 0.21367 0.21135 0.20883 0.20558 0.20576 0.20644 0.20493 0.20311 0.20320 0.20160 0.19962 0.19030 0.17050 0.14850 0.12698 0.10766 0.08881 0.06884 0.04794 0.02864 0.00971 0.00000 0.00000 0.00000 0.00000 0.00000 0.00000 0.00000 0.00000 0.00000 0.00000 0.00000 0.00000 0.00000 0.00000 0.00000 0.00000 0.00000 0.00000 0.00000 0.00000 0.00000 0.00000 0.00000 0.00000 0.00000 0.00000 0.00000 0.00000 0.00000 0.00000 0.00000 0.00000 0.00000 0.00000 0.00000 0.00000 0.00000 0.00000 0.00000 0.00000 0.00000 0.00000 0.00000 0.00000 0.00000 0.00000 0.00000 0.00000 0.00000 0.00000 0.00000 0.00000 0.00000 0.00000 0.00000 0.00000 0.00000 0.00000 0.00000 0.00000 0.00000 0.00000 0.00000 0.00000 0.00000 0.00000 0.00000 0.00000 0.00000 0.00000 0.00000 0.00000 0.00000 0.00000 0.00000 0.00000 0.00000 0.00000 0.00000 0.00000 0.00000 0.00000 0.00000 0.00000 0.00000 0.00000 0.00000 0.00000 0.00000 0.00000 0.00000 0.00000 0.00000 0.00000 0.00000 0.00000 0.00000 0.00000 0.00000 0.00000 0.00000 0.00000 0.00000 0.00000 0.00000 0.00000 0.00000 0.00000 0.00000 0.00000 0.00000 0.00000 0.00000 0.00000 0.00000 0.00000 0.00000 0.00000 0.00000 0.00000 0.00000 0.00000 0.00000 0.00000 0.00000
0.00000 0.00000 0.00000 0.00000 0.00000 0.00000 0.00000 0.00000 0.00000 0.00000 0.00000 0.00000 0.00000 0.00000 0.00000 0.00000 0.00000 0.00000 0.00000 0.00000 0.00000 0.00000 0.00000 0.00000 0.00000 0.00000 0.00000 0.00000 0.00000 0.00000 0.00000 0.00000 0.00000 0.00000 0.00000 0.00000 0.00000 0.00000 0.00000 0.00000 0.00000 0.00000 0.00000 0.00000 0.00000 0.00000 0.00000 0.00000 0.00000 0.00000 0.00000 0.00000 0.00000 0.00000 0.00000 0.00000 0.00000 0.00000 0.00000 0.00000 0.00000 0.00000 0.00000 0.00000 0.00000 0.00000 0.00000 0.00000 0.00000 0.00000 0.00000 0.00000 0.00000 0.00000 0.00000 0.00000 0.00000 0.00000 0.00000 0.00000 0.00000 0.00000 0.00000 0.00000 0.00000 0.00000 0.00000 0.00000 0.00000 0.00000 0.00000 0.00000 0.00000 0.00000 0.00000 0.01882 0.05610 0.09407 0.13047 0.16566 0.20249 0.24007 0.27235 0.30640 0.34594 0.36164 0.35516 0.35305 0.35612 0.35363 0.34722 0.34517 0.34848 0.34596 0.33946 0.33856 0.34050 0.33738 0.33264 0.33428 0.33029 0.32815 0.32958 0.32776 0.32422 0.32073 0.32079 0.31975 0.31773 0.31536 0.31214 0.31206 0.31237 0.30806 0.30564 0.30602 0.30507 0.29923 0.29788 0.30100 0.29915 0.29227 0.29049 0.29459 0.29254 0.28570 0.28474 0.28822 0.28553 0.27946 0.27890 0.28194 0.27940 0.27321 0.27305 0.27593 0.27313 0.26733 0.26754 0.26970 0.26647 0.26284 0.26310 0.26276 0.25941 0.25544 0.24940 0.24020 0.23116 0.22566 0.21895 0.20921 0.20226 0.19743 0.18909 0.18253 0.18289 0.18568 0.18425 0.17908 0.17851 0.18209 0.17805 0.17570 0.17934 0.16973 0.14770 0.12964 0.11448 0.09651 0.07723 0.05946 0.04288 0.02589 0.00852 0.00000 0.00000 0.00000 0.00000 0.00000 0.00000 0.00000 0.00000 0.00000 0.00000 0.00000 0.00000 0.00000 0.00000 0.00000 0.00000 0.00000 0.00000 0.00000 0.00000 0.00000 0.00000 0.00000 0.00000 0.00000 0.00000 0.00000 0.00000 0.00000 0.00000 0.00000 0.00000 0.00000 0.00000 0.00000 0.00000 0.00000 0.00000 0.00000 0.00000 0.00000 0.00000 0.00000 0.00000 0.00000 0.00000 0.00000 0.00000 0.00000 0.00000 0.00000 0.00000 0.00000 0.00000 0.00000 0.00000 0.00000 0.00000 0.00000 0.00000 0.00000 0.00000 0.00000 0.00000 0.00000 0.00000 0.00000 0.00000 0.00000 0.00000 0.00000 0.00000 0.00000 0.00000 0.00000 0.00000 0.00000 0.00000 0.00000 0.00000 0.00000 0.00000 0.00000 0.00000 0.00000 0.00000 0.00000 0.00000 0.00000 0.00000 0.00000 0.00000 0.00000 0.00000 0.00000 0.00000 0.00000 0.00000 0.00000 0.00000 0.00000 0.00000 0.00000 0.00000 0.00000 0.00000 0.00000 0.00000 0.00000 0.00000 0.00000 0.00000 0.00000 0.00000 0.00000 0.00000 0.00000 0.00000 0.00000 0.00000 0.00000 0.00000 0.00000 0.00000 0.00000
0.00000 0.00000 0.00000 0.00000 0.00000 0.00000 0.00000 0.00000 0.00000 0.00000 0.00000 0.00000 0.00000 0.00000 0.00000 0.00000 0.00000 0.00000 0.00000 0.00000 0.00000 0.00000 0.00000 0.00000 0.00000 0.00000 0.00000 0.00000 0.00000 0.00000 0.00000 0.00000 0.00000 0.00000 0.00000 0.00000 0.00000 0.00000 0.00000 0.00000 0.00000 0.00000 0.00000 0.00000 0.00000 0.00000 0.00000 0.00000 0.00000 0.00000 0.00000 0.00000 0.00000 0.00000 0.00000 0.00000 0.00000 0.00000 0.00000 0.00000 0.00000 0.00000 0.00000 0.00000 0.00000 0.00000 0.00000 0.00000 0.00000 0.00000 0.00000 0.00000 0.00000 0.00000 0.00000 0.00000 0.00000 0.00000 0.00000 0.00000 0.00000 0.00000 0.00000 0.00000 0.00000 0.00000 0.00000 0.00000 0.00000 0.00000 0.00000 0.00000 0.00000 0.00000 0.00000 0.01895 0.05626 0.09252 0.13006 0.16698 0.20174 0.23718 0.27374 0.30733 0.34041 0.35985 0.35810 0.35317 0.35036 0.35199 0.35031 0.34579 0.34276 0.34376 0.34343 0.33893 0.33490 0.33487 0.33703 0.33312 0.32894 0.32789 0.32864 0.32463 0.32165 0.32459 0.32219 0.31570 0.31395 0.31740 0.31604 0.30927 0.30699 0.30777 0.30843 0.30620 0.30026 0.29972 0.30010 0.29864 0.29675 0.29448 0.29213 0.29012 0.28988 0.28973 0.28700 0.28272 0.28265 0.28397 0.28129 0.27662 0.27639 0.27817 0.27480 0.27060 0.27144 0.27246 0.26748 0.26434 0.26763 0.26711 0.26045 0.25845 0.26317 0.25727 0.24122 0.23116 0.22633 0.21609 0.20139 0.19166 0.18599 0.17652 0.16404 0.15827 0.15970 0.15887 0.15815 0.15861 0.15678 0.15400 0.15442 0.15605 0.15509 0.14392 0.12838 0.11465 0.09926 0.08244 0.06675 0.05183 0.03755 0.02253 0.00730 0.00000 0.00000 0.00000 0.00000 0.00000 0.00000 0.00000 0.00000 0.00000 0.00000 0.00000 0.00000 0.00000 0.00000 0.00000 0.00000 0.00000 0.00000 0.00000 0.00000 0.00000 0.00000 0.00000 0.00000 0.00000 0.00000 0.00000 0.00000 0.00000 0.00000 0.00000 0.00000 0.00000 0.00000 0.00000 0.00000 0.00000 0.00000 0.00000 0.00000 0.00000 0.00000 0.00000 0.00000 0.00000 0.00000 0.00000 0.00000 0.00000 0.00000 0.00000 0.00000 0.00000 0.00000 0.00000 0.00000 0.00000 0.00000 0.00000 0.00000 0.00000 0.00000 0.00000 0.00000 0.00000 0.00000 0.00000 0.00000 0.00000 0.00000 0.00000 0.00000 0.00000 0.00000 0.00000 0.00000 0.00000 0.00000 0.00000 0.00000 0.00000 0.00000 0.00000 0.00000 0.00000 0.00000 0.00000 0.00000 0.00000 0.00000 0.00000 0.00000 0.00000 0.00000 0.00000 0.00000 0.00000 0.00000 0.00000 0.00000 0.00000 0.00000 0.00000 0.00000 0.00000 0.00000 0.00000 0.00000 0.00000 0.00000 0.00000 0.00000 0.00000 0.00000 0.00000 0.00000 0.00000 0.00000 0.00000 0.00000 0.00000 0.00000 0.00000 0.00000 0.00000
0.00000 0.00000 0.00000 0.00000 0.00000 0.00000 0.00000 0.00000 0.00000 0.00000 0.00000 0.00000 0.00000 0.00000 0.00000 0.00000 0.00000 0.00000 0.00000 0.00000 0.00000 0.00000 0.00000 0.00000 0.00000 0.00000 0.00000 0.00000 0.00000 0.00000 0.00000 0.00000 0.00000 0.00000 0.00000 0.00000 0.00000 0.00000 0.00000 0.00000 0.00000 0.00000 0.00000 0.00000 0.00000 0.00000 0.00000 0.00000 0.00000 0.00000 0.00000 0.00000 0.00000 0.00000 0.00000 0.00000 0.00000 0.00000 0.00000 0.00000 0.00000 0.00000 0.00000 0.00000 0.00000 0.00000 0.00000 0.00000 0.00000 0.00000 0.00000 0.00000 0.00000 0.00000 0.00000 0.00000 0.00000 0.00000 0.00000 0.00000 0.00000 0.00000 0.00000 0.00000 0.00000 0.00000 0.00000 0.00000 0.00000 0.00000 0.00000 0.00000 0.00000 0.00000 0.00000 0.01891 0.05615 0.09241 0.12940 0.16689 0.20074 0.23524 0.27402 0.30887 0.33899 0.35455 0.35808 0.35556 0.34906 0.34692 0.35038 0.34807 0.34143 0.33961 0.34265 0.34042 0.33387 0.33476 0.33436 0.33112 0.33057 0.32958 0.32510 0.32298 0.32407 0.32205 0.31957 0.31710 0.31495 0.31380 0.31383 0.31118 0.30676 0.30661 0.30833 0.30333 0.30003 0.30106 0.30134 0.29475 0.29282 0.29644 0.29509 0.28795 0.28654 0.29054 0.28826 0.28196 0.28069 0.28408 0.28216 0.27590 0.27493 0.27815 0.27610 0.26961 0.26948 0.27254 0.26965 0.26431 0.26458 0.26614 0.26303 0.26058 0.26034 0.25320 0.23942 0.22783 0.21527 0.20128 0.18986 0.17908 0.16506 0.15193 0.14262 0.13750 0.13434 0.13272 0.13334 0.13496 0.13351 0.13021 0.13166 0.13248 0.12927 0.12172 0.11073 0.09759 0.08247 0.06932 0.05712 0.04482 0.03186 0.01859 0.00619 0.00000 0.00000 0.00000 0.00000 0.00000 0.00000 0.00000 0.00000 0.00000 0.00000 0.00000 0.00000 0.00000 0.00000 0.00000 0.00000 0.00000 0.00000 0.00000 0.00000 0.00000 0.00000 0.00000 0.00000 0.00000 0.00000 0.00000 0.00000 0.00000 0.00000 0.00000 0.00000 0.00000 0.00000 0.00000 0.00000 0.00000 0.00000 0.00000 0.00000 0.00000 0.00000 0.00000 0.00000 0.00000 0.00000 0.00000 0.00000 0.00000 0.00000 0.00000 0.00000 0.00000 0.00000 0.00000 0.00000 0.00000 0.00000 0.00000 0.00000 0.00000 0.00000 0.00000 0.00000 0.00000 0.00000 0.00000 0.00000 0.00000 0.00000 0.00000 0.00000 0.00000 0.00000 0.00000 0.00000 0.00000 0.00000 0.00000 0.00000 0.00000 0.00000 0.00000 0.00000 0.00000 0.00000 0.00000 0.00000 0.00000 0.00000 0.00000 0.00000 0.00000 0.00000 0.00000 0.00000 0.00000 0.00000 0.00000 0.00000 0.00000 0.00000 0.00000 0.00000 0.00000 0.00000 0.00000 0.00000 0.00000 0.00000 0.00000 0.00000 0.00000 0.00000 0.00000 0.00000 0.00000 0.00000 0.00000 0.00000 0.00000 0.00000 0.00000 0.00000 0.00000
0.00000 0.00000 0.00000 0.00000 0.00000 0.00000 0.00000 0.00000 0.00000 0.00000 0.00000 0.00000 0.00000 0.00000 0.00000 0.00000 0.00000 0.00000 0.00000 0.00000 0.00000 0.00000 0.00000 0.00000 0.00000 0.00000 0.00000 0.00000 0.00000 0.00000 0.00000 0.00000 0.00000 0.00000 0.00000 0.00000 0.00000 0.00000 0.00000 0.00000 0.00000 0.00000 0.00000 0.00000 0.00000 0.00000 0.00000 0.00000 0.00000 0.00000 0.00000 0.00000 0.00000 0.00000 0.00000 0.00000 0.00000 0.00000 0.00000 0.00000 0.00000 0.00000 0.00000 0.00000 0.00000 0.00000 0.00000 0.00000 0.00000 0.00000 0.00000 0.00000 0.00000 0.00000 0.00000 0.00000 0.00000 0.00000 0.00000 0.00000 0.00000 0.00000 0.00000 0.00000 0.00000 0.00000 0.00000 0.00000 0.00000 0.00000 0.00000 0.00000 0.00000 0.00000 0.00000 0.01859 0.05610 0.09321 0.12880 0.16436 0.20151 0.23680 0.27017 0.30645 0.34139 0.35547 0.35224 0.35340 0.35197 0.34805 0.34496 0.34541 0.34451 0.34100 0.33717 0.33731 0.33882 0.33351 0.33023 0.33121 0.33139 0.32660 0.32368 0.32635 0.32401 0.31807 0.31601 0.31955 0.31779 0.31066 0.30896 0.31198 0.31082 0.30628 0.30193 0.30295 0.30326 0.30086 0.29661 0.29620 0.29398 0.29327 0.29305 0.29122 0.28925 0.28561 0.28476 0.28581 0.28428 0.27930 0.27801 0.28004 0.27821 0.27348 0.27246 0.27458 0.27137 0.26721 0.26852 0.26929 0.26376 0.26107 0.26523 0.26421 0.25721 0.24859 0.23898 0.22345 0.20337 0.18865 0.17788 0.16297 0.14560 0.13176 0.11880 0.11079 0.11037 0.11136 0.10946 0.10776 0.10829 0.10958 0.10815 0.10567 0.10586 0.10221 0.09077 0.07789 0.06757 0.05809 0.04727 0.03632 0.02558 0.01533 0.00517 0.00000 0.00000 0.00000 0.00000 0.00000 0.00000 0.00000 0.00000 0.00000 0.00000 0.00000 0.00000 0.00000 0.00000 0.00000 0.00000 0.00000 0.00000 0.00000 0.00000 0.00000 0.00000 0.00000 0.00000 0.00000 0.00000 0.00000 0.00000 0.00000 0.00000 0.00000 0.00000 0.00000 0.00000 0.00000 0.00000 0.00000 0.00000 0.00000 0.00000 0.00000 0.00000 0.00000 0.00000 0.00000 0.00000 0.00000 0.00000 0.00000 0.00000 0.00000 0.00000 0.00000 0.00000 0.00000 0.00000 0.00000 0.00000 0.00000 0.00000 0.00000 0.00000 0.00000 0.00000 0.00000 0.00000 0.00000 0.00000 0.00000 0.00000 0.00000 0.00000 0.00000 0.00000 0.00000 0.00000 0.00000 0.00000 0.00000 0.00000 0.00000 0.00000 0.00000 0.00000 0.00000 0.00000 0.00000 0.00000 0.00000 0.00000 0.00000 0.00000 0.00000 0.00000 0.00000 0.00000 0.00000 0.00000 0.00000 0.00000 0.00000 0.00000 0.00000 0.00000 0.00000 0.00000 0.00000 0.00000 0.00000 0.00000 0.00000 0.00000 0.00000 0.00000 0.00000 0.00000 0.00000 0.00000 0.00000 0.00000 0.00000 0.00000 0.00000 0.00000 0.00000
0.00000 0.00000 0.00000 0.00000 0.00000 0.00000 0.00000 0.00000 0.00000 0.00000 0.00000 0.00000 0.00000 0.00000 0.00000 0.00000 0.00000 0.00000 0.00000 0.00000 0.00000 0.00000 0.00000 0.00000 0.00000 0.00000 0.00000 0.00000 0.00000 0.00000 0.00000 0.00000 0.00000 0.00000 0.00000 0.00000 0.00000 0.00000 0.00000 0.00000 0.00000 0.00000 0.00000 0.00000 0.00000 0.00000 0.00000 0.00000 0.00000 0.00000 0.00000 0.00000 0.00000 0.00000 0.00000 0.00000 0.00000 0.00000 0.00000 0.00000 0.00000 0.00000 0.00000 0.00000 0.00000 0.00000 0.00000 0.00000 0.00000 0.00000 0.00000 0.00000 0.00000 0.00000 0.00000 0.00000 0.00000 0.00000 0.00000 0.00000 0.00000 0.00000 0.00000 0.00000 0.00000 0.00000 0.00000 0.00000 0.00000 0.00000 0.00000 0.00000 0.00000 0.00000 0.00000 0.01856 0.05569 0.09308 0.12840 0.16356 0.20139 0.23718 0.26879 0.30253 0.34181 0.35726 0.35086 0.34852 0.35221 0.34986 0.34345 0.34112 0.34454 0.34270 0.33615 0.33506 0.33664 0.33448 0.32902 0.33060 0.32892 0.32555 0.32598 0.32421 0.32146 0.31850 0.31738 0.31646 0.31552 0.31282 0.30895 0.30847 0.31015 0.30682 0.30180 0.30099 0.30385 0.30022 0.29521 0.29595 0.29738 0.29225 0.28860 0.29256 0.29097 0.28464 0.28262 0.28612 0.28490 0.27877 0.27686 0.28002 0.27896 0.27249 0.27142 0.27466 0.27273 0.26620 0.26634 0.26933 0.26635 0.26192 0.26169 0.26242 0.26021 0.25018 0.23195 0.21390 0.19730 0.18052 0.16123 0.14369 0.12939 0.11277 0.09366 0.08529 0.08663 0.08673 0.08523 0.08372 0.08439 0.08525 0.08368 0.08233 0.08321 0.07957 0.06978 0.06078 0.05309 0.04535 0.03677 0.02790 0.01988 0.01219 0.00405 0.00000 0.00000 0.00000 0.00000 0.00000 0.00000 0.00000 0.00000 0.00000 0.00000 0.00000 0.00000 0.00000 0.00000 0.00000 0.00000 0.00000 0.00000 0.00000 0.00000 0.00000 0.00000 0.00000 0.00000 0.00000 0.00000 0.00000 0.00000 0.00000 0.00000 0.00000 0.00000 0.00000 0.00000 0.00000 0.00000 0.00000 0.00000 0.00000 0.00000 0.00000 0.00000 0.00000 0.00000 0.00000 0.00000 0.00000 0.00000 0.00000 0.00000 0.00000 0.00000 0.00000 0.00000 0.00000 0.00000 0.00000 0.00000 0.00000 0.00000 0.00000 0.00000 0.00000 0.00000 0.00000 0.00000 0.00000 0.00000 0.00000 0.00000 0.00000 0.00000 0.00000 0.00000 0.00000 0.00000 0.00000 0.00000 0.00000 0.00000 0.00000 0.00000 0.00000 0.00000 0.00000 0.00000 0.00000 0.00000 0.00000 0.00000 0.00000 0.00000 0.00000 0.00000 0.00000 0.00000 0.00000 0.00000 0.00000 0.00000 0.00000 0.00000 0.00000 0.00000 0.00000 0.00000 0.00000 0.00000 0.00000 0.00000 0.00000 0.00000 0.00000 0.00000 0.00000 0.00000 0.00000 0.00000 0.00000 0.00000 0.00000 0.00000 0.00000 0.00000 0.00000
0.00000 0.00000 0.00000 0.00000 0.00000 0.00000 0.00000 0.00000 0.00000 0.00000 0.00000 0.00000 0.00000 0.00000 0.00000 0.00000 0.00000 0.00000 0.00000 0.00000 0.00000 0.00000 0.00000 0.00000 0.00000 0.00000 0.00000 0.00000 0.00000 0.00000 0.00000 0.00000 0.00000 0.00000 0.00000 0.00000 0.00000 0.00000 0.00000 0.00000 0.00000 0.00000 0.00000 0.00000 0.00000 0.00000 0.00000 0.00000 0.00000 0.00000 0.00000 0.00000 0.00000 0.00000 0.00000 0.00000 0.00000 0.00000 0.00000 0.00000 0.00000 0.00000 0.00000 0.00000 0.00000 0.00000 0.00000 0.00000 0.00000 0.00000 0.00000 0.00000 0.00000 0.00000 0.00000 0.00000 0.00000 0.00000 0.00000 0.00000 0.00000 0.00000 0.00000 0.00000 0.00000 0.00000 0.00000 0.00000 0.00000 0.00000 0.00000 0.00000 0.00000 0.00000 0.00000 0.01872 0.05530 0.09166 0.12897 0.16478 0.19885 0.23486 0.27050 0.30395 0.33622 0.35474 0.35364 0.35030 0.34651 0.34674 0.34561 0.34366 0.33999 0.33866 0.33961 0.33638 0.33191 0.33142 0.33393 0.32761 0.32531 0.32883 0.32617 0.32030 0.31824 0.32166 0.31937 0.31284 0.31093 0.31423 0.31273 0.30671 0.30410 0.30619 0.30581 0.30224 0.29839 0.29841 0.29767 0.29610 0.29575 0.29260 0.28984 0.28869 0.28712 0.28746 0.28736 0.28201 0.27984 0.28192 0.28125 0.27629 0.27396 0.27649 0.27494 0.27017 0.26912 0.27139 0.26780 0.26394 0.26622 0.26630 0.26022 0.25819 0.26286 0.25149 0.22569 0.20570 0.19010 0.16952 0.14679 0.12834 0.11021 0.09012 0.07103 0.06223 0.06143 0.06042 0.06091 0.06142 0.06042 0.05932 0.05963 0.06040 0.05974 0.05542 0.04973 0.04458 0.03828 0.03165 0.02592 0.02033 0.01449 0.00859 0.00284 0.00000 0.00000 0.00000 0.00000 0.00000 0.00000 0.00000 0.00000 0.00000 0.00000 0.00000 0.00000 0.00000 0.00000 0.00000 0.00000 0.00000 0.00000 0.00000 0.00000 0.00000 0.00000 0.00000 0.00000 0.00000 0.00000 0.00000 0.00000 0.00000 0.00000 0.00000 0.00000 0.00000 0.00000 0.00000 0.00000 0.00000 0.00000 0.00000 0.00000 0.00000 0.00000 0.00000 0.00000 0.00000 0.00000 0.00000 0.00000 0.00000 0.00000 0.00000 0.00000 0.00000 0.00000 0.00000 0.00000 0.00000 0.00000 0.00000 0.00000 0.00000 0.00000 0.00000 0.00000 0.00000 0.00000 0.00000 0.00000 0.00000 0.00000 0.00000 0.00000 0.00000 0.00000 0.00000 0.00000 0.00000 0.00000 0.00000 0.00000 0.00000 0.00000 0.00000 0.00000 0.00000 0.00000 0.00000 0.00000 0.00000 0.00000 0.00000 0.00000 0.00000 0.00000 0.00000 0.00000 0.00000 0.00000 0.00000 0.00000 0.00000 0.00000 0.00000 0.00000 0.00000 0.00000 0.00000 0.00000 0.00000 0.00000 0.00000 0.00000 0.00000 0.00000 0.00000 0.00000 0.00000 0.00000 0.00000 0.00000 0.00000 0.00000 0.00000 0.00000 0.00000
0.00000 0.00000 0.00000 0.00000 0.00000 0.00000 0.00000 0.00000 0.00000 0.00000 0.00000 0.00000 0.00000 0.00000 0.00000 0.00000 0.00000 0.00000 0.00000 0.00000 0.00000 0.00000 0.00000 0.00000 0.00000 0.00000 0.00000 0.00000 0.00000 0.00000 0.00000 0.00000 0.00000 0.00000 0.00000 0.00000 0.00000 0.00000 0.00000 0.00000 0.00000 0.00000 0.00000 0.00000 0.00000 0.00000 0.00000 0.00000 0.00000 0.00000 0.00000 0.00000 0.00000 0.00000 0.00000 0.00000 0.00000 0.00000 0.00000 0.00000 0.00000 0.00000 0.00000 0.00000 0.00000 0.00000 0.00000 0.00000 0.00000 0.00000 0.00000 0.00000 0.00000 0.00000 0.00000 0.00000 0.00000 0.00000 0.00000 0.00000 0.00000 0.00000 0.00000 0.00000 0.00000 0.00000 0.00000 0.00000 0.00000 0.00000 0.00000 0.00000 0.00000 0.00000 0.00000 0.01866 0.05528 0.09135 0.12858 0.16475 0.19801 0.23237 0.27094 0.30494 0.33488 0.35006 0.35395 0.35113 0.34544 0.34275 0.34621 0.34445 0.33867 0.33585 0.33825 0.33770 0.33151 0.33108 0.33032 0.32863 0.32713 0.32574 0.32375 0.32047 0.31954 0.31898 0.31758 0.31377 0.31127 0.31145 0.31160 0.30816 0.30350 0.30290 0.30595 0.30357 0.29730 0.29545 0.29955 0.29764 0.29089 0.29015 0.29342 0.28963 0.28468 0.28747 0.28732 0.28210 0.27886 0.28172 0.28159 0.27547 0.27343 0.27640 0.27563 0.26909 0.26826 0.27142 0.26943 0.26312 0.26335 0.26615 0.26342 0.26012 0.25856 0.24772 0.22526 0.20225 0.17764 0.15557 0.13585 0.11359 0.08968 0.06830 0.04821 0.03752 0.03666 0.03625 0.03661 0.03686 0.03629 0.03562 0.03591 0.03630 0.03567 0.03331 0.03004 0.02680 0.02289 0.01899 0.01556 0.01232 0.00875 0.00510 0.00170 0.00000 0.00000 0.00000 0.00000 0.00000 0.00000 0.00000 0.00000 0.00000 0.00000 0.00000 0.00000 0.00000 0.00000 0.00000 0.00000 0.00000 0.00000 0.00000 0.00000 0.00000 0.00000 0.00000 0.00000 0.00000 0.00000 0.00000 0.00000 0.00000 0.00000 0.00000 0.00000 0.00000 0.00000 0.00000 0.00000 0.00000 0.00000 0.00000 0.00000 0.00000 0.00000 0.00000 0.00000 0.00000 0.00000 0.00000 0.00000 0.00000 0.00000 0.00000 0.00000 0.00000 0.00000 0.00000 0.00000 0.00000 0.00000 0.00000 0.00000 0.00000 0.00000 0.00000 0.00000 0.00000 0.00000 0.00000 0.00000 0.00000 0.00000 0.00000 0.00000 0.00000 0.00000 0.00000 0.00000 0.00000 0.00000 0.00000 0.00000 0.00000 0.00000 0.00000 0.00000 0.00000 0.00000 0.00000 0.00000 0.00000 0.00000 0.00000 0.00000 0.00000 0.00000 0.00000 0.00000 0.00000 0.00000 0.00000 0.00000 0.00000 0.00000 0.00000 0.00000 0.00000 0.00000 0.00000 0.00000 0.00000 0.00000 0.00000 0.00000 0.00000 0.00000 0.00000 0.00000 0.00000 0.00000 0.00000 0.00000 0.00000 0.00000 0.00000 0.00000 0.00000
0.00000 0.00000 0.00000 0.00000 0.00000 0.00000 0.00000 0.00000 0.00000 0.00000 0.00000 0.00000 0.00000 0.00000 0.00000 0.00000 0.00000 0.00000 0.00000 0.00000 0.00000 0.00000 0.00000 0.00000 0.00000 0.00000 0.00000 0.00000 0.00000 0.00000 0.00000 0.00000 0.00000 0.00000 0.00000 0.00000 0.00000 0.00000 0.00000 0.00000 0.00000 0.00000 0.00000 0.00000 0.00000 0.00000 0.00000 0.00000 0.00000 0.00000 0.00000 0.00000 0.00000 0.00000 0.00000 0.00000 0.00000 0.00000 0.00000 0.00000 0.00000 0.00000 0.00000 0.00000 0.00000 0.00000 0.00000 0.00000 0.00000 0.00000 0.00000 0.00000 0.00000 0.00000 0.00000 0.00000 0.00000 0.00000 0.00000 0.00000 0.00000 0.00000 0.00000 0.00000 0.00000 0.00000 0.00000 0.00000 0.00000 0.00000 0.00000 0.00000 0.00000 0.00000 0.00000 0.01841 0.05561 0.09196 0.12678 0.16314 0.19949 0.23360 0.26611 0.30282 0.33770 0.35210 0.34721 0.34828 0.34783 0.34605 0.34279 0.34003 0.33934 0.33961 0.33440 0.33196 0.33568 0.33183 0.32698 0.32803 0.32859 0.32263 0.32012 0.32380 0.32121 0.31501 0.31324 0.31635 0.31433 0.30847 0.30613 0.30859 0.30762 0.30354 0.30107 0.30067 0.29999 0.29857 0.29650 0.29406 0.29232 0.29187 0.29009 0.28887 0.28983 0.28484 0.28184 0.28371 0.28401 0.27879 0.27584 0.27840 0.27787 0.27288 0.27047 0.27338 0.27165 0.26679 0.26616 0.26834 0.26405 0.26097 0.26476 0.26330 0.25704 0.24351 0.22323 0.19662 0.16808 0.14478 0.12180 0.09592 0.07146 0.04843 0.02426 0.01221 0.01229 0.01240 0.01218 0.01199 0.01209 0.01219 0.01201 0.01179 0.01186 0.01141 0.01009 0.00871 0.00759 0.00649 0.00526 0.00402 0.00288 0.00174 0.00058 0.00000 0.00000 0.00000 0.00000 0.00000 0.00000 0.00000 0.00000 0.00000 0.00000 0.00000 0.00000 0.00000 0.00000 0.00000 0.00000 0.00000 0.00000 0.00000 0.00000 0.00000 0.00000 0.00000 0.00000 0.00000 0.00000 0.00000 0.00000 0.00000 0.00000 0.00000 0.00000 0.00000 0.00000 0.00000 0.00000 0.00000 0.00000 0.00000 0.00000 0.00000 0.00000 0.00000 0.00000 0.00000 0.00000 0.00000 0.00000 0.00000 0.00000 0.00000 0.00000 0.00000 0.00000 0.00000 0.00000 0.00000 0.00000 0.00000 0.00000 0.00000 0.00000 0.00000 0.00000 0.00000 0.00000 0.00000 0.00000 0.00000 0.00000 0.00000 0.00000 0.00000 0.00000 0.00000 0.00000 0.00000 0.00000 0.00000 0.00000 0.00000 0.00000 0.00000 0.00000 0.00000 0.00000 0.00000 0.00000 0.00000 0.00000 0.00000 0.00000 0.00000 0.00000 0.00000 0.00000 0.00000 0.00000 0.00000 0.00000 0.00000 0.00000 0.00000 0.00000 0.00000 0.00000 0.00000 0.00000 0.00000 0.00000 0.00000 0.00000 0.00000 0.00000 0.00000 0.00000 0.00000 0.00000 0.00000 0.00000 0.00000 0.00000 0.00000 0.00000 0.00000
0.00000 0.00000 0.00000 0.00000 0.00000 0.00000 0.00000 0.00000 0.00000 0.00000 0.00000 0.00000 0.00000 0.00000 0.00000 0.00000 0.00000 0.00000 0.00000 0.00000 0.00000 0.00000 0.00000 0.00000 0.00000 0.00000 0.00000 0.00000 0.00000 0.00000 0.00000 0.00000 0.00000 0.00000 0.00000 0.00000 0.00000 0.00000 0.00000 0.00000 0.00000 0.00000 0.00000 0.00000 0.00000 0.00000 0.00000 0.00000 0.00000 0.00000 0.00000 0.00000 0.00000 0.00000 0.00000 0.00000 0.00000 0.00000 0.00000 0.00000 0.00000 0.00000 0.00000 0.00000 0.00000 0.00000 0.00000 0.00000 0.00000 0.00000 0.00000 0.00000 0.00000 0.00000 0.00000 0.00000 0.00000 0.00000 0.00000 0.00000 0.00000 0.00000 0.00000 0.00000 0.00000 0.00096 0.00289 0.00483 0.00668 0.00851 0.01040 0.01227 0.01405 0.01587 0.01757 0.03591 0.07099 0.10541 0.13831 0.17184 0.20768 0.24015 0.26996 0.30225 0.33875 0.35218 0.34709 0.34639 0.34797 0.34519 0.34093 0.33976 0.33979 0.33869 0.33462 0.33206 0.33160 0.33181 0.32868 0.32667 0.32575 0.32321 0.32146 0.32071 0.31982 0.31448 0.31106 0.31060 0.30808 0.30141 0.29723 0.29680 0.29616 0.29254 0.28492 0.28303 0.28649 0.28487 0.27861 0.27703 0.28069 0.27886 0.27250 0.27218 0.27515 0.27195 0.26689 0.26882 0.26966 0.26452 0.26171 0.26432 0.26425 0.25833 0.25677 0.25945 0.25860 0.25263 0.25199 0.25473 0.25308 0.24844 0.24725 0.24888 0.24791 0.23337 0.20576 0.18189 0.15900 0.13338 0.10675 0.08277 0.06003 0.03595 0.01173 0.00000 0.00000 0.00000 0.00000 0.00000 0.00000 0.00000 0.00000 0.00000 0.00000 0.00000 0.00000 0.00000 0.00000 0.00000 0.00000 0.00000 0.00000 0.00000 0.00000 0.00000 0.00000 0.00000 0.00000 0.00000 0.00000 0.00000 0.00000 0.00000 0.00000 0.00000 0.00000 0.00000 0.00000 0.00000 0.00000 0.00000 0.00000 0.00000 0.00000 0.00000 0.00000 0.00000 0.00000 0.00000 0.00000 0.00000 0.00000 0.00000 0.00000 0.00000 0.00000 0.00000 0.00000 0.00000 0.00000 0.00000 0.00000 0.00000 0.00000 0.00000 0.00000 0.00000 0.00000 0.00000 0.00000 0.00000 0.00000 0.00000 0.00000 0.00000 0.00000 0.00000 0.00000 0.00000 0.00000 0.00000 0.00000 0.00000 0.00000 0.00000 0.00000 0.00000 0.00000 0.00000 0.00000 0.00000 0.00000 0.00000 0.00000 0.00000 0.00000 0.00000 0.00000 0.00000 0.00000 0.00000 0.00000 0.00000 0.00000 0.00000 0.00000 0.00000 0.00000 0.00000 0.00000 0.00000 0.00000 0.00000 0.00000 0.00000 0.00000 0.00000 0.00000 0.00000 0.00000 0.00000 0.00000 0.00000 0.00000 0.00000 0.00000 0.00000 0.00000 0.00000 0.00000 0.00000 0.00000 0.00000 0.00000 0.00000 0.00000 0.00000 0.00000 0.00000 0.00000 0.00000 0.00000 0.00000 0.00000 0.00000 0.00000 0.00000 0.00000 0.00000
0.00000 0.00000 0.00000 0.00000 0.00000 0.00000 0.00000 0.00000 0.00000 0.00000 0.00000 0.00000 0.00000 0.00000 0.00000 0.00000 0.00000 0.00000 0.00000 0.00000 0.00000 0.00000 0.00000 0.00000 0.00000 0.00000 0.00000 0.00000 0.00000 0.00000 0.00000 0.00000 0.00000 0.00000 0.00000 0.00000 0.00000 0.00000 0.00000 0.00000 0.00000 0.00000 0.00000 0.00000 0.00000 0.00000 0.00000 0.00000 0.00000 0.00000 0.00000 0.00000 0.00000 0.00000 0.00000 0.00000 0.00000 0.00000 0.00000 0.00000 0.00000 0.00000 0.00000 0.00000 0.00000 0.00000 0.00000 0.00000 0.00000 0.00000 0.00000 0.00000 0.00000 0.00000 0.00000 0.00000 0.00000 0.00000 0.00000 0.00000 0.00000 0.00000 0.00000 0.00000 0.00000 0.00288 0.00861 0.01442 0.02000 0.02544 0.03122 0.03677 0.04181 0.04716 0.05307 0.07109 0.10093 0.13192 0.16334 0.19222 0.21997 0.25145 0.28184 0.30838 0.33471 0.35027 0.35095 0.34766 0.34416 0.34175 0.34063 0.34200 0.33828 0.33387 0.33706 0.33528 0.32923 0.32627 0.33079 0.32654 0.32185 0.32577 0.32340 0.31736 0.31515 0.31603 0.30887 0.29890 0.29305 0.28973 0.28306 0.27547 0.26979 0.26409 0.25849 0.25571 0.25457 0.25128 0.25011 0.25070 0.24906 0.24658 0.24595 0.24469 0.24171 0.24253 0.24350 0.23902 0.23620 0.23831 0.23830 0.23393 0.23168 0.23407 0.23333 0.22893 0.22699 0.22982 0.22838 0.22414 0.22433 0.22550 0.22107 0.21961 0.22343 0.20985 0.18367 0.16244 0.14244 0.11818 0.09558 0.07566 0.05364 0.03144 0.01051 0.00000 0.00000 0.00000 0.00000 0.00000 0.00000 0.00000 0.00000 0.00000 0.00000 0.00000 0.00000 0.00000 0.00000 0.00000 0.00000 0.00000 0.00000 0.00000 0.00000 0.00000 0.00000 0.00000 0.00000 0.00000 0.00000 0.00000 0.00000 0.00000 0.00000 0.00000 0.00000 0.00000 0.00000 0.00000 0.00000 0.00000 0.00000 0.00000 0.00000 0.00000 0.00000 0.00000 0.00000 0.00000 0.00000 0.00000 0.00000 0.00000 0.00000 0.00000 0.00000 0.00000 0.00000 0.00000 0.00000 0.00000 0.00000 0.00000 0.00000 0.00000 0.00000 0.00000 0.00000 0.00000 0.00000 0.00000 0.00000 0.00000 0.00000 0.00000 0.00000 0.00000 0.00000 0.00000 0.00000 0.00000 0.00000 0.00000 0.00000 0.00000 0.00000 0.00000 0.00000 0.00000 0.00000 0.00000 0.00000 0.00000 0.00000 0.00000 0.00000 0.00000 0.00000 0.00000 0.00000 0.00000 0.00000 0.00000 0.00000 0.00000 0.00000 0.00000 0.00000 0.00000 0.00000 0.00000 0.00000 0.00000 0.00000 0.00000 0.00000 0.00000 0.00000 0.00000 0.00000 0.00000 0.00000 0.00000 0.00000 0.00000 0.00000 0.00000 0.00000 0.00000 0.00000 0.00000 0.00000 0.00000 0.00000 0.00000 0.00000 0.00000 0.00000 0.00000 0.00000 0.00000 0.00000 0.00000 0.00000 0.00000 0.00000 0.00000 0.00000 0.00000
0.00000 0.00000 0.00000 0.00000 0.00000 0.00000 0.00000 0.00000 0.00000 0.00000 0.00000 0.00000 0.00000 0.00000 0.00000 0.00000 0.00000 0.00000 0.00000 0.00000 0.00000 0.00000 0.00000 0.00000 0.00000 0.00000 0.00000 0.00000 0.00000 0.00000 0.00000 0.00000 0.00000 0.00000 0.00000 0.00000 0.00000 0.00000 0.00000 0.00000 0.00000 0.00000 0.00000 0.00000 0.00000 0.00000 0.00000 0.00000 0.00000 0.00000 0.00000 0.00000 0.00000 0.00000 0.00000 0.00000 0.00000 0.00000 0.00000 0.00000 0.00000 0.00000 0.00000 0.00000 0.00000 0.00000 0.00000 0.00000 0.00000 0.00000 0.00000 0.00000 0.00000 0.00000 0.00000 0.00000 0.00000 0.00000 0.00000 0.00000 0.00000 0.00000 0.00000 0.00000 0.00000 0.00484 0.01441 0.02367 0.03314 0.04275 0.05183 0.06069 0.06957 0.07883 0.08797 0.10553 0.13163 0.15882 0.18669 0.21145 0.23559 0.26260 0.29033 0.31281 0.33541 0.35075 0.34998 0.34447 0.34244 0.34462 0.34169 0.33723 0.33692 0.33623 0.33338 0.33370 0.33051 0.32803 0.32641 0.32633 0.32279 0.32162 0.32276 0.31794 0.31542 0.31237 0.30386 0.29037 0.28083 0.27593 0.26705 0.25385 0.24460 0.23805 0.23138 0.22618 0.22169 0.22079 0.22293 0.22156 0.21698 0.21555 0.21877 0.21725 0.21227 0.21276 0.21452 0.21112 0.20812 0.21009 0.21025 0.20572 0.20428 0.20645 0.20596 0.20159 0.20047 0.20202 0.20180 0.19778 0.19665 0.19791 0.19784 0.19598 0.19266 0.18386 0.16555 0.14450 0.12265 0.10405 0.08607 0.06662 0.04681 0.02774 0.00933 0.00000 0.00000 0.00000 0.00000 0.00000 0.00000 0.00000 0.00000 0.00000 0.00000 0.00000 0.00000 0.00000 0.00000 0.00000 0.00000 0.00000 0.00000 0.00000 0.00000 0.00000 0.00000 0.00000 0.00000 0.00000 0.00000 0.00000 0.00000 0.00000 0.00000 0.00000 0.00000 0.00000 0.00000 0.00000 0.00000 0.00000 0.00000 0.00000 0.00000 0.00000 0.00000 0.00000 0.00000 0.00000 0.00000 0.00000 0.00000 0.00000 0.00000 0.00000 0.00000 0.00000 0.00000 0.00000 0.00000 0.00000 0.00000 0.00000 0.00000 0.00000 0.00000 0.00000 0.00000 0.00000 0.00000 0.00000 0.00000 0.00000 0.00000 0.00000 0.00000 0.00000 0.00000 0.00000 0.00000 0.00000 0.00000 0.00000 0.00000 0.00000 0.00000 0.00000 0.00000 0.00000 0.00000 0.00000 0.00000 0.00000 0.00000 0.00000 0.00000 0.00000 0.00000 0.00000 0.00000 0.00000 0.00000 0.00000 0.00000 0.00000 0.00000 0.00000 0.00000 0.00000 0.00000 0.00000 0.00000 0.00000 0.00000 0.00000 0.00000 0.00000 0.00000 0.00000 0.00000 0.00000 0.00000 0.00000 0.00000 0.00000 0.00000 0.00000 0.00000 0.00000 0.00000 0.00000 0.00000 0.00000 0.00000 0.00000 0.00000 0.00000 0.00000 0.00000 0.00000 0.00000 0.00000 0.00000 0.00000 0.00000 0.00000 0.00000 0.00000 0.00000
0.00000 0.00000 0.00000 0.00000 0.00000 0.00000 0.00000 0.00000 0.00000 0.00000 0.00000 0.00000 0.00000 0.00000 0.00000 0.00000 0.00000 0.00000 0.00000 0.00000 0.00000 0.00000 0.00000 0.00000 0.00000 0.00000 0.00000 0.00000 0.00000 0.00000 0.00000 0.00000 0.00000 0.00000 0.00000 0.00000 0.00000 0.00000 0.00000 0.00000 0.00000 0.00000 0.00000 0.00000 0.00000 0.00000 0.00000 0.00000 0.00000 0.00000 0.00000 0.00000 0.00000 0.00000 0.00000 0.00000 0.00000 0.00000 0.00000 0.00000 0.00000 0.00000 0.00000 0.00000 0.00000 0.00000 0.00000 0.00000 0.00000 0.00000 0.00000 0.00000 0.00000 0.00000 0.00000 0.00000 0.00000 0.00000 0.00000 0.00000 0.00000 0.00000 0.00000 0.00000 0.00000 0.00675 0.02014 0.03316 0.04631 0.05954 0.07193 0.08458 0.09806 0.11022 0.12154 0.13977 0.16398 0.18577 0.20692 0.23101 0.25404 0.27401 0.29476 0.31814 0.34028 0.34852 0.34691 0.34396 0.34330 0.34351 0.34080 0.33575 0.33583 0.33726 0.33101 0.32836 0.33310 0.33010 0.32397 0.32298 0.32546 0.32057 0.31666 0.32037 0.31818 0.30728 0.29528 0.28544 0.27184 0.25876 0.24833 0.23534 0.22245 0.21281 0.20241 0.19322 0.19200 0.19350 0.19258 0.18943 0.18821 0.18909 0.18748 0.18638 0.18695 0.18448 0.18203 0.18345 0.18375 0.18031 0.17863 0.18034 0.17981 0.17650 0.17508 0.17711 0.17666 0.17297 0.17122 0.17379 0.17236 0.16966 0.17223 0.17034 0.16701 0.15854 0.14381 0.12453 0.10639 0.09153 0.07473 0.05664 0.04034 0.02465 0.00813 0.00000 0.00000 0.00000 0.00000 0.00000 0.00000 0.00000 0.00000 0.00000 0.00000 0.00000 0.00000 0.00000 0.00000 0.00000 0.00000 0.00000 0.00000 0.00000 0.00000 0.00000 0.00000 0.00000 0.00000 0.00000 0.00000 0.00000 0.00000 0.00000 0.00000 0.00000 0.00000 0.00000 0.00000 0.00000 0.00000 0.00000 0.00000 0.00000 0.00000 0.00000 0.00000 0.00000 0.00000 0.00000 0.00000 0.00000 0.00000 0.00000 0.00000 0.00000 0.00000 0.00000 0.00000 0.00000 0.00000 0.00000 0.00000 0.00000 0.00000 0.00000 0.00000 0.00000 0.00000 0.00000 0.00000 0.00000 0.00000 0.00000 0.00000 0.00000 0.00000 0.00000 0.00000 0.00000 0.00000 0.00000 0.00000 0.00000 0.00000 0.00000 0.00000 0.00000 0.00000 0.00000 0.00000 0.00000 0.00000 0.00000 0.00000 0.00000 0.00000 0.00000 0.00000 0.00000 0.00000 0.00000 0.00000 0.00000 0.00000 0.00000 0.00000 0.00000 0.00000 0.00000 0.00000 0.00000 0.00000 0.00000 0.00000 0.00000 0.00000 0.00000 0.00000 0.00000 0.00000 0.00000 0.00000 0.00000 0.00000 0.00000 0.00000 0.00000 0.00000 0.00000 0.00000 0.00000 0.00000 0.00000 0.00000 0.00000 0.00000 0.00000 0.00000 0.00000 0.00000 0.00000 0.00000 0.00000 0.00000 0.00000 0.00000 0.00000 0.00000 0.00000
0.00000 0.00000 0.00000 0.00000 0.00000 0.00000 0.00000 0.00000 0.00000 0.00000 0.00000 0.00000 0.00000 0.00000 0.00000 0.00000 0.00000 0.00000 0.00000 0.00000 0.00000 0.00000 0.00000 0.00000 0.00000 0.00000 0.00000 0.00000 0.00000 0.00000 0.00000 0.00000 0.00000 0.00000 0.00000 0.00000 0.00000 0.00000 0.00000 0.00000 0.00000 0.00000 0.00000 0.00000 0.00000 0.00000 0.00000 0.00000 0.00000 0.00000 0.00000 0.00000 0.00000 0.00000 0.00000 0.00000 0.00000 0.00000 0.00000 0.00000 0.00000 0.00000 0.00000 0.00000 0.00000 0.00000 0.00000 0.00000 0.00000 0.00000 0.00000 0.00000 0.00000 0.00000 0.00000 0.00000 0.00000 0.00000 0.00000 0.00000 0.00000 0.00000 0.00000 0.00000 0.00000 0.00856 0.02562 0.04288 0.05970 0.07567 0.09207 0.10909 0.12560 0.14086 0.15581 0.17445 0.19475 0.21185 0.22945 0.25030 0.27014 0.28490 0.30190 0.32420 0.34220 0.34568 0.34343 0.34677 0.34410 0.33818 0.33823 0.33944 0.33544 0.33214 0.33252 0.33055 0.32762 0.32892 0.32488 0.32259 0.32461 0.32138 0.31710 0.31628 0.31794 0.30530 0.28897 0.27814 0.26252 0.24347 0.22804 0.21684 0.20224 0.18609 0.17048 0.16388 0.16440 0.16305 0.16052 0.15991 0.16143 0.16008 0.15691 0.15626 0.15848 0.15633 0.15374 0.15519 0.15534 0.15211 0.15093 0.15273 0.15222 0.14882 0.14817 0.14951 0.14925 0.14706 0.14537 0.14517 0.14648 0.14620 0.14254 0.14258 0.14402 0.13555 0.11855 0.10523 0.09212 0.07717 0.06223 0.04807 0.03455 0.02081 0.00684 0.00000 0.00000 0.00000 0.00000 0.00000 0.00000 0.00000 0.00000 0.00000 0.00000 0.00000 0.00000 0.00000 0.00000 0.00000 0.00000 0.00000 0.00000 0.00000 0.00000 0.00000 0.00000 0.00000 0.00000 0.00000 0.00000 0.00000 0.00000 0.00000 0.00000 0.00000 0.00000 0.00000 0.00000 0.00000 0.00000 0.00000 0.00000 0.00000 0.00000 0.00000 0.00000 0.00000 0.00000 0.00000 0.00000 0.00000 0.00000 0.00000 0.00000 0.00000 0.00000 0.00000 0.00000 0.00000 0.00000 0.00000 0.00000 0.00000 0.00000 0.00000 0.00000 0.00000 0.00000 0.00000 0.00000 0.00000 0.00000 0.00000 0.00000 0.00000 0.00000 0.00000 0.00000 0.00000 0.00000 0.00000 0.00000 0.00000 0.00000 0.00000 0.00000 0.00000 0.00000 0.00000 0.00000 0.00000 0.00000 0.00000 0.00000 0.00000 0.00000 0.00000 0.00000 0.00000 0.00000 0.00000 0.00000 0.00000 0.00000 0.00000 0.00000 0.00000 0.00000 0.00000 0.00000 0.00000 0.00000 0.00000 0.00000 0.00000 0.00000 0.00000 0.00000 0.00000 0.00000 0.00000 0.00000 0.00000 0.00000 0.00000 0.00000 0.00000 0.00000 0.00000 0.00000 0.00000 0.00000 0.00000 0.00000 0.00000 0.00000 0.00000 0.00000 0.00000 0.00000 0.00000 0.00000 0.00000 0.00000 0.00000 0.00000 0.00000 0.00000 0.00000
0.00000 0.00000 0.00000 0.00000 0.00000 0.00000 0.00000 0.00000 0.00000 0.00000 0.00000 0.00000 0.00000 0.00000 0.00000 0.00000 0.00000 0.00000 0.00000 0.00000 0.00000 0.00000 0.00000 0.00000 0.00000 0.00000 0.00000 0.00000 0.00000 0.00000 0.00000 0.00000 0.00000 0.00000 0.00000 0.00000 0.00000 0.00000 0.00000 0.00000 0.00000 0.00000 0.00000 0.00000 0.00000 0.00000 0.00000 0.00000 0.00000 0.00000 0.00000 0.00000 0.00000 0.00000 0.00000 0.00000 0.00000 0.00000 0.00000 0.00000 0.00000 0.00000 0.00000 0.00000 0.00000 0.00000 0.00000 0.00000 0.00000 0.00000 0.00000 0.00000 0.00000 0.00000 0.00000 0.00000 0.00000 0.00000 0.00000 0.00000 0.00000 0.00000 0.00000 0.00000 0.00000 0.01047 0.03113 0.05209 0.07252 0.09249 0.11324 0.13282 0.15140 0.17156 0.19225 0.20832 0.22231 0.23912 0.25492 0.26798 0.28231 0.29870 0.31287 0.32568 0.34088 0.34662 0.34470 0.34416 0.34206 0.33787 0.33747 0.33887 0.33377 0.33022 0.33386 0.33186 0.32588 0.32300 0.32741 0.32423 0.31907 0.32139 0.32007 0.31496 0.31196 0.30634 0.28601 0.26641 0.25082 0.23081 0.21171 0.19590 0.17929 0.15921 0.14178 0.13503 0.13464 0.13184 0.13083 0.13216 0.13159 0.12968 0.12846 0.12893 0.12760 0.12777 0.12824 0.12586 0.12473 0.12576 0.12534 0.12313 0.12247 0.12359 0.12307 0.12070 0.11962 0.12130 0.12110 0.11850 0.11856 0.11897 0.11708 0.11648 0.11809 0.11053 0.09726 0.08664 0.07546 0.06224 0.05058 0.04018 0.02851 0.01666 0.00555 0.00000 0.00000 0.00000 0.00000 0.00000 0.00000 0.00000 0.00000 0.00000 0.00000 0.00000 0.00000 0.00000 0.00000 0.00000 0.00000 0.00000 0.00000 0.00000 0.00000 0.00000 0.00000 0.00000 0.00000 0.00000 0.00000 0.00000 0.00000 0.00000 0.00000 0.00000 0.00000 0.00000 0.00000 0.00000 0.00000 0.00000 0.00000 0.00000 0.00000 0.00000 0.00000 0.00000 0.00000 0.00000 0.00000 0.00000 0.00000 0.00000 0.00000 0.00000 0.00000 0.00000 0.00000 0.00000 0.00000 0.00000 0.00000 0.00000 0.00000 0.00000 0.00000 0.00000 0.00000 0.00000 0.00000 0.00000 0.00000 0.00000 0.00000 0.00000 0.00000 0.00000 0.00000 0.00000 0.00000 0.00000 0.00000 0.00000 0.00000 0.00000 0.00000 0.00000 0.00000 0.00000 0.00000 0.00000 0.00000 0.00000 0.00000 0.00000 0.00000 0.00000 0.00000 0.00000 0.00000 0.00000 0.00000 0.00000 0.00000 0.00000 0.00000 0.00000 0.00000 0.00000 0.00000 0.00000 0.00000 0.00000 0.00000 0.00000 0.00000 0.00000 0.00000 0.00000 0.00000 0.00000 0.00000 0.00000 0.00000 0.00000 0.00000 0.00000 0.00000 0.00000 0.00000 0.00000 0.00000 0.00000 0.00000 0.00000 0.00000 0.00000 0.00000 0.00000 0.00000 0.00000 0.00000 0.00000 0.00000 0.00000 0.00000 0.00000 0.00000 0.00000
0.00000 0.00000 0.00000 0.00000 0.00000 0.00000 0.00000 0.00000 0.00000 0.00000 0.00000 0.00000 0.00000 0.00000 0.00000 0.00000 0.00000 0.00000 0.00000 0.00000 0.00000 0.00000 0.00000 0.00000 0.00000 0.00000 0.00000 0.00000 0.00000 0.00000 0.00000 0.00000 0.00000 0.00000 0.00000 0.00000 0.00000 0.00000 0.00000 0.00000 0.00000 0.00000 0.00000 0.00000 0.00000 0.00000 0.00000 0.00000 0.00000 0.00000 0.00000 0.00000 0.00000 0.00000 0.00000 0.00000 0.00000 0.00000 0.00000 0.00000 0.00000 0.00000 0.00000 0.00000 0.00000 0.00000 0.00000 0.00000 0.00000 0.00000 0.00000 0.00000 0.00000 0.00000 0.00000 0.00000 0.00000 0.00000 0.00000 0.00000 0.00000 0.00000 0.00000 0.00000 0.00000 0.01241 0.03713 0.06084 0.08487 0.10931 0.13363 0.15649 0.17830 0.20246 0.22668 0.24188 0.25186 0.26594 0.27846 0.28593 0.29622 0.31146 0.32260 0.32857 0.33859 0.34854 0.34644 0.33972 0.33884 0.34132 0.33804 0.33276 0.33384 0.33348 0.32926 0.32982 0.32788 0.32436 0.32273 0.32452 0.31910 0.31687 0.31997 0.31735 0.31213 0.30162 0.28271 0.25882 0.23565 0.21805 0.19735 0.17471 0.15371 0.13473 0.11494 0.10407 0.10302 0.10295 0.10330 0.10206 0.10068 0.10078 0.10155 0.09987 0.09856 0.09989 0.09961 0.09748 0.09675 0.09803 0.09760 0.09533 0.09504 0.09616 0.09570 0.09388 0.09328 0.09346 0.09398 0.09368 0.09151 0.09112 0.09238 0.09199 0.08969 0.08544 0.07735 0.06748 0.05739 0.04867 0.04013 0.03103 0.02190 0.01301 0.00437 0.00000 0.00000 0.00000 0.00000 0.00000 0.00000 0.00000 0.00000 0.00000 0.00000 0.00000 0.00000 0.00000 0.00000 0.00000 0.00000 0.00000 0.00000 0.00000 0.00000 0.00000 0.00000 0.00000 0.00000 0.00000 0.00000 0.00000 0.00000 0.00000 0.00000 0.00000 0.00000 0.00000 0.00000 0.00000 0.00000 0.00000 0.00000 0.00000 0.00000 0.00000 0.00000 0.00000 0.00000 0.00000 0.00000 0.00000 0.00000 0.00000 0.00000 0.00000 0.00000 0.00000 0.00000 0.00000 0.00000 0.00000 0.00000 0.00000 0.00000 0.00000 0.00000 0.00000 0.00000 0.00000 0.00000 0.00000 0.00000 0.00000 0.00000 0.00000 0.00000 0.00000 0.00000 0.00000 0.00000 0.00000 0.00000 0.00000 0.00000 0.00000 0.00000 0.00000 0.00000 0.00000 0.00000 0.00000 0.00000 0.00000 0.00000 0.00000 0.00000 0.00000 0.00000 0.00000 0.00000 0.00000 0.00000 0.00000 0.00000 0.00000 0.00000 0.00000 0.00000 0.00000 0.00000 0.00000 0.00000 0.00000 0.00000 0.00000 0.00000 0.00000 0.00000 0.00000 0.00000 0.00000 0.00000 0.00000 0.00000 0.00000 0.00000 0.00000 0.00000 0.00000 0.00000 0.00000 0.00000 0.00000 0.00000 0.00000 0.00000 0.00000 0.00000 0.00000 0.00000 0.00000 0.00000 0.00000 0.00000 0.00000 0.00000 0.00000 0.00000 0.00000
0.00000 0.00000 0.00000 0.00000 0.00000 0.00000 0.00000 0.00000 0.00000 0.00000 0.00000 0.00000 0.00000 0.00000 0.00000 0.00000 0.00000 0.00000 0.00000 0.00000 0.00000 0.00000 0.00000 0.00000 0.00000 0.00000 0.00000 0.00000 0.00000 0.00000 0.00000 0.00000 0.00000 0.00000 0.00000 0.00000 0.00000 0.00000 0.00000 0.00000 0.00000 0.00000 0.00000 0.00000 0.00000 0.00000 0.00000 0.00000 0.00000 0.00000 0.00000 0.00000 0.00000 0.00000 0.00000 0.00000 0.00000 0.00000 0.00000 0.00000 0.00000 0.00000 0.00000 0.00000 0.00000 0.00000 0.00000 0.00000 0.00000 0.00000 0.00000 0.00000 0.00000 0.00000 0.00000 0.00000 0.00000 0.00000 0.00000 0.00000 0.00000 0.00000 0.00000 0.00000 0.00000 0.01425 0.04271 0.07038 0.09761 0.12576 0.15257 0.17962 0.20811 0.23287 0.25735 0.27609 0.28516 0.29061 0.29760 0.30708 0.31414 0.31971 0.32820 0.33598 0.34179 0.34444 0.34376 0.34057 0.33916 0.33976 0.33586 0.33216 0.33424 0.33367 0.32724 0.32512 0.32949 0.32595 0.32156 0.32178 0.32168 0.31693 0.31523 0.31741 0.31381 0.29829 0.27765 0.25129 0.22518 0.20322 0.18052 0.15416 0.13067 0.10958 0.08662 0.07363 0.07316 0.07406 0.07380 0.07241 0.07165 0.07229 0.07221 0.07138 0.07115 0.07052 0.07009 0.07035 0.07008 0.06894 0.06871 0.06920 0.06868 0.06756 0.06724 0.06795 0.06776 0.06633 0.06611 0.06669 0.06605 0.06520 0.06587 0.06541 0.06422 0.06110 0.05530 0.04789 0.04094 0.03521 0.02880 0.02182 0.01550 0.00950 0.00315 0.00000 0.00000 0.00000 0.00000 0.00000 0.00000 0.00000 0.00000 0.00000 0.00000 0.00000 0.00000 0.00000 0.00000 0.00000 0.00000 0.00000 0.00000 0.00000 0.00000 0.00000 0.00000 0.00000 0.00000 0.00000 0.00000 0.00000 0.00000 0.00000 0.00000 0.00000 0.00000 0.00000 0.00000 0.00000 0.00000 0.00000 0.00000 0.00000 0.00000 0.00000 0.00000 0.00000 0.00000 0.00000 0.00000 0.00000 0.00000 0.00000 0.00000 0.00000 0.00000 0.00000 0.00000 0.00000 0.00000 0.00000 0.00000 0.00000 0.00000 0.00000 0.00000 0.00000 0.00000 0.00000 0.00000 0.00000 0.00000 0.00000 0.00000 0.00000 0.00000 0.00000 0.00000 0.00000 0.00000 0.00000 0.00000 0.00000 0.00000 0.00000 0.00000 0.00000 0.00000 0.00000 0.00000 0.00000 0.00000 0.00000 0.00000 0.00000 0.00000 0.00000 0.00000 0.00000 0.00000 0.00000 0.00000 0.00000 0.00000 0.00000 0.00000 0.00000 0.00000 0.00000 0.00000 0.00000 0.00000 0.00000 0.00000 0.00000 0.00000 0.00000 0.00000 0.00000 0.00000 0.00000 0.00000 0.00000 0.00000 0.00000 0.00000 0.00000 0.00000 0.00000 0.00000 0.00000 0.00000 0.00000 0.00000 0.00000 0.00000 0.00000 0.00000 0.00000 0.00000 0.00000 0.00000 0.00000 0.00000 0.00000 0.00000 0.00000 0.00000 0.00000
0.00000 0.00000 0.00000 0.00000 0.00000 0.00000 0.00000 0.00000 0.00000 0.00000 0.00000 0.00000 0.00000 0.00000 0.00000 0.00000 0.00000 0.00000 0.00000 0.00000 0.00000 0.00000 0.00000 0.00000 0.00000 0.00000 0.00000 0.00000 0.00000 0.00000 0.00000 0.00000 0.00000 0.00000 0.00000 0.00000 0.00000 0.00000 0.00000 0.00000 0.00000 0.00000 0.00000 0.00000 0.00000 0.00000 0.00000 0.00000 0.00000 0.00000 0.00000 0.00000 0.00000 0.00000 0.00000 0.00000 0.00000 0.00000 0.00000 0.00000 0.00000 0.00000 0.00000 0.00000 0.00000 0.00000 0.00000 0.00000 0.00000 0.00000 0.00000 0.00000 0.00000 0.00000 0.00000 0.00000 0.00000 0.00000 0.00000 0.00000 0.00000 0.00000 0.00000 0.00000 0.00000 0.01602 0.04772 0.07964 0.11162 0.14256 0.17160 0.20240 0.23481 0.26398 0.29061 0.30971 0.31559 0.31595 0.31854 0.32689 0.33106 0.32991 0.33320 0.34220 0.34556 0.34127 0.33953 0.34310 0.34083 0.33437 0.33432 0.33564 0.33184 0.32983 0.32994 0.32647 0.32297 0.32667 0.32438 0.31857 0.31993 0.32023 0.31531 0.31165 0.31414 0.30028 0.26806 0.24273 0.21717 0.18853 0.16098 0.13554 0.10945 0.08294 0.05715 0.04453 0.04448 0.04393 0.04352 0.04368 0.04379 0.04296 0.04255 0.04310 0.04301 0.04202 0.04177 0.04239 0.04215 0.04116 0.04105 0.04160 0.04132 0.04035 0.04031 0.04068 0.04057 0.04025 0.03956 0.03938 0.03988 0.03987 0.03884 0.03876 0.03926 0.03702 0.03238 0.02871 0.02518 0.02102 0.01693 0.01318 0.00949 0.00566 0.00186 0.00000 0.00000 0.00000 0.00000 0.00000 0.00000 0.00000 0.00000 0.00000 0.00000 0.00000 0.00000 0.00000 0.00000 0.00000 0.00000 0.00000 0.00000 0.00000 0.00000 0.00000 0.00000 0.00000 0.00000 0.00000 0.00000 0.00000 0.00000 0.00000 0.00000 0.00000 0.00000 0.00000 0.00000 0.00000 0.00000 0.00000 0.00000 0.00000 0.00000 0.00000 0.00000 0.00000 0.00000 0.00000 0.00000 0.00000 0.00000 0.00000 0.00000 0.00000 0.00000 0.00000 0.00000 0.00000 0.00000 0.00000 0.00000 0.00000 0.00000 0.00000 0.00000 0.00000 0.00000 0.00000 0.00000 0.00000 0.00000 0.00000 0.00000 0.00000 0.00000 0.00000 0.00000 0.00000 0.00000 0.00000 0.00000 0.00000 0.00000 0.00000 0.00000 0.00000 0.00000 0.00000 0.00000 0.00000 0.00000 0.00000 0.00000 0.00000 0.00000 0.00000 0.00000 0.00000 0.00000 0.00000 0.00000 0.00000 0.00000 0.00000 0.00000 0.00000 0.00000 0.00000 0.00000 0.00000 0.00000 0.00000 0.00000 0.00000 0.00000 0.00000 0.00000 0.00000 0.00000 0.00000 0.00000 0.00000 0.00000 0.00000 0.00000 0.00000 0.00000 0.00000 0.00000 0.00000 0.00000 0.00000 0.00000 0.00000 0.00000 0.00000 0.00000 0.00000 0.00000 0.00000 0.00000 0.00000 0.00000 0.00000 0.00000 0.00000 0.00000 0.00000
0.00000 0.00000 0.00000 0.00000 0.00000 0.00000 0.00000 0.00000 0.00000 0.00000 0.00000 0.00000 0.00000 0.00000 0.00000 0.00000 0.00000 0.00000 0.00000 0.00000 0.00000 0.00000 0.00000 0.00000 0.00000 0.00000 0.00000 0.00000 0.00000 0.00000 0.00000 0.00000 0.00000 0.00000 0.00000 0.00000 0.00000 0.00000 0.00000 0.00000 0.00000 0.00000 0.00000 0.00000 0.00000 0.00000 0.00000 0.00000 0.00000 0.00000 0.00000 0.00000 0.00000 0.00000 0.00000 0.00000 0.00000 0.00000 0.00000 0.00000 0.00000 0.00000 0.00000 0.00000 0.00000 0.00000 0.00000 0.00000 0.00000 0.00000 0.00000 0.00000 0.00000 0.00000 0.00000 0.00000 0.00000 0.00000 0.00000 0.00000 0.00000 0.00000 0.00000 0.00000 0.00000 0.01788 0.05306 0.08882 0.12417 0.15804 0.19297 0.22652 0.25869 0.29311 0.32868 0.34241 0.34093 0.34352 0.34435 0.34227 0.34336 0.34467 0.34335 0.34254 0.34456 0.34337 0.34060 0.33997 0.33795 0.33469 0.33516 0.33492 0.32914 0.32665 0.33114 0.32815 0.32316 0.32259 0.32341 0.31885 0.31777 0.31986 0.31561 0.31135 0.31311 0.29750 0.26353 0.23421 0.20631 0.17337 0.14352 0.11647 0.08713 0.05700 0.02872 0.01493 0.01486 0.01455 0.01444 0.01459 0.01456 0.01434 0.01420 0.01423 0.01421 0.01416 0.01407 0.01390 0.01388 0.01395 0.01381 0.01361 0.01361 0.01370 0.01357 0.01336 0.01332 0.01345 0.01334 0.01313 0.01325 0.01322 0.01299 0.01291 0.01310 0.01233 0.01081 0.00959 0.00839 0.00697 0.00562 0.00445 0.00318 0.00186 0.00062 0.00000 0.00000 0.00000 0.00000 0.00000 0.00000 0.00000 0.00000 0.00000 0.00000 0.00000 0.00000 0.00000 0.00000 0.00000 0.00000 0.00000 0.00000 0.00000 0.00000 0.00000 0.00000 0.00000 0.00000 0.00000 0.00000 0.00000 0.00000 0.00000 0.00000 0.00000 0.00000 0.00000 0.00000 0.00000 0.00000 0.00000 0.00000 0.00000 0.00000 0.00000 0.00000 0.00000 0.00000 0.00000 0.00000 0.00000 0.00000 0.00000 0.00000 0.00000 0.00000 0.00000 0.00000 0.00000 0.00000 0.00000 0.00000 0.00000 0.00000 0.00000 0.00000 0.00000 0.00000 0.00000 0.00000 0.00000 0.00000 0.00000 0.00000 0.00000 0.00000 0.00000 0.00000 0.00000 0.00000 0.00000 0.00000 0.00000 0.00000 0.00000 0.00000 0.00000 0.00000 0.00000 0.00000 0.00000 0.00000 0.00000 0.00000 0.00000 0.00000 0.00000 0.00000 0.00000 0.00000 0.00000 0.00000 0.00000 0.00000 0.00000 0.00000 0.00000 0.00000 0.00000 0.00000 0.00000 0.00000 0.00000 0.00000 0.00000 0.00000 0.00000 0.00000 0.00000 0.00000 0.00000 0.00000 0.00000 0.00000 0.00000 0.00000 0.00000 0.00000 0.00000 0.00000 0.00000 0.00000 0.00000 0.00000 0.00000 0.00000 0.00000 0.00000 0.00000 0.00000 0.00000 0.00000 0.00000 0.00000 0.00000 0.00000 0.00000 0.00000 0.00000
0.00000 0.00000 0.00000 0.00000 0.00000 0.00000 0.00000 0.00000 0.00000 0.00000 0.00000 0.00000 0.00000 0.00000 0.00000 0.00000 0.00000 0.00000 0.00000 0.00000 0.00000 0.00000 0.00000 0.00000 0.00000 0.00000 0.00000 0.00000 0.00000 0.00000 0.00000 0.00000 0.00000 0.00000 0.00000 0.00000 0.00000 0.00000 0.00000 0.00000 0.00000 0.00000 0.00000 0.00000 0.00000 0.00000 0.00000 0.00000 0.00000 0.00000 0.00000 0.00000 0.00000 0.00000 0.00000 0.00000 0.00000 0.00000 0.00000 0.00000 0.00000 0.00000 0.00000 0.00000 0.00000 0.00000 0.00000 0.00000 0.00000 0.00000 0.00000 0.00000 0.00000 0.00000 0.00000 0.00000 0.00000 0.00000 0.00000 0.00000 0.00000 0.00000 0.00000 0.00000 0.00000 0.01788 0.05363 0.08842 0.12252 0.15701 0.19305 0.22738 0.25751 0.29122 0.32739 0.34093 0.33661 0.33909 0.33848 0.33239 0.33020 0.33398 0.33219 0.32566 0.32379 0.32753 0.32577 0.31915 0.31795 0.32080 0.31829 0.31382 0.31345 0.31260 0.30880 0.31137 0.31045 0.30444 0.30278 0.30614 0.30321 0.29790 0.29871 0.29992 0.29591 0.27832 0.24838 0.21967 0.18885 0.15878 0.12957 0.10009 0.07123 0.04259 0.01413 0.00000 0.00000 0.00000 0.00000 0.00000 0.00000 0.00000 0.00000 0.00000 0.00000 0.00000 0.00000 0.00000 0.00000 0.00000 0.00000 0.00000 0.00000 0.00000 0.00000 0.00000 0.00000 0.00000 0.00000 0.00000 0.00000 0.00000 0.00000 0.00000 0.00000 0.00000 0.00000 0.00000 0.00000 0.00000 0.00000 0.00000 0.00000 0.00000 0.00000 0.00000 0.00000 0.00000 0.00000 0.00000 0.00000 0.00000 0.00000 0.00000 0.00000 0.00000 0.00000 0.00000 0.00000 0.00000 0.00000 0.00000 0.00000 0.00000 0.00000 0.00000 0.00000 0.00000 0.00000 0.00000 0.00000 0.00000 0.00000 0.00000 0.00000 0.00000 0.00000 0.00000 0.00000 0.00000 0.00000 0.00000 0.00000 0.00000 0.00000 0.00000 0.00000 0.00000 0.00000 0.00000 0.00000 0.00000 0.00000 0.00000 0.00000 0.00000 0.00000 0.00000 0.00000 0.00000 0.00000 0.00000 0.00000 0.00000 0.00000 0.00000 0.00000 0.00000 0.00000 0.00000 0.00000 0.00000 0.00000 0.00000 0.00000 0.00000 0.00000 0.00000 0.00000 0.00000 0.00000 0.00000 0.00000 0.00000 0.00000 0.00000 0.00000 0.00000 0.00000 0.00000 0.00000 0.00000 0.00000 0.00000 0.00000 0.00000 0.00000 0.00000 0.00000 0.00000 0.00000 0.00000 0.00000 0.00000 0.00000 0.00000 0.00000 0.00000 0.00000 0.00000 0.00000 0.00000 0.00000 0.00000 0.00000 0.00000 0.00000 0.00000 0.00000 0.00000 0.00000 0.00000 0.00000 0.00000 0.00000 0.00000 0.00000 0.00000 0.00000 0.00000 0.00000 0.00000 0.00000 0.00000 0.00000 0.00000 0.00000 0.00000 0.00000 0.00000 0.00000 0.00000 0.00000 0.00000 0.00000 0.00000 0.00000 0.00000 0.00000 0.00000
0.00000 0.00000 0.00000 0.00000 0.00000 0.00000 0.00000 0.00000 0.00000 0.00000 0.00000 0.00000 0.00000 0.00000 0.00000 0.00000 0.00000 0.00000 0.00000 0.00000 0.00000 0.00000 0.00000 0.00000 0.00000 0.00000 0.00000 0.00000 0.00000 0.00000 0.00000 0.00000 0.00000 0.00000 0.00000 0.00000 0.00000 0.00000 0.00000 0.00000 0.00000 0.00000 0.00000 0.00000 0.00000 0.00000 0.00000 0.00000 0.00000 0.00000 0.00000 0.00000 0.00000 0.00000 0.00000 0.00000 0.00000 0.00000 0.00000 0.00000 0.00000 0.00000 0.00000 0.00000 0.00000 0.00000 0.00000 0.00000 0.00000 0.00000 0.00000 0.00000 0.00000 0.00000 0.00000 0.00000 0.00000 0.00000 0.00000 0.00000 0.00000 0.00000 0.00000 0.00000 0.00000 0.01597 0.04784 0.07877 0.10931 0.14097 0.17136 0.20099 0.23245 0.26122 0.28825 0.30372 0.30456 0.30099 0.29921 0.29888 0.29704 0.29461 0.29497 0.29364 0.29063 0.28926 0.28913 0.28702 0.28558 0.28496 0.28184 0.27988 0.28233 0.28031 0.27563 0.27553 0.27672 0.27331 0.27169 0.27257 0.26975 0.26662 0.26760 0.26743 0.26318 0.24826 0.22420 0.19540 0.16714 0.14335 0.11656 0.08871 0.06296 0.03835 0.01271 0.00000 0.00000 0.00000 0.00000 0.00000 0.00000 0.00000 0.00000 0.00000 0.00000 0.00000 0.00000 0.00000 0.00000 0.00000 0.00000 0.00000 0.00000 0.00000 0.00000 0.00000 0.00000 0.00000 0.00000 0.00000 0.00000 0.00000 0.00000 0.00000 0.00000 0.00000 0.00000 0.00000 0.00000 0.00000 0.00000 0.00000 0.00000 0.00000 0.00000 0.00000 0.00000 0.00000 0.00000 0.00000 0.00000 0.00000 0.00000 0.00000 0.00000 0.00000 0.00000 0.00000 0.00000 0.00000 0.00000 0.00000 0.00000 0.00000 0.00000 0.00000 0.00000 0.00000 0.00000 0.00000 0.00000 0.00000 0.00000 0.00000 0.00000 0.00000 0.00000 0.00000 0.00000 0.00000 0.00000 0.00000 0.00000 0.00000 0.00000 0.00000 0.00000 0.00000 0.00000 0.00000 0.00000 0.00000 0.00000 0.00000 0.00000 0.00000 0.00000 0.00000 0.00000 0.00000 0.00000 0.00000 0.00000 0.00000 0.00000 0.00000 0.00000 0.00000 0.00000 0.00000 0.00000 0.00000 0.00000 0.00000 0.00000 0.00000 0.00000 0.00000 0.00000 0.00000 0.00000 0.00000 0.00000 0.00000 0.00000 0.00000 0.00000 0.00000 0.00000 0.00000 0.00000 0.00000 0.00000 0.00000 0.00000 0.00000 0.00000 0.00000 0.00000 0.00000 0.00000 0.00000 0.00000 0.00000 0.00000 0.00000 0.00000 0.00000 0.00000 0.00000 0.00000 0.00000 0.00000 0.00000 0.00000 0.00000 0.00000 0.00000 0.00000 0.00000 0.00000 0.00000 0.00000 0.00000 0.00000 0.00000 0.00000 0.00000 0.00000 0.00000 0.00000 0.00000 0.00000 0.00000 0.00000 0.00000 0.00000 0.00000 0.00000 0.00000 0.00000 0.00000 0.00000 0.00000 0.00000 0.00000 0.00000 0.00000 0.00000 0.00000
0.00000 0.00000 0.00000 0.00000 0.00000 0.00000 0.00000 0.00000 0.00000 0.00000 0.00000 0.00000 0.00000 0.00000 0.00000 0.00000 0.00000 0.00000 0.00000 0.00000 0.00000 0.00000 0.00000 0.00000 0.00000 0.00000 0.00000 0.00000 0.00000 0.00000 0.00000 0.00000 0.00000 0.00000 0.00000 0.00000 0.00000 0.00000 0.00000 0.00000 0.00000 0.00000 0.00000 0.00000 0.00000 0.00000 0.00000 0.00000 0.00000 0.00000 0.00000 0.00000 0.00000 0.00000 0.00000 0.00000 0.00000 0.00000 0.00000 0.00000 0.00000 0.00000 0.00000 0.00000 0.00000 0.00000 0.00000 0.00000 0.00000 0.00000 0.00000 0.00000 0.00000 0.00000 0.00000 0.00000 0.00000 0.00000 0.00000 0.00000 0.00000 0.00000 0.00000 0.00000 0.00000 0.01396 0.04163 0.06938 0.09727 0.12424 0.14977 0.17597 0.20458 0.23092 0.25375 0.26699 0.26792 0.26397 0.26173 0.26472 0.26327 0.25830 0.25674 0.25974 0.25835 0.25317 0.25177 0.25461 0.25324 0.24833 0.24710 0.24881 0.24707 0.24610 0.24609 0.24182 0.24044 0.24301 0.24152 0.23657 0.23622 0.23817 0.23630 0.23235 0.23120 0.22134 0.19748 0.17151 0.14766 0.12521 0.10239 0.07871 0.05585 0.03331 0.01111 0.00000 0.00000 0.00000 0.00000 0.00000 0.00000 0.00000 0.00000 0.00000 0.00000 0.00000 0.00000 0.00000 0.00000 0.00000 0.00000 0.00000 0.00000 0.00000 0.00000 0.00000 0.00000 0.00000 0.00000 0.00000 0.00000 0.00000 0.00000 0.00000 0.00000 0.00000 0.00000 0.00000 0.00000 0.00000 0.00000 0.00000 0.00000 0.00000 0.00000 0.00000 0.00000 0.00000 0.00000 0.00000 0.00000 0.00000 0.00000 0.00000 0.00000 0.00000 0.00000 0.00000 0.00000 0.00000 0.00000 0.00000 0.00000 0.00000 0.00000 0.00000 0.00000 0.00000 0.00000 0.00000 0.00000 0.00000 0.00000 0.00000 0.00000 0.00000 0.00000 0.00000 0.00000 0.00000 0.00000 0.00000 0.00000 0.00000 0.00000 0.00000 0.00000 0.00000 0.00000 0.00000 0.00000 0.00000 0.00000 0.00000 0.00000 0.00000 0.00000 0.00000 0.00000 0.00000 0.00000 0.00000 0.00000 0.00000 0.00000 0.00000 0.00000 0.00000 0.00000 0.00000 0.00000 0.00000 0.00000 0.00000 0.00000 0.00000 0.00000 0.00000 0.00000 0.00000 0.00000 0.00000 0.00000 0.00000 0.00000 0.00000 0.00000 0.00000 0.00000 0.00000 0.00000 0.00000 0.00000 0.00000 0.00000 0.00000 0.00000 0.00000 0.00000 0.00000 0.00000 0.00000 0.00000 0.00000 0.00000 0.00000 0.00000 0.00000 0.00000 0.00000 0.00000 0.00000 0.00000 0.00000 0.00000 0.00000 0.00000 0.00000 0.00000 0.00000 0.00000 0.00000 0.00000 0.00000 0.00000 0.00000 0.00000 0.00000 0.00000 0.00000 0.00000 0.00000 0.00000 0.00000 0.00000 0.00000 0.00000 0.00000 0.00000 0.00000 0.00000 0.00000 0.00000 0.00000 0.00000 0.00000 0.00000 0.00000 0.00000 0.00000
0.00000 0.00000 0.00000 0.00000 0.00000 0.00000 0.00000 0.00000 0.00000 0.00000 0.00000 0.00000 0.00000 0.00000 0.00000 0.00000 0.00000 0.00000 0.00000 0.00000 0.00000 0.00000 0.00000 0.00000 0.00000 0.00000 0.00000 0.00000 0.00000 0.00000 0.00000 0.00000 0.00000 0.00000 0.00000 0.00000 0.00000 0.00000 0.00000 0.00000 0.00000 0.00000 0.00000 0.00000 0.00000 0.00000 0.00000 0.00000 0.00000 0.00000 0.00000 0.00000 0.00000 0.00000 0.00000 0.00000 0.00000 0.00000 0.00000 0.00000 0.00000 0.00000 0.00000 0.00000 0.00000 0.00000 0.00000 0.00000 0.00000 0.00000 0.00000 0.00000 0.00000 0.00000 0.00000 0.00000 0.00000 0.00000 0.00000 0.00000 0.00000 0.00000 0.00000 0.00000 0.00000 0.01207 0.03586 0.06018 0.08406 0.10667 0.12981 0.15362 0.17549 0.19766 0.22191 0.23182 0.22879 0.22859 0.22848 0.22687 0.22663 0.22519 0.22311 0.22203 0.22253 0.22110 0.21881 0.21805 0.21747 0.21628 0.21593 0.21402 0.21164 0.21262 0.21302 0.21006 0.20862 0.20939 0.20757 0.20551 0.20580 0.20530 0.20251 0.20163 0.20270 0.19060 0.16826 0.14943 0.12943 0.10755 0.08722 0.06878 0.04880 0.02869 0.00955 0.00000 0.00000 0.00000 0.00000 0.00000 0.00000 0.00000 0.00000 0.00000 0.00000 0.00000 0.00000 0.00000 0.00000 0.00000 0.00000 0.00000 0.00000 0.00000 0.00000 0.00000 0.00000 0.00000 0.00000 0.00000 0.00000 0.00000 0.00000 0.00000 0.00000 0.00000 0.00000 0.00000 0.00000 0.00000 0.00000 0.00000 0.00000 0.00000 0.00000 0.00000 0.00000 0.00000 0.00000 0.00000 0.00000 0.00000 0.00000 0.00000 0.00000 0.00000 0.00000 0.00000 0.00000 0.00000 0.00000 0.00000 0.00000 0.00000 0.00000 0.00000 0.00000 0.00000 0.00000 0.00000 0.00000 0.00000 0.00000 0.00000 0.00000 0.00000 0.00000 0.00000 0.00000 0.00000 0.00000 0.00000 0.00000 0.00000 0.00000 0.00000 0.00000 0.00000 0.00000 0.00000 0.00000 0.00000 0.00000 0.00000 0.00000 0.00000 0.00000 0.00000 0.00000 0.00000 0.00000 0.00000 0.00000 0.00000 0.00000 0.00000 0.00000 0.00000 0.00000 0.00000 0.00000 0.00000 0.00000 0.00000 0.00000 0.00000 0.00000 0.00000 0.00000 0.00000 0.00000 0.00000 0.00000 0.00000 0.00000 0.00000 0.00000 0.00000 0.00000 0.00000 0.00000 0.00000 0.00000 0.00000 0.00000 0.00000 0.00000 0.00000 0.00000 0.00000 0.00000 0.00000 0.00000 0.00000 0.00000 0.00000 0.00000 0.00000 0.00000 0.00000 0.00000 0.00000 0.00000 0.00000 0.00000 0.00000 0.00000 0.00000 0.00000 0.00000 0.00000 0.00000 0.00000 0.00000 0.00000 0.00000 0.00000 0.00000 0.00000 0.00000 0.00000 0.00000 0.00000 0.00000 0.00000 0.00000 0.00000 0.00000 0.00000 0.00000 0.00000 0.00000 0.00000 0.00000 0.00000 0.00000 0.00000 0.00000 0.00000 0.00000
0.00000 0.00000 0.00000 0.00000 0.00000 0.00000 0.00000 0.00000 0.00000 0.00000 0.00000 0.00000 0.00000 0.00000 0.00000 0.00000 0.00000 0.00000 0.00000 0.00000 0.00000 0.00000 0.00000 0.00000 0.00000 0.00000 0.00000 0.00000 0.00000 0.00000 0.00000 0.00000 0.00000 0.00000 0.00000 0.00000 0.00000 0.00000 0.00000 0.00000 0.00000 0.00000 0.00000 0.00000 0.00000 0.00000 0.00000 0.00000 0.00000 0.00000 0.00000 0.00000 0.00000 0.00000 0.00000 0.00000 0.00000 0.00000 0.00000 0.00000 0.00000 0.00000 0.00000 0.00000 0.00000 0.00000 0.00000 0.00000 0.00000 0.00000 0.00000 0.00000 0.00000 0.00000 0.00000 0.00000 0.00000 0.00000 0.00000 0.00000 0.00000 0.00000 0.00000 0.00000 0.00000 0.01024 0.03065 0.05048 0.07022 0.09001 0.11031 0.12997 0.14774 0.16618 0.18699 0.19573 0.19315 0.19430 0.19355 0.19044 0.18912 0.19131 0.19029 0.18667 0.18546 0.18754 0.18668 0.18283 0.18189 0.18375 0.18297 0.18027 0.17889 0.17852 0.17829 0.17904 0.17808 0.17445 0.17402 0.17568 0.17466 0.17137 0.17035 0.17190 0.17152 0.16010 0.14191 0.12617 0.10941 0.09092 0.07390 0.05764 0.04118 0.02453 0.00808 0.00000 0.00000 0.00000 0.00000 0.00000 0.00000 0.00000 0.00000 0.00000 0.00000 0.00000 0.00000 0.00000 0.00000 0.00000 0.00000 0.00000 0.00000 0.00000 0.00000 0.00000 0.00000 0.00000 0.00000 0.00000 0.00000 0.00000 0.00000 0.00000 0.00000 0.00000 0.00000 0.00000 0.00000 0.00000 0.00000 0.00000 0.00000 0.00000 0.00000 0.00000 0.00000 0.00000 0.00000 0.00000 0.00000 0.00000 0.00000 0.00000 0.00000 0.00000 0.00000 0.00000 0.00000 0.00000 0.00000 0.00000 0.00000 0.00000 0.00000 0.00000 0.00000 0.00000 0.00000 0.00000 0.00000 0.00000 0.00000 0.00000 0.00000 0.00000 0.00000 0.00000 0.00000 0.00000 0.00000 0.00000 0.00000 0.00000 0.00000 0.00000 0.00000 0.00000 0.00000 0.00000 0.00000 0.00000 0.00000 0.00000 0.00000 0.00000 0.00000 0.00000 0.00000 0.00000 0.00000 0.00000 0.00000 0.00000 0.00000 0.00000 0.00000 0.00000 0.00000 0.00000 0.00000 0.00000 0.00000 0.00000 0.00000 0.00000 0.00000 0.00000 0.00000 0.00000 0.00000 0.00000 0.00000 0.00000 0.00000 0.00000 0.00000 0.00000 0.00000 0.00000 0.00000 0.00000 0.00000 0.00000 0.00000 0.00000 0.00000 0.00000 0.00000 0.00000 0.00000 0.00000 0.00000 0.00000 0.00000 0.00000 0.00000 0.00000 0.00000 0.00000 0.00000 0.00000 0.00000 0.00000 0.00000 0.00000 0.00000 0.00000 0.00000 0.00000 0.00000 0.00000 0.00000 0.00000 0.00000 0.00000 0.00000 0.00000 0.00000 0.00000 0.00000 0.00000 0.00000 0.00000 0.00000 0.00000 0.00000 0.00000 0.00000 0.00000 0.00000 0.00000 0.00000 0.00000 0.00000 0.00000 0.00000 0.00000 0.00000 0.00000
0.00000 0.00000 0.00000 0.00000 0.00000 0.00000 0.00000 0.00000 0.00000 0.00000 0.00000 0.00000 0.00000 0.00000 0.00000 0.00000 0.00000 0.00000 0.00000 0.00000 0.00000 0.00000 0.00000 0.00000 0.00000 0.00000 0.00000 0.00000 0.00000 0.00000 0.00000 0.00000 0.00000 0.00000 0.00000 0.00000 0.00000 0.00000 0.00000 0.00000 0.00000 0.00000 0.00000 0.00000 0.00000 0.00000 0.00000 0.00000 0.00000 0.00000 0.00000 0.00000 0.00000 0.00000 0.00000 0.00000 0.00000 0.00000 0.00000 0.00000 0.00000 0.00000 0.00000 0.00000 0.00000 0.00000 0.00000 0.00000 0.00000 0.00000 0.00000 0.00000 0.00000 0.00000 0.00000 0.00000 0.00000 0.00000 0.00000 0.00000 0.00000 0.00000 0.00000 0.00000 0.00000 0.00838 0.02505 0.04115 0.05710 0.07400 0.09005 0.10491 0.12100 0.13728 0.15161 0.15835 0.15861 0.15835 0.15811 0.15586 0.15508 0.15487 0.15509 0.15368 0.15187 0.15150 0.15189 0.15096 0.14918 0.14841 0.14811 0.14848 0.14802 0.14537 0.14500 0.14612 0.14467 0.14317 0.14321 0.14279 0.14106 0.14071 0.14112 0.13953 0.13790 0.13165 0.11783 0.10224 0.08785 0.07510 0.06109 0.04671 0.03325 0.02015 0.00663 0.00000 0.00000 0.00000 0.00000 0.00000 0.00000 0.00000 0.00000 0.00000 0.00000 0.00000 0.00000 0.00000 0.00000 0.00000 0.00000 0.00000 0.00000 0.00000 0.00000 0.00000 0.00000 0.00000 0.00000 0.00000 0.00000 0.00000 0.00000 0.00000 0.00000 0.00000 0.00000 0.00000 0.00000 0.00000 0.00000 0.00000 0.00000 0.00000 0.00000 0.00000 0.00000 0.00000 0.00000 0.00000 0.00000 0.00000 0.00000 0.00000 0.00000 0.00000 0.00000 0.00000 0.00000 0.00000 0.00000 0.00000 0.00000 0.00000 0.00000 0.00000 0.00000 0.00000 0.00000 0.00000 0.00000 0.00000 0.00000 0.00000 0.00000 0.00000 0.00000 0.00000 0.00000 0.00000 0.00000 0.00000 0.00000 0.00000 0.00000 0.00000 0.00000 0.00000 0.00000 0.00000 0.00000 0.00000 0.00000 0.00000 0.00000 0.00000 0.00000 0.00000 0.00000 0.00000 0.00000 0.00000 0.00000 0.00000 0.00000 0.00000 0.00000 0.00000 0.00000 0.00000 0.00000 0.00000 0.00000 0.00000 0.00000 0.00000 0.00000 0.00000 0.00000 0.00000 0.00000 0.00000 0.00000 0.00000 0.00000 0.00000 0.00000 0.00000 0.00000 0.00000 0.00000 0.00000 0.00000 0.00000 0.00000 0.00000 0.00000 0.00000 0.00000 0.00000 0.00000 0.00000 0.00000 0.00000 0.00000 0.00000 0.00000 0.00000 0.00000 0.00000 0.00000 0.00000 0.00000 0.00000 0.00000 0.00000 0.00000 0.00000 0.00000 0.00000 0.00000 0.00000 0.00000 0.00000 0.00000 0.00000 0.00000 0.00000 0.00000 0.00000 0.00000 0.00000 0.00000 0.00000 0.00000 0.00000 0.00000 0.00000 0.00000 0.00000 0.00000 0.00000 0.00000 0.00000 0.00000 0.00000 0.00000 0.00000 0.00000 0.00000
0.00000 0.00000 0.00000 0.00000 0.00000 0.00000 0.00000 0.00000 0.00000 0.00000 0.00000 0.00000 0.00000 0.00000 0.00000 0.00000 0.00000 0.00000 0.00000 0.00000 0.00000 0.00000 0.00000 0.00000 0.00000 0.00000 0.00000 0.00000 0.00000 0.00000 0.00000 0.00000 0.00000 0.00000 0.00000 0.00000 0.00000 0.00000 0.00000 0.00000 0.00000 0.00000 0.00000 0.00000 0.00000 0.00000 0.00000 0.00000 0.00000 0.00000 0.00000 0.00000 0.00000 0.00000 0.00000 0.00000 0.00000 0.00000 0.00000 0.00000 0.00000 0.00000 0.00000 0.00000 0.00000 0.00000 0.00000 0.00000 0.00000 0.00000 0.00000 0.00000 0.00000 0.00000 0.00000 0.00000 0.00000 0.00000 0.00000 0.00000 0.00000 0.00000 0.00000 0.00000 0.00000 0.00642 0.01924 0.03211 0.04481 0.05711 0.06929 0.08145 0.09416 0.10670 0.11755 0.12280 0.12327 0.12253 0.12123 0.12214 0.12144 0.11965 0.11863 0.11979 0.11941 0.11717 0.11632 0.11744 0.11707 0.11469 0.11430 0.11462 0.11451 0.11462 0.11350 0.11166 0.11148 0.11244 0.11184 0.10967 0.10899 0.11005 0.10980 0.10788 0.10685 0.10234 0.09155 0.07935 0.06822 0.05823 0.04753 0.03616 0.02578 0.01555 0.00518 0.00000 0.00000 0.00000 0.00000 0.00000 0.00000 0.00000 0.00000 0.00000 0.00000 0.00000 0.00000 0.00000 0.00000 0.00000 0.00000 0.00000 0.00000 0.00000 0.00000 0.00000 0.00000 0.00000 0.00000 0.00000 0.00000 0.00000 0.00000 0.00000 0.00000 0.00000 0.00000 0.00000 0.00000 0.00000 0.00000 0.00000 0.00000 0.00000 0.00000 0.00000 0.00000 0.00000 0.00000 0.00000 0.00000 0.00000 0.00000 0.00000 0.00000 0.00000 0.00000 0.00000 0.00000 0.00000 0.00000 0.00000 0.00000 0.00000 0.00000 0.00000 0.00000 0.00000 0.00000 0.00000 0.00000 0.00000 0.00000 0.00000 0.00000 0.00000 0.00000 0.00000 0.00000 0.00000 0.00000 0.00000 0.00000 0.00000 0.00000 0.00000 0.00000 0.00000 0.00000 0.00000 0.00000 0.00000 0.00000 0.00000 0.00000 0.00000 0.00000 0.00000 0.00000 0.00000 0.00000 0.00000 0.00000 0.00000 0.00000 0.00000 0.00000 0.00000 0.00000 0.00000 0.00000 0.00000 0.00000 0.00000 0.00000 0.00000 0.00000 0.00000 0.00000 0.00000 0.00000 0.00000 0.00000 0.00000 0.00000 0.00000 0.00000 0.00000 0.00000 0.00000 0.00000 0.00000 0.00000 0.00000 0.00000 0.00000 0.00000 0.00000 0.00000 0.00000 0.00000 0.00000 0.00000 0.00000 0.00000 0.00000 0.00000 0.00000 0.00000 0.00000 0.00000 0.00000 0.00000 0.00000 0.00000 0.00000 0.00000 0.00000 0.00000 0.00000 0.00000 0.00000 0.00000 0.00000 0.00000 0.00000 0.00000 0.00000 0.00000 0.00000 0.00000 0.00000 0.00000 0.00000 0.00000 0.00000 0.00000 0.00000 0.00000 0.00000 0.00000 0.00000 0.00000 0.00000 0.00000 0.00000 0.00000 0.00000 0.00000 0.00000
0.00000 0.00000 0.00000 0.00000 0.00000 0.00000 0.00000 0.00000 0.00000 0.00000 0.00000 0.00000 0.00000 0.00000 0.00000 0.00000 0.00000 0.00000 0.00000 0.00000 0.00000 0.00000 0.00000 0.00000 0.00000 0.00000 0.00000 0.00000 0.00000 0.00000 0.00000 0.00000 0.00000 0.00000 0.00000 0.00000 0.00000 0.00000 0.00000 0.00000 0.00000 0.00000 0.00000 0.00000 0.00000 0.00000 0.00000 0.00000 0.00000 0.00000 0.00000 0.00000 0.00000 0.00000 0.00000 0.00000 0.00000 0.00000 0.00000 0.00000 0.00000 0.00000 0.00000 0.00000 0.00000 0.00000 0.00000 0.00000 0.00000 0.00000 0.00000 0.00000 0.00000 0.00000 0.00000 0.00000 0.00000 0.00000 0.00000 0.00000 0.00000 0.00000 0.00000 0.00000 0.00000 0.00459 0.01366 0.02294 0.03203 0.04050 0.04920 0.05862 0.06722 0.07499 0.08383 0.08855 0.08813 0.08660 0.08644 0.08680 0.08682 0.08539 0.08471 0.08482 0.08506 0.08430 0.08305 0.08282 0.08333 0.08301 0.08150 0.08102 0.08160 0.08170 0.08077 0.07986 0.08005 0.07982 0.07886 0.07870 0.07884 0.07792 0.07708 0.07752 0.07747 0.07232 0.06419 0.05719 0.04934 0.04104 0.03350 0.02622 0.01846 0.01098 0.00371 0.00000 0.00000 0.00000 0.00000 0.00000 0.00000 0.00000 0.00000 0.00000 0.00000 0.00000 0.00000 0.00000 0.00000 0.00000 0.00000 0.00000 0.00000 0.00000 0.00000 0.00000 0.00000 0.00000 0.00000 0.00000 0.00000 0.00000 0.00000 0.00000 0.00000 0.00000 0.00000 0.00000 0.00000 0.00000 0.00000 0.00000 0.00000 0.00000 0.00000 0.00000 0.00000 0.00000 0.00000 0.00000 0.00000 0.00000 0.00000 0.00000 0.00000 0.00000 0.00000 0.00000 0.00000 0.00000 0.00000 0.00000 0.00000 0.00000 0.00000 0.00000 0.00000 0.00000 0.00000 0.00000 0.00000 0.00000 0.00000 0.00000 0.00000 0.00000 0.00000 0.00000 0.00000 0.00000 0.00000 0.00000 0.00000 0.00000 0.00000 0.00000 0.00000 0.00000 0.00000 0.00000 0.00000 0.00000 0.00000 0.00000 0.00000 0.00000 0.00000 0.00000 0.00000 0.00000 0.00000 0.00000 0.00000 0.00000 0.00000 0.00000 0.00000 0.00000 0.00000 0.00000 0.00000 0.00000 0.00000 0.00000 0.00000 0.00000 0.00000 0.00000 0.00000 0.00000 0.00000 0.00000 0.00000 0.00000 0.00000 0.00000 0.00000 0.00000 0.00000 0.00000 0.00000 0.00000 0.00000 0.00000 0.00000 0.00000 0.00000 0.00000 0.00000 0.00000 0.00000 0.00000 0.00000 0.00000 0.00000 0.00000 0.00000 0.00000 0.00000 0.00000 0.00000 0.00000 0.00000 0.00000 0.00000 0.00000 0.00000 0.00000 0.00000 0.00000 0.00000 0.00000 0.00000 0.00000 0.00000 0.00000 0.00000 0.00000 0.00000 0.00000 0.00000 0.00000 0.00000 0.00000 0.00000 0.00000 0.00000 0.00000 0.00000 0.00000 0.00000 0.00000 0.00000 0.00000 0.00000 0.00000 0.00000 0.00000 0.00000 0.00000
0.00000 0.00000 0.00000 0.00000 0.00000 0.00000 0.00000 0.00000 0.00000 0.00000 0.00000 0.00000 0.00000 0.00000 0.00000 0.00000 0.00000 0.00000 0.00000 0.00000 0.00000 0.00000 0.00000 0.00000 0.00000 0.00000 0.00000 0.00000 0.00000 0.00000 0.00000 0.00000 0.00000 0.00000 0.00000 0.00000 0.00000 0.00000 0.00000 0.00000 0.00000 0.00000 0.00000 0.00000 0.00000 0.00000 0.00000 0.00000 0.00000 0.00000 0.00000 0.00000 0.00000 0.00000 0.00000 0.00000 0.00000 0.00000 0.00000 0.00000 0.00000 0.00000 0.00000 0.00000 0.00000 0.00000 0.00000 0.00000 0.00000 0.00000 0.00000 0.00000 0.00000 0.00000 0.00000 0.00000 0.00000 0.00000 0.00000 0.00000 0.00000 0.00000 0.00000 0.00000 0.00000 0.00277 0.00826 0.01357 0.01898 0.02441 0.02971 0.03494 0.03998 0.04502 0.05029 0.05297 0.05235 0.05222 0.05205 0.05174 0.05123 0.05147 0.05136 0.05064 0.05012 0.05050 0.05047 0.04963 0.04924 0.04947 0.04935 0.04905 0.04872 0.04820 0.04811 0.04846 0.04819 0.04727 0.04699 0.04745 0.04734 0.04651 0.04606 0.04644 0.04641 0.04338 0.03847 0.03421 0.02959 0.02453 0.01999 0.01575 0.01118 0.00660 0.00218 0.00000 0.00000 0.00000 0.00000 0.00000 0.00000 0.00000 0.00000 0.00000 0.00000 0.00000 0.00000 0.00000 0.00000 0.00000 0.00000 0.00000 0.00000 0.00000 0.00000 0.00000 0.00000 0.00000 0.00000 0.00000 0.00000 0.00000 0.00000 0.00000 0.00000 0.00000 0.00000 0.00000 0.00000 0.00000 0.00000 0.00000 0.00000 0.00000 0.00000 0.00000 0.00000 0.00000 0.00000 0.00000 0.00000 0.00000 0.00000 0.00000 0.00000 0.00000 0.00000 0.00000 0.00000 0.00000 0.00000 0.00000 0.00000 0.00000 0.00000 0.00000 0.00000 0.00000 0.00000 0.00000 0.00000 0.00000 0.00000 0.00000 0.00000 0.00000 0.00000 0.00000 0.00000 0.00000 0.00000 0.00000 0.00000 0.00000 0.00000 0.00000 0.00000 0.00000 0.00000 0.00000 0.00000 0.00000 0.00000 0.00000 0.00000 0.00000 0.00000 0.00000 0.00000 0.00000 0.00000 0.00000 0.00000 0.00000 0.00000 0.00000 0.00000 0.00000 0.00000 0.00000 0.00000 0.00000 0.00000 0.00000 0.00000 0.00000 0.00000 0.00000 0.00000 0.00000 0.00000 0.00000 0.00000 0.00000 0.00000 0.00000 0.00000 0.00000 0.00000 0.00000 0.00000 0.00000 0.00000 0.00000 0.00000 0.00000 0.00000 0.00000 0.00000 0.00000 0.00000 0.00000 0.00000 0.00000 0.00000 0.00000 0.00000 0.00000 0.00000 0.00000 0.00000 0.00000 0.00000 0.00000 0.00000 0.00000 0.00000 0.00000 0.00000 0.00000 0.00000 0.00000 0.00000 0.00000 0.00000 0.00000 0.00000 0.00000 0.00000 0.00000 0.00000 0.00000 0.00000 0.00000 0.00000 0.00000 0.00000 0.00000 0.00000 0.00000 0.00000 0.00000 0.00000 0.00000 0.00000 0.00000 0.00000 0.00000 0.00000 0.00000
0.00000 0.00000 0.00000 0.00000 0.00000 0.00000 0.00000 0.00000 0.00000 0.00000 0.00000 0.00000 0.00000 0.00000 0.00000 0.00000 0.00000 0.00000 0.00000 0.00000 0.00000 0.00000 0.00000 0.00000 0.00000 0.00000 0.00000 0.00000 0.00000 0.00000 0.00000 0.00000 0.00000 0.00000 0.00000 0.00000 0.00000 0.00000 0.00000 0.00000 0.00000 0.00000 0.00000 0.00000 0.00000 0.00000 0.00000 0.00000 0.00000 0.00000 0.00000 0.00000 0.00000 0.00000 0.00000 0.00000 0.00000 0.00000 0.00000 0.00000 0.00000 0.00000 0.00000 0.00000 0.00000 0.00000 0.00000 0.00000 0.00000 0.00000 0.00000 0.00000 0.00000 0.00000 0.00000 0.00000 0.00000 0.00000 0.00000 0.00000 0.00000 0.00000 0.00000 0.00000 0.00000 0.00092 0.00275 0.00452 0.00628 0.00815 0.00994 0.01152 0.01324 0.01513 0.01682 0.01738 0.01735 0.01747 0.01744 0.01707 0.01702 0.01712 0.01712 0.01687 0.01669 0.01670 0.01679 0.01669 0.01636 0.01629 0.01646 0.01643 0.01614 0.01603 0.01613 0.01607 0.01586 0.01582 0.01586 0.01568 0.01551 0.01560 0.01559 0.01531 0.01519 0.01459 0.01300 0.01124 0.00971 0.00829 0.00672 0.00516 0.00372 0.00222 0.00073 0.00000 0.00000 0.00000 0.00000 0.00000 0.00000 0.00000 0.00000 0.00000 0.00000 0.00000 0.00000 0.00000 0.00000 0.00000 0.00000 0.00000 0.00000 0.00000 0.00000 0.00000 0.00000 0.00000 0.00000 0.00000 0.00000 0.00000 0.00000 0.00000 0.00000 0.00000 0.00000 0.00000 0.00000 0.00000 0.00000 0.00000 0.00000 0.00000 0.00000 0.00000 0.00000 0.00000 0.00000 0.00000 0.00000 0.00000 0.00000 0.00000 0.00000 0.00000 0.00000 0.00000 0.00000 0.00000 0.00000 0.00000 0.00000 0.00000 0.00000 0.00000 0.00000 0.00000 0.00000 0.00000 0.00000 0.00000 0.00000 0.00000 0.00000 0.00000 0.00000 0.00000 0.00000 0.00000 0.00000 0.00000 0.00000 0.00000 0.00000 0.00000 0.00000 0.00000 0.00000 0.00000 0.00000 0.00000 0.00000 0.00000 0.00000 0.00000 0.00000 0.00000 0.00000 0.00000 0.00000 0.00000 0.00000 0.00000 0.00000 0.00000 0.00000 0.00000 0.00000 0.00000 0.00000 0.00000 0.00000 0.00000 0.00000 0.00000 0.00000 0.00000 0.00000 0.00000 0.00000 0.00000 0.00000 0.00000 0.00000 0.00000 0.00000 0.00000 0.00000 0.00000 0.00000 0.00000 0.00000 0.00000 0.00000 0.00000 0.00000 0.00000 0.00000 0.00000 0.00000 0.00000 0.00000 0.00000 0.00000 0.00000 0.00000 0.00000 0.00000 0.00000 0.00000 0.00000 0.00000 0.00000 0.00000 0.00000 0.00000 0.00000 0.00000 0.00000 0.00000 0.00000 0.00000 0.00000 0.00000 0.00000 0.00000 0.00000 0.00000 0.00000 0.00000 0.00000 0.00000 0.00000 0.00000 0.00000 0.00000 0.00000 0.00000 0.00000 0.00000 0.00000 0.00000 0.00000 0.00000 0.00000 0.00000 0.00000 0.00000 0.00000
0.00000 0.00000 0.00000 0.00000 0.00000 0.00000 0.00000 0.00000 0.00000 0.00000 0.00000 0.00000 0.00000 0.00000 0.00000 0.00000 0.00000 0.00000 0.00000 0.00000 0.00000 0.00000 0.00000 0.00000 0.00000 0.00000 0.00000 0.00000 0.00000 0.00000 0.00000 0.00000 0.00000 0.00000 0.00000 0.00000 0.00000 0.00000 0.00000 0.00000 0.00000 0.00000 0.00000 0.00000 0.00000 0.00000 0.00000 0.00000 0.00000 0.00000 0.00000 0.00000 0.00000 0.00000 0.00000 0.00000 0.00000 0.00000 0.00000 0.00000 0.00000 0.00000 0.00000 0.00000 0.00000 0.00000 0.00000 0.00000 0.00000 0.00000 0.00000 0.00000 0.00000 0.00000 0.00000 0.00000 0.00000 0.00000 0.00000 0.00000 0.00000 0.00000 0.00000 0.00000 0.00000 0.00000 0.00000 0.00000 0.00000 0.00000 0.00000 0.00000 0.00000 0.00000 0.00000 0.00000 0.00000 0.00000 0.00000 0.00000 0.00000 0.00000 0.00000 0.00000 0.00000 0.00000 0.00000 0.00000 0.00000 0.00000 0.00000 0.00000 0.00000 0.00000 0.00000 0.00000 0.00000 0.00000 0.00000 0.00000 0.00000 0.00000 0.00000 0.00000 0.00000 0.00000 0.00000 0.00000 0.00000 0.00000 0.00000 0.00000 0.00000 0.00000 0.00000 0.00000 0.00000 0.00000 0.00000 0.00000 0.00000 0.00000 0.00000 0.00000 0.00000 0.00000 0.00000 0.00000 0.00000 0.00000 0.00000 0.00000 0.00000 0.00000 0.00000 0.00000 0.00000 0.00000 0.00000 0.00000 0.00000 0.00000 0.00000 0.00000 0.00000 0.00000 0.00000 0.00000 0.00000 0.00000 0.00000 0.00000 0.00000 0.00000 0.00000 0.00000 0.00000 0.00000 0.00000 0.00000 0.00000 0.00000 0.00000 0.00000 0.00000 0.00000 0.00000 0.00000 0.00000 0.00000 0.00000 0.00000 0.00000 0.00000 0.00000 0.00000 0.00000 0.00000 0.00000 0.00000 0.00000 0.00000 0.00000 0.00000 0.00000 0.00000 0.00000 0.00000 0.00000 0.00000 0.00000 0.00000 0.00000 0.00000 0.00000 0.00000 0.00000 0.00000 0.00000 0.00000 0.00000 0.00000 0.00000 0.00000 0.00000 0.00000 0.00000 0.00000 0.00000 0.00000 0.00000 0.00000 0.00000 0.00000 0.00000 0.00000 0.00000 0.00000 0.00000 0.00000 0.00000 0.00000 0.00000 0.00000 0.00000 0.00000 0.00000 0.00000 0.00000 0.00000 0.00000 0.00000 0.00000 0.00000 0.00000 0.00000 0.00000 0.00000 0.00000 0.00000 0.00000 0.00000 0.00000 0.00000 0.00000 0.00000 0.00000 0.00000 0.00000 0.00000 0.00000 0.00000 0.00000 0.00000 0.00000 0.00000 0.00000 0.00000 0.00000 0.00000 0.00000 0.00000 0.00000 0.00000 0.00000 0.00000 0.00000 0.00000 0.00000 0.00000 0.00000 0.00000 0.00000 0.00000 0.00000 0.00000 0.00000 0.00000 0.00000 0.00000 0.00000 0.00000 0.00000 0.00000 0.00000 0.00000 0.00000 0.00000 0.00000 0.00000 0.00000 0.00000 0.00000 0.00000 0.00000 0.00000 0.00000 0.00000 0.00000 0.00000
0.00000 0.00000 0.00000 0.00000 0.00000 0.00000 0.00000 0.00000 0.00000 0.00000 0.00000 0.00000 0.00000 0.00000 0.00000 0.00000 0.00000 0.00000 0.00000 0.00000 0.00000 0.00000 0.00000 0.00000 0.00000 0.00000 0.00000 0.00000 0.00000 0.00000 0.00000 0.00000 0.00000 0.00000 0.00000 0.00000 0.00000 0.00000 0.00000 0.00000 0.00000 0.00000 0.00000 0.00000 0.00000 0.00000 0.00000 0.00000 0.00000 0.00000 0.00000 0.00000 0.00000 0.00000 0.00000 0.00000 0.00000 0.00000 0.00000 0.00000 0.00000 0.00000 0.00000 0.00000 0.00000 0.00000 0.00000 0.00000 0.00000 0.00000 0.00000 0.00000 0.00000 0.00000 0.00000 0.00000 0.00000 0.00000 0.00000 0.00000 0.00000 0.00000 0.00000 0.00000 0.00000 0.00000 0.00000 0.00000 0.00000 0.00000 0.00000 0.00000 0.00000 0.00000 0.00000 0.00000 0.00000 0.00000 0.00000 0.00000 0.00000 0.00000 0.00000 0.00000 0.00000 0.00000 0.00000 0.00000 0.00000 0.00000 0.00000 0.00000 0.00000 0.00000 0.00000 0.00000 0.00000 0.00000 0.00000 0.00000 0.00000 0.00000 0.00000 0.00000 0.00000 0.00000 0.00000 0.00000 0.00000 0.00000 0.00000 0.00000 0.00000 0.00000 0.00000 0.00000 0.00000 0.00000 0.00000 0.00000 0.00000 0.00000 0.00000 0.00000 0.00000 0.00000 0.00000 0.00000 0.00000 0.00000 0.00000 0.00000 0.00000 0.00000 0.00000 0.00000 0.00000 0.00000 0.00000 0.00000 0.00000 0.00000 0.00000 0.00000 0.00000 0.00000 0.00000 0.00000 0.00000 0.00000 0.00000 0.00000 0.00000 0.00000 0.00000 0.00000 0.00000 0.00000 0.00000 0.00000 0.00000 0.00000 0.00000 0.00000 0.00000 0.00000 0.00000 0.00000 0.00000 0.00000 0.00000 0.00000 0.00000 0.00000 0.00000 0.00000 0.00000 0.00000 0.00000 0.00000 0.00000 0.00000 0.00000 0.00000 0.00000 0.00000 0.00000 0.00000 0.00000 0.00000 0.00000 0.00000 0.00000 0.00000 0.00000 0.00000 0.00000 0.00000 0.00000 0.00000 0.00000 0.00000 0.00000 0.00000 0.00000 0.00000 0.00000 0.00000 0.00000 0.00000 0.00000 0.00000 0.00000 0.00000 0.00000 0.00000 0.00000 0.00000 0.00000 0.00000 0.00000 0.00000 0.00000 0.00000 0.00000 0.00000 0.00000 0.00000 0.00000 0.00000 0.00000 0.00000 0.00000 0.00000 0.00000 0.00000 0.00000 0.00000 0.00000 0.00000 0.00000 0.00000 0.00000 0.00000 0.00000 0.00000 0.00000 0.00000 0.00000 0.00000 0.00000 0.00000 0.00000 0.00000 0.00000 0.00000 0.00000 0.00000 0.00000 0.00000 0.00000 0.00000 0.00000 0.00000 0.00000 0.00000 0.00000 0.00000 0.00000 0.00000 0.00000 0.00000 0.00000 0.00000 0.00000 0.00000 0.00000 0.00000 0.00000 0.00000 0.00000 0.00000 0.00000 0.00000 0.00000 0.00000 0.00000 0.00000 0.00000 0.00000 0.00000 0.00000 0.00000 0.00000 0.00000 0.00000 0.00000 0.00000 0.00000 0.00000
0.00000 0.00000 0.00000 0.00000 0.00000 0.00000 0.00000 0.00000 0.00000 0.00000 0.00000 0.00000 0.00000 0.00000 0.00000 0.00000 0.00000 0.00000 0.00000 0.00000 0.00000 0.00000 0.00000 0.00000 0.00000 0.00000 0.00000 0.00000 0.00000 0.00000 0.00000 0.00000 0.00000 0.00000 0.00000 0.00000 0.00000 0.00000 0.00000 0.00000 0.00000 0.00000 0.00000 0.00000 0.00000 0.00000 0.00000 0.00000 0.00000 0.00000 0.00000 0.00000 0.00000 0.00000 0.00000 0.00000 0.00000 0.00000 0.00000 0.00000 0.00000 0.00000 0.00000 0.00000 0.00000 0.00000 0.00000 0.00000 0.00000 0.00000 0.00000 0.00000 0.00000 0.00000 0.00000 0.00000 0.00000 0.00000 0.00000 0.00000 0.00000 0.00000 0.00000 0.00000 0.00000 0.00000 0.00000 0.00000 0.00000 0.00000 0.00000 0.00000 0.00000 0.00000 0.00000 0.00000 0.00000 0.00000 0.00000 0.00000 0.00000 0.00000 0.00000 0.00000 0.00000 0.00000 0.00000 0.00000 0.00000 0.00000 0.00000 0.00000 0.00000 0.00000 0.00000 0.00000 0.00000 0.00000 0.00000 0.00000 0.00000 0.00000 0.00000 0.00000 0.00000 0.00000 0.00000 0.00000 0.00000 0.00000 0.00000 0.00000 0.00000 0.00000 0.00000 0.00000 0.00000 0.00000 0.00000 0.00000 0.00000 0.00000 0.00000 0.00000 0.00000 0.00000 0.00000 0.00000 0.00000 0.00000 0.00000 0.00000 0.00000 0.00000 0.00000 0.00000 0.00000 0.00000 0.00000 0.00000 0.00000 0.00000 0.00000 0.00000 0.00000 0.00000 0.00000 0.00000 0.00000 0.00000 0.00000 0.00000 0.00000 0.00000 0.00000 0.00000 0.00000 0.00000 0.00000 0.00000 0.00000 0.00000 0.00000 0.00000 0.00000 0.00000 0.00000 0.00000 0.00000 0.00000 0.00000 0.00000 0.00000 0.00000 0.00000 0.00000 0.00000 0.00000 0.00000 0.00000 0.00000 0.00000 0.00000 0.00000 0.00000 0.00000 0.00000 0.00000 0.00000 0.00000 0.00000 0.00000 0.00000 0.00000 0.00000 0.00000 0.00000 0.00000 0.00000 0.00000 0.00000 0.00000 0.00000 0.00000 0.00000 0.00000 0.00000 0.00000 0.00000 0.00000 0.00000 0.00000 0.00000 0.00000 0.00000 0.00000 0.00000 0.00000 0.00000 0.00000 0.00000 0.00000 0.00000 0.00000 0.00000 0.00000 0.00000 0.00000 0.00000 0.00000 0.00000 0.00000 0.00000 0.00000 0.00000 0.00000 0.00000 0.00000 0.00000 0.00000 0.00000 0.00000 0.00000 0.00000 0.00000 0.00000 0.00000 0.00000 0.00000 0.00000 0.00000 0.00000 0.00000 0.00000 0.00000 0.00000 0.00000 0.00000 0.00000 0.00000 0.00000 0.00000 0.00000 0.00000 0.00000 0.00000 0.00000 0.00000 0.00000 0.00000 0.00000 0.00000 0.00000 0.00000 0.00000 0.00000 0.00000 0.00000 0.00000 0.00000 0.00000 0.00000 0.00000 0.00000 0.00000 0.00000 0.00000 0.00000 0.00000 0.00000 0.00000 0.00000 0.00000 0.00000 0.00000 0.00000 0.00000 0.00000 0.00000 0.00000
0.00000 0.00000 0.00000 0.00000 0.00000 0.00000 0.00000 0.00000 0.00000 0.00000 0.00000 0.00000 0.00000 0.00000 0.00000 0.00000 0.00000 0.00000 0.00000 0.00000 0.00000 0.00000 0.00000 0.00000 0.00000 0.00000 0.00000 0.00000 0.00000 0.00000 0.00000 0.00000 0.00000 0.00000 0.00000 0.00000 0.00000 0.00000 0.00000 0.00000 0.00000 0.00000 0.00000 0.00000 0.00000 0.00000 0.00000 0.00000 0.00000 0.00000 0.00000 0.00000 0.00000 0.00000 0.00000 0.00000 0.00000 0.00000 0.00000 0.00000 0.00000 0.00000 0.00000 0.00000 0.00000 0.00000 0.00000 0.00000 0.00000 0.00000 0.00000 0.00000 0.00000 0.00000 0.00000 0.00000 0.00000 0.00000 0.00000 0.00000 0.00000 0.00000 0.00000 0.00000 0.00000 0.00000 0.00000 0.00000 0.00000 0.00000 0.00000 0.00000 0.00000 0.00000 0.00000 0.00000 0.00000 0.00000 0.00000 0.00000 0.00000 0.00000 0.00000 0.00000 0.00000 0.00000 0.00000 0.00000 0.00000 0.00000 0.00000 0.00000 0.00000 0.00000 0.00000 0.00000 0.00000 0.00000 0.00000 0.00000 0.00000 0.00000 0.00000 0.00000 0.00000 0.00000 0.00000 0.00000 0.00000 0.00000 0.00000 0.00000 0.00000 0.00000 0.00000 0.00000 0.00000 0.00000 0.00000 0.00000 0.00000 0.00000 0.00000 0.00000 0.00000 0.00000 0.00000 0.00000 0.00000 0.00000 0.00000 0.00000 0.00000 0.00000 0.00000 0.00000 0.00000 0.00000 0.00000 0.00000 0.00000 0.00000 0.00000 0.00000 0.00000 0.00000 0.00000 0.00000 0.00000 0.00000 0.00000 0.00000 0.00000 0.00000 0.00000 0.00000 0.00000 0.00000 0.00000 0.00000 0.00000 0.00000 0.00000 0.00000 0.00000 0.00000 0.00000 0.00000 0.00000 0.00000 0.00000 0.00000 0.00000 0.00000 0.00000 0.00000 0.00000 0.00000 0.00000 0.00000 0.00000 0.00000 0.00000 0.00000 0.00000 0.00000 0.00000 0.00000 0.00000 0.00000 0.00000 0.00000 0.00000 0.00000 0.00000 0.00000 0.00000 0.00000 0.00000 0.00000 0.00000 0.00000 0.00000 0.00000 0.00000 0.00000 0.00000 0.00000 0.00000 0.00000 0.00000 0.00000 0.00000 0.00000 0.00000 0.00000 0.00000 0.00000 0.00000 0.00000 0.00000 0.00000 0.00000 0.00000 0.00000 0.00000 0.00000 0.00000 0.00000 0.00000 0.00000 0.00000 0.00000 0.00000 0.00000 0.00000 0.00000 0.00000 0.00000 0.00000 0.00000 0.00000 0.00000 0.00000 0.00000 0.00000 0.00000 0.00000 0.00000 0.00000 0.00000 0.00000 0.00000 0.00000 0.00000 0.00000 0.00000 0.00000 0.00000 0.00000 0.00000 0.00000 0.00000 0.00000 0.00000 0.00000 0.00000 0.00000 0.00000 0.00000 0.00000 0.00000 0.00000 0.00000 0.00000 0.00000 0.00000 0.00000 0.00000 0.00000 0.00000 0.00000 0.00000 0.00000 0.00000 0.00000 0.00000 0.00000 0.00000 0.00000 0.00000 0.00000 0.00000 0.00000 0.00000 0.00000 0.00000 0.00000 0.00000 0.00000
0.00000 0.00000 0.00000 0.00000 0.00000 0.00000 0.00000 0.00000 0.00000 0.00000 0.00000 0.00000 0.00000 0.00000 0.00000 0.00000 0.00000 0.00000 0.00000 0.00000 0.00000 0.00000 0.00000 0.00000 0.00000 0.00000 0.00000 0.00000 0.00000 0.00000 0.00000 0.00000 0.00000 0.00000 0.00000 0.00000 0.00000 0.00000 0.00000 0.00000 0.00000 0.00000 0.00000 0.00000 0.00000 0.00000 0.00000 0.00000 0.00000 0.00000 0.00000 0.00000 0.00000 0.00000 0.00000 0.00000 0.00000 0.00000 0.00000 0.00000 0.00000 0.00000 0.00000 0.00000 0.00000 0.00000 0.00000 0.00000 0.00000 0.00000 0.00000 0.00000 0.00000 0.00000 0.00000 0.00000 0.00000 0.00000 0.00000 0.00000 0.00000 0.00000 0.00000 0.00000 0.00000 0.00000 0.00000 0.00000 0.00000 0.00000 0.00000 0.00000 0.00000 0.00000 0.00000 0.00000 0.00000 0.00000 0.00000 0.00000 0.00000 0.00000 0.00000 0.00000 0.00000 0.00000 0.00000 0.00000 0.00000 0.00000 0.00000 0.00000 0.00000 0.00000 0.00000 0.00000 0.00000 0.00000 0.00000 0.00000 0.00000 0.00000 0.00000 0.00000 0.00000 0.00000 0.00000 0.00000 0.00000 0.00000 0.00000 0.00000 0.00000 0.00000 0.00000 0.00000 0.00000 0.00000 0.00000 0.00000 0.00000 0.00000 0.00000 0.00000 0.00000 0.00000 0.00000 0.00000 0.00000 0.00000 0.00000 0.00000 0.00000 0.00000 0.00000 0.00000 0.00000 0.00000 0.00000 0.00000 0.00000 0.00000 0.00000 0.00000 0.00000 0.00000 0.00000 0.00000 0.00000 0.00000 0.00000 0.00000 0.00000 0.00000 0.00000 0.00000 0.00000 0.00000 0.00000 0.00000 0.00000 0.00000 0.00000 0.00000 0.00000 0.00000 0.00000 0.00000 0.00000 0.00000 0.00000 0.00000 0.00000 0.00000 0.00000 0.00000 0.00000 0.00000 0.00000 0.00000 0.00000 0.00000 0.00000 0.00000 0.00000 0.00000 0.00000 0.00000 0.00000 0.00000 0.00000 0.00000 0.00000 0.00000 0.00000 0.00000 0.00000 0.00000 0.00000 0.00000 0.00000 0.00000 0.00000 0.00000 0.00000 0.00000 0.00000 0.00000 0.00000 0.00000 0.00000 0.00000 0.00000 0.00000 0.00000 0.00000 0.00000 0.00000 0.00000 0.00000 0.00000 0.00000 0.00000 0.00000 0.00000 0.00000 0.00000 0.00000 0.00000 0.00000 0.00000 0.00000 0.00000 0.00000 0.00000 0.00000 0.00000 0.00000 0.00000 0.00000 0.00000 0.00000 0.00000 0.00000 0.00000 0.00000 0.00000 0.00000 0.00000 0.00000 0.00000 0.00000 0.00000 0.00000 0.00000 0.00000 0.00000 0.00000 0.00000 0.00000 0.00000 0.00000 0.00000 0.00000 0.00000 0.00000 0.00000 0.00000 0.00000 0.00000 0.00000 0.00000 0.00000 0.00000 0.00000 0.00000 0.00000 0.00000 0.00000 0.00000 0.00000 0.00000 0.00000 0.00000 0.00000 0.00000 0.00000 0.00000 0.00000 0.00000 0.00000 0.00000 0.00000 0.00000 0.00000 0.00000 0.00000 0.00000 0.00000 0.00000
0.00000 0.00000 0.00000 0.00000 0.00000 0.00000 0.00000 0.00000 0.00000 0.00000 0.00000 0.00000 0.00000 0.00000 0.00000 0.00000 0.00000 0.00000 0.00000 0.00000 0.00000 0.00000 0.00000 0.00000 0.00000 0.00000 0.00000 0.00000 0.00000 0.00000 0.00000 0.00000 0.00000 0.00000 0.00000 0.00000 0.00000 0.00000 0.00000 0.00000 0.00000 0.00000 0.00000 0.00000 0.00000 0.00000 0.00000 0.00000 0.00000 0.00000 0.00000 0.00000 0.00000 0.00000 0.00000 0.00000 0.00000 0.00000 0.00000 0.00000 0.00000 0.00000 0.00000 0.00000 0.00000 0.00000 0.00000 0.00000 0.00000 0.00000 0.00000 0.00000 0.00000 0.00000 0.00000 0.00000 0.00000 0.00000 0.00000 0.00000 0.00000 0.00000 0.00000 0.00000 0.00000 0.00000 0.00000 0.00000 0.00000 0.00000 0.00000 0.00000 0.00000 0.00000 0.00000 0.00000 0.00000 0.00000 0.00000 0.00000 0.00000 0.00000 0.00000 0.00000 0.00000 0.00000 0.00000 0.00000 0.00000 0.00000 0.00000 0.00000 0.00000 0.00000 0.00000 0.00000 0.00000 0.00000 0.00000 0.00000 0.00000 0.00000 0.00000 0.00000 0.00000 0.00000 0.00000 0.00000 0.00000 0.00000 0.00000 0.00000 0.00000 0.00000 0.00000 0.00000 0.00000 0.00000 0.00000 0.00000 0.00000 0.00000 0.00000 0.00000 0.00000 0.00000 0.00000 0.00000 0.00000 0.00000 0.00000 0.00000 0.00000 0.00000 0.00000 0.00000 0.00000 0.00000 0.00000 0.00000 0.00000 0.00000 0.00000 0.00000 0.00000 0.00000 0.00000 0.00000 0.00000 0.00000 0.00000 0.00000 0.00000 0.00000 0.00000 0.00000 0.00000 0.00000 0.00000 0.00000 0.00000 0.00000 0.00000 0.00000 0.00000 0.00000 0.00000 0.00000 0.00000 0.00000 0.00000 0.00000 0.00000 0.00000 0.00000 0.00000 0.00000 0.00000 0.00000 0.00000 0.00000 0.00000 0.00000 0.00000 0.00000 0.00000 0.00000 0.00000 0.00000 0.00000 0.00000 0.00000 0.00000 0.00000 0.00000 0.00000 0.00000 0.00000 0.00000 0.00000 0.00000 0.00000 0.00000 0.00000 0.00000 0.00000 0.00000 0.00000 0.00000 0.00000 0.00000 0.00000 0.00000 0.00000 0.00000 0.00000 0.00000 0.00000 0.00000 0.00000 0.00000 0.00000 0.00000 0.00000 0.00000 0.00000 0.00000 0.00000 0.00000 0.00000 0.00000 0.00000 0.00000 0.00000 0.00000 0.00000 0.00000 0.00000 0.00000 0.00000 0.00000 0.00000 0.00000 0.00000 0.00000 0.00000 0.00000 0.00000 0.00000 0.00000 0.00000 0.00000 0.00000 0.00000 0.00000 0.00000 0.00000 0.00000 0.00000 0.00000 0.00000 0.00000 0.00000 0.00000 0.00000 0.00000 0.00000 0.00000 0.00000 0.00000 0.00000 0.00000 0.00000 0.00000 0.00000 0.00000 0.00000 0.00000 0.00000 0.00000 0.00000 0.00000 0.00000 0.00000 0.00000 0.00000 0.00000 0.00000 0.00000 0.00000 0.00000 0.00000 0.00000 0.00000 0.00000 0.00000 0.00000 0.00000 0.00000 0.00000
0.00000 0.00000 0.00000 0.00000 0.00000 0.00000 0.00000 0.00000 0.00000 0.00000 0.00000 0.00000 0.00000 0.00000 0.00000 0.00000 0.00000 0.00000 0.00000 0.00000 0.00000 0.00000 0.00000 0.00000 0.00000 0.00000 0.00000 0.00000 0.00000 0.00000 0.00000 0.00000 0.00000 0.00000 0.00000 0.00000 0.00000 0.00000 0.00000 0.00000 0.00000 0.00000 0.00000 0.00000 0.00000 0.00000 0.00000 0.00000 0.00000 0.00000 0.00000 0.00000 0.00000 0.00000 0.00000 0.00000 0.00000 0.00000 0.00000 0.00000 0.00000 0.00000 0.00000 0.00000 0.00000 0.00000 0.00000 0.00000 0.00000 0.00000 0.00000 0.00000 0.00000 0.00000 0.00000 0.00000 0.00000 0.00000 0.00000 0.00000 0.00000 0.00000 0.00000 0.00000 0.00000 0.00000 0.00000 0.00000 0.00000 0.00000 0.00000 0.00000 0.00000 0.00000 0.00000 0.00000 0.00000 0.00000 0.00000 0.00000 0.00000 0.00000 0.00000 0.00000 0.00000 0.00000 0.00000 0.00000 0.00000 0.00000 0.00000 0.00000 0.00000 0.00000 0.00000 0.00000 0.00000 0.00000 0.00000 0.00000 0.00000 0.00000 0.00000 0.00000 0.00000 0.00000 0.00000 0.00000 0.00000 0.00000 0.00000 0.00000 0.00000 0.00000 0.00000 0.00000 0.00000 0.00000 0.00000 0.00000 0.00000 0.00000 0.00000 0.00000 0.00000 0.00000 0.00000 0.00000 0.00000 0.00000 0.00000 0.00000 0.00000 0.00000 0.00000 0.00000 0.00000 0.00000 0.00000 0.00000 0.00000 0.00000 0.00000 0.00000 0.00000 0.00000 0.00000 0.00000 0.00000 0.00000 0.00000 0.00000 0.00000 0.00000 0.00000 0.00000 0.00000 0.00000 0.00000 0.00000 0.00000 0.00000 0.00000 0.00000 0.00000 0.00000 0.00000 0.00000 0.00000 0.00000 0.00000 0.00000 0.00000 0.00000 0.00000 0.00000 0.00000 0.00000 0.00000 0.00000 0.00000 0.00000 0.00000 0.00000 0.00000 0.00000 0.00000 0.00000 0.00000 0.00000 0.00000 0.00000 0.00000 0.00000 0.00000 0.00000 0.00000 0.00000 0.00000 0.00000 0.00000 0.00000 0.00000 0.00000 0.00000 0.00000 0.00000 0.00000 0.00000 0.00000 0.00000 0.00000 0.00000 0.00000 0.00000 0.00000 0.00000 0.00000 0.00000 0.00000 0.00000 0.00000 0.00000 0.00000 0.00000 0.00000 0.00000 0.00000 0.00000 0.00000 0.00000 0.00000 0.00000 0.00000 0.00000 0.00000 0.00000 0.00000 0.00000 0.00000 0.00000 0.00000 0.00000 0.00000 0.00000 0.00000 0.00000 0.00000 0.00000 0.00000 0.00000 0.00000 0.00000 0.00000 0.00000 0.00000 0.00000 0.00000 0.00000 0.00000 0.00000 0.00000 0.00000 0.00000 0.00000 0.00000 0.00000 0.00000 0.00000 0.00000 0.00000 0.00000 0.00000 0.00000 0.00000 0.00000 0.00000 0.00000 0.00000 0.00000 0.00000 0.00000 0.00000 0.00000 0.00000 0.00000 0.00000 0.00000 0.00000 0.00000 0.00000 0.00000 0.00000 0.00000 0.00000 0.00000 0.00000 0.00000 0.00000 0.00000
0.00000 0.00000 0.00000 0.00000 0.00000 0.00000 0.00000 0.00000 0.00000 0.00000 0.00000 0.00000 0.00000 0.00000 0.00000 0.00000 0.00000 0.00000 0.00000 0.00000 0.00000 0.00000 0.00000 0.00000 0.00000 0.00000 0.00000 0.00000 0.00000 0.00000 0.00000 0.00000 0.00000 0.00000 0.00000 0.00000 0.00000 0.00000 0.00000 0.00000 0.00000 0.00000 0.00000 0.00000 0.00000 0.00000 0.00000 0.00000 0.00000 0.00000 0.00000 0.00000 0.00000 0.00000 0.00000 0.00000 0.00000 0.00000 0.00000 0.00000 0.00000 0.00000 0.00000 0.00000 0.00000 0.00000 0.00000 0.00000 0.00000 0.00000 0.00000 0.00000 0.00000 0.00000 0.00000 0.00000 0.00000 0.00000 0.00000 0.00000 0.00000 0.00000 0.00000 0.00000 0.00000 0.00000 0.00000 0.00000 0.00000 0.00000 0.00000 0.00000 0.00000 0.00000 0.00000 0.00000 0.00000 0.00000 0.00000 0.00000 0.00000 0.00000 0.00000 0.00000 0.00000 0.00000 0.00000 0.00000 0.00000 0.00000 0.00000 0.00000 0.00000 0.00000 0.00000 0.00000 0.00000 0.00000 0.00000 0.00000 0.00000 0.00000 0.00000 0.00000 0.00000 0.00000 0.00000 0.00000 0.00000 0.00000 0.00000 0.00000 0.00000 0.00000 0.00000 0.00000 0.00000 0.00000 0.00000 0.00000 0.00000 0.00000 0.00000 0.00000 0.00000 0.00000 0.00000 0.00000 0.00000 0.00000 0.00000 0.00000 0.00000 0.00000 0.00000 0.00000 0.00000 0.00000 0.00000 0.00000 0.00000 0.00000 0.00000 0.00000 0.00000 0.00000 0.00000 0.00000 0.00000 0.00000 0.00000 0.00000 0.00000 0.00000 0.00000 0.00000 0.00000 0.00000 0.00000 0.00000 0.00000 0.00000 0.00000 0.00000 0.00000 0.00000 0.00000 0.00000 0.00000 0.00000 0.00000 0.00000 0.00000 0.00000 0.00000 0.00000 0.00000 0.00000 0.00000 0.00000 0.00000 0.00000 0.00000 0.00000 0.00000 0.00000 0.00000 0.00000 0.00000 0.00000 0.00000 0.00000 0.00000 0.00000 0.00000 0.00000 0.00000 0.00000 0.00000 0.00000 0.00000 0.00000 0.00000 0.00000 0.00000 0.00000 0.00000 0.00000 0.00000 0.00000 0.00000 0.00000 0.00000 0.00000 0.00000 0.00000 0.00000 0.00000 0.00000 0.00000 0.00000 0.00000 0.00000 0.00000 0.00000 0.00000 0.00000 0.00000 0.00000 0.00000 0.00000 0.00000 0.00000 0.00000 0.00000 0.00000 0.00000 0.00000 0.00000 0.00000 0.00000 0.00000 0.00000 0.00000 0.00000 0.00000 0.00000 0.00000 0.00000 0.00000 0.00000 0.00000 0.00000 0.00000 0.00000 0.00000 0.00000 0.00000 0.00000 0.00000 0.00000 0.00000 0.00000 0.00000 0.00000 0.00000 0.00000 0.00000 0.00000 0.00000 0.00000 0.00000 0.00000 0.00000 0.00000 0.00000 0.00000 0.00000 0.00000 0.00000 0.00000 0.00000 0.00000 0.00000 0.00000 0.00000 0.00000 0.00000 0.00000 0.00000 0.00000 0.00000 0.00000 0.00000 0.00000 0.00000 0.00000 0.00000 0.00000 0.00000
0.00000 0.00000 0.00000 0.00000 0.00000 0.00000 0.00000 0.00000 0.00000 0.00000 0.00000 0.00000 0.00000 0.00000 0.00000 0.00000 0.00000 0.00000 0.00000 0.00000 0.00000 0.00000 0.00000 0.00000 0.00000 0.00000 0.00000 0.00000 0.00000 0.00000 0.00000 0.00000 0.00000 0.00000 0.00000 0.00000 0.00000 0.00000 0.00000 0.00000 0.00000 0.00000 0.00000 0.00000 0.00000 0.00000 0.00000 0.00000 0.00000 0.00000 0.00000 0.00000 0.00000 0.00000 0.00000 0.00000 0.00000 0.00000 0.00000 0.00000 0.00000 0.00000 0.00000 0.00000 0.00000 0.00000 0.00000 0.00000 0.00000 0.00000 0.00000 0.00000 0.00000 0.00000 0.00000 0.00000 0.00000 0.00000 0.00000 0.00000 0.00000 0.00000 0.00000 0.00000 0.00000 0.00000 0.00000 0.00000 0.00000 0.00000 0.00000 0.00000 0.00000 0.00000 0.00000 0.00000 0.00000 0.00000 0.00000 0.00000 0.00000 0.00000 0.00000 0.00000 0.00000 0.00000 0.00000 0.00000 0.00000 0.00000 0.00000 0.00000 0.00000 0.00000 0.00000 0.00000 0.00000 0.00000 0.00000 0.00000 0.00000 0.00000 0.00000 0.00000 0.00000 0.00000 0.00000 0.00000 0.00000 0.00000 0.00000 0.00000 0.00000 0.00000 0.00000 0.00000 0.00000 0.00000 0.00000 0.00000 0.00000 0.00000 0.00000 0.00000 0.00000 0.00000 0.00000 0.00000 0.00000 0.00000 0.00000 0.00000 0.00000 0.00000 0.00000 0.00000 0.00000 0.00000 0.00000 0.00000 0.00000 0.00000 0.00000 0.00000 0.00000 0.00000 0.00000 0.00000 0.00000 0.00000 0.00000 0.00000 0.00000 0.00000 0.00000 0.00000 0.00000 0.00000 0.00000 0.00000 0.00000 0.00000 0.00000 0.00000 0.00000 0.00000 0.00000 0.00000 0.00000 0.00000 0.00000 0.00000 0.00000 0.00000 0.00000 0.00000 0.00000 0.00000 0.00000 0.00000 0.00000 0.00000 0.00000 0.00000 0.00000 0.00000 0.00000 0.00000 0.00000 0.00000 0.00000 0.00000 0.00000 0.00000 0.00000 0.00000 0.00000 0.00000 0.00000 0.00000 0.00000 0.00000 0.00000 0.00000 0.00000 0.00000 0.00000 0.00000 0.00000 0.00000 0.00000 0.00000 0.00000 0.00000 0.00000 0.00000 0.00000 0.00000 0.00000 0.00000 0.00000 0.00000 0.00000 0.00000 0.00000 0.00000 0.00000 0.00000 0.00000 0.00000 0.00000 0.00000 0.00000 0.00000 0.00000 0.00000 0.00000 0.00000 0.00000 0.00000 0.00000 0.00000 0.00000 0.00000 0.00000 0.00000 0.00000 0.00000 0.00000 0.00000 0.00000 0.00000 0.00000 0.00000 0.00000 0.00000 0.00000 0.00000 0.00000 0.00000 0.00000 0.00000 0.00000 0.00000 0.00000 0.00000 0.00000 0.00000 0.00000 0.00000 0.00000 0.00000 0.00000 0.00000 0.00000 0.00000 0.00000 0.00000 0.00000 0.00000 0.00000 0.00000 0.00000 0.00000 0.00000 0.00000 0.00000 0.00000 0.00000 0.00000 0.00000 0.00000 0.00000 0.00000 0.00000 0.00000 0.00000 0.00000 0.00000 0.00000
0.00000 0.00000 0.00000 0.00000 0.00000 0.00000 0.00000 0.00000 0.00000 0.00000 0.00000 0.00000 0.00000 0.00000 0.00000 0.00000 0.00000 0.00000 0.00000 0.00000 0.00000 0.00000 0.00000 0.00000 0.00000 0.00000 0.00000 0.00000 0.00000 0.00000 0.00000 0.00000 0.00000 0.00000 0.00000 0.00000 0.00000 0.00000 0.00000 0.00000 0.00000 0.00000 0.00000 0.00000 0.00000 0.00000 0.00000 0.00000 0.00000 0.00000 0.00000 0.00000 0.00000 0.00000 0.00000 0.00000 0.00000 0.00000 0.00000 0.00000 0.00000 0.00000 0.00000 0.00000 0.00000 0.00000 0.00000 0.00000 0.00000 0.00000 0.00000 0.00000 0.00000 0.00000 0.00000 0.00000 0.00000 0.00000 0.00000 0.00000 0.00000 0.00000 0.00000 0.00000 0.00000 0.00000 0.00000 0.00000 0.00000 0.00000 0.00000 0.00000 0.00000 0.00000 0.00000 0.00000 0.00000 0.00000 0.00000 0.00000 0.00000 0.00000 0.00000 0.00000 0.00000 0.00000 0.00000 0.00000 0.00000 0.00000 0.00000 0.00000 0.00000 0.00000 0.00000 0.00000 0.00000 0.00000 0.00000 0.00000 0.00000 0.00000 0.00000 0.00000 0.00000 0.00000 0.00000 0.00000 0.00000 0.00000 0.00000 0.00000 0.00000 0.00000 0.00000 0.00000 0.00000 0.00000 0.00000 0.00000 0.00000 0.00000 0.00000 0.00000 0.00000 0.00000 0.00000 0.00000 0.00000 0.00000 0.00000 0.00000 0.00000 0.00000 0.00000 0.00000 0.00000 0.00000 0.00000 0.00000 0.00000 0.00000 0.00000 0.00000 0.00000 0.00000 0.00000 0.00000 0.00000 0.00000 0.00000 0.00000 0.00000 0.00000 0.00000 0.00000 0.00000 0.00000 0.00000 0.00000 0.00000 0.00000 0.00000 0.00000 0.00000 0.00000 0.00000 0.00000 0.00000 0.00000 0.00000 0.00000 0.00000 0.00000 0.00000 0.00000 0.00000 0.00000 0.00000 0.00000 0.00000 0.00000 0.00000 0.00000 0.00000 0.00000 0.00000 0.00000 0.00000 0.00000 0.00000 0.00000 0.00000 0.00000 0.00000 0.00000 0.00000 0.00000 0.00000 0.00000 0.00000 0.00000 0.00000 0.00000 0.00000 0.00000 0.00000 0.00000 0.00000 0.00000 0.00000 0.00000 0.00000 0.00000 0.00000 0.00000 0.00000 0.00000 0.00000 0.00000 0.00000 0.00000 0.00000 0.00000 0.00000 0.00000 0.00000 0.00000 0.00000 0.00000 0.00000 0.00000 0.00000 0.00000 0.00000 0.00000 0.00000 0.00000 0.00000 0.00000 0.00000 0.00000 0.00000 0.00000 0.00000 0.00000 0.00000 0.00000 0.00000 0.00000 0.00000 0.00000 0.00000 0.00000 0.00000 0.00000 0.00000 0.00000 0.00000 0.00000 0.00000 0.00000 0.00000 0.00000 0.00000 0.00000 0.00000 0.00000 0.00000 0.00000 0.00000 0.00000 0.00000 0.00000 0.00000 0.00000 0.00000 0.00000 0.00000 0.00000 0.00000 0.00000 0.00000 0.00000 0.00000 0.00000 0.00000 0.00000 0.00000 0.00000 0.00000 0.00000 0.00000 0.00000 0.00000 0.00000 0.00000 0.00000 0.00000 0.00000
0.00000 0.00000 0.00000 0.00000 0.00000 0.00000 0.00000 0.00000 0.00000 0.00000 0.00000 0.00000 0.00000 0.00000 0.00000 0.00000 0.00000 0.00000 0.00000 0.00000 0.00000 0.00000 0.00000 0.00000 0.00000 0.00000 0.00000 0.00000 0.00000 0.00000 0.00000 0.00000 0.00000 0.00000 0.00000 0.00000 0.00000 0.00000 0.00000 0.00000 0.00000 0.00000 0.00000 0.00000 0.00000 0.00000 0.00000 0.00000 0.00000 0.00000 0.00000 0.00000 0.00000 0.00000 0.00000 0.00000 0.00000 0.00000 0.00000 0.00000 0.00000 0.00000 0.00000 0.00000 0.00000 0.00000 0.00000 0.00000 0.00000 0.00000 0.00000 0.00000 0.00000 0.00000 0.00000 0.00000 0.00000 0.00000 0.00000 0.00000 0.00000 0.00000 0.00000 0.00000 0.00000 0.00000 0.00000 0.00000 0.00000 0.00000 0.00000 0.00000 0.00000 0.00000 0.00000 0.00000 0.00000 0.00000 0.00000 0.00000 0.00000 0.00000 0.00000 0.00000 0.00000 0.00000 0.00000 0.00000 0.00000 0.00000 0.00000 0.00000 0.00000 0.00000 0.00000 0.00000 0.00000 0.00000 0.00000 0.00000 0.00000 0.00000 0.00000 0.00000 0.00000 0.00000 0.00000 0.00000 0.00000 0.00000 0.00000 0.00000 0.00000 0.00000 0.00000 0.00000 0.00000 0.00000 0.00000 0.00000 0.00000 0.00000 0.00000 0.00000 0.00000 0.00000 0.00000 0.00000 0.00000 0.00000 0.00000 0.00000 0.00000 0.00000 0.00000 0.00000 0.00000 0.00000 0.00000 0.00000 0.00000 0.00000 0.00000 0.00000 0.00000 0.00000 0.00000 0.00000 0.00000 0.00000 0.00000 0.00000 0.00000 0.00000 0.00000 0.00000 0.00000 0.00000 0.00000 0.00000 0.00000 0.00000 0.00000 0.00000 0.00000 0.00000 0.00000 0.00000 0.00000 0.00000 0.00000 0.00000 0.00000 0.00000 0.00000 0.00000 0.00000 0.00000 0.00000 0.00000 0.00000 0.00000 0.00000 0.00000 0.00000 0.00000 0.00000 0.00000 0.00000 0.00000 0.00000 0.00000 0.00000 0.00000 0.00000 0.00000 0.00000 0.00000 0.00000 0.00000 0.00000 0.00000 0.00000 0.00000 0.00000 0.00000 0.00000 0.00000 0.00000 0.00000 0.00000 0.00000 0.00000 0.00000 0.00000 0.00000 0.00000 0.00000 0.00000 0.00000 0.00000 0.00000 0.00000 0.00000 0.00000 0.00000 0.00000 0.00000 0.00000 0.00000 0.00000 0.00000 0.00000 0.00000 0.00000 0.00000 0.00000 0.00000 0.00000 0.00000 0.00000 0.00000 0.00000 0.00000 0.00000 0.00000 0.00000 0.00000 0.00000 0.00000 0.00000 0.00000 0.00000 0.00000 0.00000 0.00000 0.00000 0.00000 0.00000 0.00000 0.00000 0.00000 0.00000 0.00000 0.00000 0.00000 0.00000 0.00000 0.00000 0.00000 0.00000 0.00000 0.00000 0.00000 0.00000 0.00000 0.00000 0.00000 0.00000 0.00000 0.00000 0.00000 0.00000 0.00000 0.00000 0.00000 0.00000 0.00000 0.00000 0.00000 0.00000 0.00000 0.00000 0.00000 0.00000 0.00000 0.00000 0.00000 0.00000 0.00000
0.00000 0.00000 0.00000 0.00000 0.00000 0.00000 0.00000 0.00000 0.00000 0.00000 0.00000 0.00000 0.00000 0.00000 0.00000 0.00000 0.00000 0.00000 0.00000 0.00000 0.00000 0.00000 0.00000 0.00000 0.00000 0.00000 0.00000 0.00000 0.00000 0.00000 0.00000 0.00000 0.00000 0.00000 0.00000 0.00000 0.00000 0.00000 0.00000 0.00000 0.00000 0.00000 0.00000 0.00000 0.00000 0.00000 0.00000 0.00000 0.00000 0.00000 0.00000 0.00000 0.00000 0.00000 0.00000 0.00000 0.00000 0.00000 0.00000 0.00000 0.00000 0.00000 0.00000 0.00000 0.00000 0.00000 0.00000 0.00000 0.00000 0.00000 0.00000 0.00000 0.00000 0.00000 0.00000 0.00000 0.00000 0.00000 0.00000 0.00000 0.00000 0.00000 0.00000 0.00000 0.00000 0.00000 0.00000 0.00000 0.00000 0.00000 0.00000 0.00000 0.00000 0.00000 0.00000 0.00000 0.00000 0.00000 0.00000 0.00000 0.00000 0.00000 0.00000 0.00000 0.00000 0.00000 0.00000 0.00000 0.00000 0.00000 0.00000 0.00000 0.00000 0.00000 0.00000 0.00000 0.00000 0.00000 0.00000 0.00000 0.00000 0.00000 0.00000 0.00000 0.00000 0.00000 0.00000 0.00000 0.00000 0.00000 0.00000 0.00000 0.00000 0.00000 0.00000 0.00000 0.00000 0.00000 0.00000 0.00000 0.00000 0.00000 0.00000 0.00000 0.00000 0.00000 0.00000 0.00000 0.00000 0.00000 0.00000 0.00000 0.00000 0.00000 0.00000 0.00000 0.00000 0.00000 0.00000 0.00000 0.00000 0.00000 0.00000 0.00000 0.00000 0.00000 0.00000 0.00000 0.00000 0.00000 0.00000 0.00000 0.00000 0.00000 0.00000 0.00000 0.00000 0.00000 0.00000 0.00000 0.00000 0.00000 0.00000 0.00000 0.00000 0.00000 0.00000 0.00000 0.00000 0.00000 0.00000 0.00000 0.00000 0.00000 0.00000 0.00000 0.00000 0.00000 0.00000 0.00000 0.00000 0.00000 0.00000 0.00000 0.00000 0.00000 0.00000 0.00000 0.00000 0.00000 0.00000 0.00000 0.00000 0.00000 0.00000 0.00000 0.00000 0.00000 0.00000 0.00000 0.00000 0.00000 0.00000 0.00000 0.00000 0.00000 0.00000 0.00000 0.00000 0.00000 0.00000 0.00000 0.00000 0.00000 0.00000 0.00000 0.00000 0.00000 0.00000 0.00000 0.00000 0.00000 0.00000 0.00000 0.00000 0.00000 0.00000 0.00000 0.00000 0.00000 0.00000 0.00000 0.00000 0.00000 0.00000 0.00000 0.00000 0.00000 0.00000 0.00000 0.00000 0.00000 0.00000 0.00000 0.00000 0.00000 0.00000 0.00000 0.00000 0.00000 0.00000 0.00000 0.00000 0.00000 0.00000 0.00000 0.00000 0.00000 0.00000 0.00000 0.00000 0.00000 0.00000 0.00000 0.00000 0.00000 0.00000 0.00000 0.00000 0.00000 0.00000 0.00000 0.00000 0.00000 0.00000 0.00000 0.00000 0.00000 0.00000 0.00000 0.00000 0.00000 0.00000 0.00000 0.00000 0.00000 0.00000 0.00000 0.00000 0.00000 0.00000 0.00000 0.00000 0.00000 0.00000 0.00000 0.00000 0.00000 0.00000 0.00000
0.00000 0.00000 0.00000 0.00000 0.00000 0.00000 0.00000 0.00000 0.00000 0.00000 0.00000 0.00000 0.00000 0.00000 0.00000 0.00000 0.00000 0.00000 0.00000 0.00000 0.00000 0.00000 0.00000 0.00000 0.00000 0.00000 0.00000 0.00000 0.00000 0.00000 0.00000 0.00000 0.00000 0.00000 0.00000 0.00000 0.00000 0.00000 0.00000 0.00000 0.00000 0.00000 0.00000 0.00000 0.00000 0.00000 0.00000 0.00000 0.00000 0.00000 0.00000 0.00000 0.00000 0.00000 0.00000 0.00000 0.00000 0.00000 0.00000 0.00000 0.00000 0.00000 0.00000 0.00000 0.00000 0.00000 0.00000 0.00000 0.00000 0.00000 0.00000 0.00000 0.00000 0.00000 0.00000 0.00000 0.00000 0.00000 0.00000 0.00000 0.00000 0.00000 0.00000 0.00000 0.00000 0.00000 0.00000 0.00000 0.00000 0.00000 0.00000 0.00000 0.00000 0.00000 0.00000 0.00000 0.00000 0.00000 0.00000 0.00000 0.00000 0.00000 0.00000 0.00000 0.00000 0.00000 0.00000 0.00000 0.00000 0.00000 0.00000 0.00000 0.00000 0.00000 0.00000 0.00000 0.00000 0.00000 0.00000 0.00000 0.00000 0.00000 0.00000 0.00000 0.00000 0.00000 0.00000 0.00000 0.00000 0.00000 0.00000 0.00000 0.00000 0.00000 0.00000 0.00000 0.00000 0.00000 0.00000 0.00000 0.00000 0.00000 0.00000 0.00000 0.00000 0.00000 0.00000 0.00000 0.00000 0.00000 0.00000 0.00000 0.00000 0.00000 0.00000 0.00000 0.00000 0.00000 0.00000 0.00000 0.00000 0.00000 0.00000 0.00000 0.00000 0.00000 0.00000 0.00000 0.00000 0.00000 0.00000 0.00000 0.00000 0.00000 0.00000 0.00000 0.00000 0.00000 0.00000 0.00000 0.00000 0.00000 0.00000 0.00000 0.00000 0.00000 0.00000 0.00000 0.00000 0.00000 0.00000 0.00000 0.00000 0.00000 0.00000 0.00000 0.00000 0.00000 0.00000 0.00000 0.00000 0.00000 0.00000 0.00000 0.00000 0.00000 0.00000 0.00000 0.00000 0.00000 0.00000 0.00000 0.00000 0.00000 0.00000 0.00000 0.00000 0.00000 0.00000 0.00000 0.00000 0.00000 0.00000 0.00000 0.00000 0.00000 0.00000 0.00000 0.00000 0.00000 0.00000 0.00000 0.00000 0.00000 0.00000 0.00000 0.00000 0.00000 0.00000 0.00000 0.00000 0.00000 0.00000 0.00000 0.00000 0.00000 0.00000 0.00000 0.00000 0.00000 0.00000 0.00000 0.00000 0.00000 0.00000 0.00000 0.00000 0.00000 0.00000 0.00000 0.00000 0.00000 0.00000 0.00000 0.00000 0.00000 0.00000 0.00000 0.00000 0.00000 0.00000 0.00000 0.00000 0.00000 0.00000 0.00000 0.00000 0.00000 0.00000 0.00000 0.00000 0.00000 0.00000 0.00000 0.00000 0.00000 0.00000 0.00000 0.00000 0.00000 0.00000 0.00000 0.00000 0.00000 0.00000 0.00000 0.00000 0.00000 0.00000 0.00000 0.00000 0.00000 0.00000 0.00000 0.00000 0.00000 0.00000 0.00000 0.00000 0.00000 0.00000 0.00000 0.00000 0.00000 0.00000 0.00000 0.00000 0.00000 0.00000 0.00000
0.00000 0.00000 0.00000 0.00000 0.00000 0.00000 0.00000 0.00000 0.00000 0.00000 0.00000 0.00000 0.00000 0.00000 0.00000 0.00000 0.00000 0.00000 0.00000 0.00000 0.00000 0.00000 0.00000 0.00000 0.00000 0.00000 0.00000 0.00000 0.00000 0.00000 0.00000 0.00000 0.00000 0.00000 0.00000 0.00000 0.00000 0.00000 0.00000 0.00000 0.00000 0.00000 0.00000 0.00000 0.00000 0.00000 0.00000 0.00000 0.00000 0.00000 0.00000 0.00000 0.00000 0.00000 0.00000 0.00000 0.00000 0.00000 0.00000 0.00000 0.00000 0.00000 0.00000 0.00000 0.00000 0.00000 0.00000 0.00000 0.00000 0.00000 0.00000 0.00000 0.00000 0.00000 0.00000 0.00000 0.00000 0.00000 0.00000 0.00000 0.00000 0.00000 0.00000 0.00000 0.00000 0.00000 0.00000 0.00000 0.00000 0.00000 0.00000 0.00000 0.00000 0.00000 0.00000 0.00000 0.00000 0.00000 0.00000 0.00000 0.00000 0.00000 0.00000 0.00000 0.00000 0.00000 0.00000 0.00000 0.00000 0.00000 0.00000 0.00000 0.00000 0.00000 0.00000 0.00000 0.00000 0.00000 0.00000 0.00000 0.00000 0.00000 0.00000 0.00000 0.00000 0.00000 0.00000 0.00000 0.00000 0.00000 0.00000 0.00000 0.00000 0.00000 0.00000 0.00000 0.00000 0.00000 0.00000 0.00000 0.00000 0.00000 0.00000 0.00000 0.00000 0.00000 0.00000 0.00000 0.00000 0.00000 0.00000 0.00000 0.00000 0.00000 0.00000 0.00000 0.00000 0.00000 0.00000 0.00000 0.00000 0.00000 0.00000 0.00000 0.00000 0.00000 0.00000 0.00000 0.00000 0.00000 0.00000 0.00000 0.00000 0.00000 0.00000 0.00000 0.00000 0.00000 0.00000 0.00000 0.00000 0.00000 0.00000 0.00000 0.00000 0.00000 0.00000 0.00000 0.00000 0.00000 0.00000 0.00000 0.00000 0.00000 0.00000 0.00000 0.00000 0.00000 0.00000 0.00000 0.00000 0.00000 0.00000 0.00000 0.00000 0.00000 0.00000 0.00000 0.00000 0.00000 0.00000 0.00000 0.00000 0.00000 0.00000 0.00000 0.00000 0.00000 0.00000 0.00000 0.00000 0.00000 0.00000 0.00000 0.00000 0.00000 0.00000 0.00000 0.00000 0.00000 0.00000 0.00000 0.00000 0.00000 0.00000 0.00000 0.00000 0.00000 0.00000 0.00000 0.00000 0.00000 0.00000 0.00000 0.00000 0.00000 0.00000 0.00000 0.00000 0.00000 0.00000 0.00000 0.00000 0.00000 0.00000 0.00000 0.00000 0.00000 0.00000 0.00000 0.00000 0.00000 0.00000 0.00000 0.00000 0.00000 0.00000 0.00000 0.00000 0.00000 0.00000 0.00000 0.00000 0.00000 0.00000 0.00000 0.00000 0.00000 0.00000 0.00000 0.00000 0.00000 0.00000 0.00000 0.00000 0.00000 0.00000 0.00000 0.00000 0.00000 0.00000 0.00000 0.00000 0.00000 0.00000 0.00000 0.00000 0.00000 0.00000 0.00000 0.00000 0.00000 0.00000 0.00000 0.00000 0.00000 0.00000 0.00000 0.00000 0.00000 0.00000 0.00000 0.00000 0.00000 0.00000 0.00000 0.00000 0.00000 0.00000 0.00000
0.00000 0.00000 0.00000 0.00000 0.00000 0.00000 0.00000 0.00000 0.00000 0.00000 0.00000 0.00000 0.00000 0.00000 0.00000 0.00000 0.00000 0.00000 0.00000 0.00000 0.00000 0.00000 0.00000 0.00000 0.00000 0.00000 0.00000 0.00000 0.00000 0.00000 0.00000 0.00000 0.00000 0.00000 0.00000 0.00000 0.00000 0.00000 0.00000 0.00000 0.00000 0.00000 0.00000 0.00000 0.00000 0.00000 0.00000 0.00000 0.00000 0.00000 0.00000 0.00000 0.00000 0.00000 0.00000 0.00000 0.00000 0.00000 0.00000 0.00000 0.00000 0.00000 0.00000 0.00000 0.00000 0.00000 0.00000 0.00000 0.00000 0.00000 0.00000 0.00000 0.00000 0.00000 0.00000 0.00000 0.00000 0.00000 0.00000 0.00000 0.00000 0.00000 0.00000 0.00000 0.00000 0.00000 0.00000 0.00000 0.00000 0.00000 0.00000 0.00000 0.00000 0.00000 0.00000 0.00000 0.00000 0.00000 0.00000 0.00000 0.00000 0.00000 0.00000 0.00000 0.00000 0.00000 0.00000 0.00000 0.00000 0.00000 0.00000 0.00000 0.00000 0.00000 0.00000 0.00000 0.00000 0.00000 0.00000 0.00000 0.00000 0.00000 0.00000 0.00000 0.00000 0.00000 0.00000 0.00000 0.00000 0.00000 0.00000 0.00000 0.00000 0.00000 0.00000 0.00000 0.00000 0.00000 0.00000 0.00000 0.00000 0.00000 0.00000 0.00000 0.00000 0.00000 0.00000 0.00000 0.00000 0.00000 0.00000 0.00000 0.00000 0.00000 0.00000 0.00000 0.00000 0.00000 0.00000 0.00000 0.00000 0.00000 0.00000 0.00000 0.00000 0.00000 0.00000 0.00000 0.00000 0.00000 0.00000 0.00000 0.00000 0.00000 0.00000 0.00000 0.00000 0.00000 0.00000 0.00000 0.00000 0.00000 0.00000 0.00000 0.00000 0.00000 0.00000 0.00000 0.00000 0.00000 0.00000 0.00000 0.00000 0.00000 0.00000 0.00000 0.00000 0.00000 0.00000 0.00000 0.00000 0.00000 0.00000 0.00000 0.00000 0.00000 0.00000 0.00000 0.00000 0.00000 0.00000 0.00000 0.00000 0.00000 0.00000 0.00000 0.00000 0.00000 0.00000 0.00000 0.00000 0.00000 0.00000 0.00000 0.00000 0.00000 0.00000 0.00000 0.00000 0.00000 0.00000 0.00000 0.00000 0.00000 0.00000 0.00000 0.00000 0.00000 0.00000 0.00000 0.00000 0.00000 0.00000 0.00000 0.00000 0.00000 0.00000 0.00000 0.00000 0.00000 0.00000 0.00000 0.00000 0.00000 0.00000 0.00000 0.00000 0.00000 0.00000 0.00000 0.00000 0.00000 0.00000 0.00000 0.00000 0.00000 0.00000 0.00000 0.00000 0.00000 0.00000 0.00000 0.00000 0.00000 0.00000 0.00000 0.00000 0.00000 0.00000 0.00000 0.00000 0.00000 0.00000 0.00000 0.00000 0.00000 0.00000 0.00000 0.00000 0.00000 0.00000 0.00000 0.00000 0.00000 0.00000 0.00000 0.00000 0.00000 0.00000 0.00000 0.00000 0.00000 0.00000 0.00000 0.00000 0.00000 0.00000 0.00000 0.00000 0.00000 0.00000 0.00000 0.00000 0.00000 0.00000 0.00000 0.00000 0.00000 0.00000 0.00000
0.00000 0.00000 0.00000 0.00000 0.00000 0.00000 0.00000 0.00000 0.00000 0.00000 0.00000 0.00000 0.00000 0.00000 0.00000 0.00000 0.00000 0.00000 0.00000 0.00000 0.00000 0.00000 0.00000 0.00000 0.00000 0.00000 0.00000 0.00000 0.00000 0.00000 0.00000 0.00000 0.00000 0.00000 0.00000 0.00000 0.00000 0.00000 0.00000 0.00000 0.00000 0.00000 0.00000 0.00000 0.00000 0.00000 0.00000 0.00000 0.00000 0.00000 0.00000 0.00000 0.00000 0.00000 0.00000 0.00000 0.00000 0.00000 0.00000 0.00000 0.00000 0.00000 0.00000 0.00000 0.00000 0.00000 0.00000 0.00000 0.00000 0.00000 0.00000 0.00000 0.00000 0.00000 0.00000 0.00000 0.00000 0.00000 0.00000 0.00000 0.00000 0.00000 0.00000 0.00000 0.00000 0.00000 0.00000 0.00000 0.00000 0.00000 0.00000 0.00000 0.00000 0.00000 0.00000 0.00000 0.00000 0.00000 0.00000 0.00000 0.00000 0.00000 0.00000 0.00000 0.00000 0.00000 0.00000 0.00000 0.00000 0.00000 0.00000 0.00000 0.00000 0.00000 0.00000 0.00000 0.00000 0.00000 0.00000 0.00000 0.00000 0.00000 0.00000 0.00000 0.00000 0.00000 0.00000 0.00000 0.00000 0.00000 0.00000 0.00000 0.00000 0.00000 0.00000 0.00000 0.00000 0.00000 0.00000 0.00000 0.00000 0.00000 0.00000 0.00000 0.00000 0.00000 0.00000 0.00000 0.00000 0.00000 0.00000 0.00000 0.00000 0.00000 0.00000 0.00000 0.00000 0.00000 0.00000 0.00000 0.00000 0.00000 0.00000 0.00000 0.00000 0.00000 0.00000 0.00000 0.00000 0.00000 0.00000 0.00000 0.00000 0.00000 0.00000 0.00000 0.00000 0.00000 0.00000 0.00000 0.00000 0.00000 0.00000 0.00000 0.00000 0.00000 0.00000 0.00000 0.00000 0.00000 0.00000 0.00000 0.00000 0.00000 0.00000 0.00000 0.00000 0.00000 0.00000 0.00000 0.00000 0.00000 0.00000 0.00000 0.00000 0.00000 0.00000 0.00000 0.00000 0.00000 0.00000 0.00000 0.00000 0.00000 0.00000 0.00000 0.00000 0.00000 0.00000 0.00000 0.00000 0.00000 0.00000 0.00000 0.00000 0.00000 0.00000 0.00000 0.00000 0.00000 0.00000 0.00000 0.00000 0.00000 0.00000 0.00000 0.00000 0.00000 0.00000 0.00000 0.00000 0.00000 0.00000 0.00000 0.00000 0.00000 0.00000 0.00000 0.00000 0.00000 0.00000 0.00000 0.00000 0.00000 0.00000 0.00000 0.00000 0.00000 0.00000 0.00000 0.00000 0.00000 0.00000 0.00000 0.00000 0.00000 0.00000 0.00000 0.00000 0.00000 0.00000 0.00000 0.00000 0.00000 0.00000 0.00000 0.00000 0.00000 0.00000 0.00000 0.00000 0.00000 0.00000 0.00000 0.00000 0.00000 0.00000 0.00000 0.00000 0.00000 0.00000 0.00000 0.00000 0.00000 0.00000 0.00000 0.00000 0.00000 0.00000 0.00000 0.00000 0.00000 0.00000 0.00000 0.00000 0.00000 0.00000 0.00000 0.00000 0.00000 0.00000 0.00000 0.00000 0.00000 0.00000 0.00000 0.00000 0.00000 0.00000 0.00000
0.00000 0.00000 0.00000 0.00000 0.00000 0.00000 0.00000 0.00000 0.00000 0.00000 0.00000 0.00000 0.00000 0.00000 0.00000 0.00000 0.00000 0.00000 0.00000 0.00000 0.00000 0.00000 0.00000 0.00000 0.00000 0.00000 0.00000 0.00000 0.00000 0.00000 0.00000 0.00000 0.00000 0.00000 0.00000 0.00000 0.00000 0.00000 0.00000 0.00000 0.00000 0.00000 0.00000 0.00000 0.00000 0.00000 0.00000 0.00000 0.00000 0.00000 0.00000 0.00000 0.00000 0.00000 0.00000 0.00000 0.00000 0.00000 0.00000 0.00000 0.00000 0.00000 0.00000 0.00000 0.00000 0.00000 0.00000 0.00000 0.00000 0.00000 0.00000 0.00000 0.00000 0.00000 0.00000 0.00000 0.00000 0.00000 0.00000 0.00000 0.00000 0.00000 0.00000 0.00000 0.00000 0.00000 0.00000 0.00000 0.00000 0.00000 0.00000 0.00000 0.00000 0.00000 0.00000 0.00000 0.00000 0.00000 0.00000 0.00000 0.00000 0.00000 0.00000 0.00000 0.00000 0.00000 0.00000 0.00000 0.00000 0.00000 0.00000 0.00000 0.00000 0.00000 0.00000 0.00000 0.00000 0.00000 0.00000 0.00000 0.00000 0.00000 0.00000 0.00000 0.00000 0.00000 0.00000 0.00000 0.00000 0.00000 0.00000 0.00000 0.00000 0.00000 0.00000 0.00000 0.00000 0.00000 0.00000 0.00000 0.00000 0.00000 0.00000 0.00000 0.00000 0.00000 0.00000 0.00000 0.00000 0.00000 0.00000 0.00000 0.00000 0.00000 0.00000 0.00000 0.00000 0.00000 0.00000 0.00000 0.00000 0.00000 0.00000 0.00000 0.00000 0.00000 0.00000 0.00000 0.00000 0.00000 0.00000 0.00000 0.00000 0.00000 0.00000 0.00000 0.00000 0.00000 0.00000 0.00000 0.00000 0.00000 0.00000 0.00000 0.00000 0.00000 0.00000 0.00000 0.00000 0.00000 0.00000 0.00000 0.00000 0.00000 0.00000 0.00000 0.00000 0.00000 0.00000 0.00000 0.00000 0.00000 0.00000 0.00000 0.00000 0.00000 0.00000 0.00000 0.00000 0.00000 0.00000 0.00000 0.00000 0.00000 0.00000 0.00000 0.00000 0.00000 0.00000 0.00000 0.00000 0.00000 0.00000 0.00000 0.00000 0.00000 0.00000 0.00000 0.00000 0.00000 0.00000 0.00000 0.00000 0.00000 0.00000 0.00000 0.00000 0.00000 0.00000 0.00000 0.00000 0.00000 0.00000 0.00000 0.00000 0.00000 0.00000 0.00000 0.00000 0.00000 0.00000 0.00000 0.00000 0.00000 0.00000 0.00000 0.00000 0.00000 0.00000 0.00000 0.00000 0.00000 0.00000 0.00000 0.00000 0.00000 0.00000 0.00000 0.00000 0.00000 0.00000 0.00000 0.00000 0.00000 0.00000 0.00000 0.00000 0.00000 0.00000 0.00000 0.00000 0.00000 0.00000 0.00000 0.00000 0.00000 0.00000 0.00000 0.00000 0.00000 0.00000 0.00000 0.00000 0.00000 0.00000 0.00000 0.00000 0.00000 0.00000 0.00000 0.00000 0.00000 0.00000 0.00000 0.00000 0.00000 0.00000 0.00000 0.00000 0.00000 0.00000 0.00000 0.00000 0.00000 0.00000 0.00000 0.00000 0.00000 0.00000 0.00000
0.00000 0.00000 0.00000 0.00000 0.00000 0.00000 0.00000 0.00000 0.00000 0.00000 0.00000 0.00000 0.00000 0.00000 0.00000 0.00000 0.00000 0.00000 0.00000 0.00000 0.00000 0.00000 0.00000 0.00000 0.00000 0.00000 0.00000 0.00000 0.00000 0.00000 0.00000 0.00000 0.00000 0.00000 0.00000 0.00000 0.00000 0.00000 0.00000 0.00000 0.00000 0.00000 0.00000 0.00000 0.00000 0.00000 0.00000 0.00000 0.00000 0.00000 0.00000 0.00000 0.00000 0.00000 0.00000 0.00000 0.00000 0.00000 0.00000 0.00000 0.00000 0.00000 0.00000 0.00000 0.00000 0.00000 0.00000 0.00000 0.00000 0.00000 0.00000 0.00000 0.00000 0.00000 0.00000 0.00000 0.00000 0.00000 0.00000 0.00000 0.00000 0.00000 0.00000 0.00000 0.00000 0.00000 0.00000 0.00000 0.00000 0.00000 0.00000 0.00000 0.00000 0.00000 0.00000 0.00000 0.00000 0.00000 0.00000 0.00000 0.00000 0.00000 0.00000 0.00000 0.00000 0.00000 0.00000 0.00000 0.00000 0.00000 0.00000 0.00000 0.00000 0.00000 0.00000 0.00000 0.00000 0.00000 0.00000 0.00000 0.00000 0.00000 0.00000 0.00000 0.00000 0.00000 0.00000 0.00000 0.00000 0.00000 0.00000 0.00000 0.00000 0.00000 0.00000 0.00000 0.00000 0.00000 0.00000 0.00000 0.00000 0.00000 0.00000 0.00000 0.00000 0.00000 0.00000 0.00000 0.00000 0.00000 0.00000 0.00000 0.00000 0.00000 0.00000 0.00000 0.00000 0.00000 0.00000 0.00000 0.00000 0.00000 0.00000 0.00000 0.00000 0.00000 0.00000 0.00000 0.00000 0.00000 0.00000 0.00000 0.00000 0.00000 0.00000 0.00000 0.00000 0.00000 0.00000 0.00000 0.00000 0.00000 0.00000 0.00000 0.00000 0.00000 0.00000 0.00000 0.00000 0.00000 0.00000 0.00000 0.00000 0.00000 0.00000 0.00000 0.00000 0.00000 0.00000 0.00000 0.00000 0.00000 0.00000 0.00000 0.00000 0.00000 0.00000 0.00000 0.00000 0.00000 0.00000 0.00000 0.00000 0.00000 0.00000 0.00000 0.00000 0.00000 0.00000 0.00000 0.00000 0.00000 0.00000 0.00000 0.00000 0.00000 0.00000 0.00000 0.00000 0.00000 0.00000 0.00000 0.00000 0.00000 0.00000 0.00000 0.00000 0.00000 0.00000 0.00000 0.00000 0.00000 0.00000 0.00000 0.00000 0.00000 0.00000 0.00000 0.00000 0.00000 0.00000 0.00000 0.00000 0.00000 0.00000 0.00000 0.00000 0.00000 0.00000 0.00000 0.00000 0.00000 0.00000 0.00000 0.00000 0.00000 0.00000 0.00000 0.00000 0.00000 0.00000 0.00000 0.00000 0.00000 0.00000 0.00000 0.00000 0.00000 0.00000 0.00000 0.00000 0.00000 0.00000 0.00000 0.00000 0.00000 0.00000 0.00000 0.00000 0.00000 0.00000 0.00000 0.00000 0.00000 0.00000 0.00000 0.00000 0.00000 0.00000 0.00000 0.00000 0.00000 0.00000 0.00000 0.00000 0.00000 0.00000 0.00000 0.00000 0.00000 0.00000 0.00000 0.00000 0.00000 0.00000 0.00000 0.00000 0.00000 0.00000 0.00000
0.00000 0.00000 0.00000 0.00000 0.00000 0.00000 0.00000 0.00000 0.00000 0.00000 0.00000 0.00000 0.00000 0.00000 0.00000 0.00000 0.00000 0.00000 0.00000 0.00000 0.00000 0.00000 0.00000 0.00000 0.00000 0.00000 0.00000 0.00000 0.00000 0.00000 0.00000 0.00000 0.00000 0.00000 0.00000 0.00000 0.00000 0.00000 0.00000 0.00000 0.00000 0.00000 0.00000 0.00000 0.00000 0.00000 0.00000 0.00000 0.00000 0.00000 0.00000 0.00000 0.00000 0.00000 0.00000 0.00000 0.00000 0.00000 0.00000 0.00000 0.00000 0.00000 0.00000 0.00000 0.00000 0.00000 0.00000 0.00000 0.00000 0.00000 0.00000 0.00000 0.00000 0.00000 0.00000 0.00000 0.00000 0.00000 0.00000 0.00000 0.00000 0.00000 0.00000 0.00000 0.00000 0.00000 0.00000 0.00000 0.00000 0.00000 0.00000 0.00000 0.00000 0.00000 0.00000 0.00000 0.00000 0.00000 0.00000 0.00000 0.00000 0.00000 0.00000 0.00000 0.00000 0.00000 0.00000 0.00000 0.00000 0.00000 0.00000 0.00000 0.00000 0.00000 0.00000 0.00000 0.00000 0.00000 0.00000 0.00000 0.00000 0.00000 0.00000 0.00000 0.00000 0.00000 0.00000 0.00000 0.00000 0.00000 0.00000 0.00000 0.00000 0.00000 0.00000 0.00000 0.00000 0.00000 0.00000 0.00000 0.00000 0.00000 0.00000 0.00000 0.00000 0.00000 0.00000 0.00000 0.00000 0.00000 0.00000 0.00000 0.00000 0.00000 0.00000 0.00000 0.00000 0.00000 0.00000 0.00000 0.00000 0.00000 0.00000 0.00000 0.00000 0.00000 0.00000 0.00000 0.00000 0.00000 0.00000 0.00000 0.00000 0.00000 0.00000 0.00000 0.00000 0.00000 0.00000 0.00000 0.00000 0.00000 0.00000 0.00000 0.00000 0.00000 0.00000 0.00000 0.00000 0.00000 0.00000 0.00000 0.00000 0.00000 0.00000 0.00000 0.00000 0.00000 0.00000 0.00000 0.00000 0.00000 0.00000 0.00000 0.00000 0.00000 0.00000 0.00000 0.00000 0.00000 0.00000 0.00000 0.00000 0.00000 0.00000 0.00000 0.00000 0.00000 0.00000 0.00000 0.00000 0.00000 0.00000 0.00000 0.00000 0.00000 0.00000 0.00000 0.00000 0.00000 0.00000 0.00000 0.00000 0.00000 0.00000 0.00000 0.00000 0.00000 0.00000 0.00000 0.00000 0.00000 0.00000 0.00000 0.00000 0.00000 0.00000 0.00000 0.00000 0.00000 0.00000 0.00000 0.00000 0.00000 0.00000 0.00000 0.00000 0.00000 0.00000 0.00000 0.00000 0.00000 0.00000 0.00000 0.00000 0.00000 0.00000 0.00000 0.00000 0.00000 0.00000 0.00000 0.00000 0.00000 0.00000 0.00000 0.00000 0.00000 0.00000 0.00000 0.00000 0.00000 0.00000 0.00000 0.00000 0.00000 0.00000 0.00000 0.00000 0.00000 0.00000 0.00000 0.00000 0.00000 0.00000 0.00000 0.00000 0.00000 0.00000 0.00000 0.00000 0.00000 0.00000 0.00000 0.00000 0.00000 0.00000 0.00000 0.00000 0.00000 0.00000 0.00000 0.00000 0.00000 0.00000 0.00000 0.00000 0.00000 0.00000 0.00000
0.00000 0.00000 0.00000 0.00000 0.00000 0.00000 0.00000 0.00000 0.00000 0.00000 0.00000 0.00000 0.00000 0.00000 0.00000 0.00000 0.00000 0.00000 0.00000 0.00000 0.00000 0.00000 0.00000 0.00000 0.00000 0.00000 0.00000 0.00000 0.00000 0.00000 0.00000 0.00000 0.00000 0.00000 0.00000 0.00000 0.00000 0.00000 0.00000 0.00000 0.00000 0.00000 0.00000 0.00000 0.00000 0.00000 0.00000 0.00000 0.00000 0.00000 0.00000 0.00000 0.00000 0.00000 0.00000 0.00000 0.00000 0.00000 0.00000 0.00000 0.00000 0.00000 0.00000 0.00000 0.00000 0.00000 0.00000 0.00000 0.00000 0.00000 0.00000 0.00000 0.00000 0.00000 0.00000 0.00000 0.00000 0.00000 0.00000 0.00000 0.00000 0.00000 0.00000 0.00000 0.00000 0.00000 0.00000 0.00000 0.00000 0.00000 0.00000 0.00000 0.00000 0.00000 0.00000 0.00000 0.00000 0.00000 0.00000 0.00000 0.00000 0.00000 0.00000 0.00000 0.00000 0.00000 0.00000 0.00000 0.00000 0.00000 0.00000 0.00000 0.00000 0.00000 0.00000 0.00000 0.00000 0.00000 0.00000 0.00000 0.00000 0.00000 0.00000 0.00000 0.00000 0.00000 0.00000 0.00000 0.00000 0.00000 0.00000 0.00000 0.00000 0.00000 0.00000 0.00000 0.00000 0.00000 0.00000 0.00000 0.00000 0.00000 0.00000 0.00000 0.00000 0.00000 0.00000 0.00000 0.00000 0.00000 0.00000 0.00000 0.00000 0.00000 0.00000 0.00000 0.00000 0.00000 0.00000 0.00000 0.00000 0.00000 0.00000 0.00000 0.00000 0.00000 0.00000 0.00000 0.00000 0.00000 0.00000 0.00000 0.00000 0.00000 0.00000 0.00000 0.00000 0.00000 0.00000 0.00000 0.00000 0.00000 0.00000 0.00000 0.00000 0.00000 0.00000 0.00000 0.00000 0.00000 0.00000 0.00000 0.00000 0.00000 0.00000 0.00000 0.00000 0.00000 0.00000 0.00000 0.00000 0.00000 0.00000 0.00000 0.00000 0.00000 0.00000 0.00000 0.00000 0.00000 0.00000 0.00000 0.00000 0.00000 0.00000 0.00000 0.00000 0.00000 0.00000 0.00000 0.00000 0.00000 0.00000 0.00000 0.00000 0.00000 0.00000 0.00000 0.00000 0.00000 0.00000 0.00000 0.00000 0.00000 0.00000 0.00000 0.00000 0.00000 0.00000 0.00000 0.00000 0.00000 0.00000 0.00000 0.00000 0.00000 0.00000 0.00000 0.00000 0.00000 0.00000 0.00000 0.00000 0.00000 0.00000 0.00000 0.00000 0.00000 0.00000 0.00000 0.00000 0.00000 0.00000 0.00000 0.00000 0.00000 0.00000 0.00000 0.00000 0.00000 0.00000 0.00000 0.00000 0.00000 0.00000 0.00000 0.00000 0.00000 0.00000 0.00000 0.00000 0.00000 0.00000 0.00000 0.00000 0.00000 0.00000 0.00000 0.00000 0.00000 0.00000 0.00000 0.00000 0.00000 0.00000 0.00000 0.00000 0.00000 0.00000 0.00000 0.00000 0.00000 0.00000 0.00000 0.00000 0.00000 0.00000 0.00000 0.00000 0.00000 0.00000 0.00000 0.00000 0.00000 0.00000 0.00000 0.00000 0.00000 0.00000 0.00000
0.00000 0.00000 0.00000 0.00000 0.00000 0.00000 0.00000 0.00000 0.00000 0.00000 0.00000 0.00000 0.00000 0.00000 0.00000 0.00000 0.00000 0.00000 0.00000 0.00000 0.00000 0.00000 0.00000 0.00000 0.00000 0.00000 0.00000 0.00000 0.00000 0.00000 0.00000 0.00000 0.00000 0.00000 0.00000 0.00000 0.00000 0.00000 0.00000 0.00000 0.00000 0.00000 0.00000 0.00000 0.00000 0.00000 0.00000 0.00000 0.00000 0.00000 0.00000 0.00000 0.00000 0.00000 0.00000 0.00000 0.00000 0.00000 0.00000 0.00000 0.00000 0.00000 0.00000 0.00000 0.00000 0.00000 0.00000 0.00000 0.00000 0.00000 0.00000 0.00000 0.00000 0.00000 0.00000 0.00000 0.00000 0.00000 0.00000 0.00000 0.00000 0.00000 0.00000 0.00000 0.00000 0.00000 0.00000 0.00000 0.00000 0.00000 0.00000 0.00000 0.00000 0.00000 0.00000 0.00000 0.00000 0.00000 0.00000 0.00000 0.00000 0.00000 0.00000 0.00000 0.00000 0.00000 0.00000 0.00000 0.00000 0.00000 0.00000 0.00000 0.00000 0.00000 0.00000 0.00000 0.00000 0.00000 0.00000 0.00000 0.00000 0.00000 0.00000 0.00000 0.00000 0.00000 0.00000 0.00000 0.00000 0.00000 0.00000 0.00000 0.00000 0.00000 0.00000 0.00000 0.00000 0.00000 0.00000 0.00000 0.00000 0.00000 0.00000 0.00000 0.00000 0.00000 0.00000 0.00000 0.00000 0.00000 0.00000 0.00000 0.00000 0.00000 0.00000 0.00000 0.00000 0.00000 0.00000 0.00000 0.00000 0.00000 0.00000 0.00000 0.00000 0.00000 0.00000 0.00000 0.00000 0.00000 0.00000 0.00000 0.00000 0.00000 0.00000 0.00000 0.00000 0.00000 0.00000 0.00000 0.00000 0.00000 0.00000 0.00000 0.00000 0.00000 0.00000 0.00000 0.00000 0.00000 0.00000 0.00000 0.00000 0.00000 0.00000 0.00000 0.00000 0.00000 0.00000 0.00000 0.00000 0.00000 0.00000 0.00000 0.00000 0.00000 0.00000 0.00000 0.00000 0.00000 0.00000 0.00000 0.00000 0.00000 0.00000 0.00000 0.00000 0.00000 0.00000 0.00000 0.00000 0.00000 0.00000 0.00000 0.00000 0.00000 0.00000 0.00000 0.00000 0.00000 0.00000 0.00000 0.00000 0.00000 0.00000 0.00000 0.00000 0.00000 0.00000 0.00000 0.00000 0.00000 0.00000 0.00000 0.00000 0.00000 0.00000 0.00000 0.00000 0.00000 0.00000 0.00000 0.00000 0.00000 0.00000 0.00000 0.00000 0.00000 0.00000 0.00000 0.00000 0.00000 0.00000 0.00000 0.00000 0.00000 0.00000 0.00000 0.00000 0.00000 0.00000 0.00000 0.00000 0.00000 0.00000 0.00000 0.00000 0.00000 0.00000 0.00000 0.00000 0.00000 0.00000 0.00000 0.00000 0.00000 0.00000 0.00000 0.00000 0.00000 0.00000 0.00000 0.00000 0.00000 0.00000 0.00000 0.00000 0.00000 0.00000 0.00000 0.00000 0.00000 0.00000 0.00000 0.00000 0.00000 0.00000 0.00000 0.00000 0.00000 0.00000 0.00000 0.00000 0.00000 0.00000 0.00000 0.00000 0.00000 0.00000 0.00000
0.00000 0.00000 0.00000 0.00000 0.00000 0.00000 0.00000 0.00000 0.00000 0.00000 0.00000 0.00000 0.00000 0.00000 0.00000 0.00000 0.00000 0.00000 0.00000 0.00000 0.00000 0.00000 0.00000 0.00000 0.00000 0.00000 0.00000 0.00000 0.00000 0.00000 0.00000 0.00000 0.00000 0.00000 0.00000 0.00000 0.00000 0.00000 0.00000 0.00000 0.00000 0.00000 0.00000 0.00000 0.00000 0.00000 0.00000 0.00000 0.00000 0.00000 0.00000 0.00000 0.00000 0.00000 0.00000 0.00000 0.00000 0.00000 0.00000 0.00000 0.00000 0.00000 0.00000 0.00000 0.00000 0.00000 0.00000 0.00000 0.00000 0.00000 0.00000 0.00000 0.00000 0.00000 0.00000 0.00000 0.00000 0.00000 0.00000 0.00000 0.00000 0.00000 0.00000 0.00000 0.00000 0.00000 0.00000 0.00000 0.00000 0.00000 0.00000 0.00000 0.00000 0.00000 0.00000 0.00000 0.00000 0.00000 0.00000 0.00000 0.00000 0.00000 0.00000 0.00000 0.00000 0.00000 0.00000 0.00000 0.00000 0.00000 0.00000 0.00000 0.00000 0.00000 0.00000 0.00000 0.00000 0.00000 0.00000 0.00000 0.00000 0.00000 0.00000 0.00000 0.00000 0.00000 0.00000 0.00000 0.00000 0.00000 0.00000 0.00000 0.00000 0.00000 0.00000 0.00000 0.00000 0.00000 0.00000 0.00000 0.00000 0.00000 0.00000 0.00000 0.00000 0.00000 0.00000 0.00000 0.00000 0.00000 0.00000 0.00000 0.00000 0.00000 0.00000 0.00000 0.00000 0.00000 0.00000 0.00000 0.00000 0.00000 0.00000 0.00000 0.00000 0.00000 0.00000 0.00000 0.00000 0.00000 0.00000 0.00000 0.00000 0.00000 0.00000 0.00000 0.00000 0.00000 0.00000 0.00000 0.00000 0.00000 0.00000 0.00000 0.00000 0.00000 0.00000 0.00000 0.00000 0.00000 0.00000 0.00000 0.00000 0.00000 0.00000 0.00000 0.00000 0.00000 0.00000 0.00000 0.00000 0.00000 0.00000 0.00000 0.00000 0.00000 0.00000 0.00000 0.00000 0.00000 0.00000 0.00000 0.00000 0.00000 0.00000 0.00000 0.00000 0.00000 0.00000 0.00000 0.00000 0.00000 0.00000 0.00000 0.00000 0.00000 0.00000 0.00000 0.00000 0.00000 0.00000 0.00000 0.00000 0.00000 0.00000 0.00000 0.00000 0.00000 0.00000 0.00000 0.00000 0.00000 0.00000 0.00000 0.00000 0.00000 0.00000 0.00000 0.00000 0.00000 0.00000 0.00000 0.00000 0.00000 0.00000 0.00000 0.00000 0.00000 0.00000 0.00000 0.00000 0.00000 0.00000 0.00000 0.00000 0.00000 0.00000 0.00000 0.00000 0.00000 0.00000 0.00000 0.00000 0.00000 0.00000 0.00000 0.00000 0.00000 0.00000 0.00000 0.00000 0.00000 0.00000 0.00000 0.00000 0.00000 0.00000 0.00000 0.00000 0.00000 0.00000 0.00000 0.00000 0.00000 0.00000 0.00000 0.00000 0.00000 0.00000 0.00000 0.00000 0.00000 0.00000 0.00000 0.00000 0.00000 0.00000 0.00000 0.00000 0.00000 0.00000 0.00000 0.00000 0.00000 0.00000 0.00000 0.00000 0.00000 0.00000 0.00000
0.00000 0.00000 0.00000 0.00000 0.00000 0.00000 0.00000 0.00000 0.00000 0.00000 0.00000 0.00000 0.00000 0.00000 0.00000 0.00000 0.00000 0.00000 0.00000 0.00000 0.00000 0.00000 0.00000 0.00000 0.00000 0.00000 0.00000 0.00000 0.00000 0.00000 0.00000 0.00000 0.00000 0.00000 0.00000 0.00000 0.00000 0.00000 0.00000 0.00000 0.00000 0.00000 0.00000 0.00000 0.00000 0.00000 0.00000 0.00000 0.00000 0.00000 0.00000 0.00000 0.00000 0.00000 0.00000 0.00000 0.00000 0.00000 0.00000 0.00000 0.00000 0.00000 0.00000 0.00000 0.00000 0.00000 0.00000 0.00000 0.00000 0.00000 0.00000 0.00000 0.00000 0.00000 0.00000 0.00000 0.00000 0.00000 0.00000 0.00000 0.00000 0.00000 0.00000 0.00000 0.00000 0.00000 0.00000 0.00000 0.00000 0.00000 0.00000 0.00000 0.00000 0.00000 0.00000 0.00000 0.00000 0.00000 0.00000 0.00000 0.00000 0.00000 0.00000 0.00000 0.00000 0.00000 0.00000 0.00000 0.00000 0.00000 0.00000 0.00000 0.00000 0.00000 0.00000 0.00000 0.00000 0.00000 0.00000 0.00000 0.00000 0.00000 0.00000 0.00000 0.00000 0.00000 0.00000 0.00000 0.00000 0.00000 0.00000 0.00000 0.00000 0.00000 0.00000 0.00000 0.00000 0.00000 0.00000 0.00000 0.00000 0.00000 0.00000 0.00000 0.00000 0.00000 0.00000 0.00000 0.00000 0.00000 0.00000 0.00000 0.00000 0.00000 0.00000 0.00000 0.00000 0.00000 0.00000 0.00000 0.00000 0.00000 0.00000 0.00000 0.00000 0.00000 0.00000 0.00000 0.00000 0.00000 0.00000 0.00000 0.00000 0.00000 0.00000 0.00000 0.00000 0.00000 0.00000 0.00000 0.00000 0.00000 0.00000 0.00000 0.00000 0.00000 0.00000 0.00000 0.00000 0.00000 0.00000 0.00000 0.00000 0.00000 0.00000 0.00000 0.00000 0.00000 0.00000 0.00000 0.00000 0.00000 0.00000 0.00000 0.00000 0.00000 0.00000 0.00000 0.00000 0.00000 0.00000 0.00000 0.00000 0.00000 0.00000 0.00000 0.00000 0.00000 0.00000 0.00000 0.00000 0.00000 0.00000 0.00000 0.00000 0.00000 0.00000 0.00000 0.00000 0.00000 0.00000 0.00000 0.00000 0.00000 0.00000 0.00000 0.00000 0.00000 0.00000 0.00000 0.00000 0.00000 0.00000 0.00000 0.00000 0.00000 0.00000 0.00000 0.00000 0.00000 0.00000 0.00000 0.00000 0.00000 0.00000 0.00000 0.00000 0.00000 0.00000 0.00000 0.00000 0.00000 0.00000 0.00000 0.00000 0.00000 0.00000 0.00000 0.00000 0.00000 0.00000 0.00000 0.00000 0.00000 0.00000 0.00000 0.00000 0.00000 0.00000 0.00000 0.00000 0.00000 0.00000 0.00000 0.00000 0.00000 0.00000 0.00000 0.00000 0.00000 0.00000 0.00000 0.00000 0.00000 0.00000 0.00000 0.00000 0.00000 0.00000 0.00000 0.00000 0.00000 0.00000 0.00000 0.00000 0.00000 0.00000 0.00000 0.00000 0.00000 0.00000 0.00000 0.00000 0.00000 0.00000 0.00000 0.00000 0.00000 0.00000 0.00000
0.00000 0.00000 0.00000 0.00000 0.00000 0.00000 0.00000 0.00000 0.00000 0.00000 0.00000 0.00000 0.00000 0.00000 0.00000 0.00000 0.00000 0.00000 0.00000 0.00000 0.00000 0.00000 0.00000 0.00000 0.00000 0.00000 0.00000 0.00000 0.00000 0.00000 0.00000 0.00000 0.00000 0.00000 0.00000 0.00000 0.00000 0.00000 0.00000 0.00000 0.00000 0.00000 0.00000 0.00000 0.00000 0.00000 0.00000 0.00000 0.00000 0.00000 0.00000 0.00000 0.00000 0.00000 0.00000 0.00000 0.00000 0.00000 0.00000 0.00000 0.00000 0.00000 0.00000 0.00000 0.00000 0.00000 0.00000 0.00000 0.00000 0.00000 0.00000 0.00000 0.00000 0.00000 0.00000 0.00000 0.00000 0.00000 0.00000 0.00000 0.00000 0.00000 0.00000 0.00000 0.00000 0.00000 0.00000 0.00000 0.00000 0.00000 0.00000 0.00000 0.00000 0.00000 0.00000 0.00000 0.00000 0.00000 0.00000 0.00000 0.00000 0.00000 0.00000 0.00000 0.00000 0.00000 0.00000 0.00000 0.00000 0.00000 0.00000 0.00000 0.00000 0.00000 0.00000 0.00000 0.00000 0.00000 0.00000 0.00000 0.00000 0.00000 0.00000 0.00000 0.00000 0.00000 0.00000 0.00000 0.00000 0.00000 0.00000 0.00000 0.00000 0.00000 0.00000 0.00000 0.00000 0.00000 0.00000 0.00000 0.00000 0.00000 0.00000 0.00000 0.00000 0.00000 0.00000 0.00000 0.00000 0.00000 0.00000 0.00000 0.00000 0.00000 0.00000 0.00000 0.00000 0.00000 0.00000 0.00000 0.00000 0.00000 0.00000 0.00000 0.00000 0.00000 0.00000 0.00000 0.00000 0.00000 0.00000 0.00000 0.00000 0.00000 0.00000 0.00000 0.00000 0.00000 0.00000 0.00000 0.00000 0.00000 0.00000 0.00000 0.00000 0.00000 0.00000 0.00000 0.00000 0.00000 0.00000 0.00000 0.00000 0.00000 0.00000 0.00000 0.00000 0.00000 0.00000 0.00000 0.00000 0.00000 0.00000 0.00000 0.00000 0.00000 0.00000 0.00000 0.00000 0.00000 0.00000 0.00000 0.00000 0.00000 0.00000 0.00000 0.00000 0.00000 0.00000 0.00000 0.00000 0.00000 0.00000 0.00000 0.00000 0.00000 0.00000 0.00000 0.00000 0.00000 0.00000 0.00000 0.00000 0.00000 0.00000 0.00000 0.00000 0.00000 0.00000 0.00000 0.00000 0.00000 0.00000 0.00000 0.00000 0.00000 0.00000 0.00000 0.00000 0.00000 0.00000 0.00000 0.00000 0.00000 0.00000 0.00000 0.00000 0.00000 0.00000 0.00000 0.00000 0.00000 0.00000 0.00000 0.00000 0.00000 0.00000 0.00000 0.00000 0.00000 0.00000 0.00000 0.00000 0.00000 0.00000 0.00000 0.00000 0.00000 0.00000 0.00000 0.00000 0.00000 0.00000 0.00000 0.00000 0.00000 0.00000 0.00000 0.00000 0.00000 0.00000 0.00000 0.00000 0.00000 0.00000 0.00000 0.00000 0.00000 0.00000 0.00000 0.00000 0.00000 0.00000 0.00000 0.00000 0.00000 0.00000 0.00000 0.00000 0.00000 0.00000 0.00000 0.00000 0.00000 0.00000 0.00000 0.00000 0.00000 0.00000 0.00000
0.00000 0.00000 0.00000 0.00000 0.00000 0.00000 0.00000 0.00000 0.00000 0.00000 0.00000 0.00000 0.00000 0.00000 0.00000 0.00000 0.00000 0.00000 0.00000 0.00000 0.00000 0.00000 0.00000 0.00000 0.00000 0.00000 0.00000 0.00000 0.00000 0.00000 0.00000 0.00000 0.00000 0.00000 0.00000 0.00000 0.00000 0.00000 0.00000 0.00000 0.00000 0.00000 0.00000 0.00000 0.00000 0.00000 0.00000 0.00000 0.00000 0.00000 0.00000 0.00000 0.00000 0.00000 0.00000 0.00000 0.00000 0.00000 0.00000 0.00000 0.00000 0.00000 0.00000 0.00000 0.00000 0.00000 0.00000 0.00000 0.00000 0.00000 0.00000 0.00000 0.00000 0.00000 0.00000 0.00000 0.00000 0.00000 0.00000 0.00000 0.00000 0.00000 0.00000 0.00000 0.00000 0.00000 0.00000 0.00000 0.00000 0.00000 0.00000 0.00000 0.00000 0.00000 0.00000 0.00000 0.00000 0.00000 0.00000 0.00000 0.00000 0.00000 0.00000 0.00000 0.00000 0.00000 0.00000 0.00000 0.00000 0.00000 0.00000 0.00000 0.00000 0.00000 0.00000 0.00000 0.00000 0.00000 0.00000 0.00000 0.00000 0.00000 0.00000 0.00000 0.00000 0.00000 0.00000 0.00000 0.00000 0.00000 0.00000 0.00000 0.00000 0.00000 0.00000 0.00000 0.00000 0.00000 0.00000 0.00000 0.00000 0.00000 0.00000 0.00000 0.00000 0.00000 0.00000 0.00000 0.00000 0.00000 0.00000 0.00000 0.00000 0.00000 0.00000 0.00000 0.00000 0.00000 0.00000 0.00000 0.00000 0.00000 0.00000 0.00000 0.00000 0.00000 0.00000 0.00000 0.00000 0.00000 0.00000 0.00000 0.00000 0.00000 0.00000 0.00000 0.00000 0.00000 0.00000 0.00000 0.00000 0.00000 0.00000 0.00000 0.00000 0.00000 0.00000 0.00000 0.00000 0.00000 0.00000 0.00000 0.00000 0.00000 0.00000 0.00000 0.00000 0.00000 0.00000 0.00000 0.00000 0.00000 0.00000 0.00000 0.00000 0.00000 0.00000 0.00000 0.00000 0.00000 0.00000 0.00000 0.00000 0.00000 0.00000 0.00000 0.00000 0.00000 0.00000 0.00000 0.00000 0.00000 0.00000 0.00000 0.00000 0.00000 0.00000 0.00000 0.00000 0.00000 0.00000 0.00000 0.00000 0.00000 0.00000 0.00000 0.00000 0.00000 0.00000 0.00000 0.00000 0.00000 0.00000 0.00000 0.00000 0.00000 0.00000 0.00000 0.00000 0.00000 0.00000 0.00000 0.00000 0.00000 0.00000 0.00000 0.00000 0.00000 0.00000 0.00000 0.00000 0.00000 0.00000 0.00000 0.00000 0.00000 0.00000 0.00000 0.00000 0.00000 0.00000 0.00000 0.00000 0.00000 0.00000 0.00000 0.00000 0.00000 0.00000 0.00000 0.00000 0.00000 0.00000 0.00000 0.00000 0.00000 0.00000 0.00000 0.00000 0.00000 0.00000 0.00000 0.00000 0.00000 0.00000 0.00000 0.00000 0.00000 0.00000 0.00000 0.00000 0.00000 0.00000 0.00000 0.00000 0.00000 0.00000 0.00000 0.00000 0.00000 0.00000 0.00000 0.00000 0.00000 0.00000 0.00000 0.00000 0.00000 0.00000 0.00000
