0.00000 0.00000 0.00000 0.00000 0.00000 0.00000 0.00000 0.00000 0.00000 0.00000 0.00000 0.00000 0.00000 0.00000 0.00000 0.00000 0.00000 0.00000 0.00000 0.00000 0.00000 0.00000 0.00000 0.00000 0.00000 0.00000 0.00000 0.00000 0.00000 0.00000 0.00000 0.00000 0.00000 0.00000 0.00000 0.00000 0.00000 0.00000 0.00000 0.00000 0.00000 0.00000 0.00000 0.00000 0.00000 0.00000 0.00000 0.00000 0.00000 0.00000 0.00000 0.00000 0.00000 0.00000 0.00000 0.00000 0.00000 0.00000 0.00000 0.00000 0.00000 0.00000 0.00000 0.00000 0.00000 0.00000 0.00000 0.00000 0.00000 0.00000 0.00000 0.00000 0.00000 0.00000 0.00000 0.00000 0.00000 0.00000 0.00000 0.00000 0.00000 0.00000 0.00000 0.00000 0.00000 0.00000 0.00000 0.00000 0.00000 0.00000 0.00000 0.00000 0.00000 0.00000 0.00000 0.00000 0.00000 0.00000 0.00000 0.00000 0.00000 0.00000 0.00000 0.00000 0.00000 0.00000 0.00000 0.00000 0.00000 0.00000 0.00000 0.00000 0.00000 0.00000 0.00000 0.00000 0.00000 0.00000 0.00000 0.00000 0.00000 0.00000 0.00000 0.00000 0.00000 0.00000 0.00000 0.00000 0.00000 0.00000 0.00000 0.00000 0.00000 0.00000 0.00000 0.00000 0.00000 0.00000 0.00000 0.00000 0.00000 0.00000 0.00000 0.00000 0.00000 0.00000 0.00000 0.00000 0.00000 0.00000 0.00000 0.00000 0.00000 0.00000 0.00000 0.00000 0.00000 0.00000 0.00000 0.00000 0.00000 0.00000 0.00000 0.00000 0.00000 0.00000 0.00000 0.00000 0.00000 0.00000 0.00000 0.00000 0.00000 0.00000 0.00000 0.00000 0.00000 0.00000 0.00000 0.00000 0.00000 0.00000 0.00000 0.00000 0.00000 0.00000 0.00000 0.00000 0.00000 0.00000 0.00000 0.00000 0.00000 0.00000 0.00000 0.00000 0.00000 0.00000 0.00000 0.00000 0.00000 0.00000 0.00000 0.00000 0.00000 0.00000 0.00000 0.00000 0.00000 0.00000 0.00000 0.00000 0.00000 0.00000 0.00000 0.00000 0.00000 0.00000 0.00000 0.00000 0.00000 0.00000 0.00000 0.00000 0.00000 0.00000 0.00000 0.00000 0.00000 0.00000
0.00000 0.00000 0.00000 0.00000 0.00000 0.00000 0.00000 0.00000 0.00000 0.00000 0.00000 0.00000 0.00000 0.00000 0.00000 0.00000 0.00000 0.00000 0.00000 0.00000 0.00000 0.00000 0.00000 0.00000 0.00000 0.00000 0.00000 0.00000 0.00000 0.00000 0.00000 0.00000 0.00000 0.00000 0.00000 0.00000 0.00000 0.00000 0.00000 0.00000 0.00000 0.00000 0.00000 0.00000 0.00000 0.00000 0.00000 0.00000 0.00000 0.00000 0.00000 0.00000 0.00000 0.00000 0.00000 0.00000 0.00000 0.00000 0.00000 0.00000 0.00000 0.00000 0.00000 0.00000 0.00000 0.00000 0.00000 0.00000 0.00000 0.00000 0.00000 0.00000 0.00000 0.00000 0.00000 0.00000 0.00000 0.00000 0.00000 0.00000 0.00000 0.00000 0.00000 0.00000 0.00000 0.00000 0.00000 0.00000 0.00000 0.00000 0.00000 0.00000 0.00000 0.00000 0.00000 0.00000 0.00000 0.00000 0.00000 0.00000 0.00000 0.00000 0.00000 0.00000 0.00000 0.00000 0.00000 0.00000 0.00000 0.00000 0.00000 0.00000 0.00000 0.00000 0.00000 0.00000 0.00000 0.00000 0.00000 0.00000 0.00000 0.00000 0.00000 0.00000 0.00000 0.00000 0.00000 0.00000 0.00000 0.00000 0.00000 0.00000 0.00000 0.00000 0.00000 0.00000 0.00000 0.00000 0.00000 0.00000 0.00000 0.00000 0.00000 0.00000 0.00000 0.00000 0.00000 0.00000 0.00000 0.00000 0.00000 0.00000 0.00000 0.00000 0.00000 0.00000 0.00000 0.00000 0.00000 0.00000 0.00000 0.00000 0.00000 0.00000 0.00000 0.00000 0.00000 0.00000 0.00000 0.00000 0.00000 0.00000 0.00000 0.00000 0.00000 0.00000 0.00000 0.00000 0.00000 0.00000 0.00000 0.00000 0.00000 0.00000 0.00000 0.00000 0.00000 0.00000 0.00000 0.00000 0.00000 0.00000 0.00000 0.00000 0.00000 0.00000 0.00000 0.00000 0.00000 0.00000 0.00000 0.00000 0.00000 0.00000 0.00000 0.00000 0.00000 0.00000 0.00000 0.00000 0.00000 0.00000 0.00000 0.00000 0.00000 0.00000 0.00000 0.00000 0.00000 0.00000 0.00000 0.00000 0.00000 0.00000 0.00000 0.00000 0.00000 0.00000 0.00000 0.00000
0.00000 0.00000 0.00000 0.00000 0.00000 0.00000 0.00000 0.00000 0.00000 0.00000 0.00000 0.00000 0.00000 0.00000 0.00000 0.00000 0.00000 0.00000 0.00000 0.00000 0.00000 0.00000 0.00000 0.00000 0.00000 0.00000 0.00000 0.00000 0.00000 0.00000 0.00000 0.00000 0.00000 0.00000 0.00000 0.00000 0.00000 0.00000 0.00000 0.00000 0.00000 0.00000 0.00000 0.00000 0.00000 0.00000 0.00000 0.00000 0.00000 0.00000 0.00000 0.00000 0.00000 0.00000 0.00000 0.00000 0.00000 0.00000 0.00000 0.00000 0.00000 0.00000 0.00000 0.00000 0.00000 0.00000 0.00000 0.00000 0.00000 0.00000 0.00000 0.00000 0.00000 0.00000 0.00000 0.00000 0.00000 0.00000 0.00000 0.00000 0.00000 0.00000 0.00000 0.00000 0.00000 0.00000 0.00000 0.00000 0.00000 0.00000 0.00000 0.00000 0.00000 0.00000 0.00000 0.00000 0.00000 0.00000 0.00000 0.00000 0.00000 0.00000 0.00000 0.00000 0.00000 0.00000 0.00000 0.00000 0.00000 0.00000 0.00000 0.00000 0.00000 0.00000 0.00000 0.00000 0.00000 0.00000 0.00000 0.00000 0.00000 0.00000 0.00000 0.00000 0.00000 0.00000 0.00000 0.00000 0.00000 0.00000 0.00000 0.00000 0.00000 0.00000 0.00000 0.00000 0.00000 0.00000 0.00000 0.00000 0.00000 0.00000 0.00000 0.00000 0.00000 0.00000 0.00000 0.00000 0.00000 0.00000 0.00000 0.00000 0.00000 0.00000 0.00000 0.00000 0.00000 0.00000 0.00000 0.00000 0.00000 0.00000 0.00000 0.00000 0.00000 0.00000 0.00000 0.00000 0.00000 0.00000 0.00000 0.00000 0.00000 0.00000 0.00000 0.00000 0.00000 0.00000 0.00000 0.00000 0.00000 0.00000 0.00000 0.00000 0.00000 0.00000 0.00000 0.00000 0.00000 0.00000 0.00000 0.00000 0.00000 0.00000 0.00000 0.00000 0.00000 0.00000 0.00000 0.00000 0.00000 0.00000 0.00000 0.00000 0.00000 0.00000 0.00000 0.00000 0.00000 0.00000 0.00000 0.00000 0.00000 0.00000 0.00000 0.00000 0.00000 0.00000 0.00000 0.00000 0.00000 0.00000 0.00000 0.00000 0.00000 0.00000 0.00000 0.00000 0.00000 0.00000
0.00000 0.00000 0.00000 0.00000 0.00000 0.00000 0.00000 0.00000 0.00000 0.00000 0.00000 0.00000 0.00000 0.00000 0.00000 0.00000 0.00000 0.00000 0.00000 0.00000 0.00000 0.00000 0.00000 0.00000 0.00000 0.00000 0.00000 0.00000 0.00000 0.00000 0.00000 0.00000 0.00000 0.00000 0.00000 0.00000 0.00000 0.00000 0.00000 0.00000 0.00000 0.00000 0.00000 0.00000 0.00000 0.00000 0.00000 0.00000 0.00000 0.00000 0.00000 0.00000 0.00000 0.00000 0.00000 0.00000 0.00000 0.00000 0.00000 0.00000 0.00000 0.00000 0.00000 0.00000 0.00000 0.00000 0.00000 0.00000 0.00000 0.00000 0.00000 0.00000 0.00000 0.00000 0.00000 0.00000 0.00000 0.00000 0.00000 0.00000 0.00000 0.00000 0.00000 0.00000 0.00000 0.00000 0.00000 0.00000 0.00000 0.00000 0.00000 0.00000 0.00000 0.00000 0.00000 0.00000 0.00000 0.00000 0.00000 0.00000 0.00000 0.00000 0.00000 0.00000 0.00000 0.00000 0.00000 0.00000 0.00000 0.00000 0.00000 0.00000 0.00000 0.00000 0.00000 0.00000 0.00000 0.00000 0.00000 0.00000 0.00000 0.00000 0.00000 0.00000 0.00000 0.00000 0.00000 0.00000 0.00000 0.00000 0.00000 0.00000 0.00000 0.00000 0.00000 0.00000 0.00000 0.00000 0.00000 0.00000 0.00000 0.00000 0.00000 0.00000 0.00000 0.00000 0.00000 0.00000 0.00000 0.00000 0.00000 0.00000 0.00000 0.00000 0.00000 0.00000 0.00000 0.00000 0.00000 0.00000 0.00000 0.00000 0.00000 0.00000 0.00000 0.00000 0.00000 0.00000 0.00000 0.00000 0.00000 0.00000 0.00000 0.00000 0.00000 0.00000 0.00000 0.00000 0.00000 0.00000 0.00000 0.00000 0.00000 0.00000 0.00000 0.00000 0.00000 0.00000 0.00000 0.00000 0.00000 0.00000 0.00000 0.00000 0.00000 0.00000 0.00000 0.00000 0.00000 0.00000 0.00000 0.00000 0.00000 0.00000 0.00000 0.00000 0.00000 0.00000 0.00000 0.00000 0.00000 0.00000 0.00000 0.00000 0.00000 0.00000 0.00000 0.00000 0.00000 0.00000 0.00000 0.00000 0.00000 0.00000 0.00000 0.00000 0.00000 0.00000 0.00000 0.00000
0.00000 0.00000 0.00000 0.00000 0.00000 0.00000 0.00000 0.00000 0.00000 0.00000 0.00000 0.00000 0.00000 0.00000 0.00000 0.00000 0.00000 0.00000 0.00000 0.00000 0.00000 0.00000 0.00000 0.00000 0.00000 0.00000 0.00000 0.00000 0.00000 0.00000 0.00000 0.00000 0.00000 0.00000 0.00000 0.00000 0.00000 0.00000 0.00000 0.00000 0.00000 0.00000 0.00000 0.00000 0.00000 0.00000 0.00000 0.00000 0.00000 0.00000 0.00000 0.00000 0.00000 0.00000 0.00000 0.00000 0.00000 0.00000 0.00000 0.00000 0.00000 0.00000 0.00000 0.00000 0.00000 0.00000 0.00000 0.00000 0.00000 0.00000 0.00000 0.00000 0.00000 0.00000 0.00000 0.00000 0.00000 0.00000 0.00000 0.00000 0.00000 0.00000 0.00000 0.00000 0.00000 0.00000 0.00000 0.00000 0.00000 0.00000 0.00000 0.00000 0.00000 0.00000 0.00000 0.00000 0.00000 0.00000 0.00000 0.00000 0.00000 0.00000 0.00000 0.00000 0.00000 0.00000 0.00000 0.00000 0.00000 0.00000 0.00000 0.00000 0.00000 0.00000 0.00000 0.00000 0.00000 0.00000 0.00000 0.00000 0.00000 0.00000 0.00000 0.00000 0.00000 0.00000 0.00000 0.00000 0.00000 0.00000 0.00000 0.00000 0.00000 0.00000 0.00000 0.00000 0.00000 0.00000 0.00000 0.00000 0.00000 0.00000 0.00000 0.00000 0.00000 0.00000 0.00000 0.00000 0.00000 0.00000 0.00000 0.00000 0.00000 0.00000 0.00000 0.00000 0.00000 0.00000 0.00000 0.00000 0.00000 0.00000 0.00000 0.00000 0.00000 0.00000 0.00000 0.00000 0.00000 0.00000 0.00000 0.00000 0.00000 0.00000 0.00000 0.00000 0.00000 0.00000 0.00000 0.00000 0.00000 0.00000 0.00000 0.00000 0.00000 0.00000 0.00000 0.00000 0.00000 0.00000 0.00000 0.00000 0.00000 0.00000 0.00000 0.00000 0.00000 0.00000 0.00000 0.00000 0.00000 0.00000 0.00000 0.00000 0.00000 0.00000 0.00000 0.00000 0.00000 0.00000 0.00000 0.00000 0.00000 0.00000 0.00000 0.00000 0.00000 0.00000 0.00000 0.00000 0.00000 0.00000 0.00000 0.00000 0.00000 0.00000 0.00000 0.00000 0.00000 0.00000
0.00000 0.00000 0.00000 0.00000 0.00000 0.00000 0.00000 0.00000 0.00000 0.00000 0.00000 0.00000 0.00000 0.00000 0.00000 0.00000 0.00000 0.00000 0.00000 0.00000 0.00000 0.00000 0.00000 0.00000 0.00000 0.00000 0.00000 0.00000 0.00000 0.00000 0.00000 0.00000 0.00000 0.00000 0.00000 0.00000 0.00000 0.00000 0.00000 0.00000 0.00000 0.00000 0.00000 0.00000 0.00000 0.00000 0.00000 0.00000 0.00000 0.00000 0.00000 0.00000 0.00000 0.00000 0.00000 0.00000 0.00000 0.00000 0.00000 0.00000 0.00000 0.00000 0.00000 0.00000 0.00000 0.00000 0.00000 0.00000 0.00000 0.00000 0.00000 0.00000 0.00000 0.00000 0.00000 0.00000 0.00000 0.00000 0.00000 0.00000 0.00000 0.00000 0.00000 0.00000 0.00000 0.00000 0.00000 0.00000 0.00000 0.00000 0.00000 0.00000 0.00000 0.00000 0.00000 0.00000 0.00000 0.00000 0.00000 0.00000 0.00000 0.00000 0.00000 0.00000 0.00000 0.00000 0.00000 0.00000 0.00000 0.00000 0.00000 0.00000 0.00000 0.00000 0.00000 0.00000 0.00000 0.00000 0.00000 0.00000 0.00000 0.00000 0.00000 0.00000 0.00000 0.00000 0.00000 0.00000 0.00000 0.00000 0.00000 0.00000 0.00000 0.00000 0.00000 0.00000 0.00000 0.00000 0.00000 0.00000 0.00000 0.00000 0.00000 0.00000 0.00000 0.00000 0.00000 0.00000 0.00000 0.00000 0.00000 0.00000 0.00000 0.00000 0.00000 0.00000 0.00000 0.00000 0.00000 0.00000 0.00000 0.00000 0.00000 0.00000 0.00000 0.00000 0.00000 0.00000 0.00000 0.00000 0.00000 0.00000 0.00000 0.00000 0.00000 0.00000 0.00000 0.00000 0.00000 0.00000 0.00000 0.00000 0.00000 0.00000 0.00000 0.00000 0.00000 0.00000 0.00000 0.00000 0.00000 0.00000 0.00000 0.00000 0.00000 0.00000 0.00000 0.00000 0.00000 0.00000 0.00000 0.00000 0.00000 0.00000 0.00000 0.00000 0.00000 0.00000 0.00000 0.00000 0.00000 0.00000 0.00000 0.00000 0.00000 0.00000 0.00000 0.00000 0.00000 0.00000 0.00000 0.00000 0.00000 0.00000 0.00000 0.00000 0.00000 0.00000 0.00000 0.00000
0.00000 0.00000 0.00000 0.00000 0.00000 0.00000 0.00000 0.00000 0.00000 0.00000 0.00000 0.00000 0.00000 0.00000 0.00000 0.00000 0.00000 0.00000 0.00000 0.00000 0.00000 0.00000 0.00000 0.00000 0.00000 0.00000 0.00000 0.00000 0.00000 0.00000 0.00000 0.00000 0.00000 0.00000 0.00000 0.00000 0.00000 0.00000 0.00000 0.00000 0.00000 0.00000 0.00000 0.00000 0.00000 0.00000 0.00000 0.00000 0.00000 0.00000 0.00000 0.00000 0.00000 0.00000 0.00000 0.00000 0.00000 0.00000 0.00000 0.00000 0.00000 0.00000 0.00000 0.00000 0.00000 0.00000 0.00000 0.00000 0.00000 0.00000 0.00000 0.00000 0.00000 0.00000 0.00000 0.00000 0.00000 0.00000 0.00000 0.00000 0.00000 0.00000 0.00000 0.00000 0.00000 0.00000 0.00000 0.00000 0.00000 0.00000 0.00000 0.00000 0.00000 0.00000 0.00000 0.00000 0.00000 0.00000 0.00000 0.00000 0.00000 0.00000 0.00000 0.00000 0.00000 0.00000 0.00000 0.00000 0.00000 0.00000 0.00000 0.00000 0.00000 0.00000 0.00000 0.00000 0.00000 0.00000 0.00000 0.00000 0.00000 0.00000 0.00000 0.00000 0.00000 0.00000 0.00000 0.00000 0.00000 0.00000 0.00000 0.00000 0.00000 0.00000 0.00000 0.00000 0.00000 0.00000 0.00000 0.00000 0.00000 0.00000 0.00000 0.00000 0.00000 0.00000 0.00000 0.00000 0.00000 0.00000 0.00000 0.00000 0.00000 0.00000 0.00000 0.00000 0.00000 0.00000 0.00000 0.00000 0.00000 0.00000 0.00000 0.00000 0.00000 0.00000 0.00000 0.00000 0.00000 0.00000 0.00000 0.00000 0.00000 0.00000 0.00000 0.00000 0.00000 0.00000 0.00000 0.00000 0.00000 0.00000 0.00000 0.00000 0.00000 0.00000 0.00000 0.00000 0.00000 0.00000 0.00000 0.00000 0.00000 0.00000 0.00000 0.00000 0.00000 0.00000 0.00000 0.00000 0.00000 0.00000 0.00000 0.00000 0.00000 0.00000 0.00000 0.00000 0.00000 0.00000 0.00000 0.00000 0.00000 0.00000 0.00000 0.00000 0.00000 0.00000 0.00000 0.00000 0.00000 0.00000 0.00000 0.00000 0.00000 0.00000 0.00000 0.00000 0.00000 0.00000
0.00000 0.00000 0.00000 0.00000 0.00000 0.00000 0.00000 0.00000 0.00000 0.00000 0.00000 0.00000 0.00000 0.00000 0.00000 0.00000 0.00000 0.00000 0.00000 0.00000 0.00000 0.00000 0.00000 0.00000 0.00000 0.00000 0.00000 0.00000 0.00000 0.00000 0.00000 0.00000 0.00000 0.00000 0.00000 0.00000 0.00000 0.00000 0.00000 0.00000 0.00000 0.00000 0.00000 0.00000 0.00000 0.00000 0.00000 0.00000 0.00000 0.00000 0.00000 0.00000 0.00000 0.00000 0.00000 0.00000 0.00000 0.00000 0.00000 0.00000 0.00000 0.00000 0.00000 0.00000 0.00000 0.00000 0.00000 0.00000 0.00000 0.00000 0.00000 0.00000 0.00000 0.00000 0.00000 0.00000 0.00000 0.00000 0.00000 0.00000 0.00000 0.00000 0.00000 0.00000 0.00000 0.00000 0.00000 0.00000 0.00000 0.00000 0.00000 0.00000 0.00000 0.00000 0.00000 0.00000 0.00000 0.00000 0.00000 0.00000 0.00000 0.00000 0.00000 0.00000 0.00000 0.00000 0.00000 0.00000 0.00000 0.00000 0.00000 0.00000 0.00000 0.00000 0.00000 0.00000 0.00000 0.00000 0.00000 0.00000 0.00000 0.00000 0.00000 0.00000 0.00000 0.00000 0.00000 0.00000 0.00000 0.00000 0.00000 0.00000 0.00000 0.00000 0.00000 0.00000 0.00000 0.00000 0.00000 0.00000 0.00000 0.00000 0.00000 0.00000 0.00000 0.00000 0.00000 0.00000 0.00000 0.00000 0.00000 0.00000 0.00000 0.00000 0.00000 0.00000 0.00000 0.00000 0.00000 0.00000 0.00000 0.00000 0.00000 0.00000 0.00000 0.00000 0.00000 0.00000 0.00000 0.00000 0.00000 0.00000 0.00000 0.00000 0.00000 0.00000 0.00000 0.00000 0.00000 0.00000 0.00000 0.00000 0.00000 0.00000 0.00000 0.00000 0.00000 0.00000 0.00000 0.00000 0.00000 0.00000 0.00000 0.00000 0.00000 0.00000 0.00000 0.00000 0.00000 0.00000 0.00000 0.00000 0.00000 0.00000 0.00000 0.00000 0.00000 0.00000 0.00000 0.00000 0.00000 0.00000 0.00000 0.00000 0.00000 0.00000 0.00000 0.00000 0.00000 0.00000 0.00000 0.00000 0.00000 0.00000 0.00000 0.00000 0.00000 0.00000 0.00000 0.00000
0.00000 0.00000 0.00000 0.00000 0.00000 0.00000 0.00000 0.00000 0.00000 0.00000 0.00000 0.00000 0.00000 0.00000 0.00000 0.00000 0.00000 0.00000 0.00000 0.00000 0.00000 0.00000 0.00000 0.00000 0.00000 0.00000 0.00000 0.00000 0.00000 0.00000 0.00000 0.00000 0.00000 0.00000 0.00000 0.00000 0.00000 0.00000 0.00000 0.00000 0.00000 0.00000 0.00000 0.00000 0.00000 0.00000 0.00000 0.00000 0.00000 0.00000 0.00000 0.00000 0.00000 0.00000 0.00000 0.00000 0.00000 0.00000 0.00000 0.00000 0.00000 0.00000 0.00000 0.00000 0.00000 0.00000 0.00000 0.00000 0.00000 0.00000 0.00000 0.00000 0.00000 0.00000 0.00000 0.00000 0.00000 0.00000 0.00000 0.00000 0.00000 0.00000 0.00000 0.00000 0.00000 0.00000 0.00000 0.00000 0.00000 0.00000 0.00000 0.00000 0.00000 0.00000 0.00000 0.00000 0.00000 0.00000 0.00000 0.00000 0.00000 0.00000 0.00000 0.00000 0.00000 0.00000 0.00000 0.00000 0.00000 0.00000 0.00000 0.00000 0.00000 0.00000 0.00000 0.00000 0.00000 0.00000 0.00000 0.00000 0.00000 0.00000 0.00000 0.00000 0.00000 0.00000 0.00000 0.00000 0.00000 0.00000 0.00000 0.00000 0.00000 0.00000 0.00000 0.00000 0.00000 0.00000 0.00000 0.00000 0.00000 0.00000 0.00000 0.00000 0.00000 0.00000 0.00000 0.00000 0.00000 0.00000 0.00000 0.00000 0.00000 0.00000 0.00000 0.00000 0.00000 0.00000 0.00000 0.00000 0.00000 0.00000 0.00000 0.00000 0.00000 0.00000 0.00000 0.00000 0.00000 0.00000 0.00000 0.00000 0.00000 0.00000 0.00000 0.00000 0.00000 0.00000 0.00000 0.00000 0.00000 0.00000 0.00000 0.00000 0.00000 0.00000 0.00000 0.00000 0.00000 0.00000 0.00000 0.00000 0.00000 0.00000 0.00000 0.00000 0.00000 0.00000 0.00000 0.00000 0.00000 0.00000 0.00000 0.00000 0.00000 0.00000 0.00000 0.00000 0.00000 0.00000 0.00000 0.00000 0.00000 0.00000 0.00000 0.00000 0.00000 0.00000 0.00000 0.00000 0.00000 0.00000 0.00000 0.00000 0.00000 0.00000 0.00000 0.00000 0.00000 0.00000
0.00000 0.00000 0.00000 0.00000 0.00000 0.00000 0.00000 0.00000 0.00000 0.00000 0.00000 0.00000 0.00000 0.00000 0.00000 0.00000 0.00000 0.00000 0.00000 0.00000 0.00000 0.00000 0.00000 0.00000 0.00000 0.00000 0.00000 0.00000 0.00000 0.00000 0.00000 0.00000 0.00000 0.00000 0.00000 0.00000 0.00000 0.00000 0.00000 0.00000 0.00000 0.00000 0.00000 0.00000 0.00000 0.00000 0.00000 0.00000 0.00000 0.00000 0.00000 0.00000 0.00000 0.00000 0.00000 0.00000 0.00000 0.00000 0.00000 0.00000 0.00000 0.00000 0.00000 0.00000 0.00000 0.00000 0.00000 0.00000 0.00000 0.00000 0.00000 0.00000 0.00000 0.00000 0.00000 0.00000 0.00000 0.00000 0.00000 0.00000 0.00000 0.00000 0.00000 0.00000 0.00000 0.00000 0.00000 0.00000 0.00000 0.00000 0.00000 0.00000 0.00000 0.00000 0.00000 0.00000 0.00000 0.00000 0.00000 0.00000 0.00000 0.00000 0.00000 0.00000 0.00000 0.00000 0.00000 0.00000 0.00000 0.00000 0.00000 0.00000 0.00000 0.00000 0.00000 0.00000 0.00000 0.00000 0.00000 0.00000 0.00000 0.00000 0.00000 0.00000 0.00000 0.00000 0.00000 0.00000 0.00000 0.00000 0.00000 0.00000 0.00000 0.00000 0.00000 0.00000 0.00000 0.00000 0.00000 0.00000 0.00000 0.00000 0.00000 0.00000 0.00000 0.00000 0.00000 0.00000 0.00000 0.00000 0.00000 0.00000 0.00000 0.00000 0.00000 0.00000 0.00000 0.00000 0.00000 0.00000 0.00000 0.00000 0.00000 0.00000 0.00000 0.00000 0.00000 0.00000 0.00000 0.00000 0.00000 0.00000 0.00000 0.00000 0.00000 0.00000 0.00000 0.00000 0.00000 0.00000 0.00000 0.00000 0.00000 0.00000 0.00000 0.00000 0.00000 0.00000 0.00000 0.00000 0.00000 0.00000 0.00000 0.00000 0.00000 0.00000 0.00000 0.00000 0.00000 0.00000 0.00000 0.00000 0.00000 0.00000 0.00000 0.00000 0.00000 0.00000 0.00000 0.00000 0.00000 0.00000 0.00000 0.00000 0.00000 0.00000 0.00000 0.00000 0.00000 0.00000 0.00000 0.00000 0.00000 0.00000 0.00000 0.00000 0.00000 0.00000 0.00000 0.00000
0.00000 0.00000 0.00000 0.00000 0.00000 0.00000 0.00000 0.00000 0.00000 0.00000 0.00000 0.00000 0.00000 0.00000 0.00000 0.00000 0.00000 0.00000 0.00000 0.00000 0.00000 0.00000 0.00000 0.00000 0.00000 0.00000 0.00000 0.00000 0.00000 0.00000 0.00000 0.00000 0.00000 0.00000 0.00000 0.00000 0.00000 0.00000 0.00000 0.00000 0.00000 0.00000 0.00000 0.00000 0.00000 0.00000 0.00000 0.00000 0.00000 0.00000 0.00000 0.00000 0.00000 0.00000 0.00000 0.00000 0.00000 0.00000 0.00000 0.00000 0.00000 0.00000 0.00000 0.00000 0.00000 0.00000 0.00000 0.00000 0.00000 0.00000 0.00000 0.00000 0.00000 0.00000 0.00000 0.00000 0.00000 0.00000 0.00000 0.00000 0.00000 0.00000 0.00000 0.00000 0.00000 0.00000 0.00000 0.00000 0.00000 0.00000 0.00000 0.00000 0.00000 0.00000 0.00000 0.00000 0.00000 0.00000 0.00000 0.00000 0.00000 0.00000 0.00000 0.00000 0.00000 0.00000 0.00000 0.00000 0.00000 0.00000 0.00000 0.00000 0.00000 0.00000 0.00000 0.00000 0.00000 0.00000 0.00000 0.00000 0.00000 0.00000 0.00000 0.00000 0.00000 0.00000 0.00000 0.00000 0.00000 0.00000 0.00000 0.00000 0.00000 0.00000 0.00000 0.00000 0.00000 0.00000 0.00000 0.00000 0.00000 0.00000 0.00000 0.00000 0.00000 0.00000 0.00000 0.00000 0.00000 0.00000 0.00000 0.00000 0.00000 0.00000 0.00000 0.00000 0.00000 0.00000 0.00000 0.00000 0.00000 0.00000 0.00000 0.00000 0.00000 0.00000 0.00000 0.00000 0.00000 0.00000 0.00000 0.00000 0.00000 0.00000 0.00000 0.00000 0.00000 0.00000 0.00000 0.00000 0.00000 0.00000 0.00000 0.00000 0.00000 0.00000 0.00000 0.00000 0.00000 0.00000 0.00000 0.00000 0.00000 0.00000 0.00000 0.00000 0.00000 0.00000 0.00000 0.00000 0.00000 0.00000 0.00000 0.00000 0.00000 0.00000 0.00000 0.00000 0.00000 0.00000 0.00000 0.00000 0.00000 0.00000 0.00000 0.00000 0.00000 0.00000 0.00000 0.00000 0.00000 0.00000 0.00000 0.00000 0.00000 0.00000 0.00000 0.00000 0.00000 0.00000
0.00000 0.00000 0.00000 0.00000 0.00000 0.00000 0.00000 0.00000 0.00000 0.00000 0.00000 0.00000 0.00000 0.00000 0.00000 0.00000 0.00000 0.00000 0.00000 0.00000 0.00000 0.00000 0.00000 0.00000 0.00000 0.00000 0.00000 0.00000 0.00000 0.00000 0.00000 0.00000 0.00000 0.00000 0.00000 0.00000 0.00000 0.00000 0.00000 0.00000 0.00000 0.00000 0.00000 0.00000 0.00000 0.00000 0.00000 0.00000 0.00000 0.00000 0.00000 0.00000 0.00000 0.00000 0.00000 0.00000 0.00000 0.00000 0.00000 0.00000 0.00000 0.00000 0.00000 0.00000 0.00000 0.00000 0.00000 0.00000 0.00000 0.00000 0.00000 0.00000 0.00000 0.00000 0.00000 0.00000 0.00000 0.00000 0.00000 0.00000 0.00000 0.00000 0.00000 0.00000 0.00000 0.00000 0.00000 0.00000 0.00000 0.00000 0.00000 0.00000 0.00000 0.00000 0.00000 0.00000 0.00000 0.00000 0.00000 0.00000 0.00000 0.00000 0.00000 0.00000 0.00000 0.00000 0.00000 0.00000 0.00000 0.00000 0.00000 0.00000 0.00000 0.00000 0.00000 0.00000 0.00000 0.00000 0.00000 0.00000 0.00000 0.00000 0.00000 0.00000 0.00000 0.00000 0.00000 0.00000 0.00000 0.00000 0.00000 0.00000 0.00000 0.00000 0.00000 0.00000 0.00000 0.00000 0.00000 0.00000 0.00000 0.00000 0.00000 0.00000 0.00000 0.00000 0.00000 0.00000 0.00000 0.00000 0.00000 0.00000 0.00000 0.00000 0.00000 0.00000 0.00000 0.00000 0.00000 0.00000 0.00000 0.00000 0.00000 0.00000 0.00000 0.00000 0.00000 0.00000 0.00000 0.00000 0.00000 0.00000 0.00000 0.00000 0.00000 0.00000 0.00000 0.00000 0.00000 0.00000 0.00000 0.00000 0.00000 0.00000 0.00000 0.00000 0.00000 0.00000 0.00000 0.00000 0.00000 0.00000 0.00000 0.00000 0.00000 0.00000 0.00000 0.00000 0.00000 0.00000 0.00000 0.00000 0.00000 0.00000 0.00000 0.00000 0.00000 0.00000 0.00000 0.00000 0.00000 0.00000 0.00000 0.00000 0.00000 0.00000 0.00000 0.00000 0.00000 0.00000 0.00000 0.00000 0.00000 0.00000 0.00000 0.00000 0.00000 0.00000 0.00000 0.00000
0.00000 0.00000 0.00000 0.00000 0.00000 0.00000 0.00000 0.00000 0.00000 0.00000 0.00000 0.00000 0.00000 0.00000 0.00000 0.00000 0.00000 0.00000 0.00000 0.00000 0.00000 0.00000 0.00000 0.00000 0.00000 0.00000 0.00000 0.00000 0.00000 0.00000 0.00000 0.00000 0.00000 0.00000 0.00000 0.00000 0.00000 0.00000 0.00000 0.00000 0.00000 0.00000 0.00000 0.00000 0.00000 0.00000 0.00000 0.00000 0.00000 0.00000 0.00000 0.00000 0.00000 0.00000 0.00000 0.00000 0.00000 0.00000 0.00000 0.00000 0.00000 0.00000 0.00000 0.00000 0.00000 0.00000 0.00000 0.00000 0.00000 0.00000 0.00000 0.00000 0.00000 0.00000 0.00000 0.00000 0.00000 0.00000 0.00000 0.00000 0.00000 0.00000 0.00000 0.00000 0.00000 0.00000 0.00000 0.00000 0.00000 0.00000 0.00000 0.00000 0.00000 0.00000 0.00000 0.00000 0.00000 0.00000 0.00000 0.00000 0.00000 0.00000 0.00000 0.00000 0.00000 0.00000 0.00000 0.00000 0.00000 0.00000 0.00000 0.00000 0.00000 0.00000 0.00000 0.00000 0.00000 0.00000 0.00000 0.00000 0.00000 0.00000 0.00000 0.00000 0.00000 0.00000 0.00000 0.00000 0.00000 0.00000 0.00000 0.00000 0.00000 0.00000 0.00000 0.00000 0.00000 0.00000 0.00000 0.00000 0.00000 0.00000 0.00000 0.00000 0.00000 0.00000 0.00000 0.00000 0.00000 0.00000 0.00000 0.00000 0.00000 0.00000 0.00000 0.00000 0.00000 0.00000 0.00000 0.00000 0.00000 0.00000 0.00000 0.00000 0.00000 0.00000 0.00000 0.00000 0.00000 0.00000 0.00000 0.00000 0.00000 0.00000 0.00000 0.00000 0.00000 0.00000 0.00000 0.00000 0.00000 0.00000 0.00000 0.00000 0.00000 0.00000 0.00000 0.00000 0.00000 0.00000 0.00000 0.00000 0.00000 0.00000 0.00000 0.00000 0.00000 0.00000 0.00000 0.00000 0.00000 0.00000 0.00000 0.00000 0.00000 0.00000 0.00000 0.00000 0.00000 0.00000 0.00000 0.00000 0.00000 0.00000 0.00000 0.00000 0.00000 0.00000 0.00000 0.00000 0.00000 0.00000 0.00000 0.00000 0.00000 0.00000 0.00000 0.00000 0.00000 0.00000
0.00000 0.00000 0.00000 0.00000 0.00000 0.00000 0.00000 0.00000 0.00000 0.00000 0.00000 0.00000 0.00000 0.00000 0.00000 0.00000 0.00000 0.00000 0.00000 0.00000 0.00000 0.00000 0.00000 0.00000 0.00000 0.00000 0.00000 0.00000 0.00000 0.00000 0.00000 0.00000 0.00000 0.00000 0.00000 0.00000 0.00000 0.00000 0.00000 0.00000 0.00000 0.00000 0.00000 0.00000 0.00000 0.00000 0.00000 0.00000 0.00000 0.00000 0.00000 0.00000 0.00000 0.00000 0.00000 0.00000 0.00000 0.00000 0.00000 0.00000 0.00000 0.00000 0.00000 0.00000 0.00000 0.00000 0.00000 0.00000 0.00000 0.00000 0.00000 0.00000 0.00000 0.00000 0.00000 0.00000 0.00000 0.00000 0.00000 0.00000 0.00000 0.00000 0.00000 0.00000 0.00000 0.00000 0.00000 0.00000 0.00000 0.00000 0.00000 0.00000 0.00000 0.00000 0.00000 0.00000 0.00000 0.00000 0.00000 0.00000 0.00000 0.00000 0.00000 0.00000 0.00000 0.00000 0.00000 0.00000 0.00000 0.00000 0.00000 0.00000 0.00000 0.00000 0.00000 0.00000 0.00000 0.00000 0.00000 0.00000 0.00000 0.00000 0.00000 0.00000 0.00000 0.00000 0.00000 0.00000 0.00000 0.00000 0.00000 0.00000 0.00000 0.00000 0.00000 0.00000 0.00000 0.00000 0.00000 0.00000 0.00000 0.00000 0.00000 0.00000 0.00000 0.00000 0.00000 0.00000 0.00000 0.00000 0.00000 0.00000 0.00000 0.00000 0.00000 0.00000 0.00000 0.00000 0.00000 0.00000 0.00000 0.00000 0.00000 0.00000 0.00000 0.00000 0.00000 0.00000 0.00000 0.00000 0.00000 0.00000 0.00000 0.00000 0.00000 0.00000 0.00000 0.00000 0.00000 0.00000 0.00000 0.00000 0.00000 0.00000 0.00000 0.00000 0.00000 0.00000 0.00000 0.00000 0.00000 0.00000 0.00000 0.00000 0.00000 0.00000 0.00000 0.00000 0.00000 0.00000 0.00000 0.00000 0.00000 0.00000 0.00000 0.00000 0.00000 0.00000 0.00000 0.00000 0.00000 0.00000 0.00000 0.00000 0.00000 0.00000 0.00000 0.00000 0.00000 0.00000 0.00000 0.00000 0.00000 0.00000 0.00000 0.00000 0.00000 0.00000 0.00000 0.00000
0.00000 0.00000 0.00000 0.00000 0.00000 0.00000 0.00000 0.00000 0.00000 0.00000 0.00000 0.00000 0.00000 0.00000 0.00000 0.00000 0.00000 0.00000 0.00000 0.00000 0.00000 0.00000 0.00000 0.00000 0.00000 0.00000 0.00000 0.00000 0.00000 0.00000 0.00000 0.00000 0.00000 0.00000 0.00000 0.00000 0.00000 0.00000 0.00000 0.00000 0.00000 0.00000 0.00000 0.00000 0.00000 0.00000 0.00000 0.00000 0.00000 0.00000 0.00000 0.00000 0.00000 0.00000 0.00000 0.00000 0.00000 0.00000 0.00000 0.00000 0.00000 0.00000 0.00000 0.00000 0.00000 0.00000 0.00000 0.00000 0.00000 0.00000 0.00000 0.00000 0.00000 0.00000 0.00000 0.00000 0.00000 0.00000 0.00000 0.00000 0.00000 0.00000 0.00000 0.00000 0.00000 0.00000 0.00000 0.00000 0.00000 0.00000 0.00000 0.00000 0.00000 0.00000 0.00000 0.00000 0.00000 0.00000 0.00000 0.00000 0.00000 0.00000 0.00000 0.00000 0.00000 0.00000 0.00000 0.00000 0.00000 0.00000 0.00000 0.00000 0.00000 0.00000 0.00000 0.00000 0.00000 0.00000 0.00000 0.00000 0.00000 0.00000 0.00000 0.00000 0.00000 0.00000 0.00000 0.00000 0.00000 0.00000 0.00000 0.00000 0.00000 0.00000 0.00000 0.00000 0.00000 0.00000 0.00000 0.00000 0.00000 0.00000 0.00000 0.00000 0.00000 0.00000 0.00000 0.00000 0.00000 0.00000 0.00000 0.00000 0.00000 0.00000 0.00000 0.00000 0.00000 0.00000 0.00000 0.00000 0.00000 0.00000 0.00000 0.00000 0.00000 0.00000 0.00000 0.00000 0.00000 0.00000 0.00000 0.00000 0.00000 0.00000 0.00000 0.00000 0.00000 0.00000 0.00000 0.00000 0.00000 0.00000 0.00000 0.00000 0.00000 0.00000 0.00000 0.00000 0.00000 0.00000 0.00000 0.00000 0.00000 0.00000 0.00000 0.00000 0.00000 0.00000 0.00000 0.00000 0.00000 0.00000 0.00000 0.00000 0.00000 0.00000 0.00000 0.00000 0.00000 0.00000 0.00000 0.00000 0.00000 0.00000 0.00000 0.00000 0.00000 0.00000 0.00000 0.00000 0.00000 0.00000 0.00000 0.00000 0.00000 0.00000 0.00000 0.00000 0.00000 0.00000
0.00000 0.00000 0.00000 0.00000 0.00000 0.00000 0.00000 0.00000 0.00000 0.00000 0.00000 0.00000 0.00000 0.00000 0.00000 0.00000 0.00000 0.00000 0.00000 0.00000 0.00000 0.00000 0.00000 0.00000 0.00000 0.00000 0.00000 0.00000 0.00000 0.00000 0.00000 0.00000 0.00000 0.00000 0.00000 0.00000 0.00000 0.00000 0.00000 0.00000 0.00000 0.00000 0.00000 0.00000 0.00000 0.00000 0.00000 0.00000 0.00000 0.00000 0.00000 0.00000 0.00000 0.00000 0.00000 0.00000 0.00000 0.00000 0.00000 0.00000 0.00000 0.00000 0.00000 0.00000 0.00000 0.00000 0.00000 0.00000 0.00000 0.00000 0.00000 0.00000 0.00000 0.00000 0.00000 0.00202 0.00605 0.01007 0.01405 0.01804 0.02198 0.02600 0.02999 0.03378 0.03766 0.03977 0.03974 0.03948 0.03939 0.03951 0.03947 0.03926 0.03919 0.03924 0.03920 0.03711 0.03319 0.02925 0.02531 0.02136 0.01751 0.01362 0.00968 0.00580 0.00194 0.00000 0.00000 0.00000 0.00000 0.00000 0.00000 0.00000 0.00000 0.00000 0.00000 0.00000 0.00000 0.00000 0.00000 0.00000 0.00000 0.00000 0.00000 0.00000 0.00000 0.00000 0.00000 0.00000 0.00000 0.00000 0.00000 0.00000 0.00000 0.00000 0.00000 0.00000 0.00000 0.00000 0.00000 0.00000 0.00000 0.00000 0.00000 0.00000 0.00000 0.00000 0.00000 0.00000 0.00000 0.00000 0.00000 0.00000 0.00000 0.00000 0.00000 0.00000 0.00000 0.00000 0.00000 0.00000 0.00000 0.00000 0.00000 0.00000 0.00000 0.00000 0.00000 0.00000 0.00000 0.00000 0.00000 0.00000 0.00000 0.00000 0.00000 0.00000 0.00000 0.00000 0.00000 0.00000 0.00000 0.00000 0.00000 0.00000 0.00000 0.00000 0.00000 0.00000 0.00000 0.00000 0.00000 0.00000 0.00000 0.00000 0.00000 0.00000 0.00000 0.00000 0.00000 0.00000 0.00000 0.00000 0.00000 0.00000 0.00000 0.00000 0.00000 0.00000 0.00000 0.00000 0.00000 0.00000 0.00000 0.00000 0.00000 0.00000 0.00000 0.00000 0.00000 0.00000 0.00000 0.00000 0.00000 0.00000 0.00000 0.00000 0.00000 0.00000 0.00000 0.00000
0.00000 0.00000 0.00000 0.00000 0.00000 0.00000 0.00000 0.00000 0.00000 0.00000 0.00000 0.00000 0.00000 0.00000 0.00000 0.00000 0.00000 0.00000 0.00000 0.00000 0.00000 0.00000 0.00000 0.00000 0.00000 0.00000 0.00000 0.00000 0.00000 0.00000 0.00000 0.00000 0.00000 0.00000 0.00000 0.00000 0.00000 0.00000 0.00000 0.00000 0.00000 0.00000 0.00000 0.00000 0.00000 0.00000 0.00000 0.00000 0.00000 0.00000 0.00000 0.00000 0.00000 0.00000 0.00000 0.00000 0.00000 0.00000 0.00000 0.00000 0.00000 0.00000 0.00000 0.00000 0.00000 0.00000 0.00000 0.00000 0.00000 0.00000 0.00000 0.00000 0.00000 0.00000 0.00000 0.00605 0.01813 0.03015 0.04215 0.05405 0.06591 0.07765 0.08975 0.10174 0.11288 0.11860 0.11898 0.11883 0.11805 0.11790 0.11822 0.11803 0.11737 0.11727 0.11743 0.11142 0.09925 0.08760 0.07590 0.06409 0.05223 0.04075 0.02913 0.01739 0.00579 0.00000 0.00000 0.00000 0.00000 0.00000 0.00000 0.00000 0.00000 0.00000 0.00000 0.00000 0.00000 0.00000 0.00000 0.00000 0.00000 0.00000 0.00000 0.00000 0.00000 0.00000 0.00000 0.00000 0.00000 0.00000 0.00000 0.00000 0.00000 0.00000 0.00000 0.00000 0.00000 0.00000 0.00000 0.00000 0.00000 0.00000 0.00000 0.00000 0.00000 0.00000 0.00000 0.00000 0.00000 0.00000 0.00000 0.00000 0.00000 0.00000 0.00000 0.00000 0.00000 0.00000 0.00000 0.00000 0.00000 0.00000 0.00000 0.00000 0.00000 0.00000 0.00000 0.00000 0.00000 0.00000 0.00000 0.00000 0.00000 0.00000 0.00000 0.00000 0.00000 0.00000 0.00000 0.00000 0.00000 0.00000 0.00000 0.00000 0.00000 0.00000 0.00000 0.00000 0.00000 0.00000 0.00000 0.00000 0.00000 0.00000 0.00000 0.00000 0.00000 0.00000 0.00000 0.00000 0.00000 0.00000 0.00000 0.00000 0.00000 0.00000 0.00000 0.00000 0.00000 0.00000 0.00000 0.00000 0.00000 0.00000 0.00000 0.00000 0.00000 0.00000 0.00000 0.00000 0.00000 0.00000 0.00000 0.00000 0.00000 0.00000 0.00000 0.00000 0.00000 0.00000
0.00000 0.00000 0.00000 0.00000 0.00000 0.00000 0.00000 0.00000 0.00000 0.00000 0.00000 0.00000 0.00000 0.00000 0.00000 0.00000 0.00000 0.00000 0.00000 0.00000 0.00000 0.00000 0.00000 0.00000 0.00000 0.00000 0.00000 0.00000 0.00000 0.00000 0.00000 0.00000 0.00000 0.00000 0.00000 0.00000 0.00000 0.00000 0.00000 0.00000 0.00000 0.00000 0.00000 0.00000 0.00000 0.00000 0.00000 0.00000 0.00000 0.00000 0.00000 0.00000 0.00000 0.00000 0.00000 0.00000 0.00000 0.00000 0.00000 0.00000 0.00000 0.00000 0.00000 0.00000 0.00000 0.00000 0.00000 0.00000 0.00000 0.00000 0.00000 0.00000 0.00000 0.00000 0.00000 0.01006 0.03015 0.05014 0.07006 0.09003 0.10979 0.12930 0.14883 0.16900 0.18881 0.19723 0.19700 0.19770 0.19728 0.19627 0.19590 0.19625 0.19588 0.19520 0.19503 0.18516 0.16545 0.14575 0.12632 0.10668 0.08707 0.06761 0.04839 0.02904 0.00963 0.00000 0.00000 0.00000 0.00000 0.00000 0.00000 0.00000 0.00000 0.00000 0.00000 0.00000 0.00000 0.00000 0.00000 0.00000 0.00000 0.00000 0.00000 0.00000 0.00000 0.00000 0.00000 0.00000 0.00000 0.00000 0.00000 0.00000 0.00000 0.00000 0.00000 0.00000 0.00000 0.00000 0.00000 0.00000 0.00000 0.00000 0.00000 0.00000 0.00000 0.00000 0.00000 0.00000 0.00000 0.00000 0.00000 0.00000 0.00000 0.00000 0.00000 0.00000 0.00000 0.00000 0.00000 0.00000 0.00000 0.00000 0.00000 0.00000 0.00000 0.00000 0.00000 0.00000 0.00000 0.00000 0.00000 0.00000 0.00000 0.00000 0.00000 0.00000 0.00000 0.00000 0.00000 0.00000 0.00000 0.00000 0.00000 0.00000 0.00000 0.00000 0.00000 0.00000 0.00000 0.00000 0.00000 0.00000 0.00000 0.00000 0.00000 0.00000 0.00000 0.00000 0.00000 0.00000 0.00000 0.00000 0.00000 0.00000 0.00000 0.00000 0.00000 0.00000 0.00000 0.00000 0.00000 0.00000 0.00000 0.00000 0.00000 0.00000 0.00000 0.00000 0.00000 0.00000 0.00000 0.00000 0.00000 0.00000 0.00000 0.00000 0.00000 0.00000 0.00000 0.00000
0.00000 0.00000 0.00000 0.00000 0.00000 0.00000 0.00000 0.00000 0.00000 0.00000 0.00000 0.00000 0.00000 0.00000 0.00000 0.00000 0.00000 0.00000 0.00000 0.00000 0.00000 0.00000 0.00000 0.00000 0.00000 0.00000 0.00000 0.00000 0.00000 0.00000 0.00000 0.00000 0.00000 0.00000 0.00000 0.00000 0.00000 0.00000 0.00000 0.00000 0.00000 0.00000 0.00000 0.00000 0.00000 0.00000 0.00000 0.00000 0.00000 0.00000 0.00000 0.00000 0.00000 0.00000 0.00000 0.00000 0.00000 0.00000 0.00000 0.00000 0.00000 0.00000 0.00000 0.00000 0.00000 0.00000 0.00000 0.00000 0.00000 0.00000 0.00000 0.00000 0.00000 0.00000 0.00000 0.01407 0.04211 0.07011 0.09797 0.12573 0.15360 0.18120 0.20815 0.23560 0.26370 0.27715 0.27530 0.27521 0.27589 0.27512 0.27390 0.27368 0.27395 0.27342 0.27237 0.25871 0.23137 0.20389 0.17634 0.14923 0.12191 0.09462 0.06755 0.04053 0.01350 0.00000 0.00000 0.00000 0.00000 0.00000 0.00000 0.00000 0.00000 0.00000 0.00000 0.00000 0.00000 0.00000 0.00000 0.00000 0.00000 0.00000 0.00000 0.00000 0.00000 0.00000 0.00000 0.00000 0.00000 0.00000 0.00000 0.00000 0.00000 0.00000 0.00000 0.00000 0.00000 0.00000 0.00000 0.00000 0.00000 0.00000 0.00000 0.00000 0.00000 0.00000 0.00000 0.00000 0.00000 0.00000 0.00000 0.00000 0.00000 0.00000 0.00000 0.00000 0.00000 0.00000 0.00000 0.00000 0.00000 0.00000 0.00000 0.00000 0.00000 0.00000 0.00000 0.00000 0.00000 0.00000 0.00000 0.00000 0.00000 0.00000 0.00000 0.00000 0.00000 0.00000 0.00000 0.00000 0.00000 0.00000 0.00000 0.00000 0.00000 0.00000 0.00000 0.00000 0.00000 0.00000 0.00000 0.00000 0.00000 0.00000 0.00000 0.00000 0.00000 0.00000 0.00000 0.00000 0.00000 0.00000 0.00000 0.00000 0.00000 0.00000 0.00000 0.00000 0.00000 0.00000 0.00000 0.00000 0.00000 0.00000 0.00000 0.00000 0.00000 0.00000 0.00000 0.00000 0.00000 0.00000 0.00000 0.00000 0.00000 0.00000 0.00000 0.00000 0.00000 0.00000
0.00000 0.00000 0.00000 0.00000 0.00000 0.00000 0.00000 0.00000 0.00000 0.00000 0.00000 0.00000 0.00000 0.00000 0.00000 0.00000 0.00000 0.00000 0.00000 0.00000 0.00000 0.00000 0.00000 0.00000 0.00000 0.00000 0.00000 0.00000 0.00000 0.00000 0.00000 0.00000 0.00000 0.00000 0.00000 0.00000 0.00000 0.00000 0.00000 0.00000 0.00000 0.00000 0.00000 0.00000 0.00000 0.00000 0.00000 0.00000 0.00000 0.00000 0.00000 0.00000 0.00000 0.00000 0.00000 0.00000 0.00000 0.00000 0.00000 0.00000 0.00000 0.00000 0.00000 0.00000 0.00000 0.00000 0.00000 0.00000 0.00000 0.00000 0.00000 0.00000 0.00000 0.00000 0.00000 0.01807 0.05405 0.08995 0.12574 0.16126 0.19677 0.23258 0.26786 0.30209 0.33735 0.35572 0.35489 0.35309 0.35286 0.35326 0.35219 0.35133 0.35104 0.35073 0.35004 0.33217 0.29702 0.26134 0.22627 0.19153 0.15656 0.12153 0.08658 0.05197 0.01732 0.00000 0.00000 0.00000 0.00000 0.00000 0.00000 0.00000 0.00000 0.00000 0.00000 0.00000 0.00000 0.00000 0.00000 0.00000 0.00000 0.00000 0.00000 0.00000 0.00000 0.00000 0.00000 0.00000 0.00000 0.00000 0.00000 0.00000 0.00000 0.00000 0.00000 0.00000 0.00000 0.00000 0.00000 0.00000 0.00000 0.00000 0.00000 0.00000 0.00000 0.00000 0.00000 0.00000 0.00000 0.00000 0.00000 0.00000 0.00000 0.00000 0.00000 0.00000 0.00000 0.00000 0.00000 0.00000 0.00000 0.00000 0.00000 0.00000 0.00000 0.00000 0.00000 0.00000 0.00000 0.00000 0.00000 0.00000 0.00000 0.00000 0.00000 0.00000 0.00000 0.00000 0.00000 0.00000 0.00000 0.00000 0.00000 0.00000 0.00000 0.00000 0.00000 0.00000 0.00000 0.00000 0.00000 0.00000 0.00000 0.00000 0.00000 0.00000 0.00000 0.00000 0.00000 0.00000 0.00000 0.00000 0.00000 0.00000 0.00000 0.00000 0.00000 0.00000 0.00000 0.00000 0.00000 0.00000 0.00000 0.00000 0.00000 0.00000 0.00000 0.00000 0.00000 0.00000 0.00000 0.00000 0.00000 0.00000 0.00000 0.00000 0.00000 0.00000 0.00000 0.00000
0.00000 0.00000 0.00000 0.00000 0.00000 0.00000 0.00000 0.00000 0.00000 0.00000 0.00000 0.00000 0.00000 0.00000 0.00000 0.00000 0.00000 0.00000 0.00000 0.00000 0.00000 0.00000 0.00000 0.00000 0.00000 0.00000 0.00000 0.00000 0.00000 0.00000 0.00000 0.00000 0.00000 0.00000 0.00000 0.00000 0.00000 0.00000 0.00000 0.00000 0.00000 0.00000 0.00000 0.00000 0.00000 0.00000 0.00000 0.00000 0.00000 0.00000 0.00000 0.00000 0.00000 0.00000 0.00000 0.00000 0.00000 0.00000 0.00000 0.00000 0.00000 0.00000 0.00000 0.00000 0.00000 0.00000 0.00000 0.00000 0.00000 0.00000 0.00000 0.00000 0.00000 0.00000 0.00000 0.02205 0.06607 0.10977 0.15350 0.19698 0.24008 0.28345 0.32706 0.36976 0.41133 0.43304 0.43348 0.43186 0.43039 0.43047 0.43038 0.42894 0.42803 0.42803 0.42757 0.40541 0.36219 0.31945 0.27614 0.23347 0.19115 0.14841 0.10580 0.06336 0.02114 0.00000 0.00000 0.00000 0.00000 0.00000 0.00000 0.00000 0.00000 0.00000 0.00000 0.00000 0.00000 0.00000 0.00000 0.00000 0.00000 0.00000 0.00000 0.00000 0.00000 0.00000 0.00000 0.00000 0.00000 0.00000 0.00000 0.00000 0.00000 0.00000 0.00000 0.00000 0.00000 0.00000 0.00000 0.00000 0.00000 0.00000 0.00000 0.00000 0.00000 0.00000 0.00000 0.00000 0.00000 0.00000 0.00000 0.00000 0.00000 0.00000 0.00000 0.00000 0.00000 0.00000 0.00000 0.00000 0.00000 0.00000 0.00000 0.00000 0.00000 0.00000 0.00000 0.00000 0.00000 0.00000 0.00000 0.00000 0.00000 0.00000 0.00000 0.00000 0.00000 0.00000 0.00000 0.00000 0.00000 0.00000 0.00000 0.00000 0.00000 0.00000 0.00000 0.00000 0.00000 0.00000 0.00000 0.00000 0.00000 0.00000 0.00000 0.00000 0.00000 0.00000 0.00000 0.00000 0.00000 0.00000 0.00000 0.00000 0.00000 0.00000 0.00000 0.00000 0.00000 0.00000 0.00000 0.00000 0.00000 0.00000 0.00000 0.00000 0.00000 0.00000 0.00000 0.00000 0.00000 0.00000 0.00000 0.00000 0.00000 0.00000 0.00000 0.00000 0.00000 0.00000
0.00000 0.00000 0.00000 0.00000 0.00000 0.00000 0.00000 0.00000 0.00000 0.00000 0.00000 0.00000 0.00000 0.00000 0.00000 0.00000 0.00000 0.00000 0.00000 0.00000 0.00000 0.00000 0.00000 0.00000 0.00000 0.00000 0.00000 0.00000 0.00000 0.00000 0.00000 0.00000 0.00000 0.00000 0.00000 0.00000 0.00000 0.00000 0.00000 0.00000 0.00000 0.00000 0.00000 0.00000 0.00000 0.00000 0.00000 0.00000 0.00000 0.00000 0.00000 0.00000 0.00000 0.00000 0.00000 0.00000 0.00000 0.00000 0.00000 0.00000 0.00000 0.00000 0.00000 0.00000 0.00000 0.00000 0.00000 0.00000 0.00000 0.00000 0.00000 0.00000 0.00000 0.00000 0.00000 0.02595 0.07790 0.12954 0.18085 0.23253 0.28352 0.33391 0.38491 0.43642 0.48647 0.50998 0.51003 0.51007 0.50821 0.50731 0.50741 0.50646 0.50479 0.50462 0.50469 0.47791 0.42697 0.37692 0.32628 0.27510 0.22489 0.17518 0.12490 0.07478 0.02487 0.00000 0.00000 0.00000 0.00000 0.00000 0.00000 0.00000 0.00000 0.00000 0.00000 0.00000 0.00000 0.00000 0.00000 0.00000 0.00000 0.00000 0.00000 0.00000 0.00000 0.00000 0.00000 0.00000 0.00000 0.00000 0.00000 0.00000 0.00000 0.00000 0.00000 0.00000 0.00000 0.00000 0.00000 0.00000 0.00000 0.00000 0.00000 0.00000 0.00000 0.00000 0.00000 0.00000 0.00000 0.00000 0.00000 0.00000 0.00000 0.00000 0.00000 0.00000 0.00000 0.00000 0.00000 0.00000 0.00000 0.00000 0.00000 0.00000 0.00000 0.00000 0.00000 0.00000 0.00000 0.00000 0.00000 0.00000 0.00000 0.00000 0.00000 0.00000 0.00000 0.00000 0.00000 0.00000 0.00000 0.00000 0.00000 0.00000 0.00000 0.00000 0.00000 0.00000 0.00000 0.00000 0.00000 0.00000 0.00000 0.00000 0.00000 0.00000 0.00000 0.00000 0.00000 0.00000 0.00000 0.00000 0.00000 0.00000 0.00000 0.00000 0.00000 0.00000 0.00000 0.00000 0.00000 0.00000 0.00000 0.00000 0.00000 0.00000 0.00000 0.00000 0.00000 0.00000 0.00000 0.00000 0.00000 0.00000 0.00000 0.00000 0.00000 0.00000 0.00000 0.00000
0.00000 0.00000 0.00000 0.00000 0.00000 0.00000 0.00000 0.00000 0.00000 0.00000 0.00000 0.00000 0.00000 0.00000 0.00000 0.00000 0.00000 0.00000 0.00000 0.00000 0.00000 0.00000 0.00000 0.00000 0.00000 0.00000 0.00000 0.00000 0.00000 0.00000 0.00000 0.00000 0.00000 0.00000 0.00000 0.00000 0.00000 0.00000 0.00000 0.00000 0.00000 0.00000 0.00000 0.00000 0.00000 0.00000 0.00000 0.00000 0.00000 0.00000 0.00000 0.00000 0.00000 0.00000 0.00000 0.00000 0.00000 0.00000 0.00000 0.00000 0.00000 0.00000 0.00000 0.00000 0.00000 0.00000 0.00000 0.00000 0.00000 0.00000 0.00000 0.00000 0.00000 0.00000 0.00000 0.02993 0.08955 0.14932 0.20853 0.26751 0.32702 0.38537 0.44310 0.50213 0.56123 0.58860 0.58682 0.58728 0.58677 0.58403 0.58361 0.58427 0.58276 0.58089 0.58055 0.55168 0.49225 0.43371 0.37603 0.31765 0.25913 0.20141 0.14409 0.08623 0.02869 0.00000 0.00000 0.00000 0.00000 0.00000 0.00000 0.00000 0.00000 0.00000 0.00000 0.00000 0.00000 0.00000 0.00000 0.00000 0.00000 0.00000 0.00000 0.00000 0.00000 0.00000 0.00000 0.00000 0.00000 0.00000 0.00000 0.00000 0.00000 0.00000 0.00000 0.00000 0.00000 0.00000 0.00000 0.00000 0.00000 0.00000 0.00000 0.00000 0.00000 0.00000 0.00000 0.00000 0.00000 0.00000 0.00000 0.00000 0.00000 0.00000 0.00000 0.00000 0.00000 0.00000 0.00000 0.00000 0.00000 0.00000 0.00000 0.00000 0.00000 0.00000 0.00000 0.00000 0.00000 0.00000 0.00000 0.00000 0.00000 0.00000 0.00000 0.00000 0.00000 0.00000 0.00000 0.00000 0.00000 0.00000 0.00000 0.00000 0.00000 0.00000 0.00000 0.00000 0.00000 0.00000 0.00000 0.00000 0.00000 0.00000 0.00000 0.00000 0.00000 0.00000 0.00000 0.00000 0.00000 0.00000 0.00000 0.00000 0.00000 0.00000 0.00000 0.00000 0.00000 0.00000 0.00000 0.00000 0.00000 0.00000 0.00000 0.00000 0.00000 0.00000 0.00000 0.00000 0.00000 0.00000 0.00000 0.00000 0.00000 0.00000 0.00000 0.00000 0.00000 0.00000
0.00000 0.00000 0.00000 0.00000 0.00000 0.00000 0.00000 0.00000 0.00000 0.00000 0.00000 0.00000 0.00000 0.00000 0.00000 0.00000 0.00000 0.00000 0.00000 0.00000 0.00000 0.00000 0.00000 0.00000 0.00000 0.00000 0.00000 0.00000 0.00000 0.00000 0.00000 0.00000 0.00000 0.00000 0.00000 0.00000 0.00000 0.00000 0.00000 0.00000 0.00000 0.00000 0.00000 0.00000 0.00000 0.00000 0.00000 0.00000 0.00000 0.00000 0.00000 0.00000 0.00000 0.00000 0.00000 0.00000 0.00000 0.00000 0.00000 0.00000 0.00000 0.00000 0.00000 0.00000 0.00000 0.00000 0.00000 0.00000 0.00000 0.00000 0.00000 0.00000 0.00000 0.00000 0.00000 0.03392 0.10130 0.16867 0.23608 0.30249 0.36898 0.43645 0.50210 0.56687 0.63347 0.66678 0.66437 0.66294 0.66340 0.66204 0.65920 0.65945 0.66017 0.65757 0.65588 0.62344 0.55764 0.49011 0.42435 0.35956 0.29361 0.22770 0.16246 0.09760 0.03247 0.00000 0.00000 0.00000 0.00000 0.00000 0.00000 0.00000 0.00000 0.00000 0.00000 0.00000 0.00000 0.00000 0.00000 0.00000 0.00000 0.00000 0.00000 0.00000 0.00000 0.00000 0.00000 0.00000 0.00000 0.00000 0.00000 0.00000 0.00000 0.00000 0.00000 0.00000 0.00000 0.00000 0.00000 0.00000 0.00000 0.00000 0.00000 0.00000 0.00000 0.00000 0.00000 0.00000 0.00000 0.00000 0.00000 0.00000 0.00000 0.00000 0.00000 0.00000 0.00000 0.00000 0.00000 0.00000 0.00000 0.00000 0.00000 0.00000 0.00000 0.00000 0.00000 0.00000 0.00000 0.00000 0.00000 0.00000 0.00000 0.00000 0.00000 0.00000 0.00000 0.00000 0.00000 0.00000 0.00000 0.00000 0.00000 0.00000 0.00000 0.00000 0.00000 0.00000 0.00000 0.00000 0.00000 0.00000 0.00000 0.00000 0.00000 0.00000 0.00000 0.00000 0.00000 0.00000 0.00000 0.00000 0.00000 0.00000 0.00000 0.00000 0.00000 0.00000 0.00000 0.00000 0.00000 0.00000 0.00000 0.00000 0.00000 0.00000 0.00000 0.00000 0.00000 0.00000 0.00000 0.00000 0.00000 0.00000 0.00000 0.00000 0.00000 0.00000 0.00000 0.00000
0.00000 0.00000 0.00000 0.00000 0.00000 0.00000 0.00000 0.00000 0.00000 0.00000 0.00000 0.00000 0.00000 0.00000 0.00000 0.00000 0.00000 0.00000 0.00000 0.00000 0.00000 0.00000 0.00000 0.00000 0.00000 0.00000 0.00000 0.00000 0.00000 0.00000 0.00000 0.00000 0.00000 0.00000 0.00000 0.00000 0.00000 0.00000 0.00000 0.00000 0.00000 0.00000 0.00000 0.00000 0.00000 0.00000 0.00000 0.00000 0.00000 0.00000 0.00000 0.00000 0.00000 0.00000 0.00000 0.00000 0.00000 0.00000 0.00000 0.00000 0.00000 0.00000 0.00000 0.00000 0.00000 0.00000 0.00000 0.00000 0.00000 0.00000 0.00000 0.00000 0.00000 0.00000 0.00000 0.03786 0.11338 0.18810 0.26329 0.33813 0.41171 0.48599 0.56119 0.63383 0.70590 0.74348 0.74305 0.73971 0.73880 0.73985 0.73782 0.73437 0.73487 0.73590 0.73312 0.69477 0.62184 0.54828 0.47367 0.40047 0.32804 0.25450 0.18137 0.10874 0.03628 0.00000 0.00000 0.00000 0.00000 0.00000 0.00000 0.00000 0.00000 0.00000 0.00000 0.00000 0.00000 0.00000 0.00000 0.00000 0.00000 0.00000 0.00000 0.00000 0.00000 0.00000 0.00000 0.00000 0.00000 0.00000 0.00000 0.00000 0.00000 0.00000 0.00000 0.00000 0.00000 0.00000 0.00000 0.00000 0.00000 0.00000 0.00000 0.00000 0.00000 0.00000 0.00000 0.00000 0.00000 0.00000 0.00000 0.00000 0.00000 0.00000 0.00000 0.00000 0.00000 0.00000 0.00000 0.00000 0.00000 0.00000 0.00000 0.00000 0.00000 0.00000 0.00000 0.00000 0.00000 0.00000 0.00000 0.00000 0.00000 0.00000 0.00000 0.00000 0.00000 0.00000 0.00000 0.00000 0.00000 0.00000 0.00000 0.00000 0.00000 0.00000 0.00000 0.00000 0.00000 0.00000 0.00000 0.00000 0.00000 0.00000 0.00000 0.00000 0.00000 0.00000 0.00000 0.00000 0.00000 0.00000 0.00000 0.00000 0.00000 0.00000 0.00000 0.00000 0.00000 0.00000 0.00000 0.00000 0.00000 0.00000 0.00000 0.00000 0.00000 0.00000 0.00000 0.00000 0.00000 0.00000 0.00000 0.00000 0.00000 0.00000 0.00000 0.00000 0.00000 0.00000
0.00000 0.00000 0.00000 0.00000 0.00000 0.00000 0.00000 0.00000 0.00000 0.00000 0.00000 0.00000 0.00000 0.00000 0.00000 0.00000 0.00000 0.00000 0.00000 0.00000 0.00000 0.00000 0.00000 0.00000 0.00000 0.00000 0.00000 0.00000 0.00000 0.00000 0.00000 0.00000 0.00000 0.00000 0.00000 0.00000 0.00000 0.00000 0.00000 0.00000 0.00000 0.00000 0.00000 0.00000 0.00000 0.00000 0.00000 0.00000 0.00000 0.00000 0.00000 0.00000 0.00000 0.00000 0.00000 0.00207 0.00620 0.01029 0.01437 0.01847 0.02252 0.02656 0.03059 0.03457 0.03858 0.04057 0.04039 0.04028 0.04033 0.04029 0.04002 0.03993 0.04003 0.03996 0.03971 0.07723 0.15288 0.22768 0.30167 0.37709 0.45121 0.52376 0.59762 0.67281 0.74485 0.77930 0.77962 0.77885 0.77550 0.77513 0.77618 0.77325 0.77014 0.77131 0.77197 0.72990 0.65192 0.57593 0.49851 0.42025 0.34363 0.26770 0.19078 0.11418 0.03802 0.00000 0.00000 0.00000 0.00000 0.00000 0.00000 0.00000 0.00000 0.00000 0.00000 0.00000 0.00000 0.00000 0.00000 0.00000 0.00000 0.00000 0.00000 0.00000 0.00000 0.00000 0.00000 0.00000 0.00000 0.00000 0.00000 0.00000 0.00000 0.00000 0.00000 0.00000 0.00000 0.00000 0.00000 0.00000 0.00000 0.00000 0.00000 0.00000 0.00000 0.00000 0.00000 0.00000 0.00000 0.00000 0.00000 0.00000 0.00000 0.00000 0.00000 0.00000 0.00000 0.00000 0.00000 0.00000 0.00000 0.00000 0.00000 0.00000 0.00000 0.00000 0.00000 0.00000 0.00000 0.00000 0.00000 0.00000 0.00000 0.00000 0.00000 0.00000 0.00000 0.00000 0.00000 0.00000 0.00000 0.00000 0.00000 0.00000 0.00000 0.00000 0.00000 0.00000 0.00000 0.00000 0.00000 0.00000 0.00000 0.00000 0.00000 0.00000 0.00000 0.00000 0.00000 0.00000 0.00000 0.00000 0.00000 0.00000 0.00000 0.00000 0.00000 0.00000 0.00000 0.00000 0.00000 0.00000 0.00000 0.00000 0.00000 0.00000 0.00000 0.00000 0.00000 0.00000 0.00000 0.00000 0.00000 0.00000 0.00000 0.00000 0.00000 0.00000 0.00000 0.00000
0.00000 0.00000 0.00000 0.00000 0.00000 0.00000 0.00000 0.00000 0.00000 0.00000 0.00000 0.00000 0.00000 0.00000 0.00000 0.00000 0.00000 0.00000 0.00000 0.00000 0.00000 0.00000 0.00000 0.00000 0.00000 0.00000 0.00000 0.00000 0.00000 0.00000 0.00000 0.00000 0.00000 0.00000 0.00000 0.00000 0.00000 0.00000 0.00000 0.00000 0.00000 0.00000 0.00000 0.00000 0.00000 0.00000 0.00000 0.00000 0.00000 0.00000 0.00000 0.00000 0.00000 0.00000 0.00000 0.00619 0.01857 0.03086 0.04308 0.05526 0.06746 0.07955 0.09163 0.10361 0.11543 0.12141 0.12132 0.12068 0.12038 0.12059 0.12043 0.11963 0.11933 0.11966 0.11945 0.15236 0.21925 0.28693 0.35307 0.41865 0.48624 0.55179 0.61584 0.68192 0.74888 0.77922 0.77694 0.77770 0.77644 0.77262 0.77289 0.77431 0.77114 0.76821 0.76930 0.73108 0.65150 0.57415 0.49801 0.42056 0.34308 0.26681 0.19079 0.11416 0.03798 0.00000 0.00000 0.00000 0.00000 0.00000 0.00000 0.00000 0.00000 0.00000 0.00000 0.00000 0.00000 0.00000 0.00000 0.00000 0.00000 0.00000 0.00000 0.00000 0.00000 0.00000 0.00000 0.00000 0.00000 0.00000 0.00000 0.00000 0.00000 0.00000 0.00000 0.00000 0.00000 0.00000 0.00000 0.00000 0.00000 0.00000 0.00000 0.00000 0.00000 0.00000 0.00000 0.00000 0.00000 0.00000 0.00000 0.00000 0.00000 0.00000 0.00000 0.00000 0.00000 0.00000 0.00000 0.00000 0.00000 0.00000 0.00000 0.00000 0.00000 0.00000 0.00000 0.00000 0.00000 0.00000 0.00000 0.00000 0.00000 0.00000 0.00000 0.00000 0.00000 0.00000 0.00000 0.00000 0.00000 0.00000 0.00000 0.00000 0.00000 0.00000 0.00000 0.00000 0.00000 0.00000 0.00000 0.00000 0.00000 0.00000 0.00000 0.00000 0.00000 0.00000 0.00000 0.00000 0.00000 0.00000 0.00000 0.00000 0.00000 0.00000 0.00000 0.00000 0.00000 0.00000 0.00000 0.00000 0.00000 0.00000 0.00000 0.00000 0.00000 0.00000 0.00000 0.00000 0.00000 0.00000 0.00000 0.00000 0.00000 0.00000 0.00000 0.00000 0.00000 0.00000
0.00000 0.00000 0.00000 0.00000 0.00000 0.00000 0.00000 0.00000 0.00000 0.00000 0.00000 0.00000 0.00000 0.00000 0.00000 0.00000 0.00000 0.00000 0.00000 0.00000 0.00000 0.00000 0.00000 0.00000 0.00000 0.00000 0.00000 0.00000 0.00000 0.00000 0.00000 0.00000 0.00000 0.00000 0.00000 0.00000 0.00000 0.00000 0.00000 0.00000 0.00000 0.00000 0.00000 0.00000 0.00000 0.00000 0.00000 0.00000 0.00000 0.00000 0.00000 0.00000 0.00000 0.00000 0.00000 0.01030 0.03082 0.05137 0.07170 0.09199 0.11230 0.13229 0.15237 0.17247 0.19214 0.20162 0.20164 0.20145 0.20022 0.19979 0.20026 0.19991 0.19856 0.19806 0.19869 0.22802 0.28577 0.34479 0.40421 0.46146 0.51876 0.57871 0.63593 0.69134 0.74930 0.77906 0.77632 0.77432 0.77488 0.77317 0.76969 0.77062 0.77163 0.76782 0.76572 0.72882 0.65168 0.57247 0.49586 0.42016 0.34300 0.26594 0.18992 0.11410 0.03795 0.00000 0.00000 0.00000 0.00000 0.00000 0.00000 0.00000 0.00000 0.00000 0.00000 0.00000 0.00000 0.00000 0.00000 0.00000 0.00000 0.00000 0.00000 0.00000 0.00000 0.00000 0.00000 0.00000 0.00000 0.00000 0.00000 0.00000 0.00000 0.00000 0.00000 0.00000 0.00000 0.00000 0.00000 0.00000 0.00000 0.00000 0.00000 0.00000 0.00000 0.00000 0.00000 0.00000 0.00000 0.00000 0.00000 0.00000 0.00000 0.00000 0.00000 0.00000 0.00000 0.00000 0.00000 0.00000 0.00000 0.00000 0.00000 0.00000 0.00000 0.00000 0.00000 0.00000 0.00000 0.00000 0.00000 0.00000 0.00000 0.00000 0.00000 0.00000 0.00000 0.00000 0.00000 0.00000 0.00000 0.00000 0.00000 0.00000 0.00000 0.00000 0.00000 0.00000 0.00000 0.00000 0.00000 0.00000 0.00000 0.00000 0.00000 0.00000 0.00000 0.00000 0.00000 0.00000 0.00000 0.00000 0.00000 0.00000 0.00000 0.00000 0.00000 0.00000 0.00000 0.00000 0.00000 0.00000 0.00000 0.00000 0.00000 0.00000 0.00000 0.00000 0.00000 0.00000 0.00000 0.00000 0.00000 0.00000 0.00000 0.00000 0.00000 0.00000 0.00000 0.00000
0.00000 0.00000 0.00000 0.00000 0.00000 0.00000 0.00000 0.00000 0.00000 0.00000 0.00000 0.00000 0.00000 0.00000 0.00000 0.00000 0.00000 0.00000 0.00000 0.00000 0.00000 0.00000 0.00000 0.00000 0.00000 0.00000 0.00000 0.00000 0.00000 0.00000 0.00000 0.00000 0.00000 0.00000 0.00000 0.00000 0.00000 0.00000 0.00000 0.00000 0.00000 0.00000 0.00000 0.00000 0.00000 0.00000 0.00000 0.00000 0.00000 0.00000 0.00000 0.00000 0.00000 0.00000 0.00000 0.01441 0.04311 0.07168 0.10027 0.12861 0.15686 0.18510 0.21282 0.24084 0.26890 0.28194 0.28114 0.28135 0.28097 0.27925 0.27863 0.27930 0.27882 0.27701 0.27626 0.30285 0.35364 0.40266 0.45394 0.50490 0.55368 0.60298 0.65493 0.70382 0.75130 0.77630 0.77645 0.77346 0.77202 0.77291 0.77073 0.76724 0.76854 0.76935 0.76576 0.72609 0.65046 0.57302 0.49501 0.41889 0.34294 0.26598 0.18956 0.11376 0.03795 0.00000 0.00000 0.00000 0.00000 0.00000 0.00000 0.00000 0.00000 0.00000 0.00000 0.00000 0.00000 0.00000 0.00000 0.00000 0.00000 0.00000 0.00000 0.00000 0.00000 0.00000 0.00000 0.00000 0.00000 0.00000 0.00000 0.00000 0.00000 0.00000 0.00000 0.00000 0.00000 0.00000 0.00000 0.00000 0.00000 0.00000 0.00000 0.00000 0.00000 0.00000 0.00000 0.00000 0.00000 0.00000 0.00000 0.00000 0.00000 0.00000 0.00000 0.00000 0.00000 0.00000 0.00000 0.00000 0.00000 0.00000 0.00000 0.00000 0.00000 0.00000 0.00000 0.00000 0.00000 0.00000 0.00000 0.00000 0.00000 0.00000 0.00000 0.00000 0.00000 0.00000 0.00000 0.00000 0.00000 0.00000 0.00000 0.00000 0.00000 0.00000 0.00000 0.00000 0.00000 0.00000 0.00000 0.00000 0.00000 0.00000 0.00000 0.00000 0.00000 0.00000 0.00000 0.00000 0.00000 0.00000 0.00000 0.00000 0.00000 0.00000 0.00000 0.00000 0.00000 0.00000 0.00000 0.00000 0.00000 0.00000 0.00000 0.00000 0.00000 0.00000 0.00000 0.00000 0.00000 0.00000 0.00000 0.00000 0.00000 0.00000 0.00000 0.00000 0.00000 0.00000
0.00000 0.00000 0.00000 0.00000 0.00000 0.00000 0.00000 0.00000 0.00000 0.00000 0.00000 0.00000 0.00000 0.00000 0.00000 0.00000 0.00000 0.00000 0.00000 0.00000 0.00000 0.00000 0.00000 0.00000 0.00000 0.00000 0.00000 0.00000 0.00000 0.00000 0.00000 0.00000 0.00000 0.00000 0.00000 0.00000 0.00000 0.00000 0.00000 0.00000 0.00000 0.00000 0.00000 0.00000 0.00000 0.00000 0.00000 0.00000 0.00000 0.00000 0.00000 0.00000 0.00000 0.00000 0.00000 0.01852 0.05535 0.09203 0.12874 0.16502 0.20129 0.23749 0.27336 0.30877 0.34481 0.36261 0.36081 0.35993 0.36048 0.35987 0.35762 0.35673 0.35758 0.35712 0.35486 0.37560 0.41993 0.46223 0.50291 0.54676 0.58920 0.62936 0.67065 0.71483 0.75574 0.77375 0.77342 0.77340 0.77078 0.76969 0.77009 0.76753 0.76489 0.76642 0.76639 0.72454 0.64778 0.57234 0.49491 0.41729 0.34160 0.26597 0.18946 0.11341 0.03780 0.00000 0.00000 0.00000 0.00000 0.00000 0.00000 0.00000 0.00000 0.00000 0.00000 0.00000 0.00000 0.00000 0.00000 0.00000 0.00000 0.00000 0.00000 0.00000 0.00000 0.00000 0.00000 0.00000 0.00000 0.00000 0.00000 0.00000 0.00000 0.00000 0.00000 0.00000 0.00000 0.00000 0.00000 0.00000 0.00000 0.00000 0.00000 0.00000 0.00000 0.00000 0.00000 0.00000 0.00000 0.00000 0.00000 0.00000 0.00000 0.00000 0.00000 0.00000 0.00000 0.00000 0.00000 0.00000 0.00000 0.00000 0.00000 0.00000 0.00000 0.00000 0.00000 0.00000 0.00000 0.00000 0.00000 0.00000 0.00000 0.00000 0.00000 0.00000 0.00000 0.00000 0.00000 0.00000 0.00000 0.00000 0.00000 0.00000 0.00000 0.00000 0.00000 0.00000 0.00000 0.00000 0.00000 0.00000 0.00000 0.00000 0.00000 0.00000 0.00000 0.00000 0.00000 0.00000 0.00000 0.00000 0.00000 0.00000 0.00000 0.00000 0.00000 0.00000 0.00000 0.00000 0.00000 0.00000 0.00000 0.00000 0.00000 0.00000 0.00000 0.00000 0.00000 0.00000 0.00000 0.00000 0.00000 0.00000 0.00000 0.00000 0.00000 0.00000 0.00000 0.00000
0.00000 0.00000 0.00000 0.00000 0.00000 0.00000 0.00000 0.00000 0.00000 0.00000 0.00000 0.00000 0.00000 0.00000 0.00000 0.00000 0.00000 0.00000 0.00000 0.00000 0.00000 0.00000 0.00000 0.00000 0.00000 0.00000 0.00000 0.00000 0.00000 0.00000 0.00000 0.00000 0.00000 0.00000 0.00000 0.00000 0.00000 0.00000 0.00000 0.00000 0.00000 0.00000 0.00000 0.00000 0.00000 0.00000 0.00000 0.00000 0.00000 0.00000 0.00000 0.00000 0.00000 0.00000 0.00000 0.02256 0.06760 0.11233 0.15691 0.20158 0.24550 0.28959 0.33369 0.37700 0.42006 0.44199 0.44151 0.43909 0.43815 0.43891 0.43817 0.43560 0.43429 0.43514 0.43489 0.45005 0.48430 0.52032 0.55451 0.58709 0.62302 0.65714 0.68931 0.72281 0.75886 0.77418 0.77139 0.77124 0.77076 0.76806 0.76746 0.76787 0.76519 0.76329 0.76426 0.72531 0.64658 0.57072 0.49466 0.41730 0.34066 0.26522 0.18947 0.11333 0.03772 0.00000 0.00000 0.00000 0.00000 0.00000 0.00000 0.00000 0.00000 0.00000 0.00000 0.00000 0.00000 0.00000 0.00000 0.00000 0.00000 0.00000 0.00000 0.00000 0.00000 0.00000 0.00000 0.00000 0.00000 0.00000 0.00000 0.00000 0.00000 0.00000 0.00000 0.00000 0.00000 0.00000 0.00000 0.00000 0.00000 0.00000 0.00000 0.00000 0.00000 0.00000 0.00000 0.00000 0.00000 0.00000 0.00000 0.00000 0.00000 0.00000 0.00000 0.00000 0.00000 0.00000 0.00000 0.00000 0.00000 0.00000 0.00000 0.00000 0.00000 0.00000 0.00000 0.00000 0.00000 0.00000 0.00000 0.00000 0.00000 0.00000 0.00000 0.00000 0.00000 0.00000 0.00000 0.00000 0.00000 0.00000 0.00000 0.00000 0.00000 0.00000 0.00000 0.00000 0.00000 0.00000 0.00000 0.00000 0.00000 0.00000 0.00000 0.00000 0.00000 0.00000 0.00000 0.00000 0.00000 0.00000 0.00000 0.00000 0.00000 0.00000 0.00000 0.00000 0.00000 0.00000 0.00000 0.00000 0.00000 0.00000 0.00000 0.00000 0.00000 0.00000 0.00000 0.00000 0.00000 0.00000 0.00000 0.00000 0.00000 0.00000 0.00000 0.00000 0.00000 0.00000
0.00000 0.00000 0.00000 0.00000 0.00000 0.00000 0.00000 0.00000 0.00000 0.00000 0.00000 0.00000 0.00000 0.00000 0.00000 0.00000 0.00000 0.00000 0.00000 0.00000 0.00000 0.00000 0.00000 0.00000 0.00000 0.00000 0.00000 0.00000 0.00000 0.00000 0.00000 0.00000 0.00000 0.00000 0.00000 0.00000 0.00000 0.00000 0.00000 0.00000 0.00000 0.00000 0.00000 0.00000 0.00000 0.00000 0.00000 0.00000 0.00000 0.00000 0.00000 0.00000 0.00000 0.00000 0.00000 0.02660 0.07976 0.13259 0.18512 0.23755 0.28988 0.34143 0.39339 0.44528 0.49570 0.52036 0.52056 0.51982 0.51658 0.51563 0.51646 0.51592 0.51347 0.51122 0.51186 0.52576 0.55072 0.57690 0.60424 0.63008 0.65496 0.68321 0.70911 0.73311 0.75883 0.77352 0.77154 0.76875 0.76849 0.76786 0.76576 0.76521 0.76484 0.76227 0.76166 0.72398 0.64638 0.56845 0.49316 0.41737 0.34043 0.26414 0.18884 0.11333 0.03769 0.00000 0.00000 0.00000 0.00000 0.00000 0.00000 0.00000 0.00000 0.00000 0.00000 0.00000 0.00000 0.00000 0.00000 0.00000 0.00000 0.00000 0.00000 0.00000 0.00000 0.00000 0.00000 0.00000 0.00000 0.00000 0.00000 0.00000 0.00000 0.00000 0.00000 0.00000 0.00000 0.00000 0.00000 0.00000 0.00000 0.00000 0.00000 0.00000 0.00000 0.00000 0.00000 0.00000 0.00000 0.00000 0.00000 0.00000 0.00000 0.00000 0.00000 0.00000 0.00000 0.00000 0.00000 0.00000 0.00000 0.00000 0.00000 0.00000 0.00000 0.00000 0.00000 0.00000 0.00000 0.00000 0.00000 0.00000 0.00000 0.00000 0.00000 0.00000 0.00000 0.00000 0.00000 0.00000 0.00000 0.00000 0.00000 0.00000 0.00000 0.00000 0.00000 0.00000 0.00000 0.00000 0.00000 0.00000 0.00000 0.00000 0.00000 0.00000 0.00000 0.00000 0.00000 0.00000 0.00000 0.00000 0.00000 0.00000 0.00000 0.00000 0.00000 0.00000 0.00000 0.00000 0.00000 0.00000 0.00000 0.00000 0.00000 0.00000 0.00000 0.00000 0.00000 0.00000 0.00000 0.00000 0.00000 0.00000 0.00000 0.00000 0.00000 0.00000 0.00000 0.00000
0.00000 0.00000 0.00000 0.00000 0.00000 0.00000 0.00000 0.00000 0.00000 0.00000 0.00000 0.00000 0.00000 0.00000 0.00000 0.00000 0.00000 0.00000 0.00000 0.00000 0.00000 0.00000 0.00000 0.00000 0.00000 0.00000 0.00000 0.00000 0.00000 0.00000 0.00000 0.00000 0.00000 0.00000 0.00000 0.00000 0.00000 0.00000 0.00000 0.00000 0.00000 0.00000 0.00000 0.00000 0.00000 0.00000 0.00000 0.00000 0.00000 0.00000 0.00000 0.00000 0.00000 0.00000 0.00000 0.03064 0.09173 0.15290 0.21331 0.27353 0.33375 0.39356 0.45271 0.51248 0.57202 0.59939 0.59798 0.59844 0.59750 0.59360 0.59255 0.59325 0.59309 0.59098 0.58771 0.59755 0.61788 0.63526 0.65307 0.67184 0.68979 0.70730 0.72727 0.74506 0.76148 0.77008 0.77078 0.76861 0.76637 0.76625 0.76536 0.76344 0.76274 0.76227 0.76027 0.72222 0.64567 0.56827 0.49146 0.41648 0.34044 0.26391 0.18824 0.11307 0.03767 0.00000 0.00000 0.00000 0.00000 0.00000 0.00000 0.00000 0.00000 0.00000 0.00000 0.00000 0.00000 0.00000 0.00000 0.00000 0.00000 0.00000 0.00000 0.00000 0.00000 0.00000 0.00000 0.00000 0.00000 0.00000 0.00000 0.00000 0.00000 0.00000 0.00000 0.00000 0.00000 0.00000 0.00000 0.00000 0.00000 0.00000 0.00000 0.00000 0.00000 0.00000 0.00000 0.00000 0.00000 0.00000 0.00000 0.00000 0.00000 0.00000 0.00000 0.00000 0.00000 0.00000 0.00000 0.00000 0.00000 0.00000 0.00000 0.00000 0.00000 0.00000 0.00000 0.00000 0.00000 0.00000 0.00000 0.00000 0.00000 0.00000 0.00000 0.00000 0.00000 0.00000 0.00000 0.00000 0.00000 0.00000 0.00000 0.00000 0.00000 0.00000 0.00000 0.00000 0.00000 0.00000 0.00000 0.00000 0.00000 0.00000 0.00000 0.00000 0.00000 0.00000 0.00000 0.00000 0.00000 0.00000 0.00000 0.00000 0.00000 0.00000 0.00000 0.00000 0.00000 0.00000 0.00000 0.00000 0.00000 0.00000 0.00000 0.00000 0.00000 0.00000 0.00000 0.00000 0.00000 0.00000 0.00000 0.00000 0.00000 0.00000 0.00000 0.00000 0.00000 0.00000
0.00000 0.00000 0.00000 0.00000 0.00000 0.00000 0.00000 0.00000 0.00000 0.00000 0.00000 0.00000 0.00000 0.00000 0.00000 0.00000 0.00000 0.00000 0.00000 0.00000 0.00000 0.00000 0.00000 0.00000 0.00000 0.00000 0.00000 0.00000 0.00000 0.00000 0.00000 0.00000 0.00000 0.00000 0.00000 0.00000 0.00000 0.00000 0.00000 0.00000 0.00000 0.00000 0.00000 0.00000 0.00000 0.00000 0.00000 0.00000 0.00000 0.00000 0.00000 0.00000 0.00000 0.00000 0.00000 0.03472 0.10377 0.17260 0.24159 0.30954 0.37741 0.44532 0.51236 0.57907 0.64683 0.67982 0.67622 0.67487 0.67569 0.67468 0.67106 0.66879 0.66902 0.66968 0.66813 0.66972 0.68070 0.69333 0.70346 0.71328 0.72345 0.73338 0.74356 0.75578 0.76548 0.76824 0.76748 0.76817 0.76612 0.76372 0.76349 0.76284 0.76148 0.76031 0.75928 0.71991 0.64455 0.56805 0.49083 0.41458 0.33969 0.26400 0.18802 0.11265 0.03757 0.00000 0.00000 0.00000 0.00000 0.00000 0.00000 0.00000 0.00000 0.00000 0.00000 0.00000 0.00000 0.00000 0.00000 0.00000 0.00000 0.00000 0.00000 0.00000 0.00000 0.00000 0.00000 0.00000 0.00000 0.00000 0.00000 0.00000 0.00000 0.00000 0.00000 0.00000 0.00000 0.00000 0.00000 0.00000 0.00000 0.00000 0.00000 0.00000 0.00000 0.00000 0.00000 0.00000 0.00000 0.00000 0.00000 0.00000 0.00000 0.00000 0.00000 0.00000 0.00000 0.00000 0.00000 0.00000 0.00000 0.00000 0.00000 0.00000 0.00000 0.00000 0.00000 0.00000 0.00000 0.00000 0.00000 0.00000 0.00000 0.00000 0.00000 0.00000 0.00000 0.00000 0.00000 0.00000 0.00000 0.00000 0.00000 0.00000 0.00000 0.00000 0.00000 0.00000 0.00000 0.00000 0.00000 0.00000 0.00000 0.00000 0.00000 0.00000 0.00000 0.00000 0.00000 0.00000 0.00000 0.00000 0.00000 0.00000 0.00000 0.00000 0.00000 0.00000 0.00000 0.00000 0.00000 0.00000 0.00000 0.00000 0.00000 0.00000 0.00000 0.00000 0.00000 0.00000 0.00000 0.00000 0.00000 0.00000 0.00000 0.00000 0.00000 0.00000 0.00000 0.00000
0.00000 0.00000 0.00000 0.00000 0.00000 0.00000 0.00000 0.00000 0.00000 0.00000 0.00000 0.00000 0.00000 0.00000 0.00000 0.00000 0.00000 0.00000 0.00000 0.00000 0.00000 0.00000 0.00000 0.00000 0.00000 0.00000 0.00000 0.00000 0.00000 0.00000 0.00000 0.00000 0.00000 0.00000 0.00000 0.00000 0.00000 0.00000 0.00000 0.00000 0.00000 0.00000 0.00000 0.00000 0.00000 0.00000 0.00000 0.00000 0.00000 0.00000 0.00000 0.00000 0.00000 0.00000 0.00000 0.03878 0.11597 0.19253 0.26902 0.34565 0.42118 0.49657 0.57205 0.64613 0.72044 0.75823 0.75687 0.75245 0.75117 0.75252 0.75126 0.74882 0.74451 0.74430 0.74564 0.74655 0.74535 0.74783 0.75274 0.75562 0.75738 0.75907 0.76141 0.76454 0.76853 0.76825 0.76558 0.76532 0.76561 0.76335 0.76111 0.76111 0.76079 0.75936 0.75753 0.71883 0.64276 0.56727 0.49063 0.41400 0.33843 0.26357 0.18798 0.11247 0.03746 0.00000 0.00000 0.00000 0.00000 0.00000 0.00000 0.00000 0.00000 0.00000 0.00000 0.00000 0.00000 0.00000 0.00000 0.00000 0.00000 0.00000 0.00000 0.00000 0.00000 0.00000 0.00000 0.00000 0.00000 0.00000 0.00000 0.00000 0.00000 0.00000 0.00000 0.00000 0.00000 0.00000 0.00000 0.00000 0.00000 0.00000 0.00000 0.00000 0.00000 0.00000 0.00000 0.00000 0.00000 0.00000 0.00000 0.00000 0.00000 0.00000 0.00000 0.00000 0.00000 0.00000 0.00000 0.00000 0.00000 0.00000 0.00000 0.00000 0.00000 0.00000 0.00000 0.00000 0.00000 0.00000 0.00000 0.00000 0.00000 0.00000 0.00000 0.00000 0.00000 0.00000 0.00000 0.00000 0.00000 0.00000 0.00000 0.00000 0.00000 0.00000 0.00000 0.00000 0.00000 0.00000 0.00000 0.00000 0.00000 0.00000 0.00000 0.00000 0.00000 0.00000 0.00000 0.00000 0.00000 0.00000 0.00000 0.00000 0.00000 0.00000 0.00000 0.00000 0.00000 0.00000 0.00000 0.00000 0.00000 0.00000 0.00000 0.00000 0.00000 0.00000 0.00000 0.00000 0.00000 0.00000 0.00000 0.00000 0.00000 0.00000 0.00000 0.00000 0.00000 0.00000
0.00000 0.00000 0.00000 0.00000 0.00000 0.00000 0.00000 0.00000 0.00000 0.00000 0.00000 0.00000 0.00000 0.00000 0.00000 0.00000 0.00000 0.00000 0.00000 0.00000 0.00000 0.00000 0.00000 0.00000 0.00000 0.00000 0.00000 0.00000 0.00000 0.00000 0.00000 0.00000 0.00000 0.00000 0.00000 0.00000 0.00000 0.00000 0.00000 0.00000 0.00000 0.00000 0.00000 0.00000 0.00000 0.00208 0.00623 0.01035 0.01447 0.01858 0.02263 0.02666 0.03073 0.03477 0.03868 0.07923 0.15660 0.23308 0.30885 0.38484 0.46085 0.53592 0.61090 0.68577 0.75873 0.79499 0.79535 0.79373 0.78885 0.78739 0.78892 0.78795 0.78645 0.78068 0.78008 0.78178 0.78095 0.77605 0.77394 0.77459 0.77438 0.77249 0.76973 0.76793 0.76781 0.76609 0.75989 0.75317 0.74943 0.74611 0.74006 0.73367 0.72991 0.72655 0.72139 0.68148 0.60885 0.53728 0.46570 0.39326 0.32085 0.24937 0.17828 0.10683 0.03553 0.00000 0.00000 0.00000 0.00000 0.00000 0.00000 0.00000 0.00000 0.00000 0.00000 0.00000 0.00000 0.00000 0.00000 0.00000 0.00000 0.00000 0.00000 0.00000 0.00000 0.00000 0.00000 0.00000 0.00000 0.00000 0.00000 0.00000 0.00000 0.00000 0.00000 0.00000 0.00000 0.00000 0.00000 0.00000 0.00000 0.00000 0.00000 0.00000 0.00000 0.00186 0.00562 0.00936 0.01306 0.01681 0.02066 0.02443 0.02808 0.03183 0.03581 0.03587 0.03197 0.02820 0.02458 0.02081 0.01702 0.01326 0.00949 0.00570 0.00190 0.00000 0.00000 0.00000 0.00000 0.00000 0.00000 0.00000 0.00000 0.00000 0.00000 0.00000 0.00000 0.00000 0.00000 0.00000 0.00000 0.00000 0.00000 0.00000 0.00000 0.00000 0.00000 0.00000 0.00000 0.00000 0.00000 0.00000 0.00000 0.00000 0.00000 0.00000 0.00000 0.00000 0.00000 0.00000 0.00000 0.00000 0.00000 0.00000 0.00000 0.00000 0.00000 0.00000 0.00000 0.00000 0.00000 0.00000 0.00000 0.00000 0.00000 0.00000 0.00000 0.00000 0.00000 0.00000 0.00000 0.00000 0.00000 0.00000 0.00000 0.00000 0.00000 0.00000 0.00000 0.00000
0.00000 0.00000 0.00000 0.00000 0.00000 0.00000 0.00000 0.00000 0.00000 0.00000 0.00000 0.00000 0.00000 0.00000 0.00000 0.00000 0.00000 0.00000 0.00000 0.00000 0.00000 0.00000 0.00000 0.00000 0.00000 0.00000 0.00000 0.00000 0.00000 0.00000 0.00000 0.00000 0.00000 0.00000 0.00000 0.00000 0.00000 0.00000 0.00000 0.00000 0.00000 0.00000 0.00000 0.00000 0.00000 0.00624 0.01868 0.03104 0.04331 0.05559 0.06785 0.07987 0.09191 0.10417 0.11614 0.15610 0.22458 0.29367 0.36141 0.42827 0.49569 0.56303 0.62980 0.69647 0.76274 0.79305 0.79176 0.79250 0.79081 0.78649 0.78417 0.78500 0.78506 0.78364 0.77775 0.77690 0.77873 0.77797 0.77367 0.77086 0.77131 0.77176 0.76998 0.76671 0.76502 0.75979 0.74823 0.73407 0.72007 0.70918 0.69823 0.68447 0.67052 0.65952 0.64921 0.60973 0.54375 0.47914 0.41559 0.35156 0.28695 0.22264 0.15900 0.09546 0.03177 0.00000 0.00000 0.00000 0.00000 0.00000 0.00000 0.00000 0.00000 0.00000 0.00000 0.00000 0.00000 0.00000 0.00000 0.00000 0.00000 0.00000 0.00000 0.00000 0.00000 0.00000 0.00000 0.00000 0.00000 0.00000 0.00000 0.00000 0.00000 0.00000 0.00000 0.00000 0.00000 0.00000 0.00000 0.00000 0.00000 0.00000 0.00000 0.00000 0.00000 0.00560 0.01681 0.02794 0.03917 0.05060 0.06183 0.07283 0.08419 0.09596 0.10731 0.10683 0.09557 0.08501 0.07369 0.06217 0.05095 0.03983 0.02845 0.01705 0.00570 0.00000 0.00000 0.00000 0.00000 0.00000 0.00000 0.00000 0.00000 0.00000 0.00000 0.00000 0.00000 0.00000 0.00000 0.00000 0.00000 0.00000 0.00000 0.00000 0.00000 0.00000 0.00000 0.00000 0.00000 0.00000 0.00000 0.00000 0.00000 0.00000 0.00000 0.00000 0.00000 0.00000 0.00000 0.00000 0.00000 0.00000 0.00000 0.00000 0.00000 0.00000 0.00000 0.00000 0.00000 0.00000 0.00000 0.00000 0.00000 0.00000 0.00000 0.00000 0.00000 0.00000 0.00000 0.00000 0.00000 0.00000 0.00000 0.00000 0.00000 0.00000 0.00000 0.00000 0.00000 0.00000
0.00000 0.00000 0.00000 0.00000 0.00000 0.00000 0.00000 0.00000 0.00000 0.00000 0.00000 0.00000 0.00000 0.00000 0.00000 0.00000 0.00000 0.00000 0.00000 0.00000 0.00000 0.00000 0.00000 0.00000 0.00000 0.00000 0.00000 0.00000 0.00000 0.00000 0.00000 0.00000 0.00000 0.00000 0.00000 0.00000 0.00000 0.00000 0.00000 0.00000 0.00000 0.00000 0.00000 0.00000 0.00000 0.01037 0.03105 0.05167 0.07212 0.09243 0.11281 0.13313 0.15290 0.17288 0.19345 0.23347 0.29277 0.35267 0.41338 0.47265 0.53074 0.58969 0.64831 0.70693 0.76563 0.79355 0.78954 0.78840 0.78949 0.78802 0.78464 0.78098 0.78133 0.78214 0.78075 0.77506 0.77377 0.77539 0.77499 0.77151 0.76802 0.76792 0.76915 0.76769 0.76424 0.75248 0.73437 0.71539 0.69365 0.67191 0.65368 0.63556 0.61438 0.59283 0.57431 0.53793 0.48005 0.42218 0.36525 0.30935 0.25304 0.19640 0.13993 0.08396 0.02799 0.00000 0.00000 0.00000 0.00000 0.00000 0.00000 0.00000 0.00000 0.00000 0.00000 0.00000 0.00000 0.00000 0.00000 0.00000 0.00000 0.00000 0.00000 0.00000 0.00000 0.00000 0.00000 0.00000 0.00000 0.00000 0.00000 0.00000 0.00000 0.00000 0.00000 0.00000 0.00000 0.00000 0.00000 0.00000 0.00000 0.00000 0.00000 0.00000 0.00000 0.00932 0.02787 0.04654 0.06546 0.08413 0.10246 0.12137 0.14076 0.15959 0.17773 0.17780 0.16010 0.14124 0.12225 0.10370 0.08506 0.06608 0.04730 0.02847 0.00949 0.00000 0.00000 0.00000 0.00000 0.00000 0.00000 0.00000 0.00000 0.00000 0.00000 0.00000 0.00000 0.00000 0.00000 0.00000 0.00000 0.00000 0.00000 0.00000 0.00000 0.00000 0.00000 0.00000 0.00000 0.00000 0.00000 0.00000 0.00000 0.00000 0.00000 0.00000 0.00000 0.00000 0.00000 0.00000 0.00000 0.00000 0.00000 0.00000 0.00000 0.00000 0.00000 0.00000 0.00000 0.00000 0.00000 0.00000 0.00000 0.00000 0.00000 0.00000 0.00000 0.00000 0.00000 0.00000 0.00000 0.00000 0.00000 0.00000 0.00000 0.00000 0.00000 0.00000 0.00000 0.00000
0.00000 0.00000 0.00000 0.00000 0.00000 0.00000 0.00000 0.00000 0.00000 0.00000 0.00000 0.00000 0.00000 0.00000 0.00000 0.00000 0.00000 0.00000 0.00000 0.00000 0.00000 0.00000 0.00000 0.00000 0.00000 0.00000 0.00000 0.00000 0.00000 0.00000 0.00000 0.00000 0.00000 0.00000 0.00000 0.00000 0.00000 0.00000 0.00000 0.00000 0.00000 0.00000 0.00000 0.00000 0.00000 0.01451 0.04339 0.07217 0.10087 0.12925 0.15752 0.18602 0.21423 0.24153 0.26937 0.31042 0.36205 0.41228 0.46369 0.51601 0.56690 0.61647 0.66694 0.71689 0.76753 0.79274 0.79060 0.78632 0.78505 0.78627 0.78526 0.78245 0.77792 0.77783 0.77916 0.77778 0.77259 0.77073 0.77206 0.77205 0.76935 0.76522 0.76477 0.76645 0.76521 0.74811 0.71931 0.69400 0.66746 0.63807 0.60915 0.58364 0.55804 0.52949 0.50086 0.46362 0.41586 0.36594 0.31615 0.26707 0.21873 0.17007 0.12122 0.07258 0.02419 0.00000 0.00000 0.00000 0.00000 0.00000 0.00000 0.00000 0.00000 0.00000 0.00000 0.00000 0.00000 0.00000 0.00000 0.00000 0.00000 0.00000 0.00000 0.00000 0.00000 0.00000 0.00000 0.00000 0.00000 0.00000 0.00000 0.00000 0.00000 0.00000 0.00000 0.00000 0.00000 0.00000 0.00000 0.00000 0.00000 0.00000 0.00000 0.00000 0.00000 0.01299 0.03901 0.06528 0.09137 0.11711 0.14363 0.17044 0.19638 0.22195 0.24900 0.25017 0.22358 0.19672 0.17102 0.14543 0.11878 0.09233 0.06620 0.03983 0.01326 0.00000 0.00000 0.00000 0.00000 0.00000 0.00000 0.00000 0.00000 0.00000 0.00000 0.00000 0.00000 0.00000 0.00000 0.00000 0.00000 0.00000 0.00000 0.00000 0.00000 0.00000 0.00000 0.00000 0.00000 0.00000 0.00000 0.00000 0.00000 0.00000 0.00000 0.00000 0.00000 0.00000 0.00000 0.00000 0.00000 0.00000 0.00000 0.00000 0.00000 0.00000 0.00000 0.00000 0.00000 0.00000 0.00000 0.00000 0.00000 0.00000 0.00000 0.00000 0.00000 0.00000 0.00000 0.00000 0.00000 0.00000 0.00000 0.00000 0.00000 0.00000 0.00000 0.00000 0.00000 0.00000
0.00000 0.00000 0.00000 0.00000 0.00000 0.00000 0.00000 0.00000 0.00000 0.00000 0.00000 0.00000 0.00000 0.00000 0.00000 0.00000 0.00000 0.00000 0.00000 0.00000 0.00000 0.00000 0.00000 0.00000 0.00000 0.00000 0.00000 0.00000 0.00000 0.00000 0.00000 0.00000 0.00000 0.00000 0.00000 0.00000 0.00000 0.00000 0.00000 0.00000 0.00000 0.00000 0.00000 0.00000 0.00000 0.01862 0.05573 0.09261 0.12938 0.16611 0.20221 0.23835 0.27512 0.31104 0.34561 0.38527 0.43037 0.47346 0.51477 0.55783 0.60177 0.64443 0.68567 0.72776 0.76888 0.78999 0.79006 0.78785 0.78345 0.78169 0.78280 0.78249 0.78008 0.77503 0.77449 0.77606 0.77488 0.77044 0.76777 0.76858 0.76915 0.76735 0.76276 0.76166 0.76357 0.74566 0.70776 0.67119 0.63855 0.60473 0.56808 0.53177 0.49876 0.46583 0.43029 0.39101 0.34982 0.30940 0.26761 0.22582 0.18434 0.14352 0.10251 0.06138 0.02042 0.00000 0.00000 0.00000 0.00000 0.00000 0.00000 0.00000 0.00000 0.00000 0.00000 0.00000 0.00000 0.00000 0.00000 0.00000 0.00000 0.00000 0.00000 0.00000 0.00000 0.00000 0.00000 0.00000 0.00000 0.00000 0.00000 0.00000 0.00000 0.00000 0.00000 0.00000 0.00000 0.00000 0.00000 0.00000 0.00000 0.00000 0.00000 0.00000 0.00000 0.01669 0.05028 0.08370 0.11679 0.15084 0.18504 0.21825 0.25120 0.28623 0.32074 0.32013 0.28615 0.25369 0.22034 0.18586 0.15236 0.11909 0.08508 0.05093 0.01704 0.00000 0.00000 0.00000 0.00000 0.00000 0.00000 0.00000 0.00000 0.00000 0.00000 0.00000 0.00000 0.00000 0.00000 0.00000 0.00000 0.00000 0.00000 0.00000 0.00000 0.00000 0.00000 0.00000 0.00000 0.00000 0.00000 0.00000 0.00000 0.00000 0.00000 0.00000 0.00000 0.00000 0.00000 0.00000 0.00000 0.00000 0.00000 0.00000 0.00000 0.00000 0.00000 0.00000 0.00000 0.00000 0.00000 0.00000 0.00000 0.00000 0.00000 0.00000 0.00000 0.00000 0.00000 0.00000 0.00000 0.00000 0.00000 0.00000 0.00000 0.00000 0.00000 0.00000 0.00000 0.00000
0.00000 0.00000 0.00000 0.00000 0.00000 0.00000 0.00000 0.00000 0.00000 0.00000 0.00000 0.00000 0.00000 0.00000 0.00000 0.00000 0.00000 0.00000 0.00000 0.00000 0.00000 0.00000 0.00000 0.00000 0.00000 0.00000 0.00000 0.00000 0.00000 0.00000 0.00000 0.00000 0.00000 0.00000 0.00000 0.00000 0.00000 0.00000 0.00000 0.00000 0.00000 0.00000 0.00000 0.00000 0.00000 0.02272 0.06802 0.11304 0.15780 0.20259 0.24720 0.29076 0.33470 0.37987 0.42334 0.46097 0.49624 0.53315 0.56784 0.60046 0.63524 0.67083 0.70538 0.73850 0.77236 0.78708 0.78652 0.78712 0.78529 0.78117 0.77849 0.77913 0.77960 0.77754 0.77234 0.77122 0.77284 0.77195 0.76847 0.76488 0.76514 0.76633 0.76503 0.76026 0.75871 0.73996 0.69759 0.65233 0.60850 0.56847 0.52723 0.48338 0.44020 0.39959 0.35901 0.32031 0.28559 0.25176 0.21859 0.18470 0.15078 0.11699 0.08362 0.05017 0.01670 0.00000 0.00000 0.00000 0.00000 0.00000 0.00000 0.00000 0.00000 0.00000 0.00000 0.00000 0.00000 0.00000 0.00000 0.00000 0.00000 0.00000 0.00000 0.00000 0.00000 0.00000 0.00000 0.00000 0.00000 0.00000 0.00000 0.00000 0.00000 0.00000 0.00000 0.00000 0.00000 0.00000 0.00000 0.00000 0.00000 0.00000 0.00000 0.00000 0.00000 0.02041 0.06126 0.10183 0.14309 0.18464 0.22511 0.26536 0.30849 0.35014 0.38971 0.38957 0.35110 0.31037 0.26785 0.22670 0.18661 0.14544 0.10355 0.06224 0.02085 0.00000 0.00000 0.00000 0.00000 0.00000 0.00000 0.00000 0.00000 0.00000 0.00000 0.00000 0.00000 0.00000 0.00000 0.00000 0.00000 0.00000 0.00000 0.00000 0.00000 0.00000 0.00000 0.00000 0.00000 0.00000 0.00000 0.00000 0.00000 0.00000 0.00000 0.00000 0.00000 0.00000 0.00000 0.00000 0.00000 0.00000 0.00000 0.00000 0.00000 0.00000 0.00000 0.00000 0.00000 0.00000 0.00000 0.00000 0.00000 0.00000 0.00000 0.00000 0.00000 0.00000 0.00000 0.00000 0.00000 0.00000 0.00000 0.00000 0.00000 0.00000 0.00000 0.00000 0.00000 0.00000
0.00000 0.00000 0.00000 0.00000 0.00000 0.00000 0.00000 0.00000 0.00000 0.00000 0.00000 0.00000 0.00000 0.00000 0.00000 0.00000 0.00000 0.00000 0.00000 0.00000 0.00000 0.00000 0.00000 0.00000 0.00000 0.00000 0.00000 0.00000 0.00000 0.00000 0.00000 0.00000 0.00000 0.00000 0.00000 0.00000 0.00000 0.00000 0.00000 0.00000 0.00000 0.00000 0.00000 0.00000 0.00000 0.02680 0.08023 0.13348 0.18623 0.23878 0.29167 0.34399 0.39479 0.44638 0.49984 0.53875 0.56337 0.59034 0.61908 0.64543 0.66943 0.69620 0.72339 0.74993 0.77540 0.78727 0.78410 0.78290 0.78380 0.78280 0.77914 0.77550 0.77553 0.77657 0.77491 0.76994 0.76807 0.76947 0.76903 0.76659 0.76215 0.76191 0.76344 0.76264 0.75792 0.73128 0.68412 0.63470 0.58230 0.53126 0.48365 0.43514 0.38443 0.33434 0.28601 0.24910 0.22230 0.19557 0.16915 0.14337 0.11723 0.09097 0.06482 0.03892 0.01298 0.00000 0.00000 0.00000 0.00000 0.00000 0.00000 0.00000 0.00000 0.00000 0.00000 0.00000 0.00000 0.00000 0.00000 0.00000 0.00000 0.00000 0.00000 0.00000 0.00000 0.00000 0.00000 0.00000 0.00000 0.00000 0.00000 0.00000 0.00000 0.00000 0.00000 0.00000 0.00000 0.00000 0.00000 0.00000 0.00000 0.00000 0.00000 0.00000 0.00000 0.02407 0.07205 0.12059 0.16941 0.21712 0.26467 0.31524 0.36421 0.41116 0.45947 0.46295 0.41451 0.36401 0.31605 0.26923 0.22037 0.17069 0.12235 0.07382 0.02458 0.00000 0.00000 0.00000 0.00000 0.00000 0.00000 0.00000 0.00000 0.00000 0.00000 0.00000 0.00000 0.00000 0.00000 0.00000 0.00000 0.00000 0.00000 0.00000 0.00000 0.00000 0.00000 0.00000 0.00000 0.00000 0.00000 0.00000 0.00000 0.00000 0.00000 0.00000 0.00000 0.00000 0.00000 0.00000 0.00000 0.00000 0.00000 0.00000 0.00000 0.00000 0.00000 0.00000 0.00000 0.00000 0.00000 0.00000 0.00000 0.00000 0.00000 0.00000 0.00000 0.00000 0.00000 0.00000 0.00000 0.00000 0.00000 0.00000 0.00000 0.00000 0.00000 0.00000 0.00000 0.00000
0.00000 0.00000 0.00000 0.00000 0.00000 0.00000 0.00000 0.00000 0.00000 0.00000 0.00000 0.00000 0.00000 0.00000 0.00000 0.00000 0.00000 0.00000 0.00000 0.00000 0.00000 0.00000 0.00000 0.00000 0.00000 0.00000 0.00000 0.00000 0.00000 0.00000 0.00000 0.00000 0.00000 0.00000 0.00000 0.00000 0.00000 0.00000 0.00000 0.00000 0.00000 0.00000 0.00000 0.00000 0.00000 0.03089 0.09239 0.15370 0.21484 0.27505 0.33532 0.39651 0.45630 0.51413 0.57323 0.61464 0.63306 0.64895 0.66769 0.68835 0.70648 0.72192 0.74087 0.75975 0.77825 0.78737 0.78466 0.78170 0.77940 0.78027 0.78017 0.77717 0.77277 0.77201 0.77341 0.77217 0.76779 0.76502 0.76603 0.76619 0.76451 0.75954 0.75882 0.76069 0.76009 0.72724 0.66836 0.61368 0.55707 0.49765 0.43977 0.38451 0.32853 0.27111 0.21434 0.17700 0.15859 0.13970 0.12082 0.10195 0.08350 0.06494 0.04630 0.02772 0.00924 0.00000 0.00000 0.00000 0.00000 0.00000 0.00000 0.00000 0.00000 0.00000 0.00000 0.00000 0.00000 0.00000 0.00000 0.00000 0.00000 0.00000 0.00000 0.00000 0.00000 0.00000 0.00000 0.00000 0.00000 0.00000 0.00000 0.00000 0.00000 0.00000 0.00000 0.00000 0.00000 0.00000 0.00000 0.00000 0.00000 0.00000 0.00000 0.00000 0.00000 0.02771 0.08325 0.13913 0.19451 0.24946 0.30706 0.36356 0.41753 0.47292 0.53320 0.53367 0.47476 0.41934 0.36630 0.31041 0.25266 0.19691 0.14157 0.08497 0.02824 0.00000 0.00000 0.00000 0.00000 0.00000 0.00000 0.00000 0.00000 0.00000 0.00000 0.00000 0.00000 0.00000 0.00000 0.00000 0.00000 0.00000 0.00000 0.00000 0.00000 0.00000 0.00000 0.00000 0.00000 0.00000 0.00000 0.00000 0.00000 0.00000 0.00000 0.00000 0.00000 0.00000 0.00000 0.00000 0.00000 0.00000 0.00000 0.00000 0.00000 0.00000 0.00000 0.00000 0.00000 0.00000 0.00000 0.00000 0.00000 0.00000 0.00000 0.00000 0.00000 0.00000 0.00000 0.00000 0.00000 0.00000 0.00000 0.00000 0.00000 0.00000 0.00000 0.00000 0.00000 0.00000
0.00000 0.00000 0.00000 0.00000 0.00000 0.00000 0.00000 0.00000 0.00000 0.00000 0.00000 0.00000 0.00000 0.00000 0.00000 0.00000 0.00000 0.00000 0.00000 0.00000 0.00000 0.00000 0.00000 0.00000 0.00000 0.00000 0.00000 0.00000 0.00000 0.00000 0.00000 0.00000 0.00000 0.00000 0.00000 0.00000 0.00000 0.00000 0.00000 0.00000 0.00000 0.00000 0.00000 0.00000 0.00000 0.03497 0.10457 0.17379 0.24302 0.31190 0.37937 0.44719 0.51669 0.58391 0.64859 0.68710 0.70040 0.71053 0.71783 0.72858 0.74129 0.75109 0.75803 0.76952 0.78128 0.78451 0.78443 0.78233 0.77941 0.77611 0.77654 0.77718 0.77487 0.77015 0.76867 0.77010 0.76935 0.76580 0.76206 0.76262 0.76335 0.76215 0.75714 0.75590 0.75782 0.72532 0.65715 0.59097 0.52871 0.46487 0.39881 0.33401 0.27092 0.20762 0.14361 0.10602 0.09468 0.08365 0.07246 0.06118 0.04990 0.03885 0.02776 0.01662 0.00553 0.00000 0.00000 0.00000 0.00000 0.00000 0.00000 0.00000 0.00000 0.00000 0.00000 0.00000 0.00000 0.00000 0.00000 0.00000 0.00000 0.00000 0.00000 0.00000 0.00000 0.00000 0.00000 0.00000 0.00000 0.00000 0.00000 0.00000 0.00000 0.00000 0.00000 0.00000 0.00000 0.00000 0.00000 0.00000 0.00000 0.00000 0.00000 0.00000 0.00000 0.03140 0.09437 0.15705 0.21953 0.28410 0.34779 0.40923 0.47200 0.53930 0.60306 0.59997 0.53767 0.47786 0.41459 0.34904 0.28631 0.22420 0.16010 0.09572 0.03205 0.00000 0.00000 0.00000 0.00000 0.00000 0.00000 0.00000 0.00000 0.00000 0.00000 0.00000 0.00000 0.00000 0.00000 0.00000 0.00000 0.00000 0.00000 0.00000 0.00000 0.00000 0.00000 0.00000 0.00000 0.00000 0.00000 0.00000 0.00000 0.00000 0.00000 0.00000 0.00000 0.00000 0.00000 0.00000 0.00000 0.00000 0.00000 0.00000 0.00000 0.00000 0.00000 0.00000 0.00000 0.00000 0.00000 0.00000 0.00000 0.00000 0.00000 0.00000 0.00000 0.00000 0.00000 0.00000 0.00000 0.00000 0.00000 0.00000 0.00000 0.00000 0.00000 0.00000 0.00000 0.00000
0.00000 0.00000 0.00000 0.00000 0.00000 0.00000 0.00000 0.00000 0.00000 0.00000 0.00000 0.00000 0.00000 0.00000 0.00000 0.00000 0.00000 0.00000 0.00000 0.00000 0.00000 0.00000 0.00000 0.00000 0.00000 0.00000 0.00000 0.00000 0.00000 0.00000 0.00000 0.00000 0.00000 0.00000 0.00000 0.00000 0.00000 0.00000 0.00000 0.00000 0.00000 0.00000 0.00000 0.00000 0.00000 0.03901 0.11683 0.19396 0.27082 0.34808 0.42442 0.49902 0.57425 0.65181 0.72660 0.76198 0.76410 0.76949 0.77142 0.77030 0.77313 0.77822 0.77954 0.77904 0.78231 0.78440 0.78088 0.78061 0.78017 0.77729 0.77330 0.77288 0.77399 0.77241 0.76779 0.76547 0.76675 0.76652 0.76372 0.75926 0.75942 0.76064 0.75968 0.75489 0.75308 0.71915 0.64734 0.57246 0.49928 0.42928 0.35825 0.28566 0.21410 0.14334 0.07266 0.03535 0.03156 0.02776 0.02408 0.02038 0.01665 0.01291 0.00922 0.00554 0.00184 0.00000 0.00000 0.00000 0.00000 0.00000 0.00000 0.00000 0.00000 0.00000 0.00000 0.00000 0.00000 0.00000 0.00000 0.00000 0.00000 0.00000 0.00000 0.00000 0.00000 0.00000 0.00000 0.00000 0.00000 0.00000 0.00000 0.00000 0.00000 0.00000 0.00000 0.00000 0.00000 0.00000 0.00000 0.00000 0.00000 0.00000 0.00000 0.00000 0.00000 0.03500 0.10514 0.17524 0.24621 0.31715 0.38632 0.45609 0.53065 0.60200 0.66868 0.66966 0.60406 0.53374 0.45987 0.38983 0.32142 0.25014 0.17786 0.10711 0.03590 0.00000 0.00000 0.00000 0.00000 0.00000 0.00000 0.00000 0.00000 0.00000 0.00000 0.00000 0.00000 0.00000 0.00000 0.00000 0.00000 0.00000 0.00000 0.00000 0.00000 0.00000 0.00000 0.00000 0.00000 0.00000 0.00000 0.00000 0.00000 0.00000 0.00000 0.00000 0.00000 0.00000 0.00000 0.00000 0.00000 0.00000 0.00000 0.00000 0.00000 0.00000 0.00000 0.00000 0.00000 0.00000 0.00000 0.00000 0.00000 0.00000 0.00000 0.00000 0.00000 0.00000 0.00000 0.00000 0.00000 0.00000 0.00000 0.00000 0.00000 0.00000 0.00000 0.00000 0.00000 0.00000
0.00000 0.00000 0.00000 0.00000 0.00000 0.00000 0.00000 0.00000 0.00000 0.00000 0.00000 0.00000 0.00000 0.00000 0.00000 0.00000 0.00000 0.00000 0.00000 0.00000 0.00000 0.00000 0.00000 0.00000 0.00000 0.00000 0.00000 0.00000 0.00000 0.00000 0.00000 0.00000 0.00000 0.00000 0.00000 0.00210 0.00629 0.01046 0.01460 0.01874 0.02284 0.02691 0.03097 0.03505 0.03904 0.07990 0.15750 0.23485 0.31106 0.38728 0.46453 0.54013 0.61361 0.68815 0.76571 0.80195 0.79668 0.79484 0.79634 0.79401 0.78883 0.78789 0.78921 0.78597 0.78277 0.78166 0.78124 0.77712 0.77708 0.77766 0.77497 0.77068 0.76947 0.77064 0.76980 0.76556 0.76244 0.76334 0.76366 0.76150 0.75663 0.75633 0.75786 0.75708 0.75277 0.71479 0.64503 0.57360 0.49970 0.42698 0.35665 0.28588 0.21429 0.14308 0.07231 0.03526 0.03155 0.02779 0.02398 0.02031 0.01664 0.01291 0.00920 0.00552 0.00184 0.00184 0.00551 0.00918 0.01284 0.01648 0.02015 0.02382 0.02745 0.03109 0.03474 0.03475 0.03106 0.02740 0.02373 0.02010 0.01643 0.01278 0.00912 0.00548 0.00183 0.00000 0.00000 0.00000 0.00000 0.00000 0.00000 0.00000 0.00000 0.00000 0.00000 0.00000 0.00000 0.00000 0.00000 0.00000 0.00000 0.00000 0.00000 0.00000 0.00000 0.03681 0.11065 0.18473 0.25874 0.33200 0.40594 0.48278 0.55740 0.62873 0.70387 0.71050 0.64037 0.56677 0.49701 0.42921 0.35835 0.28576 0.21551 0.14517 0.07344 0.03760 0.03777 0.03796 0.03783 0.03785 0.03804 0.03819 0.03812 0.03819 0.03830 0.03647 0.03269 0.02890 0.02510 0.02126 0.01744 0.01359 0.00973 0.00585 0.00195 0.00000 0.00000 0.00000 0.00000 0.00000 0.00000 0.00000 0.00000 0.00000 0.00000 0.00000 0.00000 0.00000 0.00000 0.00000 0.00000 0.00000 0.00000 0.00000 0.00000 0.00000 0.00000 0.00000 0.00000 0.00000 0.00000 0.00000 0.00000 0.00000 0.00000 0.00000 0.00000 0.00000 0.00000 0.00000 0.00000 0.00000 0.00000 0.00000 0.00000 0.00000 0.00000 0.00000 0.00000 0.00000
0.00000 0.00000 0.00000 0.00000 0.00000 0.00000 0.00000 0.00000 0.00000 0.00000 0.00000 0.00000 0.00000 0.00000 0.00000 0.00000 0.00000 0.00000 0.00000 0.00000 0.00000 0.00000 0.00000 0.00000 0.00000 0.00000 0.00000 0.00000 0.00000 0.00000 0.00000 0.00000 0.00000 0.00000 0.00000 0.00630 0.01885 0.03135 0.04375 0.05610 0.06844 0.08066 0.09276 0.10490 0.11707 0.15757 0.22649 0.29555 0.36410 0.43126 0.49880 0.56775 0.63470 0.69930 0.76517 0.80058 0.79876 0.79344 0.79164 0.79326 0.79075 0.78571 0.78477 0.78614 0.78245 0.78005 0.77921 0.77839 0.77406 0.77352 0.77464 0.77260 0.76828 0.76614 0.76728 0.76704 0.76333 0.75952 0.76012 0.76092 0.75913 0.75430 0.75344 0.75510 0.75447 0.71877 0.65255 0.59019 0.52661 0.46097 0.39619 0.33284 0.26987 0.20650 0.14284 0.10529 0.09428 0.08336 0.07210 0.06073 0.04970 0.03870 0.02760 0.01654 0.00551 0.00550 0.01650 0.02749 0.03847 0.04939 0.06031 0.07131 0.08231 0.09310 0.10405 0.10402 0.09308 0.08204 0.07116 0.06016 0.04922 0.03826 0.02736 0.01640 0.00547 0.00000 0.00000 0.00000 0.00000 0.00000 0.00000 0.00000 0.00000 0.00000 0.00000 0.00000 0.00000 0.00000 0.00000 0.00000 0.00000 0.00000 0.00000 0.00000 0.00000 0.03688 0.11051 0.18408 0.25781 0.33160 0.40736 0.48201 0.55359 0.62817 0.70727 0.71368 0.64667 0.58478 0.52561 0.46251 0.39674 0.33453 0.27272 0.20858 0.14437 0.11304 0.11354 0.11312 0.11321 0.11392 0.11437 0.11392 0.11413 0.11469 0.11503 0.10919 0.09788 0.08665 0.07526 0.06381 0.05226 0.04073 0.02917 0.01755 0.00586 0.00000 0.00000 0.00000 0.00000 0.00000 0.00000 0.00000 0.00000 0.00000 0.00000 0.00000 0.00000 0.00000 0.00000 0.00000 0.00000 0.00000 0.00000 0.00000 0.00000 0.00000 0.00000 0.00000 0.00000 0.00000 0.00000 0.00000 0.00000 0.00000 0.00000 0.00000 0.00000 0.00000 0.00000 0.00000 0.00000 0.00000 0.00000 0.00000 0.00000 0.00000 0.00000 0.00000 0.00000 0.00000
0.00000 0.00000 0.00000 0.00000 0.00000 0.00000 0.00000 0.00000 0.00000 0.00000 0.00000 0.00000 0.00000 0.00000 0.00000 0.00000 0.00000 0.00000 0.00000 0.00000 0.00000 0.00000 0.00000 0.00000 0.00000 0.00000 0.00000 0.00000 0.00000 0.00000 0.00000 0.00000 0.00000 0.00000 0.00000 0.01049 0.03136 0.05217 0.07286 0.09336 0.11381 0.13430 0.15450 0.17450 0.19464 0.23531 0.29546 0.35558 0.41638 0.47615 0.53423 0.59318 0.65405 0.71255 0.76822 0.79576 0.79742 0.79555 0.79018 0.78856 0.79019 0.78735 0.78279 0.78181 0.78292 0.77877 0.77708 0.77716 0.77559 0.77139 0.77018 0.77123 0.77004 0.76593 0.76310 0.76389 0.76420 0.76118 0.75668 0.75692 0.75818 0.75666 0.75212 0.75069 0.75222 0.72364 0.66438 0.60588 0.55056 0.49474 0.43769 0.38056 0.32403 0.26869 0.21351 0.17590 0.15642 0.13816 0.12013 0.10143 0.08267 0.06425 0.04593 0.02753 0.00917 0.00916 0.02745 0.04569 0.06400 0.08231 0.10040 0.11852 0.13682 0.15517 0.17314 0.17311 0.15481 0.13666 0.11834 0.10016 0.08189 0.06373 0.04550 0.02732 0.00910 0.00000 0.00000 0.00000 0.00000 0.00000 0.00000 0.00000 0.00000 0.00000 0.00000 0.00000 0.00000 0.00000 0.00000 0.00000 0.00000 0.00000 0.00000 0.00000 0.00000 0.03676 0.11005 0.18376 0.25794 0.33241 0.40632 0.47907 0.55395 0.63085 0.70565 0.71251 0.65804 0.60583 0.55084 0.49286 0.43796 0.38441 0.32840 0.27122 0.21585 0.18871 0.18828 0.18828 0.18926 0.19001 0.18934 0.18986 0.19057 0.19099 0.19105 0.18202 0.16316 0.14416 0.12529 0.10628 0.08712 0.06783 0.04857 0.02922 0.00976 0.00000 0.00000 0.00000 0.00000 0.00000 0.00000 0.00000 0.00000 0.00000 0.00000 0.00000 0.00000 0.00000 0.00000 0.00000 0.00000 0.00000 0.00000 0.00000 0.00000 0.00000 0.00000 0.00000 0.00000 0.00000 0.00000 0.00000 0.00000 0.00000 0.00000 0.00000 0.00000 0.00000 0.00000 0.00000 0.00000 0.00000 0.00000 0.00000 0.00000 0.00000 0.00000 0.00000 0.00000 0.00000
0.00000 0.00000 0.00000 0.00000 0.00000 0.00000 0.00000 0.00000 0.00000 0.00000 0.00000 0.00000 0.00000 0.00000 0.00000 0.00000 0.00000 0.00000 0.00000 0.00000 0.00000 0.00000 0.00000 0.00000 0.00000 0.00000 0.00000 0.00000 0.00000 0.00000 0.00000 0.00000 0.00000 0.00000 0.00000 0.01467 0.04386 0.07289 0.10186 0.13063 0.15910 0.18754 0.21612 0.24413 0.27196 0.31230 0.36478 0.41599 0.46751 0.51997 0.57101 0.62039 0.67088 0.72352 0.77373 0.79494 0.79245 0.79429 0.79232 0.78701 0.78544 0.78714 0.78398 0.77998 0.77862 0.77975 0.77560 0.77391 0.77471 0.77298 0.76919 0.76687 0.76776 0.76738 0.76361 0.76010 0.76064 0.76138 0.75884 0.75402 0.75394 0.75551 0.75413 0.75006 0.74810 0.72508 0.67610 0.62519 0.57449 0.52613 0.47795 0.42943 0.37991 0.33035 0.28235 0.24635 0.21992 0.19280 0.16712 0.14184 0.11588 0.08990 0.06410 0.03846 0.01281 0.01281 0.03839 0.06389 0.08929 0.11499 0.14069 0.16573 0.19106 0.21669 0.24234 0.24188 0.21650 0.19092 0.16551 0.13992 0.11458 0.08905 0.06363 0.03816 0.01273 0.00000 0.00000 0.00000 0.00000 0.00000 0.00000 0.00000 0.00000 0.00000 0.00000 0.00000 0.00000 0.00000 0.00000 0.00000 0.00000 0.00000 0.00000 0.00000 0.00000 0.03665 0.11010 0.18376 0.25779 0.33176 0.40473 0.47891 0.55539 0.63008 0.70143 0.71562 0.67173 0.62415 0.57302 0.52615 0.48096 0.43241 0.38231 0.33521 0.28801 0.26286 0.26293 0.26448 0.26543 0.26409 0.26486 0.26636 0.26709 0.26652 0.26716 0.25467 0.22847 0.20177 0.17516 0.14859 0.12188 0.09503 0.06797 0.04085 0.01366 0.00000 0.00000 0.00000 0.00000 0.00000 0.00000 0.00000 0.00000 0.00000 0.00000 0.00000 0.00000 0.00000 0.00000 0.00000 0.00000 0.00000 0.00000 0.00000 0.00000 0.00000 0.00000 0.00000 0.00000 0.00000 0.00000 0.00000 0.00000 0.00000 0.00000 0.00000 0.00000 0.00000 0.00000 0.00000 0.00000 0.00000 0.00000 0.00000 0.00000 0.00000 0.00000 0.00000 0.00000 0.00000
0.00000 0.00000 0.00000 0.00000 0.00000 0.00000 0.00000 0.00000 0.00000 0.00000 0.00000 0.00000 0.00000 0.00000 0.00000 0.00000 0.00000 0.00000 0.00000 0.00000 0.00000 0.00000 0.00000 0.00000 0.00000 0.00000 0.00000 0.00000 0.00000 0.00000 0.00000 0.00000 0.00000 0.00000 0.00000 0.01883 0.05635 0.09359 0.13066 0.16775 0.20447 0.24075 0.27710 0.31373 0.34936 0.38893 0.43319 0.47704 0.51925 0.56225 0.60667 0.64917 0.68971 0.73177 0.77661 0.79667 0.79166 0.78920 0.79122 0.78898 0.78391 0.78243 0.78400 0.78051 0.77727 0.77571 0.77659 0.77302 0.77080 0.77169 0.77029 0.76689 0.76380 0.76427 0.76457 0.76140 0.75724 0.75739 0.75861 0.75651 0.75153 0.75104 0.75279 0.75158 0.74801 0.72520 0.68501 0.64383 0.60108 0.55828 0.51676 0.47606 0.43588 0.39401 0.35156 0.31432 0.28248 0.24895 0.21460 0.18134 0.14864 0.11555 0.08242 0.04934 0.01644 0.01642 0.04930 0.08212 0.11476 0.14717 0.18027 0.21343 0.24543 0.27796 0.31074 0.31089 0.27782 0.24518 0.21240 0.17976 0.14701 0.11440 0.08166 0.04901 0.01634 0.00000 0.00000 0.00000 0.00000 0.00000 0.00000 0.00000 0.00000 0.00000 0.00000 0.00000 0.00000 0.00000 0.00000 0.00000 0.00000 0.00000 0.00000 0.00000 0.00000 0.03663 0.11016 0.18370 0.25715 0.33057 0.40499 0.47983 0.55382 0.62696 0.70215 0.72107 0.68144 0.63932 0.59920 0.56117 0.52124 0.47855 0.43840 0.39970 0.35863 0.33742 0.33856 0.34013 0.33890 0.33995 0.34162 0.34206 0.34149 0.34293 0.34379 0.32694 0.29309 0.25948 0.22524 0.19078 0.15650 0.12211 0.08739 0.05252 0.01754 0.00000 0.00000 0.00000 0.00000 0.00000 0.00000 0.00000 0.00000 0.00000 0.00000 0.00000 0.00000 0.00000 0.00000 0.00000 0.00000 0.00000 0.00000 0.00000 0.00000 0.00000 0.00000 0.00000 0.00000 0.00000 0.00000 0.00000 0.00000 0.00000 0.00000 0.00000 0.00000 0.00000 0.00000 0.00000 0.00000 0.00000 0.00000 0.00000 0.00000 0.00000 0.00000 0.00000 0.00000 0.00000
0.00000 0.00000 0.00000 0.00000 0.00000 0.00000 0.00000 0.00000 0.00000 0.00000 0.00000 0.00000 0.00000 0.00000 0.00000 0.00000 0.00000 0.00000 0.00000 0.00000 0.00000 0.00000 0.00000 0.00000 0.00000 0.00000 0.00000 0.00000 0.00000 0.00000 0.00000 0.00000 0.00000 0.00000 0.00000 0.02297 0.06877 0.11434 0.15950 0.20450 0.24962 0.29415 0.33818 0.38233 0.42680 0.46589 0.50099 0.53691 0.57204 0.60562 0.64031 0.67649 0.71050 0.74270 0.77638 0.79543 0.79358 0.78852 0.78602 0.78817 0.78563 0.78088 0.77904 0.78091 0.77773 0.77433 0.77357 0.77370 0.77083 0.76759 0.76813 0.76766 0.76446 0.76075 0.76097 0.76181 0.75904 0.75441 0.75436 0.75586 0.75404 0.74922 0.74833 0.75002 0.74896 0.72901 0.69328 0.66026 0.62658 0.59198 0.55708 0.52242 0.48889 0.45674 0.42277 0.38391 0.34262 0.30348 0.26298 0.22171 0.18093 0.14082 0.10058 0.06032 0.02006 0.02004 0.06004 0.10022 0.14034 0.17994 0.21924 0.25991 0.30049 0.33929 0.37914 0.37914 0.33935 0.29906 0.25933 0.21934 0.17949 0.13952 0.09973 0.05981 0.01995 0.00000 0.00000 0.00000 0.00000 0.00000 0.00000 0.00000 0.00000 0.00000 0.00000 0.00000 0.00000 0.00000 0.00000 0.00000 0.00000 0.00000 0.00000 0.00000 0.00000 0.03659 0.10989 0.18349 0.25676 0.33031 0.40490 0.47909 0.55211 0.62663 0.70297 0.72441 0.68933 0.65712 0.62712 0.59443 0.55882 0.52672 0.49629 0.46253 0.42798 0.41287 0.41470 0.41326 0.41417 0.41670 0.41737 0.41615 0.41746 0.41909 0.42010 0.39924 0.35791 0.31660 0.27520 0.23327 0.19114 0.14898 0.10675 0.06419 0.02144 0.00000 0.00000 0.00000 0.00000 0.00000 0.00000 0.00000 0.00000 0.00000 0.00000 0.00000 0.00000 0.00000 0.00000 0.00000 0.00000 0.00000 0.00000 0.00000 0.00000 0.00000 0.00000 0.00000 0.00000 0.00000 0.00000 0.00000 0.00000 0.00000 0.00000 0.00000 0.00000 0.00000 0.00000 0.00000 0.00000 0.00000 0.00000 0.00000 0.00000 0.00000 0.00000 0.00000 0.00000 0.00000
0.00000 0.00000 0.00000 0.00000 0.00000 0.00000 0.00000 0.00000 0.00000 0.00000 0.00000 0.00000 0.00000 0.00000 0.00000 0.00000 0.00000 0.00000 0.00000 0.00000 0.00000 0.00000 0.00000 0.00000 0.00000 0.00000 0.00000 0.00000 0.00000 0.00000 0.00000 0.00000 0.00000 0.00000 0.00000 0.02711 0.08110 0.13493 0.18844 0.24136 0.29418 0.34732 0.39951 0.45106 0.50303 0.54313 0.56931 0.59581 0.62370 0.65034 0.67519 0.70150 0.72992 0.75562 0.77930 0.79075 0.79237 0.79051 0.78535 0.78293 0.78507 0.78213 0.77798 0.77552 0.77771 0.77583 0.77144 0.77113 0.77079 0.76842 0.76457 0.76453 0.76490 0.76216 0.75788 0.75769 0.75904 0.75675 0.75174 0.75134 0.75317 0.75160 0.74705 0.74570 0.74733 0.73336 0.70450 0.67648 0.65068 0.62438 0.59766 0.57055 0.54319 0.51657 0.49199 0.45492 0.40525 0.35645 0.30970 0.26217 0.21406 0.16599 0.11851 0.07111 0.02371 0.02367 0.07090 0.11792 0.16541 0.21289 0.25940 0.30587 0.35367 0.40120 0.44738 0.44743 0.40032 0.35320 0.30584 0.25895 0.21189 0.16472 0.11764 0.07064 0.02353 0.00000 0.00000 0.00000 0.00000 0.00000 0.00000 0.00000 0.00000 0.00000 0.00000 0.00000 0.00000 0.00000 0.00000 0.00000 0.00000 0.00000 0.00000 0.00000 0.00000 0.03655 0.10978 0.18306 0.25667 0.33039 0.40397 0.47779 0.55242 0.62671 0.70124 0.72584 0.70079 0.67632 0.65209 0.62529 0.59943 0.57646 0.55185 0.52437 0.49852 0.48833 0.48850 0.48867 0.49073 0.49132 0.49019 0.49261 0.49458 0.49438 0.49490 0.47205 0.42315 0.37371 0.32459 0.27572 0.22593 0.17591 0.12595 0.07586 0.02533 0.00000 0.00000 0.00000 0.00000 0.00000 0.00000 0.00000 0.00000 0.00000 0.00000 0.00000 0.00000 0.00000 0.00000 0.00000 0.00000 0.00000 0.00000 0.00000 0.00000 0.00000 0.00000 0.00000 0.00000 0.00000 0.00000 0.00000 0.00000 0.00000 0.00000 0.00000 0.00000 0.00000 0.00000 0.00000 0.00000 0.00000 0.00000 0.00000 0.00000 0.00000 0.00000 0.00000 0.00000 0.00000
0.00000 0.00000 0.00000 0.00000 0.00000 0.00000 0.00000 0.00000 0.00000 0.00000 0.00000 0.00000 0.00000 0.00000 0.00000 0.00000 0.00000 0.00000 0.00000 0.00000 0.00000 0.00000 0.00000 0.00000 0.00000 0.00000 0.00000 0.00000 0.00000 0.00000 0.00000 0.00000 0.00000 0.00000 0.00000 0.03126 0.09346 0.15533 0.21713 0.27843 0.33902 0.39958 0.46052 0.52027 0.57942 0.61883 0.63805 0.65570 0.67394 0.69366 0.71173 0.72835 0.74643 0.76696 0.78429 0.79011 0.78743 0.78930 0.78730 0.78224 0.77982 0.78203 0.77942 0.77500 0.77353 0.77470 0.77289 0.76831 0.76821 0.76807 0.76575 0.76143 0.76120 0.76220 0.75975 0.75498 0.75464 0.75634 0.75429 0.74908 0.74853 0.75054 0.74907 0.74479 0.74326 0.73545 0.71594 0.69481 0.67463 0.65610 0.63696 0.61789 0.59860 0.57878 0.55896 0.52315 0.46827 0.41193 0.35582 0.30131 0.24668 0.19166 0.13653 0.08183 0.02728 0.02729 0.08176 0.13606 0.18996 0.24484 0.29974 0.35309 0.40687 0.46162 0.51615 0.51532 0.46124 0.40690 0.35264 0.29812 0.24410 0.18987 0.13560 0.08134 0.02712 0.00000 0.00000 0.00000 0.00000 0.00000 0.00000 0.00000 0.00000 0.00000 0.00000 0.00000 0.00000 0.00000 0.00000 0.00000 0.00000 0.00000 0.00000 0.00000 0.00000 0.03657 0.10971 0.18269 0.25620 0.33009 0.40366 0.47729 0.55162 0.62621 0.70021 0.72865 0.71198 0.69493 0.67532 0.65751 0.64235 0.62493 0.60455 0.58667 0.57176 0.56257 0.56192 0.56393 0.56586 0.56520 0.56623 0.56856 0.56960 0.56988 0.57088 0.54371 0.48799 0.43125 0.37435 0.31742 0.26061 0.20309 0.14528 0.08736 0.02922 0.00000 0.00000 0.00000 0.00000 0.00000 0.00000 0.00000 0.00000 0.00000 0.00000 0.00000 0.00000 0.00000 0.00000 0.00000 0.00000 0.00000 0.00000 0.00000 0.00000 0.00000 0.00000 0.00000 0.00000 0.00000 0.00000 0.00000 0.00000 0.00000 0.00000 0.00000 0.00000 0.00000 0.00000 0.00000 0.00000 0.00000 0.00000 0.00000 0.00000 0.00000 0.00000 0.00000 0.00000 0.00000
0.00000 0.00000 0.00000 0.00000 0.00000 0.00000 0.00000 0.00000 0.00000 0.00000 0.00000 0.00000 0.00000 0.00000 0.00000 0.00000 0.00000 0.00000 0.00000 0.00000 0.00000 0.00000 0.00000 0.00000 0.00000 0.00000 0.00000 0.00000 0.00000 0.00000 0.00000 0.00000 0.00000 0.00000 0.00000 0.03538 0.10587 0.17583 0.24546 0.31518 0.38416 0.45220 0.52042 0.58924 0.65638 0.69438 0.70535 0.71629 0.72548 0.73512 0.74701 0.75690 0.76537 0.77482 0.78780 0.79123 0.78707 0.78430 0.78618 0.78381 0.77918 0.77762 0.77889 0.77751 0.77215 0.77154 0.77160 0.77001 0.76540 0.76491 0.76527 0.76326 0.75854 0.75792 0.75945 0.75739 0.75226 0.75157 0.75368 0.75191 0.74661 0.74572 0.74799 0.74661 0.74254 0.73526 0.72567 0.71362 0.70001 0.68749 0.67642 0.66442 0.65276 0.64101 0.62893 0.59058 0.52874 0.46674 0.40379 0.34066 0.27857 0.21677 0.15479 0.09267 0.03085 0.03084 0.09254 0.15410 0.21546 0.27656 0.33844 0.40011 0.46086 0.52244 0.58382 0.58363 0.52154 0.46060 0.39955 0.33761 0.27598 0.21490 0.15360 0.09205 0.03070 0.00000 0.00000 0.00000 0.00000 0.00000 0.00000 0.00000 0.00000 0.00000 0.00000 0.00000 0.00000 0.00000 0.00000 0.00000 0.00000 0.00000 0.00000 0.00000 0.00000 0.03650 0.10948 0.18259 0.25593 0.32961 0.40344 0.47671 0.55047 0.62561 0.70029 0.73131 0.72173 0.71201 0.70091 0.69149 0.68281 0.67093 0.65898 0.65157 0.64260 0.63603 0.63643 0.63871 0.63934 0.64085 0.64309 0.64281 0.64340 0.64609 0.64761 0.61550 0.55174 0.48881 0.42437 0.35946 0.29475 0.23017 0.16469 0.09893 0.03306 0.00000 0.00000 0.00000 0.00000 0.00000 0.00000 0.00000 0.00000 0.00000 0.00000 0.00000 0.00000 0.00000 0.00000 0.00000 0.00000 0.00000 0.00000 0.00000 0.00000 0.00000 0.00000 0.00000 0.00000 0.00000 0.00000 0.00000 0.00000 0.00000 0.00000 0.00000 0.00000 0.00000 0.00000 0.00000 0.00000 0.00000 0.00000 0.00000 0.00000 0.00000 0.00000 0.00000 0.00000 0.00000
0.00000 0.00000 0.00000 0.00000 0.00000 0.00000 0.00000 0.00000 0.00000 0.00000 0.00000 0.00000 0.00000 0.00000 0.00000 0.00000 0.00000 0.00000 0.00000 0.00000 0.00000 0.00000 0.00000 0.00000 0.00000 0.00000 0.00000 0.00000 0.00000 0.00000 0.00000 0.00000 0.00000 0.00000 0.00000 0.03947 0.11817 0.19643 0.27401 0.35134 0.42881 0.50531 0.58087 0.65674 0.73294 0.77097 0.77232 0.77527 0.77755 0.77859 0.78005 0.78407 0.78553 0.78616 0.78741 0.79060 0.78798 0.78395 0.78211 0.78315 0.78062 0.77604 0.77589 0.77590 0.77389 0.76908 0.76889 0.76875 0.76702 0.76220 0.76163 0.76263 0.76076 0.75552 0.75490 0.75681 0.75489 0.74948 0.74873 0.75110 0.74941 0.74411 0.74316 0.74555 0.74412 0.73825 0.73301 0.73093 0.72615 0.71975 0.71492 0.71157 0.70662 0.70178 0.69770 0.66055 0.58945 0.51970 0.45055 0.38096 0.31095 0.24152 0.17256 0.10353 0.03445 0.03442 0.10318 0.17195 0.24050 0.30912 0.37775 0.44612 0.51458 0.58286 0.65180 0.65136 0.58266 0.51354 0.44549 0.37727 0.30829 0.23966 0.17130 0.10286 0.03427 0.00000 0.00000 0.00000 0.00000 0.00000 0.00000 0.00000 0.00000 0.00000 0.00000 0.00000 0.00000 0.00000 0.00000 0.00000 0.00000 0.00000 0.00000 0.00000 0.00000 0.03638 0.10921 0.18262 0.25605 0.32900 0.40222 0.47636 0.55098 0.62476 0.69835 0.73490 0.73233 0.72899 0.72712 0.72540 0.72073 0.71689 0.71748 0.71571 0.71020 0.70865 0.71286 0.71399 0.71351 0.71512 0.71733 0.71840 0.71911 0.72070 0.72295 0.68806 0.61645 0.54506 0.47410 0.40191 0.32933 0.25668 0.18403 0.11063 0.03693 0.00000 0.00000 0.00000 0.00000 0.00000 0.00000 0.00000 0.00000 0.00000 0.00000 0.00000 0.00000 0.00000 0.00000 0.00000 0.00000 0.00000 0.00000 0.00000 0.00000 0.00000 0.00000 0.00000 0.00000 0.00000 0.00000 0.00000 0.00000 0.00000 0.00000 0.00000 0.00000 0.00000 0.00000 0.00000 0.00000 0.00000 0.00000 0.00000 0.00000 0.00000 0.00000 0.00000 0.00000 0.00000
0.00000 0.00000 0.00000 0.00000 0.00000 0.00000 0.00000 0.00000 0.00000 0.00000 0.00000 0.00000 0.00000 0.00000 0.00000 0.00000 0.00000 0.00000 0.00000 0.00000 0.00000 0.00000 0.00000 0.00000 0.00000 0.00000 0.00000 0.00000 0.00000 0.00000 0.00000 0.00000 0.00000 0.00000 0.00000 0.04149 0.12413 0.20650 0.28833 0.36932 0.45020 0.53140 0.61134 0.69005 0.76954 0.80899 0.80631 0.80315 0.80218 0.80057 0.79768 0.79453 0.79464 0.79239 0.78922 0.78633 0.78728 0.78471 0.78089 0.78040 0.78003 0.77725 0.77311 0.77341 0.77275 0.77071 0.76633 0.76581 0.76576 0.76436 0.75933 0.75837 0.75993 0.75831 0.75274 0.75186 0.75417 0.75247 0.74688 0.74585 0.74856 0.74699 0.74174 0.74054 0.74322 0.74178 0.73785 0.73619 0.73807 0.73696 0.73411 0.73290 0.73368 0.73241 0.73078 0.69553 0.62610 0.55555 0.48555 0.41644 0.34727 0.27771 0.20840 0.13952 0.07064 0.07055 0.13923 0.20789 0.27632 0.34437 0.41318 0.48286 0.55001 0.61804 0.68611 0.68513 0.61315 0.54026 0.46713 0.39626 0.32520 0.25200 0.17998 0.10809 0.03604 0.00180 0.00541 0.00902 0.01261 0.01621 0.01985 0.02350 0.02706 0.03063 0.03434 0.03624 0.03613 0.03609 0.03624 0.03631 0.03622 0.03620 0.03634 0.03638 0.03633 0.07086 0.14022 0.20984 0.27934 0.34845 0.41812 0.48933 0.55978 0.62846 0.69896 0.73684 0.73763 0.73712 0.73934 0.74054 0.73966 0.74233 0.74547 0.74490 0.74371 0.74719 0.75009 0.75024 0.75087 0.75189 0.75360 0.75606 0.75750 0.75773 0.75931 0.72602 0.65492 0.58295 0.51135 0.44032 0.36796 0.29511 0.22232 0.14943 0.07585 0.03700 0.03319 0.02937 0.02553 0.02164 0.01776 0.01385 0.00991 0.00597 0.00199 0.00000 0.00000 0.00000 0.00000 0.00000 0.00000 0.00000 0.00000 0.00000 0.00000 0.00000 0.00000 0.00000 0.00000 0.00000 0.00000 0.00000 0.00000 0.00000 0.00000 0.00000 0.00000 0.00000 0.00000 0.00000 0.00000 0.00000 0.00000 0.00000 0.00000 0.00000 0.00000 0.00000 0.00000 0.00000
0.00000 0.00000 0.00000 0.00000 0.00000 0.00000 0.00000 0.00000 0.00000 0.00000 0.00000 0.00000 0.00000 0.00000 0.00000 0.00000 0.00000 0.00000 0.00000 0.00000 0.00000 0.00000 0.00000 0.00000 0.00000 0.00000 0.00000 0.00000 0.00000 0.00000 0.00000 0.00000 0.00000 0.00000 0.00000 0.04146 0.12398 0.20607 0.28797 0.36919 0.44961 0.53006 0.61062 0.68989 0.76822 0.80712 0.80561 0.80288 0.79997 0.79923 0.79725 0.79442 0.79135 0.79158 0.78914 0.78599 0.78435 0.78423 0.78115 0.77765 0.77828 0.77715 0.77393 0.77009 0.77052 0.76988 0.76773 0.76344 0.76269 0.76313 0.76177 0.75637 0.75538 0.75743 0.75571 0.74998 0.74904 0.75162 0.74993 0.74422 0.74324 0.74613 0.74450 0.73928 0.73817 0.74100 0.73950 0.73533 0.73395 0.73620 0.73506 0.73172 0.73081 0.73191 0.73072 0.69746 0.63515 0.57365 0.51094 0.44801 0.38622 0.32458 0.26265 0.20080 0.13921 0.13910 0.20033 0.26186 0.32314 0.38383 0.44391 0.50642 0.56901 0.62826 0.68912 0.68348 0.61209 0.54013 0.46755 0.39499 0.32373 0.25238 0.17982 0.10788 0.03597 0.00540 0.01620 0.02700 0.03779 0.04863 0.05952 0.07030 0.08101 0.09196 0.10307 0.10835 0.10812 0.10842 0.10876 0.10856 0.10834 0.10875 0.10904 0.10879 0.10871 0.14001 0.20232 0.26394 0.32557 0.38846 0.45197 0.51417 0.57562 0.63911 0.70393 0.73564 0.73547 0.73753 0.73851 0.73813 0.74085 0.74343 0.74240 0.74149 0.74620 0.74866 0.74736 0.74741 0.75095 0.75309 0.75307 0.75410 0.75641 0.75839 0.75909 0.72821 0.66586 0.60228 0.53805 0.47391 0.41019 0.34542 0.28023 0.21502 0.14968 0.11105 0.09951 0.08807 0.07653 0.06492 0.05323 0.04154 0.02975 0.01788 0.00598 0.00000 0.00000 0.00000 0.00000 0.00000 0.00000 0.00000 0.00000 0.00000 0.00000 0.00000 0.00000 0.00000 0.00000 0.00000 0.00000 0.00000 0.00000 0.00000 0.00000 0.00000 0.00000 0.00000 0.00000 0.00000 0.00000 0.00000 0.00000 0.00000 0.00000 0.00000 0.00000 0.00000 0.00000 0.00000
0.00000 0.00000 0.00000 0.00000 0.00000 0.00000 0.00000 0.00000 0.00000 0.00000 0.00000 0.00000 0.00000 0.00000 0.00000 0.00000 0.00000 0.00000 0.00000 0.00000 0.00000 0.00000 0.00000 0.00000 0.00000 0.00000 0.00000 0.00000 0.00000 0.00000 0.00000 0.00000 0.00000 0.00000 0.00000 0.04141 0.12388 0.20579 0.28736 0.36881 0.44946 0.52915 0.60914 0.68938 0.76807 0.80524 0.80382 0.80252 0.79988 0.79660 0.79585 0.79416 0.79147 0.78848 0.78816 0.78585 0.78299 0.78245 0.78098 0.77766 0.77474 0.77532 0.77402 0.77082 0.76752 0.76733 0.76672 0.76507 0.76087 0.75938 0.76037 0.75928 0.75366 0.75238 0.75488 0.75319 0.74737 0.74616 0.74910 0.74747 0.74172 0.74055 0.74368 0.74213 0.73701 0.73568 0.73871 0.73739 0.73316 0.73162 0.73408 0.73324 0.72968 0.72859 0.72995 0.70175 0.64481 0.58979 0.53582 0.48081 0.42534 0.37083 0.31645 0.26205 0.20776 0.20753 0.26129 0.31507 0.36959 0.42383 0.47677 0.52963 0.58458 0.63948 0.69243 0.68271 0.60991 0.53927 0.46820 0.39499 0.32252 0.25157 0.17996 0.10773 0.03595 0.00899 0.02695 0.04491 0.06300 0.08107 0.09892 0.11681 0.13514 0.15344 0.17111 0.17995 0.18054 0.18088 0.18054 0.18037 0.18094 0.18133 0.18104 0.18089 0.18138 0.20909 0.26362 0.31775 0.37271 0.42895 0.48430 0.53780 0.59302 0.65110 0.70726 0.73309 0.73455 0.73759 0.73750 0.73797 0.74089 0.74150 0.74014 0.74320 0.74659 0.74655 0.74583 0.74787 0.75074 0.75228 0.75278 0.75311 0.75537 0.75801 0.75938 0.73147 0.67598 0.62110 0.56506 0.50828 0.45163 0.39542 0.33837 0.28081 0.22319 0.18499 0.16596 0.14671 0.12748 0.10817 0.08874 0.06917 0.04956 0.02982 0.00996 0.00000 0.00000 0.00000 0.00000 0.00000 0.00000 0.00000 0.00000 0.00000 0.00000 0.00000 0.00000 0.00000 0.00000 0.00000 0.00000 0.00000 0.00000 0.00000 0.00000 0.00000 0.00000 0.00000 0.00000 0.00000 0.00000 0.00000 0.00000 0.00000 0.00000 0.00000 0.00000 0.00000 0.00000 0.00000
0.00000 0.00000 0.00000 0.00000 0.00000 0.00000 0.00000 0.00000 0.00000 0.00000 0.00000 0.00000 0.00000 0.00000 0.00000 0.00000 0.00000 0.00000 0.00000 0.00000 0.00000 0.00000 0.00000 0.00000 0.00000 0.00000 0.00000 0.00000 0.00000 0.00000 0.00000 0.00000 0.00000 0.00000 0.00000 0.04134 0.12375 0.20563 0.28695 0.36806 0.44895 0.52893 0.60815 0.68786 0.76731 0.80498 0.80208 0.80092 0.79925 0.79646 0.79351 0.79291 0.79099 0.78812 0.78587 0.78520 0.78227 0.77972 0.78020 0.77818 0.77452 0.77184 0.77237 0.77113 0.76787 0.76505 0.76430 0.76379 0.76240 0.75834 0.75639 0.75780 0.75665 0.75118 0.74961 0.75237 0.75056 0.74483 0.74351 0.74664 0.74490 0.73919 0.73813 0.74138 0.73973 0.73463 0.73343 0.73667 0.73538 0.73091 0.72955 0.73211 0.73136 0.72737 0.72641 0.70453 0.65666 0.60684 0.55919 0.51273 0.46534 0.41729 0.36995 0.32274 0.27592 0.27611 0.32236 0.36849 0.41493 0.46301 0.50971 0.55497 0.60099 0.64865 0.69570 0.68236 0.61002 0.53776 0.46663 0.39562 0.32294 0.25095 0.17943 0.10794 0.03590 0.01256 0.03770 0.06291 0.08808 0.11324 0.13831 0.16362 0.18915 0.21431 0.23901 0.25203 0.25280 0.25268 0.25215 0.25264 0.25346 0.25327 0.25264 0.25337 0.25427 0.27757 0.32413 0.37221 0.42109 0.46832 0.51447 0.56301 0.61324 0.66120 0.70752 0.73308 0.73562 0.73575 0.73646 0.73891 0.73919 0.73830 0.74187 0.74479 0.74384 0.74288 0.74699 0.74994 0.74941 0.74949 0.75182 0.75468 0.75535 0.75619 0.75832 0.73584 0.68726 0.63903 0.59136 0.54293 0.49389 0.44484 0.39610 0.34673 0.29692 0.25871 0.23221 0.20541 0.17845 0.15138 0.12422 0.09681 0.06933 0.04174 0.01395 0.00000 0.00000 0.00000 0.00000 0.00000 0.00000 0.00000 0.00000 0.00000 0.00000 0.00000 0.00000 0.00000 0.00000 0.00000 0.00000 0.00000 0.00000 0.00000 0.00000 0.00000 0.00000 0.00000 0.00000 0.00000 0.00000 0.00000 0.00000 0.00000 0.00000 0.00000 0.00000 0.00000 0.00000 0.00000
0.00000 0.00000 0.00000 0.00000 0.00000 0.00000 0.00000 0.00000 0.00000 0.00000 0.00000 0.00000 0.00000 0.00000 0.00000 0.00000 0.00000 0.00000 0.00000 0.00000 0.00000 0.00000 0.00000 0.00000 0.00000 0.00000 0.00000 0.00000 0.00000 0.00000 0.00000 0.00000 0.00000 0.00000 0.00000 0.04129 0.12355 0.20545 0.28673 0.36744 0.44807 0.52852 0.60793 0.68638 0.76563 0.80458 0.80193 0.79877 0.79760 0.79613 0.79350 0.79052 0.78956 0.78764 0.78515 0.78348 0.78189 0.77841 0.77686 0.77748 0.77503 0.77154 0.76937 0.76918 0.76790 0.76528 0.76271 0.76105 0.76079 0.75996 0.75589 0.75331 0.75526 0.75406 0.74878 0.74677 0.74992 0.74804 0.74239 0.74080 0.74418 0.74247 0.73684 0.73561 0.73892 0.73748 0.73252 0.73103 0.73423 0.73345 0.72888 0.72741 0.72993 0.72957 0.72546 0.70456 0.66629 0.62593 0.58382 0.54353 0.50405 0.46416 0.42410 0.38367 0.34334 0.34371 0.38398 0.42255 0.46120 0.50056 0.54116 0.58058 0.61899 0.65805 0.69763 0.68189 0.61016 0.53747 0.46470 0.39461 0.32324 0.25077 0.17922 0.10764 0.03585 0.01613 0.04850 0.08081 0.11294 0.14526 0.17794 0.21052 0.24246 0.27443 0.30778 0.32455 0.32403 0.32370 0.32444 0.32516 0.32497 0.32447 0.32509 0.32613 0.32611 0.34533 0.38569 0.42734 0.46770 0.50616 0.54671 0.58997 0.63105 0.66908 0.71024 0.73432 0.73521 0.73393 0.73614 0.73826 0.73736 0.73915 0.74228 0.74279 0.74163 0.74416 0.74753 0.74848 0.74826 0.74871 0.75177 0.75433 0.75499 0.75526 0.75746 0.73907 0.69894 0.65794 0.61717 0.57697 0.53633 0.49496 0.45336 0.41227 0.37076 0.33269 0.29822 0.26396 0.22944 0.19474 0.15959 0.12446 0.08914 0.05359 0.01793 0.00000 0.00000 0.00000 0.00000 0.00000 0.00000 0.00000 0.00000 0.00000 0.00000 0.00000 0.00000 0.00000 0.00000 0.00000 0.00000 0.00000 0.00000 0.00000 0.00000 0.00000 0.00000 0.00000 0.00000 0.00000 0.00000 0.00000 0.00000 0.00000 0.00000 0.00000 0.00000 0.00000 0.00000 0.00000
0.00000 0.00000 0.00000 0.00000 0.00000 0.00000 0.00000 0.00000 0.00000 0.00000 0.00000 0.00000 0.00000 0.00000 0.00000 0.00000 0.00000 0.00000 0.00000 0.00000 0.00000 0.00000 0.00000 0.00000 0.00000 0.00000 0.00000 0.00000 0.00000 0.00000 0.00000 0.00000 0.00000 0.00000 0.00000 0.04124 0.12336 0.20512 0.28649 0.36713 0.44730 0.52757 0.60735 0.68602 0.76412 0.80301 0.80132 0.79845 0.79567 0.79473 0.79294 0.79009 0.78754 0.78666 0.78427 0.78181 0.78082 0.77904 0.77544 0.77392 0.77430 0.77208 0.76857 0.76688 0.76618 0.76469 0.76252 0.76023 0.75814 0.75777 0.75738 0.75344 0.75053 0.75243 0.75132 0.74641 0.74411 0.74726 0.74538 0.73990 0.73836 0.74178 0.73993 0.73450 0.73339 0.73668 0.73519 0.73036 0.72891 0.73211 0.73144 0.72661 0.72521 0.72816 0.72789 0.70704 0.67373 0.64303 0.61008 0.57532 0.54223 0.50990 0.47762 0.44514 0.41157 0.41061 0.44369 0.47712 0.50792 0.53918 0.57157 0.60507 0.63682 0.66812 0.70039 0.68084 0.60907 0.53764 0.46552 0.39306 0.32227 0.25135 0.17915 0.10728 0.03582 0.01977 0.05917 0.09848 0.13799 0.17757 0.21726 0.25674 0.29593 0.33555 0.37610 0.39610 0.39507 0.39550 0.39677 0.39719 0.39590 0.39628 0.39796 0.39811 0.39689 0.41394 0.44854 0.48111 0.51208 0.54600 0.58172 0.61464 0.64554 0.67990 0.71605 0.73310 0.73241 0.73449 0.73593 0.73546 0.73779 0.74036 0.74020 0.73920 0.74314 0.74643 0.74562 0.74509 0.74784 0.75115 0.75184 0.75190 0.75346 0.75653 0.75769 0.74161 0.70929 0.67715 0.64397 0.61075 0.57797 0.54493 0.51140 0.47758 0.44418 0.40646 0.36469 0.32242 0.28036 0.23773 0.19515 0.15211 0.10883 0.06551 0.02189 0.00000 0.00000 0.00000 0.00000 0.00000 0.00000 0.00000 0.00000 0.00000 0.00000 0.00000 0.00000 0.00000 0.00000 0.00000 0.00000 0.00000 0.00000 0.00000 0.00000 0.00000 0.00000 0.00000 0.00000 0.00000 0.00000 0.00000 0.00000 0.00000 0.00000 0.00000 0.00000 0.00000 0.00000 0.00000
0.00000 0.00000 0.00000 0.00000 0.00000 0.00000 0.00000 0.00000 0.00000 0.00000 0.00000 0.00000 0.00000 0.00000 0.00000 0.00000 0.00000 0.00000 0.00000 0.00000 0.00000 0.00000 0.00000 0.00000 0.00000 0.00000 0.00000 0.00000 0.00000 0.00000 0.00000 0.00000 0.00000 0.00000 0.00000 0.04121 0.12323 0.20477 0.28605 0.36688 0.44693 0.52649 0.60625 0.68562 0.76379 0.80108 0.79967 0.79816 0.79550 0.79255 0.79143 0.78968 0.78715 0.78474 0.78336 0.78048 0.77896 0.77872 0.77585 0.77290 0.77139 0.77096 0.76883 0.76591 0.76445 0.76299 0.76148 0.76016 0.75763 0.75502 0.75491 0.75493 0.75077 0.74773 0.74973 0.74872 0.74377 0.74142 0.74474 0.74288 0.73734 0.73587 0.73930 0.73760 0.73235 0.73104 0.73415 0.73311 0.72839 0.72673 0.72976 0.72958 0.72465 0.72334 0.72614 0.71302 0.68380 0.65804 0.63400 0.60827 0.58173 0.55569 0.52979 0.50528 0.48105 0.47911 0.50308 0.52926 0.55540 0.57886 0.60317 0.62880 0.65421 0.67871 0.70340 0.67986 0.60788 0.53720 0.46557 0.39318 0.32179 0.25077 0.17881 0.10727 0.03586 0.02328 0.06967 0.11631 0.16319 0.20980 0.25603 0.30261 0.35005 0.39731 0.44327 0.46608 0.46714 0.46821 0.46805 0.46715 0.46768 0.46925 0.46964 0.46855 0.46891 0.48365 0.50944 0.53289 0.55897 0.58786 0.61370 0.63652 0.66313 0.69291 0.71957 0.73013 0.73172 0.73484 0.73474 0.73521 0.73789 0.73909 0.73818 0.74047 0.74378 0.74451 0.74399 0.74516 0.74827 0.75066 0.75070 0.75091 0.75345 0.75621 0.75746 0.74523 0.72008 0.69534 0.67084 0.64539 0.61951 0.59434 0.56924 0.54359 0.51730 0.48001 0.43081 0.38130 0.33095 0.28089 0.23044 0.17962 0.12870 0.07741 0.02588 0.00000 0.00000 0.00000 0.00000 0.00000 0.00000 0.00000 0.00000 0.00000 0.00000 0.00000 0.00000 0.00000 0.00000 0.00000 0.00000 0.00000 0.00000 0.00000 0.00000 0.00000 0.00000 0.00000 0.00000 0.00000 0.00000 0.00000 0.00000 0.00000 0.00000 0.00000 0.00000 0.00000 0.00000 0.00000
0.00000 0.00000 0.00000 0.00000 0.00000 0.00000 0.00000 0.00000 0.00000 0.00000 0.00000 0.00000 0.00000 0.00000 0.00000 0.00000 0.00000 0.00000 0.00000 0.00000 0.00000 0.00000 0.00000 0.00000 0.00000 0.00000 0.00000 0.00000 0.00000 0.00000 0.00000 0.00000 0.00000 0.00000 0.00000 0.04116 0.12315 0.20456 0.28554 0.36635 0.44661 0.52601 0.60508 0.68453 0.76319 0.80055 0.79795 0.79681 0.79496 0.79207 0.78947 0.78860 0.78647 0.78378 0.78152 0.78051 0.77707 0.77587 0.77640 0.77298 0.77016 0.76868 0.76798 0.76567 0.76299 0.76185 0.76013 0.75835 0.75744 0.75519 0.75232 0.75192 0.75221 0.74836 0.74518 0.74686 0.74600 0.74130 0.73898 0.74212 0.74017 0.73491 0.73378 0.73690 0.73509 0.73019 0.72913 0.73192 0.73086 0.72619 0.72469 0.72791 0.72776 0.72238 0.72142 0.71556 0.69686 0.67491 0.65644 0.63982 0.62142 0.60218 0.58315 0.56449 0.54759 0.54813 0.56400 0.58084 0.60020 0.61908 0.63511 0.65211 0.67096 0.68909 0.70612 0.67889 0.60777 0.53586 0.46457 0.39400 0.32183 0.24966 0.17867 0.10777 0.03579 0.02674 0.08042 0.13439 0.18807 0.24143 0.29519 0.34901 0.40356 0.45783 0.51061 0.53749 0.53909 0.54037 0.53830 0.53791 0.54057 0.54178 0.53978 0.53987 0.54236 0.55205 0.56806 0.58701 0.60857 0.62663 0.64239 0.66224 0.68401 0.70273 0.71961 0.73043 0.73248 0.73265 0.73396 0.73615 0.73644 0.73596 0.73934 0.74236 0.74159 0.74108 0.74460 0.74759 0.74781 0.74765 0.74933 0.75264 0.75444 0.75444 0.75594 0.74925 0.73178 0.71390 0.69654 0.67952 0.66201 0.64403 0.62647 0.60891 0.59128 0.55360 0.49678 0.43945 0.38231 0.32399 0.26558 0.20723 0.14840 0.08936 0.02985 0.00000 0.00000 0.00000 0.00000 0.00000 0.00000 0.00000 0.00000 0.00000 0.00000 0.00000 0.00000 0.00000 0.00000 0.00000 0.00000 0.00000 0.00000 0.00000 0.00000 0.00000 0.00000 0.00000 0.00000 0.00000 0.00000 0.00000 0.00000 0.00000 0.00000 0.00000 0.00000 0.00000 0.00000 0.00000
0.00000 0.00000 0.00000 0.00000 0.00000 0.00000 0.00000 0.00000 0.00000 0.00000 0.00000 0.00000 0.00000 0.00000 0.00000 0.00000 0.00000 0.00000 0.00000 0.00000 0.00000 0.00000 0.00000 0.00000 0.00000 0.00000 0.00000 0.00000 0.00000 0.00000 0.00000 0.00000 0.00000 0.00000 0.00000 0.04109 0.12300 0.20443 0.28521 0.36565 0.44599 0.52568 0.60456 0.68306 0.76188 0.80012 0.79759 0.79481 0.79352 0.79174 0.78919 0.78648 0.78532 0.78317 0.78092 0.77862 0.77726 0.77510 0.77322 0.77278 0.76977 0.76753 0.76617 0.76469 0.76253 0.76048 0.75906 0.75698 0.75553 0.75506 0.75233 0.74933 0.74931 0.74965 0.74545 0.74255 0.74437 0.74342 0.73854 0.73665 0.73973 0.73774 0.73262 0.73169 0.73433 0.73279 0.72838 0.72701 0.72944 0.72881 0.72441 0.72291 0.72580 0.72546 0.72077 0.71486 0.70641 0.69455 0.68099 0.66988 0.65954 0.64853 0.63815 0.62527 0.61342 0.61487 0.62652 0.63475 0.64452 0.65713 0.66832 0.67723 0.68734 0.69897 0.70932 0.67884 0.60728 0.53530 0.46406 0.39363 0.32138 0.24970 0.17883 0.10728 0.03564 0.03033 0.09126 0.15195 0.21224 0.27331 0.33478 0.39583 0.45623 0.51681 0.57863 0.61017 0.61010 0.60899 0.60953 0.61166 0.61226 0.61075 0.61083 0.61326 0.61429 0.61786 0.62872 0.64339 0.65463 0.66267 0.67485 0.69040 0.70180 0.71013 0.72230 0.73147 0.73222 0.73155 0.73367 0.73537 0.73502 0.73669 0.73965 0.74047 0.74004 0.74188 0.74464 0.74649 0.74653 0.74737 0.74956 0.75249 0.75321 0.75428 0.75575 0.75193 0.74302 0.73314 0.72281 0.71303 0.70394 0.69432 0.68389 0.67399 0.66453 0.62779 0.56259 0.49776 0.43268 0.36754 0.30114 0.23467 0.16820 0.10116 0.03384 0.00000 0.00000 0.00000 0.00000 0.00000 0.00000 0.00000 0.00000 0.00000 0.00000 0.00000 0.00000 0.00000 0.00000 0.00000 0.00000 0.00000 0.00000 0.00000 0.00000 0.00000 0.00000 0.00000 0.00000 0.00000 0.00000 0.00000 0.00000 0.00000 0.00000 0.00000 0.00000 0.00000 0.00000 0.00000
0.00000 0.00000 0.00000 0.00000 0.00000 0.00000 0.00000 0.00000 0.00000 0.00000 0.00000 0.00000 0.00000 0.00000 0.00000 0.00000 0.00000 0.00000 0.00000 0.00000 0.00000 0.00000 0.00000 0.00000 0.00000 0.00000 0.00000 0.00000 0.00000 0.00000 0.00000 0.00000 0.00000 0.00000 0.00000 0.04105 0.12277 0.20416 0.28505 0.36525 0.44516 0.52500 0.60409 0.68238 0.76046 0.79904 0.79689 0.79422 0.79174 0.79075 0.78858 0.78580 0.78333 0.78251 0.78010 0.77768 0.77654 0.77448 0.77248 0.77033 0.76951 0.76681 0.76451 0.76339 0.76187 0.75944 0.75755 0.75650 0.75434 0.75254 0.75220 0.74982 0.74677 0.74644 0.74684 0.74300 0.74023 0.74166 0.74059 0.73617 0.73465 0.73716 0.73485 0.73051 0.73021 0.73196 0.73010 0.72631 0.72547 0.72742 0.72663 0.72217 0.72127 0.72427 0.72364 0.71696 0.71320 0.71237 0.70746 0.70113 0.69711 0.69437 0.69065 0.68657 0.68115 0.68035 0.68575 0.68957 0.69071 0.69343 0.69908 0.70286 0.70453 0.70745 0.71228 0.67832 0.60627 0.53534 0.46390 0.39180 0.32088 0.25026 0.17852 0.10667 0.03565 0.03401 0.10187 0.16917 0.23728 0.30544 0.37391 0.44171 0.50916 0.57693 0.64638 0.68229 0.68022 0.67894 0.68217 0.68506 0.68152 0.68104 0.68417 0.68632 0.68365 0.68511 0.69241 0.69669 0.69824 0.70295 0.71021 0.71418 0.71656 0.72139 0.72713 0.72987 0.73057 0.73234 0.73256 0.73276 0.73564 0.73814 0.73752 0.73743 0.74114 0.74380 0.74330 0.74354 0.74611 0.74877 0.75019 0.75019 0.75181 0.75463 0.75629 0.75532 0.75311 0.75162 0.74983 0.74749 0.74528 0.74357 0.74194 0.73978 0.73763 0.70073 0.62922 0.55634 0.48339 0.41003 0.33673 0.26254 0.18782 0.11306 0.03780 0.00000 0.00000 0.00000 0.00000 0.00000 0.00000 0.00000 0.00000 0.00000 0.00000 0.00000 0.00000 0.00000 0.00000 0.00000 0.00000 0.00000 0.00000 0.00000 0.00000 0.00000 0.00000 0.00000 0.00000 0.00000 0.00000 0.00000 0.00000 0.00000 0.00000 0.00000 0.00000 0.00000 0.00000 0.00000
0.00000 0.00000 0.00000 0.00000 0.00000 0.00000 0.00000 0.00000 0.00000 0.00000 0.00000 0.00000 0.00000 0.00000 0.00000 0.00000 0.00000 0.00000 0.00000 0.00000 0.00000 0.00000 0.00000 0.00000 0.00000 0.00211 0.00631 0.01047 0.01462 0.01876 0.02288 0.02696 0.03101 0.03504 0.03908 0.07999 0.15738 0.23438 0.31116 0.38732 0.46282 0.53818 0.61337 0.68784 0.76180 0.79744 0.79574 0.79362 0.79137 0.78869 0.78750 0.78544 0.78296 0.78033 0.77924 0.77756 0.77495 0.77361 0.77120 0.76980 0.76778 0.76604 0.76372 0.76195 0.76060 0.75870 0.75667 0.75515 0.75354 0.75127 0.74998 0.74976 0.74684 0.74406 0.74403 0.74416 0.74008 0.73804 0.73937 0.73792 0.73372 0.73292 0.73456 0.73223 0.72882 0.72851 0.72924 0.72775 0.72492 0.72384 0.72507 0.72433 0.72073 0.72024 0.72239 0.72107 0.71750 0.71788 0.71955 0.71795 0.71685 0.71581 0.71555 0.71623 0.71689 0.71411 0.71295 0.71548 0.71584 0.71252 0.71198 0.71512 0.71455 0.71263 0.71281 0.67902 0.61115 0.54463 0.47589 0.40765 0.34031 0.27325 0.20476 0.13700 0.06963 0.06958 0.13690 0.20476 0.27318 0.34096 0.40828 0.47620 0.54474 0.61356 0.68162 0.71448 0.71524 0.71729 0.71797 0.71593 0.71624 0.71891 0.72021 0.71843 0.71787 0.72152 0.72250 0.72067 0.72100 0.72522 0.72569 0.72358 0.72445 0.72819 0.72951 0.72823 0.72967 0.73155 0.73199 0.73305 0.73550 0.73637 0.73640 0.73833 0.74088 0.74201 0.74245 0.74395 0.74571 0.74793 0.74904 0.75020 0.75157 0.75349 0.75586 0.75739 0.75846 0.76017 0.76267 0.76488 0.76622 0.76780 0.77024 0.77274 0.77432 0.73724 0.66156 0.58594 0.50874 0.43153 0.35410 0.27618 0.19790 0.11900 0.03978 0.00000 0.00000 0.00000 0.00000 0.00000 0.00000 0.00000 0.00000 0.00000 0.00000 0.00000 0.00000 0.00000 0.00000 0.00000 0.00000 0.00000 0.00000 0.00000 0.00000 0.00000 0.00000 0.00000 0.00000 0.00000 0.00000 0.00000 0.00000 0.00000 0.00000 0.00000 0.00000 0.00000 0.00000 0.00000
0.00000 0.00000 0.00000 0.00000 0.00000 0.00000 0.00000 0.00000 0.00000 0.00000 0.00000 0.00000 0.00000 0.00000 0.00000 0.00000 0.00000 0.00000 0.00000 0.00000 0.00000 0.00000 0.00000 0.00000 0.00000 0.00631 0.01890 0.03143 0.04385 0.05618 0.06851 0.08080 0.09297 0.10503 0.11704 0.15772 0.22674 0.29523 0.36341 0.43141 0.49883 0.56571 0.63252 0.69912 0.76492 0.79657 0.79440 0.79295 0.79041 0.78799 0.78565 0.78473 0.78243 0.77961 0.77743 0.77646 0.77488 0.77191 0.77058 0.76842 0.76666 0.76490 0.76326 0.76073 0.75891 0.75787 0.75608 0.75370 0.75221 0.75100 0.74876 0.74707 0.74687 0.74439 0.74185 0.74126 0.74123 0.73786 0.73609 0.73665 0.73480 0.73174 0.73168 0.73193 0.72907 0.72698 0.72733 0.72700 0.72500 0.72287 0.72249 0.72342 0.72224 0.71853 0.71874 0.72117 0.71952 0.71577 0.71640 0.71852 0.71686 0.71522 0.71448 0.71496 0.71563 0.71508 0.71267 0.71221 0.71492 0.71431 0.71108 0.71148 0.71368 0.71332 0.71181 0.68145 0.62127 0.56039 0.49996 0.43991 0.37922 0.31774 0.25779 0.19817 0.13727 0.13654 0.19741 0.25856 0.31959 0.37941 0.43987 0.50020 0.56260 0.62395 0.68371 0.71278 0.71535 0.71859 0.71566 0.71352 0.71741 0.72102 0.71755 0.71644 0.71990 0.72159 0.71991 0.72005 0.72277 0.72371 0.72330 0.72374 0.72534 0.72694 0.72778 0.72869 0.72853 0.72962 0.73229 0.73409 0.73343 0.73404 0.73739 0.73991 0.73899 0.73964 0.74278 0.74489 0.74534 0.74599 0.74813 0.75052 0.75194 0.75296 0.75452 0.75679 0.75883 0.76032 0.76184 0.76383 0.76638 0.76826 0.76968 0.77166 0.77436 0.73763 0.66139 0.58494 0.50907 0.43175 0.35381 0.27603 0.19780 0.11909 0.03977 0.00000 0.00000 0.00000 0.00000 0.00000 0.00000 0.00000 0.00000 0.00000 0.00000 0.00000 0.00000 0.00000 0.00000 0.00000 0.00000 0.00000 0.00000 0.00000 0.00000 0.00000 0.00000 0.00000 0.00000 0.00000 0.00000 0.00000 0.00000 0.00000 0.00000 0.00000 0.00000 0.00000 0.00000 0.00000
0.00000 0.00000 0.00000 0.00000 0.00000 0.00000 0.00000 0.00000 0.00000 0.00000 0.00000 0.00000 0.00000 0.00000 0.00000 0.00000 0.00000 0.00000 0.00000 0.00000 0.00000 0.00000 0.00000 0.00000 0.00000 0.01050 0.03143 0.05229 0.07303 0.09360 0.11403 0.13444 0.15479 0.17493 0.19485 0.23520 0.29588 0.35604 0.41568 0.47526 0.53462 0.59335 0.65175 0.71020 0.76810 0.79557 0.79369 0.79144 0.78972 0.78722 0.78517 0.78261 0.78145 0.77975 0.77685 0.77447 0.77317 0.77216 0.76931 0.76720 0.76521 0.76405 0.76223 0.76003 0.75794 0.75639 0.75493 0.75299 0.75119 0.74979 0.74797 0.74595 0.74466 0.74435 0.74149 0.73954 0.73901 0.73829 0.73531 0.73434 0.73421 0.73195 0.72995 0.73030 0.72893 0.72650 0.72583 0.72576 0.72429 0.72270 0.72163 0.72142 0.72148 0.71968 0.71726 0.71816 0.71973 0.71731 0.71497 0.71540 0.71639 0.71545 0.71476 0.71327 0.71289 0.71480 0.71502 0.71081 0.71043 0.71528 0.71421 0.71031 0.71129 0.71234 0.71175 0.68545 0.63135 0.57724 0.52419 0.47276 0.41781 0.36383 0.31121 0.25860 0.20426 0.20407 0.25820 0.31176 0.36445 0.41754 0.47186 0.52604 0.57988 0.63237 0.68641 0.71477 0.71540 0.71376 0.71465 0.71657 0.71767 0.71610 0.71642 0.71865 0.71970 0.71847 0.71855 0.72137 0.72243 0.72170 0.72174 0.72451 0.72635 0.72553 0.72603 0.72765 0.72909 0.72990 0.73156 0.73227 0.73295 0.73470 0.73715 0.73776 0.73850 0.74025 0.74194 0.74347 0.74494 0.74632 0.74748 0.74930 0.75162 0.75314 0.75406 0.75585 0.75828 0.76049 0.76171 0.76329 0.76551 0.76819 0.76989 0.77132 0.77355 0.73761 0.66152 0.58487 0.50837 0.43192 0.35415 0.27591 0.19772 0.11894 0.03980 0.00000 0.00000 0.00000 0.00000 0.00000 0.00000 0.00000 0.00000 0.00000 0.00000 0.00000 0.00000 0.00000 0.00000 0.00000 0.00000 0.00000 0.00000 0.00000 0.00000 0.00000 0.00000 0.00000 0.00000 0.00000 0.00000 0.00000 0.00000 0.00000 0.00000 0.00000 0.00000 0.00000 0.00000 0.00000
0.00000 0.00000 0.00000 0.00000 0.00000 0.00000 0.00000 0.00000 0.00000 0.00000 0.00000 0.00000 0.00000 0.00000 0.00000 0.00000 0.00000 0.00000 0.00000 0.00000 0.00000 0.00000 0.00000 0.00000 0.00000 0.01471 0.04397 0.07306 0.10206 0.13093 0.15959 0.18797 0.21634 0.24461 0.27261 0.31262 0.36468 0.41657 0.46805 0.51916 0.57019 0.62084 0.67106 0.72116 0.77130 0.79508 0.79237 0.79038 0.78842 0.78701 0.78407 0.78178 0.77959 0.77866 0.77699 0.77364 0.77179 0.77045 0.76896 0.76636 0.76441 0.76240 0.76094 0.75936 0.75744 0.75502 0.75339 0.75233 0.75055 0.74826 0.74685 0.74553 0.74365 0.74182 0.74144 0.73929 0.73767 0.73623 0.73525 0.73337 0.73285 0.73142 0.72873 0.72826 0.72917 0.72644 0.72366 0.72397 0.72438 0.72245 0.72038 0.71959 0.72003 0.72024 0.71817 0.71514 0.71674 0.71860 0.71613 0.71360 0.71416 0.71602 0.71486 0.71317 0.71153 0.71275 0.71457 0.71293 0.70945 0.71059 0.71328 0.71210 0.71014 0.71016 0.71074 0.68775 0.64128 0.59491 0.54870 0.50172 0.45604 0.41089 0.36451 0.31692 0.27122 0.27225 0.31874 0.36376 0.40996 0.45633 0.50455 0.55103 0.59610 0.64065 0.68996 0.71522 0.71374 0.71102 0.71467 0.71946 0.71543 0.71392 0.71704 0.71990 0.71758 0.71721 0.71947 0.72086 0.72080 0.72099 0.72211 0.72381 0.72505 0.72518 0.72479 0.72658 0.72931 0.73034 0.72946 0.73055 0.73382 0.73588 0.73489 0.73594 0.73913 0.74105 0.74084 0.74202 0.74459 0.74640 0.74747 0.74871 0.75051 0.75267 0.75443 0.75586 0.75748 0.75923 0.76197 0.76374 0.76515 0.76689 0.76976 0.77195 0.77339 0.73644 0.66142 0.58532 0.50833 0.43117 0.35419 0.27628 0.19756 0.11891 0.03977 0.00000 0.00000 0.00000 0.00000 0.00000 0.00000 0.00000 0.00000 0.00000 0.00000 0.00000 0.00000 0.00000 0.00000 0.00000 0.00000 0.00000 0.00000 0.00000 0.00000 0.00000 0.00000 0.00000 0.00000 0.00000 0.00000 0.00000 0.00000 0.00000 0.00000 0.00000 0.00000 0.00000 0.00000 0.00000
0.00000 0.00000 0.00000 0.00000 0.00000 0.00000 0.00000 0.00000 0.00000 0.00000 0.00000 0.00000 0.00000 0.00000 0.00000 0.00000 0.00000 0.00000 0.00000 0.00000 0.00000 0.00000 0.00000 0.00000 0.00000 0.01889 0.05653 0.09382 0.13103 0.16809 0.20496 0.24160 0.27782 0.31405 0.35015 0.38995 0.43344 0.47690 0.52023 0.56305 0.60561 0.64834 0.69043 0.73217 0.77418 0.79425 0.79188 0.78913 0.78753 0.78546 0.78375 0.78113 0.77896 0.77645 0.77537 0.77446 0.77102 0.76865 0.76714 0.76631 0.76383 0.76125 0.75939 0.75837 0.75660 0.75435 0.75245 0.75091 0.74931 0.74758 0.74588 0.74445 0.74257 0.74111 0.73951 0.73872 0.73674 0.73560 0.73392 0.73229 0.73140 0.73136 0.72859 0.72614 0.72697 0.72745 0.72358 0.72157 0.72275 0.72296 0.72031 0.71818 0.71830 0.71919 0.71936 0.71622 0.71404 0.71551 0.71685 0.71482 0.71296 0.71275 0.71366 0.71410 0.71258 0.70963 0.71016 0.71426 0.71271 0.70861 0.70958 0.71196 0.71088 0.70977 0.70963 0.68952 0.65087 0.61380 0.57321 0.53226 0.49441 0.45877 0.41694 0.37695 0.33899 0.34018 0.37794 0.41590 0.45618 0.49656 0.53594 0.57319 0.61276 0.65379 0.69365 0.71177 0.71284 0.71452 0.71477 0.71347 0.71516 0.71624 0.71688 0.71589 0.71696 0.71848 0.71942 0.71916 0.71946 0.72109 0.72280 0.72297 0.72285 0.72394 0.72617 0.72715 0.72775 0.72826 0.72970 0.73141 0.73326 0.73361 0.73481 0.73649 0.73828 0.73937 0.74099 0.74241 0.74356 0.74516 0.74746 0.74895 0.74978 0.75163 0.75405 0.75614 0.75710 0.75891 0.76098 0.76376 0.76525 0.76679 0.76881 0.77181 0.77372 0.73639 0.66071 0.58519 0.50854 0.43120 0.35382 0.27593 0.19781 0.11892 0.03974 0.00000 0.00000 0.00000 0.00000 0.00000 0.00000 0.00000 0.00000 0.00000 0.00000 0.00000 0.00000 0.00000 0.00000 0.00000 0.00000 0.00000 0.00000 0.00000 0.00000 0.00000 0.00000 0.00000 0.00000 0.00000 0.00000 0.00000 0.00000 0.00000 0.00000 0.00000 0.00000 0.00000 0.00000 0.00000
0.00000 0.00000 0.00000 0.00000 0.00000 0.00000 0.00000 0.00000 0.00000 0.00000 0.00000 0.00000 0.00000 0.00000 0.00000 0.00000 0.00000 0.00000 0.00000 0.00000 0.00000 0.00000 0.00000 0.00000 0.00000 0.02304 0.06900 0.11468 0.16002 0.20510 0.25018 0.29493 0.33941 0.38343 0.42735 0.46699 0.50223 0.53723 0.57214 0.60676 0.64115 0.67549 0.70987 0.74351 0.77698 0.79290 0.79116 0.78918 0.78608 0.78411 0.78237 0.78096 0.77821 0.77564 0.77360 0.77263 0.77140 0.76798 0.76588 0.76442 0.76315 0.76088 0.75869 0.75659 0.75527 0.75382 0.75194 0.74959 0.74792 0.74681 0.74531 0.74299 0.74150 0.74036 0.73920 0.73676 0.73581 0.73482 0.73373 0.73116 0.72933 0.72965 0.72999 0.72607 0.72362 0.72519 0.72570 0.72159 0.71926 0.72095 0.72149 0.71886 0.71659 0.71628 0.71782 0.71812 0.71506 0.71264 0.71430 0.71584 0.71390 0.71113 0.71086 0.71470 0.71393 0.71060 0.70858 0.71063 0.71229 0.71046 0.70812 0.70876 0.70994 0.71018 0.70932 0.69268 0.66034 0.62885 0.59790 0.56564 0.53365 0.50052 0.46907 0.43825 0.40637 0.40516 0.43676 0.46972 0.50285 0.53557 0.56588 0.59583 0.63119 0.66518 0.69552 0.70824 0.71231 0.71487 0.71351 0.71022 0.71434 0.71920 0.71541 0.71434 0.71683 0.71853 0.71807 0.71844 0.71928 0.72061 0.72173 0.72206 0.72190 0.72363 0.72633 0.72671 0.72576 0.72722 0.73047 0.73191 0.73100 0.73232 0.73534 0.73724 0.73678 0.73830 0.74088 0.74248 0.74310 0.74462 0.74668 0.74867 0.75003 0.75147 0.75327 0.75493 0.75753 0.75909 0.76074 0.76228 0.76535 0.76728 0.76889 0.77050 0.77334 0.73702 0.66084 0.58437 0.50842 0.43159 0.35362 0.27588 0.19761 0.11895 0.03975 0.00000 0.00000 0.00000 0.00000 0.00000 0.00000 0.00000 0.00000 0.00000 0.00000 0.00000 0.00000 0.00000 0.00000 0.00000 0.00000 0.00000 0.00000 0.00000 0.00000 0.00000 0.00000 0.00000 0.00000 0.00000 0.00000 0.00000 0.00000 0.00000 0.00000 0.00000 0.00000 0.00000 0.00000 0.00000
0.00000 0.00000 0.00000 0.00000 0.00000 0.00000 0.00000 0.00000 0.00000 0.00000 0.00000 0.00000 0.00000 0.00000 0.00000 0.00000 0.00000 0.00000 0.00000 0.00000 0.00000 0.00000 0.00000 0.00000 0.00000 0.02720 0.08141 0.13543 0.18903 0.24217 0.29515 0.34822 0.40070 0.45281 0.50447 0.54381 0.57083 0.59747 0.62390 0.65047 0.67670 0.70265 0.72876 0.75502 0.78027 0.79163 0.78994 0.78821 0.78601 0.78292 0.78126 0.77926 0.77765 0.77587 0.77297 0.77049 0.76930 0.76860 0.76553 0.76278 0.76120 0.76054 0.75829 0.75564 0.75384 0.75275 0.75094 0.74891 0.74719 0.74550 0.74375 0.74257 0.74070 0.73916 0.73767 0.73677 0.73452 0.73296 0.73266 0.73195 0.72865 0.72665 0.72810 0.72831 0.72337 0.72158 0.72379 0.72389 0.71929 0.71719 0.71960 0.72028 0.71801 0.71501 0.71468 0.71616 0.71758 0.71393 0.71191 0.71265 0.71409 0.71339 0.70993 0.70891 0.71148 0.71306 0.71069 0.70747 0.70824 0.71193 0.70989 0.70752 0.70798 0.70812 0.70839 0.69653 0.67112 0.64392 0.62067 0.59902 0.57203 0.54492 0.52185 0.49993 0.47274 0.47129 0.49767 0.52430 0.54854 0.57120 0.59619 0.62370 0.64914 0.67194 0.69790 0.71255 0.71130 0.71121 0.71390 0.71441 0.71364 0.71326 0.71604 0.71649 0.71642 0.71617 0.71760 0.71860 0.71942 0.71990 0.72021 0.72106 0.72313 0.72437 0.72415 0.72451 0.72660 0.72837 0.72927 0.72964 0.73132 0.73294 0.73454 0.73532 0.73717 0.73852 0.73979 0.74119 0.74350 0.74481 0.74575 0.74749 0.74994 0.75181 0.75257 0.75459 0.75673 0.75937 0.76051 0.76234 0.76425 0.76737 0.76898 0.77066 0.77258 0.73665 0.66102 0.58465 0.50799 0.43114 0.35396 0.27577 0.19758 0.11887 0.03975 0.00000 0.00000 0.00000 0.00000 0.00000 0.00000 0.00000 0.00000 0.00000 0.00000 0.00000 0.00000 0.00000 0.00000 0.00000 0.00000 0.00000 0.00000 0.00000 0.00000 0.00000 0.00000 0.00000 0.00000 0.00000 0.00000 0.00000 0.00000 0.00000 0.00000 0.00000 0.00000 0.00000 0.00000 0.00000
0.00000 0.00000 0.00000 0.00000 0.00000 0.00000 0.00000 0.00000 0.00000 0.00000 0.00000 0.00000 0.00000 0.00000 0.00000 0.00000 0.00000 0.00000 0.00000 0.00000 0.00000 0.00000 0.00000 0.00000 0.00000 0.03138 0.09384 0.15597 0.21791 0.27928 0.34036 0.40111 0.46185 0.52194 0.58162 0.62061 0.63912 0.65748 0.67573 0.69398 0.71217 0.72994 0.74777 0.76574 0.78379 0.79123 0.78868 0.78660 0.78501 0.78330 0.78001 0.77787 0.77596 0.77485 0.77345 0.76990 0.76787 0.76659 0.76536 0.76256 0.76023 0.75847 0.75735 0.75540 0.75320 0.75105 0.74968 0.74832 0.74666 0.74433 0.74253 0.74142 0.74042 0.73794 0.73630 0.73573 0.73480 0.73175 0.73026 0.73084 0.73014 0.72625 0.72420 0.72611 0.72636 0.72139 0.71953 0.72206 0.72221 0.71771 0.71546 0.71840 0.71878 0.71634 0.71405 0.71296 0.71500 0.71560 0.71268 0.71022 0.71097 0.71515 0.71290 0.70843 0.70798 0.71211 0.71116 0.70814 0.70616 0.70827 0.70950 0.70890 0.70795 0.70730 0.70637 0.69905 0.68202 0.66291 0.64469 0.62729 0.61100 0.59267 0.57492 0.55616 0.53898 0.53969 0.55767 0.57536 0.59268 0.60931 0.62905 0.64928 0.66532 0.67995 0.70115 0.71179 0.71133 0.70716 0.71187 0.71524 0.71323 0.71162 0.71461 0.71662 0.71520 0.71613 0.71709 0.71796 0.71841 0.71921 0.71944 0.72077 0.72281 0.72328 0.72262 0.72414 0.72717 0.72803 0.72735 0.72892 0.73170 0.73338 0.73285 0.73465 0.73705 0.73872 0.73897 0.74077 0.74284 0.74469 0.74570 0.74721 0.74920 0.75102 0.75305 0.75449 0.75641 0.75790 0.76089 0.76260 0.76447 0.76589 0.76889 0.77110 0.77298 0.73571 0.66048 0.58491 0.50818 0.43098 0.35346 0.27593 0.19754 0.11888 0.03975 0.00000 0.00000 0.00000 0.00000 0.00000 0.00000 0.00000 0.00000 0.00000 0.00000 0.00000 0.00000 0.00000 0.00000 0.00000 0.00000 0.00000 0.00000 0.00000 0.00000 0.00000 0.00000 0.00000 0.00000 0.00000 0.00000 0.00000 0.00000 0.00000 0.00000 0.00000 0.00000 0.00000 0.00000 0.00000
0.00000 0.00000 0.00000 0.00000 0.00000 0.00000 0.00000 0.00000 0.00000 0.00000 0.00000 0.00000 0.00000 0.00000 0.00000 0.00000 0.00000 0.00000 0.00000 0.00000 0.00000 0.00000 0.00000 0.00000 0.00000 0.03556 0.10632 0.17653 0.24651 0.31638 0.38555 0.45419 0.52268 0.59090 0.65858 0.69727 0.70728 0.71742 0.72750 0.73738 0.74733 0.75741 0.76693 0.77656 0.78657 0.79078 0.78807 0.78546 0.78368 0.78204 0.78003 0.77686 0.77511 0.77264 0.77155 0.77118 0.76752 0.76488 0.76329 0.76272 0.76008 0.75723 0.75547 0.75478 0.75273 0.75020 0.74851 0.74723 0.74534 0.74373 0.74211 0.74019 0.73842 0.73785 0.73574 0.73375 0.73328 0.73265 0.72950 0.72754 0.72900 0.72849 0.72371 0.72202 0.72458 0.72456 0.71915 0.71754 0.72058 0.72098 0.71634 0.71407 0.71629 0.71678 0.71741 0.71292 0.71149 0.71324 0.71421 0.71184 0.70806 0.70911 0.71193 0.71212 0.70792 0.70625 0.70896 0.71176 0.70827 0.70573 0.70679 0.70783 0.70719 0.70687 0.70668 0.69942 0.69015 0.68084 0.66942 0.65614 0.64757 0.63932 0.62703 0.61434 0.60602 0.60839 0.61685 0.62603 0.63821 0.65051 0.66094 0.66967 0.68174 0.69452 0.70304 0.70856 0.71180 0.71272 0.70921 0.71112 0.71405 0.71452 0.71328 0.71305 0.71581 0.71663 0.71652 0.71651 0.71798 0.71899 0.71992 0.72092 0.72108 0.72150 0.72361 0.72536 0.72543 0.72586 0.72792 0.72956 0.73067 0.73134 0.73340 0.73473 0.73606 0.73725 0.73963 0.74079 0.74195 0.74343 0.74592 0.74753 0.74835 0.75029 0.75267 0.75495 0.75581 0.75789 0.75996 0.76286 0.76419 0.76616 0.76804 0.77090 0.77288 0.73617 0.66027 0.58412 0.50812 0.43106 0.35368 0.27564 0.19751 0.11891 0.03974 0.00000 0.00000 0.00000 0.00000 0.00000 0.00000 0.00000 0.00000 0.00000 0.00000 0.00000 0.00000 0.00000 0.00000 0.00000 0.00000 0.00000 0.00000 0.00000 0.00000 0.00000 0.00000 0.00000 0.00000 0.00000 0.00000 0.00000 0.00000 0.00000 0.00000 0.00000 0.00000 0.00000 0.00000 0.00000
0.00000 0.00000 0.00000 0.00000 0.00000 0.00000 0.00000 0.00000 0.00000 0.00000 0.00000 0.00000 0.00000 0.00000 0.00000 0.00000 0.00000 0.00000 0.00000 0.00000 0.00000 0.00000 0.00000 0.00000 0.00000 0.03967 0.11875 0.19720 0.27523 0.35295 0.43046 0.50735 0.58372 0.65974 0.73524 0.77367 0.77547 0.77730 0.77906 0.78072 0.78254 0.78444 0.78625 0.78773 0.78957 0.78933 0.78748 0.78528 0.78261 0.78033 0.77871 0.77714 0.77403 0.77207 0.76986 0.76886 0.76797 0.76457 0.76219 0.76056 0.75950 0.75716 0.75474 0.75275 0.75163 0.74997 0.74790 0.74577 0.74420 0.74283 0.74154 0.73931 0.73726 0.73624 0.73582 0.73317 0.73110 0.73148 0.73069 0.72711 0.72510 0.72687 0.72650 0.72180 0.72011 0.72273 0.72250 0.71749 0.71545 0.72003 0.71950 0.71449 0.71317 0.71578 0.71561 0.71454 0.71151 0.71023 0.71224 0.71423 0.71079 0.70773 0.70811 0.71152 0.71011 0.70514 0.70475 0.70902 0.70877 0.70672 0.70627 0.70633 0.70529 0.70691 0.70755 0.70379 0.69885 0.69703 0.69513 0.68957 0.68569 0.68227 0.68074 0.67627 0.67221 0.67175 0.67718 0.67996 0.68330 0.68815 0.69248 0.69402 0.69855 0.70337 0.70787 0.70650 0.70956 0.71107 0.71079 0.70959 0.71207 0.71362 0.71263 0.71343 0.71525 0.71568 0.71490 0.71669 0.71761 0.71815 0.71900 0.72010 0.72014 0.72142 0.72373 0.72431 0.72399 0.72565 0.72810 0.72933 0.72916 0.73106 0.73320 0.73485 0.73503 0.73702 0.73899 0.74082 0.74149 0.74317 0.74521 0.74712 0.74861 0.75010 0.75213 0.75378 0.75633 0.75791 0.75996 0.76148 0.76445 0.76639 0.76846 0.76984 0.77224 0.73631 0.66061 0.58413 0.50742 0.43103 0.35360 0.27577 0.19752 0.11883 0.03975 0.00000 0.00000 0.00000 0.00000 0.00000 0.00000 0.00000 0.00000 0.00000 0.00000 0.00000 0.00000 0.00000 0.00000 0.00000 0.00000 0.00000 0.00000 0.00000 0.00000 0.00000 0.00000 0.00000 0.00000 0.00000 0.00000 0.00000 0.00000 0.00000 0.00000 0.00000 0.00000 0.00000 0.00000 0.00000
0.00000 0.00000 0.00000 0.00000 0.00000 0.00000 0.00000 0.00000 0.00000 0.00000 0.00000 0.00000 0.00000 0.00000 0.00000 0.00000 0.00000 0.00000 0.00000 0.00000 0.00000 0.00000 0.00000 0.00000 0.00000 0.04170 0.12477 0.20755 0.28965 0.37101 0.45252 0.53363 0.61403 0.69378 0.77308 0.81142 0.80915 0.80677 0.80436 0.80206 0.79969 0.79744 0.79533 0.79328 0.79051 0.78830 0.78630 0.78458 0.78213 0.77933 0.77740 0.77557 0.77384 0.77179 0.76992 0.76717 0.76553 0.76497 0.76218 0.75915 0.75740 0.75684 0.75459 0.75173 0.75002 0.74916 0.74717 0.74491 0.74343 0.74184 0.73976 0.73880 0.73728 0.73496 0.73321 0.73346 0.73119 0.72850 0.72943 0.72887 0.72469 0.72272 0.72523 0.72486 0.71963 0.71828 0.72110 0.72139 0.71553 0.71394 0.71771 0.71746 0.71498 0.71214 0.71248 0.71377 0.71379 0.70999 0.70727 0.71047 0.71131 0.71013 0.70604 0.70591 0.70962 0.71112 0.70645 0.70409 0.70662 0.70769 0.70581 0.70474 0.70536 0.70418 0.70490 0.70552 0.70490 0.70158 0.70406 0.70643 0.70460 0.70206 0.70481 0.70733 0.70432 0.70279 0.70602 0.70741 0.70552 0.70436 0.70725 0.70804 0.70622 0.70629 0.70962 0.71067 0.70533 0.70859 0.71132 0.71250 0.70975 0.71045 0.71374 0.71502 0.71351 0.71247 0.71582 0.71776 0.71699 0.71714 0.71848 0.71929 0.72070 0.72210 0.72199 0.72243 0.72462 0.72628 0.72676 0.72752 0.72966 0.73107 0.73225 0.73330 0.73570 0.73688 0.73811 0.73943 0.74216 0.74336 0.74430 0.74607 0.74866 0.75052 0.75129 0.75346 0.75583 0.75829 0.75942 0.76156 0.76373 0.76645 0.76802 0.77028 0.77225 0.73742 0.66610 0.59408 0.52155 0.44813 0.37492 0.30146 0.22720 0.15252 0.07749 0.03788 0.03399 0.03008 0.02616 0.02220 0.01822 0.01422 0.01019 0.00613 0.00205 0.00000 0.00000 0.00000 0.00000 0.00000 0.00000 0.00000 0.00000 0.00000 0.00000 0.00000 0.00000 0.00000 0.00000 0.00000 0.00000 0.00000 0.00000 0.00000 0.00000 0.00000 0.00000 0.00000 0.00000 0.00000
0.00000 0.00000 0.00000 0.00000 0.00000 0.00000 0.00000 0.00000 0.00000 0.00000 0.00000 0.00000 0.00000 0.00000 0.00000 0.00000 0.00000 0.00000 0.00000 0.00000 0.00000 0.00000 0.00000 0.00000 0.00000 0.04168 0.12466 0.20722 0.28939 0.37089 0.45195 0.53313 0.61344 0.69311 0.77239 0.81070 0.80827 0.80585 0.80363 0.80135 0.79889 0.79651 0.79455 0.79228 0.78995 0.78745 0.78548 0.78317 0.78118 0.77915 0.77645 0.77451 0.77212 0.77145 0.77005 0.76702 0.76458 0.76276 0.76163 0.75924 0.75666 0.75466 0.75363 0.75178 0.74935 0.74732 0.74606 0.74451 0.74272 0.74073 0.73885 0.73724 0.73677 0.73475 0.73216 0.73105 0.73158 0.72882 0.72598 0.72738 0.72694 0.72290 0.72071 0.72317 0.72270 0.71806 0.71609 0.72046 0.71998 0.71380 0.71277 0.71847 0.71619 0.71207 0.71074 0.71153 0.71349 0.71235 0.70883 0.70797 0.70894 0.71039 0.70795 0.70377 0.70516 0.70806 0.70762 0.70449 0.70462 0.70567 0.70483 0.70517 0.70609 0.70423 0.70243 0.70490 0.70672 0.70352 0.70143 0.70413 0.70664 0.70435 0.70288 0.70343 0.70774 0.70569 0.70340 0.70408 0.70853 0.70612 0.70450 0.70594 0.70808 0.70694 0.70687 0.70741 0.70865 0.70807 0.70965 0.71005 0.71022 0.71098 0.71301 0.71310 0.71176 0.71422 0.71677 0.71594 0.71506 0.71725 0.71825 0.71903 0.72005 0.72089 0.72111 0.72274 0.72460 0.72540 0.72566 0.72749 0.72944 0.73077 0.73121 0.73326 0.73512 0.73679 0.73744 0.73940 0.74126 0.74326 0.74428 0.74588 0.74794 0.74982 0.75177 0.75331 0.75544 0.75719 0.75980 0.76166 0.76381 0.76542 0.76788 0.77023 0.77262 0.74134 0.67699 0.61334 0.54881 0.48371 0.41811 0.35233 0.28644 0.21999 0.15302 0.11360 0.10198 0.09028 0.07848 0.06661 0.05468 0.04266 0.03057 0.01840 0.00615 0.00000 0.00000 0.00000 0.00000 0.00000 0.00000 0.00000 0.00000 0.00000 0.00000 0.00000 0.00000 0.00000 0.00000 0.00000 0.00000 0.00000 0.00000 0.00000 0.00000 0.00000 0.00000 0.00000 0.00000 0.00000
0.00000 0.00000 0.00000 0.00000 0.00000 0.00000 0.00000 0.00000 0.00000 0.00000 0.00000 0.00000 0.00000 0.00000 0.00000 0.00000 0.00000 0.00000 0.00000 0.00000 0.00000 0.00000 0.00000 0.00000 0.00000 0.04167 0.12463 0.20693 0.28897 0.37076 0.45204 0.53240 0.61277 0.69248 0.77172 0.80993 0.80746 0.80506 0.80275 0.80054 0.79825 0.79590 0.79338 0.79133 0.78928 0.78708 0.78432 0.78210 0.78032 0.77821 0.77596 0.77327 0.77284 0.76938 0.76803 0.76739 0.76457 0.76144 0.75957 0.75895 0.75664 0.75359 0.75182 0.75110 0.74907 0.74633 0.74486 0.74370 0.74157 0.73981 0.73870 0.73661 0.73396 0.73427 0.73313 0.72978 0.72825 0.72952 0.72677 0.72357 0.72575 0.72532 0.72079 0.71892 0.72145 0.72148 0.71599 0.71438 0.71826 0.71816 0.71282 0.71186 0.71456 0.71408 0.71193 0.70855 0.70822 0.71183 0.71006 0.70816 0.70529 0.70693 0.70906 0.70858 0.70514 0.70359 0.70613 0.70718 0.70449 0.70259 0.70416 0.70376 0.70387 0.70380 0.70339 0.70085 0.70311 0.70459 0.70310 0.69992 0.70330 0.70544 0.70253 0.70115 0.70457 0.70577 0.70250 0.70228 0.70600 0.70606 0.70431 0.70411 0.70764 0.70776 0.70346 0.70585 0.70927 0.71037 0.70599 0.70821 0.71081 0.71257 0.71082 0.70949 0.71322 0.71620 0.71433 0.71320 0.71614 0.71789 0.71781 0.71869 0.71922 0.71972 0.72159 0.72305 0.72323 0.72399 0.72617 0.72756 0.72829 0.72941 0.73183 0.73305 0.73416 0.73549 0.73817 0.73936 0.74045 0.74192 0.74475 0.74621 0.74701 0.74905 0.75169 0.75378 0.75475 0.75690 0.75945 0.76190 0.76323 0.76544 0.76780 0.77013 0.77186 0.74538 0.68937 0.63214 0.57548 0.51906 0.46162 0.40353 0.34554 0.28734 0.22858 0.18935 0.16997 0.15046 0.13080 0.11103 0.09114 0.07111 0.05096 0.03067 0.01026 0.00000 0.00000 0.00000 0.00000 0.00000 0.00000 0.00000 0.00000 0.00000 0.00000 0.00000 0.00000 0.00000 0.00000 0.00000 0.00000 0.00000 0.00000 0.00000 0.00000 0.00000 0.00000 0.00000 0.00000 0.00000
0.00000 0.00000 0.00000 0.00000 0.00000 0.00000 0.00000 0.00000 0.00000 0.00000 0.00000 0.00000 0.00000 0.00000 0.00000 0.00000 0.00000 0.00000 0.00000 0.00000 0.00000 0.00000 0.00000 0.00000 0.00000 0.04161 0.12453 0.20692 0.28866 0.37030 0.45147 0.53220 0.61220 0.69185 0.77094 0.80906 0.80677 0.80443 0.80191 0.79953 0.79757 0.79526 0.79263 0.79029 0.78849 0.78628 0.78363 0.78131 0.77928 0.77771 0.77471 0.77338 0.77119 0.76995 0.76726 0.76500 0.76391 0.76158 0.75882 0.75674 0.75568 0.75381 0.75112 0.74908 0.74795 0.74636 0.74407 0.74222 0.74068 0.73893 0.73778 0.73622 0.73366 0.73119 0.73249 0.73125 0.72711 0.72635 0.72777 0.72494 0.72137 0.72340 0.72326 0.71940 0.71689 0.72044 0.72011 0.71431 0.71277 0.71856 0.71679 0.71139 0.71051 0.71389 0.71416 0.70934 0.70793 0.70877 0.70961 0.70854 0.70547 0.70434 0.70682 0.70713 0.70560 0.70296 0.70399 0.70506 0.70434 0.70324 0.70440 0.70307 0.70082 0.70339 0.70572 0.70197 0.69964 0.70305 0.70464 0.70249 0.69922 0.70216 0.70643 0.70423 0.70086 0.70187 0.70877 0.70592 0.70176 0.70287 0.70666 0.70603 0.70378 0.70427 0.70702 0.70760 0.70726 0.70661 0.70754 0.70898 0.71010 0.71008 0.70986 0.71191 0.71498 0.71347 0.71181 0.71463 0.71705 0.71685 0.71661 0.71777 0.71884 0.72031 0.72136 0.72172 0.72240 0.72441 0.72591 0.72676 0.72752 0.72955 0.73128 0.73270 0.73352 0.73557 0.73739 0.73914 0.74010 0.74196 0.74382 0.74586 0.74732 0.74896 0.75102 0.75294 0.75514 0.75695 0.75910 0.76101 0.76338 0.76548 0.76784 0.76964 0.77161 0.74889 0.70115 0.65217 0.60273 0.55365 0.50463 0.45515 0.40486 0.35450 0.30405 0.26522 0.23798 0.21062 0.18313 0.15547 0.12760 0.09957 0.07135 0.04295 0.01436 0.00000 0.00000 0.00000 0.00000 0.00000 0.00000 0.00000 0.00000 0.00000 0.00000 0.00000 0.00000 0.00000 0.00000 0.00000 0.00000 0.00000 0.00000 0.00000 0.00000 0.00000 0.00000 0.00000 0.00000 0.00000
0.00000 0.00000 0.00000 0.00000 0.00000 0.00000 0.00000 0.00000 0.00000 0.00000 0.00000 0.00000 0.00000 0.00000 0.00000 0.00000 0.00000 0.00000 0.00000 0.00000 0.00000 0.00000 0.00000 0.00000 0.00000 0.04156 0.12437 0.20681 0.28871 0.36974 0.45107 0.53171 0.61174 0.69120 0.77019 0.80830 0.80596 0.80368 0.80128 0.79882 0.79644 0.79440 0.79227 0.78974 0.78715 0.78511 0.78341 0.78076 0.77839 0.77595 0.77525 0.77179 0.77025 0.76971 0.76703 0.76393 0.76185 0.76110 0.75886 0.75569 0.75388 0.75307 0.75105 0.74806 0.74654 0.74557 0.74345 0.74105 0.74005 0.73848 0.73591 0.73505 0.73470 0.73149 0.72815 0.73023 0.72957 0.72478 0.72490 0.72600 0.72262 0.71955 0.72175 0.72166 0.71749 0.71510 0.71828 0.71846 0.71246 0.71181 0.71514 0.71420 0.70976 0.70775 0.71149 0.71233 0.70899 0.70668 0.70581 0.70906 0.70745 0.70588 0.70455 0.70429 0.70523 0.70536 0.70357 0.70150 0.70318 0.70303 0.70307 0.70214 0.70168 0.70025 0.70273 0.70352 0.70134 0.69939 0.70244 0.70297 0.70098 0.70004 0.70283 0.70336 0.70072 0.70135 0.70442 0.70441 0.70146 0.70226 0.70597 0.70534 0.70238 0.70328 0.70766 0.70771 0.70329 0.70519 0.70866 0.71046 0.70764 0.70799 0.71052 0.71330 0.71205 0.70981 0.71331 0.71567 0.71523 0.71548 0.71672 0.71765 0.71873 0.72008 0.72018 0.72081 0.72286 0.72425 0.72473 0.72576 0.72805 0.72935 0.73023 0.73160 0.73425 0.73549 0.73641 0.73788 0.74075 0.74209 0.74302 0.74474 0.74754 0.74932 0.75028 0.75232 0.75509 0.75723 0.75851 0.76068 0.76339 0.76563 0.76702 0.76963 0.77210 0.75271 0.71164 0.67173 0.63072 0.58879 0.54747 0.50618 0.46436 0.42190 0.37954 0.34094 0.30602 0.27083 0.23548 0.19990 0.16408 0.12803 0.09176 0.05523 0.01847 0.00000 0.00000 0.00000 0.00000 0.00000 0.00000 0.00000 0.00000 0.00000 0.00000 0.00000 0.00000 0.00000 0.00000 0.00000 0.00000 0.00000 0.00000 0.00000 0.00000 0.00000 0.00000 0.00000 0.00000 0.00000
0.00000 0.00000 0.00000 0.00000 0.00000 0.00000 0.00000 0.00000 0.00000 0.00000 0.00000 0.00000 0.00000 0.00000 0.00000 0.00000 0.00000 0.00000 0.00000 0.00000 0.00000 0.00000 0.00000 0.00000 0.00000 0.04157 0.12427 0.20649 0.28835 0.36987 0.45054 0.53110 0.61119 0.69057 0.76951 0.80767 0.80517 0.80272 0.80061 0.79829 0.79564 0.79332 0.79149 0.78928 0.78638 0.78416 0.78228 0.78059 0.77733 0.77555 0.77341 0.77238 0.76965 0.76733 0.76632 0.76401 0.76118 0.75896 0.75780 0.75601 0.75317 0.75106 0.74986 0.74836 0.74572 0.74380 0.74253 0.74076 0.73896 0.73768 0.73551 0.73325 0.73333 0.73284 0.72861 0.72603 0.72871 0.72735 0.72230 0.72250 0.72423 0.72126 0.71769 0.71973 0.72031 0.71601 0.71312 0.71824 0.71734 0.71147 0.71065 0.71394 0.71420 0.70712 0.70761 0.70935 0.70942 0.70601 0.70370 0.70624 0.70738 0.70566 0.70345 0.70251 0.70491 0.70420 0.70295 0.70198 0.70360 0.70246 0.70001 0.70188 0.70372 0.70070 0.69818 0.70160 0.70325 0.70076 0.69720 0.70084 0.70176 0.70221 0.69899 0.70065 0.70485 0.70449 0.69996 0.70070 0.70669 0.70558 0.70079 0.70087 0.70575 0.70626 0.70427 0.70372 0.70574 0.70795 0.70798 0.70670 0.70687 0.70998 0.71111 0.71072 0.70961 0.71243 0.71584 0.71446 0.71367 0.71519 0.71707 0.71819 0.71828 0.71840 0.71953 0.72165 0.72274 0.72304 0.72405 0.72622 0.72769 0.72859 0.72971 0.73184 0.73360 0.73498 0.73612 0.73810 0.73981 0.74176 0.74310 0.74485 0.74666 0.74875 0.75061 0.75244 0.75444 0.75655 0.75870 0.76080 0.76304 0.76505 0.76716 0.76934 0.77215 0.75663 0.72356 0.69035 0.65788 0.62477 0.59068 0.55700 0.52336 0.48963 0.45513 0.41659 0.37399 0.33111 0.28785 0.24433 0.20057 0.15651 0.11216 0.06752 0.02258 0.00000 0.00000 0.00000 0.00000 0.00000 0.00000 0.00000 0.00000 0.00000 0.00000 0.00000 0.00000 0.00000 0.00000 0.00000 0.00000 0.00000 0.00000 0.00000 0.00000 0.00000 0.00000 0.00000 0.00000 0.00000
0.00000 0.00000 0.00000 0.00000 0.00000 0.00000 0.00000 0.00000 0.00000 0.00000 0.00000 0.00000 0.00000 0.00000 0.00000 0.00000 0.00000 0.00000 0.00000 0.00000 0.00000 0.00000 0.00000 0.00000 0.00000 0.04154 0.12423 0.20626 0.28808 0.36953 0.45038 0.53062 0.61061 0.68995 0.76884 0.80693 0.80449 0.80200 0.79965 0.79749 0.79523 0.79267 0.79022 0.78818 0.78637 0.78354 0.78114 0.77893 0.77784 0.77446 0.77262 0.77163 0.76943 0.76645 0.76420 0.76341 0.76117 0.75797 0.75611 0.75516 0.75315 0.75005 0.74849 0.74742 0.74537 0.74270 0.74155 0.74036 0.73773 0.73596 0.73585 0.73348 0.73062 0.73087 0.73096 0.72639 0.72470 0.72671 0.72472 0.72039 0.72134 0.72224 0.71937 0.71600 0.71763 0.71863 0.71379 0.71182 0.71563 0.71442 0.70956 0.70766 0.71285 0.71247 0.70773 0.70584 0.70745 0.71010 0.70572 0.70404 0.70464 0.70555 0.70376 0.70235 0.70323 0.70286 0.70203 0.70157 0.70229 0.70166 0.70042 0.69949 0.70244 0.70241 0.69980 0.69864 0.70200 0.70212 0.69937 0.69892 0.70153 0.70097 0.69946 0.69987 0.70212 0.70206 0.69953 0.70104 0.70356 0.70394 0.70028 0.70126 0.70599 0.70570 0.70242 0.70273 0.70643 0.70818 0.70472 0.70526 0.70831 0.71084 0.70908 0.70789 0.71061 0.71340 0.71313 0.71252 0.71385 0.71520 0.71616 0.71759 0.71757 0.71781 0.71985 0.72133 0.72154 0.72239 0.72453 0.72589 0.72656 0.72785 0.73029 0.73171 0.73250 0.73402 0.73668 0.73819 0.73909 0.74064 0.74347 0.74510 0.74604 0.74782 0.75076 0.75267 0.75393 0.75593 0.75887 0.76095 0.76240 0.76474 0.76747 0.76959 0.77102 0.76057 0.73569 0.71008 0.68452 0.65968 0.63445 0.60818 0.58254 0.55679 0.53081 0.49242 0.44202 0.39131 0.34022 0.28880 0.23707 0.18500 0.13257 0.07981 0.02669 0.00000 0.00000 0.00000 0.00000 0.00000 0.00000 0.00000 0.00000 0.00000 0.00000 0.00000 0.00000 0.00000 0.00000 0.00000 0.00000 0.00000 0.00000 0.00000 0.00000 0.00000 0.00000 0.00000 0.00000 0.00000
0.00000 0.00000 0.00000 0.00000 0.00000 0.00000 0.00000 0.00000 0.00000 0.00000 0.00000 0.00000 0.00000 0.00000 0.00000 0.00000 0.00000 0.00000 0.00000 0.00000 0.00000 0.00000 0.00000 0.00000 0.00000 0.04148 0.12412 0.20632 0.28777 0.36904 0.45002 0.53035 0.61006 0.68941 0.76817 0.80608 0.80376 0.80147 0.79890 0.79649 0.79446 0.79224 0.78946 0.78721 0.78527 0.78341 0.78026 0.77832 0.77617 0.77488 0.77180 0.76979 0.76878 0.76644 0.76374 0.76134 0.76005 0.75832 0.75542 0.75323 0.75187 0.75049 0.74770 0.74563 0.74431 0.74264 0.74050 0.73916 0.73755 0.73510 0.73405 0.73391 0.73053 0.72812 0.72950 0.72879 0.72357 0.72238 0.72527 0.72322 0.71840 0.71856 0.72076 0.71809 0.71399 0.71603 0.71786 0.71249 0.71091 0.71377 0.71397 0.70694 0.70755 0.70968 0.70926 0.70376 0.70304 0.70773 0.70650 0.70368 0.70171 0.70396 0.70498 0.70275 0.70133 0.70169 0.70272 0.70138 0.69964 0.70067 0.70238 0.69996 0.69727 0.70011 0.70147 0.69940 0.69611 0.69956 0.70086 0.70042 0.69653 0.69919 0.70091 0.70191 0.69778 0.69929 0.70283 0.70397 0.69893 0.69910 0.70526 0.70590 0.70129 0.70034 0.70421 0.70569 0.70524 0.70358 0.70490 0.70895 0.70855 0.70739 0.70662 0.71113 0.71276 0.71182 0.71088 0.71277 0.71581 0.71569 0.71529 0.71578 0.71714 0.71956 0.71986 0.71951 0.72088 0.72321 0.72443 0.72478 0.72605 0.72832 0.72993 0.73083 0.73229 0.73429 0.73599 0.73756 0.73916 0.74092 0.74243 0.74456 0.74639 0.74816 0.74987 0.75214 0.75407 0.75622 0.75824 0.76048 0.76251 0.76473 0.76723 0.76935 0.77136 0.76366 0.74762 0.72996 0.71197 0.69442 0.67714 0.66008 0.64186 0.62395 0.60617 0.56844 0.51011 0.45148 0.39259 0.33330 0.27359 0.21349 0.15300 0.09211 0.03080 0.00000 0.00000 0.00000 0.00000 0.00000 0.00000 0.00000 0.00000 0.00000 0.00000 0.00000 0.00000 0.00000 0.00000 0.00000 0.00000 0.00000 0.00000 0.00000 0.00000 0.00000 0.00000 0.00000 0.00000 0.00000
0.00000 0.00000 0.00000 0.00000 0.00000 0.00000 0.00000 0.00000 0.00000 0.00000 0.00000 0.00000 0.00000 0.00000 0.00000 0.00000 0.00000 0.00000 0.00000 0.00000 0.00000 0.00000 0.00000 0.00000 0.00000 0.04144 0.12402 0.20616 0.28770 0.36871 0.44971 0.52992 0.60958 0.68881 0.76749 0.80538 0.80301 0.80069 0.79834 0.79583 0.79343 0.79126 0.78928 0.78660 0.78415 0.78195 0.78066 0.77746 0.77533 0.77356 0.77203 0.76905 0.76672 0.76596 0.76359 0.76048 0.75845 0.75741 0.75542 0.75229 0.75064 0.74940 0.74743 0.74475 0.74326 0.74213 0.73944 0.73740 0.73727 0.73558 0.73258 0.73127 0.73185 0.72854 0.72632 0.72737 0.72628 0.72157 0.72124 0.72316 0.72108 0.71676 0.71696 0.71893 0.71640 0.71217 0.71404 0.71507 0.71088 0.70827 0.71303 0.71253 0.70729 0.70590 0.70850 0.71077 0.70405 0.70286 0.70485 0.70561 0.70140 0.70018 0.70343 0.70321 0.70073 0.69980 0.70178 0.70159 0.69937 0.69868 0.70129 0.70221 0.69840 0.69786 0.70087 0.70152 0.69773 0.69710 0.70076 0.70046 0.69792 0.69799 0.70027 0.70054 0.69820 0.69914 0.70112 0.70181 0.69877 0.69993 0.70340 0.70472 0.70045 0.70066 0.70482 0.70568 0.70306 0.70341 0.70675 0.70844 0.70535 0.70560 0.70835 0.71128 0.71083 0.70994 0.71092 0.71286 0.71437 0.71541 0.71450 0.71501 0.71734 0.71917 0.71867 0.71918 0.72127 0.72289 0.72324 0.72428 0.72655 0.72808 0.72873 0.73027 0.73271 0.73436 0.73509 0.73680 0.73942 0.74108 0.74197 0.74371 0.74656 0.74831 0.74952 0.75127 0.75440 0.75628 0.75781 0.75990 0.76291 0.76491 0.76641 0.76907 0.77182 0.76817 0.75794 0.74935 0.73997 0.72971 0.72020 0.71082 0.70150 0.69140 0.68173 0.64413 0.57822 0.51177 0.44499 0.37779 0.31012 0.24200 0.17344 0.10441 0.03492 0.00000 0.00000 0.00000 0.00000 0.00000 0.00000 0.00000 0.00000 0.00000 0.00000 0.00000 0.00000 0.00000 0.00000 0.00000 0.00000 0.00000 0.00000 0.00000 0.00000 0.00000 0.00000 0.00000 0.00000 0.00000
0.00000 0.00000 0.00000 0.00000 0.00000 0.00000 0.00000 0.00000 0.00000 0.00000 0.00000 0.00000 0.00000 0.00000 0.00000 0.00000 0.00000 0.00000 0.00000 0.00000 0.00000 0.00000 0.00000 0.00000 0.00000 0.04145 0.12390 0.20589 0.28749 0.36878 0.44931 0.52949 0.60913 0.68813 0.76677 0.80484 0.80237 0.79983 0.79752 0.79533 0.79279 0.79036 0.78823 0.78628 0.78351 0.78135 0.77904 0.77763 0.77453 0.77259 0.77101 0.76895 0.76649 0.76391 0.76256 0.76071 0.75788 0.75559 0.75409 0.75274 0.74998 0.74771 0.74618 0.74477 0.74256 0.74073 0.73952 0.73669 0.73510 0.73546 0.73298 0.73009 0.72988 0.72988 0.72552 0.72364 0.72623 0.72464 0.71909 0.71863 0.72149 0.71978 0.71483 0.71442 0.71802 0.71532 0.71126 0.71233 0.71371 0.70818 0.70755 0.71030 0.70912 0.70373 0.70391 0.70857 0.70625 0.70255 0.70124 0.70549 0.70398 0.70089 0.70052 0.70221 0.70153 0.69986 0.69877 0.70009 0.70048 0.69898 0.69669 0.69899 0.70021 0.69841 0.69584 0.69824 0.70010 0.69903 0.69447 0.69726 0.69926 0.69991 0.69477 0.69715 0.70112 0.70161 0.69715 0.69793 0.70228 0.70449 0.69904 0.69823 0.70306 0.70477 0.70268 0.70054 0.70339 0.70651 0.70558 0.70294 0.70447 0.71059 0.70947 0.70885 0.70814 0.71168 0.71365 0.71317 0.71243 0.71316 0.71491 0.71692 0.71708 0.71664 0.71794 0.72073 0.72145 0.72125 0.72262 0.72504 0.72643 0.72692 0.72855 0.73065 0.73228 0.73338 0.73537 0.73701 0.73842 0.74039 0.74242 0.74404 0.74553 0.74783 0.74995 0.75179 0.75346 0.75596 0.75777 0.76018 0.76240 0.76467 0.76660 0.76885 0.77172 0.77195 0.77008 0.76802 0.76711 0.76573 0.76341 0.76179 0.76037 0.75924 0.75740 0.71983 0.64622 0.57213 0.49744 0.42228 0.34666 0.27053 0.19388 0.11672 0.03904 0.00000 0.00000 0.00000 0.00000 0.00000 0.00000 0.00000 0.00000 0.00000 0.00000 0.00000 0.00000 0.00000 0.00000 0.00000 0.00000 0.00000 0.00000 0.00000 0.00000 0.00000 0.00000 0.00000 0.00000 0.00000
0.00000 0.00000 0.00000 0.00000 0.00000 0.00000 0.00000 0.00000 0.00000 0.00000 0.00000 0.00000 0.00000 0.00000 0.00000 0.00213 0.00637 0.01060 0.01477 0.01894 0.02312 0.02724 0.03133 0.03539 0.03947 0.08077 0.15895 0.23655 0.31413 0.39101 0.46738 0.54332 0.61873 0.69365 0.76819 0.80413 0.80168 0.79920 0.79679 0.79447 0.79226 0.78984 0.78732 0.78507 0.78353 0.78070 0.77832 0.77603 0.77487 0.77180 0.76948 0.76859 0.76618 0.76322 0.76094 0.75990 0.75787 0.75473 0.75294 0.75164 0.74971 0.74708 0.74525 0.74391 0.74149 0.73954 0.73891 0.73765 0.73398 0.73180 0.73331 0.73116 0.72831 0.72770 0.72734 0.72364 0.72224 0.72422 0.72228 0.71743 0.71723 0.71950 0.71808 0.71270 0.71241 0.71589 0.71329 0.70929 0.71106 0.71247 0.70753 0.70621 0.70885 0.70934 0.70299 0.70270 0.70508 0.70584 0.69986 0.69882 0.70347 0.70211 0.69922 0.69826 0.70123 0.70084 0.69817 0.69732 0.70022 0.70123 0.69719 0.69645 0.69978 0.70093 0.69609 0.69582 0.69976 0.70072 0.69573 0.69568 0.69940 0.69991 0.69575 0.69622 0.69944 0.70034 0.69776 0.69823 0.70070 0.70239 0.69919 0.69883 0.70224 0.70459 0.70166 0.70104 0.70448 0.70556 0.70354 0.70390 0.70715 0.70921 0.70683 0.70723 0.70867 0.71075 0.71292 0.71282 0.71121 0.71209 0.71547 0.71785 0.71549 0.71584 0.71871 0.72071 0.72012 0.72085 0.72308 0.72482 0.72524 0.72660 0.72888 0.73066 0.73120 0.73292 0.73539 0.73726 0.73796 0.73976 0.74244 0.74422 0.74527 0.74719 0.75007 0.75196 0.75330 0.75506 0.75837 0.76015 0.76186 0.76417 0.76714 0.76918 0.77079 0.77368 0.77638 0.77839 0.78010 0.78282 0.78560 0.78750 0.79004 0.79267 0.79535 0.75786 0.68031 0.60230 0.52371 0.44459 0.36497 0.28483 0.20413 0.12289 0.04110 0.00000 0.00000 0.00000 0.00000 0.00000 0.00000 0.00000 0.00000 0.00000 0.00000 0.00000 0.00000 0.00000 0.00000 0.00000 0.00000 0.00000 0.00000 0.00000 0.00000 0.00000 0.00000 0.00000 0.00000 0.00000
0.00000 0.00000 0.00000 0.00000 0.00000 0.00000 0.00000 0.00000 0.00000 0.00000 0.00000 0.00000 0.00000 0.00000 0.00000 0.00638 0.01909 0.03176 0.04432 0.05678 0.06923 0.08167 0.09392 0.10622 0.11826 0.15934 0.22895 0.29844 0.36719 0.43575 0.50379 0.57127 0.63844 0.70532 0.77171 0.80332 0.80087 0.79865 0.79630 0.79369 0.79132 0.78923 0.78694 0.78448 0.78203 0.78051 0.77780 0.77570 0.77318 0.77168 0.76939 0.76675 0.76528 0.76318 0.76063 0.75814 0.75660 0.75512 0.75244 0.75003 0.74837 0.74713 0.74498 0.74246 0.74111 0.73869 0.73725 0.73770 0.73575 0.73143 0.72986 0.73140 0.72846 0.72548 0.72704 0.72583 0.72077 0.71953 0.72276 0.72094 0.71545 0.71472 0.71804 0.71721 0.71112 0.71104 0.71369 0.71111 0.70768 0.71029 0.70936 0.70472 0.70492 0.70880 0.70535 0.70224 0.70218 0.70600 0.70259 0.69932 0.70042 0.70263 0.70034 0.69784 0.69803 0.70021 0.69918 0.69754 0.69603 0.69815 0.69866 0.69740 0.69476 0.69699 0.69886 0.69777 0.69428 0.69563 0.69854 0.69857 0.69302 0.69396 0.70006 0.70056 0.69501 0.69557 0.69984 0.70162 0.69731 0.69699 0.70107 0.70343 0.70039 0.69887 0.70171 0.70416 0.70320 0.69964 0.70309 0.70664 0.70620 0.70370 0.70538 0.71122 0.70974 0.71004 0.70991 0.71190 0.71177 0.71421 0.71460 0.71419 0.71467 0.71817 0.71866 0.71819 0.71940 0.72196 0.72311 0.72346 0.72494 0.72717 0.72867 0.72938 0.73152 0.73319 0.73462 0.73624 0.73855 0.74001 0.74137 0.74361 0.74608 0.74750 0.74915 0.75154 0.75337 0.75567 0.75749 0.76008 0.76181 0.76430 0.76680 0.76914 0.77108 0.77325 0.77636 0.77860 0.78038 0.78253 0.78519 0.78806 0.79017 0.79259 0.79525 0.75810 0.68045 0.60233 0.52377 0.44469 0.36505 0.28488 0.20417 0.12292 0.04111 0.00000 0.00000 0.00000 0.00000 0.00000 0.00000 0.00000 0.00000 0.00000 0.00000 0.00000 0.00000 0.00000 0.00000 0.00000 0.00000 0.00000 0.00000 0.00000 0.00000 0.00000 0.00000 0.00000 0.00000 0.00000
0.00000 0.00000 0.00000 0.00000 0.00000 0.00000 0.00000 0.00000 0.00000 0.00000 0.00000 0.00000 0.00000 0.00000 0.00000 0.01065 0.03179 0.05282 0.07381 0.09472 0.11526 0.13583 0.15656 0.17686 0.19711 0.23766 0.29911 0.35991 0.42033 0.48039 0.54004 0.59928 0.65822 0.71687 0.77503 0.80273 0.80029 0.79792 0.79554 0.79319 0.79067 0.78835 0.78636 0.78399 0.78148 0.77906 0.77789 0.77482 0.77251 0.77088 0.76895 0.76614 0.76364 0.76265 0.76046 0.75743 0.75538 0.75412 0.75218 0.74948 0.74755 0.74610 0.74388 0.74214 0.74045 0.73936 0.73527 0.73363 0.73569 0.73421 0.73020 0.72757 0.72855 0.72658 0.72391 0.72505 0.72328 0.71904 0.71806 0.72079 0.71885 0.71372 0.71272 0.71663 0.71503 0.70973 0.70908 0.71247 0.70888 0.70671 0.70905 0.70800 0.70261 0.70351 0.70548 0.70432 0.69932 0.69899 0.70358 0.70128 0.69828 0.69752 0.70098 0.69972 0.69681 0.69552 0.69946 0.70000 0.69611 0.69508 0.69847 0.69984 0.69465 0.69316 0.69859 0.70048 0.69372 0.69410 0.69818 0.69964 0.69392 0.69344 0.69844 0.69953 0.69565 0.69576 0.69832 0.70045 0.69846 0.69733 0.69957 0.70208 0.70069 0.69870 0.70164 0.70436 0.70226 0.70089 0.70434 0.70638 0.70394 0.70520 0.70667 0.70864 0.70884 0.70920 0.70913 0.70863 0.71442 0.71543 0.71236 0.71252 0.71677 0.71947 0.71699 0.71756 0.72018 0.72228 0.72198 0.72310 0.72530 0.72723 0.72750 0.72907 0.73148 0.73350 0.73396 0.73579 0.73838 0.74008 0.74114 0.74342 0.74585 0.74793 0.74893 0.75085 0.75392 0.75550 0.75733 0.75926 0.76255 0.76435 0.76614 0.76873 0.77172 0.77378 0.77543 0.77822 0.78090 0.78285 0.78509 0.78770 0.79041 0.79277 0.79535 0.75811 0.68056 0.60245 0.52387 0.44478 0.36513 0.28494 0.20422 0.12295 0.04112 0.00000 0.00000 0.00000 0.00000 0.00000 0.00000 0.00000 0.00000 0.00000 0.00000 0.00000 0.00000 0.00000 0.00000 0.00000 0.00000 0.00000 0.00000 0.00000 0.00000 0.00000 0.00000 0.00000 0.00000 0.00000
0.00000 0.00000 0.00000 0.00000 0.00000 0.00000 0.00000 0.00000 0.00000 0.00000 0.00000 0.00000 0.00000 0.00000 0.00000 0.01489 0.04452 0.07393 0.10321 0.13253 0.16139 0.19010 0.21875 0.24755 0.27559 0.31639 0.36891 0.42136 0.47334 0.52491 0.57624 0.62734 0.67808 0.72828 0.77831 0.80220 0.79988 0.79717 0.79468 0.79250 0.79039 0.78775 0.78521 0.78333 0.78115 0.77897 0.77598 0.77462 0.77227 0.76985 0.76788 0.76581 0.76362 0.76091 0.75934 0.75759 0.75507 0.75253 0.75091 0.74960 0.74738 0.74461 0.74307 0.74148 0.73982 0.73851 0.73724 0.73306 0.73185 0.73362 0.73177 0.72736 0.72672 0.72702 0.72373 0.72100 0.72380 0.72214 0.71676 0.71572 0.71886 0.71781 0.71150 0.71086 0.71446 0.71323 0.70771 0.70795 0.71021 0.70634 0.70539 0.70842 0.70531 0.70191 0.70321 0.70551 0.70093 0.69826 0.70079 0.70267 0.69934 0.69616 0.69796 0.70078 0.69849 0.69537 0.69542 0.69784 0.69765 0.69598 0.69419 0.69611 0.69756 0.69653 0.69267 0.69440 0.69791 0.69736 0.69290 0.69249 0.69836 0.69863 0.69354 0.69258 0.69856 0.70018 0.69548 0.69511 0.69897 0.70041 0.69811 0.69733 0.70015 0.70217 0.70086 0.69804 0.70151 0.70496 0.70353 0.69832 0.70379 0.70778 0.70632 0.70501 0.70731 0.71181 0.70895 0.71106 0.71271 0.71262 0.71116 0.71501 0.71641 0.71593 0.71606 0.71906 0.72015 0.72050 0.72157 0.72385 0.72524 0.72575 0.72760 0.72954 0.73098 0.73217 0.73458 0.73603 0.73725 0.73946 0.74199 0.74333 0.74509 0.74725 0.75002 0.75127 0.75290 0.75559 0.75692 0.75976 0.76197 0.76443 0.76623 0.76871 0.77146 0.77386 0.77574 0.77788 0.78065 0.78319 0.78526 0.78765 0.79029 0.79302 0.79551 0.75816 0.68063 0.60259 0.52398 0.44486 0.36520 0.28501 0.20427 0.12299 0.04114 0.00000 0.00000 0.00000 0.00000 0.00000 0.00000 0.00000 0.00000 0.00000 0.00000 0.00000 0.00000 0.00000 0.00000 0.00000 0.00000 0.00000 0.00000 0.00000 0.00000 0.00000 0.00000 0.00000 0.00000 0.00000
0.00000 0.00000 0.00000 0.00000 0.00000 0.00000 0.00000 0.00000 0.00000 0.00000 0.00000 0.00000 0.00000 0.00000 0.00000 0.01911 0.05718 0.09514 0.13266 0.16999 0.20741 0.24452 0.28124 0.31756 0.35440 0.39469 0.43883 0.48266 0.52620 0.56944 0.61247 0.65527 0.69770 0.73988 0.78181 0.80154 0.79907 0.79668 0.79415 0.79181 0.78953 0.78726 0.78476 0.78235 0.78083 0.77800 0.77574 0.77350 0.77195 0.76911 0.76660 0.76546 0.76315 0.76033 0.75799 0.75684 0.75482 0.75196 0.75004 0.74863 0.74648 0.74445 0.74252 0.74112 0.73825 0.73660 0.73703 0.73637 0.73175 0.72936 0.73021 0.72922 0.72576 0.72509 0.72428 0.72179 0.71945 0.72191 0.71984 0.71548 0.71391 0.71735 0.71619 0.71016 0.70938 0.71282 0.71121 0.70629 0.70805 0.70834 0.70365 0.70374 0.70624 0.70394 0.69963 0.70068 0.70367 0.70074 0.69768 0.69796 0.70060 0.69872 0.69559 0.69508 0.69929 0.69897 0.69502 0.69361 0.69746 0.69837 0.69391 0.69197 0.69724 0.69983 0.69248 0.69062 0.69711 0.69925 0.69253 0.69159 0.69676 0.69845 0.69416 0.69294 0.69643 0.69944 0.69707 0.69536 0.69685 0.70005 0.69969 0.69655 0.69878 0.70146 0.70183 0.69838 0.70134 0.70495 0.70253 0.70217 0.70429 0.70652 0.70481 0.70616 0.70635 0.70714 0.71016 0.71111 0.71015 0.70867 0.71534 0.71655 0.71425 0.71462 0.71814 0.72050 0.71900 0.71997 0.72219 0.72427 0.72407 0.72542 0.72779 0.72977 0.73007 0.73187 0.73438 0.73613 0.73706 0.73925 0.74171 0.74349 0.74468 0.74752 0.74959 0.75211 0.75289 0.75412 0.75806 0.75936 0.76153 0.76388 0.76698 0.76895 0.77078 0.77341 0.77634 0.77832 0.78024 0.78284 0.78550 0.78789 0.79037 0.79299 0.79564 0.75832 0.68076 0.60270 0.52409 0.44495 0.36529 0.28509 0.20433 0.12302 0.04115 0.00000 0.00000 0.00000 0.00000 0.00000 0.00000 0.00000 0.00000 0.00000 0.00000 0.00000 0.00000 0.00000 0.00000 0.00000 0.00000 0.00000 0.00000 0.00000 0.00000 0.00000 0.00000 0.00000 0.00000 0.00000
0.00000 0.00000 0.00000 0.00000 0.00000 0.00000 0.00000 0.00000 0.00000 0.00000 0.00000 0.00000 0.00000 0.00000 0.00000 0.02335 0.06984 0.11619 0.16213 0.20777 0.25314 0.29873 0.34343 0.38832 0.43274 0.47296 0.50853 0.54385 0.57899 0.61399 0.64871 0.68304 0.71730 0.75151 0.78545 0.80078 0.79828 0.79604 0.79388 0.79118 0.78860 0.78647 0.78448 0.78222 0.77919 0.77759 0.77536 0.77319 0.77055 0.76864 0.76668 0.76396 0.76218 0.76014 0.75790 0.75521 0.75366 0.75218 0.74980 0.74716 0.74555 0.74414 0.74234 0.73985 0.73840 0.73613 0.73470 0.73486 0.73356 0.72928 0.72788 0.72843 0.72639 0.72278 0.72359 0.72333 0.71936 0.71693 0.72001 0.71856 0.71339 0.71145 0.71567 0.71425 0.70835 0.70758 0.71116 0.70907 0.70502 0.70760 0.70630 0.70221 0.70301 0.70502 0.70145 0.69788 0.70071 0.70287 0.69910 0.69536 0.69788 0.70048 0.69841 0.69284 0.69507 0.69829 0.69734 0.69432 0.69350 0.69567 0.69631 0.69514 0.69182 0.69378 0.69728 0.69620 0.69189 0.69193 0.69704 0.69718 0.69237 0.69082 0.69699 0.69789 0.69368 0.69256 0.69753 0.69878 0.69592 0.69503 0.69864 0.69925 0.69831 0.69723 0.70015 0.70140 0.70095 0.69729 0.70221 0.70410 0.70363 0.70047 0.70532 0.70940 0.70638 0.70635 0.70984 0.71186 0.70907 0.71189 0.71491 0.71389 0.71296 0.71622 0.71801 0.71782 0.71824 0.72074 0.72212 0.72266 0.72388 0.72611 0.72753 0.72835 0.73057 0.73221 0.73338 0.73535 0.73782 0.73924 0.74076 0.74305 0.74584 0.74699 0.74923 0.75121 0.75320 0.75531 0.75696 0.75985 0.76133 0.76408 0.76663 0.76908 0.77092 0.77334 0.77600 0.77842 0.78046 0.78279 0.78544 0.78805 0.79054 0.79307 0.79572 0.75848 0.68090 0.60281 0.52420 0.44506 0.36538 0.28516 0.20438 0.12305 0.04116 0.00000 0.00000 0.00000 0.00000 0.00000 0.00000 0.00000 0.00000 0.00000 0.00000 0.00000 0.00000 0.00000 0.00000 0.00000 0.00000 0.00000 0.00000 0.00000 0.00000 0.00000 0.00000 0.00000 0.00000 0.00000
0.00000 0.00000 0.00000 0.00000 0.00000 0.00000 0.00000 0.00000 0.00000 0.00000 0.00000 0.00000 0.00000 0.00000 0.00000 0.02762 0.08252 0.13711 0.19150 0.24566 0.29912 0.35222 0.40579 0.45869 0.51127 0.55105 0.57812 0.60503 0.63178 0.65838 0.68476 0.71097 0.73703 0.76300 0.78872 0.80032 0.79777 0.79541 0.79300 0.79067 0.78818 0.78580 0.78384 0.78125 0.77907 0.77667 0.77505 0.77217 0.76982 0.76833 0.76603 0.76336 0.76077 0.75972 0.75756 0.75472 0.75265 0.75136 0.74919 0.74677 0.74501 0.74352 0.74097 0.73926 0.73808 0.73714 0.73365 0.73185 0.73205 0.73118 0.72751 0.72592 0.72554 0.72390 0.72120 0.72156 0.72095 0.71778 0.71527 0.71769 0.71696 0.71178 0.71005 0.71366 0.71243 0.70651 0.70669 0.70932 0.70624 0.70313 0.70661 0.70490 0.70066 0.70098 0.70349 0.70093 0.69738 0.69852 0.70062 0.69819 0.69535 0.69517 0.69889 0.69810 0.69411 0.69348 0.69685 0.69689 0.69379 0.69163 0.69577 0.69762 0.69218 0.68881 0.69596 0.69870 0.69177 0.68941 0.69560 0.69824 0.69273 0.69020 0.69471 0.69794 0.69538 0.69267 0.69418 0.69881 0.69892 0.69407 0.69517 0.69951 0.70086 0.69583 0.69837 0.70149 0.70167 0.69934 0.70153 0.70499 0.70234 0.70325 0.70456 0.70676 0.70534 0.70719 0.70738 0.70780 0.71139 0.71247 0.71172 0.71170 0.71600 0.71747 0.71603 0.71721 0.71943 0.72161 0.72097 0.72206 0.72444 0.72642 0.72644 0.72808 0.73054 0.73241 0.73305 0.73511 0.73762 0.73910 0.74052 0.74319 0.74538 0.74739 0.74854 0.75214 0.75369 0.75424 0.75701 0.75896 0.76235 0.76408 0.76608 0.76860 0.77169 0.77360 0.77552 0.77802 0.78069 0.78309 0.78544 0.78801 0.79065 0.79326 0.79587 0.75860 0.68103 0.60293 0.52432 0.44517 0.36547 0.28523 0.20444 0.12309 0.04117 0.00000 0.00000 0.00000 0.00000 0.00000 0.00000 0.00000 0.00000 0.00000 0.00000 0.00000 0.00000 0.00000 0.00000 0.00000 0.00000 0.00000 0.00000 0.00000 0.00000 0.00000 0.00000 0.00000 0.00000 0.00000
0.00000 0.00000 0.00000 0.00000 0.00000 0.00000 0.00000 0.00000 0.00000 0.00000 0.00000 0.00000 0.00000 0.00000 0.00000 0.03183 0.09520 0.15816 0.22075 0.28328 0.34504 0.40649 0.46759 0.52893 0.58951 0.62905 0.64765 0.66617 0.68453 0.70266 0.72076 0.73891 0.75684 0.77438 0.79202 0.79977 0.79749 0.79472 0.79218 0.78997 0.78790 0.78551 0.78261 0.78069 0.77861 0.77659 0.77365 0.77167 0.76978 0.76725 0.76513 0.76286 0.76090 0.75811 0.75651 0.75479 0.75246 0.74986 0.74827 0.74682 0.74465 0.74221 0.74069 0.73885 0.73725 0.73573 0.73439 0.73130 0.72993 0.73001 0.72819 0.72478 0.72390 0.72439 0.72172 0.71850 0.71985 0.71989 0.71606 0.71285 0.71601 0.71543 0.71025 0.70816 0.71215 0.71048 0.70510 0.70613 0.70759 0.70400 0.70210 0.70532 0.70305 0.69876 0.69987 0.70273 0.69996 0.69543 0.69743 0.69998 0.69881 0.69208 0.69400 0.69837 0.69774 0.69262 0.69302 0.69490 0.69548 0.69373 0.69140 0.69343 0.69604 0.69494 0.69113 0.69173 0.69599 0.69585 0.69119 0.69022 0.69637 0.69678 0.69184 0.69064 0.69608 0.69635 0.69374 0.69275 0.69737 0.69732 0.69571 0.69571 0.69878 0.69810 0.69793 0.69764 0.70065 0.70121 0.70086 0.69786 0.70333 0.70421 0.70418 0.70149 0.70755 0.70908 0.70704 0.70795 0.71271 0.71184 0.71086 0.71309 0.71677 0.71542 0.71493 0.71779 0.71965 0.71991 0.72029 0.72296 0.72432 0.72498 0.72669 0.72864 0.72988 0.73136 0.73372 0.73526 0.73652 0.73886 0.74133 0.74282 0.74479 0.74693 0.74967 0.75098 0.75350 0.75543 0.75634 0.75951 0.76186 0.76438 0.76608 0.76869 0.77122 0.77369 0.77565 0.77804 0.78061 0.78312 0.78562 0.78814 0.79074 0.79338 0.79604 0.75876 0.68117 0.60307 0.52445 0.44528 0.36557 0.28531 0.20450 0.12313 0.04119 0.00000 0.00000 0.00000 0.00000 0.00000 0.00000 0.00000 0.00000 0.00000 0.00000 0.00000 0.00000 0.00000 0.00000 0.00000 0.00000 0.00000 0.00000 0.00000 0.00000 0.00000 0.00000 0.00000 0.00000 0.00000
0.00000 0.00000 0.00000 0.00000 0.00000 0.00000 0.00000 0.00000 0.00000 0.00000 0.00000 0.00000 0.00000 0.00000 0.00000 0.03605 0.10781 0.17935 0.25011 0.32058 0.39089 0.46077 0.52982 0.59875 0.66767 0.70701 0.71712 0.72715 0.73712 0.74702 0.75686 0.76665 0.77636 0.78603 0.79555 0.79914 0.79667 0.79427 0.79172 0.78940 0.78717 0.78464 0.78246 0.78008 0.77823 0.77538 0.77320 0.77146 0.76912 0.76647 0.76390 0.76272 0.76030 0.75769 0.75535 0.75422 0.75205 0.74938 0.74769 0.74618 0.74364 0.74164 0.74034 0.73890 0.73589 0.73429 0.73375 0.73254 0.72923 0.72763 0.72725 0.72574 0.72298 0.72182 0.72193 0.71986 0.71684 0.71745 0.71794 0.71428 0.71117 0.71394 0.71353 0.70846 0.70674 0.71055 0.70837 0.70344 0.70536 0.70628 0.70230 0.70052 0.70352 0.70199 0.69778 0.69812 0.70078 0.69879 0.69542 0.69529 0.69862 0.69772 0.69363 0.69293 0.69641 0.69620 0.69353 0.69251 0.69423 0.69548 0.69212 0.68858 0.69452 0.69718 0.69151 0.68826 0.69448 0.69762 0.69173 0.68828 0.69393 0.69774 0.69374 0.69001 0.69252 0.69679 0.69669 0.69169 0.69062 0.69807 0.70035 0.69359 0.69427 0.69876 0.70004 0.69619 0.69872 0.70167 0.70071 0.70019 0.70253 0.70441 0.70253 0.70437 0.70556 0.70722 0.70679 0.70869 0.70893 0.70970 0.71253 0.71360 0.71333 0.71413 0.71679 0.71838 0.71803 0.71907 0.72122 0.72325 0.72323 0.72463 0.72692 0.72885 0.72922 0.73120 0.73364 0.73521 0.73640 0.73870 0.74124 0.74274 0.74427 0.74736 0.74940 0.75119 0.75265 0.75549 0.75788 0.75898 0.76146 0.76383 0.76696 0.76880 0.77079 0.77319 0.77597 0.77829 0.78057 0.78308 0.78570 0.78834 0.79090 0.79350 0.79617 0.75893 0.68134 0.60322 0.52457 0.44540 0.36567 0.28540 0.20456 0.12317 0.04120 0.00000 0.00000 0.00000 0.00000 0.00000 0.00000 0.00000 0.00000 0.00000 0.00000 0.00000 0.00000 0.00000 0.00000 0.00000 0.00000 0.00000 0.00000 0.00000 0.00000 0.00000 0.00000 0.00000 0.00000 0.00000
0.00000 0.00000 0.00000 0.00000 0.00000 0.00000 0.00000 0.00000 0.00000 0.00000 0.00000 0.00000 0.00000 0.00000 0.00000 0.04027 0.12047 0.20027 0.27947 0.35823 0.43647 0.51454 0.59191 0.66907 0.74584 0.78481 0.78650 0.78806 0.78965 0.79136 0.79295 0.79434 0.79589 0.79760 0.79922 0.79844 0.79594 0.79367 0.79147 0.78889 0.78619 0.78409 0.78199 0.77999 0.77700 0.77488 0.77301 0.77069 0.76829 0.76581 0.76403 0.76137 0.75951 0.75738 0.75538 0.75261 0.75108 0.74964 0.74719 0.74485 0.74325 0.74146 0.73951 0.73771 0.73621 0.73373 0.73212 0.73145 0.72981 0.72677 0.72535 0.72555 0.72354 0.72040 0.71982 0.72103 0.71822 0.71468 0.71541 0.71658 0.71275 0.70913 0.71217 0.71168 0.70656 0.70562 0.70883 0.70606 0.70176 0.70474 0.70459 0.70027 0.69909 0.70253 0.70106 0.69598 0.69650 0.69958 0.69906 0.69264 0.69304 0.69808 0.69847 0.69160 0.69132 0.69468 0.69474 0.69296 0.69167 0.69317 0.69514 0.69372 0.68998 0.69136 0.69491 0.69460 0.69032 0.69005 0.69538 0.69566 0.69069 0.68966 0.69568 0.69530 0.69168 0.69145 0.69591 0.69542 0.69308 0.69463 0.69768 0.69533 0.69498 0.69674 0.69927 0.69770 0.69702 0.69801 0.70131 0.70131 0.70110 0.69886 0.70454 0.70442 0.70470 0.70407 0.70988 0.70860 0.70862 0.71008 0.71539 0.71221 0.71234 0.71487 0.71808 0.71699 0.71686 0.71988 0.72151 0.72216 0.72297 0.72535 0.72669 0.72772 0.72975 0.73155 0.73266 0.73473 0.73714 0.73876 0.74019 0.74265 0.74522 0.74673 0.74893 0.75112 0.75348 0.75509 0.75746 0.75986 0.76120 0.76401 0.76645 0.76896 0.77084 0.77331 0.77578 0.77825 0.78074 0.78325 0.78581 0.78840 0.79105 0.79369 0.79634 0.75908 0.68150 0.60338 0.52472 0.44552 0.36578 0.28549 0.20463 0.12321 0.04121 0.00000 0.00000 0.00000 0.00000 0.00000 0.00000 0.00000 0.00000 0.00000 0.00000 0.00000 0.00000 0.00000 0.00000 0.00000 0.00000 0.00000 0.00000 0.00000 0.00000 0.00000 0.00000 0.00000 0.00000 0.00000
0.00000 0.00000 0.00000 0.00000 0.00000 0.00000 0.00000 0.00000 0.00000 0.00000 0.00000 0.00000 0.00000 0.00000 0.00000 0.04241 0.12676 0.21064 0.29402 0.37717 0.45928 0.54097 0.62268 0.70402 0.78466 0.82343 0.82088 0.81831 0.81572 0.81313 0.81059 0.80808 0.80550 0.80300 0.80050 0.79806 0.79547 0.79311 0.79072 0.78824 0.78589 0.78361 0.78157 0.77875 0.77669 0.77478 0.77240 0.76972 0.76730 0.76590 0.76332 0.76080 0.75813 0.75720 0.75499 0.75228 0.75035 0.74891 0.74652 0.74416 0.74286 0.74123 0.73836 0.73659 0.73580 0.73425 0.73122 0.72958 0.72915 0.72756 0.72478 0.72312 0.72314 0.72171 0.71857 0.71770 0.71906 0.71644 0.71290 0.71324 0.71487 0.71098 0.70766 0.71073 0.70980 0.70494 0.70459 0.70741 0.70409 0.70039 0.70337 0.70311 0.69894 0.69742 0.70105 0.69990 0.69558 0.69486 0.69837 0.69766 0.69322 0.69247 0.69623 0.69632 0.69287 0.69220 0.69351 0.69383 0.69238 0.69012 0.69322 0.69575 0.69116 0.68758 0.69316 0.69586 0.69115 0.68686 0.69311 0.69708 0.69222 0.68865 0.69207 0.69583 0.69478 0.69023 0.68945 0.69575 0.69861 0.69199 0.69060 0.69648 0.69899 0.69401 0.69471 0.69856 0.69875 0.69730 0.69986 0.70130 0.70035 0.70066 0.70365 0.70474 0.70395 0.70564 0.70683 0.70760 0.70857 0.71053 0.71045 0.71087 0.71347 0.71482 0.71516 0.71606 0.71807 0.71991 0.72032 0.72150 0.72344 0.72557 0.72577 0.72752 0.72982 0.73175 0.73245 0.73451 0.73716 0.73842 0.74006 0.74270 0.74512 0.74672 0.74838 0.75161 0.75356 0.75530 0.75702 0.75912 0.76234 0.76392 0.76607 0.76841 0.77120 0.77348 0.77575 0.77821 0.78081 0.78345 0.78598 0.78852 0.79116 0.79387 0.79654 0.75926 0.68165 0.60353 0.52486 0.44565 0.36589 0.28557 0.20469 0.12325 0.04123 0.00000 0.00000 0.00000 0.00000 0.00000 0.00000 0.00000 0.00000 0.00000 0.00000 0.00000 0.00000 0.00000 0.00000 0.00000 0.00000 0.00000 0.00000 0.00000 0.00000 0.00000 0.00000 0.00000 0.00000 0.00000
0.00000 0.00000 0.00000 0.00000 0.00000 0.00000 0.00000 0.00000 0.00000 0.00000 0.00000 0.00000 0.00000 0.00000 0.00000 0.04237 0.12669 0.21055 0.29393 0.37687 0.45904 0.54087 0.62244 0.70352 0.78400 0.82299 0.82039 0.81784 0.81526 0.81258 0.81002 0.80761 0.80511 0.80238 0.79986 0.79753 0.79520 0.79251 0.78994 0.78769 0.78553 0.78335 0.78048 0.77831 0.77634 0.77420 0.77164 0.76906 0.76730 0.76481 0.76268 0.76020 0.75847 0.75564 0.75404 0.75232 0.75003 0.74756 0.74585 0.74428 0.74200 0.74005 0.73846 0.73620 0.73440 0.73332 0.73169 0.72892 0.72729 0.72704 0.72525 0.72239 0.72104 0.72163 0.71986 0.71642 0.71566 0.71735 0.71479 0.71057 0.71147 0.71302 0.70883 0.70610 0.70939 0.70774 0.70289 0.70398 0.70598 0.70190 0.69910 0.70222 0.70180 0.69704 0.69584 0.69972 0.69900 0.69357 0.69246 0.69752 0.69751 0.69135 0.68976 0.69491 0.69472 0.69235 0.69142 0.69270 0.69373 0.69251 0.68925 0.69094 0.69436 0.69399 0.68924 0.68992 0.69423 0.69460 0.68953 0.68897 0.69462 0.69421 0.69058 0.69022 0.69495 0.69442 0.69094 0.69326 0.69624 0.69309 0.69232 0.69589 0.69791 0.69482 0.69276 0.69735 0.69931 0.69818 0.69748 0.69867 0.70235 0.70164 0.70118 0.70153 0.70568 0.70515 0.70396 0.70676 0.71215 0.70902 0.70870 0.71159 0.71619 0.71386 0.71411 0.71660 0.71942 0.71926 0.71955 0.72231 0.72377 0.72452 0.72599 0.72817 0.72938 0.73084 0.73307 0.73494 0.73590 0.73839 0.74080 0.74257 0.74429 0.74677 0.74931 0.75077 0.75348 0.75551 0.75713 0.75946 0.76164 0.76428 0.76610 0.76852 0.77098 0.77344 0.77592 0.77841 0.78092 0.78347 0.78612 0.78873 0.79134 0.79400 0.79672 0.75947 0.68184 0.60369 0.52501 0.44579 0.36600 0.28566 0.20476 0.12329 0.04124 0.00000 0.00000 0.00000 0.00000 0.00000 0.00000 0.00000 0.00000 0.00000 0.00000 0.00000 0.00000 0.00000 0.00000 0.00000 0.00000 0.00000 0.00000 0.00000 0.00000 0.00000 0.00000 0.00000 0.00000 0.00000
0.00000 0.00000 0.00000 0.00000 0.00000 0.00000 0.00000 0.00000 0.00000 0.00000 0.00000 0.00000 0.00000 0.00000 0.00000 0.04234 0.12663 0.21058 0.29380 0.37655 0.45883 0.54088 0.62212 0.70293 0.78365 0.82253 0.81993 0.81729 0.81473 0.81218 0.80958 0.80700 0.80449 0.80201 0.79941 0.79696 0.79450 0.79203 0.78953 0.78726 0.78500 0.78231 0.78020 0.77817 0.77585 0.77310 0.77083 0.76925 0.76663 0.76407 0.76146 0.76034 0.75780 0.75534 0.75307 0.75181 0.74959 0.74695 0.74548 0.74376 0.74105 0.73903 0.73805 0.73646 0.73345 0.73174 0.73122 0.72950 0.72673 0.72484 0.72481 0.72352 0.72046 0.71886 0.71985 0.71840 0.71470 0.71352 0.71584 0.71307 0.70893 0.71004 0.71100 0.70688 0.70482 0.70807 0.70558 0.70115 0.70305 0.70439 0.70017 0.69764 0.70095 0.70106 0.69589 0.69469 0.69839 0.69829 0.69304 0.69220 0.69611 0.69594 0.69196 0.69150 0.69319 0.69309 0.69209 0.69108 0.69229 0.69402 0.69137 0.68774 0.69214 0.69505 0.69065 0.68627 0.69201 0.69611 0.69095 0.68715 0.69156 0.69480 0.69237 0.68967 0.69004 0.69401 0.69672 0.69166 0.68806 0.69384 0.69687 0.69377 0.69196 0.69537 0.69758 0.69538 0.69676 0.69781 0.69803 0.69778 0.70103 0.70196 0.70133 0.70132 0.70488 0.70549 0.70560 0.70725 0.70805 0.70819 0.71018 0.71189 0.71235 0.71292 0.71500 0.71673 0.71733 0.71834 0.72004 0.72242 0.72281 0.72417 0.72602 0.72855 0.72886 0.73060 0.73316 0.73468 0.73611 0.73817 0.74094 0.74231 0.74412 0.74688 0.74919 0.75114 0.75265 0.75580 0.75778 0.75924 0.76156 0.76368 0.76635 0.76876 0.77103 0.77341 0.77597 0.77860 0.78110 0.78360 0.78621 0.78891 0.79155 0.79419 0.79689 0.75966 0.68203 0.60387 0.52516 0.44592 0.36612 0.28576 0.20483 0.12334 0.04126 0.00000 0.00000 0.00000 0.00000 0.00000 0.00000 0.00000 0.00000 0.00000 0.00000 0.00000 0.00000 0.00000 0.00000 0.00000 0.00000 0.00000 0.00000 0.00000 0.00000 0.00000 0.00000 0.00000 0.00000 0.00000
0.00000 0.00000 0.00000 0.00000 0.00000 0.00000 0.00000 0.00000 0.00000 0.00000 0.00000 0.00000 0.00000 0.00000 0.00000 0.04232 0.12663 0.21044 0.29360 0.37640 0.45878 0.54048 0.62162 0.70278 0.78329 0.82207 0.81944 0.81682 0.81422 0.81172 0.80916 0.80647 0.80392 0.80152 0.79908 0.79639 0.79384 0.79150 0.78925 0.78680 0.78411 0.78186 0.77979 0.77773 0.77505 0.77252 0.77073 0.76836 0.76604 0.76339 0.76170 0.75906 0.75718 0.75506 0.75308 0.75036 0.74868 0.74724 0.74477 0.74251 0.74087 0.73895 0.73687 0.73540 0.73380 0.73128 0.72950 0.72891 0.72709 0.72446 0.72289 0.72283 0.72134 0.71834 0.71695 0.71809 0.71652 0.71259 0.71188 0.71431 0.71096 0.70751 0.70913 0.70910 0.70453 0.70414 0.70683 0.70334 0.69964 0.70221 0.70251 0.69826 0.69611 0.69979 0.69921 0.69433 0.69289 0.69735 0.69736 0.69153 0.68956 0.69508 0.69525 0.69171 0.69089 0.69228 0.69268 0.69177 0.68935 0.69047 0.69370 0.69301 0.68816 0.68914 0.69344 0.69392 0.68813 0.68840 0.69373 0.69387 0.68929 0.68852 0.69362 0.69329 0.68991 0.69139 0.69496 0.69225 0.69068 0.69459 0.69556 0.69290 0.69086 0.69612 0.69761 0.69548 0.69157 0.69775 0.69996 0.69884 0.69835 0.70020 0.70269 0.70221 0.70119 0.70428 0.70710 0.70583 0.70389 0.70898 0.71304 0.71058 0.71053 0.71306 0.71738 0.71630 0.71633 0.71866 0.72115 0.72201 0.72233 0.72480 0.72644 0.72750 0.72925 0.73142 0.73202 0.73429 0.73661 0.73871 0.73975 0.74256 0.74492 0.74648 0.74853 0.75103 0.75403 0.75489 0.75714 0.75971 0.76149 0.76388 0.76629 0.76875 0.77118 0.77363 0.77608 0.77861 0.78124 0.78382 0.78640 0.78903 0.79172 0.79441 0.79711 0.75985 0.68222 0.60405 0.52533 0.44606 0.36624 0.28586 0.20491 0.12338 0.04127 0.00000 0.00000 0.00000 0.00000 0.00000 0.00000 0.00000 0.00000 0.00000 0.00000 0.00000 0.00000 0.00000 0.00000 0.00000 0.00000 0.00000 0.00000 0.00000 0.00000 0.00000 0.00000 0.00000 0.00000 0.00000
0.00000 0.00000 0.00000 0.00000 0.00000 0.00000 0.00000 0.00000 0.00000 0.00000 0.00000 0.00000 0.00000 0.00000 0.00000 0.04233 0.12659 0.21028 0.29347 0.37640 0.45854 0.54008 0.62139 0.70243 0.78295 0.82156 0.81898 0.81642 0.81379 0.81117 0.80863 0.80610 0.80350 0.80096 0.79847 0.79598 0.79342 0.79106 0.78865 0.78608 0.78375 0.78163 0.77935 0.77660 0.77443 0.77272 0.77011 0.76750 0.76501 0.76366 0.76105 0.75856 0.75597 0.75492 0.75273 0.74997 0.74812 0.74654 0.74412 0.74173 0.74045 0.73883 0.73587 0.73411 0.73345 0.73168 0.72884 0.72693 0.72685 0.72531 0.72241 0.72053 0.72106 0.72022 0.71655 0.71479 0.71648 0.71486 0.71064 0.71008 0.71225 0.70871 0.70583 0.70826 0.70687 0.70251 0.70324 0.70557 0.70117 0.69839 0.70112 0.70178 0.69655 0.69473 0.69860 0.69897 0.69320 0.69203 0.69628 0.69643 0.69119 0.69057 0.69334 0.69290 0.69153 0.69107 0.69179 0.69278 0.69124 0.68838 0.69093 0.69413 0.69078 0.68607 0.69102 0.69478 0.69008 0.68547 0.69086 0.69473 0.69053 0.68872 0.69036 0.69259 0.69332 0.69165 0.68817 0.69162 0.69543 0.69378 0.69063 0.69272 0.69581 0.69565 0.69367 0.69404 0.69658 0.69655 0.69832 0.69829 0.69870 0.69850 0.70254 0.70243 0.70287 0.70296 0.70598 0.70609 0.70727 0.70873 0.70999 0.70997 0.71177 0.71345 0.71455 0.71525 0.71692 0.71902 0.71980 0.72109 0.72234 0.72522 0.72564 0.72734 0.72915 0.73163 0.73245 0.73393 0.73673 0.73800 0.74046 0.74229 0.74510 0.74663 0.74818 0.75113 0.75276 0.75571 0.75728 0.75910 0.76165 0.76422 0.76659 0.76867 0.77117 0.77383 0.77631 0.77873 0.78131 0.78399 0.78661 0.78921 0.79189 0.79461 0.79734 0.76007 0.68241 0.60423 0.52550 0.44621 0.36637 0.28596 0.20498 0.12343 0.04129 0.00000 0.00000 0.00000 0.00000 0.00000 0.00000 0.00000 0.00000 0.00000 0.00000 0.00000 0.00000 0.00000 0.00000 0.00000 0.00000 0.00000 0.00000 0.00000 0.00000 0.00000 0.00000 0.00000 0.00000 0.00000
0.00000 0.00000 0.00000 0.00000 0.00000 0.00000 0.00000 0.00000 0.00000 0.00000 0.00000 0.00000 0.00000 0.00000 0.00000 0.04231 0.12649 0.21018 0.29351 0.37620 0.45817 0.53984 0.62138 0.70219 0.78235 0.82117 0.81857 0.81596 0.81337 0.81072 0.80813 0.80563 0.80311 0.80047 0.79790 0.79548 0.79313 0.79055 0.78794 0.78559 0.78345 0.78119 0.77848 0.77608 0.77426 0.77197 0.76954 0.76683 0.76512 0.76262 0.76049 0.75810 0.75631 0.75357 0.75176 0.75012 0.74776 0.74525 0.74352 0.74190 0.73961 0.73752 0.73605 0.73396 0.73193 0.73093 0.72913 0.72684 0.72502 0.72463 0.72292 0.72037 0.71893 0.71909 0.71799 0.71475 0.71357 0.71473 0.71263 0.70935 0.70960 0.71012 0.70613 0.70518 0.70747 0.70448 0.70058 0.70271 0.70374 0.69915 0.69728 0.69999 0.69963 0.69494 0.69389 0.69726 0.69662 0.69184 0.69071 0.69526 0.69576 0.69100 0.69034 0.69209 0.69224 0.69121 0.68987 0.69048 0.69280 0.69196 0.68779 0.68843 0.69284 0.69278 0.68727 0.68760 0.69289 0.69370 0.68773 0.68656 0.69292 0.69339 0.68939 0.68912 0.69344 0.69260 0.68987 0.69275 0.69401 0.69161 0.69079 0.69445 0.69509 0.69319 0.68914 0.69640 0.69840 0.69636 0.69533 0.69835 0.70010 0.69947 0.69995 0.70212 0.70298 0.70252 0.70224 0.70730 0.70818 0.70731 0.70690 0.71049 0.71451 0.71293 0.71294 0.71466 0.71881 0.71950 0.71892 0.72106 0.72349 0.72481 0.72553 0.72785 0.72953 0.73069 0.73241 0.73493 0.73540 0.73828 0.74048 0.74310 0.74401 0.74631 0.74920 0.75020 0.75300 0.75508 0.75759 0.75950 0.76171 0.76432 0.76657 0.76899 0.77133 0.77384 0.77643 0.77898 0.78150 0.78411 0.78677 0.78943 0.79210 0.79481 0.79755 0.76030 0.68263 0.60442 0.52567 0.44636 0.36650 0.28607 0.20506 0.12348 0.04131 0.00000 0.00000 0.00000 0.00000 0.00000 0.00000 0.00000 0.00000 0.00000 0.00000 0.00000 0.00000 0.00000 0.00000 0.00000 0.00000 0.00000 0.00000 0.00000 0.00000 0.00000 0.00000 0.00000 0.00000 0.00000
0.00000 0.00000 0.00000 0.00000 0.00000 0.00000 0.00000 0.00000 0.00000 0.00000 0.00000 0.00000 0.00000 0.00000 0.00000 0.04227 0.12644 0.21018 0.29338 0.37593 0.45797 0.53981 0.62113 0.70181 0.78207 0.82079 0.81814 0.81550 0.81291 0.81033 0.80770 0.80512 0.80261 0.80007 0.79748 0.79503 0.79256 0.79003 0.78754 0.78530 0.78289 0.78028 0.77802 0.77615 0.77366 0.77105 0.76865 0.76716 0.76452 0.76197 0.75940 0.75822 0.75586 0.75318 0.75101 0.74958 0.74740 0.74469 0.74307 0.74146 0.73881 0.73667 0.73566 0.73405 0.73111 0.72929 0.72917 0.72726 0.72449 0.72253 0.72288 0.72171 0.71832 0.71652 0.71760 0.71663 0.71280 0.71122 0.71314 0.71051 0.70766 0.70848 0.70793 0.70381 0.70424 0.70627 0.70200 0.69916 0.70191 0.70233 0.69723 0.69578 0.69921 0.70028 0.69364 0.69228 0.69631 0.69647 0.69091 0.68978 0.69396 0.69328 0.69088 0.69042 0.69141 0.69191 0.69069 0.68915 0.69025 0.69293 0.69067 0.68648 0.68987 0.69356 0.68991 0.68479 0.69022 0.69404 0.68929 0.68672 0.69030 0.69167 0.69075 0.69082 0.68942 0.69012 0.69303 0.69354 0.68990 0.69072 0.69430 0.69471 0.69199 0.69127 0.69558 0.69779 0.69541 0.69514 0.69647 0.69785 0.69972 0.69944 0.69973 0.70053 0.70338 0.70347 0.70447 0.70536 0.70752 0.70719 0.70869 0.71030 0.71240 0.71222 0.71335 0.71550 0.71694 0.71795 0.71898 0.72174 0.72250 0.72425 0.72513 0.72846 0.72898 0.73034 0.73239 0.73390 0.73653 0.73779 0.74042 0.74219 0.74470 0.74648 0.74804 0.75125 0.75299 0.75497 0.75704 0.76002 0.76238 0.76401 0.76651 0.76921 0.77167 0.77391 0.77647 0.77916 0.78173 0.78428 0.78694 0.78964 0.79233 0.79504 0.79778 0.76053 0.68284 0.60462 0.52585 0.44652 0.36663 0.28617 0.20514 0.12352 0.04132 0.00000 0.00000 0.00000 0.00000 0.00000 0.00000 0.00000 0.00000 0.00000 0.00000 0.00000 0.00000 0.00000 0.00000 0.00000 0.00000 0.00000 0.00000 0.00000 0.00000 0.00000 0.00000 0.00000 0.00000 0.00000
0.00000 0.00000 0.00000 0.00000 0.00000 0.00000 0.00000 0.00000 0.00000 0.00000 0.00000 0.00000 0.00000 0.00000 0.00000 0.04225 0.12645 0.21011 0.29315 0.37576 0.45807 0.53957 0.62069 0.70162 0.78186 0.82037 0.81773 0.81509 0.81246 0.80989 0.80732 0.80470 0.80211 0.79961 0.79715 0.79456 0.79197 0.78954 0.78730 0.78479 0.78215 0.77977 0.77782 0.77551 0.77301 0.77038 0.76877 0.76626 0.76395 0.76149 0.75969 0.75709 0.75506 0.75316 0.75095 0.74835 0.74649 0.74504 0.74256 0.74009 0.73856 0.73689 0.73456 0.73280 0.73135 0.72956 0.72731 0.72658 0.72479 0.72282 0.72120 0.72061 0.71904 0.71672 0.71582 0.71544 0.71391 0.71125 0.71127 0.71093 0.70757 0.70682 0.70854 0.70537 0.70171 0.70381 0.70490 0.69977 0.69840 0.70075 0.69994 0.69534 0.69526 0.69786 0.69642 0.69233 0.69290 0.69509 0.69458 0.69029 0.69058 0.69238 0.69235 0.69072 0.68991 0.69055 0.69182 0.69082 0.68830 0.68846 0.69201 0.69155 0.68694 0.68705 0.69199 0.69248 0.68673 0.68523 0.69236 0.69379 0.68831 0.68701 0.69188 0.69261 0.68955 0.69062 0.69281 0.69130 0.68997 0.69283 0.69326 0.69170 0.69090 0.69436 0.69571 0.69425 0.69277 0.69614 0.69772 0.69718 0.69815 0.69979 0.70009 0.69920 0.70193 0.70483 0.70432 0.70285 0.70468 0.71028 0.71024 0.70971 0.70956 0.71039 0.71644 0.71645 0.71555 0.71664 0.72084 0.72284 0.72191 0.72382 0.72648 0.72781 0.72928 0.73090 0.73125 0.73422 0.73600 0.73861 0.73960 0.74218 0.74481 0.74651 0.74832 0.75059 0.75362 0.75520 0.75727 0.75990 0.76216 0.76453 0.76668 0.76923 0.77172 0.77421 0.77666 0.77925 0.78190 0.78451 0.78714 0.78983 0.79255 0.79527 0.79803 0.76077 0.68307 0.60482 0.52603 0.44668 0.36677 0.28628 0.20522 0.12358 0.04134 0.00000 0.00000 0.00000 0.00000 0.00000 0.00000 0.00000 0.00000 0.00000 0.00000 0.00000 0.00000 0.00000 0.00000 0.00000 0.00000 0.00000 0.00000 0.00000 0.00000 0.00000 0.00000 0.00000 0.00000 0.00000
0.00000 0.00000 0.00000 0.00000 0.00000 0.00000 0.00000 0.00000 0.00000 0.00000 0.00000 0.00000 0.00000 0.00000 0.00000 0.04225 0.12642 0.20997 0.29304 0.37574 0.45787 0.53936 0.62052 0.70146 0.78149 0.81996 0.81734 0.81470 0.81205 0.80945 0.80689 0.80431 0.80169 0.79916 0.79667 0.79412 0.79156 0.78920 0.78673 0.78420 0.78174 0.77964 0.77717 0.77467 0.77231 0.77074 0.76809 0.76556 0.76301 0.76167 0.75928 0.75656 0.75426 0.75285 0.75070 0.74786 0.74603 0.74440 0.74210 0.73952 0.73807 0.73657 0.73396 0.73182 0.73126 0.72949 0.72682 0.72475 0.72509 0.72345 0.72040 0.71875 0.71919 0.71839 0.71470 0.71331 0.71384 0.71247 0.70961 0.70910 0.70874 0.70533 0.70576 0.70698 0.70289 0.70064 0.70314 0.70300 0.69785 0.69751 0.69987 0.69952 0.69391 0.69337 0.69685 0.69723 0.69123 0.68965 0.69431 0.69316 0.69008 0.68970 0.69125 0.69128 0.69015 0.68929 0.69010 0.69168 0.69003 0.68751 0.68920 0.69227 0.68962 0.68494 0.68931 0.69275 0.68860 0.68499 0.69030 0.69147 0.68872 0.68936 0.68980 0.68939 0.69070 0.69194 0.68955 0.68816 0.69269 0.69387 0.69094 0.69025 0.69380 0.69577 0.69326 0.69227 0.69498 0.69864 0.69679 0.69681 0.69748 0.69940 0.70054 0.70080 0.70157 0.70318 0.70393 0.70459 0.70596 0.70765 0.70980 0.70933 0.71018 0.71208 0.71488 0.71499 0.71550 0.71800 0.71964 0.72102 0.72142 0.72450 0.72556 0.72792 0.72826 0.73111 0.73267 0.73381 0.73588 0.73769 0.74061 0.74223 0.74396 0.74669 0.74891 0.75066 0.75262 0.75581 0.75808 0.75950 0.76197 0.76475 0.76721 0.76915 0.77171 0.77442 0.77692 0.77939 0.78204 0.78473 0.78736 0.79004 0.79278 0.79552 0.79828 0.76102 0.68330 0.60504 0.52622 0.44685 0.36691 0.28640 0.20530 0.12363 0.04136 0.00000 0.00000 0.00000 0.00000 0.00000 0.00000 0.00000 0.00000 0.00000 0.00000 0.00000 0.00000 0.00000 0.00000 0.00000 0.00000 0.00000 0.00000 0.00000 0.00000 0.00000 0.00000 0.00000 0.00000 0.00000
0.00000 0.00000 0.00000 0.00000 0.00000 0.00000 0.00000 0.00000 0.00000 0.00000 0.00000 0.00000 0.00000 0.00000 0.00000 0.04224 0.12634 0.20989 0.29306 0.37562 0.45761 0.53919 0.62064 0.70117 0.78113 0.81959 0.81693 0.81429 0.81168 0.80906 0.80645 0.80387 0.80134 0.79876 0.79616 0.79367 0.79129 0.78872 0.78613 0.78370 0.78160 0.77906 0.77649 0.77405 0.77242 0.76984 0.76758 0.76500 0.76324 0.76078 0.75851 0.75650 0.75432 0.75173 0.74972 0.74819 0.74571 0.74322 0.74139 0.73999 0.73745 0.73522 0.73379 0.73239 0.72974 0.72835 0.72697 0.72544 0.72321 0.72234 0.72090 0.71892 0.71766 0.71680 0.71547 0.71321 0.71317 0.71168 0.70930 0.70851 0.71048 0.70627 0.70228 0.70525 0.70577 0.70061 0.69954 0.70225 0.70059 0.69611 0.69681 0.69877 0.69594 0.69270 0.69654 0.69534 0.69094 0.68993 0.69246 0.69298 0.69189 0.69020 0.68980 0.69048 0.69107 0.69000 0.68854 0.68891 0.69107 0.69012 0.68742 0.68742 0.69120 0.69114 0.68620 0.68504 0.69173 0.69313 0.68703 0.68521 0.69097 0.69259 0.68848 0.68868 0.69126 0.69134 0.68936 0.69116 0.69228 0.69105 0.69089 0.69237 0.69314 0.69265 0.69229 0.69412 0.69592 0.69546 0.69589 0.69697 0.69757 0.69748 0.70044 0.70188 0.70126 0.69887 0.70397 0.70830 0.70654 0.70586 0.70670 0.70910 0.71332 0.71295 0.71221 0.71172 0.71835 0.71999 0.71840 0.71951 0.72300 0.72553 0.72519 0.72681 0.72919 0.73092 0.73224 0.73427 0.73547 0.73800 0.74060 0.74252 0.74400 0.74632 0.74920 0.75104 0.75288 0.75541 0.75785 0.76015 0.76214 0.76475 0.76711 0.76954 0.77189 0.77447 0.77710 0.77964 0.78224 0.78491 0.78760 0.79028 0.79301 0.79578 0.79854 0.76127 0.68354 0.60526 0.52642 0.44702 0.36705 0.28651 0.20539 0.12368 0.04138 0.00000 0.00000 0.00000 0.00000 0.00000 0.00000 0.00000 0.00000 0.00000 0.00000 0.00000 0.00000 0.00000 0.00000 0.00000 0.00000 0.00000 0.00000 0.00000 0.00000 0.00000 0.00000 0.00000 0.00000 0.00000
0.00000 0.00000 0.00000 0.00000 0.00000 0.00000 0.00000 0.00000 0.00000 0.00000 0.00000 0.00000 0.00000 0.00000 0.00000 0.04222 0.12631 0.20983 0.29300 0.37547 0.45746 0.53932 0.62039 0.70087 0.78080 0.81922 0.81654 0.81391 0.81131 0.80868 0.80604 0.80347 0.80094 0.79835 0.79576 0.79329 0.79082 0.78828 0.78572 0.78346 0.78095 0.77849 0.77603 0.77418 0.77156 0.76923 0.76670 0.76528 0.76286 0.76010 0.75781 0.75629 0.75410 0.75122 0.74924 0.74760 0.74545 0.74265 0.74100 0.73937 0.73715 0.73455 0.73337 0.73192 0.72956 0.72719 0.72692 0.72535 0.72280 0.72067 0.72092 0.71987 0.71666 0.71516 0.71512 0.71430 0.71168 0.71008 0.70945 0.70864 0.70746 0.70733 0.70396 0.70295 0.70437 0.70321 0.69879 0.69933 0.70096 0.69879 0.69469 0.69580 0.69767 0.69465 0.69202 0.69210 0.69465 0.69176 0.68955 0.69057 0.69146 0.69080 0.68965 0.68914 0.68996 0.69066 0.68936 0.68801 0.68911 0.69076 0.68897 0.68609 0.68881 0.69177 0.68809 0.68381 0.68996 0.69166 0.68700 0.68766 0.69005 0.68932 0.68863 0.69033 0.68973 0.68768 0.69094 0.69281 0.69010 0.68845 0.69219 0.69309 0.69168 0.69012 0.69418 0.69754 0.69428 0.69410 0.69595 0.69813 0.69755 0.69813 0.69950 0.70129 0.70049 0.70208 0.70404 0.70585 0.70555 0.70632 0.70783 0.70954 0.71204 0.71218 0.71299 0.71428 0.71716 0.71821 0.71837 0.72046 0.72252 0.72439 0.72449 0.72702 0.72898 0.73113 0.73172 0.73374 0.73650 0.73838 0.73978 0.74233 0.74480 0.74657 0.74833 0.75131 0.75375 0.75508 0.75752 0.76035 0.76287 0.76448 0.76704 0.76978 0.77220 0.77456 0.77721 0.77991 0.78246 0.78510 0.78783 0.79054 0.79325 0.79602 0.79882 0.76154 0.68378 0.60548 0.52662 0.44720 0.36720 0.28663 0.20548 0.12373 0.04139 0.00000 0.00000 0.00000 0.00000 0.00000 0.00000 0.00000 0.00000 0.00000 0.00000 0.00000 0.00000 0.00000 0.00000 0.00000 0.00000 0.00000 0.00000 0.00000 0.00000 0.00000 0.00000 0.00000 0.00000 0.00000
0.00000 0.00000 0.00000 0.00000 0.00000 0.00000 0.00000 0.00000 0.00000 0.00000 0.00000 0.00000 0.00000 0.00000 0.00000 0.04221 0.12627 0.20981 0.29284 0.37536 0.45766 0.53917 0.62017 0.70059 0.78045 0.81885 0.81621 0.81356 0.81091 0.80829 0.80570 0.80310 0.80050 0.79795 0.79545 0.79288 0.79030 0.78784 0.78556 0.78293 0.78038 0.77799 0.77603 0.77338 0.77107 0.76853 0.76704 0.76443 0.76210 0.76007 0.75785 0.75533 0.75316 0.75147 0.74904 0.74653 0.74453 0.74315 0.74057 0.73825 0.73649 0.73526 0.73246 0.73063 0.72935 0.72813 0.72526 0.72402 0.72317 0.72144 0.71930 0.71809 0.71733 0.71545 0.71463 0.71261 0.71132 0.71031 0.71146 0.70731 0.70421 0.70660 0.70708 0.70194 0.70049 0.70363 0.70128 0.69734 0.69810 0.70002 0.69650 0.69346 0.69648 0.69600 0.69069 0.69062 0.69459 0.69372 0.68879 0.68971 0.69035 0.69050 0.69063 0.68952 0.68844 0.68917 0.69043 0.68913 0.68784 0.68814 0.69011 0.68924 0.68618 0.68579 0.69121 0.69222 0.68565 0.68353 0.69072 0.69192 0.68726 0.68700 0.69042 0.69087 0.68827 0.68954 0.69138 0.69042 0.68988 0.69109 0.69157 0.69147 0.69159 0.69216 0.69359 0.69429 0.69412 0.69445 0.69536 0.69660 0.69833 0.69886 0.69820 0.69718 0.70239 0.70407 0.70331 0.70207 0.70501 0.70884 0.70933 0.70956 0.70895 0.70978 0.71556 0.71577 0.71516 0.71560 0.72012 0.72233 0.72154 0.72304 0.72549 0.72798 0.72875 0.73014 0.73183 0.73424 0.73657 0.73819 0.74008 0.74215 0.74516 0.74686 0.74857 0.75099 0.75341 0.75590 0.75759 0.76029 0.76254 0.76501 0.76720 0.76979 0.77237 0.77484 0.77739 0.78004 0.78272 0.78535 0.78804 0.79079 0.79353 0.79628 0.79909 0.76183 0.68404 0.60571 0.52683 0.44738 0.36735 0.28675 0.20557 0.12379 0.04141 0.00000 0.00000 0.00000 0.00000 0.00000 0.00000 0.00000 0.00000 0.00000 0.00000 0.00000 0.00000 0.00000 0.00000 0.00000 0.00000 0.00000 0.00000 0.00000 0.00000 0.00000 0.00000 0.00000 0.00000 0.00000
0.00000 0.00000 0.00000 0.00000 0.00000 0.00000 0.00000 0.00000 0.00000 0.00000 0.00000 0.00000 0.00000 0.00000 0.00000 0.04219 0.12622 0.20976 0.29283 0.37538 0.45752 0.53902 0.61993 0.70029 0.78011 0.81851 0.81588 0.81320 0.81054 0.80793 0.80535 0.80273 0.80011 0.79757 0.79507 0.79249 0.78991 0.78751 0.78504 0.78255 0.77998 0.77782 0.77530 0.77291 0.77044 0.76893 0.76628 0.76382 0.76136 0.75987 0.75769 0.75474 0.75266 0.75100 0.74884 0.74598 0.74423 0.74248 0.74039 0.73754 0.73619 0.73455 0.73252 0.72990 0.72894 0.72753 0.72536 0.72280 0.72262 0.72155 0.71899 0.71657 0.71661 0.71619 0.71409 0.71135 0.71035 0.71126 0.70972 0.70657 0.70482 0.70685 0.70555 0.70257 0.70007 0.70153 0.70201 0.69890 0.69607 0.69761 0.69861 0.69486 0.69319 0.69489 0.69478 0.69073 0.69022 0.69305 0.69210 0.68950 0.68929 0.68935 0.68979 0.68986 0.68891 0.68798 0.68905 0.68972 0.68852 0.68746 0.68873 0.69029 0.68784 0.68382 0.68993 0.69184 0.68556 0.68531 0.69061 0.68962 0.68664 0.68891 0.68988 0.68810 0.68874 0.69121 0.68975 0.68734 0.69104 0.69178 0.69061 0.68925 0.69303 0.69464 0.69183 0.69130 0.69539 0.69620 0.69501 0.69580 0.69831 0.69915 0.69746 0.69945 0.70215 0.70366 0.70157 0.70342 0.70635 0.70784 0.70797 0.70926 0.71059 0.71099 0.71407 0.71551 0.71595 0.71670 0.71978 0.72137 0.72147 0.72306 0.72575 0.72773 0.72790 0.72999 0.73263 0.73480 0.73562 0.73809 0.74062 0.74299 0.74412 0.74710 0.74936 0.75077 0.75318 0.75574 0.75864 0.75988 0.76248 0.76516 0.76762 0.76980 0.77244 0.77516 0.77762 0.78020 0.78294 0.78564 0.78828 0.79102 0.79381 0.79658 0.79937 0.76210 0.68431 0.60595 0.52704 0.44756 0.36751 0.28688 0.20566 0.12384 0.04143 0.00000 0.00000 0.00000 0.00000 0.00000 0.00000 0.00000 0.00000 0.00000 0.00000 0.00000 0.00000 0.00000 0.00000 0.00000 0.00000 0.00000 0.00000 0.00000 0.00000 0.00000 0.00000 0.00000 0.00000 0.00000
0.00000 0.00000 0.00000 0.00000 0.00000 0.00000 0.00000 0.00000 0.00000 0.00000 0.00000 0.00000 0.00000 0.00000 0.00000 0.04216 0.12623 0.20973 0.29282 0.37535 0.45741 0.53883 0.61968 0.70001 0.77983 0.81820 0.81551 0.81285 0.81022 0.80759 0.80496 0.80236 0.79979 0.79721 0.79462 0.79212 0.78967 0.78707 0.78453 0.78213 0.77992 0.77723 0.77473 0.77240 0.77065 0.76797 0.76587 0.76340 0.76154 0.75913 0.75675 0.75489 0.75255 0.75002 0.74790 0.74645 0.74387 0.74151 0.73948 0.73831 0.73549 0.73350 0.73193 0.73079 0.72774 0.72622 0.72554 0.72390 0.72101 0.71971 0.71974 0.71765 0.71538 0.71383 0.71360 0.71245 0.71084 0.70835 0.70717 0.70795 0.70718 0.70373 0.70095 0.70472 0.70209 0.69879 0.69947 0.70101 0.69750 0.69478 0.69670 0.69706 0.69289 0.69195 0.69479 0.69381 0.68776 0.68981 0.69239 0.69094 0.69012 0.68920 0.68818 0.68925 0.69006 0.68864 0.68762 0.68840 0.68924 0.68827 0.68710 0.68737 0.69019 0.68954 0.68461 0.68408 0.69118 0.69108 0.68558 0.68511 0.68971 0.68964 0.68737 0.68831 0.69084 0.68952 0.68833 0.69052 0.69078 0.69027 0.69033 0.69080 0.69146 0.69281 0.69272 0.69175 0.69323 0.69597 0.69580 0.69600 0.69619 0.69766 0.69991 0.70121 0.70054 0.69956 0.70375 0.70686 0.70600 0.70602 0.70644 0.70927 0.71212 0.71235 0.71192 0.71319 0.71702 0.71849 0.71840 0.71945 0.72210 0.72468 0.72506 0.72644 0.72841 0.73084 0.73261 0.73394 0.73615 0.73807 0.74092 0.74258 0.74504 0.74662 0.74940 0.75163 0.75310 0.75589 0.75785 0.76070 0.76257 0.76521 0.76768 0.77012 0.77262 0.77525 0.77791 0.78047 0.78313 0.78586 0.78858 0.79129 0.79406 0.79688 0.79968 0.76238 0.68457 0.60620 0.52726 0.44775 0.36767 0.28701 0.20575 0.12390 0.04145 0.00000 0.00000 0.00000 0.00000 0.00000 0.00000 0.00000 0.00000 0.00000 0.00000 0.00000 0.00000 0.00000 0.00000 0.00000 0.00000 0.00000 0.00000 0.00000 0.00000 0.00000 0.00000 0.00000 0.00000 0.00000
0.00000 0.00000 0.00000 0.00000 0.00000 0.00000 0.00000 0.00000 0.00000 0.00000 0.00000 0.00000 0.00000 0.00000 0.00000 0.04217 0.12619 0.20970 0.29275 0.37532 0.45726 0.53862 0.61945 0.69976 0.77954 0.81786 0.81517 0.81253 0.80991 0.80725 0.80460 0.80202 0.79946 0.79686 0.79426 0.79175 0.78928 0.78673 0.78416 0.78183 0.77936 0.77687 0.77435 0.77239 0.76993 0.76755 0.76507 0.76364 0.76116 0.75841 0.75613 0.75458 0.75241 0.74949 0.74761 0.74583 0.74374 0.74083 0.73937 0.73744 0.73558 0.73266 0.73163 0.73009 0.72808 0.72564 0.72468 0.72361 0.72128 0.71809 0.71835 0.71825 0.71635 0.71211 0.71201 0.71304 0.71290 0.70690 0.70513 0.70891 0.70790 0.70066 0.70139 0.70408 0.70315 0.69884 0.69788 0.69911 0.69904 0.69591 0.69450 0.69589 0.69513 0.69214 0.69164 0.69386 0.69202 0.68812 0.68966 0.69098 0.68981 0.68880 0.68864 0.68795 0.68891 0.68898 0.68822 0.68769 0.68854 0.68902 0.68785 0.68605 0.68929 0.69115 0.68521 0.68325 0.69097 0.69054 0.68461 0.68754 0.69007 0.68845 0.68741 0.68935 0.69037 0.68736 0.68947 0.69132 0.68917 0.68805 0.69178 0.69186 0.68993 0.68967 0.69480 0.69440 0.69184 0.69352 0.69708 0.69649 0.69539 0.69739 0.70107 0.70077 0.69837 0.70104 0.70524 0.70569 0.70443 0.70635 0.70845 0.70858 0.71037 0.71250 0.71326 0.71308 0.71646 0.71857 0.71876 0.71941 0.72260 0.72431 0.72467 0.72626 0.72910 0.73116 0.73163 0.73397 0.73658 0.73907 0.73990 0.74252 0.74505 0.74773 0.74882 0.75114 0.75431 0.75552 0.75813 0.76051 0.76323 0.76512 0.76774 0.77045 0.77287 0.77538 0.77811 0.78080 0.78337 0.78607 0.78886 0.79160 0.79434 0.79715 0.80000 0.76270 0.68484 0.60645 0.52749 0.44795 0.36783 0.28714 0.20585 0.12396 0.04147 0.00000 0.00000 0.00000 0.00000 0.00000 0.00000 0.00000 0.00000 0.00000 0.00000 0.00000 0.00000 0.00000 0.00000 0.00000 0.00000 0.00000 0.00000 0.00000 0.00000 0.00000 0.00000 0.00000 0.00000 0.00000
0.00000 0.00000 0.00000 0.00000 0.00000 0.00000 0.00000 0.00000 0.00000 0.00000 0.00000 0.00000 0.00000 0.00000 0.00000 0.04217 0.12619 0.20961 0.29276 0.37520 0.45709 0.53843 0.61925 0.69952 0.77923 0.81755 0.81489 0.81223 0.80956 0.80692 0.80431 0.80169 0.79908 0.79653 0.79398 0.79139 0.78883 0.78641 0.78400 0.78135 0.77883 0.77650 0.77433 0.77179 0.76941 0.76703 0.76544 0.76281 0.76053 0.75821 0.75617 0.75370 0.75149 0.74983 0.74736 0.74497 0.74275 0.74157 0.73877 0.73668 0.73468 0.73368 0.73052 0.72893 0.72816 0.72646 0.72340 0.72190 0.72258 0.71993 0.71624 0.71566 0.71642 0.71461 0.71082 0.71020 0.71022 0.70975 0.70624 0.70578 0.70365 0.70495 0.70413 0.70156 0.70012 0.70194 0.69910 0.69683 0.69728 0.69762 0.69455 0.69302 0.69483 0.69379 0.69026 0.69038 0.69327 0.69139 0.68849 0.68916 0.68914 0.68937 0.68974 0.68824 0.68710 0.68854 0.68872 0.68793 0.68725 0.68803 0.68884 0.68753 0.68515 0.68660 0.69100 0.68892 0.68402 0.68487 0.68992 0.68874 0.68621 0.68765 0.68978 0.68832 0.68716 0.69032 0.69097 0.68849 0.68869 0.69062 0.69033 0.69057 0.69084 0.69003 0.69156 0.69496 0.69358 0.69268 0.69440 0.69737 0.69692 0.69803 0.69867 0.69898 0.70078 0.70361 0.70325 0.70313 0.70484 0.70787 0.70867 0.70897 0.70904 0.71141 0.71354 0.71507 0.71537 0.71654 0.71863 0.72119 0.72185 0.72294 0.72487 0.72753 0.72889 0.73007 0.73221 0.73428 0.73672 0.73822 0.74073 0.74238 0.74504 0.74724 0.74963 0.75149 0.75347 0.75657 0.75821 0.76079 0.76299 0.76554 0.76792 0.77054 0.77315 0.77566 0.77830 0.78100 0.78369 0.78635 0.78910 0.79188 0.79466 0.79746 0.80030 0.76301 0.68514 0.60670 0.52771 0.44815 0.36800 0.28727 0.20594 0.12402 0.04149 0.00000 0.00000 0.00000 0.00000 0.00000 0.00000 0.00000 0.00000 0.00000 0.00000 0.00000 0.00000 0.00000 0.00000 0.00000 0.00000 0.00000 0.00000 0.00000 0.00000 0.00000 0.00000 0.00000 0.00000 0.00000
0.00000 0.00000 0.00000 0.00000 0.00000 0.00000 0.00000 0.00000 0.00000 0.00000 0.00000 0.00000 0.00000 0.00000 0.00000 0.04216 0.12610 0.20968 0.29267 0.37508 0.45693 0.53826 0.61904 0.69926 0.77895 0.81727 0.81460 0.81191 0.80924 0.80662 0.80401 0.80137 0.79875 0.79619 0.79365 0.79107 0.78851 0.78605 0.78360 0.78105 0.77849 0.77625 0.77388 0.77131 0.76897 0.76734 0.76484 0.76226 0.75964 0.75829 0.75583 0.75312 0.75108 0.74938 0.74726 0.74433 0.74277 0.74071 0.73882 0.73573 0.73468 0.73262 0.73097 0.72857 0.72726 0.72590 0.72372 0.72166 0.72063 0.72087 0.71780 0.71410 0.71427 0.71535 0.71449 0.70801 0.70746 0.71020 0.70998 0.70321 0.70221 0.70583 0.70409 0.69910 0.70019 0.70006 0.69964 0.69746 0.69649 0.69608 0.69558 0.69398 0.69331 0.69326 0.69173 0.68967 0.69063 0.69176 0.68965 0.68756 0.68873 0.68851 0.68869 0.68845 0.68792 0.68757 0.68829 0.68826 0.68765 0.68721 0.68875 0.68927 0.68629 0.68365 0.69014 0.69080 0.68333 0.68541 0.69019 0.68864 0.68626 0.68816 0.68937 0.68781 0.68731 0.69007 0.68924 0.68709 0.69053 0.69070 0.68832 0.68876 0.69293 0.69258 0.68877 0.69153 0.69579 0.69416 0.69281 0.69565 0.69849 0.69795 0.69609 0.69890 0.70314 0.70233 0.70165 0.70382 0.70651 0.70658 0.70721 0.70945 0.71056 0.70975 0.71288 0.71563 0.71594 0.71578 0.71903 0.72097 0.72187 0.72279 0.72570 0.72749 0.72806 0.73009 0.73281 0.73502 0.73574 0.73830 0.74085 0.74333 0.74450 0.74703 0.74983 0.75186 0.75382 0.75612 0.75916 0.76064 0.76315 0.76575 0.76822 0.77064 0.77334 0.77602 0.77853 0.78119 0.78396 0.78668 0.78937 0.79215 0.79498 0.79779 0.80061 0.76331 0.68543 0.60697 0.52795 0.44835 0.36817 0.28741 0.20604 0.12408 0.04151 0.00000 0.00000 0.00000 0.00000 0.00000 0.00000 0.00000 0.00000 0.00000 0.00000 0.00000 0.00000 0.00000 0.00000 0.00000 0.00000 0.00000 0.00000 0.00000 0.00000 0.00000 0.00000 0.00000 0.00000 0.00000
0.00000 0.00000 0.00000 0.00000 0.00000 0.00000 0.00000 0.00000 0.00000 0.00000 0.00000 0.00000 0.00000 0.00000 0.00000 0.04213 0.12616 0.20962 0.29260 0.37496 0.45681 0.53810 0.61883 0.69903 0.77871 0.81700 0.81429 0.81162 0.80897 0.80632 0.80368 0.80107 0.79847 0.79586 0.79328 0.79079 0.78827 0.78566 0.78313 0.78076 0.77840 0.77581 0.77325 0.77103 0.76901 0.76676 0.76438 0.76164 0.76003 0.75738 0.75520 0.75301 0.75101 0.74860 0.74630 0.74503 0.74227 0.74009 0.73767 0.73681 0.73376 0.73199 0.73022 0.72922 0.72645 0.72450 0.72504 0.72240 0.71938 0.71810 0.72051 0.71628 0.71217 0.71250 0.71388 0.71136 0.70597 0.70784 0.70754 0.70563 0.70477 0.70365 0.69926 0.70161 0.70164 0.69886 0.69695 0.69844 0.69652 0.69420 0.69491 0.69470 0.69242 0.69118 0.69311 0.69161 0.68845 0.68923 0.69063 0.68978 0.68911 0.68784 0.68722 0.68876 0.68879 0.68760 0.68714 0.68824 0.68816 0.68705 0.68598 0.68788 0.68959 0.68632 0.68415 0.68709 0.69010 0.68732 0.68462 0.68727 0.68917 0.68745 0.68668 0.68904 0.69103 0.68630 0.68691 0.69166 0.69007 0.68838 0.68910 0.68998 0.69049 0.69224 0.69154 0.68984 0.69276 0.69552 0.69411 0.69461 0.69731 0.69882 0.69732 0.69968 0.70196 0.70132 0.70241 0.70489 0.70560 0.70591 0.70701 0.70948 0.71002 0.71162 0.71246 0.71420 0.71518 0.71777 0.71889 0.71979 0.72136 0.72426 0.72549 0.72634 0.72845 0.73088 0.73283 0.73402 0.73661 0.73829 0.74079 0.74287 0.74540 0.74710 0.74934 0.75222 0.75449 0.75652 0.75843 0.76129 0.76334 0.76591 0.76843 0.77093 0.77353 0.77620 0.77886 0.78148 0.78419 0.78695 0.78970 0.79246 0.79527 0.79811 0.80096 0.76364 0.68572 0.60725 0.52819 0.44856 0.36835 0.28755 0.20615 0.12414 0.04153 0.00000 0.00000 0.00000 0.00000 0.00000 0.00000 0.00000 0.00000 0.00000 0.00000 0.00000 0.00000 0.00000 0.00000 0.00000 0.00000 0.00000 0.00000 0.00000 0.00000 0.00000 0.00000 0.00000 0.00000 0.00000
0.00000 0.00000 0.00000 0.00000 0.00000 0.00000 0.00000 0.00000 0.00000 0.00000 0.00000 0.00000 0.00000 0.00000 0.00000 0.04215 0.12614 0.20959 0.29250 0.37486 0.45668 0.53793 0.61863 0.69882 0.77846 0.81671 0.81401 0.81135 0.80870 0.80603 0.80338 0.80077 0.79818 0.79557 0.79299 0.79045 0.78795 0.78537 0.78284 0.78045 0.77803 0.77545 0.77297 0.77088 0.76878 0.76604 0.76368 0.76218 0.75938 0.75695 0.75414 0.75307 0.75092 0.74799 0.74624 0.74425 0.74231 0.73926 0.73799 0.73564 0.73407 0.73069 0.73019 0.72849 0.72646 0.72535 0.72310 0.72213 0.71970 0.71818 0.71668 0.71778 0.71476 0.71182 0.71018 0.71210 0.71136 0.70592 0.70355 0.70538 0.70525 0.70287 0.70151 0.69950 0.70028 0.69983 0.69817 0.69604 0.69614 0.69621 0.69482 0.69294 0.69238 0.69221 0.69174 0.69072 0.68910 0.68853 0.68959 0.68939 0.68823 0.68783 0.68782 0.68765 0.68801 0.68800 0.68742 0.68745 0.68819 0.68826 0.68655 0.68528 0.68904 0.68897 0.68406 0.68460 0.68968 0.68902 0.68473 0.68705 0.68860 0.68786 0.68637 0.68855 0.68926 0.68702 0.68857 0.68981 0.68769 0.68780 0.69091 0.69104 0.68721 0.68991 0.69461 0.69220 0.69031 0.69373 0.69593 0.69539 0.69465 0.69769 0.69937 0.69965 0.69972 0.70146 0.70365 0.70381 0.70496 0.70663 0.70805 0.70722 0.70972 0.71251 0.71314 0.71226 0.71544 0.71794 0.71894 0.71923 0.72206 0.72392 0.72506 0.72649 0.72913 0.73119 0.73180 0.73425 0.73683 0.73928 0.74027 0.74275 0.74549 0.74783 0.74942 0.75192 0.75495 0.75658 0.75884 0.76115 0.76380 0.76601 0.76862 0.77128 0.77377 0.77638 0.77913 0.78182 0.78446 0.78721 0.79002 0.79280 0.79558 0.79843 0.80131 0.76398 0.68602 0.60752 0.52844 0.44877 0.36853 0.28769 0.20625 0.12421 0.04156 0.00000 0.00000 0.00000 0.00000 0.00000 0.00000 0.00000 0.00000 0.00000 0.00000 0.00000 0.00000 0.00000 0.00000 0.00000 0.00000 0.00000 0.00000 0.00000 0.00000 0.00000 0.00000 0.00000 0.00000 0.00000
0.00000 0.00000 0.00000 0.00000 0.00000 0.00000 0.00000 0.00000 0.00000 0.00000 0.00000 0.00000 0.00000 0.00000 0.00000 0.04215 0.12613 0.20952 0.29244 0.37476 0.45655 0.53777 0.61846 0.69861 0.77821 0.81645 0.81377 0.81109 0.80841 0.80576 0.80312 0.80049 0.79787 0.79531 0.79273 0.79012 0.78756 0.78514 0.78268 0.78005 0.77752 0.77519 0.77294 0.77066 0.76791 0.76571 0.76395 0.76139 0.75912 0.75610 0.75478 0.75201 0.75002 0.74854 0.74596 0.74369 0.74118 0.74019 0.73732 0.73526 0.73255 0.73221 0.72945 0.72744 0.72726 0.72495 0.72277 0.72044 0.72134 0.71853 0.71564 0.71470 0.71671 0.71287 0.70912 0.70952 0.71168 0.70765 0.70275 0.70427 0.70339 0.70307 0.70413 0.70016 0.69684 0.69974 0.69876 0.69583 0.69444 0.69577 0.69420 0.69199 0.69301 0.69215 0.69013 0.68919 0.69190 0.69047 0.68771 0.68760 0.68812 0.68930 0.68870 0.68685 0.68652 0.68845 0.68784 0.68691 0.68664 0.68835 0.68899 0.68556 0.68459 0.68861 0.68889 0.68540 0.68406 0.68785 0.68939 0.68649 0.68605 0.68820 0.68965 0.68617 0.68574 0.69050 0.69037 0.68648 0.68739 0.69045 0.69002 0.68908 0.68942 0.68932 0.69158 0.69326 0.69153 0.69187 0.69521 0.69694 0.69342 0.69571 0.70112 0.70040 0.69911 0.70071 0.70422 0.70373 0.70484 0.70647 0.70694 0.70839 0.71023 0.71202 0.71175 0.71420 0.71598 0.71721 0.71810 0.72078 0.72230 0.72303 0.72486 0.72753 0.72927 0.73017 0.73259 0.73452 0.73691 0.73855 0.74120 0.74288 0.74517 0.74778 0.75040 0.75215 0.75423 0.75727 0.75901 0.76148 0.76378 0.76634 0.76885 0.77148 0.77409 0.77667 0.77936 0.78209 0.78480 0.78752 0.79030 0.79312 0.79594 0.79877 0.80165 0.76432 0.68634 0.60780 0.52869 0.44899 0.36871 0.28783 0.20635 0.12427 0.04158 0.00000 0.00000 0.00000 0.00000 0.00000 0.00000 0.00000 0.00000 0.00000 0.00000 0.00000 0.00000 0.00000 0.00000 0.00000 0.00000 0.00000 0.00000 0.00000 0.00000 0.00000 0.00000 0.00000 0.00000 0.00000
0.00000 0.00000 0.00000 0.00000 0.00000 0.00000 0.00000 0.00000 0.00000 0.00000 0.00000 0.00000 0.00000 0.00000 0.00000 0.04215 0.12610 0.20948 0.29237 0.37467 0.45642 0.53763 0.61830 0.69840 0.77797 0.81622 0.81354 0.81083 0.80815 0.80550 0.80287 0.80022 0.79760 0.79502 0.79244 0.78985 0.78732 0.78483 0.78233 0.77979 0.77724 0.77498 0.77271 0.77001 0.76773 0.76577 0.76348 0.76087 0.75814 0.75692 0.75378 0.75177 0.74974 0.74797 0.74587 0.74294 0.74159 0.73920 0.73734 0.73446 0.73335 0.73083 0.72948 0.72860 0.72592 0.72414 0.72215 0.72154 0.71938 0.71820 0.71592 0.71515 0.71316 0.71320 0.71199 0.70932 0.70588 0.70740 0.70788 0.70809 0.70022 0.69973 0.70221 0.70323 0.69904 0.69643 0.69741 0.69864 0.69582 0.69279 0.69322 0.69467 0.69279 0.68935 0.68951 0.69076 0.69072 0.68871 0.68750 0.68763 0.68846 0.68814 0.68751 0.68747 0.68737 0.68740 0.68757 0.68763 0.68703 0.68679 0.68849 0.68821 0.68492 0.68512 0.68910 0.68799 0.68435 0.68585 0.68861 0.68766 0.68581 0.68750 0.68826 0.68731 0.68686 0.68890 0.68816 0.68691 0.68925 0.68990 0.68683 0.68853 0.69255 0.69088 0.68842 0.69186 0.69403 0.69284 0.69284 0.69612 0.69679 0.69672 0.69754 0.69978 0.69992 0.70121 0.70317 0.70406 0.70508 0.70512 0.70732 0.70961 0.71052 0.70935 0.71216 0.71507 0.71604 0.71579 0.71851 0.72081 0.72214 0.72292 0.72548 0.72759 0.72835 0.73041 0.73302 0.73534 0.73614 0.73868 0.74134 0.74374 0.74508 0.74765 0.75049 0.75263 0.75457 0.75674 0.75976 0.76152 0.76401 0.76659 0.76911 0.77167 0.77437 0.77702 0.77962 0.78234 0.78512 0.78787 0.79061 0.79343 0.79628 0.79913 0.80200 0.76466 0.68667 0.60809 0.52894 0.44921 0.36889 0.28798 0.20646 0.12434 0.04160 0.00000 0.00000 0.00000 0.00000 0.00000 0.00000 0.00000 0.00000 0.00000 0.00000 0.00000 0.00000 0.00000 0.00000 0.00000 0.00000 0.00000 0.00000 0.00000 0.00000 0.00000 0.00000 0.00000 0.00000 0.00000
0.00000 0.00000 0.00000 0.00000 0.00000 0.00000 0.00000 0.00000 0.00000 0.00000 0.00000 0.00000 0.00000 0.00000 0.00000 0.04214 0.12608 0.20944 0.29230 0.37457 0.45632 0.53750 0.61813 0.69821 0.77777 0.81600 0.81329 0.81059 0.80792 0.80526 0.80260 0.79997 0.79736 0.79474 0.79214 0.78964 0.78711 0.78447 0.78195 0.77955 0.77723 0.77463 0.77205 0.76982 0.76770 0.76554 0.76276 0.76020 0.75885 0.75569 0.75384 0.75105 0.74976 0.74771 0.74493 0.74380 0.74105 0.73874 0.73622 0.73545 0.73292 0.73061 0.72870 0.72778 0.72604 0.72318 0.72269 0.72105 0.71874 0.71686 0.71718 0.71511 0.71245 0.71142 0.71240 0.70982 0.70597 0.70555 0.70663 0.70621 0.70343 0.70032 0.69966 0.70181 0.70073 0.69678 0.69575 0.69730 0.69615 0.69283 0.69267 0.69347 0.69170 0.68959 0.69193 0.69095 0.68746 0.68718 0.69003 0.68993 0.68738 0.68602 0.68659 0.68872 0.68807 0.68663 0.68641 0.68815 0.68802 0.68560 0.68531 0.68914 0.68907 0.68455 0.68408 0.68903 0.68876 0.68515 0.68475 0.68815 0.68881 0.68637 0.68615 0.68902 0.69014 0.68542 0.68569 0.69032 0.69010 0.68706 0.68755 0.68981 0.69091 0.69066 0.68926 0.69018 0.69336 0.69441 0.69115 0.69329 0.69825 0.69902 0.69519 0.69737 0.70360 0.70292 0.70233 0.70264 0.70463 0.70628 0.70809 0.70904 0.70847 0.71095 0.71365 0.71490 0.71470 0.71710 0.71926 0.72033 0.72150 0.72402 0.72590 0.72657 0.72873 0.73109 0.73320 0.73440 0.73708 0.73888 0.74122 0.74343 0.74606 0.74781 0.75011 0.75293 0.75494 0.75725 0.75925 0.76203 0.76427 0.76682 0.76939 0.77195 0.77460 0.77730 0.77996 0.78265 0.78540 0.78819 0.79097 0.79377 0.79662 0.79949 0.80238 0.76502 0.68699 0.60839 0.52921 0.44944 0.36908 0.28813 0.20657 0.12441 0.04162 0.00000 0.00000 0.00000 0.00000 0.00000 0.00000 0.00000 0.00000 0.00000 0.00000 0.00000 0.00000 0.00000 0.00000 0.00000 0.00000 0.00000 0.00000 0.00000 0.00000 0.00000 0.00000 0.00000 0.00000 0.00000
0.00000 0.00000 0.00000 0.00000 0.00000 0.00000 0.00000 0.00000 0.00000 0.00000 0.00000 0.00000 0.00000 0.00000 0.00000 0.04214 0.12606 0.20940 0.29224 0.37449 0.45621 0.53736 0.61797 0.69804 0.77758 0.81577 0.81305 0.81037 0.80771 0.80502 0.80236 0.79973 0.79711 0.79449 0.79192 0.78936 0.78679 0.78425 0.78173 0.77934 0.77682 0.77438 0.77182 0.76965 0.76756 0.76479 0.76242 0.76069 0.75786 0.75574 0.75238 0.75176 0.74977 0.74675 0.74535 0.74295 0.74079 0.73811 0.73675 0.73447 0.73270 0.73063 0.72893 0.72679 0.72507 0.72449 0.72221 0.71989 0.71814 0.71799 0.71613 0.71416 0.71259 0.71210 0.70964 0.70871 0.70935 0.70773 0.70236 0.70208 0.70518 0.70598 0.69934 0.69748 0.69946 0.70028 0.69693 0.69434 0.69440 0.69645 0.69403 0.69004 0.69050 0.69319 0.69164 0.68645 0.68723 0.68880 0.68997 0.68801 0.68649 0.68655 0.68787 0.68773 0.68704 0.68713 0.68717 0.68721 0.68749 0.68731 0.68610 0.68631 0.68803 0.68745 0.68499 0.68565 0.68868 0.68729 0.68564 0.68685 0.68735 0.68717 0.68622 0.68779 0.68821 0.68675 0.68768 0.68920 0.68727 0.68720 0.69015 0.68990 0.68719 0.69012 0.69244 0.69084 0.69086 0.69391 0.69481 0.69402 0.69543 0.69846 0.69724 0.69842 0.70063 0.70182 0.70176 0.70290 0.70576 0.70684 0.70788 0.70702 0.70919 0.71229 0.71355 0.71283 0.71493 0.71804 0.71924 0.71953 0.72190 0.72431 0.72532 0.72675 0.72926 0.73153 0.73226 0.73476 0.73735 0.73973 0.74090 0.74346 0.74619 0.74863 0.75019 0.75249 0.75565 0.75722 0.75963 0.76199 0.76461 0.76705 0.76966 0.77228 0.77486 0.77755 0.78029 0.78299 0.78571 0.78849 0.79132 0.79413 0.79697 0.79985 0.80276 0.76539 0.68732 0.60869 0.52947 0.44967 0.36927 0.28828 0.20668 0.12447 0.04165 0.00000 0.00000 0.00000 0.00000 0.00000 0.00000 0.00000 0.00000 0.00000 0.00000 0.00000 0.00000 0.00000 0.00000 0.00000 0.00000 0.00000 0.00000 0.00000 0.00000 0.00000 0.00000 0.00000 0.00000 0.00000
0.00000 0.00000 0.00000 0.00000 0.00000 0.00000 0.00000 0.00000 0.00000 0.00000 0.00000 0.00000 0.00000 0.00000 0.00000 0.04213 0.12604 0.20936 0.29218 0.37441 0.45611 0.53724 0.61783 0.69788 0.77738 0.81556 0.81286 0.81017 0.80747 0.80479 0.80215 0.79950 0.79687 0.79428 0.79170 0.78907 0.78651 0.78405 0.78164 0.77892 0.77648 0.77404 0.77198 0.76948 0.76675 0.76448 0.76261 0.76013 0.75763 0.75457 0.75370 0.75081 0.74871 0.74771 0.74483 0.74236 0.73996 0.73888 0.73641 0.73403 0.73171 0.73092 0.72907 0.72620 0.72498 0.72371 0.72187 0.71948 0.71854 0.71758 0.71530 0.71375 0.71311 0.71207 0.70920 0.70787 0.70826 0.70817 0.70397 0.70174 0.70219 0.70467 0.70215 0.69752 0.69716 0.69924 0.69766 0.69411 0.69337 0.69525 0.69351 0.69072 0.69090 0.69162 0.68897 0.68726 0.69065 0.69014 0.68609 0.68549 0.68755 0.68874 0.68767 0.68523 0.68617 0.68750 0.68796 0.68573 0.68591 0.68890 0.68863 0.68510 0.68447 0.68860 0.68924 0.68407 0.68358 0.68877 0.68814 0.68661 0.68604 0.68810 0.68938 0.68509 0.68592 0.68924 0.68977 0.68608 0.68566 0.68968 0.69054 0.68839 0.68751 0.68944 0.69247 0.69195 0.68926 0.69155 0.69548 0.69636 0.69192 0.69444 0.70158 0.70152 0.69943 0.69975 0.70353 0.70564 0.70526 0.70596 0.70566 0.70817 0.71136 0.71217 0.71120 0.71362 0.71678 0.71792 0.71800 0.72034 0.72266 0.72362 0.72515 0.72763 0.72965 0.73052 0.73304 0.73516 0.73745 0.73917 0.74179 0.74370 0.74607 0.74850 0.75096 0.75297 0.75491 0.75792 0.75981 0.76230 0.76477 0.76733 0.76993 0.77257 0.77520 0.77785 0.78057 0.78332 0.78606 0.78883 0.79165 0.79449 0.79735 0.80023 0.80313 0.76576 0.68767 0.60899 0.52974 0.44990 0.36947 0.28844 0.20680 0.12454 0.04167 0.00000 0.00000 0.00000 0.00000 0.00000 0.00000 0.00000 0.00000 0.00000 0.00000 0.00000 0.00000 0.00000 0.00000 0.00000 0.00000 0.00000 0.00000 0.00000 0.00000 0.00000 0.00000 0.00000 0.00000 0.00000
0.00000 0.00000 0.00000 0.00000 0.00000 0.00000 0.00000 0.00000 0.00000 0.00000 0.00000 0.00000 0.00000 0.00000 0.00000 0.04212 0.12602 0.20932 0.29213 0.37434 0.45601 0.53713 0.61770 0.69772 0.77719 0.81538 0.81268 0.80996 0.80725 0.80459 0.80194 0.79928 0.79666 0.79405 0.79143 0.78886 0.78634 0.78383 0.78121 0.77882 0.77623 0.77401 0.77143 0.76914 0.76667 0.76441 0.76217 0.75967 0.75714 0.75554 0.75243 0.75064 0.74924 0.74676 0.74418 0.74184 0.74014 0.73813 0.73626 0.73377 0.73211 0.73004 0.72841 0.72700 0.72489 0.72269 0.72093 0.72057 0.71891 0.71608 0.71468 0.71471 0.71266 0.71031 0.70991 0.70937 0.70608 0.70466 0.70671 0.70597 0.70063 0.69862 0.70179 0.70181 0.69817 0.69471 0.69628 0.69698 0.69531 0.69158 0.69151 0.69327 0.69230 0.68705 0.68741 0.69054 0.69140 0.68638 0.68534 0.68640 0.68913 0.68796 0.68584 0.68643 0.68757 0.68747 0.68675 0.68680 0.68721 0.68708 0.68707 0.68670 0.68623 0.68650 0.68768 0.68680 0.68568 0.68663 0.68737 0.68684 0.68631 0.68733 0.68785 0.68665 0.68667 0.68797 0.68749 0.68644 0.68831 0.68962 0.68691 0.68811 0.69092 0.68985 0.68879 0.69204 0.69284 0.69182 0.69319 0.69633 0.69569 0.69528 0.69827 0.70022 0.69893 0.70048 0.70365 0.70438 0.70476 0.70485 0.70720 0.70962 0.71081 0.71003 0.71172 0.71510 0.71671 0.71653 0.71813 0.72125 0.72264 0.72331 0.72553 0.72806 0.72872 0.73085 0.73346 0.73589 0.73689 0.73929 0.74209 0.74456 0.74590 0.74839 0.75134 0.75318 0.75536 0.75749 0.76032 0.76255 0.76504 0.76761 0.77019 0.77284 0.77554 0.77819 0.78087 0.78363 0.78642 0.78920 0.79200 0.79485 0.79773 0.80061 0.80352 0.76614 0.68802 0.60931 0.53002 0.45014 0.36967 0.28859 0.20691 0.12461 0.04169 0.00000 0.00000 0.00000 0.00000 0.00000 0.00000 0.00000 0.00000 0.00000 0.00000 0.00000 0.00000 0.00000 0.00000 0.00000 0.00000 0.00000 0.00000 0.00000 0.00000 0.00000 0.00000 0.00000 0.00000 0.00000
0.00000 0.00000 0.00000 0.00000 0.00000 0.00000 0.00000 0.00000 0.00000 0.00000 0.00000 0.00000 0.00000 0.00000 0.00000 0.04212 0.12600 0.20929 0.29207 0.37427 0.45593 0.53703 0.61757 0.69756 0.77703 0.81521 0.81248 0.80976 0.80708 0.80441 0.80173 0.79908 0.79646 0.79382 0.79122 0.78869 0.78616 0.78349 0.78101 0.77854 0.77635 0.77352 0.77118 0.76872 0.76676 0.76435 0.76152 0.75920 0.75754 0.75489 0.75258 0.75050 0.74868 0.74614 0.74379 0.74191 0.74004 0.73771 0.73522 0.73437 0.73214 0.72968 0.72771 0.72652 0.72506 0.72214 0.72092 0.72024 0.71817 0.71616 0.71480 0.71458 0.71202 0.71016 0.70955 0.70997 0.70637 0.70362 0.70461 0.70622 0.70255 0.69849 0.69873 0.70159 0.69947 0.69532 0.69480 0.69642 0.69490 0.69189 0.69140 0.69246 0.69070 0.68844 0.68920 0.69031 0.68732 0.68579 0.68805 0.68875 0.68726 0.68506 0.68610 0.68764 0.68774 0.68610 0.68597 0.68782 0.68826 0.68534 0.68518 0.68795 0.68836 0.68464 0.68386 0.68826 0.68801 0.68600 0.68557 0.68850 0.68942 0.68537 0.68516 0.68829 0.68898 0.68559 0.68574 0.68913 0.69050 0.68655 0.68496 0.68929 0.69188 0.68969 0.68713 0.69012 0.69453 0.69347 0.69049 0.69237 0.69924 0.69811 0.69618 0.69706 0.70307 0.70392 0.70248 0.70325 0.70417 0.70646 0.70859 0.70953 0.70796 0.71020 0.71458 0.71549 0.71462 0.71681 0.71997 0.72110 0.72165 0.72405 0.72633 0.72695 0.72914 0.73159 0.73375 0.73504 0.73761 0.73985 0.74209 0.74415 0.74675 0.74883 0.75091 0.75363 0.75556 0.75798 0.76025 0.76283 0.76536 0.76793 0.77051 0.77313 0.77582 0.77853 0.78123 0.78397 0.78675 0.78956 0.79238 0.79523 0.79810 0.80101 0.80393 0.76653 0.68837 0.60963 0.53030 0.45039 0.36987 0.28876 0.20703 0.12468 0.04172 0.00000 0.00000 0.00000 0.00000 0.00000 0.00000 0.00000 0.00000 0.00000 0.00000 0.00000 0.00000 0.00000 0.00000 0.00000 0.00000 0.00000 0.00000 0.00000 0.00000 0.00000 0.00000 0.00000 0.00000 0.00000
0.00000 0.00000 0.00000 0.00000 0.00000 0.00000 0.00000 0.00000 0.00000 0.00000 0.00000 0.00000 0.00000 0.00000 0.00000 0.04211 0.12599 0.20925 0.29203 0.37421 0.45585 0.53692 0.61745 0.69744 0.77689 0.81503 0.81229 0.80959 0.80691 0.80422 0.80154 0.79890 0.79625 0.79363 0.79106 0.78847 0.78584 0.78336 0.78087 0.77845 0.77573 0.77357 0.77098 0.76875 0.76620 0.76389 0.76171 0.75929 0.75681 0.75459 0.75263 0.75056 0.74775 0.74568 0.74358 0.74191 0.73921 0.73717 0.73586 0.73363 0.73227 0.72972 0.72750 0.72587 0.72410 0.72313 0.72185 0.71873 0.71723 0.71711 0.71561 0.71254 0.71150 0.71169 0.70923 0.70694 0.70779 0.70690 0.70291 0.70119 0.70366 0.70398 0.69901 0.69496 0.69841 0.69823 0.69679 0.69310 0.69273 0.69403 0.69374 0.68916 0.68818 0.69098 0.69188 0.68570 0.68421 0.68787 0.69062 0.68761 0.68437 0.68588 0.68842 0.68744 0.68618 0.68649 0.68768 0.68737 0.68613 0.68635 0.68726 0.68704 0.68673 0.68608 0.68637 0.68706 0.68697 0.68655 0.68627 0.68720 0.68780 0.68634 0.68640 0.68775 0.68725 0.68623 0.68715 0.68854 0.68679 0.68640 0.68941 0.68954 0.68744 0.68978 0.69134 0.69000 0.69111 0.69398 0.69390 0.69323 0.69569 0.69823 0.69690 0.69797 0.70118 0.70211 0.70170 0.70300 0.70545 0.70727 0.70779 0.70716 0.70890 0.71235 0.71389 0.71346 0.71488 0.71821 0.72011 0.72014 0.72177 0.72476 0.72585 0.72720 0.72950 0.73206 0.73305 0.73536 0.73807 0.74040 0.74182 0.74423 0.74716 0.74944 0.75110 0.75319 0.75610 0.75820 0.76053 0.76304 0.76562 0.76824 0.77086 0.77346 0.77612 0.77885 0.78160 0.78433 0.78710 0.78992 0.79276 0.79561 0.79849 0.80141 0.80434 0.76693 0.68873 0.60995 0.53059 0.45063 0.37008 0.28892 0.20715 0.12476 0.04174 0.00000 0.00000 0.00000 0.00000 0.00000 0.00000 0.00000 0.00000 0.00000 0.00000 0.00000 0.00000 0.00000 0.00000 0.00000 0.00000 0.00000 0.00000 0.00000 0.00000 0.00000 0.00000 0.00000 0.00000 0.00000
0.00000 0.00000 0.00000 0.00000 0.00000 0.00000 0.00000 0.00000 0.00000 0.00000 0.00000 0.00000 0.00000 0.00000 0.00000 0.04211 0.12597 0.20922 0.29199 0.37415 0.45577 0.53683 0.61735 0.69732 0.77673 0.81486 0.81215 0.80945 0.80673 0.80403 0.80138 0.79872 0.79607 0.79347 0.79087 0.78824 0.78567 0.78320 0.78077 0.77804 0.77566 0.77321 0.77115 0.76838 0.76590 0.76369 0.76156 0.75914 0.75643 0.75445 0.75264 0.74992 0.74766 0.74541 0.74383 0.74009 0.73901 0.73834 0.73549 0.73380 0.73085 0.72966 0.72819 0.72536 0.72373 0.72224 0.72119 0.71880 0.71708 0.71697 0.71497 0.71277 0.71123 0.71191 0.70912 0.70625 0.70633 0.70801 0.70380 0.69989 0.70132 0.70358 0.70127 0.69598 0.69639 0.69774 0.69658 0.69314 0.69262 0.69323 0.69224 0.68990 0.68927 0.69053 0.68900 0.68684 0.68727 0.68889 0.68792 0.68560 0.68518 0.68740 0.68795 0.68607 0.68591 0.68736 0.68789 0.68614 0.68525 0.68734 0.68784 0.68578 0.68456 0.68814 0.68906 0.68565 0.68505 0.68781 0.68814 0.68556 0.68523 0.68883 0.68921 0.68568 0.68552 0.68784 0.68953 0.68551 0.68437 0.68933 0.69187 0.68739 0.68383 0.68957 0.69379 0.69092 0.68878 0.69147 0.69718 0.69531 0.69268 0.69441 0.70096 0.70021 0.69981 0.70067 0.70329 0.70454 0.70525 0.70685 0.70552 0.70725 0.71220 0.71292 0.71150 0.71332 0.71781 0.71867 0.71840 0.72049 0.72333 0.72416 0.72554 0.72798 0.73018 0.73113 0.73356 0.73605 0.73820 0.73986 0.74244 0.74494 0.74702 0.74924 0.75156 0.75387 0.75590 0.75836 0.76093 0.76341 0.76590 0.76849 0.77117 0.77382 0.77647 0.77917 0.78193 0.78470 0.78748 0.79029 0.79314 0.79601 0.79890 0.80181 0.80476 0.76733 0.68910 0.61028 0.53088 0.45089 0.37029 0.28908 0.20727 0.12483 0.04177 0.00000 0.00000 0.00000 0.00000 0.00000 0.00000 0.00000 0.00000 0.00000 0.00000 0.00000 0.00000 0.00000 0.00000 0.00000 0.00000 0.00000 0.00000 0.00000 0.00000 0.00000 0.00000 0.00000 0.00000 0.00000
0.00000 0.00000 0.00000 0.00000 0.00000 0.00000 0.00000 0.00000 0.00000 0.00000 0.00000 0.00000 0.00000 0.00000 0.00000 0.04210 0.12595 0.20920 0.29195 0.37409 0.45570 0.53675 0.61725 0.69720 0.77659 0.81473 0.81201 0.80928 0.80657 0.80389 0.80122 0.79855 0.79592 0.79329 0.79065 0.78807 0.78559 0.78301 0.78036 0.77800 0.77559 0.77322 0.77046 0.76832 0.76610 0.76352 0.76102 0.75870 0.75681 0.75447 0.75168 0.74965 0.74762 0.74580 0.74207 0.74086 0.73891 0.73726 0.73638 0.73283 0.73109 0.72932 0.72757 0.72585 0.72328 0.72182 0.71949 0.71939 0.71956 0.71519 0.71362 0.71367 0.71216 0.70919 0.70875 0.70858 0.70598 0.70390 0.70525 0.70470 0.70016 0.69775 0.70050 0.70096 0.69806 0.69454 0.69438 0.69529 0.69550 0.69122 0.68910 0.69171 0.69244 0.68710 0.68386 0.68919 0.69123 0.68586 0.68266 0.68657 0.68905 0.68742 0.68528 0.68635 0.68818 0.68708 0.68550 0.68634 0.68757 0.68711 0.68595 0.68610 0.68739 0.68752 0.68667 0.68601 0.68654 0.68729 0.68701 0.68641 0.68636 0.68780 0.68726 0.68601 0.68677 0.68774 0.68686 0.68550 0.68797 0.68895 0.68659 0.68789 0.69018 0.68880 0.68936 0.69165 0.69189 0.69138 0.69364 0.69633 0.69445 0.69533 0.69857 0.69993 0.69905 0.70074 0.70374 0.70490 0.70489 0.70531 0.70643 0.71040 0.71091 0.70995 0.71189 0.71542 0.71735 0.71692 0.71846 0.72159 0.72352 0.72387 0.72579 0.72851 0.72963 0.73147 0.73393 0.73650 0.73784 0.74004 0.74288 0.74539 0.74704 0.74918 0.75202 0.75412 0.75620 0.75858 0.76116 0.76373 0.76627 0.76883 0.77144 0.77414 0.77685 0.77954 0.78227 0.78506 0.78787 0.79068 0.79353 0.79641 0.79931 0.80223 0.80518 0.76774 0.68947 0.61062 0.53118 0.45114 0.37050 0.28925 0.20739 0.12490 0.04179 0.00000 0.00000 0.00000 0.00000 0.00000 0.00000 0.00000 0.00000 0.00000 0.00000 0.00000 0.00000 0.00000 0.00000 0.00000 0.00000 0.00000 0.00000 0.00000 0.00000 0.00000 0.00000 0.00000 0.00000 0.00000
0.00000 0.00000 0.00000 0.00000 0.00000 0.00000 0.00000 0.00000 0.00000 0.00000 0.00000 0.00000 0.00000 0.00000 0.00000 0.04210 0.12594 0.20918 0.29191 0.37404 0.45565 0.53668 0.61716 0.69708 0.77648 0.81461 0.81187 0.80913 0.80644 0.80375 0.80106 0.79840 0.79576 0.79312 0.79050 0.78796 0.78539 0.78277 0.78024 0.77786 0.77554 0.77280 0.77040 0.76818 0.76594 0.76331 0.76067 0.75875 0.75662 0.75395 0.75168 0.74954 0.74776 0.74444 0.74294 0.74056 0.73910 0.73790 0.73441 0.73326 0.73129 0.72916 0.72676 0.72505 0.72432 0.72134 0.71983 0.71905 0.71785 0.71551 0.71362 0.71394 0.71189 0.70923 0.70808 0.70947 0.70622 0.70288 0.70339 0.70558 0.70159 0.69695 0.69881 0.69957 0.69865 0.69430 0.69422 0.69456 0.69405 0.69144 0.69058 0.69095 0.69033 0.68796 0.68729 0.68930 0.68877 0.68643 0.68473 0.68739 0.68907 0.68628 0.68467 0.68682 0.68764 0.68650 0.68556 0.68697 0.68773 0.68658 0.68565 0.68711 0.68825 0.68610 0.68527 0.68790 0.68785 0.68603 0.68595 0.68779 0.68843 0.68564 0.68509 0.68771 0.68809 0.68542 0.68437 0.68863 0.69100 0.68574 0.68381 0.68994 0.69346 0.68814 0.68633 0.69101 0.69438 0.69271 0.69000 0.69318 0.69834 0.69737 0.69666 0.69779 0.70191 0.70206 0.70214 0.70421 0.70478 0.70470 0.70831 0.71019 0.70781 0.71014 0.71531 0.71595 0.71571 0.71700 0.72049 0.72173 0.72242 0.72435 0.72690 0.72779 0.72971 0.73218 0.73445 0.73576 0.73822 0.74085 0.74301 0.74487 0.74748 0.75006 0.75186 0.75403 0.75668 0.75912 0.76139 0.76392 0.76662 0.76922 0.77179 0.77446 0.77718 0.77992 0.78265 0.78543 0.78824 0.79108 0.79393 0.79682 0.79973 0.80266 0.80561 0.76816 0.68986 0.61096 0.53148 0.45140 0.37072 0.28942 0.20751 0.12498 0.04182 0.00000 0.00000 0.00000 0.00000 0.00000 0.00000 0.00000 0.00000 0.00000 0.00000 0.00000 0.00000 0.00000 0.00000 0.00000 0.00000 0.00000 0.00000 0.00000 0.00000 0.00000 0.00000 0.00000 0.00000 0.00000
0.00000 0.00000 0.00000 0.00000 0.00000 0.00000 0.00000 0.00000 0.00000 0.00000 0.00000 0.00000 0.00000 0.00000 0.00000 0.04210 0.12593 0.20915 0.29188 0.37401 0.45560 0.53661 0.61707 0.69700 0.77638 0.81448 0.81174 0.80902 0.80632 0.80361 0.80093 0.79827 0.79561 0.79297 0.79041 0.78778 0.78516 0.78262 0.78025 0.77771 0.77505 0.77275 0.77056 0.76803 0.76536 0.76305 0.76111 0.75859 0.75589 0.75375 0.75180 0.74980 0.74655 0.74482 0.74246 0.74108 0.73924 0.73622 0.73489 0.73289 0.73135 0.72871 0.72648 0.72526 0.72316 0.72200 0.72226 0.71809 0.71447 0.71591 0.71567 0.71185 0.71049 0.71039 0.70890 0.70630 0.70640 0.70547 0.70273 0.70116 0.70254 0.70218 0.69897 0.69658 0.69678 0.69715 0.69718 0.69301 0.69032 0.69309 0.69412 0.68921 0.68621 0.69030 0.69213 0.68547 0.68182 0.68836 0.68903 0.68574 0.68243 0.68676 0.68771 0.68663 0.68605 0.68659 0.68831 0.68690 0.68556 0.68655 0.68747 0.68707 0.68619 0.68605 0.68724 0.68732 0.68678 0.68647 0.68661 0.68759 0.68692 0.68600 0.68665 0.68732 0.68685 0.68574 0.68707 0.68836 0.68641 0.68655 0.68888 0.68855 0.68794 0.68992 0.69021 0.68967 0.69233 0.69418 0.69161 0.69279 0.69665 0.69808 0.69598 0.69778 0.70174 0.70255 0.70214 0.70338 0.70468 0.70795 0.70821 0.70794 0.70872 0.71352 0.71434 0.71410 0.71548 0.71880 0.72086 0.72081 0.72235 0.72538 0.72702 0.72785 0.72995 0.73271 0.73402 0.73605 0.73861 0.74121 0.74290 0.74511 0.74780 0.75031 0.75220 0.75429 0.75696 0.75936 0.76183 0.76429 0.76688 0.76953 0.77220 0.77483 0.77752 0.78028 0.78305 0.78582 0.78863 0.79148 0.79435 0.79724 0.80015 0.80309 0.80606 0.76859 0.69024 0.61131 0.53179 0.45166 0.37094 0.28960 0.20764 0.12506 0.04184 0.00000 0.00000 0.00000 0.00000 0.00000 0.00000 0.00000 0.00000 0.00000 0.00000 0.00000 0.00000 0.00000 0.00000 0.00000 0.00000 0.00000 0.00000 0.00000 0.00000 0.00000 0.00000 0.00000 0.00000 0.00000
0.00000 0.00000 0.00000 0.00000 0.00000 0.00000 0.00000 0.00000 0.00000 0.00000 0.00000 0.00000 0.00000 0.00000 0.00000 0.04209 0.12592 0.20914 0.29186 0.37397 0.45554 0.53655 0.61701 0.69692 0.77628 0.81437 0.81164 0.80892 0.80619 0.80349 0.80081 0.79814 0.79548 0.79287 0.79024 0.78763 0.78502 0.78258 0.78006 0.77745 0.77493 0.77273 0.77041 0.76772 0.76515 0.76319 0.76088 0.75818 0.75581 0.75384 0.75188 0.74882 0.74696 0.74475 0.74296 0.74015 0.73827 0.73704 0.73461 0.73289 0.73007 0.72857 0.72741 0.72493 0.72285 0.72112 0.72076 0.71809 0.71620 0.71629 0.71485 0.71210 0.71030 0.71089 0.70901 0.70607 0.70523 0.70686 0.70322 0.69996 0.70116 0.70204 0.69838 0.69532 0.69687 0.69662 0.69566 0.69275 0.69206 0.69228 0.69176 0.68958 0.68860 0.68965 0.68954 0.68675 0.68549 0.68789 0.68873 0.68639 0.68395 0.68662 0.68802 0.68658 0.68622 0.68659 0.68805 0.68695 0.68593 0.68675 0.68715 0.68669 0.68586 0.68727 0.68775 0.68609 0.68634 0.68759 0.68768 0.68583 0.68558 0.68715 0.68724 0.68576 0.68530 0.68813 0.68939 0.68444 0.68386 0.68954 0.69123 0.68565 0.68425 0.69135 0.69322 0.68984 0.68885 0.69350 0.69599 0.69477 0.69416 0.69594 0.69984 0.69987 0.69919 0.70145 0.70408 0.70293 0.70411 0.70718 0.70842 0.70731 0.71170 0.71319 0.71312 0.71389 0.71739 0.71905 0.71950 0.72093 0.72377 0.72506 0.72625 0.72841 0.73094 0.73203 0.73418 0.73678 0.73903 0.74062 0.74328 0.74591 0.74797 0.74992 0.75257 0.75517 0.75702 0.75950 0.76220 0.76476 0.76720 0.76982 0.77254 0.77522 0.77790 0.78065 0.78342 0.78622 0.78904 0.79189 0.79476 0.79766 0.80059 0.80353 0.80651 0.76902 0.69064 0.61167 0.53210 0.45193 0.37116 0.28977 0.20776 0.12513 0.04187 0.00000 0.00000 0.00000 0.00000 0.00000 0.00000 0.00000 0.00000 0.00000 0.00000 0.00000 0.00000 0.00000 0.00000 0.00000 0.00000 0.00000 0.00000 0.00000 0.00000 0.00000 0.00000 0.00000 0.00000 0.00000
0.00000 0.00000 0.00000 0.00000 0.00000 0.00000 0.00000 0.00000 0.00000 0.00000 0.00000 0.00000 0.00000 0.00000 0.00000 0.04209 0.12592 0.20912 0.29184 0.37394 0.45550 0.53650 0.61695 0.69684 0.77619 0.81429 0.81155 0.80881 0.80608 0.80339 0.80070 0.79802 0.79538 0.79274 0.79010 0.78749 0.78502 0.78241 0.77979 0.77728 0.77511 0.77258 0.76990 0.76751 0.76555 0.76301 0.76027 0.75801 0.75609 0.75396 0.75092 0.74894 0.74686 0.74511 0.74222 0.74008 0.73832 0.73650 0.73501 0.73187 0.73013 0.72876 0.72688 0.72487 0.72264 0.72140 0.71904 0.71840 0.71869 0.71463 0.71231 0.71264 0.71174 0.70882 0.70795 0.70715 0.70565 0.70373 0.70423 0.70242 0.70002 0.69858 0.69913 0.69946 0.69843 0.69517 0.69319 0.69459 0.69650 0.69071 0.68758 0.69139 0.69363 0.68672 0.68322 0.69037 0.69066 0.68460 0.68230 0.68783 0.68762 0.68572 0.68562 0.68681 0.68794 0.68647 0.68508 0.68676 0.68789 0.68677 0.68584 0.68657 0.68797 0.68727 0.68627 0.68633 0.68691 0.68738 0.68680 0.68612 0.68662 0.68704 0.68678 0.68634 0.68663 0.68739 0.68659 0.68614 0.68780 0.68780 0.68719 0.68861 0.68920 0.68827 0.69104 0.69212 0.68977 0.69105 0.69568 0.69630 0.69284 0.69492 0.70018 0.70066 0.69943 0.70030 0.70353 0.70540 0.70549 0.70596 0.70610 0.70989 0.71151 0.71159 0.71221 0.71540 0.71764 0.71794 0.71926 0.72211 0.72426 0.72472 0.72643 0.72923 0.73083 0.73225 0.73449 0.73723 0.73886 0.74099 0.74352 0.74634 0.74814 0.75020 0.75291 0.75513 0.75763 0.75987 0.76247 0.76501 0.76764 0.77022 0.77285 0.77557 0.77831 0.78104 0.78381 0.78662 0.78946 0.79231 0.79519 0.79810 0.80103 0.80398 0.80696 0.76947 0.69104 0.61203 0.53242 0.45220 0.37138 0.28995 0.20789 0.12521 0.04190 0.00000 0.00000 0.00000 0.00000 0.00000 0.00000 0.00000 0.00000 0.00000 0.00000 0.00000 0.00000 0.00000 0.00000 0.00000 0.00000 0.00000 0.00000 0.00000 0.00000 0.00000 0.00000 0.00000 0.00000 0.00000
0.00000 0.00000 0.00000 0.00000 0.00000 0.00000 0.00000 0.00000 0.00000 0.00000 0.00000 0.00000 0.00000 0.00000 0.00000 0.04209 0.12591 0.20911 0.29182 0.37391 0.45547 0.53646 0.61689 0.69677 0.77612 0.81421 0.81146 0.80871 0.80600 0.80330 0.80060 0.79793 0.79527 0.79262 0.78998 0.78744 0.78485 0.78225 0.77966 0.77736 0.77491 0.77229 0.76971 0.76773 0.76532 0.76262 0.76012 0.75824 0.75611 0.75315 0.75114 0.74906 0.74702 0.74400 0.74233 0.74057 0.73823 0.73633 0.73379 0.73231 0.73043 0.72842 0.72603 0.72445 0.72378 0.72094 0.71913 0.71809 0.71758 0.71434 0.71280 0.71300 0.71200 0.70875 0.70722 0.70807 0.70607 0.70300 0.70294 0.70404 0.69974 0.69724 0.70038 0.69915 0.69639 0.69347 0.69415 0.69435 0.69309 0.69106 0.69010 0.69059 0.68986 0.68758 0.68732 0.68867 0.68878 0.68599 0.68483 0.68685 0.68758 0.68642 0.68565 0.68642 0.68778 0.68698 0.68591 0.68644 0.68731 0.68686 0.68600 0.68677 0.68760 0.68627 0.68621 0.68753 0.68742 0.68591 0.68618 0.68738 0.68706 0.68585 0.68602 0.68711 0.68708 0.68452 0.68470 0.68962 0.69009 0.68348 0.68424 0.69146 0.69222 0.68642 0.68728 0.69385 0.69390 0.69206 0.69213 0.69594 0.69734 0.69739 0.69686 0.69926 0.70206 0.70158 0.69972 0.70441 0.70756 0.70499 0.70593 0.71046 0.71168 0.71115 0.71338 0.71624 0.71698 0.71786 0.72037 0.72242 0.72327 0.72489 0.72757 0.72900 0.73056 0.73282 0.73531 0.73673 0.73907 0.74170 0.74405 0.74579 0.74848 0.75117 0.75284 0.75530 0.75787 0.76051 0.76269 0.76529 0.76799 0.77063 0.77324 0.77594 0.77869 0.78144 0.78422 0.78703 0.78987 0.79274 0.79563 0.79854 0.80148 0.80444 0.80743 0.76991 0.69145 0.61239 0.53274 0.45248 0.37161 0.29013 0.20802 0.12529 0.04192 0.00000 0.00000 0.00000 0.00000 0.00000 0.00000 0.00000 0.00000 0.00000 0.00000 0.00000 0.00000 0.00000 0.00000 0.00000 0.00000 0.00000 0.00000 0.00000 0.00000 0.00000 0.00000 0.00000 0.00000 0.00000
0.00000 0.00000 0.00000 0.00000 0.00000 0.00000 0.00000 0.00000 0.00000 0.00000 0.00000 0.00000 0.00000 0.00000 0.00000 0.04209 0.12591 0.20910 0.29180 0.37389 0.45545 0.53642 0.61685 0.69673 0.77606 0.81413 0.81138 0.80865 0.80593 0.80321 0.80052 0.79784 0.79517 0.79252 0.78995 0.78733 0.78469 0.78210 0.77977 0.77724 0.77458 0.77206 0.77008 0.76755 0.76481 0.76239 0.76054 0.75826 0.75532 0.75319 0.75120 0.74924 0.74631 0.74421 0.74222 0.74043 0.73831 0.73550 0.73387 0.73220 0.73055 0.72785 0.72579 0.72491 0.72285 0.72127 0.71927 0.71775 0.71561 0.71520 0.71429 0.71140 0.71030 0.70943 0.70836 0.70612 0.70616 0.70416 0.70221 0.70169 0.70171 0.69967 0.69798 0.69744 0.69577 0.69656 0.69821 0.69220 0.68947 0.69281 0.69387 0.68815 0.68453 0.69096 0.69126 0.68501 0.68317 0.68977 0.68928 0.68450 0.68470 0.68692 0.68714 0.68580 0.68466 0.68715 0.68846 0.68648 0.68538 0.68687 0.68818 0.68682 0.68564 0.68657 0.68734 0.68717 0.68658 0.68637 0.68667 0.68692 0.68678 0.68631 0.68653 0.68679 0.68683 0.68637 0.68663 0.68712 0.68722 0.68760 0.68793 0.68751 0.68991 0.69046 0.68838 0.68975 0.69385 0.69454 0.69012 0.69272 0.69878 0.69876 0.69683 0.69692 0.70225 0.70382 0.70301 0.70269 0.70435 0.70681 0.70895 0.70876 0.70923 0.71208 0.71478 0.71508 0.71599 0.71866 0.72109 0.72179 0.72306 0.72581 0.72796 0.72899 0.73075 0.73346 0.73531 0.73704 0.73933 0.74227 0.74405 0.74621 0.74875 0.75106 0.75352 0.75553 0.75825 0.76058 0.76320 0.76571 0.76830 0.77096 0.77366 0.77635 0.77906 0.78184 0.78465 0.78746 0.79030 0.79317 0.79607 0.79899 0.80194 0.80491 0.80790 0.77037 0.69186 0.61276 0.53306 0.45276 0.37185 0.29031 0.20816 0.12537 0.04195 0.00000 0.00000 0.00000 0.00000 0.00000 0.00000 0.00000 0.00000 0.00000 0.00000 0.00000 0.00000 0.00000 0.00000 0.00000 0.00000 0.00000 0.00000 0.00000 0.00000 0.00000 0.00000 0.00000 0.00000 0.00000
0.00000 0.00000 0.00000 0.00000 0.00000 0.00000 0.00000 0.00000 0.00000 0.00000 0.00000 0.00000 0.00000 0.00000 0.00000 0.04209 0.12590 0.20910 0.29179 0.37388 0.45542 0.53639 0.61682 0.69669 0.77601 0.81408 0.81133 0.80859 0.80585 0.80314 0.80045 0.79776 0.79509 0.79247 0.78985 0.78721 0.78459 0.78215 0.77964 0.77701 0.77443 0.77231 0.76985 0.76721 0.76461 0.76276 0.76040 0.75760 0.75545 0.75341 0.75123 0.74831 0.74649 0.74449 0.74224 0.73981 0.73775 0.73618 0.73374 0.73194 0.72947 0.72805 0.72677 0.72429 0.72230 0.72105 0.72033 0.71714 0.71562 0.71529 0.71454 0.71111 0.70948 0.70986 0.70920 0.70542 0.70448 0.70573 0.70312 0.69985 0.70084 0.70177 0.69742 0.69473 0.69637 0.69677 0.69472 0.69157 0.69157 0.69236 0.69065 0.68864 0.68900 0.68977 0.68786 0.68603 0.68700 0.68773 0.68770 0.68592 0.68540 0.68646 0.68715 0.68639 0.68538 0.68636 0.68738 0.68675 0.68594 0.68677 0.68728 0.68626 0.68632 0.68743 0.68706 0.68588 0.68654 0.68735 0.68677 0.68577 0.68624 0.68716 0.68683 0.68532 0.68573 0.68796 0.68763 0.68275 0.68399 0.69160 0.69127 0.68390 0.68584 0.69385 0.69205 0.68955 0.69049 0.69634 0.69531 0.69439 0.69531 0.69814 0.69896 0.69953 0.69800 0.70227 0.70477 0.70280 0.70226 0.70770 0.70977 0.70815 0.70933 0.71359 0.71459 0.71495 0.71660 0.71942 0.72050 0.72170 0.72404 0.72613 0.72746 0.72912 0.73175 0.73343 0.73527 0.73761 0.74021 0.74182 0.74435 0.74697 0.74886 0.75118 0.75355 0.75641 0.75829 0.76088 0.76354 0.76614 0.76866 0.77132 0.77404 0.77675 0.77948 0.78226 0.78506 0.78788 0.79074 0.79362 0.79652 0.79945 0.80240 0.80538 0.80838 0.77083 0.69228 0.61314 0.53339 0.45304 0.37208 0.29050 0.20829 0.12545 0.04198 0.00000 0.00000 0.00000 0.00000 0.00000 0.00000 0.00000 0.00000 0.00000 0.00000 0.00000 0.00000 0.00000 0.00000 0.00000 0.00000 0.00000 0.00000 0.00000 0.00000 0.00000 0.00000 0.00000 0.00000 0.00000
0.00000 0.00000 0.00000 0.00000 0.00000 0.00000 0.00000 0.00000 0.00000 0.00000 0.00000 0.00000 0.00000 0.00000 0.00000 0.04209 0.12590 0.20910 0.29179 0.37386 0.45541 0.53638 0.61679 0.69665 0.77597 0.81404 0.81128 0.80853 0.80580 0.80309 0.80038 0.79769 0.79505 0.79240 0.78974 0.78711 0.78463 0.78209 0.77941 0.77685 0.77468 0.77220 0.76946 0.76693 0.76509 0.76265 0.75983 0.75752 0.75562 0.75350 0.75058 0.74844 0.74646 0.74455 0.74202 0.73958 0.73770 0.73588 0.73413 0.73116 0.72947 0.72826 0.72640 0.72437 0.72195 0.72117 0.71928 0.71799 0.71622 0.71439 0.71301 0.71205 0.71084 0.70842 0.70828 0.70643 0.70481 0.70378 0.70463 0.70167 0.69860 0.69949 0.69882 0.69854 0.69677 0.69403 0.69265 0.69541 0.69522 0.68890 0.68752 0.69166 0.69194 0.68606 0.68421 0.68986 0.68936 0.68423 0.68413 0.68898 0.68809 0.68520 0.68496 0.68734 0.68771 0.68592 0.68472 0.68717 0.68838 0.68636 0.68547 0.68689 0.68766 0.68671 0.68623 0.68665 0.68680 0.68670 0.68671 0.68643 0.68646 0.68667 0.68693 0.68631 0.68631 0.68664 0.68740 0.68688 0.68629 0.68684 0.68941 0.68916 0.68713 0.68852 0.69199 0.69231 0.68897 0.69127 0.69663 0.69674 0.69514 0.69431 0.70096 0.70193 0.70062 0.69982 0.70259 0.70464 0.70635 0.70630 0.70673 0.70928 0.71219 0.71207 0.71313 0.71574 0.71808 0.71857 0.71991 0.72254 0.72480 0.72589 0.72723 0.72995 0.73216 0.73346 0.73543 0.73835 0.74030 0.74232 0.74454 0.74714 0.74945 0.75127 0.75409 0.75620 0.75890 0.76130 0.76386 0.76643 0.76910 0.77175 0.77441 0.77715 0.77992 0.78268 0.78548 0.78832 0.79119 0.79407 0.79698 0.79991 0.80288 0.80586 0.80887 0.77130 0.69271 0.61352 0.53373 0.45333 0.37232 0.29069 0.20843 0.12554 0.04201 0.00000 0.00000 0.00000 0.00000 0.00000 0.00000 0.00000 0.00000 0.00000 0.00000 0.00000 0.00000 0.00000 0.00000 0.00000 0.00000 0.00000 0.00000 0.00000 0.00000 0.00000 0.00000 0.00000 0.00000 0.00000
0.00000 0.00000 0.00000 0.00000 0.00000 0.00000 0.00000 0.00000 0.00000 0.00000 0.00000 0.00000 0.00000 0.00000 0.00000 0.04209 0.12590 0.20910 0.29178 0.37386 0.45540 0.53637 0.61677 0.69663 0.77594 0.81401 0.81124 0.80849 0.80577 0.80304 0.80033 0.79766 0.79500 0.79232 0.78966 0.78712 0.78457 0.78191 0.77932 0.77700 0.77457 0.77189 0.76930 0.76734 0.76484 0.76218 0.75980 0.75788 0.75559 0.75272 0.75075 0.74873 0.74643 0.74380 0.74193 0.74010 0.73750 0.73565 0.73324 0.73178 0.72966 0.72782 0.72560 0.72432 0.72354 0.72048 0.71876 0.71807 0.71712 0.71390 0.71231 0.71225 0.71168 0.70781 0.70661 0.70751 0.70633 0.70221 0.70211 0.70412 0.70055 0.69711 0.69830 0.69940 0.69636 0.69273 0.69307 0.69445 0.69258 0.68975 0.69038 0.69091 0.68767 0.68641 0.68885 0.68876 0.68611 0.68558 0.68693 0.68701 0.68677 0.68595 0.68587 0.68651 0.68677 0.68619 0.68593 0.68700 0.68700 0.68606 0.68635 0.68739 0.68691 0.68570 0.68661 0.68726 0.68661 0.68581 0.68653 0.68738 0.68654 0.68525 0.68613 0.68715 0.68700 0.68483 0.68473 0.68948 0.68916 0.68242 0.68415 0.69312 0.69081 0.68753 0.68881 0.69503 0.69342 0.69172 0.69367 0.69747 0.69652 0.69705 0.69813 0.70065 0.70130 0.70074 0.70049 0.70534 0.70695 0.70512 0.70659 0.71111 0.71226 0.71170 0.71342 0.71682 0.71787 0.71847 0.72051 0.72310 0.72448 0.72563 0.72820 0.73033 0.73177 0.73375 0.73650 0.73827 0.74037 0.74281 0.74526 0.74720 0.74925 0.75229 0.75401 0.75661 0.75916 0.76177 0.76418 0.76680 0.76949 0.77215 0.77483 0.77757 0.78033 0.78311 0.78593 0.78877 0.79163 0.79453 0.79745 0.80039 0.80336 0.80635 0.80936 0.77178 0.69314 0.61391 0.53407 0.45362 0.37256 0.29088 0.20856 0.12562 0.04203 0.00000 0.00000 0.00000 0.00000 0.00000 0.00000 0.00000 0.00000 0.00000 0.00000 0.00000 0.00000 0.00000 0.00000 0.00000 0.00000 0.00000 0.00000 0.00000 0.00000 0.00000 0.00000 0.00000 0.00000 0.00000
0.00000 0.00000 0.00000 0.00000 0.00000 0.00000 0.00000 0.00000 0.00000 0.00000 0.00000 0.00000 0.00000 0.00000 0.00000 0.04209 0.12590 0.20910 0.29178 0.37386 0.45540 0.53636 0.61677 0.69663 0.77593 0.81398 0.81122 0.80848 0.80573 0.80300 0.80031 0.79763 0.79493 0.79226 0.78968 0.78710 0.78442 0.78182 0.77944 0.77700 0.77425 0.77171 0.76969 0.76721 0.76444 0.76199 0.76016 0.75788 0.75502 0.75281 0.75082 0.74876 0.74613 0.74380 0.74187 0.73989 0.73788 0.73508 0.73333 0.73144 0.73001 0.72771 0.72533 0.72452 0.72260 0.72137 0.71863 0.71741 0.71608 0.71519 0.71318 0.71103 0.71047 0.70913 0.70750 0.70562 0.70723 0.70388 0.70062 0.70147 0.70259 0.70015 0.69637 0.69655 0.69593 0.69807 0.69522 0.68918 0.69031 0.69301 0.69214 0.68703 0.68579 0.69053 0.69096 0.68579 0.68465 0.68848 0.68828 0.68479 0.68480 0.68738 0.68734 0.68610 0.68526 0.68702 0.68829 0.68612 0.68529 0.68691 0.68776 0.68624 0.68574 0.68689 0.68693 0.68655 0.68655 0.68659 0.68645 0.68648 0.68702 0.68640 0.68616 0.68643 0.68722 0.68646 0.68536 0.68637 0.68917 0.68810 0.68500 0.68724 0.69095 0.69061 0.68808 0.69011 0.69431 0.69430 0.69229 0.69298 0.69896 0.69929 0.69854 0.69710 0.70130 0.70342 0.70385 0.70438 0.70432 0.70651 0.70973 0.70993 0.71033 0.71274 0.71530 0.71579 0.71691 0.71941 0.72154 0.72264 0.72396 0.72664 0.72874 0.73009 0.73185 0.73451 0.73679 0.73844 0.74057 0.74343 0.74568 0.74736 0.74990 0.75194 0.75472 0.75700 0.75951 0.76199 0.76463 0.76725 0.76986 0.77254 0.77527 0.77800 0.78075 0.78355 0.78638 0.78922 0.79209 0.79500 0.79792 0.80087 0.80385 0.80684 0.80987 0.77226 0.69358 0.61430 0.53441 0.45392 0.37280 0.29107 0.20870 0.12570 0.04206 0.00000 0.00000 0.00000 0.00000 0.00000 0.00000 0.00000 0.00000 0.00000 0.00000 0.00000 0.00000 0.00000 0.00000 0.00000 0.00000 0.00000 0.00000 0.00000 0.00000 0.00000 0.00000 0.00000 0.00000 0.00000
0.00000 0.00000 0.00000 0.00000 0.00000 0.00000 0.00000 0.00000 0.00000 0.00000 0.00000 0.00000 0.00000 0.00000 0.00000 0.04209 0.12590 0.20910 0.29179 0.37387 0.45540 0.53636 0.61677 0.69662 0.77592 0.81398 0.81121 0.80846 0.80571 0.80299 0.80029 0.79758 0.79489 0.79227 0.78966 0.78698 0.78435 0.78189 0.77944 0.77673 0.77416 0.77198 0.76953 0.76685 0.76436 0.76245 0.76001 0.75725 0.75519 0.75311 0.75075 0.74808 0.74617 0.74425 0.74169 0.73960 0.73737 0.73572 0.73273 0.73152 0.72884 0.72775 0.72706 0.72395 0.72233 0.72114 0.71990 0.71699 0.71535 0.71531 0.71395 0.71063 0.70909 0.70964 0.70901 0.70496 0.70394 0.70605 0.70355 0.69947 0.69987 0.70232 0.69837 0.69501 0.69558 0.69701 0.69466 0.69108 0.69196 0.69289 0.68963 0.68785 0.69014 0.69039 0.68520 0.68543 0.68836 0.68764 0.68561 0.68582 0.68655 0.68659 0.68646 0.68602 0.68618 0.68698 0.68668 0.68581 0.68636 0.68746 0.68673 0.68525 0.68659 0.68752 0.68649 0.68586 0.68660 0.68730 0.68636 0.68531 0.68650 0.68702 0.68635 0.68563 0.68579 0.68790 0.68809 0.68371 0.68396 0.69050 0.68993 0.68495 0.68653 0.69281 0.69210 0.68967 0.69161 0.69602 0.69511 0.69393 0.69674 0.69930 0.69876 0.69888 0.70073 0.70343 0.70392 0.70285 0.70456 0.70888 0.70967 0.70840 0.71100 0.71429 0.71518 0.71539 0.71753 0.72018 0.72145 0.72241 0.72477 0.72707 0.72851 0.73012 0.73273 0.73492 0.73647 0.73878 0.74158 0.74357 0.74541 0.74818 0.75005 0.75257 0.75486 0.75747 0.75983 0.76239 0.76503 0.76763 0.77028 0.77297 0.77569 0.77842 0.78120 0.78401 0.78683 0.78968 0.79257 0.79547 0.79840 0.80136 0.80434 0.80735 0.81038 0.77276 0.69403 0.61470 0.53476 0.45422 0.37305 0.29126 0.20884 0.12579 0.04209 0.00000 0.00000 0.00000 0.00000 0.00000 0.00000 0.00000 0.00000 0.00000 0.00000 0.00000 0.00000 0.00000 0.00000 0.00000 0.00000 0.00000 0.00000 0.00000 0.00000 0.00000 0.00000 0.00000 0.00000 0.00000
0.00000 0.00000 0.00000 0.00000 0.00000 0.00000 0.00000 0.00000 0.00000 0.00000 0.00000 0.00000 0.00000 0.00000 0.00000 0.04209 0.12590 0.20911 0.29180 0.37388 0.45541 0.53638 0.61678 0.69663 0.77593 0.81399 0.81121 0.80845 0.80571 0.80300 0.80027 0.79756 0.79491 0.79228 0.78958 0.78693 0.78442 0.78193 0.77921 0.77664 0.77439 0.77197 0.76919 0.76671 0.76476 0.76238 0.75955 0.75731 0.75532 0.75312 0.75043 0.74813 0.74618 0.74406 0.74195 0.73924 0.73742 0.73523 0.73379 0.73092 0.72907 0.72739 0.72609 0.72513 0.72169 0.72079 0.71922 0.71833 0.71564 0.71404 0.71310 0.71224 0.71005 0.70798 0.70847 0.70647 0.70372 0.70321 0.70590 0.70194 0.69775 0.69892 0.69963 0.69914 0.69566 0.69276 0.69323 0.69523 0.69380 0.68829 0.68851 0.69033 0.69137 0.68729 0.68418 0.68819 0.68975 0.68630 0.68470 0.68681 0.68704 0.68631 0.68547 0.68685 0.68810 0.68602 0.68530 0.68671 0.68791 0.68608 0.68504 0.68710 0.68735 0.68609 0.68622 0.68681 0.68657 0.68628 0.68683 0.68659 0.68592 0.68620 0.68699 0.68637 0.68546 0.68639 0.68878 0.68697 0.68349 0.68683 0.69052 0.68945 0.68559 0.68868 0.69244 0.69239 0.69036 0.69222 0.69656 0.69658 0.69625 0.69648 0.69987 0.70263 0.70146 0.70263 0.70263 0.70364 0.70713 0.70861 0.70777 0.70971 0.71277 0.71359 0.71419 0.71628 0.71863 0.71970 0.72086 0.72333 0.72546 0.72674 0.72834 0.73103 0.73323 0.73460 0.73675 0.73951 0.74191 0.74367 0.74597 0.74815 0.75092 0.75289 0.75522 0.75767 0.76027 0.76285 0.76540 0.76803 0.77071 0.77341 0.77611 0.77887 0.78166 0.78250 0.78138 0.78028 0.77917 0.77805 0.77692 0.77580 0.77467 0.77352 0.77238 0.73459 0.65975 0.58434 0.50836 0.43179 0.35464 0.27689 0.19854 0.11958 0.04001 0.00000 0.00000 0.00000 0.00000 0.00000 0.00000 0.00000 0.00000 0.00000 0.00000 0.00000 0.00000 0.00000 0.00000 0.00000 0.00000 0.00000 0.00000 0.00000 0.00000 0.00000 0.00000 0.00000 0.00000 0.00000
0.00000 0.00000 0.00000 0.00000 0.00000 0.00000 0.00000 0.00000 0.00000 0.00000 0.00000 0.00000 0.00000 0.00000 0.00000 0.04209 0.12591 0.20913 0.29181 0.37389 0.45543 0.53639 0.61680 0.69665 0.77595 0.81400 0.81122 0.80846 0.80573 0.80299 0.80026 0.79758 0.79492 0.79222 0.78955 0.78699 0.78446 0.78176 0.77916 0.77680 0.77437 0.77167 0.76917 0.76708 0.76463 0.76190 0.75973 0.75762 0.75523 0.75247 0.75055 0.74857 0.74601 0.74382 0.74164 0.73986 0.73693 0.73547 0.73315 0.73146 0.72890 0.72757 0.72612 0.72419 0.72313 0.72036 0.71879 0.71834 0.71640 0.71363 0.71225 0.71266 0.71109 0.70757 0.70650 0.70716 0.70619 0.70218 0.70154 0.70434 0.70107 0.69745 0.69764 0.69990 0.69632 0.69268 0.69391 0.69559 0.69164 0.68929 0.69133 0.69178 0.68694 0.68624 0.69022 0.68895 0.68482 0.68567 0.68712 0.68674 0.68637 0.68622 0.68643 0.68688 0.68651 0.68581 0.68632 0.68713 0.68656 0.68526 0.68649 0.68785 0.68635 0.68525 0.68672 0.68725 0.68622 0.68598 0.68656 0.68688 0.68616 0.68608 0.68627 0.68647 0.68626 0.68576 0.68476 0.68799 0.68894 0.68544 0.68435 0.69062 0.69163 0.68763 0.68942 0.69390 0.69459 0.69123 0.69433 0.69756 0.69769 0.69600 0.69964 0.70223 0.70195 0.70092 0.70300 0.70663 0.70707 0.70588 0.70902 0.71224 0.71218 0.71229 0.71508 0.71764 0.71828 0.71933 0.72180 0.72401 0.72511 0.72665 0.72935 0.73147 0.73275 0.73497 0.73767 0.73991 0.74159 0.74409 0.74660 0.74899 0.75075 0.75331 0.75566 0.75813 0.76067 0.76321 0.76583 0.76848 0.77114 0.77383 0.77657 0.77933 0.78211 0.77903 0.77004 0.76099 0.75187 0.74269 0.73344 0.72413 0.71475 0.70531 0.69579 0.65769 0.59069 0.52318 0.45515 0.38660 0.31752 0.24791 0.17776 0.10707 0.03583 0.00000 0.00000 0.00000 0.00000 0.00000 0.00000 0.00000 0.00000 0.00000 0.00000 0.00000 0.00000 0.00000 0.00000 0.00000 0.00000 0.00000 0.00000 0.00000 0.00000 0.00000 0.00000 0.00000 0.00000 0.00000
0.00000 0.00000 0.00000 0.00000 0.00000 0.00000 0.00000 0.00000 0.00000 0.00000 0.00000 0.00000 0.00000 0.00000 0.00000 0.04209 0.12592 0.20913 0.29182 0.37392 0.45545 0.53642 0.61683 0.69668 0.77598 0.81402 0.81125 0.80850 0.80574 0.80299 0.80029 0.79761 0.79490 0.79221 0.78960 0.78703 0.78434 0.78172 0.77929 0.77684 0.77412 0.77161 0.76946 0.76708 0.76424 0.76199 0.75988 0.75765 0.75478 0.75264 0.75064 0.74839 0.74622 0.74349 0.74175 0.73938 0.73784 0.73505 0.73309 0.73102 0.72982 0.72841 0.72512 0.72400 0.72256 0.72156 0.71863 0.71714 0.71599 0.71549 0.71280 0.71092 0.71034 0.70944 0.70690 0.70551 0.70649 0.70405 0.70039 0.70089 0.70310 0.70038 0.69596 0.69606 0.69632 0.69684 0.69589 0.69121 0.69079 0.69128 0.69301 0.68958 0.68520 0.68716 0.69076 0.68866 0.68305 0.68604 0.68829 0.68651 0.68530 0.68628 0.68744 0.68636 0.68502 0.68654 0.68805 0.68611 0.68526 0.68677 0.68754 0.68574 0.68547 0.68727 0.68670 0.68591 0.68653 0.68677 0.68604 0.68604 0.68695 0.68653 0.68581 0.68613 0.68702 0.68633 0.68326 0.68703 0.69011 0.68778 0.68302 0.68770 0.69183 0.69053 0.68861 0.69101 0.69525 0.69448 0.69384 0.69533 0.69825 0.69925 0.69932 0.70064 0.70107 0.70169 0.70443 0.70715 0.70604 0.70625 0.71007 0.71216 0.71183 0.71349 0.71594 0.71695 0.71797 0.72022 0.72240 0.72348 0.72501 0.72762 0.72974 0.73103 0.73311 0.73580 0.73811 0.73979 0.74199 0.74459 0.74731 0.74903 0.75126 0.75356 0.75614 0.75860 0.76104 0.76362 0.76626 0.76891 0.77157 0.77428 0.77702 0.77978 0.78257 0.77558 0.75869 0.74167 0.72454 0.70729 0.68991 0.67241 0.65477 0.63701 0.61911 0.58070 0.52155 0.46194 0.40188 0.34135 0.28036 0.21890 0.15696 0.09454 0.03163 0.00000 0.00000 0.00000 0.00000 0.00000 0.00000 0.00000 0.00000 0.00000 0.00000 0.00000 0.00000 0.00000 0.00000 0.00000 0.00000 0.00000 0.00000 0.00000 0.00000 0.00000 0.00000 0.00000 0.00000 0.00000
0.00000 0.00000 0.00000 0.00000 0.00000 0.00000 0.00000 0.00000 0.00000 0.00000 0.00000 0.00000 0.00000 0.00000 0.00000 0.04210 0.12590 0.20912 0.29185 0.37395 0.45548 0.53645 0.61687 0.69672 0.77601 0.81406 0.81129 0.80853 0.80576 0.80303 0.80033 0.79761 0.79490 0.79226 0.78966 0.78697 0.78432 0.78182 0.77933 0.77666 0.77411 0.77186 0.76943 0.76673 0.76448 0.76223 0.75988 0.75699 0.75511 0.75284 0.75047 0.74826 0.74595 0.74419 0.74130 0.73971 0.73715 0.73550 0.73285 0.73137 0.72978 0.72760 0.72618 0.72375 0.72243 0.72132 0.71932 0.71694 0.71556 0.71587 0.71325 0.71049 0.70953 0.71010 0.70856 0.70491 0.70387 0.70499 0.70386 0.70028 0.69937 0.70166 0.69870 0.69462 0.69590 0.69928 0.69360 0.69073 0.69279 0.69293 0.68862 0.68704 0.69108 0.68953 0.68628 0.68643 0.68870 0.68722 0.68605 0.68636 0.68660 0.68661 0.68649 0.68638 0.68637 0.68691 0.68656 0.68574 0.68638 0.68679 0.68636 0.68526 0.68667 0.68715 0.68603 0.68628 0.68659 0.68653 0.68608 0.68671 0.68648 0.68613 0.68609 0.68642 0.68589 0.68570 0.68691 0.68734 0.68335 0.68739 0.69067 0.68714 0.68678 0.69157 0.69408 0.68901 0.69138 0.69582 0.69747 0.69267 0.69683 0.70091 0.70044 0.69803 0.70220 0.70502 0.70468 0.70433 0.70754 0.71009 0.70901 0.70984 0.71295 0.71562 0.71519 0.71618 0.71901 0.72117 0.72193 0.72345 0.72607 0.72811 0.72932 0.73134 0.73408 0.73628 0.73775 0.74009 0.74295 0.74528 0.74693 0.74941 0.75174 0.75423 0.75644 0.75889 0.76150 0.76411 0.76669 0.76932 0.77203 0.77476 0.77748 0.78024 0.78305 0.77213 0.74732 0.72235 0.69719 0.67186 0.64633 0.62062 0.59472 0.56863 0.54234 0.50361 0.45231 0.40062 0.34853 0.29604 0.24315 0.18984 0.13612 0.08199 0.02744 0.00000 0.00000 0.00000 0.00000 0.00000 0.00000 0.00000 0.00000 0.00000 0.00000 0.00000 0.00000 0.00000 0.00000 0.00000 0.00000 0.00000 0.00000 0.00000 0.00000 0.00000 0.00000 0.00000 0.00000 0.00000
0.00000 0.00000 0.00000 0.00000 0.00000 0.00000 0.00000 0.00000 0.00000 0.00000 0.00000 0.00000 0.00000 0.00000 0.00000 0.04209 0.12588 0.20912 0.29187 0.37397 0.45551 0.53650 0.61691 0.69676 0.77607 0.81413 0.81134 0.80856 0.80581 0.80309 0.80036 0.79763 0.79495 0.79232 0.78964 0.78696 0.78440 0.78188 0.77922 0.77664 0.77431 0.77189 0.76918 0.76685 0.76464 0.76236 0.75932 0.75734 0.75493 0.75291 0.75039 0.74797 0.74634 0.74371 0.74219 0.73888 0.73737 0.73488 0.73373 0.73201 0.72899 0.72750 0.72610 0.72489 0.72180 0.72033 0.71922 0.71845 0.71569 0.71397 0.71298 0.71254 0.70982 0.70856 0.70796 0.70653 0.70392 0.70348 0.70520 0.70212 0.69889 0.69844 0.70002 0.69845 0.69594 0.69369 0.69257 0.69343 0.69476 0.69182 0.68666 0.68728 0.69249 0.69139 0.68213 0.68510 0.68971 0.68900 0.68336 0.68541 0.68838 0.68645 0.68610 0.68611 0.68756 0.68657 0.68474 0.68636 0.68718 0.68595 0.68512 0.68724 0.68702 0.68524 0.68615 0.68721 0.68630 0.68574 0.68674 0.68695 0.68590 0.68599 0.68636 0.68641 0.68463 0.68651 0.68852 0.68639 0.68166 0.68808 0.69112 0.68858 0.68628 0.68992 0.69450 0.69221 0.69156 0.69379 0.69715 0.69649 0.69688 0.69862 0.69953 0.70105 0.70230 0.70384 0.70414 0.70364 0.70743 0.71046 0.70947 0.71071 0.71323 0.71433 0.71532 0.71742 0.71944 0.72042 0.72192 0.72441 0.72650 0.72761 0.72956 0.73231 0.73447 0.73599 0.73817 0.74095 0.74332 0.74517 0.74745 0.74973 0.75246 0.75453 0.75683 0.75933 0.76195 0.76453 0.76713 0.76979 0.77249 0.77520 0.77795 0.78073 0.78354 0.76867 0.73595 0.70300 0.66981 0.63638 0.60270 0.56878 0.53460 0.50016 0.46546 0.42642 0.38299 0.33922 0.29511 0.25067 0.20588 0.16075 0.11526 0.06943 0.02323 0.00000 0.00000 0.00000 0.00000 0.00000 0.00000 0.00000 0.00000 0.00000 0.00000 0.00000 0.00000 0.00000 0.00000 0.00000 0.00000 0.00000 0.00000 0.00000 0.00000 0.00000 0.00000 0.00000 0.00000 0.00000
0.00000 0.00000 0.00000 0.00000 0.00000 0.00000 0.00000 0.00000 0.00000 0.00000 0.00000 0.00000 0.00000 0.00000 0.00000 0.04208 0.12588 0.20916 0.29185 0.37397 0.45557 0.53655 0.61696 0.69682 0.77614 0.81419 0.81139 0.80862 0.80588 0.80314 0.80039 0.79769 0.79503 0.79233 0.78964 0.78704 0.78448 0.78182 0.77922 0.77679 0.77431 0.77171 0.76935 0.76707 0.76467 0.76187 0.75987 0.75727 0.75513 0.75201 0.75046 0.74886 0.74584 0.74424 0.74131 0.73982 0.73659 0.73551 0.73383 0.73141 0.72968 0.72743 0.72622 0.72430 0.72264 0.72021 0.71906 0.71872 0.71592 0.71370 0.71268 0.71329 0.71054 0.70758 0.70690 0.70733 0.70679 0.70248 0.70120 0.70243 0.70137 0.69858 0.69762 0.69938 0.69607 0.69288 0.69502 0.69437 0.69054 0.68924 0.69191 0.68967 0.68782 0.68781 0.68914 0.68687 0.68715 0.68743 0.68710 0.68625 0.68677 0.68670 0.68645 0.68640 0.68671 0.68643 0.68634 0.68638 0.68646 0.68591 0.68645 0.68648 0.68602 0.68648 0.68660 0.68612 0.68593 0.68716 0.68651 0.68551 0.68611 0.68648 0.68615 0.68498 0.68627 0.68817 0.68506 0.68425 0.68931 0.68928 0.68343 0.68843 0.69250 0.68862 0.68806 0.69388 0.69670 0.69036 0.69293 0.69893 0.70022 0.69568 0.69978 0.70430 0.70232 0.70244 0.70547 0.70715 0.70581 0.70767 0.71080 0.71276 0.71189 0.71338 0.71633 0.71853 0.71898 0.72028 0.72298 0.72501 0.72608 0.72790 0.73065 0.73271 0.73416 0.73634 0.73918 0.74139 0.74317 0.74550 0.74804 0.75065 0.75237 0.75479 0.75731 0.75990 0.76236 0.76491 0.76760 0.77029 0.77294 0.77566 0.77843 0.78123 0.78402 0.76522 0.72458 0.68364 0.64240 0.60086 0.55902 0.51686 0.47439 0.43160 0.38849 0.34913 0.31357 0.27774 0.24163 0.20524 0.16857 0.13162 0.09437 0.05684 0.01902 0.00000 0.00000 0.00000 0.00000 0.00000 0.00000 0.00000 0.00000 0.00000 0.00000 0.00000 0.00000 0.00000 0.00000 0.00000 0.00000 0.00000 0.00000 0.00000 0.00000 0.00000 0.00000 0.00000 0.00000 0.00000
0.00000 0.00000 0.00000 0.00000 0.00000 0.00000 0.00000 0.00000 0.00000 0.00000 0.00000 0.00000 0.00000 0.00000 0.00000 0.04207 0.12592 0.20914 0.29183 0.37400 0.45562 0.53660 0.61702 0.69690 0.77621 0.81425 0.81147 0.80871 0.80594 0.80318 0.80046 0.79778 0.79507 0.79236 0.78971 0.78713 0.78448 0.78185 0.77933 0.77683 0.77423 0.77180 0.76953 0.76713 0.76436 0.76222 0.75976 0.75762 0.75424 0.75266 0.75038 0.74831 0.74709 0.74328 0.74185 0.73888 0.73795 0.73475 0.73314 0.73190 0.72987 0.72861 0.72539 0.72381 0.72265 0.72139 0.71889 0.71698 0.71606 0.71539 0.71279 0.71165 0.71018 0.70914 0.70707 0.70716 0.70580 0.70360 0.70152 0.70146 0.70247 0.70021 0.69706 0.69587 0.69621 0.69596 0.69571 0.69364 0.68878 0.68950 0.69327 0.69363 0.68409 0.68495 0.69131 0.69156 0.68287 0.68411 0.68894 0.68754 0.68572 0.68598 0.68765 0.68704 0.68559 0.68623 0.68665 0.68641 0.68452 0.68657 0.68761 0.68506 0.68548 0.68743 0.68654 0.68507 0.68622 0.68763 0.68605 0.68567 0.68638 0.68667 0.68558 0.68579 0.68753 0.68608 0.68386 0.68804 0.69004 0.68701 0.68244 0.68942 0.69292 0.69010 0.68944 0.69263 0.69659 0.69385 0.69435 0.69695 0.69795 0.69831 0.70053 0.70154 0.70230 0.70305 0.70512 0.70664 0.70747 0.70784 0.71033 0.71180 0.71290 0.71469 0.71648 0.71754 0.71912 0.72160 0.72337 0.72443 0.72622 0.72902 0.73099 0.73244 0.73451 0.73737 0.73949 0.74137 0.74355 0.74602 0.74874 0.75058 0.75290 0.75519 0.75787 0.76029 0.76280 0.76539 0.76807 0.77073 0.77342 0.77615 0.77892 0.78171 0.78452 0.76178 0.71320 0.66426 0.61496 0.56531 0.51528 0.46489 0.41411 0.36296 0.31141 0.27173 0.24406 0.21617 0.18806 0.15974 0.13120 0.10244 0.07346 0.04424 0.01481 0.00000 0.00000 0.00000 0.00000 0.00000 0.00000 0.00000 0.00000 0.00000 0.00000 0.00000 0.00000 0.00000 0.00000 0.00000 0.00000 0.00000 0.00000 0.00000 0.00000 0.00000 0.00000 0.00000 0.00000 0.00000
0.00000 0.00000 0.00000 0.00000 0.00000 0.00000 0.00000 0.00000 0.00000 0.00000 0.00000 0.00000 0.00000 0.00000 0.00000 0.04210 0.12588 0.20909 0.29184 0.37406 0.45563 0.53664 0.61710 0.69698 0.77629 0.81434 0.81156 0.80879 0.80601 0.80326 0.80055 0.79784 0.79511 0.79244 0.78982 0.78716 0.78451 0.78193 0.77940 0.77680 0.77433 0.77196 0.76948 0.76695 0.76474 0.76229 0.75994 0.75704 0.75520 0.75213 0.75052 0.74892 0.74586 0.74419 0.74121 0.73998 0.73633 0.73550 0.73429 0.73144 0.73021 0.72787 0.72620 0.72371 0.72287 0.72148 0.71912 0.71690 0.71605 0.71618 0.71254 0.71040 0.70970 0.71081 0.71005 0.70499 0.70417 0.70447 0.70478 0.70096 0.69941 0.69945 0.69874 0.69760 0.69662 0.69492 0.69313 0.69299 0.69413 0.69032 0.68964 0.69041 0.68965 0.68652 0.68910 0.68948 0.68662 0.68501 0.68813 0.68755 0.68637 0.68607 0.68705 0.68692 0.68631 0.68619 0.68660 0.68656 0.68619 0.68551 0.68618 0.68698 0.68652 0.68565 0.68596 0.68728 0.68647 0.68498 0.68609 0.68693 0.68608 0.68535 0.68629 0.68851 0.68555 0.68269 0.68813 0.69000 0.68452 0.68478 0.69117 0.69056 0.68676 0.69126 0.69459 0.69050 0.68963 0.69651 0.69816 0.69590 0.69604 0.70174 0.70147 0.70122 0.70319 0.70472 0.70375 0.70583 0.70847 0.70987 0.70856 0.71089 0.71412 0.71576 0.71573 0.71737 0.72028 0.72216 0.72299 0.72464 0.72747 0.72932 0.73078 0.73277 0.73565 0.73767 0.73941 0.74160 0.74436 0.74685 0.74844 0.75095 0.75323 0.75597 0.75818 0.76063 0.76326 0.76594 0.76852 0.77117 0.77391 0.77667 0.77941 0.78220 0.78503 0.75834 0.70180 0.64485 0.58749 0.52971 0.47149 0.41284 0.35375 0.29422 0.23423 0.19423 0.17445 0.15451 0.13443 0.11418 0.09378 0.07323 0.05251 0.03163 0.01058 0.00000 0.00000 0.00000 0.00000 0.00000 0.00000 0.00000 0.00000 0.00000 0.00000 0.00000 0.00000 0.00000 0.00000 0.00000 0.00000 0.00000 0.00000 0.00000 0.00000 0.00000 0.00000 0.00000 0.00000 0.00000
0.00000 0.00000 0.00000 0.00000 0.00000 0.00000 0.00000 0.00000 0.00000 0.00000 0.00000 0.00000 0.00000 0.00000 0.00000 0.04210 0.12587 0.20904 0.29190 0.37408 0.45564 0.53670 0.61718 0.69706 0.77638 0.81445 0.81166 0.80886 0.80610 0.80337 0.80064 0.79789 0.79520 0.79255 0.78989 0.78721 0.78458 0.78202 0.77943 0.77690 0.77444 0.77195 0.76945 0.76715 0.76486 0.76242 0.75960 0.75753 0.75489 0.75303 0.75031 0.74807 0.74638 0.74380 0.74233 0.73844 0.73735 0.73454 0.73396 0.73321 0.72940 0.72790 0.72628 0.72478 0.72240 0.72033 0.71931 0.71800 0.71612 0.71463 0.71303 0.71179 0.71005 0.71142 0.70766 0.70512 0.70459 0.70469 0.70354 0.70192 0.69945 0.69884 0.69923 0.69847 0.69627 0.69383 0.69382 0.69271 0.69417 0.69537 0.68876 0.68682 0.69239 0.69317 0.68537 0.68489 0.69000 0.69031 0.68491 0.68522 0.68784 0.68734 0.68603 0.68609 0.68712 0.68684 0.68551 0.68596 0.68730 0.68589 0.68453 0.68720 0.68698 0.68468 0.68562 0.68792 0.68655 0.68537 0.68633 0.68678 0.68602 0.68550 0.68696 0.68682 0.68508 0.68702 0.68858 0.68589 0.68469 0.68948 0.69155 0.68838 0.68818 0.69187 0.69496 0.69176 0.69257 0.69552 0.69634 0.69596 0.69886 0.70037 0.70005 0.70113 0.70364 0.70431 0.70550 0.70587 0.70761 0.70931 0.71092 0.71193 0.71372 0.71499 0.71638 0.71882 0.72040 0.72160 0.72316 0.72595 0.72766 0.72920 0.73099 0.73407 0.73587 0.73763 0.73975 0.74235 0.74484 0.74665 0.74909 0.75114 0.75408 0.75621 0.75861 0.76111 0.76379 0.76637 0.76899 0.77167 0.77441 0.77714 0.77991 0.78271 0.78555 0.75490 0.69040 0.62543 0.55999 0.49406 0.42765 0.36073 0.29331 0.22539 0.15694 0.11662 0.10474 0.09278 0.08071 0.06856 0.05631 0.04397 0.03153 0.01899 0.00635 0.00000 0.00000 0.00000 0.00000 0.00000 0.00000 0.00000 0.00000 0.00000 0.00000 0.00000 0.00000 0.00000 0.00000 0.00000 0.00000 0.00000 0.00000 0.00000 0.00000 0.00000 0.00000 0.00000 0.00000 0.00000
0.00000 0.00000 0.00000 0.00000 0.00000 0.00000 0.00000 0.00000 0.00000 0.00000 0.00000 0.00000 0.00000 0.00000 0.00000 0.04210 0.12586 0.20914 0.29185 0.37401 0.45569 0.53677 0.61726 0.69714 0.77650 0.81456 0.81176 0.80897 0.80622 0.80347 0.80072 0.79799 0.79532 0.79264 0.78994 0.78729 0.78470 0.78210 0.77953 0.77697 0.77445 0.77198 0.76963 0.76734 0.76472 0.76229 0.76006 0.75753 0.75533 0.75264 0.75062 0.74821 0.74610 0.74435 0.74126 0.73946 0.73690 0.73564 0.73346 0.73201 0.73030 0.72764 0.72672 0.72484 0.72267 0.72026 0.71983 0.71886 0.71546 0.71369 0.71325 0.71375 0.71014 0.70756 0.70627 0.70805 0.70703 0.70280 0.70111 0.70176 0.70154 0.70034 0.69795 0.69629 0.69605 0.69794 0.69503 0.69185 0.69206 0.69409 0.69089 0.68744 0.69133 0.69226 0.68626 0.68491 0.68992 0.68992 0.68505 0.68496 0.68777 0.68743 0.68630 0.68601 0.68704 0.68705 0.68616 0.68547 0.68649 0.68708 0.68647 0.68510 0.68587 0.68707 0.68644 0.68509 0.68617 0.68720 0.68610 0.68563 0.68631 0.68789 0.68525 0.68232 0.68786 0.68930 0.68502 0.68250 0.69066 0.69186 0.68647 0.68808 0.69253 0.69360 0.68986 0.69282 0.69669 0.69585 0.69460 0.69822 0.70067 0.70062 0.70111 0.70194 0.70226 0.70445 0.70612 0.70737 0.70667 0.70874 0.71178 0.71324 0.71286 0.71469 0.71778 0.71931 0.71997 0.72164 0.72458 0.72616 0.72762 0.72936 0.73254 0.73410 0.73582 0.73791 0.74058 0.74293 0.74454 0.74715 0.74918 0.75227 0.75419 0.75654 0.75904 0.76175 0.76423 0.76679 0.76948 0.77222 0.77489 0.77763 0.78043 0.78324 0.78607 0.75145 0.67899 0.60599 0.53245 0.45837 0.38374 0.30855 0.23279 0.15646 0.07955 0.03890 0.03494 0.03095 0.02692 0.02287 0.01878 0.01467 0.01052 0.00633 0.00212 0.00000 0.00000 0.00000 0.00000 0.00000 0.00000 0.00000 0.00000 0.00000 0.00000 0.00000 0.00000 0.00000 0.00000 0.00000 0.00000 0.00000 0.00000 0.00000 0.00000 0.00000 0.00000 0.00000 0.00000 0.00000
0.00000 0.00000 0.00000 0.00000 0.00000 0.00000 0.00000 0.00000 0.00000 0.00000 0.00000 0.00000 0.00000 0.00000 0.00000 0.04208 0.12593 0.20915 0.29181 0.37400 0.45573 0.53688 0.61731 0.69726 0.77662 0.81467 0.81187 0.80911 0.80633 0.80356 0.80082 0.79813 0.79543 0.79271 0.79004 0.78742 0.78481 0.78220 0.77958 0.77704 0.77454 0.77213 0.76980 0.76715 0.76482 0.76244 0.76018 0.75778 0.75508 0.75295 0.75060 0.74865 0.74638 0.74354 0.74167 0.73908 0.73775 0.73496 0.73369 0.73244 0.73019 0.72883 0.72624 0.72406 0.72285 0.72111 0.71956 0.71744 0.71627 0.71483 0.71340 0.71447 0.71027 0.70681 0.70752 0.70851 0.70542 0.70236 0.70235 0.70200 0.70127 0.70081 0.69777 0.69602 0.69716 0.69664 0.69473 0.69242 0.69316 0.69058 0.69181 0.69279 0.68956 0.68627 0.68956 0.69056 0.68700 0.68559 0.68814 0.68816 0.68637 0.68620 0.68739 0.68731 0.68611 0.68597 0.68708 0.68681 0.68508 0.68607 0.68708 0.68517 0.68495 0.68760 0.68698 0.68442 0.68600 0.68718 0.68619 0.68590 0.68669 0.68703 0.68522 0.68605 0.68787 0.68617 0.68553 0.68912 0.69045 0.68670 0.68781 0.69112 0.69271 0.69036 0.69211 0.69480 0.69489 0.69419 0.69714 0.69947 0.69844 0.69909 0.70294 0.70352 0.70316 0.70405 0.70580 0.70732 0.70889 0.70946 0.71122 0.71269 0.71390 0.71600 0.71785 0.71910 0.72021 0.72292 0.72460 0.72632 0.72765 0.73068 0.73238 0.73460 0.73611 0.73865 0.74105 0.74262 0.74528 0.74712 0.75034 0.75230 0.75466 0.75695 0.75970 0.76215 0.76468 0.76730 0.77001 0.77269 0.77540 0.77815 0.78095 0.78376 0.78660 0.74999 0.67351 0.59647 0.51885 0.44067 0.36190 0.28253 0.20257 0.12200 0.04082 0.00000 0.00000 0.00000 0.00000 0.00000 0.00000 0.00000 0.00000 0.00000 0.00000 0.00000 0.00000 0.00000 0.00000 0.00000 0.00000 0.00000 0.00000 0.00000 0.00000 0.00000 0.00000 0.00000 0.00000 0.00000 0.00000 0.00000 0.00000 0.00000 0.00000 0.00000 0.00000 0.00000 0.00000 0.00000
0.00000 0.00000 0.00000 0.00000 0.00000 0.00000 0.00000 0.00000 0.00000 0.00000 0.00000 0.00000 0.00000 0.00000 0.00000 0.04211 0.12591 0.20919 0.29179 0.37397 0.45581 0.53683 0.61742 0.69735 0.77675 0.81480 0.81201 0.80923 0.80645 0.80369 0.80096 0.79825 0.79552 0.79282 0.79017 0.78755 0.78490 0.78226 0.77970 0.77716 0.77472 0.77223 0.76960 0.76741 0.76489 0.76273 0.75997 0.75777 0.75548 0.75296 0.75101 0.74853 0.74616 0.74378 0.74168 0.73954 0.73716 0.73526 0.73428 0.73239 0.73074 0.72881 0.72639 0.72393 0.72357 0.72182 0.71908 0.71702 0.71697 0.71633 0.71255 0.71038 0.71020 0.71138 0.70906 0.70479 0.70382 0.70519 0.70386 0.70138 0.69992 0.69913 0.69893 0.69967 0.69629 0.69359 0.69488 0.69751 0.69168 0.68954 0.69331 0.69457 0.68622 0.68674 0.69158 0.69203 0.68367 0.68474 0.68914 0.68862 0.68584 0.68544 0.68766 0.68775 0.68629 0.68586 0.68685 0.68736 0.68637 0.68483 0.68573 0.68693 0.68670 0.68532 0.68580 0.68673 0.68612 0.68567 0.68650 0.68765 0.68566 0.68443 0.68754 0.68937 0.68471 0.68334 0.69011 0.69143 0.68585 0.68481 0.69191 0.69304 0.68957 0.68931 0.69471 0.69776 0.69374 0.69493 0.69843 0.69985 0.69946 0.69954 0.70102 0.70393 0.70439 0.70470 0.70496 0.70665 0.70959 0.71099 0.71074 0.71193 0.71542 0.71652 0.71726 0.71890 0.72187 0.72308 0.72452 0.72620 0.72927 0.73064 0.73283 0.73442 0.73713 0.73919 0.74054 0.74336 0.74518 0.74851 0.75039 0.75270 0.75495 0.75776 0.76010 0.76253 0.76516 0.76789 0.77050 0.77316 0.77592 0.77870 0.78147 0.78428 0.78714 0.75052 0.67398 0.59688 0.51922 0.44098 0.36215 0.28273 0.20272 0.12209 0.04085 0.00000 0.00000 0.00000 0.00000 0.00000 0.00000 0.00000 0.00000 0.00000 0.00000 0.00000 0.00000 0.00000 0.00000 0.00000 0.00000 0.00000 0.00000 0.00000 0.00000 0.00000 0.00000 0.00000 0.00000 0.00000 0.00000 0.00000 0.00000 0.00000 0.00000 0.00000 0.00000 0.00000 0.00000 0.00000
0.00000 0.00000 0.00000 0.00000 0.00000 0.00000 0.00000 0.00000 0.00000 0.00000 0.00000 0.00000 0.00000 0.00000 0.00000 0.04210 0.12592 0.20908 0.29190 0.37411 0.45566 0.53692 0.61741 0.69749 0.77686 0.81496 0.81216 0.80936 0.80658 0.80385 0.80110 0.79835 0.79564 0.79298 0.79033 0.78765 0.78499 0.78240 0.77985 0.77735 0.77475 0.77218 0.76991 0.76738 0.76528 0.76232 0.76028 0.75774 0.75562 0.75350 0.75082 0.74856 0.74632 0.74424 0.74185 0.73939 0.73729 0.73540 0.73405 0.73281 0.73058 0.72812 0.72643 0.72476 0.72333 0.72071 0.71944 0.71787 0.71714 0.71592 0.71315 0.71135 0.71094 0.71285 0.70765 0.70430 0.70528 0.70547 0.70326 0.70187 0.70011 0.69933 0.69960 0.69987 0.69597 0.69308 0.69629 0.69453 0.69222 0.69072 0.69279 0.68933 0.68875 0.69010 0.68993 0.68768 0.68698 0.68839 0.68787 0.68694 0.68731 0.68764 0.68671 0.68644 0.68722 0.68735 0.68588 0.68535 0.68757 0.68665 0.68460 0.68658 0.68733 0.68466 0.68539 0.68755 0.68655 0.68554 0.68682 0.68756 0.68512 0.68576 0.68795 0.68664 0.68455 0.68827 0.68971 0.68620 0.68660 0.69070 0.69167 0.68903 0.69078 0.69341 0.69405 0.69271 0.69521 0.69756 0.69689 0.69743 0.70121 0.70252 0.70050 0.70228 0.70581 0.70589 0.70602 0.70747 0.70896 0.71040 0.71171 0.71367 0.71531 0.71638 0.71759 0.72015 0.72201 0.72342 0.72452 0.72727 0.72916 0.73124 0.73259 0.73509 0.73745 0.73918 0.74151 0.74331 0.74655 0.74858 0.75088 0.75296 0.75583 0.75810 0.76051 0.76304 0.76575 0.76835 0.77099 0.77369 0.77645 0.77921 0.78200 0.78482 0.78768 0.75104 0.67445 0.59730 0.51959 0.44129 0.36241 0.28294 0.20286 0.12218 0.04088 0.00000 0.00000 0.00000 0.00000 0.00000 0.00000 0.00000 0.00000 0.00000 0.00000 0.00000 0.00000 0.00000 0.00000 0.00000 0.00000 0.00000 0.00000 0.00000 0.00000 0.00000 0.00000 0.00000 0.00000 0.00000 0.00000 0.00000 0.00000 0.00000 0.00000 0.00000 0.00000 0.00000 0.00000 0.00000
0.00000 0.00000 0.00000 0.00000 0.00000 0.00000 0.00000 0.00000 0.00000 0.00000 0.00000 0.00000 0.00000 0.00000 0.00000 0.04213 0.12587 0.20914 0.29195 0.37416 0.45575 0.53663 0.61755 0.69758 0.77701 0.81510 0.81231 0.80951 0.80674 0.80399 0.80123 0.79850 0.79580 0.79313 0.79044 0.78776 0.78514 0.78257 0.78001 0.77736 0.77482 0.77243 0.76998 0.76775 0.76478 0.76294 0.76006 0.75811 0.75549 0.75337 0.75118 0.74859 0.74671 0.74431 0.74212 0.73948 0.73772 0.73569 0.73456 0.73263 0.73020 0.72808 0.72720 0.72532 0.72285 0.72055 0.72035 0.71924 0.71609 0.71394 0.71371 0.71441 0.71205 0.70773 0.70671 0.70896 0.70635 0.70291 0.70250 0.70256 0.70119 0.70060 0.69874 0.69655 0.69715 0.69799 0.69383 0.69088 0.69603 0.69452 0.68845 0.68797 0.69404 0.69195 0.68422 0.68654 0.69101 0.68984 0.68484 0.68571 0.68866 0.68887 0.68640 0.68610 0.68736 0.68828 0.68642 0.68471 0.68587 0.68780 0.68732 0.68502 0.68457 0.68649 0.68671 0.68628 0.68632 0.68647 0.68584 0.68605 0.68820 0.68785 0.68475 0.68522 0.68952 0.69046 0.68522 0.68522 0.69129 0.69233 0.68849 0.68839 0.69334 0.69533 0.69252 0.69206 0.69687 0.69874 0.69772 0.69701 0.69990 0.70316 0.70271 0.70166 0.70323 0.70589 0.70763 0.70819 0.70850 0.70953 0.71300 0.71419 0.71473 0.71609 0.71912 0.72032 0.72163 0.72323 0.72606 0.72739 0.72936 0.73104 0.73352 0.73561 0.73749 0.73970 0.74150 0.74465 0.74675 0.74901 0.75103 0.75400 0.75615 0.75844 0.76095 0.76369 0.76622 0.76880 0.77151 0.77426 0.77697 0.77973 0.78255 0.78539 0.78823 0.75156 0.67493 0.59773 0.51996 0.44161 0.36268 0.28315 0.20301 0.12227 0.04091 0.00000 0.00000 0.00000 0.00000 0.00000 0.00000 0.00000 0.00000 0.00000 0.00000 0.00000 0.00000 0.00000 0.00000 0.00000 0.00000 0.00000 0.00000 0.00000 0.00000 0.00000 0.00000 0.00000 0.00000 0.00000 0.00000 0.00000 0.00000 0.00000 0.00000 0.00000 0.00000 0.00000 0.00000 0.00000
0.00000 0.00000 0.00000 0.00000 0.00000 0.00000 0.00000 0.00000 0.00000 0.00000 0.00000 0.00000 0.00000 0.00000 0.00000 0.04210 0.12594 0.20917 0.29198 0.37415 0.45569 0.53682 0.61743 0.69765 0.77708 0.81525 0.81246 0.80969 0.80691 0.80413 0.80139 0.79868 0.79597 0.79325 0.79057 0.78793 0.78533 0.78272 0.78005 0.77751 0.77505 0.77261 0.77017 0.76742 0.76547 0.76268 0.76074 0.75761 0.75584 0.75331 0.75124 0.74919 0.74661 0.74429 0.74222 0.74047 0.73770 0.73628 0.73429 0.73223 0.73009 0.72866 0.72709 0.72436 0.72294 0.72137 0.72056 0.71783 0.71635 0.71498 0.71456 0.71518 0.71045 0.70761 0.70835 0.70941 0.70554 0.70356 0.70286 0.70278 0.70159 0.70145 0.69777 0.69675 0.69881 0.69838 0.69355 0.69045 0.69556 0.69313 0.68904 0.68976 0.69301 0.69019 0.68507 0.68789 0.68997 0.68903 0.68628 0.68724 0.68802 0.68745 0.68727 0.68745 0.68663 0.68601 0.68775 0.68804 0.68514 0.68493 0.68850 0.68680 0.68418 0.68669 0.68717 0.68560 0.68638 0.68740 0.68517 0.68578 0.68907 0.68678 0.68399 0.68762 0.68984 0.68618 0.68466 0.69050 0.69135 0.68792 0.68866 0.69232 0.69370 0.69171 0.69286 0.69595 0.69649 0.69585 0.69817 0.70033 0.69890 0.70043 0.70471 0.70460 0.70253 0.70542 0.70761 0.70885 0.70931 0.71105 0.71279 0.71417 0.71516 0.71733 0.71941 0.72074 0.72176 0.72404 0.72631 0.72815 0.72921 0.73150 0.73406 0.73611 0.73785 0.73976 0.74281 0.74502 0.74713 0.74917 0.75213 0.75424 0.75654 0.75893 0.76163 0.76413 0.76669 0.76934 0.77207 0.77477 0.77750 0.78028 0.78310 0.78593 0.78879 0.75210 0.67541 0.59816 0.52034 0.44193 0.36294 0.28335 0.20316 0.12236 0.04094 0.00000 0.00000 0.00000 0.00000 0.00000 0.00000 0.00000 0.00000 0.00000 0.00000 0.00000 0.00000 0.00000 0.00000 0.00000 0.00000 0.00000 0.00000 0.00000 0.00000 0.00000 0.00000 0.00000 0.00000 0.00000 0.00000 0.00000 0.00000 0.00000 0.00000 0.00000 0.00000 0.00000 0.00000 0.00000
0.00000 0.00000 0.00000 0.00000 0.00000 0.00000 0.00000 0.00000 0.00000 0.00000 0.00000 0.00000 0.00000 0.00000 0.00000 0.04211 0.12596 0.20930 0.29195 0.37402 0.45584 0.53699 0.61750 0.69734 0.77717 0.81545 0.81263 0.80985 0.80708 0.80430 0.80156 0.79884 0.79612 0.79341 0.79074 0.78813 0.78548 0.78281 0.78023 0.77773 0.77525 0.77267 0.77009 0.76800 0.76536 0.76327 0.76025 0.75847 0.75553 0.75364 0.75115 0.74913 0.74669 0.74443 0.74284 0.74024 0.73869 0.73603 0.73421 0.73211 0.73092 0.72885 0.72661 0.72442 0.72382 0.72215 0.71980 0.71752 0.71700 0.71702 0.71424 0.71097 0.70929 0.71222 0.70963 0.70517 0.70508 0.70609 0.70350 0.70168 0.70139 0.70001 0.69882 0.69977 0.69725 0.69385 0.69708 0.69569 0.69166 0.68991 0.69540 0.69208 0.68621 0.68940 0.69226 0.68835 0.68568 0.68812 0.68959 0.68862 0.68654 0.68637 0.68798 0.68892 0.68684 0.68496 0.68639 0.68856 0.68799 0.68448 0.68388 0.68753 0.68804 0.68639 0.68508 0.68595 0.68665 0.68808 0.68747 0.68563 0.68536 0.68709 0.68872 0.68817 0.68573 0.68640 0.69062 0.69129 0.68754 0.68819 0.69216 0.69336 0.69147 0.69193 0.69567 0.69713 0.69609 0.69605 0.69879 0.70058 0.70099 0.69921 0.70156 0.70573 0.70568 0.70551 0.70645 0.70801 0.71100 0.71178 0.71223 0.71363 0.71657 0.71800 0.71896 0.72032 0.72313 0.72460 0.72624 0.72777 0.73023 0.73223 0.73433 0.73620 0.73815 0.74090 0.74319 0.74528 0.74733 0.75032 0.75238 0.75460 0.75692 0.75966 0.76209 0.76457 0.76721 0.76994 0.77259 0.77529 0.77805 0.78085 0.78365 0.78649 0.78936 0.75265 0.67590 0.59860 0.52072 0.44226 0.36321 0.28356 0.20332 0.12245 0.04097 0.00000 0.00000 0.00000 0.00000 0.00000 0.00000 0.00000 0.00000 0.00000 0.00000 0.00000 0.00000 0.00000 0.00000 0.00000 0.00000 0.00000 0.00000 0.00000 0.00000 0.00000 0.00000 0.00000 0.00000 0.00000 0.00000 0.00000 0.00000 0.00000 0.00000 0.00000 0.00000 0.00000 0.00000 0.00000
0.00000 0.00000 0.00000 0.00000 0.00000 0.00000 0.00000 0.00000 0.00000 0.00000 0.00000 0.00000 0.00000 0.00000 0.00000 0.04211 0.12601 0.20928 0.29199 0.37411 0.45591 0.53707 0.61741 0.69739 0.77724 0.81559 0.81281 0.81002 0.80725 0.80450 0.80175 0.79900 0.79628 0.79360 0.79095 0.78827 0.78560 0.78300 0.78047 0.77793 0.77527 0.77278 0.77050 0.76802 0.76577 0.76293 0.76102 0.75823 0.75626 0.75331 0.75152 0.74845 0.74708 0.74554 0.74249 0.74092 0.73839 0.73658 0.73400 0.73273 0.73082 0.72825 0.72656 0.72521 0.72403 0.72098 0.71977 0.71853 0.71808 0.71514 0.71340 0.71226 0.71193 0.71151 0.70804 0.70614 0.70592 0.70598 0.70373 0.70306 0.70054 0.70023 0.70046 0.70104 0.69533 0.69439 0.69831 0.69608 0.69112 0.69083 0.69594 0.69219 0.68603 0.68901 0.69222 0.69077 0.68611 0.68666 0.68925 0.68937 0.68718 0.68657 0.68757 0.68802 0.68782 0.68760 0.68601 0.68555 0.68861 0.68964 0.68415 0.68428 0.68886 0.68762 0.68532 0.68597 0.68649 0.68681 0.68922 0.68624 0.68282 0.68768 0.69080 0.68605 0.68421 0.68997 0.69174 0.68712 0.68628 0.69209 0.69302 0.69066 0.69064 0.69491 0.69669 0.69440 0.69492 0.69880 0.69977 0.69862 0.70135 0.70323 0.70079 0.70310 0.70643 0.70742 0.70656 0.70849 0.71048 0.71239 0.71299 0.71446 0.71655 0.71839 0.71932 0.72107 0.72347 0.72526 0.72620 0.72826 0.73089 0.73298 0.73429 0.73637 0.73925 0.74152 0.74337 0.74552 0.74845 0.75056 0.75278 0.75499 0.75773 0.76007 0.76253 0.76512 0.76781 0.77044 0.77311 0.77585 0.77862 0.78140 0.78421 0.78706 0.78994 0.75320 0.67640 0.59904 0.52111 0.44259 0.36348 0.28378 0.20347 0.12255 0.04101 0.00000 0.00000 0.00000 0.00000 0.00000 0.00000 0.00000 0.00000 0.00000 0.00000 0.00000 0.00000 0.00000 0.00000 0.00000 0.00000 0.00000 0.00000 0.00000 0.00000 0.00000 0.00000 0.00000 0.00000 0.00000 0.00000 0.00000 0.00000 0.00000 0.00000 0.00000 0.00000 0.00000 0.00000 0.00000
0.00000 0.00000 0.00000 0.00000 0.00000 0.00000 0.00000 0.00000 0.00000 0.00000 0.00000 0.00000 0.00000 0.00000 0.00000 0.04214 0.12598 0.20920 0.29205 0.37434 0.45596 0.53681 0.61756 0.69772 0.77720 0.81553 0.81294 0.81024 0.80745 0.80469 0.80193 0.79919 0.79648 0.79381 0.79111 0.78843 0.78580 0.78325 0.78064 0.77799 0.77547 0.77308 0.77067 0.76821 0.76563 0.76363 0.76087 0.75877 0.75590 0.75411 0.75081 0.74939 0.74715 0.74504 0.74366 0.74051 0.73870 0.73645 0.73497 0.73248 0.73048 0.72849 0.72741 0.72535 0.72361 0.72129 0.72056 0.71945 0.71742 0.71474 0.71347 0.71493 0.71192 0.70835 0.70694 0.70982 0.70635 0.70364 0.70431 0.70354 0.70101 0.70122 0.69998 0.69753 0.69733 0.69817 0.69535 0.69182 0.69615 0.69398 0.68991 0.69176 0.69382 0.68808 0.68760 0.69199 0.69053 0.68636 0.68754 0.68878 0.68830 0.68827 0.68766 0.68647 0.68691 0.68879 0.68812 0.68474 0.68482 0.68914 0.68927 0.68476 0.68428 0.68699 0.68778 0.68734 0.68650 0.68528 0.68637 0.68858 0.68822 0.68683 0.68656 0.68704 0.68974 0.68949 0.68781 0.68777 0.69121 0.69221 0.69051 0.69132 0.69398 0.69513 0.69459 0.69552 0.69744 0.69852 0.69955 0.69931 0.70037 0.70363 0.70408 0.70278 0.70441 0.70716 0.70904 0.70927 0.70999 0.71157 0.71450 0.71579 0.71634 0.71778 0.72059 0.72233 0.72335 0.72463 0.72724 0.72926 0.73120 0.73275 0.73488 0.73741 0.73972 0.74159 0.74376 0.74656 0.74876 0.75096 0.75306 0.75587 0.75811 0.76049 0.76305 0.76574 0.76833 0.77095 0.77367 0.77643 0.77918 0.78196 0.78479 0.78764 0.79052 0.75375 0.67690 0.59949 0.52150 0.44292 0.36376 0.28399 0.20362 0.12264 0.04104 0.00000 0.00000 0.00000 0.00000 0.00000 0.00000 0.00000 0.00000 0.00000 0.00000 0.00000 0.00000 0.00000 0.00000 0.00000 0.00000 0.00000 0.00000 0.00000 0.00000 0.00000 0.00000 0.00000 0.00000 0.00000 0.00000 0.00000 0.00000 0.00000 0.00000 0.00000 0.00000 0.00000 0.00000 0.00000
0.00000 0.00000 0.00000 0.00000 0.00000 0.00000 0.00000 0.00000 0.00000 0.00000 0.00000 0.00000 0.00000 0.00000 0.00000 0.04215 0.12599 0.20922 0.29218 0.37440 0.45595 0.53691 0.61773 0.69785 0.77728 0.81545 0.81312 0.81044 0.80766 0.80488 0.80213 0.79941 0.79670 0.79397 0.79129 0.78864 0.78606 0.78340 0.78075 0.77821 0.77577 0.77330 0.77069 0.76830 0.76613 0.76356 0.76136 0.75853 0.75662 0.75366 0.75199 0.74841 0.74737 0.74618 0.74309 0.74126 0.73852 0.73708 0.73477 0.73253 0.73044 0.72915 0.72751 0.72476 0.72342 0.72226 0.72137 0.71804 0.71675 0.71617 0.71549 0.71264 0.71081 0.71018 0.70917 0.70808 0.70646 0.70587 0.70339 0.70318 0.70250 0.70227 0.69806 0.69787 0.69985 0.69848 0.69314 0.69330 0.69765 0.69352 0.68942 0.69127 0.69419 0.69148 0.68855 0.68785 0.68978 0.69105 0.68838 0.68605 0.68796 0.69043 0.68848 0.68559 0.68663 0.68825 0.68867 0.68878 0.68497 0.68425 0.68952 0.69129 0.68460 0.68316 0.68794 0.68909 0.68778 0.68457 0.68381 0.68866 0.69069 0.68595 0.68370 0.68957 0.69238 0.68665 0.68558 0.69173 0.69317 0.68936 0.68908 0.69400 0.69508 0.69308 0.69203 0.69765 0.69949 0.69717 0.69774 0.70205 0.70284 0.70119 0.70385 0.70616 0.70471 0.70605 0.70857 0.71071 0.71065 0.71189 0.71412 0.71635 0.71685 0.71826 0.72069 0.72276 0.72356 0.72521 0.72789 0.72995 0.73097 0.73311 0.73586 0.73812 0.73968 0.74201 0.74478 0.74706 0.74906 0.75118 0.75407 0.75617 0.75854 0.76104 0.76369 0.76623 0.76884 0.77152 0.77425 0.77698 0.77974 0.78254 0.78537 0.78823 0.79111 0.75432 0.67741 0.59994 0.52189 0.44326 0.36404 0.28421 0.20378 0.12273 0.04107 0.00000 0.00000 0.00000 0.00000 0.00000 0.00000 0.00000 0.00000 0.00000 0.00000 0.00000 0.00000 0.00000 0.00000 0.00000 0.00000 0.00000 0.00000 0.00000 0.00000 0.00000 0.00000 0.00000 0.00000 0.00000 0.00000 0.00000 0.00000 0.00000 0.00000 0.00000 0.00000 0.00000 0.00000 0.00000
0.00000 0.00000 0.00000 0.00000 0.00000 0.00000 0.00000 0.00000 0.00000 0.00000 0.00000 0.00000 0.00000 0.00000 0.00000 0.04213 0.12603 0.20938 0.29218 0.37423 0.45608 0.53729 0.61782 0.69757 0.77737 0.81588 0.81310 0.81059 0.80786 0.80510 0.80235 0.79962 0.79689 0.79418 0.79151 0.78889 0.78621 0.78357 0.78097 0.77850 0.77597 0.77334 0.77095 0.76863 0.76623 0.76383 0.76123 0.75925 0.75628 0.75444 0.75116 0.74994 0.74764 0.74535 0.74386 0.74109 0.73949 0.73673 0.73472 0.73279 0.73127 0.72884 0.72722 0.72528 0.72433 0.72210 0.72111 0.71858 0.71740 0.71699 0.71518 0.71241 0.71085 0.71246 0.70915 0.70666 0.70742 0.70691 0.70349 0.70303 0.70299 0.70100 0.69860 0.70047 0.69861 0.69483 0.69611 0.69634 0.69354 0.69173 0.69485 0.69139 0.68950 0.69396 0.69199 0.68663 0.68830 0.69193 0.68907 0.68685 0.68862 0.68898 0.68714 0.68858 0.68867 0.68619 0.68612 0.68961 0.68899 0.68371 0.68537 0.69007 0.68804 0.68469 0.68676 0.68804 0.68671 0.68675 0.68837 0.68738 0.68678 0.68704 0.68897 0.68881 0.68818 0.68709 0.69051 0.69131 0.69011 0.68974 0.69252 0.69386 0.69348 0.69419 0.69592 0.69676 0.69791 0.69905 0.69929 0.70071 0.70281 0.70241 0.70268 0.70533 0.70741 0.70699 0.70782 0.70954 0.71258 0.71328 0.71393 0.71538 0.71834 0.71992 0.72060 0.72196 0.72461 0.72672 0.72809 0.72941 0.73177 0.73420 0.73640 0.73805 0.74028 0.74286 0.74535 0.74729 0.74935 0.75225 0.75425 0.75662 0.75903 0.76169 0.76419 0.76674 0.76940 0.77212 0.77481 0.77753 0.78032 0.78313 0.78595 0.78881 0.79170 0.75489 0.67793 0.60040 0.52229 0.44360 0.36432 0.28443 0.20394 0.12283 0.04110 0.00000 0.00000 0.00000 0.00000 0.00000 0.00000 0.00000 0.00000 0.00000 0.00000 0.00000 0.00000 0.00000 0.00000 0.00000 0.00000 0.00000 0.00000 0.00000 0.00000 0.00000 0.00000 0.00000 0.00000 0.00000 0.00000 0.00000 0.00000 0.00000 0.00000 0.00000 0.00000 0.00000 0.00000 0.00000
0.00000 0.00000 0.00000 0.00000 0.00000 0.00000 0.00000 0.00000 0.00000 0.00000 0.00000 0.00000 0.00000 0.00000 0.00000 0.04213 0.12610 0.20945 0.29218 0.37427 0.45626 0.53744 0.61788 0.69776 0.77760 0.81587 0.81336 0.81064 0.80807 0.80534 0.80258 0.79983 0.79710 0.79442 0.79176 0.78906 0.78640 0.78380 0.78129 0.77867 0.77604 0.77364 0.77121 0.76885 0.76628 0.76391 0.76178 0.75905 0.75705 0.75396 0.75236 0.74901 0.74794 0.74660 0.74334 0.74173 0.73925 0.73720 0.73478 0.73329 0.73124 0.72879 0.72727 0.72610 0.72450 0.72180 0.72051 0.71964 0.71869 0.71560 0.71406 0.71420 0.71249 0.71002 0.70942 0.70933 0.70632 0.70532 0.70545 0.70454 0.70090 0.70065 0.70149 0.70066 0.69573 0.69638 0.69835 0.69515 0.69245 0.69385 0.69461 0.69152 0.69119 0.69055 0.69035 0.69145 0.69050 0.68683 0.68785 0.69177 0.68984 0.68472 0.68665 0.69125 0.68981 0.68567 0.68582 0.68767 0.68976 0.69065 0.68479 0.68203 0.68899 0.69198 0.68649 0.68236 0.68591 0.69107 0.69073 0.68499 0.68376 0.68964 0.69114 0.68702 0.68518 0.69132 0.69388 0.68832 0.68839 0.69316 0.69435 0.69190 0.69157 0.69671 0.69778 0.69551 0.69514 0.70038 0.70247 0.69988 0.70122 0.70489 0.70555 0.70413 0.70635 0.70917 0.70897 0.70948 0.71150 0.71443 0.71486 0.71564 0.71784 0.72050 0.72124 0.72242 0.72493 0.72725 0.72813 0.72993 0.73266 0.73489 0.73615 0.73855 0.74122 0.74372 0.74535 0.74757 0.75050 0.75241 0.75475 0.75707 0.75976 0.76216 0.76468 0.76732 0.77000 0.77266 0.77537 0.77812 0.78091 0.78371 0.78654 0.78941 0.79231 0.75547 0.67845 0.60086 0.52270 0.44394 0.36460 0.28465 0.20410 0.12293 0.04113 0.00000 0.00000 0.00000 0.00000 0.00000 0.00000 0.00000 0.00000 0.00000 0.00000 0.00000 0.00000 0.00000 0.00000 0.00000 0.00000 0.00000 0.00000 0.00000 0.00000 0.00000 0.00000 0.00000 0.00000 0.00000 0.00000 0.00000 0.00000 0.00000 0.00000 0.00000 0.00000 0.00000 0.00000 0.00000
0.00000 0.00000 0.00000 0.00000 0.00000 0.00000 0.00000 0.00000 0.00000 0.00000 0.00000 0.00000 0.00000 0.00000 0.00000 0.04217 0.12610 0.20937 0.29230 0.37455 0.45630 0.53725 0.61814 0.69828 0.77763 0.81576 0.81334 0.81105 0.80821 0.80555 0.80281 0.80007 0.79735 0.79466 0.79195 0.78929 0.78664 0.78410 0.78144 0.77884 0.77632 0.77389 0.77151 0.76882 0.76658 0.76427 0.76173 0.75956 0.75673 0.75502 0.75160 0.75033 0.74790 0.74593 0.74456 0.74145 0.73947 0.73731 0.73556 0.73304 0.73113 0.72941 0.72800 0.72548 0.72466 0.72241 0.72117 0.71924 0.71890 0.71645 0.71462 0.71405 0.71248 0.71107 0.70983 0.70927 0.70593 0.70612 0.70631 0.70427 0.70094 0.70258 0.70152 0.69835 0.69670 0.69881 0.69663 0.69287 0.69543 0.69436 0.69213 0.69192 0.69388 0.68954 0.68895 0.69250 0.69081 0.68704 0.68901 0.69093 0.68793 0.68749 0.68946 0.68828 0.68686 0.68967 0.68885 0.68462 0.68700 0.69192 0.68736 0.68233 0.68837 0.69126 0.68541 0.68390 0.68967 0.69028 0.68595 0.68552 0.68917 0.68940 0.68803 0.68673 0.69013 0.69128 0.68990 0.68801 0.69160 0.69323 0.69248 0.69230 0.69462 0.69619 0.69634 0.69725 0.69797 0.69901 0.70085 0.70190 0.70157 0.70338 0.70567 0.70564 0.70592 0.70773 0.71079 0.71099 0.71154 0.71309 0.71628 0.71739 0.71806 0.71949 0.72226 0.72427 0.72516 0.72644 0.72880 0.73132 0.73320 0.73460 0.73684 0.73942 0.74196 0.74363 0.74589 0.74864 0.75064 0.75297 0.75511 0.75785 0.76017 0.76265 0.76526 0.76793 0.77055 0.77322 0.77596 0.77872 0.78149 0.78430 0.78715 0.79002 0.79291 0.75605 0.67897 0.60133 0.52310 0.44429 0.36489 0.28488 0.20426 0.12302 0.04117 0.00000 0.00000 0.00000 0.00000 0.00000 0.00000 0.00000 0.00000 0.00000 0.00000 0.00000 0.00000 0.00000 0.00000 0.00000 0.00000 0.00000 0.00000 0.00000 0.00000 0.00000 0.00000 0.00000 0.00000 0.00000 0.00000 0.00000 0.00000 0.00000 0.00000 0.00000 0.00000 0.00000 0.00000 0.00000
0.00000 0.00000 0.00000 0.00000 0.00000 0.00000 0.00000 0.00000 0.00000 0.00000 0.00000 0.00000 0.00000 0.00000 0.00000 0.04219 0.12609 0.20939 0.29242 0.37471 0.45634 0.53738 0.61835 0.69848 0.77781 0.81588 0.81368 0.81101 0.80851 0.80575 0.80305 0.80033 0.79761 0.79488 0.79219 0.78954 0.78695 0.78426 0.78164 0.77910 0.77664 0.77412 0.77145 0.76925 0.76675 0.76443 0.76203 0.75946 0.75755 0.75449 0.75298 0.74984 0.74828 0.74687 0.74405 0.74204 0.73945 0.73782 0.73555 0.73328 0.73136 0.72996 0.72803 0.72555 0.72451 0.72317 0.72179 0.71921 0.71812 0.71722 0.71564 0.71326 0.71266 0.71232 0.70953 0.70757 0.70895 0.70736 0.70351 0.70343 0.70415 0.70251 0.69842 0.69877 0.70007 0.69790 0.69502 0.69613 0.69596 0.69285 0.69311 0.69316 0.69176 0.69116 0.69211 0.68920 0.68808 0.69214 0.69115 0.68549 0.68660 0.69300 0.69162 0.68458 0.68595 0.69083 0.69078 0.68730 0.68531 0.68570 0.68946 0.69211 0.68635 0.68253 0.68737 0.69344 0.68910 0.68405 0.68467 0.69061 0.69069 0.68722 0.68468 0.69105 0.69318 0.68864 0.68744 0.69244 0.69448 0.69067 0.69166 0.69506 0.69650 0.69403 0.69461 0.69899 0.70045 0.69835 0.69911 0.70307 0.70519 0.70273 0.70400 0.70746 0.70800 0.70738 0.70921 0.71251 0.71310 0.71309 0.71498 0.71830 0.71921 0.71981 0.72192 0.72482 0.72572 0.72691 0.72960 0.73186 0.73301 0.73521 0.73783 0.74013 0.74169 0.74430 0.74692 0.74903 0.75109 0.75317 0.75607 0.75821 0.76067 0.76323 0.76588 0.76847 0.77111 0.77382 0.77656 0.77931 0.78209 0.78491 0.78776 0.79063 0.79353 0.75664 0.67951 0.60180 0.52351 0.44464 0.36518 0.28510 0.20442 0.12312 0.04120 0.00000 0.00000 0.00000 0.00000 0.00000 0.00000 0.00000 0.00000 0.00000 0.00000 0.00000 0.00000 0.00000 0.00000 0.00000 0.00000 0.00000 0.00000 0.00000 0.00000 0.00000 0.00000 0.00000 0.00000 0.00000 0.00000 0.00000 0.00000 0.00000 0.00000 0.00000 0.00000 0.00000 0.00000 0.00000
0.00000 0.00000 0.00000 0.00000 0.00000 0.00000 0.00000 0.00000 0.00000 0.00000 0.00000 0.00000 0.00000 0.00000 0.00000 0.04218 0.12616 0.20954 0.29243 0.37462 0.45661 0.53777 0.61839 0.69834 0.77819 0.81651 0.81350 0.81125 0.80860 0.80608 0.80330 0.80057 0.79784 0.79514 0.79246 0.78982 0.78713 0.78451 0.78190 0.77941 0.77684 0.77421 0.77187 0.76935 0.76713 0.76443 0.76218 0.76009 0.75719 0.75556 0.75239 0.75090 0.74879 0.74639 0.74448 0.74203 0.74032 0.73768 0.73556 0.73375 0.73202 0.72956 0.72805 0.72639 0.72506 0.72242 0.72222 0.72017 0.71835 0.71643 0.71636 0.71496 0.71251 0.71114 0.70941 0.70998 0.70866 0.70649 0.70338 0.70550 0.70423 0.70149 0.69855 0.70158 0.70022 0.69607 0.69601 0.69694 0.69459 0.69180 0.69561 0.69307 0.68994 0.69102 0.69335 0.68924 0.68865 0.69145 0.68988 0.68777 0.68971 0.69039 0.68747 0.68902 0.68964 0.68672 0.68775 0.69222 0.68769 0.68288 0.68914 0.69345 0.68481 0.68203 0.69099 0.69320 0.68465 0.68401 0.69024 0.69077 0.68754 0.68599 0.69036 0.69190 0.68945 0.68744 0.69129 0.69332 0.69167 0.69052 0.69352 0.69557 0.69506 0.69516 0.69679 0.69862 0.69896 0.70031 0.70062 0.70191 0.70340 0.70471 0.70457 0.70629 0.70873 0.70886 0.70939 0.71134 0.71436 0.71507 0.71550 0.71711 0.72008 0.72175 0.72246 0.72385 0.72610 0.72876 0.73011 0.73132 0.73357 0.73628 0.73852 0.74007 0.74239 0.74505 0.74755 0.74940 0.75138 0.75424 0.75630 0.75873 0.76122 0.76387 0.76642 0.76903 0.77171 0.77442 0.77715 0.77990 0.78270 0.78552 0.78837 0.79125 0.79416 0.75723 0.68004 0.60228 0.52393 0.44500 0.36547 0.28533 0.20459 0.12322 0.04123 0.00000 0.00000 0.00000 0.00000 0.00000 0.00000 0.00000 0.00000 0.00000 0.00000 0.00000 0.00000 0.00000 0.00000 0.00000 0.00000 0.00000 0.00000 0.00000 0.00000 0.00000 0.00000 0.00000 0.00000 0.00000 0.00000 0.00000 0.00000 0.00000 0.00000 0.00000 0.00000 0.00000 0.00000 0.00000
0.00000 0.00000 0.00000 0.00000 0.00000 0.00000 0.00000 0.00000 0.00000 0.00000 0.00000 0.00000 0.00000 0.00000 0.00000 0.04218 0.12621 0.20965 0.29245 0.37471 0.45676 0.53799 0.61851 0.69858 0.77848 0.81670 0.81393 0.81107 0.80901 0.80627 0.80358 0.80083 0.79810 0.79541 0.79275 0.79004 0.78739 0.78477 0.78225 0.77959 0.77699 0.77457 0.77206 0.76973 0.76698 0.76489 0.76245 0.76002 0.75814 0.75505 0.75345 0.75097 0.74902 0.74684 0.74431 0.74267 0.74027 0.73802 0.73575 0.73420 0.73212 0.72966 0.72833 0.72695 0.72539 0.72282 0.72189 0.72032 0.71915 0.71708 0.71597 0.71472 0.71260 0.71112 0.71191 0.70985 0.70646 0.70621 0.70742 0.70491 0.70097 0.70169 0.70233 0.70040 0.69725 0.69834 0.69774 0.69547 0.69471 0.69546 0.69400 0.69140 0.69340 0.69187 0.69019 0.69205 0.69238 0.68760 0.68737 0.69313 0.69232 0.68446 0.68483 0.69327 0.69210 0.68621 0.68545 0.68890 0.69016 0.68918 0.68685 0.68534 0.68788 0.69234 0.68875 0.68446 0.68570 0.69173 0.69018 0.68721 0.68516 0.69093 0.69231 0.68908 0.68628 0.69193 0.69441 0.69061 0.69077 0.69380 0.69546 0.69333 0.69475 0.69766 0.69890 0.69734 0.69832 0.70168 0.70349 0.70127 0.70214 0.70579 0.70789 0.70545 0.70699 0.71044 0.71155 0.71083 0.71264 0.71618 0.71743 0.71711 0.71908 0.72238 0.72370 0.72415 0.72649 0.72908 0.73044 0.73198 0.73463 0.73680 0.73824 0.74074 0.74339 0.74574 0.74748 0.74978 0.75257 0.75446 0.75682 0.75925 0.76190 0.76440 0.76698 0.76963 0.77232 0.77501 0.77774 0.78051 0.78331 0.78614 0.78899 0.79187 0.79479 0.75784 0.68058 0.60276 0.52435 0.44535 0.36576 0.28556 0.20475 0.12332 0.04127 0.00000 0.00000 0.00000 0.00000 0.00000 0.00000 0.00000 0.00000 0.00000 0.00000 0.00000 0.00000 0.00000 0.00000 0.00000 0.00000 0.00000 0.00000 0.00000 0.00000 0.00000 0.00000 0.00000 0.00000 0.00000 0.00000 0.00000 0.00000 0.00000 0.00000 0.00000 0.00000 0.00000 0.00000 0.00000
0.00000 0.00000 0.00000 0.00000 0.00000 0.00000 0.00000 0.00000 0.00000 0.00000 0.00000 0.00000 0.00000 0.00000 0.00000 0.04222 0.12622 0.20965 0.29267 0.37496 0.45677 0.53795 0.61892 0.69906 0.77850 0.81672 0.81416 0.81188 0.80885 0.80658 0.80383 0.80113 0.79839 0.79569 0.79299 0.79033 0.78767 0.78509 0.78244 0.77985 0.77730 0.77481 0.77239 0.76970 0.76752 0.76491 0.76274 0.76048 0.75780 0.75615 0.75344 0.75152 0.74904 0.74689 0.74517 0.74257 0.74041 0.73826 0.73650 0.73411 0.73210 0.73037 0.72885 0.72647 0.72542 0.72366 0.72197 0.71968 0.72029 0.71837 0.71587 0.71360 0.71351 0.71367 0.71077 0.70818 0.70672 0.70868 0.70673 0.70398 0.70162 0.70413 0.70309 0.69917 0.69629 0.69986 0.69762 0.69449 0.69670 0.69609 0.69159 0.69064 0.69616 0.69243 0.68860 0.69052 0.69271 0.68940 0.68868 0.69101 0.68959 0.68839 0.68960 0.68913 0.68840 0.69100 0.68881 0.68534 0.68930 0.69375 0.68642 0.68319 0.69107 0.69407 0.68479 0.68294 0.69135 0.69262 0.68699 0.68530 0.69082 0.69245 0.68930 0.68725 0.69144 0.69397 0.69098 0.68947 0.69287 0.69492 0.69387 0.69351 0.69592 0.69842 0.69731 0.69845 0.69996 0.70140 0.70075 0.70348 0.70428 0.70480 0.70671 0.70769 0.70767 0.70960 0.71252 0.71264 0.71302 0.71518 0.71836 0.71921 0.71960 0.72146 0.72412 0.72623 0.72713 0.72856 0.73060 0.73352 0.73526 0.73661 0.73886 0.74163 0.74407 0.74582 0.74798 0.75078 0.75290 0.75500 0.75732 0.75995 0.76243 0.76496 0.76758 0.77025 0.77291 0.77561 0.77836 0.78113 0.78393 0.78676 0.78962 0.79251 0.79542 0.75844 0.68113 0.60324 0.52477 0.44572 0.36606 0.28579 0.20492 0.12342 0.04130 0.00000 0.00000 0.00000 0.00000 0.00000 0.00000 0.00000 0.00000 0.00000 0.00000 0.00000 0.00000 0.00000 0.00000 0.00000 0.00000 0.00000 0.00000 0.00000 0.00000 0.00000 0.00000 0.00000 0.00000 0.00000 0.00000 0.00000 0.00000 0.00000 0.00000 0.00000 0.00000 0.00000 0.00000 0.00000
0.00000 0.00000 0.00000 0.00000 0.00000 0.00000 0.00000 0.00000 0.00000 0.00000 0.00000 0.00000 0.00000 0.00000 0.00000 0.04223 0.12620 0.20969 0.29276 0.37515 0.45682 0.53814 0.61918 0.69936 0.77870 0.81695 0.81465 0.81181 0.80950 0.80662 0.80415 0.80141 0.79869 0.79596 0.79327 0.79061 0.78800 0.78532 0.78270 0.78014 0.77764 0.77507 0.77246 0.77017 0.76758 0.76542 0.76287 0.76057 0.75855 0.75600 0.75422 0.75150 0.74935 0.74753 0.74516 0.74287 0.74049 0.73882 0.73666 0.73425 0.73238 0.73089 0.72923 0.72654 0.72556 0.72366 0.72290 0.72109 0.71943 0.71752 0.71633 0.71507 0.71424 0.71216 0.70954 0.70970 0.71036 0.70714 0.70404 0.70511 0.70481 0.70273 0.69997 0.70050 0.69988 0.69797 0.69688 0.69800 0.69609 0.69375 0.69401 0.69419 0.69311 0.69214 0.69302 0.69018 0.68935 0.69280 0.69283 0.68648 0.68596 0.69367 0.69407 0.68648 0.68478 0.69070 0.69152 0.68857 0.68691 0.68798 0.68858 0.68971 0.68894 0.68689 0.68660 0.69115 0.69050 0.68733 0.68576 0.69105 0.69176 0.68924 0.68649 0.69154 0.69404 0.69088 0.68915 0.69299 0.69507 0.69314 0.69425 0.69610 0.69753 0.69667 0.69817 0.70022 0.70130 0.70073 0.70100 0.70436 0.70698 0.70385 0.70450 0.70907 0.71162 0.70890 0.71020 0.71428 0.71573 0.71486 0.71660 0.72035 0.72172 0.72160 0.72365 0.72684 0.72833 0.72889 0.73151 0.73377 0.73540 0.73738 0.73993 0.74213 0.74392 0.74647 0.74914 0.75119 0.75315 0.75550 0.75808 0.76049 0.76297 0.76556 0.76820 0.77084 0.77351 0.77623 0.77898 0.78175 0.78455 0.78739 0.79025 0.79314 0.79606 0.75906 0.68168 0.60373 0.52520 0.44608 0.36636 0.28603 0.20509 0.12352 0.04133 0.00000 0.00000 0.00000 0.00000 0.00000 0.00000 0.00000 0.00000 0.00000 0.00000 0.00000 0.00000 0.00000 0.00000 0.00000 0.00000 0.00000 0.00000 0.00000 0.00000 0.00000 0.00000 0.00000 0.00000 0.00000 0.00000 0.00000 0.00000 0.00000 0.00000 0.00000 0.00000 0.00000 0.00000 0.00000
0.00000 0.00000 0.00000 0.00000 0.00000 0.00000 0.00000 0.00000 0.00000 0.00000 0.00000 0.00000 0.00000 0.00000 0.00000 0.04225 0.12633 0.20982 0.29276 0.37521 0.45721 0.53844 0.61916 0.69944 0.77928 0.81749 0.81451 0.81234 0.80952 0.80718 0.80435 0.80171 0.79898 0.79627 0.79358 0.79092 0.78825 0.78563 0.78301 0.78046 0.77788 0.77530 0.77283 0.77031 0.76806 0.76542 0.76322 0.76092 0.75867 0.75681 0.75406 0.75198 0.74990 0.74757 0.74529 0.74305 0.74128 0.73888 0.73667 0.73467 0.73307 0.73084 0.72902 0.72727 0.72583 0.72370 0.72297 0.72138 0.71934 0.71724 0.71801 0.71663 0.71358 0.71093 0.71080 0.71188 0.70888 0.70615 0.70504 0.70662 0.70518 0.70223 0.70027 0.70232 0.70205 0.69767 0.69808 0.69857 0.69455 0.69322 0.69712 0.69574 0.68951 0.69038 0.69544 0.69205 0.68800 0.69069 0.69259 0.68950 0.68760 0.69073 0.69101 0.69001 0.68853 0.68764 0.68985 0.69258 0.68820 0.68463 0.69036 0.69315 0.68709 0.68425 0.69119 0.69346 0.68731 0.68396 0.69121 0.69317 0.68951 0.68695 0.69149 0.69411 0.69074 0.68910 0.69271 0.69528 0.69277 0.69254 0.69521 0.69766 0.69616 0.69661 0.69914 0.70122 0.69845 0.70167 0.70483 0.70400 0.70332 0.70632 0.70720 0.70787 0.71087 0.71037 0.71094 0.71351 0.71661 0.71653 0.71711 0.71936 0.72233 0.72341 0.72427 0.72608 0.72827 0.73083 0.73214 0.73371 0.73558 0.73848 0.74064 0.74225 0.74448 0.74734 0.74970 0.75143 0.75370 0.75619 0.75870 0.76102 0.76357 0.76619 0.76881 0.77145 0.77413 0.77686 0.77960 0.78238 0.78519 0.78803 0.79089 0.79379 0.79671 0.75968 0.68224 0.60423 0.52563 0.44645 0.36666 0.28626 0.20526 0.12363 0.04137 0.00000 0.00000 0.00000 0.00000 0.00000 0.00000 0.00000 0.00000 0.00000 0.00000 0.00000 0.00000 0.00000 0.00000 0.00000 0.00000 0.00000 0.00000 0.00000 0.00000 0.00000 0.00000 0.00000 0.00000 0.00000 0.00000 0.00000 0.00000 0.00000 0.00000 0.00000 0.00000 0.00000 0.00000 0.00000
0.00000 0.00000 0.00000 0.00000 0.00000 0.00000 0.00000 0.00000 0.00000 0.00000 0.00000 0.00000 0.00000 0.00000 0.00000 0.04225 0.12636 0.20993 0.29276 0.37530 0.45740 0.53878 0.61930 0.69965 0.77967 0.81789 0.81493 0.81217 0.81021 0.80733 0.80476 0.80199 0.79929 0.79659 0.79390 0.79120 0.78854 0.78593 0.78336 0.78073 0.77814 0.77562 0.77313 0.77070 0.76813 0.76588 0.76343 0.76133 0.75923 0.75663 0.75455 0.75244 0.75020 0.74777 0.74546 0.74368 0.74146 0.73904 0.73690 0.73528 0.73343 0.73077 0.72933 0.72756 0.72678 0.72411 0.72279 0.71956 0.72038 0.71933 0.71709 0.71502 0.71342 0.71355 0.71234 0.70953 0.70719 0.70875 0.70754 0.70483 0.70343 0.70379 0.70196 0.70035 0.69994 0.70114 0.69813 0.69652 0.69593 0.69640 0.69544 0.69334 0.69318 0.69289 0.69274 0.69297 0.69330 0.68953 0.68849 0.69278 0.69480 0.68780 0.68389 0.69118 0.69312 0.68951 0.68613 0.68899 0.69025 0.68952 0.68901 0.68887 0.68790 0.68982 0.69049 0.68851 0.68664 0.69108 0.69220 0.68910 0.68742 0.69148 0.69372 0.69066 0.68849 0.69253 0.69529 0.69323 0.69296 0.69482 0.69657 0.69643 0.69764 0.69863 0.69930 0.70047 0.70140 0.70261 0.70427 0.70307 0.70235 0.70811 0.71046 0.70661 0.70785 0.71288 0.71392 0.71302 0.71401 0.71808 0.71946 0.71934 0.72102 0.72466 0.72614 0.72621 0.72843 0.73128 0.73334 0.73409 0.73674 0.73885 0.74058 0.74292 0.74558 0.74783 0.74959 0.75212 0.75438 0.75688 0.75910 0.76164 0.76420 0.76681 0.76941 0.77207 0.77476 0.77748 0.78023 0.78302 0.78583 0.78867 0.79154 0.79444 0.79737 0.76030 0.68280 0.60473 0.52607 0.44682 0.36696 0.28650 0.20543 0.12373 0.04140 0.00000 0.00000 0.00000 0.00000 0.00000 0.00000 0.00000 0.00000 0.00000 0.00000 0.00000 0.00000 0.00000 0.00000 0.00000 0.00000 0.00000 0.00000 0.00000 0.00000 0.00000 0.00000 0.00000 0.00000 0.00000 0.00000 0.00000 0.00000 0.00000 0.00000 0.00000 0.00000 0.00000 0.00000 0.00000
0.00000 0.00000 0.00000 0.00000 0.00000 0.00000 0.00000 0.00000 0.00000 0.00000 0.00000 0.00000 0.00000 0.00000 0.00000 0.04227 0.12637 0.21001 0.29308 0.37545 0.45738 0.53893 0.61984 0.69998 0.77966 0.81821 0.81545 0.81291 0.81000 0.80782 0.80505 0.80235 0.79960 0.79690 0.79420 0.79154 0.78888 0.78625 0.78363 0.78105 0.77847 0.77594 0.77345 0.77092 0.76851 0.76604 0.76394 0.76161 0.75931 0.75716 0.75499 0.75275 0.75025 0.74803 0.74614 0.74386 0.74152 0.73936 0.73762 0.73547 0.73332 0.73128 0.73001 0.72793 0.72581 0.72449 0.72292 0.72116 0.72150 0.71940 0.71699 0.71474 0.71500 0.71466 0.71129 0.70910 0.70918 0.70936 0.70696 0.70585 0.70429 0.70437 0.70322 0.70131 0.70068 0.70073 0.69753 0.69665 0.69851 0.69758 0.69157 0.69219 0.69743 0.69519 0.68854 0.69068 0.69467 0.69182 0.68708 0.69084 0.69409 0.69030 0.68617 0.68958 0.69191 0.69135 0.68873 0.68665 0.69026 0.69273 0.68901 0.68510 0.69071 0.69301 0.68888 0.68413 0.69078 0.69441 0.68991 0.68621 0.69124 0.69395 0.69088 0.68842 0.69265 0.69547 0.69200 0.69206 0.69485 0.69676 0.69488 0.69555 0.69858 0.70062 0.69798 0.69988 0.70367 0.70458 0.70043 0.70412 0.70902 0.70696 0.70831 0.70859 0.70913 0.71183 0.71462 0.71424 0.71484 0.71749 0.72039 0.72065 0.72166 0.72389 0.72657 0.72769 0.72914 0.73123 0.73276 0.73572 0.73732 0.73915 0.74099 0.74376 0.74625 0.74784 0.75022 0.75251 0.75532 0.75722 0.75972 0.76224 0.76488 0.76741 0.77003 0.77269 0.77540 0.77812 0.78087 0.78366 0.78647 0.78932 0.79220 0.79510 0.79803 0.76094 0.68337 0.60523 0.52651 0.44719 0.36727 0.28674 0.20560 0.12383 0.04144 0.00000 0.00000 0.00000 0.00000 0.00000 0.00000 0.00000 0.00000 0.00000 0.00000 0.00000 0.00000 0.00000 0.00000 0.00000 0.00000 0.00000 0.00000 0.00000 0.00000 0.00000 0.00000 0.00000 0.00000 0.00000 0.00000 0.00000 0.00000 0.00000 0.00000 0.00000 0.00000 0.00000 0.00000 0.00000
0.00000 0.00000 0.00000 0.00000 0.00000 0.00000 0.00000 0.00000 0.00000 0.00000 0.00000 0.00000 0.00000 0.00000 0.00000 0.04229 0.12636 0.21003 0.29317 0.37578 0.45747 0.53906 0.62012 0.70052 0.77997 0.81832 0.81594 0.81317 0.81072 0.80792 0.80542 0.80268 0.79995 0.79722 0.79452 0.79186 0.78923 0.78657 0.78394 0.78136 0.77884 0.77628 0.77372 0.77125 0.76880 0.76654 0.76412 0.76190 0.75961 0.75760 0.75536 0.75286 0.75059 0.74863 0.74642 0.74398 0.74181 0.74000 0.73799 0.73542 0.73363 0.73192 0.73060 0.72755 0.72646 0.72419 0.72428 0.72377 0.72031 0.71787 0.71757 0.71744 0.71502 0.71229 0.71105 0.71277 0.70980 0.70716 0.70736 0.70740 0.70443 0.70281 0.70389 0.70307 0.69982 0.69832 0.69886 0.69929 0.69741 0.69523 0.69427 0.69553 0.69565 0.69379 0.69286 0.69215 0.69221 0.69297 0.69424 0.68982 0.68701 0.69145 0.69639 0.69062 0.68553 0.68947 0.69218 0.69052 0.68809 0.68954 0.68975 0.69002 0.69038 0.68973 0.68827 0.69079 0.69208 0.68926 0.68801 0.69180 0.69358 0.69009 0.68881 0.69270 0.69589 0.69303 0.69143 0.69383 0.69629 0.69624 0.69650 0.69694 0.69812 0.70006 0.70067 0.70061 0.70151 0.70382 0.70406 0.70523 0.70773 0.70491 0.70683 0.71275 0.71205 0.71143 0.71214 0.71563 0.71721 0.71780 0.71848 0.72174 0.72349 0.72418 0.72559 0.72920 0.73069 0.73105 0.73344 0.73587 0.73852 0.73948 0.74190 0.74433 0.74607 0.74867 0.75064 0.75354 0.75537 0.75795 0.76032 0.76295 0.76545 0.76804 0.77066 0.77334 0.77604 0.77876 0.78152 0.78431 0.78713 0.78998 0.79285 0.79576 0.79869 0.76157 0.68395 0.60574 0.52695 0.44757 0.36758 0.28698 0.20577 0.12394 0.04147 0.00000 0.00000 0.00000 0.00000 0.00000 0.00000 0.00000 0.00000 0.00000 0.00000 0.00000 0.00000 0.00000 0.00000 0.00000 0.00000 0.00000 0.00000 0.00000 0.00000 0.00000 0.00000 0.00000 0.00000 0.00000 0.00000 0.00000 0.00000 0.00000 0.00000 0.00000 0.00000 0.00000 0.00000 0.00000
0.00000 0.00000 0.00000 0.00000 0.00000 0.00000 0.00000 0.00000 0.00000 0.00000 0.00000 0.00000 0.00000 0.00000 0.00000 0.04231 0.12652 0.21009 0.29318 0.37588 0.45794 0.53922 0.62015 0.70082 0.78063 0.81872 0.81593 0.81378 0.81100 0.80847 0.80571 0.80302 0.80029 0.79758 0.79487 0.79220 0.78954 0.78692 0.78430 0.78171 0.77914 0.77661 0.77408 0.77157 0.76921 0.76676 0.76448 0.76207 0.76023 0.75791 0.75548 0.75325 0.75110 0.74888 0.74652 0.74438 0.74241 0.74032 0.73799 0.73590 0.73432 0.73232 0.73016 0.72822 0.72741 0.72523 0.72301 0.72214 0.72107 0.71858 0.71860 0.71754 0.71448 0.71261 0.71316 0.71230 0.70918 0.70891 0.70830 0.70658 0.70489 0.70540 0.70465 0.70244 0.70028 0.70011 0.70152 0.69940 0.69434 0.69550 0.69847 0.69728 0.69017 0.69207 0.69657 0.69484 0.68873 0.69114 0.69540 0.69217 0.68625 0.69040 0.69446 0.69194 0.68818 0.68845 0.69149 0.69217 0.69025 0.68636 0.69032 0.69342 0.69038 0.68467 0.69046 0.69500 0.69075 0.68558 0.69094 0.69481 0.69116 0.68796 0.69235 0.69563 0.69155 0.69154 0.69506 0.69619 0.69353 0.69576 0.69833 0.69952 0.69679 0.69847 0.70268 0.70334 0.70061 0.70237 0.70796 0.70714 0.70489 0.70681 0.71031 0.71057 0.71165 0.71230 0.71288 0.71565 0.71765 0.71857 0.71932 0.72161 0.72412 0.72495 0.72644 0.72867 0.73134 0.73227 0.73411 0.73659 0.73756 0.74033 0.74275 0.74474 0.74671 0.74883 0.75199 0.75360 0.75609 0.75842 0.76118 0.76352 0.76605 0.76865 0.77133 0.77398 0.77667 0.77940 0.78217 0.78497 0.78779 0.79064 0.79352 0.79643 0.79937 0.76221 0.68452 0.60625 0.52740 0.44795 0.36789 0.28723 0.20595 0.12404 0.04151 0.00000 0.00000 0.00000 0.00000 0.00000 0.00000 0.00000 0.00000 0.00000 0.00000 0.00000 0.00000 0.00000 0.00000 0.00000 0.00000 0.00000 0.00000 0.00000 0.00000 0.00000 0.00000 0.00000 0.00000 0.00000 0.00000 0.00000 0.00000 0.00000 0.00000 0.00000 0.00000 0.00000 0.00000 0.00000
0.00000 0.00000 0.00000 0.00000 0.00000 0.00000 0.00000 0.00000 0.00000 0.00000 0.00000 0.00000 0.00000 0.00000 0.00000 0.04231 0.12653 0.21030 0.29322 0.37598 0.45804 0.53977 0.62042 0.70097 0.78092 0.81938 0.81652 0.81381 0.81155 0.80881 0.80612 0.80336 0.80063 0.79793 0.79524 0.79255 0.78988 0.78725 0.78468 0.78207 0.77948 0.77693 0.77445 0.77198 0.76949 0.76711 0.76471 0.76278 0.76034 0.75814 0.75580 0.75374 0.75150 0.74904 0.74685 0.74492 0.74286 0.74032 0.73837 0.73655 0.73479 0.73200 0.73068 0.72868 0.72792 0.72538 0.72401 0.72145 0.72138 0.72126 0.71830 0.71602 0.71484 0.71656 0.71274 0.71010 0.71099 0.71128 0.70688 0.70529 0.70826 0.70621 0.70161 0.70116 0.70274 0.70211 0.69892 0.69709 0.69708 0.69822 0.69756 0.69439 0.69317 0.69524 0.69535 0.69404 0.69322 0.69185 0.69127 0.69261 0.69537 0.69116 0.68695 0.69050 0.69578 0.69177 0.68692 0.69012 0.69222 0.69084 0.68903 0.69038 0.69055 0.69114 0.69129 0.68973 0.68933 0.69228 0.69328 0.68970 0.68931 0.69337 0.69560 0.69224 0.69010 0.69380 0.69780 0.69597 0.69515 0.69569 0.69846 0.69982 0.69893 0.69857 0.70024 0.70360 0.70317 0.70276 0.70473 0.70736 0.70673 0.70799 0.71018 0.71099 0.71087 0.71299 0.71553 0.71639 0.71648 0.71894 0.72142 0.72251 0.72311 0.72596 0.72796 0.72931 0.73045 0.73343 0.73540 0.73630 0.73856 0.74080 0.74341 0.74508 0.74722 0.75011 0.75198 0.75445 0.75657 0.75933 0.76163 0.76415 0.76668 0.76933 0.77197 0.77462 0.77732 0.78006 0.78284 0.78563 0.78845 0.79131 0.79419 0.79711 0.80005 0.76286 0.68511 0.60677 0.52785 0.44833 0.36821 0.28747 0.20612 0.12415 0.04154 0.00000 0.00000 0.00000 0.00000 0.00000 0.00000 0.00000 0.00000 0.00000 0.00000 0.00000 0.00000 0.00000 0.00000 0.00000 0.00000 0.00000 0.00000 0.00000 0.00000 0.00000 0.00000 0.00000 0.00000 0.00000 0.00000 0.00000 0.00000 0.00000 0.00000 0.00000 0.00000 0.00000 0.00000 0.00000
0.00000 0.00000 0.00000 0.00000 0.00000 0.00000 0.00000 0.00000 0.00000 0.00000 0.00000 0.00000 0.00000 0.00000 0.00000 0.04232 0.12657 0.21034 0.29357 0.37602 0.45815 0.53998 0.62097 0.70118 0.78113 0.81983 0.81707 0.81444 0.81178 0.80926 0.80650 0.80375 0.80100 0.79828 0.79558 0.79292 0.79026 0.78761 0.78500 0.78244 0.77987 0.77729 0.77479 0.77233 0.76985 0.76739 0.76529 0.76281 0.76081 0.75835 0.75637 0.75412 0.75162 0.74945 0.74739 0.74531 0.74290 0.74086 0.73889 0.73699 0.73475 0.73265 0.73130 0.72946 0.72698 0.72564 0.72531 0.72256 0.72139 0.72028 0.71846 0.71602 0.71676 0.71571 0.71220 0.71126 0.71225 0.70985 0.70718 0.70831 0.70824 0.70443 0.70277 0.70333 0.70471 0.70104 0.69748 0.69868 0.70071 0.69882 0.69419 0.69449 0.69827 0.69704 0.69208 0.69219 0.69636 0.69480 0.68973 0.69116 0.69495 0.69296 0.68907 0.69003 0.69280 0.69329 0.69091 0.68803 0.69073 0.69357 0.69143 0.68683 0.69045 0.69612 0.69159 0.68558 0.69098 0.69603 0.69164 0.68751 0.69223 0.69606 0.69094 0.69087 0.69511 0.69600 0.69248 0.69572 0.69809 0.69785 0.69547 0.69841 0.70251 0.70117 0.69916 0.70170 0.70670 0.70517 0.70303 0.70578 0.71073 0.70898 0.70846 0.71108 0.71289 0.71375 0.71510 0.71683 0.71783 0.71954 0.72132 0.72275 0.72405 0.72621 0.72841 0.72935 0.73132 0.73374 0.73519 0.73717 0.73949 0.74192 0.74307 0.74573 0.74846 0.75051 0.75255 0.75478 0.75769 0.75981 0.76221 0.76474 0.76741 0.76998 0.77259 0.77527 0.77799 0.78073 0.78350 0.78629 0.78912 0.79199 0.79487 0.79779 0.80073 0.76352 0.68569 0.60729 0.52830 0.44871 0.36852 0.28772 0.20630 0.12426 0.04158 0.00000 0.00000 0.00000 0.00000 0.00000 0.00000 0.00000 0.00000 0.00000 0.00000 0.00000 0.00000 0.00000 0.00000 0.00000 0.00000 0.00000 0.00000 0.00000 0.00000 0.00000 0.00000 0.00000 0.00000 0.00000 0.00000 0.00000 0.00000 0.00000 0.00000 0.00000 0.00000 0.00000 0.00000 0.00000
0.00000 0.00000 0.00000 0.00000 0.00000 0.00000 0.00000 0.00000 0.00000 0.00000 0.00000 0.00000 0.00000 0.00000 0.00000 0.04237 0.12657 0.21041 0.29355 0.37647 0.45834 0.54015 0.62112 0.70188 0.78154 0.82005 0.81756 0.81493 0.81234 0.80959 0.80686 0.80412 0.80139 0.79866 0.79595 0.79328 0.79065 0.78800 0.78536 0.78278 0.78025 0.77770 0.77515 0.77264 0.77022 0.76788 0.76546 0.76339 0.76085 0.75908 0.75665 0.75429 0.75205 0.74997 0.74784 0.74537 0.74335 0.74137 0.73946 0.73687 0.73519 0.73326 0.73187 0.72887 0.72807 0.72605 0.72508 0.72421 0.72201 0.71993 0.71849 0.72032 0.71643 0.71355 0.71334 0.71546 0.71038 0.70795 0.71076 0.70954 0.70401 0.70353 0.70612 0.70459 0.70030 0.69918 0.70078 0.70100 0.69933 0.69639 0.69551 0.69767 0.69752 0.69489 0.69316 0.69431 0.69450 0.69420 0.69427 0.69211 0.69027 0.69226 0.69616 0.69223 0.68702 0.69099 0.69568 0.69193 0.68749 0.69107 0.69295 0.69173 0.68960 0.69052 0.69141 0.69279 0.69225 0.68977 0.69025 0.69406 0.69470 0.69162 0.68979 0.69472 0.69854 0.69550 0.69424 0.69513 0.69919 0.69893 0.69714 0.69685 0.70052 0.70270 0.70132 0.70083 0.70378 0.70715 0.70538 0.70533 0.70899 0.71144 0.70924 0.70996 0.71450 0.71511 0.71451 0.71604 0.72013 0.72074 0.72084 0.72289 0.72581 0.72722 0.72783 0.73017 0.73255 0.73444 0.73565 0.73782 0.74043 0.74198 0.74419 0.74639 0.74911 0.75086 0.75309 0.75587 0.75802 0.76042 0.76285 0.76548 0.76803 0.77062 0.77325 0.77594 0.77866 0.78140 0.78416 0.78697 0.78981 0.79267 0.79556 0.79847 0.80142 0.76418 0.68629 0.60782 0.52876 0.44910 0.36884 0.28797 0.20648 0.12436 0.04161 0.00000 0.00000 0.00000 0.00000 0.00000 0.00000 0.00000 0.00000 0.00000 0.00000 0.00000 0.00000 0.00000 0.00000 0.00000 0.00000 0.00000 0.00000 0.00000 0.00000 0.00000 0.00000 0.00000 0.00000 0.00000 0.00000 0.00000 0.00000 0.00000 0.00000 0.00000 0.00000 0.00000 0.00000 0.00000
0.00000 0.00000 0.00000 0.00000 0.00000 0.00000 0.00000 0.00000 0.00000 0.00000 0.00000 0.00000 0.00000 0.00000 0.00000 0.04237 0.12675 0.21040 0.29370 0.37660 0.45878 0.54020 0.62135 0.70226 0.78221 0.82038 0.81788 0.81553 0.81279 0.81002 0.80725 0.80449 0.80176 0.79905 0.79634 0.79365 0.79100 0.78839 0.78577 0.78315 0.78059 0.77809 0.77555 0.77303 0.77057 0.76821 0.76591 0.76342 0.76175 0.75912 0.75701 0.75474 0.75250 0.75034 0.74800 0.74590 0.74377 0.74187 0.73951 0.73748 0.73565 0.73390 0.73170 0.72982 0.72871 0.72667 0.72449 0.72349 0.72289 0.72011 0.71937 0.71866 0.71597 0.71401 0.71608 0.71348 0.70977 0.71059 0.71141 0.70728 0.70486 0.70654 0.70765 0.70309 0.70093 0.70139 0.70343 0.70070 0.69727 0.69694 0.69948 0.69876 0.69519 0.69367 0.69614 0.69662 0.69375 0.69201 0.69412 0.69486 0.69248 0.69141 0.69247 0.69391 0.69219 0.69006 0.69123 0.69423 0.69240 0.68874 0.69096 0.69552 0.69221 0.68699 0.69150 0.69695 0.69209 0.68707 0.69249 0.69675 0.69062 0.69052 0.69550 0.69675 0.69109 0.69552 0.69814 0.69680 0.69515 0.69888 0.70185 0.69905 0.69765 0.70183 0.70498 0.70292 0.70125 0.70592 0.70918 0.70678 0.70652 0.71070 0.71287 0.71163 0.71294 0.71553 0.71651 0.71755 0.71878 0.72085 0.72225 0.72389 0.72547 0.72697 0.72868 0.73107 0.73303 0.73423 0.73649 0.73900 0.74101 0.74261 0.74459 0.74763 0.74889 0.75150 0.75420 0.75635 0.75853 0.76097 0.76367 0.76612 0.76863 0.77126 0.77394 0.77662 0.77932 0.78206 0.78484 0.78765 0.79049 0.79335 0.79625 0.79917 0.80212 0.76484 0.68688 0.60834 0.52922 0.44949 0.36916 0.28822 0.20666 0.12447 0.04165 0.00000 0.00000 0.00000 0.00000 0.00000 0.00000 0.00000 0.00000 0.00000 0.00000 0.00000 0.00000 0.00000 0.00000 0.00000 0.00000 0.00000 0.00000 0.00000 0.00000 0.00000 0.00000 0.00000 0.00000 0.00000 0.00000 0.00000 0.00000 0.00000 0.00000 0.00000 0.00000 0.00000 0.00000 0.00000
0.00000 0.00000 0.00000 0.00000 0.00000 0.00000 0.00000 0.00000 0.00000 0.00000 0.00000 0.00000 0.00000 0.00000 0.00000 0.04239 0.12672 0.21067 0.29380 0.37677 0.45882 0.54082 0.62169 0.70249 0.78251 0.82120 0.81848 0.81587 0.81320 0.81042 0.80766 0.80489 0.80214 0.79943 0.79675 0.79406 0.79138 0.78876 0.78617 0.78357 0.78097 0.77843 0.77595 0.77342 0.77100 0.76853 0.76617 0.76424 0.76164 0.75975 0.75724 0.75523 0.75297 0.75055 0.74841 0.74637 0.74437 0.74186 0.73999 0.73803 0.73626 0.73367 0.73230 0.73036 0.72907 0.72662 0.72570 0.72418 0.72235 0.72238 0.72010 0.71773 0.71609 0.71886 0.71445 0.71063 0.71264 0.71277 0.70818 0.70620 0.70887 0.70746 0.70299 0.70223 0.70393 0.70337 0.70106 0.69841 0.69877 0.69991 0.69950 0.69598 0.69461 0.69686 0.69682 0.69526 0.69390 0.69402 0.69325 0.69403 0.69599 0.69285 0.68896 0.69229 0.69726 0.69287 0.68736 0.69183 0.69541 0.69246 0.68839 0.69158 0.69383 0.69273 0.69091 0.69087 0.69189 0.69398 0.69367 0.69180 0.69030 0.69555 0.69729 0.69523 0.69123 0.69505 0.70008 0.69824 0.69571 0.69660 0.70124 0.70181 0.69952 0.69957 0.70370 0.70547 0.70356 0.70371 0.70854 0.70935 0.70720 0.70867 0.71373 0.71350 0.71191 0.71416 0.71857 0.71884 0.71856 0.72001 0.72397 0.72507 0.72550 0.72715 0.73015 0.73199 0.73285 0.73495 0.73755 0.73988 0.74111 0.74351 0.74605 0.74699 0.74998 0.75233 0.75472 0.75681 0.75918 0.76181 0.76423 0.76674 0.76931 0.77195 0.77461 0.77728 0.77999 0.78275 0.78553 0.78834 0.79117 0.79404 0.79694 0.79987 0.80282 0.76551 0.68748 0.60888 0.52968 0.44989 0.36949 0.28847 0.20684 0.12458 0.04169 0.00000 0.00000 0.00000 0.00000 0.00000 0.00000 0.00000 0.00000 0.00000 0.00000 0.00000 0.00000 0.00000 0.00000 0.00000 0.00000 0.00000 0.00000 0.00000 0.00000 0.00000 0.00000 0.00000 0.00000 0.00000 0.00000 0.00000 0.00000 0.00000 0.00000 0.00000 0.00000 0.00000 0.00000 0.00000
0.00000 0.00000 0.00000 0.00000 0.00000 0.00000 0.00000 0.00000 0.00000 0.00000 0.00000 0.00000 0.00000 0.00000 0.00000 0.04238 0.12681 0.21075 0.29412 0.37672 0.45907 0.54114 0.62223 0.70262 0.78291 0.82175 0.81912 0.81637 0.81361 0.81083 0.80805 0.80531 0.80256 0.79983 0.79713 0.79447 0.79181 0.78915 0.78654 0.78398 0.78141 0.77883 0.77629 0.77388 0.77133 0.76893 0.76665 0.76426 0.76244 0.75979 0.75795 0.75559 0.75320 0.75104 0.74887 0.74680 0.74451 0.74249 0.74037 0.73856 0.73636 0.73438 0.73280 0.73104 0.72878 0.72739 0.72675 0.72421 0.72246 0.72160 0.72063 0.71789 0.71757 0.71678 0.71328 0.71298 0.71447 0.71093 0.70739 0.70941 0.71003 0.70581 0.70329 0.70452 0.70606 0.70292 0.69975 0.69937 0.70145 0.70070 0.69763 0.69509 0.69746 0.69874 0.69654 0.69319 0.69411 0.69660 0.69549 0.69248 0.69165 0.69512 0.69449 0.69176 0.69119 0.69462 0.69379 0.69081 0.69156 0.69519 0.69268 0.68905 0.69218 0.69657 0.69210 0.68728 0.69314 0.69727 0.69158 0.68987 0.69579 0.69753 0.69006 0.69493 0.69857 0.69641 0.69413 0.69891 0.70080 0.69772 0.69734 0.70200 0.70378 0.70096 0.70110 0.70573 0.70706 0.70465 0.70579 0.71069 0.71044 0.70907 0.71231 0.71505 0.71422 0.71518 0.71719 0.71921 0.72045 0.72167 0.72278 0.72487 0.72669 0.72858 0.73010 0.73154 0.73370 0.73618 0.73826 0.73955 0.74201 0.74452 0.74615 0.74839 0.75043 0.75328 0.75497 0.75738 0.76007 0.76242 0.76481 0.76738 0.77004 0.77264 0.77526 0.77795 0.78069 0.78344 0.78622 0.78903 0.79187 0.79475 0.79765 0.80057 0.80353 0.76618 0.68809 0.60941 0.53015 0.45028 0.36981 0.28873 0.20702 0.12469 0.04172 0.00000 0.00000 0.00000 0.00000 0.00000 0.00000 0.00000 0.00000 0.00000 0.00000 0.00000 0.00000 0.00000 0.00000 0.00000 0.00000 0.00000 0.00000 0.00000 0.00000 0.00000 0.00000 0.00000 0.00000 0.00000 0.00000 0.00000 0.00000 0.00000 0.00000 0.00000 0.00000 0.00000 0.00000 0.00000
0.00000 0.00000 0.00000 0.00000 0.00000 0.00000 0.00000 0.00000 0.00000 0.00000 0.00000 0.00000 0.00000 0.00000 0.00000 0.04244 0.12684 0.21087 0.29412 0.37722 0.45929 0.54140 0.62241 0.70341 0.78343 0.82221 0.81958 0.81684 0.81405 0.81125 0.80846 0.80571 0.80299 0.80025 0.79754 0.79487 0.79223 0.78959 0.78694 0.78436 0.78181 0.77926 0.77674 0.77420 0.77181 0.76931 0.76699 0.76489 0.76239 0.76066 0.75818 0.75594 0.75364 0.75151 0.74937 0.74700 0.74495 0.74295 0.74104 0.73857 0.73680 0.73500 0.73330 0.73089 0.72971 0.72816 0.72643 0.72472 0.72351 0.72250 0.71979 0.71933 0.71816 0.71578 0.71467 0.71472 0.71267 0.70964 0.71123 0.71005 0.70693 0.70540 0.70660 0.70581 0.70327 0.70096 0.70203 0.70235 0.70145 0.69814 0.69736 0.69911 0.69881 0.69630 0.69504 0.69647 0.69565 0.69548 0.69575 0.69427 0.69166 0.69374 0.69808 0.69382 0.68832 0.69254 0.69765 0.69352 0.68900 0.69272 0.69604 0.69302 0.69036 0.69280 0.69410 0.69296 0.69293 0.69311 0.69126 0.69443 0.69630 0.69562 0.69092 0.69473 0.69989 0.69818 0.69414 0.69621 0.70147 0.70078 0.69810 0.69903 0.70341 0.70390 0.70220 0.70332 0.70766 0.70721 0.70574 0.70883 0.71261 0.71076 0.71004 0.71452 0.71689 0.71652 0.71653 0.71829 0.72182 0.72296 0.72328 0.72452 0.72797 0.72970 0.73027 0.73200 0.73484 0.73703 0.73820 0.74054 0.74292 0.74500 0.74690 0.74887 0.75173 0.75316 0.75575 0.75830 0.76058 0.76300 0.76552 0.76811 0.77068 0.77330 0.77595 0.77865 0.78138 0.78413 0.78691 0.78973 0.79258 0.79545 0.79835 0.80128 0.80424 0.76686 0.68870 0.60995 0.53062 0.45068 0.37014 0.28898 0.20721 0.12480 0.04176 0.00000 0.00000 0.00000 0.00000 0.00000 0.00000 0.00000 0.00000 0.00000 0.00000 0.00000 0.00000 0.00000 0.00000 0.00000 0.00000 0.00000 0.00000 0.00000 0.00000 0.00000 0.00000 0.00000 0.00000 0.00000 0.00000 0.00000 0.00000 0.00000 0.00000 0.00000 0.00000 0.00000 0.00000 0.00000
0.00000 0.00000 0.00000 0.00000 0.00000 0.00000 0.00000 0.00000 0.00000 0.00000 0.00000 0.00000 0.00000 0.00000 0.00000 0.04246 0.12700 0.21080 0.29430 0.37742 0.45975 0.54136 0.62279 0.70387 0.78413 0.82268 0.82006 0.81728 0.81446 0.81168 0.80890 0.80613 0.80339 0.80069 0.79798 0.79528 0.79263 0.79001 0.78740 0.78477 0.78221 0.77969 0.77716 0.77466 0.77215 0.76979 0.76738 0.76501 0.76320 0.76072 0.75868 0.75638 0.75409 0.75190 0.74965 0.74755 0.74539 0.74342 0.74121 0.73923 0.73728 0.73549 0.73339 0.73165 0.73042 0.72843 0.72635 0.72518 0.72475 0.72207 0.71985 0.71991 0.71899 0.71618 0.71627 0.71478 0.71196 0.71213 0.71234 0.70909 0.70615 0.70801 0.70816 0.70521 0.70210 0.70259 0.70408 0.70314 0.69989 0.69711 0.69992 0.70036 0.69856 0.69339 0.69569 0.69903 0.69790 0.69354 0.69286 0.69632 0.69631 0.69309 0.69122 0.69543 0.69550 0.69227 0.69199 0.69519 0.69365 0.69192 0.69335 0.69609 0.69217 0.68938 0.69429 0.69740 0.69236 0.68956 0.69616 0.69879 0.69187 0.69443 0.69953 0.69736 0.69413 0.69849 0.70091 0.69723 0.69751 0.70171 0.70269 0.69956 0.70101 0.70485 0.70533 0.70292 0.70557 0.70966 0.70827 0.70702 0.71177 0.71401 0.71115 0.71301 0.71718 0.71732 0.71806 0.71979 0.72083 0.72278 0.72478 0.72629 0.72740 0.72916 0.73140 0.73350 0.73532 0.73666 0.73901 0.74154 0.74401 0.74522 0.74700 0.75035 0.75176 0.75405 0.75653 0.75891 0.76116 0.76363 0.76627 0.76879 0.77134 0.77398 0.77666 0.77935 0.78207 0.78482 0.78762 0.79044 0.79328 0.79616 0.79906 0.80200 0.80496 0.76755 0.68931 0.61050 0.53109 0.45108 0.37047 0.28924 0.20739 0.12491 0.04180 0.00000 0.00000 0.00000 0.00000 0.00000 0.00000 0.00000 0.00000 0.00000 0.00000 0.00000 0.00000 0.00000 0.00000 0.00000 0.00000 0.00000 0.00000 0.00000 0.00000 0.00000 0.00000 0.00000 0.00000 0.00000 0.00000 0.00000 0.00000 0.00000 0.00000 0.00000 0.00000 0.00000 0.00000 0.00000
0.00000 0.00000 0.00000 0.00000 0.00000 0.00000 0.00000 0.00000 0.00000 0.00000 0.00000 0.00000 0.00000 0.00000 0.00000 0.04248 0.12700 0.21109 0.29441 0.37768 0.45980 0.54211 0.62311 0.70435 0.78457 0.82332 0.82052 0.81772 0.81490 0.81211 0.80934 0.80657 0.80382 0.80110 0.79842 0.79573 0.79305 0.79042 0.78782 0.78524 0.78264 0.78011 0.77760 0.77509 0.77264 0.77022 0.76779 0.76563 0.76327 0.76129 0.75906 0.75681 0.75459 0.75221 0.75005 0.74802 0.74597 0.74362 0.74165 0.73977 0.73788 0.73559 0.73392 0.73237 0.73059 0.72871 0.72730 0.72624 0.72388 0.72222 0.72163 0.72146 0.71778 0.71520 0.71671 0.71501 0.71350 0.71178 0.71135 0.70898 0.70950 0.70821 0.70660 0.70458 0.70498 0.70459 0.70346 0.70080 0.70051 0.70166 0.70013 0.69853 0.69706 0.69874 0.69742 0.69697 0.69695 0.69644 0.69388 0.69536 0.69747 0.69513 0.69082 0.69341 0.69947 0.69483 0.68878 0.69323 0.69692 0.69426 0.69137 0.69435 0.69657 0.69272 0.69285 0.69500 0.69311 0.69282 0.69601 0.69624 0.69136 0.69366 0.69840 0.69854 0.69331 0.69568 0.70123 0.70042 0.69707 0.69901 0.70320 0.70297 0.70119 0.70311 0.70629 0.70578 0.70481 0.70841 0.71101 0.70860 0.70932 0.71453 0.71524 0.71308 0.71560 0.71811 0.71954 0.72073 0.72121 0.72245 0.72574 0.72749 0.72785 0.72929 0.73237 0.73455 0.73544 0.73743 0.73999 0.74220 0.74383 0.74647 0.74867 0.74979 0.75265 0.75497 0.75714 0.75938 0.76188 0.76443 0.76688 0.76944 0.77205 0.77469 0.77735 0.78004 0.78277 0.78553 0.78833 0.79115 0.79399 0.79687 0.79978 0.80272 0.80568 0.76824 0.68993 0.61105 0.53157 0.45149 0.37080 0.28950 0.20758 0.12502 0.04183 0.00000 0.00000 0.00000 0.00000 0.00000 0.00000 0.00000 0.00000 0.00000 0.00000 0.00000 0.00000 0.00000 0.00000 0.00000 0.00000 0.00000 0.00000 0.00000 0.00000 0.00000 0.00000 0.00000 0.00000 0.00000 0.00000 0.00000 0.00000 0.00000 0.00000 0.00000 0.00000 0.00000 0.00000 0.00000
0.00000 0.00000 0.00000 0.00000 0.00000 0.00000 0.00000 0.00000 0.00000 0.00000 0.00000 0.00000 0.00000 0.00000 0.00000 0.04247 0.12704 0.21121 0.29474 0.37756 0.46008 0.54233 0.62380 0.70450 0.78520 0.82382 0.82098 0.81816 0.81535 0.81255 0.80977 0.80702 0.80428 0.80154 0.79884 0.79618 0.79352 0.79086 0.78825 0.78566 0.78311 0.78054 0.77805 0.77554 0.77310 0.77061 0.76836 0.76587 0.76380 0.76163 0.75944 0.75730 0.75488 0.75276 0.75047 0.74839 0.74631 0.74425 0.74210 0.74018 0.73815 0.73626 0.73449 0.73273 0.73070 0.72920 0.72809 0.72617 0.72364 0.72334 0.72304 0.72015 0.71724 0.71839 0.71817 0.71488 0.71461 0.71337 0.71099 0.71108 0.71042 0.70800 0.70567 0.70675 0.70630 0.70497 0.70240 0.70048 0.70282 0.70204 0.70076 0.69549 0.69845 0.70130 0.70012 0.69440 0.69518 0.69848 0.69856 0.69447 0.69317 0.69654 0.69721 0.69358 0.69250 0.69576 0.69511 0.69314 0.69429 0.69560 0.69243 0.69257 0.69622 0.69707 0.69219 0.69178 0.69684 0.69857 0.69351 0.69398 0.69906 0.69858 0.69359 0.69815 0.70087 0.69773 0.69733 0.70115 0.70186 0.69901 0.70079 0.70414 0.70387 0.70191 0.70515 0.70818 0.70684 0.70532 0.71051 0.71286 0.70994 0.71131 0.71608 0.71634 0.71519 0.71928 0.71956 0.72039 0.72286 0.72431 0.72499 0.72713 0.72943 0.73103 0.73238 0.73399 0.73653 0.73878 0.74087 0.74209 0.74437 0.74731 0.74918 0.75094 0.75304 0.75571 0.75776 0.76003 0.76263 0.76509 0.76756 0.77013 0.77276 0.77539 0.77805 0.78075 0.78348 0.78625 0.78904 0.79186 0.79471 0.79760 0.80051 0.80344 0.80641 0.76893 0.69056 0.61160 0.53205 0.45189 0.37113 0.28976 0.20776 0.12513 0.04187 0.00000 0.00000 0.00000 0.00000 0.00000 0.00000 0.00000 0.00000 0.00000 0.00000 0.00000 0.00000 0.00000 0.00000 0.00000 0.00000 0.00000 0.00000 0.00000 0.00000 0.00000 0.00000 0.00000 0.00000 0.00000 0.00000 0.00000 0.00000 0.00000 0.00000 0.00000 0.00000 0.00000 0.00000 0.00000
0.00000 0.00000 0.00000 0.00000 0.00000 0.00000 0.00000 0.00000 0.00000 0.00000 0.00000 0.00000 0.00000 0.00000 0.00000 0.04253 0.12711 0.21129 0.29478 0.37806 0.46022 0.54283 0.62394 0.70539 0.78561 0.82429 0.82144 0.81861 0.81581 0.81301 0.81022 0.80746 0.80473 0.80201 0.79929 0.79661 0.79396 0.79133 0.78869 0.78611 0.78354 0.78102 0.77848 0.77605 0.77351 0.77121 0.76863 0.76655 0.76415 0.76197 0.76007 0.75750 0.75540 0.75313 0.75102 0.74874 0.74665 0.74474 0.74272 0.74048 0.73853 0.73685 0.73498 0.73299 0.73133 0.73005 0.72811 0.72620 0.72514 0.72514 0.72184 0.71912 0.72001 0.72068 0.71629 0.71313 0.71575 0.71348 0.71239 0.71011 0.71011 0.70840 0.70850 0.70682 0.70601 0.70433 0.70389 0.70399 0.70219 0.70147 0.70024 0.70083 0.69858 0.69920 0.69910 0.69855 0.69555 0.69731 0.69865 0.69705 0.69304 0.69499 0.69909 0.69637 0.69222 0.69339 0.69920 0.69611 0.69142 0.69450 0.69826 0.69426 0.69343 0.69677 0.69532 0.69214 0.69612 0.69741 0.69281 0.69286 0.69917 0.69935 0.69328 0.69415 0.70165 0.70043 0.69712 0.69881 0.70330 0.70285 0.70034 0.70290 0.70495 0.70496 0.70436 0.70779 0.70930 0.70748 0.70841 0.71319 0.71409 0.71109 0.71448 0.71776 0.71832 0.71836 0.72027 0.72107 0.72341 0.72542 0.72560 0.72694 0.73018 0.73228 0.73279 0.73452 0.73727 0.73969 0.74094 0.74312 0.74547 0.74738 0.74975 0.75190 0.75396 0.75588 0.75843 0.76096 0.76322 0.76572 0.76830 0.77086 0.77345 0.77609 0.77876 0.78146 0.78420 0.78696 0.78976 0.79258 0.79544 0.79832 0.80123 0.80418 0.80714 0.76963 0.69118 0.61215 0.53253 0.45230 0.37147 0.29002 0.20795 0.12525 0.04191 0.00000 0.00000 0.00000 0.00000 0.00000 0.00000 0.00000 0.00000 0.00000 0.00000 0.00000 0.00000 0.00000 0.00000 0.00000 0.00000 0.00000 0.00000 0.00000 0.00000 0.00000 0.00000 0.00000 0.00000 0.00000 0.00000 0.00000 0.00000 0.00000 0.00000 0.00000 0.00000 0.00000 0.00000 0.00000
0.00000 0.00000 0.00000 0.00000 0.00000 0.00000 0.00000 0.00000 0.00000 0.00000 0.00000 0.00000 0.00000 0.00000 0.00000 0.04256 0.12726 0.21130 0.29480 0.37827 0.46076 0.54260 0.62451 0.70573 0.78620 0.82474 0.82191 0.81908 0.81627 0.81348 0.81069 0.80793 0.80519 0.80247 0.79977 0.79707 0.79442 0.79178 0.78918 0.78657 0.78403 0.78145 0.77899 0.77645 0.77416 0.77149 0.76933 0.76677 0.76471 0.76262 0.76012 0.75817 0.75568 0.75361 0.75136 0.74929 0.74715 0.74510 0.74315 0.74110 0.73910 0.73720 0.73529 0.73357 0.73198 0.73029 0.72802 0.72701 0.72611 0.72425 0.72085 0.72164 0.72194 0.71823 0.71586 0.71782 0.71644 0.71349 0.71302 0.71187 0.71070 0.71034 0.70865 0.70743 0.70669 0.70592 0.70477 0.70515 0.70368 0.69980 0.70111 0.70405 0.70226 0.69665 0.69758 0.70137 0.70128 0.69589 0.69583 0.69853 0.69926 0.69459 0.69380 0.69684 0.69686 0.69415 0.69462 0.69618 0.69394 0.69441 0.69780 0.69596 0.69251 0.69443 0.69883 0.69751 0.69400 0.69511 0.69843 0.69845 0.69516 0.69797 0.69988 0.69831 0.69679 0.70079 0.70063 0.69949 0.70056 0.70378 0.70271 0.70156 0.70467 0.70655 0.70575 0.70344 0.70949 0.71150 0.70923 0.70909 0.71455 0.71622 0.71382 0.71638 0.71823 0.71893 0.72090 0.72232 0.72298 0.72522 0.72752 0.72865 0.72972 0.73166 0.73424 0.73617 0.73783 0.73913 0.74169 0.74435 0.74651 0.74780 0.74963 0.75288 0.75478 0.75657 0.75911 0.76157 0.76395 0.76642 0.76900 0.77157 0.77416 0.77680 0.77948 0.78218 0.78492 0.78768 0.79048 0.79331 0.79617 0.79905 0.80197 0.80491 0.80788 0.77033 0.69181 0.61271 0.53301 0.45271 0.37181 0.29028 0.20814 0.12536 0.04195 0.00000 0.00000 0.00000 0.00000 0.00000 0.00000 0.00000 0.00000 0.00000 0.00000 0.00000 0.00000 0.00000 0.00000 0.00000 0.00000 0.00000 0.00000 0.00000 0.00000 0.00000 0.00000 0.00000 0.00000 0.00000 0.00000 0.00000 0.00000 0.00000 0.00000 0.00000 0.00000 0.00000 0.00000 0.00000
0.00000 0.00000 0.00000 0.00000 0.00000 0.00000 0.00000 0.00000 0.00000 0.00000 0.00000 0.00000 0.00000 0.00000 0.00000 0.04257 0.12730 0.21155 0.29503 0.37845 0.46086 0.54349 0.62459 0.70621 0.78661 0.82523 0.82238 0.81955 0.81674 0.81394 0.81117 0.80841 0.80566 0.80293 0.80024 0.79756 0.79489 0.79225 0.78963 0.78706 0.78448 0.78197 0.77941 0.77704 0.77445 0.77228 0.76954 0.76751 0.76514 0.76282 0.76094 0.75832 0.75634 0.75389 0.75179 0.74974 0.74769 0.74556 0.74343 0.74166 0.73964 0.73764 0.73563 0.73418 0.73228 0.73054 0.72916 0.72818 0.72579 0.72381 0.72356 0.72452 0.71994 0.71711 0.71926 0.71903 0.71434 0.71191 0.71392 0.71325 0.71257 0.70825 0.70877 0.70872 0.70872 0.70534 0.70471 0.70456 0.70454 0.70269 0.69951 0.70191 0.70213 0.70017 0.69675 0.69970 0.70082 0.69908 0.69559 0.69737 0.70031 0.69818 0.69393 0.69453 0.70012 0.69762 0.69192 0.69333 0.69999 0.69719 0.69323 0.69666 0.69744 0.69411 0.69671 0.69880 0.69452 0.69344 0.69934 0.70023 0.69467 0.69462 0.70251 0.70135 0.69702 0.69848 0.70336 0.70271 0.70005 0.70262 0.70460 0.70449 0.70411 0.70717 0.70741 0.70671 0.70768 0.71201 0.71275 0.71008 0.71232 0.71676 0.71824 0.71624 0.71799 0.72011 0.72167 0.72350 0.72352 0.72491 0.72825 0.73011 0.73031 0.73177 0.73479 0.73728 0.73826 0.73998 0.74238 0.74480 0.74688 0.74897 0.75094 0.75267 0.75528 0.75774 0.75969 0.76212 0.76471 0.76719 0.76967 0.77226 0.77489 0.77752 0.78020 0.78291 0.78564 0.78841 0.79121 0.79404 0.79690 0.79979 0.80271 0.80565 0.80862 0.77104 0.69245 0.61327 0.53350 0.45313 0.37215 0.29055 0.20833 0.12547 0.04199 0.00000 0.00000 0.00000 0.00000 0.00000 0.00000 0.00000 0.00000 0.00000 0.00000 0.00000 0.00000 0.00000 0.00000 0.00000 0.00000 0.00000 0.00000 0.00000 0.00000 0.00000 0.00000 0.00000 0.00000 0.00000 0.00000 0.00000 0.00000 0.00000 0.00000 0.00000 0.00000 0.00000 0.00000 0.00000
0.00000 0.00000 0.00000 0.00000 0.00000 0.00000 0.00000 0.00000 0.00000 0.00000 0.00000 0.00000 0.00000 0.00000 0.00000 0.04258 0.12729 0.21171 0.29534 0.37850 0.46102 0.54356 0.62540 0.70647 0.78706 0.82571 0.82287 0.82004 0.81722 0.81442 0.81164 0.80889 0.80614 0.80342 0.80071 0.79803 0.79538 0.79274 0.79013 0.78752 0.78497 0.78243 0.78002 0.77738 0.77511 0.77248 0.77045 0.76782 0.76561 0.76351 0.76101 0.75907 0.75652 0.75452 0.75222 0.75014 0.74819 0.74607 0.74410 0.74193 0.74016 0.73816 0.73635 0.73446 0.73261 0.73098 0.72956 0.72852 0.72542 0.72502 0.72462 0.72239 0.71888 0.72011 0.72069 0.71544 0.71514 0.71681 0.71522 0.71338 0.71114 0.71008 0.71093 0.70991 0.70663 0.70702 0.70751 0.70586 0.70326 0.70593 0.70487 0.70070 0.70009 0.70373 0.70348 0.69801 0.69689 0.70086 0.70161 0.69606 0.69564 0.69899 0.69898 0.69435 0.69495 0.69754 0.69661 0.69502 0.69748 0.69585 0.69381 0.69672 0.70067 0.69598 0.69479 0.69728 0.69866 0.69734 0.69664 0.69873 0.69854 0.69834 0.69817 0.70085 0.69956 0.69979 0.70079 0.70367 0.70182 0.70161 0.70456 0.70596 0.70486 0.70383 0.70887 0.70985 0.70830 0.70683 0.71364 0.71541 0.71295 0.71314 0.71716 0.72080 0.71917 0.71973 0.72131 0.72389 0.72571 0.72646 0.72732 0.72975 0.73223 0.73370 0.73477 0.73648 0.73938 0.74162 0.74338 0.74474 0.74690 0.75015 0.75195 0.75333 0.75568 0.75830 0.76066 0.76283 0.76534 0.76791 0.77042 0.77298 0.77560 0.77825 0.78093 0.78363 0.78637 0.78915 0.79195 0.79478 0.79764 0.80053 0.80345 0.80640 0.80937 0.77175 0.69309 0.61384 0.53399 0.45354 0.37249 0.29081 0.20852 0.12559 0.04202 0.00000 0.00000 0.00000 0.00000 0.00000 0.00000 0.00000 0.00000 0.00000 0.00000 0.00000 0.00000 0.00000 0.00000 0.00000 0.00000 0.00000 0.00000 0.00000 0.00000 0.00000 0.00000 0.00000 0.00000 0.00000 0.00000 0.00000 0.00000 0.00000 0.00000 0.00000 0.00000 0.00000 0.00000 0.00000
0.00000 0.00000 0.00000 0.00000 0.00000 0.00000 0.00000 0.00000 0.00000 0.00000 0.00000 0.00000 0.00000 0.00000 0.00000 0.04261 0.12741 0.21179 0.29550 0.37893 0.46121 0.54405 0.62550 0.70702 0.78743 0.82617 0.82336 0.82053 0.81772 0.81492 0.81214 0.80937 0.80663 0.80391 0.80121 0.79852 0.79586 0.79324 0.79062 0.78802 0.78544 0.78296 0.78042 0.77805 0.77542 0.77329 0.77062 0.76853 0.76610 0.76381 0.76189 0.75918 0.75718 0.75485 0.75282 0.75060 0.74844 0.74669 0.74452 0.74264 0.74032 0.73877 0.73667 0.73502 0.73276 0.73179 0.73049 0.72812 0.72737 0.72718 0.72394 0.72175 0.72166 0.72370 0.71819 0.71517 0.71680 0.71795 0.71579 0.71036 0.71141 0.71365 0.71315 0.70678 0.70683 0.70898 0.71058 0.70426 0.70303 0.70504 0.70645 0.70180 0.69868 0.70253 0.70395 0.70013 0.69793 0.69997 0.70192 0.70006 0.69679 0.69710 0.70111 0.69918 0.69429 0.69359 0.70105 0.69930 0.69212 0.69449 0.69948 0.69758 0.69678 0.69835 0.69689 0.69579 0.70005 0.70052 0.69709 0.69677 0.70328 0.70228 0.69810 0.69923 0.70437 0.70270 0.70039 0.70264 0.70537 0.70424 0.70373 0.70672 0.70664 0.70645 0.70786 0.71110 0.71145 0.70900 0.71117 0.71556 0.71693 0.71475 0.71536 0.71912 0.72176 0.72184 0.72155 0.72320 0.72663 0.72808 0.72800 0.72941 0.73271 0.73494 0.73561 0.73708 0.73965 0.74238 0.74407 0.74562 0.74788 0.75002 0.75250 0.75468 0.75631 0.75875 0.76132 0.76371 0.76603 0.76857 0.77117 0.77372 0.77632 0.77898 0.78166 0.78437 0.78711 0.78989 0.79269 0.79552 0.79839 0.80128 0.80420 0.80715 0.81013 0.77247 0.69373 0.61441 0.53449 0.45396 0.37283 0.29108 0.20871 0.12570 0.04206 0.00000 0.00000 0.00000 0.00000 0.00000 0.00000 0.00000 0.00000 0.00000 0.00000 0.00000 0.00000 0.00000 0.00000 0.00000 0.00000 0.00000 0.00000 0.00000 0.00000 0.00000 0.00000 0.00000 0.00000 0.00000 0.00000 0.00000 0.00000 0.00000 0.00000 0.00000 0.00000 0.00000 0.00000 0.00000
0.00000 0.00000 0.00000 0.00000 0.00000 0.00000 0.00000 0.00000 0.00000 0.00000 0.00000 0.00000 0.00000 0.00000 0.00000 0.04267 0.12749 0.21188 0.29554 0.37921 0.46171 0.54406 0.62604 0.70731 0.78800 0.82661 0.82385 0.82103 0.81822 0.81542 0.81264 0.80987 0.80713 0.80441 0.80171 0.79903 0.79637 0.79372 0.79111 0.78854 0.78600 0.78340 0.78095 0.77845 0.77623 0.77347 0.77135 0.76886 0.76673 0.76456 0.76193 0.75996 0.75743 0.75550 0.75327 0.75117 0.74914 0.74690 0.74529 0.74299 0.74118 0.73890 0.73739 0.73521 0.73371 0.73217 0.73012 0.72917 0.72745 0.72651 0.72313 0.72318 0.72331 0.72052 0.71732 0.71848 0.71898 0.71533 0.71354 0.71322 0.71448 0.71323 0.70906 0.70810 0.71102 0.70974 0.70523 0.70658 0.70748 0.70568 0.70207 0.70472 0.70583 0.70185 0.69863 0.70275 0.70422 0.69880 0.69685 0.70146 0.70187 0.69574 0.69609 0.69984 0.69898 0.69434 0.69624 0.69754 0.69670 0.69749 0.69914 0.69577 0.69605 0.69938 0.69945 0.69682 0.69782 0.69954 0.69811 0.69859 0.70022 0.70112 0.69859 0.70019 0.70191 0.70358 0.70102 0.70198 0.70485 0.70594 0.70434 0.70467 0.70891 0.70892 0.70739 0.70702 0.71333 0.71483 0.71166 0.71187 0.71638 0.71968 0.71766 0.71765 0.71990 0.72390 0.72405 0.72432 0.72523 0.72842 0.73035 0.73119 0.73207 0.73432 0.73710 0.73904 0.74028 0.74186 0.74439 0.74732 0.74900 0.75037 0.75238 0.75521 0.75777 0.75940 0.76182 0.76442 0.76689 0.76929 0.77185 0.77447 0.77707 0.77971 0.78239 0.78511 0.78786 0.79063 0.79344 0.79627 0.79914 0.80203 0.80496 0.80791 0.81088 0.77319 0.69438 0.61498 0.53498 0.45438 0.37318 0.29135 0.20890 0.12582 0.04210 0.00000 0.00000 0.00000 0.00000 0.00000 0.00000 0.00000 0.00000 0.00000 0.00000 0.00000 0.00000 0.00000 0.00000 0.00000 0.00000 0.00000 0.00000 0.00000 0.00000 0.00000 0.00000 0.00000 0.00000 0.00000 0.00000 0.00000 0.00000 0.00000 0.00000 0.00000 0.00000 0.00000 0.00000 0.00000
0.00000 0.00000 0.00000 0.00000 0.00000 0.00000 0.00000 0.00000 0.00000 0.00000 0.00000 0.00000 0.00000 0.00000 0.00000 0.04268 0.12763 0.21201 0.29576 0.37941 0.46208 0.54459 0.62600 0.70787 0.78837 0.82719 0.82433 0.82154 0.81873 0.81593 0.81315 0.81039 0.80765 0.80492 0.80221 0.79954 0.79688 0.79423 0.79161 0.78905 0.78649 0.78395 0.78141 0.77907 0.77651 0.77429 0.77161 0.76958 0.76722 0.76480 0.76276 0.76023 0.75831 0.75574 0.75372 0.75175 0.74959 0.74779 0.74530 0.74378 0.74148 0.73984 0.73721 0.73610 0.73372 0.73245 0.73069 0.72993 0.72845 0.72587 0.72514 0.72643 0.72246 0.71974 0.71931 0.72179 0.71821 0.71380 0.71346 0.71708 0.71607 0.70946 0.70912 0.71342 0.71368 0.70598 0.70577 0.70868 0.70982 0.70374 0.70112 0.70581 0.70722 0.70105 0.69987 0.70296 0.70439 0.70105 0.69964 0.69990 0.70202 0.70122 0.69812 0.69679 0.70161 0.70028 0.69392 0.69352 0.70064 0.70012 0.69535 0.69672 0.69935 0.69836 0.69998 0.69969 0.69775 0.69867 0.70238 0.70151 0.69855 0.70044 0.70503 0.70247 0.70026 0.70315 0.70633 0.70387 0.70365 0.70627 0.70744 0.70652 0.70719 0.71036 0.71000 0.70870 0.71191 0.71477 0.71576 0.71327 0.71453 0.71818 0.72044 0.72033 0.71918 0.72197 0.72510 0.72634 0.72598 0.72740 0.73107 0.73279 0.73300 0.73439 0.73749 0.74004 0.74141 0.74252 0.74489 0.74741 0.74989 0.75151 0.75310 0.75575 0.75810 0.76053 0.76253 0.76505 0.76761 0.77008 0.77258 0.77519 0.77782 0.78046 0.78314 0.78586 0.78860 0.79138 0.79419 0.79703 0.79989 0.80279 0.80571 0.80867 0.81164 0.77392 0.69503 0.61555 0.53548 0.45481 0.37352 0.29162 0.20909 0.12594 0.04214 0.00000 0.00000 0.00000 0.00000 0.00000 0.00000 0.00000 0.00000 0.00000 0.00000 0.00000 0.00000 0.00000 0.00000 0.00000 0.00000 0.00000 0.00000 0.00000 0.00000 0.00000 0.00000 0.00000 0.00000 0.00000 0.00000 0.00000 0.00000 0.00000 0.00000 0.00000 0.00000 0.00000 0.00000 0.00000
0.00000 0.00000 0.00000 0.00000 0.00000 0.00000 0.00000 0.00000 0.00000 0.00000 0.00000 0.00000 0.00000 0.00000 0.00000 0.04271 0.12764 0.21230 0.29591 0.37962 0.46230 0.54504 0.62656 0.70792 0.78898 0.82764 0.82487 0.82203 0.81925 0.81645 0.81366 0.81090 0.80816 0.80544 0.80274 0.80005 0.79739 0.79477 0.79216 0.78954 0.78698 0.78450 0.78206 0.77942 0.77711 0.77459 0.77252 0.76990 0.76763 0.76546 0.76305 0.76111 0.75834 0.75655 0.75424 0.75223 0.75045 0.74809 0.74637 0.74388 0.74242 0.74012 0.73842 0.73618 0.73480 0.73245 0.73133 0.73020 0.72789 0.72696 0.72587 0.72440 0.72139 0.72136 0.72193 0.71945 0.71602 0.71655 0.71772 0.71631 0.71170 0.71082 0.71382 0.71246 0.70732 0.70702 0.71038 0.70919 0.70447 0.70529 0.70755 0.70566 0.70017 0.70339 0.70601 0.70213 0.69773 0.70314 0.70441 0.69882 0.69756 0.70314 0.70174 0.69611 0.69692 0.70100 0.69979 0.69633 0.69706 0.69764 0.69826 0.70052 0.69916 0.69726 0.69893 0.70115 0.69908 0.69874 0.70116 0.70167 0.69887 0.70044 0.70356 0.70368 0.70045 0.70206 0.70552 0.70600 0.70361 0.70472 0.70889 0.70888 0.70697 0.70769 0.71315 0.71269 0.71028 0.71110 0.71577 0.71823 0.71622 0.71679 0.71854 0.72309 0.72257 0.72230 0.72342 0.72719 0.72863 0.72876 0.72970 0.73262 0.73506 0.73636 0.73735 0.73970 0.74212 0.74453 0.74596 0.74759 0.74953 0.75207 0.75485 0.75627 0.75851 0.76104 0.76368 0.76574 0.76822 0.77084 0.77338 0.77592 0.77854 0.78121 0.78390 0.78661 0.78935 0.79213 0.79495 0.79779 0.80065 0.80355 0.80648 0.80943 0.81241 0.77465 0.69568 0.61613 0.53598 0.45523 0.37387 0.29189 0.20929 0.12605 0.04218 0.00000 0.00000 0.00000 0.00000 0.00000 0.00000 0.00000 0.00000 0.00000 0.00000 0.00000 0.00000 0.00000 0.00000 0.00000 0.00000 0.00000 0.00000 0.00000 0.00000 0.00000 0.00000 0.00000 0.00000 0.00000 0.00000 0.00000 0.00000 0.00000 0.00000 0.00000 0.00000 0.00000 0.00000 0.00000
0.00000 0.00000 0.00000 0.00000 0.00000 0.00000 0.00000 0.00000 0.00000 0.00000 0.00000 0.00000 0.00000 0.00000 0.00000 0.04058 0.12136 0.20178 0.28150 0.36081 0.43945 0.51811 0.59571 0.67304 0.74975 0.78889 0.79031 0.79172 0.79313 0.79451 0.79588 0.79723 0.79858 0.79992 0.80126 0.80057 0.79791 0.79530 0.79268 0.79007 0.78752 0.78503 0.78252 0.78005 0.77752 0.77535 0.77274 0.77053 0.76807 0.76592 0.76393 0.76112 0.75932 0.75680 0.75498 0.75280 0.75057 0.74905 0.74660 0.74502 0.74238 0.74097 0.73880 0.73717 0.73476 0.73192 0.72678 0.72095 0.71601 0.71201 0.70645 0.70027 0.69572 0.69381 0.68726 0.68188 0.68086 0.68392 0.68206 0.67727 0.67545 0.68003 0.67948 0.67338 0.67272 0.67814 0.68259 0.67952 0.68127 0.68901 0.69252 0.69039 0.69242 0.70056 0.70448 0.70154 0.70109 0.70285 0.70302 0.70249 0.70106 0.69962 0.70139 0.70209 0.69954 0.69508 0.69677 0.69297 0.68379 0.68031 0.68221 0.67767 0.67345 0.66919 0.66604 0.66503 0.66713 0.66565 0.66429 0.66654 0.66908 0.66668 0.66543 0.66876 0.67151 0.66984 0.67297 0.67982 0.68545 0.68663 0.69031 0.69696 0.70153 0.70409 0.70910 0.71315 0.71454 0.71232 0.71437 0.71679 0.71911 0.71891 0.71810 0.72096 0.72378 0.72488 0.72396 0.72571 0.72935 0.73082 0.73059 0.73204 0.73576 0.73778 0.73850 0.73974 0.74313 0.74498 0.74678 0.74828 0.74995 0.75285 0.75499 0.75756 0.75923 0.76179 0.76419 0.76664 0.76898 0.77153 0.77412 0.77669 0.77930 0.78196 0.78465 0.78539 0.78419 0.78299 0.78178 0.78058 0.77938 0.77818 0.77697 0.77577 0.77456 0.73661 0.66152 0.58588 0.50966 0.43288 0.35551 0.27756 0.19901 0.11986 0.04011 0.00000 0.00000 0.00000 0.00000 0.00000 0.00000 0.00000 0.00000 0.00000 0.00000 0.00000 0.00000 0.00000 0.00000 0.00000 0.00000 0.00000 0.00000 0.00000 0.00000 0.00000 0.00000 0.00000 0.00000 0.00000 0.00000 0.00000 0.00000 0.00000 0.00000 0.00000 0.00000 0.00000 0.00000 0.00000
0.00000 0.00000 0.00000 0.00000 0.00000 0.00000 0.00000 0.00000 0.00000 0.00000 0.00000 0.00000 0.00000 0.00000 0.00000 0.03636 0.10863 0.18065 0.25199 0.32327 0.39336 0.46386 0.53334 0.60270 0.67129 0.71056 0.72064 0.73052 0.74033 0.75006 0.75974 0.76934 0.77888 0.78835 0.79777 0.80112 0.79847 0.79581 0.79320 0.79065 0.78810 0.78550 0.78301 0.78060 0.77828 0.77559 0.77335 0.77089 0.76884 0.76655 0.76392 0.76211 0.75933 0.75784 0.75502 0.75345 0.75160 0.74914 0.74779 0.74518 0.74356 0.74113 0.73971 0.73751 0.73584 0.72852 0.71598 0.70344 0.69110 0.67886 0.66604 0.65428 0.64331 0.63080 0.61705 0.61166 0.61285 0.61118 0.60725 0.60715 0.60907 0.60834 0.60354 0.60324 0.60595 0.61049 0.61643 0.62636 0.64065 0.65043 0.65537 0.66727 0.68090 0.69010 0.69482 0.70292 0.70626 0.70232 0.69937 0.70429 0.70451 0.70031 0.69854 0.70333 0.70220 0.69236 0.68171 0.67476 0.66437 0.65222 0.64057 0.63068 0.62157 0.61281 0.60019 0.59419 0.59646 0.59728 0.59524 0.59566 0.59869 0.59823 0.59579 0.59711 0.60083 0.60553 0.61346 0.62516 0.63980 0.65063 0.65856 0.67016 0.68566 0.69655 0.70520 0.71098 0.71473 0.71680 0.71557 0.71561 0.71691 0.72161 0.72155 0.72069 0.72184 0.72590 0.72726 0.72657 0.72764 0.73108 0.73327 0.73356 0.73470 0.73778 0.74017 0.74158 0.74289 0.74518 0.74697 0.74838 0.75177 0.75364 0.75536 0.75775 0.76080 0.76246 0.76476 0.76734 0.76988 0.77226 0.77482 0.77746 0.78008 0.78271 0.78540 0.78222 0.77309 0.76390 0.75466 0.74536 0.73601 0.72659 0.71712 0.70757 0.69797 0.65970 0.59245 0.52470 0.45644 0.38768 0.31839 0.24857 0.17823 0.10734 0.03592 0.00000 0.00000 0.00000 0.00000 0.00000 0.00000 0.00000 0.00000 0.00000 0.00000 0.00000 0.00000 0.00000 0.00000 0.00000 0.00000 0.00000 0.00000 0.00000 0.00000 0.00000 0.00000 0.00000 0.00000 0.00000 0.00000 0.00000 0.00000 0.00000 0.00000 0.00000 0.00000 0.00000 0.00000 0.00000
0.00000 0.00000 0.00000 0.00000 0.00000 0.00000 0.00000 0.00000 0.00000 0.00000 0.00000 0.00000 0.00000 0.00000 0.00000 0.03210 0.09595 0.15946 0.22247 0.28543 0.34754 0.40945 0.47097 0.53213 0.59284 0.63223 0.65085 0.66923 0.68747 0.70557 0.72355 0.74142 0.75916 0.77678 0.79429 0.80167 0.79901 0.79636 0.79375 0.79119 0.78863 0.78606 0.78357 0.78120 0.77865 0.77627 0.77373 0.77171 0.76909 0.76681 0.76477 0.76231 0.76074 0.75720 0.75612 0.75382 0.75188 0.75000 0.74767 0.74651 0.74390 0.74227 0.73977 0.73846 0.73663 0.72540 0.70524 0.68602 0.66647 0.64609 0.62663 0.60870 0.58927 0.56835 0.54938 0.54198 0.54067 0.53721 0.53564 0.53849 0.53819 0.53422 0.53257 0.53527 0.53566 0.54052 0.55655 0.57741 0.59559 0.60843 0.62480 0.64602 0.66333 0.67670 0.69334 0.70541 0.70490 0.70340 0.70283 0.70199 0.70151 0.70389 0.70227 0.69951 0.70110 0.69438 0.67480 0.65394 0.63984 0.62337 0.60427 0.58531 0.56922 0.55247 0.53565 0.52543 0.52514 0.52688 0.52820 0.52614 0.52572 0.52841 0.52968 0.52710 0.52697 0.53905 0.55816 0.57316 0.59083 0.61181 0.63147 0.64699 0.66458 0.68435 0.70541 0.71402 0.71369 0.71440 0.71840 0.71838 0.71736 0.71938 0.72268 0.72376 0.72213 0.72417 0.72763 0.72907 0.72833 0.72996 0.73383 0.73552 0.73543 0.73731 0.74102 0.74298 0.74317 0.74523 0.74742 0.75002 0.75182 0.75448 0.75647 0.75877 0.76097 0.76350 0.76554 0.76803 0.77056 0.77308 0.77560 0.77819 0.78083 0.78348 0.78618 0.77904 0.76196 0.74478 0.72749 0.71008 0.69255 0.67491 0.65715 0.63926 0.62124 0.58264 0.52325 0.46341 0.40313 0.34239 0.28120 0.21954 0.15741 0.09480 0.03172 0.00000 0.00000 0.00000 0.00000 0.00000 0.00000 0.00000 0.00000 0.00000 0.00000 0.00000 0.00000 0.00000 0.00000 0.00000 0.00000 0.00000 0.00000 0.00000 0.00000 0.00000 0.00000 0.00000 0.00000 0.00000 0.00000 0.00000 0.00000 0.00000 0.00000 0.00000 0.00000 0.00000 0.00000 0.00000
0.00000 0.00000 0.00000 0.00000 0.00000 0.00000 0.00000 0.00000 0.00000 0.00000 0.00000 0.00000 0.00000 0.00000 0.00000 0.02783 0.08323 0.13832 0.19291 0.24752 0.30142 0.35531 0.40830 0.46158 0.51409 0.55394 0.58098 0.60786 0.63454 0.66102 0.68733 0.71347 0.73942 0.76520 0.79082 0.80221 0.79955 0.79693 0.79433 0.79170 0.78914 0.78668 0.78421 0.78160 0.77920 0.77679 0.77463 0.77186 0.76969 0.76727 0.76526 0.76339 0.76029 0.75915 0.75567 0.75453 0.75224 0.75046 0.74925 0.74625 0.74498 0.74251 0.74080 0.73882 0.73718 0.72233 0.69507 0.66802 0.64083 0.61395 0.58799 0.56135 0.53392 0.50799 0.48337 0.46936 0.46655 0.46662 0.46774 0.46700 0.46351 0.46331 0.46497 0.46449 0.46111 0.47291 0.50080 0.52492 0.54477 0.56977 0.59786 0.62226 0.64124 0.66671 0.69557 0.70653 0.70237 0.70364 0.70595 0.70299 0.70013 0.70516 0.70438 0.70120 0.69961 0.69135 0.66677 0.63861 0.61305 0.59044 0.56694 0.54247 0.51656 0.49168 0.46882 0.45731 0.45612 0.45574 0.45807 0.45792 0.45646 0.45695 0.45991 0.45880 0.45688 0.47039 0.49844 0.52258 0.54543 0.57076 0.60044 0.62570 0.64806 0.67291 0.70144 0.71678 0.71576 0.71460 0.71539 0.72082 0.72125 0.71933 0.72037 0.72493 0.72655 0.72453 0.72588 0.72960 0.73181 0.73095 0.73228 0.73584 0.73828 0.73816 0.74006 0.74341 0.74486 0.74529 0.74874 0.75103 0.75229 0.75461 0.75792 0.75978 0.76150 0.76393 0.76663 0.76877 0.77124 0.77385 0.77640 0.77895 0.78158 0.78426 0.78695 0.77585 0.75082 0.72562 0.70027 0.67473 0.64902 0.62313 0.59706 0.57081 0.54436 0.50544 0.45392 0.40201 0.34971 0.29702 0.24393 0.19044 0.13655 0.08224 0.02752 0.00000 0.00000 0.00000 0.00000 0.00000 0.00000 0.00000 0.00000 0.00000 0.00000 0.00000 0.00000 0.00000 0.00000 0.00000 0.00000 0.00000 0.00000 0.00000 0.00000 0.00000 0.00000 0.00000 0.00000 0.00000 0.00000 0.00000 0.00000 0.00000 0.00000 0.00000 0.00000 0.00000 0.00000 0.00000
0.00000 0.00000 0.00000 0.00000 0.00000 0.00000 0.00000 0.00000 0.00000 0.00000 0.00000 0.00000 0.00000 0.00000 0.00000 0.02356 0.07046 0.11716 0.16331 0.20957 0.25519 0.30085 0.34593 0.39070 0.43538 0.47541 0.51105 0.54640 0.58154 0.61642 0.65107 0.68548 0.71966 0.75361 0.78734 0.80278 0.80012 0.79750 0.79488 0.79227 0.78973 0.78725 0.78470 0.78220 0.77976 0.77758 0.77486 0.77263 0.77002 0.76824 0.76570 0.76332 0.76197 0.75887 0.75735 0.75397 0.75299 0.75028 0.74898 0.74766 0.74495 0.74377 0.74149 0.73935 0.73739 0.71961 0.68502 0.64978 0.61550 0.58234 0.54869 0.51363 0.47999 0.44787 0.41482 0.39600 0.39508 0.39639 0.39599 0.39362 0.39190 0.39393 0.39404 0.39188 0.39041 0.40764 0.44039 0.46943 0.50019 0.53409 0.56584 0.59446 0.62519 0.65976 0.69110 0.70496 0.70449 0.70429 0.70356 0.70513 0.70446 0.70068 0.70113 0.70455 0.70349 0.68351 0.65346 0.62474 0.59238 0.55793 0.52753 0.49712 0.46619 0.43269 0.40127 0.38679 0.38759 0.38596 0.38589 0.38781 0.38844 0.38672 0.38670 0.38913 0.38942 0.40353 0.43561 0.47003 0.50307 0.53293 0.56432 0.59928 0.63395 0.66538 0.69598 0.71259 0.71827 0.71845 0.71644 0.71728 0.72237 0.72295 0.72105 0.72257 0.72680 0.72764 0.72634 0.72813 0.73206 0.73350 0.73291 0.73504 0.73868 0.74089 0.74040 0.74258 0.74569 0.74752 0.74880 0.75132 0.75381 0.75573 0.75809 0.76059 0.76244 0.76472 0.76715 0.76966 0.77204 0.77456 0.77715 0.77975 0.78237 0.78503 0.78771 0.77266 0.73966 0.70644 0.67299 0.63931 0.60541 0.57126 0.53686 0.50222 0.46734 0.42809 0.38445 0.34049 0.29619 0.25156 0.20660 0.16130 0.11565 0.06965 0.02331 0.00000 0.00000 0.00000 0.00000 0.00000 0.00000 0.00000 0.00000 0.00000 0.00000 0.00000 0.00000 0.00000 0.00000 0.00000 0.00000 0.00000 0.00000 0.00000 0.00000 0.00000 0.00000 0.00000 0.00000 0.00000 0.00000 0.00000 0.00000 0.00000 0.00000 0.00000 0.00000 0.00000 0.00000 0.00000
0.00000 0.00000 0.00000 0.00000 0.00000 0.00000 0.00000 0.00000 0.00000 0.00000 0.00000 0.00000 0.00000 0.00000 0.00000 0.01929 0.05766 0.09592 0.13378 0.17152 0.20894 0.24631 0.28322 0.31998 0.35642 0.39681 0.44100 0.48489 0.52848 0.57177 0.61476 0.65746 0.69988 0.74202 0.78386 0.80335 0.80070 0.79805 0.79543 0.79288 0.79034 0.78773 0.78524 0.78284 0.78052 0.77781 0.77559 0.77309 0.77115 0.76825 0.76627 0.76445 0.76191 0.76008 0.75707 0.75581 0.75306 0.75135 0.74864 0.74763 0.74602 0.74380 0.74195 0.74003 0.73814 0.71643 0.67404 0.63216 0.59123 0.54967 0.50783 0.46692 0.42737 0.38639 0.34479 0.32462 0.32547 0.32452 0.32271 0.32233 0.32328 0.32284 0.32075 0.32047 0.32182 0.34089 0.37727 0.41597 0.45827 0.49615 0.53055 0.56966 0.61244 0.65172 0.68520 0.70471 0.70763 0.70642 0.70366 0.70464 0.70611 0.70338 0.70172 0.70528 0.70534 0.68273 0.64313 0.60655 0.56874 0.52858 0.48929 0.45078 0.41323 0.37498 0.33545 0.31569 0.31715 0.31729 0.31630 0.31654 0.31840 0.31764 0.31653 0.31745 0.31938 0.33773 0.37570 0.41552 0.45776 0.49627 0.53306 0.57270 0.61676 0.65720 0.69490 0.71321 0.71480 0.72036 0.72052 0.71803 0.71877 0.72432 0.72607 0.72308 0.72441 0.72840 0.73072 0.72886 0.73015 0.73404 0.73636 0.73557 0.73754 0.74108 0.74344 0.74296 0.74577 0.74859 0.74934 0.75162 0.75492 0.75726 0.75838 0.76078 0.76366 0.76560 0.76779 0.77035 0.77289 0.77534 0.77791 0.78053 0.78315 0.78580 0.78850 0.76947 0.72848 0.68722 0.64567 0.60383 0.56171 0.51928 0.47655 0.43351 0.39016 0.35060 0.31485 0.27885 0.24257 0.20602 0.16920 0.13210 0.09471 0.05704 0.01909 0.00000 0.00000 0.00000 0.00000 0.00000 0.00000 0.00000 0.00000 0.00000 0.00000 0.00000 0.00000 0.00000 0.00000 0.00000 0.00000 0.00000 0.00000 0.00000 0.00000 0.00000 0.00000 0.00000 0.00000 0.00000 0.00000 0.00000 0.00000 0.00000 0.00000 0.00000 0.00000 0.00000 0.00000 0.00000
0.00000 0.00000 0.00000 0.00000 0.00000 0.00000 0.00000 0.00000 0.00000 0.00000 0.00000 0.00000 0.00000 0.00000 0.00000 0.01502 0.04488 0.07461 0.10411 0.13355 0.16254 0.19173 0.22043 0.24908 0.27743 0.31808 0.37087 0.42329 0.47535 0.52705 0.57841 0.62941 0.68008 0.73041 0.78040 0.80393 0.80127 0.79863 0.79603 0.79347 0.79087 0.78832 0.78585 0.78354 0.78088 0.77855 0.77609 0.77416 0.77121 0.76918 0.76707 0.76485 0.76264 0.76008 0.75853 0.75579 0.75397 0.75118 0.75002 0.74851 0.74663 0.74407 0.74232 0.74092 0.73933 0.71257 0.66336 0.61528 0.56631 0.51635 0.46801 0.42095 0.37342 0.32420 0.27638 0.25319 0.25330 0.25186 0.25099 0.25163 0.25162 0.25049 0.24958 0.25022 0.25022 0.27250 0.31789 0.36462 0.41085 0.45520 0.50099 0.54800 0.59343 0.63813 0.68378 0.70649 0.70551 0.70705 0.70643 0.70288 0.70288 0.70673 0.70573 0.69983 0.70138 0.68219 0.63603 0.58667 0.54168 0.49830 0.45323 0.40511 0.35956 0.31511 0.27004 0.24574 0.24579 0.24696 0.24716 0.24620 0.24640 0.24774 0.24765 0.24683 0.24724 0.27153 0.31765 0.36257 0.40890 0.45760 0.50454 0.54976 0.59516 0.64372 0.69411 0.71732 0.71493 0.71563 0.72213 0.72179 0.71960 0.72089 0.72665 0.72654 0.72467 0.72651 0.73073 0.73180 0.73069 0.73288 0.73663 0.73860 0.73794 0.74027 0.74367 0.74592 0.74602 0.74802 0.75119 0.75270 0.75515 0.75772 0.75977 0.76162 0.76401 0.76646 0.76865 0.77106 0.77362 0.77618 0.77871 0.78129 0.78392 0.78659 0.78929 0.76628 0.71728 0.66795 0.61830 0.56829 0.51792 0.46720 0.41612 0.36467 0.31284 0.27295 0.24512 0.21709 0.18885 0.16039 0.13172 0.10284 0.07373 0.04441 0.01486 0.00000 0.00000 0.00000 0.00000 0.00000 0.00000 0.00000 0.00000 0.00000 0.00000 0.00000 0.00000 0.00000 0.00000 0.00000 0.00000 0.00000 0.00000 0.00000 0.00000 0.00000 0.00000 0.00000 0.00000 0.00000 0.00000 0.00000 0.00000 0.00000 0.00000 0.00000 0.00000 0.00000 0.00000 0.00000
0.00000 0.00000 0.00000 0.00000 0.00000 0.00000 0.00000 0.00000 0.00000 0.00000 0.00000 0.00000 0.00000 0.00000 0.00000 0.01074 0.03208 0.05334 0.07438 0.09546 0.11620 0.13696 0.15758 0.17803 0.19831 0.23924 0.30064 0.36160 0.42215 0.48228 0.54201 0.60133 0.66026 0.71879 0.77694 0.80452 0.80185 0.79923 0.79664 0.79402 0.79144 0.78896 0.78654 0.78390 0.78156 0.77914 0.77709 0.77418 0.77217 0.76987 0.76776 0.76531 0.76296 0.76132 0.75881 0.75653 0.75413 0.75270 0.75065 0.74869 0.74651 0.74512 0.74308 0.74166 0.73909 0.70992 0.65343 0.59699 0.53969 0.48414 0.42981 0.37372 0.31772 0.26283 0.20873 0.18111 0.18022 0.18003 0.18042 0.18000 0.17914 0.17899 0.17946 0.17899 0.17803 0.20471 0.25968 0.31203 0.36291 0.41606 0.47248 0.52489 0.57429 0.62628 0.68308 0.70950 0.70671 0.70522 0.70726 0.70623 0.70519 0.70565 0.70653 0.70387 0.70321 0.67874 0.62632 0.57139 0.51828 0.46627 0.41424 0.36097 0.30774 0.25476 0.20279 0.17639 0.17587 0.17602 0.17678 0.17648 0.17596 0.17658 0.17731 0.17663 0.17646 0.20376 0.25820 0.31034 0.36259 0.41712 0.47315 0.52677 0.57840 0.63194 0.68948 0.71874 0.71864 0.71650 0.71741 0.72354 0.72414 0.72171 0.72240 0.72784 0.72950 0.72718 0.72834 0.73256 0.73471 0.73328 0.73519 0.73897 0.74144 0.74062 0.74291 0.74645 0.74747 0.74878 0.75180 0.75450 0.75534 0.75781 0.76091 0.76291 0.76449 0.76699 0.76958 0.77191 0.77437 0.77693 0.77950 0.78209 0.78472 0.78738 0.79007 0.76308 0.70606 0.64866 0.59087 0.53267 0.47405 0.41503 0.35557 0.29569 0.23537 0.19515 0.17526 0.15521 0.13502 0.11468 0.09418 0.07353 0.05272 0.03175 0.01062 0.00000 0.00000 0.00000 0.00000 0.00000 0.00000 0.00000 0.00000 0.00000 0.00000 0.00000 0.00000 0.00000 0.00000 0.00000 0.00000 0.00000 0.00000 0.00000 0.00000 0.00000 0.00000 0.00000 0.00000 0.00000 0.00000 0.00000 0.00000 0.00000 0.00000 0.00000 0.00000 0.00000 0.00000 0.00000
0.00000 0.00000 0.00000 0.00000 0.00000 0.00000 0.00000 0.00000 0.00000 0.00000 0.00000 0.00000 0.00000 0.00000 0.00000 0.00645 0.01927 0.03202 0.04467 0.05730 0.06979 0.08222 0.09459 0.10690 0.11907 0.16030 0.23031 0.29983 0.36887 0.43745 0.50556 0.57321 0.64041 0.70716 0.77347 0.80512 0.80246 0.79983 0.79721 0.79462 0.79207 0.78962 0.78700 0.78456 0.78214 0.78011 0.77721 0.77508 0.77280 0.77074 0.76804 0.76587 0.76407 0.76163 0.75931 0.75703 0.75528 0.75314 0.75102 0.74893 0.74753 0.74570 0.74440 0.74129 0.73985 0.70745 0.64335 0.57760 0.51476 0.45321 0.38984 0.32579 0.26335 0.20172 0.14012 0.10855 0.10818 0.10827 0.10836 0.10787 0.10758 0.10771 0.10757 0.10730 0.10715 0.13759 0.19782 0.25802 0.31857 0.37898 0.43829 0.49819 0.55897 0.61842 0.67675 0.70938 0.70857 0.70540 0.70426 0.70927 0.70788 0.70202 0.70289 0.70748 0.70655 0.67138 0.61265 0.55593 0.49669 0.43355 0.37426 0.31578 0.25644 0.19510 0.13536 0.10599 0.10602 0.10561 0.10579 0.10620 0.10610 0.10590 0.10615 0.10649 0.10634 0.13622 0.19693 0.25836 0.31841 0.37833 0.43918 0.50231 0.56394 0.62372 0.68356 0.71648 0.72059 0.72034 0.71783 0.71951 0.72555 0.72540 0.72306 0.72459 0.73014 0.73032 0.72885 0.73090 0.73498 0.73649 0.73561 0.73794 0.74158 0.74389 0.74348 0.74529 0.74891 0.75007 0.75221 0.75476 0.75704 0.75869 0.76121 0.76351 0.76553 0.76769 0.77026 0.77278 0.77518 0.77768 0.78027 0.78289 0.78552 0.78817 0.79086 0.75987 0.69483 0.62933 0.56338 0.49698 0.43010 0.36275 0.29491 0.22658 0.15775 0.11721 0.10526 0.09322 0.08109 0.06887 0.05656 0.04416 0.03166 0.01907 0.00638 0.00000 0.00000 0.00000 0.00000 0.00000 0.00000 0.00000 0.00000 0.00000 0.00000 0.00000 0.00000 0.00000 0.00000 0.00000 0.00000 0.00000 0.00000 0.00000 0.00000 0.00000 0.00000 0.00000 0.00000 0.00000 0.00000 0.00000 0.00000 0.00000 0.00000 0.00000 0.00000 0.00000 0.00000 0.00000
0.00000 0.00000 0.00000 0.00000 0.00000 0.00000 0.00000 0.00000 0.00000 0.00000 0.00000 0.00000 0.00000 0.00000 0.00000 0.00215 0.00643 0.01069 0.01490 0.01911 0.02327 0.02745 0.03154 0.03565 0.03972 0.08125 0.15988 0.23796 0.31552 0.39255 0.46906 0.54506 0.62054 0.69552 0.77000 0.80572 0.80308 0.80044 0.79780 0.79524 0.79273 0.79012 0.78763 0.78520 0.78302 0.78021 0.77812 0.77573 0.77367 0.77092 0.76878 0.76691 0.76448 0.76204 0.75984 0.75801 0.75598 0.75337 0.75144 0.74964 0.74817 0.74716 0.74388 0.74259 0.74074 0.70435 0.63128 0.56058 0.49106 0.41974 0.34818 0.27878 0.20981 0.14018 0.07068 0.03619 0.03621 0.03616 0.03600 0.03599 0.03605 0.03592 0.03581 0.03581 0.03594 0.06970 0.13687 0.20472 0.27384 0.34051 0.40592 0.47289 0.54305 0.61021 0.67515 0.70685 0.70826 0.70858 0.70809 0.70668 0.70713 0.70608 0.70629 0.70647 0.70665 0.67101 0.60424 0.53836 0.47149 0.40338 0.33638 0.26968 0.20317 0.13581 0.06865 0.03526 0.03538 0.03531 0.03520 0.03535 0.03544 0.03534 0.03531 0.03549 0.03558 0.06907 0.13632 0.20473 0.27309 0.34007 0.40707 0.47599 0.54688 0.61489 0.68198 0.71593 0.71880 0.72187 0.72211 0.72030 0.72150 0.72681 0.72803 0.72563 0.72656 0.73144 0.73313 0.73135 0.73293 0.73703 0.73930 0.73833 0.74037 0.74430 0.74608 0.74621 0.74879 0.75198 0.75252 0.75488 0.75821 0.76032 0.76136 0.76387 0.76652 0.76875 0.77095 0.77345 0.77601 0.77853 0.78108 0.78366 0.78630 0.78898 0.79168 0.75666 0.68356 0.60997 0.53585 0.46122 0.38606 0.31037 0.23412 0.15733 0.07998 0.03911 0.03512 0.03110 0.02706 0.02298 0.01887 0.01473 0.01056 0.00636 0.00213 0.00000 0.00000 0.00000 0.00000 0.00000 0.00000 0.00000 0.00000 0.00000 0.00000 0.00000 0.00000 0.00000 0.00000 0.00000 0.00000 0.00000 0.00000 0.00000 0.00000 0.00000 0.00000 0.00000 0.00000 0.00000 0.00000 0.00000 0.00000 0.00000 0.00000 0.00000 0.00000 0.00000 0.00000 0.00000
0.00000 0.00000 0.00000 0.00000 0.00000 0.00000 0.00000 0.00000 0.00000 0.00000 0.00000 0.00000 0.00000 0.00000 0.00000 0.00000 0.00000 0.00000 0.00000 0.00000 0.00000 0.00000 0.00000 0.00000 0.00000 0.04170 0.12467 0.20708 0.28893 0.37022 0.45097 0.53116 0.61083 0.68996 0.76857 0.80633 0.80368 0.80105 0.79844 0.79587 0.79328 0.79074 0.78827 0.78605 0.78327 0.78103 0.77870 0.77672 0.77381 0.77171 0.76973 0.76739 0.76484 0.76270 0.76089 0.75862 0.75604 0.75422 0.75184 0.75074 0.75002 0.74637 0.74495 0.74339 0.74212 0.70165 0.62679 0.55300 0.47826 0.40195 0.32877 0.25590 0.18285 0.10911 0.03623 0.00000 0.00000 0.00000 0.00000 0.00000 0.00000 0.00000 0.00000 0.00000 0.00000 0.03570 0.10734 0.17878 0.24898 0.31998 0.39215 0.46273 0.53125 0.60386 0.67589 0.70830 0.70505 0.71140 0.70959 0.70522 0.70356 0.71033 0.70867 0.70377 0.70375 0.67267 0.60254 0.52727 0.45776 0.38897 0.31874 0.24644 0.17614 0.10621 0.03540 0.00000 0.00000 0.00000 0.00000 0.00000 0.00000 0.00000 0.00000 0.00000 0.00000 0.03382 0.10127 0.16868 0.23688 0.30582 0.37320 0.44034 0.50877 0.57983 0.64889 0.68416 0.68697 0.69317 0.69970 0.70386 0.70563 0.71061 0.71965 0.72366 0.72550 0.72899 0.73380 0.73483 0.73353 0.73561 0.73967 0.74174 0.74103 0.74292 0.74691 0.74835 0.74938 0.75166 0.75446 0.75597 0.75837 0.76080 0.76268 0.76450 0.76716 0.76959 0.77182 0.77420 0.77678 0.77936 0.78189 0.78446 0.78710 0.78978 0.79249 0.75545 0.67827 0.60057 0.52233 0.44354 0.36419 0.28428 0.20379 0.12272 0.04106 0.00000 0.00000 0.00000 0.00000 0.00000 0.00000 0.00000 0.00000 0.00000 0.00000 0.00000 0.00000 0.00000 0.00000 0.00000 0.00000 0.00000 0.00000 0.00000 0.00000 0.00000 0.00000 0.00000 0.00000 0.00000 0.00000 0.00000 0.00000 0.00000 0.00000 0.00000 0.00000 0.00000 0.00000 0.00000 0.00000 0.00000 0.00000 0.00000 0.00000 0.00000 0.00000 0.00000 0.00000 0.00000
0.00000 0.00000 0.00000 0.00000 0.00000 0.00000 0.00000 0.00000 0.00000 0.00000 0.00000 0.00000 0.00000 0.00000 0.00000 0.00000 0.00000 0.00000 0.00000 0.00000 0.00000 0.00000 0.00000 0.00000 0.00000 0.04173 0.12476 0.20723 0.28915 0.37050 0.45130 0.53156 0.61129 0.69049 0.76916 0.80696 0.80430 0.80167 0.79908 0.79648 0.79389 0.79139 0.78902 0.78636 0.78409 0.78165 0.77964 0.77678 0.77472 0.77261 0.77025 0.76769 0.76553 0.76372 0.76141 0.75881 0.75691 0.75463 0.75337 0.75142 0.74891 0.74743 0.74581 0.74469 0.74129 0.70293 0.62809 0.55318 0.47669 0.40311 0.33018 0.25622 0.18207 0.10902 0.03638 0.00000 0.00000 0.00000 0.00000 0.00000 0.00000 0.00000 0.00000 0.00000 0.00000 0.03580 0.10778 0.17876 0.24892 0.32017 0.39308 0.46405 0.53266 0.60242 0.67545 0.71066 0.70991 0.70878 0.70814 0.70803 0.70877 0.70834 0.70783 0.70629 0.70699 0.67253 0.60147 0.52904 0.45872 0.38896 0.31851 0.24695 0.17626 0.10606 0.03543 0.00000 0.00000 0.00000 0.00000 0.00000 0.00000 0.00000 0.00000 0.00000 0.00000 0.03031 0.09096 0.15120 0.21161 0.27348 0.33512 0.39534 0.45523 0.51757 0.58148 0.61749 0.62800 0.63891 0.65185 0.66453 0.67692 0.68649 0.69812 0.71287 0.72615 0.72981 0.73104 0.73500 0.73747 0.73636 0.73806 0.74209 0.74410 0.74391 0.74598 0.74982 0.75057 0.75210 0.75533 0.75764 0.75843 0.76096 0.76380 0.76587 0.76762 0.77015 0.77274 0.77515 0.77756 0.78008 0.78269 0.78531 0.78793 0.79057 0.79328 0.75623 0.67896 0.60117 0.52285 0.44399 0.36456 0.28456 0.20399 0.12284 0.04110 0.00000 0.00000 0.00000 0.00000 0.00000 0.00000 0.00000 0.00000 0.00000 0.00000 0.00000 0.00000 0.00000 0.00000 0.00000 0.00000 0.00000 0.00000 0.00000 0.00000 0.00000 0.00000 0.00000 0.00000 0.00000 0.00000 0.00000 0.00000 0.00000 0.00000 0.00000 0.00000 0.00000 0.00000 0.00000 0.00000 0.00000 0.00000 0.00000 0.00000 0.00000 0.00000 0.00000 0.00000 0.00000
0.00000 0.00000 0.00000 0.00000 0.00000 0.00000 0.00000 0.00000 0.00000 0.00000 0.00000 0.00000 0.00000 0.00000 0.00000 0.00000 0.00000 0.00000 0.00000 0.00000 0.00000 0.00000 0.00000 0.00000 0.00000 0.04176 0.12486 0.20739 0.28936 0.37078 0.45165 0.53198 0.61176 0.69101 0.76975 0.80760 0.80494 0.80230 0.79969 0.79710 0.79455 0.79212 0.78948 0.78707 0.78467 0.78270 0.77974 0.77764 0.77552 0.77327 0.77053 0.76845 0.76654 0.76417 0.76172 0.75971 0.75779 0.75588 0.75337 0.75162 0.74932 0.74841 0.74721 0.74391 0.74225 0.70420 0.62909 0.55202 0.47780 0.40429 0.33055 0.25572 0.18207 0.10930 0.03651 0.00000 0.00000 0.00000 0.00000 0.00000 0.00000 0.00000 0.00000 0.00000 0.00000 0.03594 0.10714 0.17820 0.25071 0.32184 0.39079 0.46227 0.53621 0.60495 0.67227 0.71172 0.71293 0.70844 0.70462 0.71249 0.71066 0.70637 0.70451 0.71044 0.71012 0.67028 0.59915 0.53247 0.46142 0.38792 0.31776 0.24819 0.17728 0.10600 0.03537 0.00000 0.00000 0.00000 0.00000 0.00000 0.00000 0.00000 0.00000 0.00000 0.00000 0.02666 0.08024 0.13396 0.18726 0.24047 0.29490 0.35020 0.40350 0.45665 0.51142 0.55025 0.56797 0.58634 0.60498 0.62399 0.64388 0.66400 0.68134 0.70001 0.72231 0.73327 0.73199 0.73355 0.73767 0.73967 0.73883 0.74062 0.74491 0.74682 0.74676 0.74866 0.75223 0.75384 0.75552 0.75800 0.75990 0.76156 0.76432 0.76666 0.76864 0.77083 0.77348 0.77602 0.77840 0.78088 0.78348 0.78612 0.78875 0.79139 0.79409 0.75699 0.67966 0.60179 0.52338 0.44443 0.36492 0.28485 0.20420 0.12296 0.04114 0.00000 0.00000 0.00000 0.00000 0.00000 0.00000 0.00000 0.00000 0.00000 0.00000 0.00000 0.00000 0.00000 0.00000 0.00000 0.00000 0.00000 0.00000 0.00000 0.00000 0.00000 0.00000 0.00000 0.00000 0.00000 0.00000 0.00000 0.00000 0.00000 0.00000 0.00000 0.00000 0.00000 0.00000 0.00000 0.00000 0.00000 0.00000 0.00000 0.00000 0.00000 0.00000 0.00000 0.00000 0.00000
0.00000 0.00000 0.00000 0.00000 0.00000 0.00000 0.00000 0.00000 0.00000 0.00000 0.00000 0.00000 0.00000 0.00000 0.00000 0.00000 0.00000 0.00000 0.00000 0.00000 0.00000 0.00000 0.00000 0.00000 0.00000 0.04179 0.12495 0.20755 0.28958 0.37106 0.45200 0.53239 0.61224 0.69156 0.77036 0.80823 0.80558 0.80295 0.80032 0.79774 0.79523 0.79265 0.79018 0.78770 0.78558 0.78278 0.78074 0.77837 0.77619 0.77351 0.77140 0.76942 0.76697 0.76449 0.76247 0.76068 0.75857 0.75609 0.75418 0.75181 0.75098 0.74966 0.74645 0.74475 0.74362 0.70527 0.62805 0.55317 0.47924 0.40481 0.32950 0.25573 0.18285 0.10970 0.03640 0.00000 0.00000 0.00000 0.00000 0.00000 0.00000 0.00000 0.00000 0.00000 0.00000 0.03587 0.10704 0.17879 0.25110 0.32236 0.39166 0.46172 0.53575 0.60627 0.67565 0.71076 0.71086 0.70941 0.71043 0.71116 0.70933 0.70793 0.70881 0.71004 0.70913 0.67150 0.60124 0.53223 0.46117 0.38862 0.31778 0.24813 0.17735 0.10602 0.03527 0.00000 0.00000 0.00000 0.00000 0.00000 0.00000 0.00000 0.00000 0.00000 0.00000 0.02313 0.06944 0.11629 0.16287 0.20913 0.25515 0.30304 0.35081 0.39720 0.44296 0.48056 0.50839 0.53286 0.55893 0.58532 0.61144 0.63748 0.66599 0.69143 0.71672 0.73236 0.73574 0.73508 0.73583 0.73970 0.74211 0.74192 0.74349 0.74765 0.74898 0.74962 0.75227 0.75509 0.75625 0.75811 0.76117 0.76307 0.76440 0.76707 0.76977 0.77196 0.77414 0.77666 0.77926 0.78179 0.78431 0.78688 0.78954 0.79224 0.79492 0.75776 0.68035 0.60241 0.52392 0.44488 0.36529 0.28513 0.20440 0.12309 0.04118 0.00000 0.00000 0.00000 0.00000 0.00000 0.00000 0.00000 0.00000 0.00000 0.00000 0.00000 0.00000 0.00000 0.00000 0.00000 0.00000 0.00000 0.00000 0.00000 0.00000 0.00000 0.00000 0.00000 0.00000 0.00000 0.00000 0.00000 0.00000 0.00000 0.00000 0.00000 0.00000 0.00000 0.00000 0.00000 0.00000 0.00000 0.00000 0.00000 0.00000 0.00000 0.00000 0.00000 0.00000 0.00000
0.00000 0.00000 0.00000 0.00000 0.00000 0.00000 0.00000 0.00000 0.00000 0.00000 0.00000 0.00000 0.00000 0.00000 0.00000 0.00000 0.00000 0.00000 0.00000 0.00000 0.00000 0.00000 0.00000 0.00000 0.00000 0.04182 0.12505 0.20771 0.28981 0.37135 0.45235 0.53280 0.61272 0.69212 0.77097 0.80886 0.80623 0.80360 0.80098 0.79842 0.79584 0.79329 0.79082 0.78864 0.78583 0.78363 0.78131 0.77928 0.77641 0.77434 0.77228 0.76990 0.76727 0.76536 0.76373 0.76114 0.75898 0.75693 0.75484 0.75345 0.75180 0.74914 0.74716 0.74618 0.74486 0.70449 0.62889 0.55440 0.47993 0.40417 0.32980 0.25646 0.18334 0.10960 0.03632 0.00000 0.00000 0.00000 0.00000 0.00000 0.00000 0.00000 0.00000 0.00000 0.00000 0.03575 0.10794 0.17978 0.24996 0.32076 0.39462 0.46511 0.53293 0.60495 0.68012 0.71157 0.70834 0.71261 0.71369 0.70918 0.70575 0.71293 0.71140 0.70756 0.70596 0.67653 0.60448 0.53024 0.45941 0.39120 0.31969 0.24778 0.17716 0.10659 0.03550 0.00000 0.00000 0.00000 0.00000 0.00000 0.00000 0.00000 0.00000 0.00000 0.00000 0.01962 0.05885 0.09805 0.13776 0.17770 0.21676 0.25573 0.29628 0.33735 0.37627 0.41179 0.44625 0.48034 0.51179 0.54605 0.58026 0.61215 0.64644 0.68230 0.71552 0.73172 0.73519 0.73789 0.73732 0.73838 0.74271 0.74471 0.74464 0.74608 0.75036 0.75209 0.75272 0.75483 0.75722 0.75934 0.76158 0.76383 0.76559 0.76762 0.77042 0.77292 0.77505 0.77741 0.78004 0.78263 0.78514 0.78771 0.79036 0.79305 0.79575 0.75854 0.68104 0.60302 0.52445 0.44534 0.36566 0.28542 0.20461 0.12321 0.04122 0.00000 0.00000 0.00000 0.00000 0.00000 0.00000 0.00000 0.00000 0.00000 0.00000 0.00000 0.00000 0.00000 0.00000 0.00000 0.00000 0.00000 0.00000 0.00000 0.00000 0.00000 0.00000 0.00000 0.00000 0.00000 0.00000 0.00000 0.00000 0.00000 0.00000 0.00000 0.00000 0.00000 0.00000 0.00000 0.00000 0.00000 0.00000 0.00000 0.00000 0.00000 0.00000 0.00000 0.00000 0.00000
0.00000 0.00000 0.00000 0.00000 0.00000 0.00000 0.00000 0.00000 0.00000 0.00000 0.00000 0.00000 0.00000 0.00000 0.00000 0.00000 0.00000 0.00000 0.00000 0.00000 0.00000 0.00000 0.00000 0.00000 0.00000 0.04186 0.12515 0.20787 0.29004 0.37165 0.45271 0.53322 0.61321 0.69266 0.77159 0.80953 0.80688 0.80424 0.80164 0.79907 0.79650 0.79396 0.79160 0.78897 0.78677 0.78421 0.78220 0.77942 0.77741 0.77516 0.77279 0.77019 0.76824 0.76643 0.76389 0.76194 0.75958 0.75774 0.75607 0.75421 0.75162 0.74958 0.74876 0.74726 0.74409 0.70523 0.63044 0.55537 0.47909 0.40442 0.33093 0.25719 0.18297 0.10927 0.03646 0.00000 0.00000 0.00000 0.00000 0.00000 0.00000 0.00000 0.00000 0.00000 0.00000 0.03593 0.10803 0.17967 0.24991 0.32146 0.39443 0.46575 0.53443 0.60558 0.67866 0.71169 0.71172 0.71296 0.71196 0.70891 0.71025 0.71260 0.71111 0.70855 0.70854 0.67629 0.60454 0.53104 0.45978 0.39139 0.32012 0.24786 0.17662 0.10670 0.03556 0.00000 0.00000 0.00000 0.00000 0.00000 0.00000 0.00000 0.00000 0.00000 0.00000 0.01610 0.04828 0.08042 0.11253 0.14539 0.17801 0.21003 0.24185 0.27551 0.30916 0.34446 0.38384 0.42572 0.46727 0.50552 0.54749 0.58954 0.62871 0.66953 0.71375 0.73491 0.73398 0.73692 0.74028 0.74079 0.74105 0.74494 0.74716 0.74799 0.74922 0.75260 0.75460 0.75532 0.75838 0.76012 0.76150 0.76426 0.76698 0.76892 0.77082 0.77342 0.77608 0.77842 0.78080 0.78334 0.78597 0.78859 0.79120 0.79384 0.79656 0.75934 0.68175 0.60364 0.52499 0.44579 0.36603 0.28571 0.20481 0.12333 0.04126 0.00000 0.00000 0.00000 0.00000 0.00000 0.00000 0.00000 0.00000 0.00000 0.00000 0.00000 0.00000 0.00000 0.00000 0.00000 0.00000 0.00000 0.00000 0.00000 0.00000 0.00000 0.00000 0.00000 0.00000 0.00000 0.00000 0.00000 0.00000 0.00000 0.00000 0.00000 0.00000 0.00000 0.00000 0.00000 0.00000 0.00000 0.00000 0.00000 0.00000 0.00000 0.00000 0.00000 0.00000 0.00000
0.00000 0.00000 0.00000 0.00000 0.00000 0.00000 0.00000 0.00000 0.00000 0.00000 0.00000 0.00000 0.00000 0.00000 0.00000 0.00000 0.00000 0.00000 0.00000 0.00000 0.00000 0.00000 0.00000 0.00000 0.00000 0.04189 0.12524 0.20803 0.29027 0.37194 0.45307 0.53366 0.61371 0.69321 0.77222 0.81021 0.80754 0.80490 0.80231 0.79972 0.79716 0.79474 0.79212 0.78971 0.78725 0.78531 0.78237 0.78033 0.77805 0.77585 0.77309 0.77118 0.76906 0.76670 0.76490 0.76246 0.76080 0.75843 0.75664 0.75437 0.75228 0.75122 0.74968 0.74678 0.74477 0.70682 0.63146 0.55476 0.47952 0.40543 0.33153 0.25703 0.18276 0.10959 0.03657 0.00000 0.00000 0.00000 0.00000 0.00000 0.00000 0.00000 0.00000 0.00000 0.00000 0.03609 0.10764 0.17863 0.25177 0.32355 0.39303 0.46347 0.53795 0.60820 0.67661 0.71266 0.71528 0.71219 0.70948 0.71366 0.71374 0.70962 0.70828 0.71320 0.71262 0.67275 0.60212 0.53502 0.46278 0.38995 0.31910 0.24916 0.17788 0.10654 0.03557 0.00000 0.00000 0.00000 0.00000 0.00000 0.00000 0.00000 0.00000 0.00000 0.00000 0.01251 0.03759 0.06274 0.08775 0.11260 0.13830 0.16415 0.18889 0.21368 0.24027 0.27730 0.32326 0.37048 0.42002 0.46782 0.51385 0.56380 0.61315 0.65918 0.70861 0.73615 0.73698 0.73640 0.73993 0.74276 0.74320 0.74369 0.74795 0.75003 0.75083 0.75186 0.75421 0.75791 0.75892 0.76073 0.76258 0.76469 0.76765 0.76999 0.77184 0.77408 0.77679 0.77935 0.78168 0.78415 0.78678 0.78943 0.79204 0.79468 0.79738 0.76013 0.68246 0.60426 0.52553 0.44625 0.36641 0.28600 0.20502 0.12346 0.04130 0.00000 0.00000 0.00000 0.00000 0.00000 0.00000 0.00000 0.00000 0.00000 0.00000 0.00000 0.00000 0.00000 0.00000 0.00000 0.00000 0.00000 0.00000 0.00000 0.00000 0.00000 0.00000 0.00000 0.00000 0.00000 0.00000 0.00000 0.00000 0.00000 0.00000 0.00000 0.00000 0.00000 0.00000 0.00000 0.00000 0.00000 0.00000 0.00000 0.00000 0.00000 0.00000 0.00000 0.00000 0.00000
0.00000 0.00000 0.00000 0.00000 0.00000 0.00000 0.00000 0.00000 0.00000 0.00000 0.00000 0.00000 0.00000 0.00000 0.00000 0.00000 0.00000 0.00000 0.00000 0.00000 0.00000 0.00000 0.00000 0.00000 0.00000 0.04192 0.12534 0.20820 0.29050 0.37223 0.45344 0.53409 0.61420 0.69379 0.77286 0.81086 0.80820 0.80559 0.80298 0.80038 0.79786 0.79532 0.79289 0.79032 0.78820 0.78546 0.78348 0.78085 0.77878 0.77613 0.77418 0.77176 0.76956 0.76747 0.76525 0.76374 0.76112 0.75952 0.75690 0.75489 0.75387 0.75217 0.74918 0.74721 0.74669 0.70802 0.63069 0.55512 0.48088 0.40639 0.33114 0.25664 0.18334 0.11003 0.03661 0.00000 0.00000 0.00000 0.00000 0.00000 0.00000 0.00000 0.00000 0.00000 0.00000 0.03602 0.10754 0.17954 0.25193 0.32335 0.39292 0.46497 0.53795 0.60740 0.67737 0.71470 0.71509 0.71124 0.71155 0.71431 0.71401 0.71012 0.70980 0.71396 0.71283 0.67439 0.60197 0.53519 0.46353 0.39030 0.31879 0.24995 0.17841 0.10643 0.03546 0.00000 0.00000 0.00000 0.00000 0.00000 0.00000 0.00000 0.00000 0.00000 0.00000 0.00893 0.02685 0.04487 0.06289 0.08072 0.09852 0.11709 0.13549 0.15314 0.17093 0.20823 0.26350 0.31675 0.37145 0.42850 0.48386 0.53698 0.59468 0.65194 0.70524 0.73424 0.73845 0.74019 0.73892 0.74170 0.74522 0.74715 0.74655 0.74926 0.75266 0.75303 0.75500 0.75690 0.76055 0.76179 0.76389 0.76601 0.76766 0.77043 0.77313 0.77521 0.77740 0.77998 0.78260 0.78509 0.78760 0.79019 0.79286 0.79554 0.79823 0.76090 0.68316 0.60489 0.52607 0.44670 0.36678 0.28629 0.20523 0.12358 0.04134 0.00000 0.00000 0.00000 0.00000 0.00000 0.00000 0.00000 0.00000 0.00000 0.00000 0.00000 0.00000 0.00000 0.00000 0.00000 0.00000 0.00000 0.00000 0.00000 0.00000 0.00000 0.00000 0.00000 0.00000 0.00000 0.00000 0.00000 0.00000 0.00000 0.00000 0.00000 0.00000 0.00000 0.00000 0.00000 0.00000 0.00000 0.00000 0.00000 0.00000 0.00000 0.00000 0.00000 0.00000 0.00000
0.00000 0.00000 0.00000 0.00000 0.00000 0.00000 0.00000 0.00000 0.00000 0.00000 0.00000 0.00000 0.00000 0.00000 0.00000 0.00000 0.00000 0.00000 0.00000 0.00000 0.00000 0.00000 0.00000 0.00000 0.00000 0.04196 0.12544 0.20836 0.29073 0.37254 0.45381 0.53451 0.61471 0.69438 0.77350 0.81152 0.80889 0.80627 0.80365 0.80109 0.79853 0.79598 0.79348 0.79131 0.78855 0.78636 0.78381 0.78193 0.77907 0.77713 0.77456 0.77254 0.77009 0.76820 0.76654 0.76375 0.76236 0.75974 0.75774 0.75615 0.75459 0.75199 0.74988 0.74906 0.74766 0.70743 0.63121 0.55641 0.48166 0.40616 0.33115 0.25727 0.18374 0.11016 0.03652 0.00000 0.00000 0.00000 0.00000 0.00000 0.00000 0.00000 0.00000 0.00000 0.00000 0.03590 0.10824 0.18048 0.25113 0.32185 0.39529 0.46748 0.53642 0.60707 0.68073 0.71553 0.71323 0.71380 0.71543 0.71299 0.71156 0.71437 0.71422 0.71049 0.71068 0.67881 0.60641 0.53209 0.46166 0.39235 0.32093 0.24887 0.17783 0.10678 0.03563 0.00000 0.00000 0.00000 0.00000 0.00000 0.00000 0.00000 0.00000 0.00000 0.00000 0.00537 0.01611 0.02686 0.03774 0.04871 0.05932 0.06999 0.08127 0.09244 0.10286 0.13891 0.20165 0.26410 0.32456 0.38722 0.45171 0.51364 0.57513 0.64063 0.70526 0.73473 0.73710 0.74089 0.74236 0.74151 0.74440 0.74790 0.74951 0.74930 0.75095 0.75563 0.75652 0.75776 0.75970 0.76338 0.76525 0.76679 0.76881 0.77098 0.77376 0.77624 0.77835 0.78072 0.78337 0.78597 0.78846 0.79102 0.79368 0.79638 0.79907 0.76170 0.68387 0.60552 0.52662 0.44716 0.36716 0.28659 0.20544 0.12371 0.04138 0.00000 0.00000 0.00000 0.00000 0.00000 0.00000 0.00000 0.00000 0.00000 0.00000 0.00000 0.00000 0.00000 0.00000 0.00000 0.00000 0.00000 0.00000 0.00000 0.00000 0.00000 0.00000 0.00000 0.00000 0.00000 0.00000 0.00000 0.00000 0.00000 0.00000 0.00000 0.00000 0.00000 0.00000 0.00000 0.00000 0.00000 0.00000 0.00000 0.00000 0.00000 0.00000 0.00000 0.00000 0.00000
0.00000 0.00000 0.00000 0.00000 0.00000 0.00000 0.00000 0.00000 0.00000 0.00000 0.00000 0.00000 0.00000 0.00000 0.00000 0.00000 0.00000 0.00000 0.00000 0.00000 0.00000 0.00000 0.00000 0.00000 0.00000 0.04199 0.12554 0.20853 0.29097 0.37285 0.45417 0.53496 0.61522 0.69494 0.77414 0.81222 0.80958 0.80693 0.80433 0.80179 0.79923 0.79665 0.79429 0.79173 0.78952 0.78680 0.78485 0.78214 0.78023 0.77745 0.77548 0.77297 0.77112 0.76877 0.76655 0.76534 0.76243 0.76039 0.75879 0.75726 0.75444 0.75236 0.75169 0.75009 0.74697 0.70782 0.63293 0.55762 0.48120 0.40597 0.33203 0.25810 0.18395 0.10979 0.03655 0.00000 0.00000 0.00000 0.00000 0.00000 0.00000 0.00000 0.00000 0.00000 0.00000 0.03607 0.10830 0.17999 0.25089 0.32335 0.39593 0.46617 0.53608 0.60931 0.68193 0.71416 0.71338 0.71591 0.71670 0.71223 0.71195 0.71518 0.71562 0.71145 0.70984 0.67942 0.60731 0.53340 0.46134 0.39364 0.32182 0.24864 0.17775 0.10760 0.03578 0.00000 0.00000 0.00000 0.00000 0.00000 0.00000 0.00000 0.00000 0.00000 0.00000 0.00180 0.00538 0.00896 0.01257 0.01622 0.01986 0.02340 0.02698 0.03078 0.03450 0.07053 0.13927 0.20947 0.27951 0.34728 0.41754 0.48967 0.55891 0.62812 0.70159 0.73910 0.73711 0.73895 0.74336 0.74537 0.74420 0.74613 0.75052 0.75216 0.75222 0.75406 0.75833 0.75937 0.76085 0.76331 0.76588 0.76779 0.77001 0.77219 0.77417 0.77679 0.77942 0.78173 0.78412 0.78670 0.78933 0.79192 0.79453 0.79719 0.79991 0.76251 0.68459 0.60614 0.52716 0.44763 0.36754 0.28688 0.20565 0.12383 0.04143 0.00000 0.00000 0.00000 0.00000 0.00000 0.00000 0.00000 0.00000 0.00000 0.00000 0.00000 0.00000 0.00000 0.00000 0.00000 0.00000 0.00000 0.00000 0.00000 0.00000 0.00000 0.00000 0.00000 0.00000 0.00000 0.00000 0.00000 0.00000 0.00000 0.00000 0.00000 0.00000 0.00000 0.00000 0.00000 0.00000 0.00000 0.00000 0.00000 0.00000 0.00000 0.00000 0.00000 0.00000 0.00000
0.00000 0.00000 0.00000 0.00000 0.00000 0.00000 0.00000 0.00000 0.00000 0.00000 0.00000 0.00000 0.00000 0.00000 0.00000 0.00000 0.00000 0.00000 0.00000 0.00000 0.00000 0.00000 0.00000 0.00000 0.00000 0.03992 0.11936 0.19827 0.27665 0.35449 0.43182 0.50865 0.58495 0.66074 0.73606 0.77431 0.77582 0.77734 0.77889 0.78039 0.78189 0.78353 0.78497 0.78651 0.78795 0.78800 0.78518 0.78314 0.78042 0.77860 0.77606 0.77407 0.77142 0.76943 0.76803 0.76536 0.76321 0.76117 0.75985 0.75722 0.75507 0.75406 0.75256 0.74969 0.74755 0.70953 0.63391 0.55725 0.48148 0.40686 0.33264 0.25837 0.18371 0.10991 0.03665 0.00000 0.00000 0.00000 0.00000 0.00000 0.00000 0.00000 0.00000 0.00000 0.00000 0.03441 0.10262 0.17050 0.23976 0.30866 0.37496 0.44216 0.51207 0.58105 0.64629 0.67972 0.68094 0.68025 0.67874 0.67970 0.68010 0.67813 0.67784 0.68022 0.67906 0.64159 0.57533 0.50949 0.44129 0.37163 0.30391 0.23723 0.16982 0.10174 0.03392 0.00000 0.00000 0.00000 0.00000 0.00000 0.00000 0.00000 0.00000 0.00000 0.00000 0.00180 0.00540 0.00901 0.01257 0.01614 0.01987 0.02357 0.02704 0.03065 0.03450 0.07101 0.13950 0.20856 0.27947 0.34963 0.41736 0.48864 0.56088 0.62939 0.70000 0.73901 0.74139 0.73956 0.74161 0.74594 0.74779 0.74694 0.74870 0.75333 0.75463 0.75501 0.75706 0.76136 0.76280 0.76360 0.76604 0.76889 0.77108 0.77304 0.77519 0.77555 0.77429 0.77289 0.77129 0.76978 0.76841 0.76703 0.76556 0.76411 0.76271 0.72515 0.65105 0.57643 0.50132 0.42569 0.34952 0.27281 0.19556 0.11776 0.03940 0.00000 0.00000 0.00000 0.00000 0.00000 0.00000 0.00000 0.00000 0.00000 0.00000 0.00000 0.00000 0.00000 0.00000 0.00000 0.00000 0.00000 0.00000 0.00000 0.00000 0.00000 0.00000 0.00000 0.00000 0.00000 0.00000 0.00000 0.00000 0.00000 0.00000 0.00000 0.00000 0.00000 0.00000 0.00000 0.00000 0.00000 0.00000 0.00000 0.00000 0.00000 0.00000 0.00000 0.00000 0.00000
0.00000 0.00000 0.00000 0.00000 0.00000 0.00000 0.00000 0.00000 0.00000 0.00000 0.00000 0.00000 0.00000 0.00000 0.00000 0.00000 0.00000 0.00000 0.00000 0.00000 0.00000 0.00000 0.00000 0.00000 0.00000 0.03575 0.10689 0.17754 0.24773 0.31744 0.38670 0.45548 0.52381 0.59170 0.65915 0.69766 0.70755 0.71742 0.72719 0.73688 0.74659 0.75623 0.76583 0.77521 0.78498 0.78832 0.78626 0.78342 0.78156 0.77904 0.77710 0.77428 0.77236 0.77083 0.76817 0.76589 0.76391 0.76259 0.75979 0.75766 0.75678 0.75505 0.75203 0.75010 0.74962 0.71092 0.63328 0.55728 0.48265 0.40803 0.33283 0.25780 0.18387 0.11037 0.03680 0.00000 0.00000 0.00000 0.00000 0.00000 0.00000 0.00000 0.00000 0.00000 0.00000 0.03069 0.09181 0.15337 0.21484 0.27516 0.33518 0.39744 0.45947 0.51794 0.57766 0.61000 0.61074 0.60761 0.60688 0.60948 0.61110 0.60653 0.60607 0.60833 0.60927 0.57526 0.51435 0.45657 0.39573 0.33288 0.27253 0.21365 0.15219 0.09093 0.03035 0.00000 0.00000 0.00000 0.00000 0.00000 0.00000 0.00000 0.00000 0.00000 0.00000 0.00538 0.01622 0.02707 0.03785 0.04854 0.05941 0.07065 0.08163 0.09215 0.10303 0.14020 0.20247 0.26343 0.32562 0.39015 0.45294 0.51382 0.57861 0.64357 0.70452 0.73732 0.74159 0.74367 0.74215 0.74410 0.74857 0.75013 0.74976 0.75179 0.75609 0.75709 0.75800 0.76067 0.76415 0.76536 0.76685 0.76955 0.77167 0.77382 0.77623 0.77271 0.76324 0.75400 0.74470 0.73522 0.72571 0.71621 0.70667 0.69705 0.68737 0.64949 0.58313 0.51630 0.44902 0.38127 0.31305 0.24435 0.17516 0.10547 0.03528 0.00000 0.00000 0.00000 0.00000 0.00000 0.00000 0.00000 0.00000 0.00000 0.00000 0.00000 0.00000 0.00000 0.00000 0.00000 0.00000 0.00000 0.00000 0.00000 0.00000 0.00000 0.00000 0.00000 0.00000 0.00000 0.00000 0.00000 0.00000 0.00000 0.00000 0.00000 0.00000 0.00000 0.00000 0.00000 0.00000 0.00000 0.00000 0.00000 0.00000 0.00000 0.00000 0.00000 0.00000 0.00000
0.00000 0.00000 0.00000 0.00000 0.00000 0.00000 0.00000 0.00000 0.00000 0.00000 0.00000 0.00000 0.00000 0.00000 0.00000 0.00000 0.00000 0.00000 0.00000 0.00000 0.00000 0.00000 0.00000 0.00000 0.00000 0.03157 0.09439 0.15679 0.21877 0.28033 0.34149 0.40223 0.46258 0.52255 0.58210 0.62090 0.63920 0.65736 0.67539 0.69336 0.71120 0.72888 0.74649 0.76429 0.78154 0.78911 0.78651 0.78474 0.78203 0.78005 0.77727 0.77541 0.77362 0.77115 0.76867 0.76661 0.76537 0.76266 0.76034 0.75904 0.75759 0.75489 0.75263 0.75189 0.75067 0.71040 0.63374 0.55846 0.48358 0.40822 0.33274 0.25807 0.18431 0.11072 0.03673 0.00000 0.00000 0.00000 0.00000 0.00000 0.00000 0.00000 0.00000 0.00000 0.00000 0.02704 0.08144 0.13582 0.18909 0.24255 0.29742 0.35221 0.40403 0.45722 0.51230 0.53936 0.53786 0.53757 0.53807 0.53739 0.53688 0.53815 0.53713 0.53561 0.53625 0.51098 0.45635 0.40077 0.34785 0.29514 0.24187 0.18749 0.13378 0.08039 0.02685 0.00000 0.00000 0.00000 0.00000 0.00000 0.00000 0.00000 0.00000 0.00000 0.00000 0.00899 0.02692 0.04496 0.06331 0.08160 0.09904 0.11711 0.13618 0.15474 0.17198 0.20841 0.26468 0.32003 0.37323 0.42874 0.48667 0.54160 0.59598 0.65433 0.71215 0.73795 0.73963 0.74411 0.74614 0.74482 0.74664 0.75128 0.75280 0.75258 0.75466 0.75897 0.76037 0.76089 0.76345 0.76720 0.76870 0.76974 0.77231 0.77487 0.77713 0.76966 0.75243 0.73515 0.71791 0.70054 0.68297 0.66532 0.64762 0.62982 0.61188 0.57368 0.51506 0.45604 0.39661 0.33677 0.27651 0.21582 0.15471 0.09316 0.03116 0.00000 0.00000 0.00000 0.00000 0.00000 0.00000 0.00000 0.00000 0.00000 0.00000 0.00000 0.00000 0.00000 0.00000 0.00000 0.00000 0.00000 0.00000 0.00000 0.00000 0.00000 0.00000 0.00000 0.00000 0.00000 0.00000 0.00000 0.00000 0.00000 0.00000 0.00000 0.00000 0.00000 0.00000 0.00000 0.00000 0.00000 0.00000 0.00000 0.00000 0.00000 0.00000 0.00000 0.00000 0.00000
0.00000 0.00000 0.00000 0.00000 0.00000 0.00000 0.00000 0.00000 0.00000 0.00000 0.00000 0.00000 0.00000 0.00000 0.00000 0.00000 0.00000 0.00000 0.00000 0.00000 0.00000 0.00000 0.00000 0.00000 0.00000 0.02738 0.08187 0.13599 0.18976 0.24316 0.29621 0.34890 0.40126 0.45326 0.50492 0.54404 0.57071 0.59718 0.62353 0.64974 0.67573 0.70153 0.72736 0.75290 0.77839 0.78961 0.78767 0.78504 0.78312 0.78024 0.77841 0.77639 0.77409 0.77162 0.76946 0.76823 0.76539 0.76316 0.76171 0.76008 0.75737 0.75530 0.75460 0.75294 0.74995 0.71051 0.63532 0.56015 0.48348 0.40776 0.33311 0.25904 0.18495 0.11039 0.03665 0.00000 0.00000 0.00000 0.00000 0.00000 0.00000 0.00000 0.00000 0.00000 0.00000 0.02357 0.07064 0.11729 0.16383 0.21121 0.25838 0.30395 0.34975 0.39785 0.44524 0.46635 0.46557 0.46734 0.46827 0.46516 0.46524 0.46636 0.46748 0.46466 0.46473 0.44258 0.39638 0.34805 0.30188 0.25654 0.20959 0.16256 0.11628 0.07007 0.02329 0.00000 0.00000 0.00000 0.00000 0.00000 0.00000 0.00000 0.00000 0.00000 0.00000 0.01264 0.03776 0.06294 0.08867 0.11426 0.13940 0.16421 0.18983 0.21669 0.24229 0.27774 0.32555 0.37525 0.42310 0.46945 0.51867 0.56878 0.61582 0.66448 0.71601 0.74185 0.74034 0.74252 0.74680 0.74820 0.74756 0.74987 0.75399 0.75505 0.75549 0.75822 0.76178 0.76284 0.76395 0.76705 0.77007 0.77119 0.77298 0.77567 0.77795 0.76655 0.74157 0.71642 0.69108 0.66568 0.64013 0.61438 0.58847 0.56242 0.53621 0.49773 0.44686 0.39565 0.34409 0.29217 0.23989 0.18724 0.13422 0.08082 0.02704 0.00000 0.00000 0.00000 0.00000 0.00000 0.00000 0.00000 0.00000 0.00000 0.00000 0.00000 0.00000 0.00000 0.00000 0.00000 0.00000 0.00000 0.00000 0.00000 0.00000 0.00000 0.00000 0.00000 0.00000 0.00000 0.00000 0.00000 0.00000 0.00000 0.00000 0.00000 0.00000 0.00000 0.00000 0.00000 0.00000 0.00000 0.00000 0.00000 0.00000 0.00000 0.00000 0.00000 0.00000 0.00000
0.00000 0.00000 0.00000 0.00000 0.00000 0.00000 0.00000 0.00000 0.00000 0.00000 0.00000 0.00000 0.00000 0.00000 0.00000 0.00000 0.00000 0.00000 0.00000 0.00000 0.00000 0.00000 0.00000 0.00000 0.00000 0.02319 0.06934 0.11517 0.16070 0.20592 0.25085 0.29549 0.33982 0.38385 0.42762 0.46702 0.50209 0.53694 0.57160 0.60599 0.64018 0.67429 0.70804 0.74157 0.77495 0.79081 0.78809 0.78594 0.78330 0.78158 0.77905 0.77706 0.77452 0.77242 0.77121 0.76835 0.76600 0.76413 0.76277 0.76020 0.75791 0.75690 0.75534 0.75277 0.75020 0.71211 0.63693 0.55993 0.48376 0.40820 0.33383 0.25970 0.18469 0.11025 0.03676 0.00000 0.00000 0.00000 0.00000 0.00000 0.00000 0.00000 0.00000 0.00000 0.00000 0.01999 0.05966 0.09920 0.13930 0.17927 0.21812 0.25727 0.29749 0.33755 0.37584 0.39519 0.39562 0.39540 0.39500 0.39534 0.39470 0.39419 0.39445 0.39553 0.39429 0.37368 0.33488 0.29608 0.25646 0.21644 0.17704 0.13795 0.09871 0.05916 0.01971 0.00000 0.00000 0.00000 0.00000 0.00000 0.00000 0.00000 0.00000 0.00000 0.00000 0.01625 0.04888 0.08128 0.11343 0.14627 0.17990 0.21274 0.24414 0.27719 0.31204 0.34886 0.38749 0.42848 0.47161 0.51198 0.55125 0.59399 0.63694 0.67633 0.71805 0.74253 0.74440 0.74293 0.74487 0.74945 0.75099 0.75032 0.75250 0.75679 0.75822 0.75834 0.76089 0.76473 0.76621 0.76691 0.76973 0.77309 0.77447 0.77608 0.77864 0.76361 0.73066 0.69756 0.66427 0.63078 0.59715 0.56331 0.52921 0.49489 0.46038 0.42161 0.37852 0.33513 0.29145 0.24748 0.20319 0.15860 0.11369 0.06846 0.02290 0.00000 0.00000 0.00000 0.00000 0.00000 0.00000 0.00000 0.00000 0.00000 0.00000 0.00000 0.00000 0.00000 0.00000 0.00000 0.00000 0.00000 0.00000 0.00000 0.00000 0.00000 0.00000 0.00000 0.00000 0.00000 0.00000 0.00000 0.00000 0.00000 0.00000 0.00000 0.00000 0.00000 0.00000 0.00000 0.00000 0.00000 0.00000 0.00000 0.00000 0.00000 0.00000 0.00000 0.00000 0.00000
0.00000 0.00000 0.00000 0.00000 0.00000 0.00000 0.00000 0.00000 0.00000 0.00000 0.00000 0.00000 0.00000 0.00000 0.00000 0.00000 0.00000 0.00000 0.00000 0.00000 0.00000 0.00000 0.00000 0.00000 0.00000 0.01899 0.05678 0.09431 0.13160 0.16863 0.20542 0.24197 0.27827 0.31435 0.35018 0.38986 0.43336 0.47661 0.51954 0.56219 0.60466 0.64684 0.68869 0.73029 0.77195 0.79120 0.78899 0.78641 0.78458 0.78180 0.78005 0.77738 0.77542 0.77403 0.77119 0.76910 0.76691 0.76543 0.76284 0.76080 0.75962 0.75747 0.75511 0.75292 0.75241 0.71447 0.63619 0.55973 0.48431 0.40964 0.33458 0.25913 0.18441 0.11071 0.03696 0.00000 0.00000 0.00000 0.00000 0.00000 0.00000 0.00000 0.00000 0.00000 0.00000 0.01629 0.04883 0.08159 0.11419 0.14622 0.17833 0.21135 0.24410 0.27542 0.30709 0.32433 0.32465 0.32298 0.32305 0.32379 0.32409 0.32260 0.32290 0.32331 0.32342 0.30622 0.27421 0.24233 0.20990 0.17726 0.14521 0.11310 0.08069 0.04842 0.01616 0.00000 0.00000 0.00000 0.00000 0.00000 0.00000 0.00000 0.00000 0.00000 0.00000 0.01979 0.05985 0.09976 0.13898 0.17856 0.21949 0.26051 0.30003 0.33909 0.38015 0.41906 0.45170 0.48353 0.51828 0.55342 0.58592 0.61960 0.65575 0.69022 0.72227 0.74131 0.74526 0.74639 0.74559 0.74805 0.75213 0.75315 0.75319 0.75592 0.75957 0.76058 0.76132 0.76442 0.76761 0.76878 0.77001 0.77314 0.77597 0.77725 0.77936 0.76046 0.71972 0.67864 0.63739 0.59587 0.55410 0.51209 0.46981 0.42724 0.38440 0.34531 0.31002 0.27449 0.23871 0.20269 0.16642 0.12990 0.09311 0.05607 0.01876 0.00000 0.00000 0.00000 0.00000 0.00000 0.00000 0.00000 0.00000 0.00000 0.00000 0.00000 0.00000 0.00000 0.00000 0.00000 0.00000 0.00000 0.00000 0.00000 0.00000 0.00000 0.00000 0.00000 0.00000 0.00000 0.00000 0.00000 0.00000 0.00000 0.00000 0.00000 0.00000 0.00000 0.00000 0.00000 0.00000 0.00000 0.00000 0.00000 0.00000 0.00000 0.00000 0.00000 0.00000 0.00000
0.00000 0.00000 0.00000 0.00000 0.00000 0.00000 0.00000 0.00000 0.00000 0.00000 0.00000 0.00000 0.00000 0.00000 0.00000 0.00000 0.00000 0.00000 0.00000 0.00000 0.00000 0.00000 0.00000 0.00000 0.00000 0.01478 0.04420 0.07342 0.10244 0.13127 0.15991 0.18836 0.21663 0.24471 0.27260 0.31257 0.36452 0.41613 0.46739 0.51838 0.56903 0.61929 0.66932 0.71927 0.76853 0.79187 0.78954 0.78773 0.78477 0.78290 0.78033 0.77855 0.77630 0.77417 0.77227 0.76968 0.76829 0.76576 0.76359 0.76189 0.76010 0.75804 0.75552 0.75458 0.75353 0.71375 0.63645 0.56036 0.48538 0.41029 0.33448 0.25891 0.18493 0.11114 0.03692 0.00000 0.00000 0.00000 0.00000 0.00000 0.00000 0.00000 0.00000 0.00000 0.00000 0.01268 0.03815 0.06360 0.08867 0.11374 0.13929 0.16481 0.18952 0.21435 0.23984 0.25254 0.25214 0.25205 0.25176 0.25157 0.25181 0.25217 0.25138 0.25114 0.25147 0.23935 0.21362 0.18832 0.16330 0.13834 0.11314 0.08794 0.06282 0.03770 0.01257 0.00000 0.00000 0.00000 0.00000 0.00000 0.00000 0.00000 0.00000 0.00000 0.00000 0.02343 0.07025 0.11786 0.16535 0.21220 0.25848 0.30676 0.35586 0.40301 0.44899 0.48690 0.51546 0.54072 0.56522 0.59333 0.62131 0.64614 0.67288 0.70236 0.72976 0.74135 0.74343 0.74784 0.74924 0.74829 0.75046 0.75487 0.75626 0.75600 0.75847 0.76247 0.76389 0.76424 0.76710 0.77066 0.77218 0.77307 0.77578 0.77894 0.78057 0.75721 0.70863 0.65973 0.61044 0.56087 0.51098 0.46077 0.41027 0.35944 0.30826 0.26886 0.24138 0.21372 0.18586 0.15782 0.12957 0.10114 0.07250 0.04365 0.01460 0.00000 0.00000 0.00000 0.00000 0.00000 0.00000 0.00000 0.00000 0.00000 0.00000 0.00000 0.00000 0.00000 0.00000 0.00000 0.00000 0.00000 0.00000 0.00000 0.00000 0.00000 0.00000 0.00000 0.00000 0.00000 0.00000 0.00000 0.00000 0.00000 0.00000 0.00000 0.00000 0.00000 0.00000 0.00000 0.00000 0.00000 0.00000 0.00000 0.00000 0.00000 0.00000 0.00000 0.00000 0.00000
0.00000 0.00000 0.00000 0.00000 0.00000 0.00000 0.00000 0.00000 0.00000 0.00000 0.00000 0.00000 0.00000 0.00000 0.00000 0.00000 0.00000 0.00000 0.00000 0.00000 0.00000 0.00000 0.00000 0.00000 0.00000 0.01057 0.03160 0.05249 0.07324 0.09385 0.11432 0.13466 0.15487 0.17494 0.19489 0.23516 0.29555 0.35554 0.41518 0.47445 0.53329 0.59178 0.65008 0.70782 0.76523 0.79268 0.79069 0.78784 0.78586 0.78350 0.78159 0.77860 0.77706 0.77518 0.77261 0.77108 0.76853 0.76660 0.76462 0.76259 0.76059 0.75858 0.75732 0.75479 0.75347 0.71310 0.63750 0.56215 0.48605 0.40993 0.33418 0.25986 0.18574 0.11098 0.03680 0.00000 0.00000 0.00000 0.00000 0.00000 0.00000 0.00000 0.00000 0.00000 0.00000 0.00911 0.02728 0.04529 0.06331 0.08159 0.09978 0.11745 0.13515 0.15366 0.17189 0.18019 0.17998 0.18030 0.18038 0.17973 0.17994 0.18009 0.17995 0.17954 0.17977 0.17094 0.15281 0.13462 0.11680 0.09889 0.08084 0.06288 0.04496 0.02696 0.00898 0.00000 0.00000 0.00000 0.00000 0.00000 0.00000 0.00000 0.00000 0.00000 0.00000 0.02720 0.08119 0.13536 0.19102 0.24586 0.29934 0.35326 0.40991 0.46655 0.52030 0.55596 0.57687 0.59732 0.61454 0.63351 0.65506 0.67426 0.69161 0.71258 0.73471 0.74464 0.74386 0.74648 0.75047 0.75139 0.75112 0.75372 0.75756 0.75862 0.75894 0.76187 0.76530 0.76643 0.76728 0.77059 0.77367 0.77469 0.77625 0.77903 0.78190 0.75433 0.69757 0.64069 0.58343 0.52577 0.46775 0.40936 0.35061 0.29147 0.23194 0.19225 0.17260 0.15282 0.13290 0.11285 0.09265 0.07232 0.05184 0.03121 0.01044 0.00000 0.00000 0.00000 0.00000 0.00000 0.00000 0.00000 0.00000 0.00000 0.00000 0.00000 0.00000 0.00000 0.00000 0.00000 0.00000 0.00000 0.00000 0.00000 0.00000 0.00000 0.00000 0.00000 0.00000 0.00000 0.00000 0.00000 0.00000 0.00000 0.00000 0.00000 0.00000 0.00000 0.00000 0.00000 0.00000 0.00000 0.00000 0.00000 0.00000 0.00000 0.00000 0.00000 0.00000 0.00000
0.00000 0.00000 0.00000 0.00000 0.00000 0.00000 0.00000 0.00000 0.00000 0.00000 0.00000 0.00000 0.00000 0.00000 0.00000 0.00000 0.00000 0.00000 0.00000 0.00000 0.00000 0.00000 0.00000 0.00000 0.00000 0.00635 0.01897 0.03152 0.04398 0.05636 0.06865 0.08087 0.09301 0.10506 0.11704 0.15760 0.22645 0.29487 0.36287 0.43040 0.49753 0.56434 0.63060 0.69640 0.76202 0.79386 0.79097 0.78866 0.78666 0.78477 0.78149 0.77994 0.77795 0.77564 0.77384 0.77149 0.76950 0.76712 0.76552 0.76354 0.76133 0.75951 0.75751 0.75639 0.75357 0.71449 0.63844 0.56282 0.48632 0.40963 0.33493 0.26072 0.18563 0.11077 0.03690 0.00000 0.00000 0.00000 0.00000 0.00000 0.00000 0.00000 0.00000 0.00000 0.00000 0.00547 0.01635 0.02718 0.03812 0.04907 0.05979 0.07047 0.08140 0.09238 0.10302 0.10825 0.10824 0.10821 0.10823 0.10825 0.10799 0.10794 0.10810 0.10821 0.10788 0.10249 0.09179 0.08105 0.07013 0.05934 0.04858 0.03780 0.02698 0.01620 0.00540 0.00000 0.00000 0.00000 0.00000 0.00000 0.00000 0.00000 0.00000 0.00000 0.00000 0.03086 0.09267 0.15378 0.21526 0.27860 0.34127 0.40221 0.46315 0.52769 0.59230 0.62774 0.63782 0.65201 0.66517 0.67470 0.68673 0.70148 0.71358 0.72337 0.73674 0.74650 0.74755 0.74648 0.74867 0.75319 0.75447 0.75384 0.75618 0.76040 0.76189 0.76178 0.76444 0.76822 0.76989 0.77033 0.77312 0.77671 0.77795 0.77947 0.78206 0.75160 0.68670 0.62163 0.55632 0.49060 0.42443 0.35784 0.29082 0.22337 0.15547 0.11548 0.10367 0.09179 0.07982 0.06778 0.05565 0.04343 0.03113 0.01875 0.00627 0.00000 0.00000 0.00000 0.00000 0.00000 0.00000 0.00000 0.00000 0.00000 0.00000 0.00000 0.00000 0.00000 0.00000 0.00000 0.00000 0.00000 0.00000 0.00000 0.00000 0.00000 0.00000 0.00000 0.00000 0.00000 0.00000 0.00000 0.00000 0.00000 0.00000 0.00000 0.00000 0.00000 0.00000 0.00000 0.00000 0.00000 0.00000 0.00000 0.00000 0.00000 0.00000 0.00000 0.00000 0.00000
0.00000 0.00000 0.00000 0.00000 0.00000 0.00000 0.00000 0.00000 0.00000 0.00000 0.00000 0.00000 0.00000 0.00000 0.00000 0.00000 0.00000 0.00000 0.00000 0.00000 0.00000 0.00000 0.00000 0.00000 0.00000 0.00212 0.00633 0.01052 0.01467 0.01880 0.02291 0.02698 0.03103 0.03505 0.03905 0.07989 0.15723 0.23409 0.31044 0.38629 0.46175 0.53669 0.61109 0.68516 0.75905 0.79414 0.79177 0.78976 0.78779 0.78457 0.78281 0.78089 0.77867 0.77623 0.77429 0.77256 0.76999 0.76816 0.76628 0.76438 0.76223 0.75991 0.75885 0.75701 0.75483 0.71520 0.63961 0.56294 0.48589 0.41079 0.33614 0.26052 0.18517 0.11109 0.03709 0.00000 0.00000 0.00000 0.00000 0.00000 0.00000 0.00000 0.00000 0.00000 0.00000 0.00182 0.00545 0.00910 0.01274 0.01633 0.01991 0.02358 0.02723 0.03074 0.03428 0.03618 0.03621 0.03608 0.03606 0.03611 0.03609 0.03601 0.03605 0.03608 0.03605 0.03418 0.03061 0.02704 0.02341 0.01979 0.01622 0.01261 0.00900 0.00540 0.00180 0.00000 0.00000 0.00000 0.00000 0.00000 0.00000 0.00000 0.00000 0.00000 0.00000 0.03433 0.10376 0.17296 0.24097 0.30988 0.38167 0.45189 0.51928 0.58825 0.66169 0.70019 0.70160 0.70602 0.71382 0.71800 0.72008 0.72647 0.73376 0.73752 0.74050 0.74524 0.74903 0.74968 0.74928 0.75177 0.75578 0.75680 0.75679 0.75946 0.76319 0.76430 0.76473 0.76785 0.77116 0.77250 0.77339 0.77632 0.77968 0.78084 0.78274 0.74807 0.67581 0.60266 0.52917 0.45533 0.38101 0.30620 0.23091 0.15512 0.07883 0.03853 0.03459 0.03063 0.02664 0.02262 0.01857 0.01449 0.01039 0.00626 0.00209 0.00000 0.00000 0.00000 0.00000 0.00000 0.00000 0.00000 0.00000 0.00000 0.00000 0.00000 0.00000 0.00000 0.00000 0.00000 0.00000 0.00000 0.00000 0.00000 0.00000 0.00000 0.00000 0.00000 0.00000 0.00000 0.00000 0.00000 0.00000 0.00000 0.00000 0.00000 0.00000 0.00000 0.00000 0.00000 0.00000 0.00000 0.00000 0.00000 0.00000 0.00000 0.00000 0.00000 0.00000 0.00000
0.00000 0.00000 0.00000 0.00000 0.00000 0.00000 0.00000 0.00000 0.00000 0.00000 0.00000 0.00000 0.00000 0.00000 0.00000 0.00000 0.00000 0.00000 0.00000 0.00000 0.00000 0.00000 0.00000 0.00000 0.00000 0.00000 0.00000 0.00000 0.00000 0.00000 0.00000 0.00000 0.00000 0.00000 0.00000 0.03896 0.11651 0.19355 0.27010 0.34621 0.42181 0.49689 0.57160 0.64607 0.71959 0.75508 0.75318 0.75142 0.74835 0.74633 0.74481 0.74271 0.73989 0.73830 0.73673 0.73419 0.73251 0.73076 0.72870 0.72634 0.72478 0.72367 0.72166 0.71919 0.71756 0.68153 0.60819 0.53422 0.46245 0.39144 0.31934 0.24711 0.17636 0.10594 0.03523 0.00000 0.00000 0.00000 0.00000 0.00000 0.00000 0.00000 0.00000 0.00000 0.00000 0.00000 0.00000 0.00000 0.00000 0.00000 0.00000 0.00000 0.00000 0.00000 0.00000 0.00000 0.00000 0.00000 0.00000 0.00000 0.00000 0.00000 0.00000 0.00000 0.00000 0.00000 0.00000 0.00000 0.00000 0.00000 0.00000 0.00000 0.00000 0.00000 0.00000 0.00000 0.00000 0.00000 0.00000 0.00000 0.00000 0.00000 0.00000 0.00000 0.00000 0.03439 0.10320 0.17325 0.24272 0.31060 0.37956 0.45194 0.52256 0.59006 0.65924 0.69843 0.70016 0.69761 0.69865 0.70285 0.70344 0.70186 0.70427 0.70814 0.70867 0.70951 0.71548 0.72353 0.72831 0.73125 0.73710 0.74531 0.75051 0.75388 0.76000 0.76417 0.76187 0.75813 0.75695 0.75675 0.75446 0.75132 0.74988 0.74931 0.74687 0.70945 0.63686 0.56384 0.49013 0.41602 0.34148 0.26647 0.19096 0.11495 0.03845 0.00000 0.00000 0.00000 0.00000 0.00000 0.00000 0.00000 0.00000 0.00000 0.00000 0.00000 0.00000 0.00000 0.00000 0.00000 0.00000 0.00000 0.00000 0.00000 0.00000 0.00000 0.00000 0.00000 0.00000 0.00000 0.00000 0.00000 0.00000 0.00000 0.00000 0.00000 0.00000 0.00000 0.00000 0.00000 0.00000 0.00000 0.00000 0.00000 0.00000 0.00000 0.00000 0.00000 0.00000 0.00000 0.00000 0.00000 0.00000 0.00000 0.00000 0.00000 0.00000 0.00000 0.00000 0.00000
0.00000 0.00000 0.00000 0.00000 0.00000 0.00000 0.00000 0.00000 0.00000 0.00000 0.00000 0.00000 0.00000 0.00000 0.00000 0.00000 0.00000 0.00000 0.00000 0.00000 0.00000 0.00000 0.00000 0.00000 0.00000 0.00000 0.00000 0.00000 0.00000 0.00000 0.00000 0.00000 0.00000 0.00000 0.00000 0.03489 0.10434 0.17333 0.24191 0.31007 0.37774 0.44503 0.51205 0.57842 0.64442 0.67651 0.67489 0.67224 0.67036 0.66896 0.66713 0.66448 0.66295 0.66169 0.65946 0.65770 0.65622 0.65444 0.65231 0.65073 0.64979 0.64822 0.64572 0.64418 0.64384 0.61027 0.54355 0.47905 0.41514 0.35026 0.28516 0.22168 0.15852 0.09481 0.03144 0.00000 0.00000 0.00000 0.00000 0.00000 0.00000 0.00000 0.00000 0.00000 0.00000 0.00000 0.00000 0.00000 0.00000 0.00000 0.00000 0.00000 0.00000 0.00000 0.00000 0.00000 0.00000 0.00000 0.00000 0.00000 0.00000 0.00000 0.00000 0.00000 0.00000 0.00000 0.00000 0.00000 0.00000 0.00000 0.00000 0.00000 0.00000 0.00000 0.00000 0.00000 0.00000 0.00000 0.00000 0.00000 0.00000 0.00000 0.00000 0.00000 0.00000 0.03095 0.09245 0.15415 0.21750 0.27990 0.34023 0.40226 0.46796 0.53098 0.59075 0.62284 0.62722 0.62748 0.62533 0.62763 0.63103 0.63065 0.62988 0.63263 0.63566 0.64140 0.65233 0.66580 0.68067 0.69278 0.70392 0.71746 0.73274 0.74531 0.75674 0.75945 0.75158 0.74139 0.73025 0.72153 0.71311 0.70244 0.69197 0.68264 0.67360 0.63575 0.57038 0.50493 0.43906 0.37267 0.30587 0.23868 0.17104 0.10297 0.03444 0.00000 0.00000 0.00000 0.00000 0.00000 0.00000 0.00000 0.00000 0.00000 0.00000 0.00000 0.00000 0.00000 0.00000 0.00000 0.00000 0.00000 0.00000 0.00000 0.00000 0.00000 0.00000 0.00000 0.00000 0.00000 0.00000 0.00000 0.00000 0.00000 0.00000 0.00000 0.00000 0.00000 0.00000 0.00000 0.00000 0.00000 0.00000 0.00000 0.00000 0.00000 0.00000 0.00000 0.00000 0.00000 0.00000 0.00000 0.00000 0.00000 0.00000 0.00000 0.00000 0.00000 0.00000 0.00000
0.00000 0.00000 0.00000 0.00000 0.00000 0.00000 0.00000 0.00000 0.00000 0.00000 0.00000 0.00000 0.00000 0.00000 0.00000 0.00000 0.00000 0.00000 0.00000 0.00000 0.00000 0.00000 0.00000 0.00000 0.00000 0.00000 0.00000 0.00000 0.00000 0.00000 0.00000 0.00000 0.00000 0.00000 0.00000 0.03082 0.09215 0.15309 0.21366 0.27382 0.33363 0.39313 0.45216 0.51079 0.56930 0.59785 0.59553 0.59374 0.59254 0.59102 0.58854 0.58704 0.58603 0.58414 0.58253 0.58118 0.57951 0.57756 0.57644 0.57553 0.57371 0.57161 0.57068 0.57014 0.56880 0.53778 0.48056 0.42396 0.36651 0.30859 0.25222 0.19628 0.13988 0.08353 0.02780 0.00000 0.00000 0.00000 0.00000 0.00000 0.00000 0.00000 0.00000 0.00000 0.00000 0.00000 0.00000 0.00000 0.00000 0.00000 0.00000 0.00000 0.00000 0.00000 0.00000 0.00000 0.00000 0.00000 0.00000 0.00000 0.00000 0.00000 0.00000 0.00000 0.00000 0.00000 0.00000 0.00000 0.00000 0.00000 0.00000 0.00000 0.00000 0.00000 0.00000 0.00000 0.00000 0.00000 0.00000 0.00000 0.00000 0.00000 0.00000 0.00000 0.00000 0.02734 0.08215 0.13621 0.19079 0.24719 0.30259 0.35572 0.41061 0.46916 0.52489 0.54991 0.55102 0.55479 0.55509 0.55330 0.55529 0.55842 0.55846 0.55762 0.55967 0.57220 0.59149 0.60957 0.63008 0.65290 0.67291 0.69138 0.71218 0.73557 0.75609 0.75576 0.73904 0.72349 0.70592 0.68680 0.66963 0.65333 0.63498 0.61662 0.59901 0.56182 0.50401 0.44600 0.38779 0.32920 0.27019 0.21083 0.15109 0.09095 0.03042 0.00000 0.00000 0.00000 0.00000 0.00000 0.00000 0.00000 0.00000 0.00000 0.00000 0.00000 0.00000 0.00000 0.00000 0.00000 0.00000 0.00000 0.00000 0.00000 0.00000 0.00000 0.00000 0.00000 0.00000 0.00000 0.00000 0.00000 0.00000 0.00000 0.00000 0.00000 0.00000 0.00000 0.00000 0.00000 0.00000 0.00000 0.00000 0.00000 0.00000 0.00000 0.00000 0.00000 0.00000 0.00000 0.00000 0.00000 0.00000 0.00000 0.00000 0.00000 0.00000 0.00000 0.00000 0.00000
0.00000 0.00000 0.00000 0.00000 0.00000 0.00000 0.00000 0.00000 0.00000 0.00000 0.00000 0.00000 0.00000 0.00000 0.00000 0.00000 0.00000 0.00000 0.00000 0.00000 0.00000 0.00000 0.00000 0.00000 0.00000 0.00000 0.00000 0.00000 0.00000 0.00000 0.00000 0.00000 0.00000 0.00000 0.00000 0.02673 0.07994 0.13282 0.18534 0.23753 0.28945 0.34102 0.39221 0.44320 0.49408 0.51821 0.51666 0.51545 0.51423 0.51207 0.51069 0.50979 0.50825 0.50667 0.50538 0.50412 0.50252 0.50135 0.50065 0.49881 0.49715 0.49640 0.49575 0.49470 0.49224 0.46726 0.41773 0.36763 0.31707 0.26816 0.21944 0.17018 0.12095 0.07254 0.02421 0.00000 0.00000 0.00000 0.00000 0.00000 0.00000 0.00000 0.00000 0.00000 0.00000 0.00000 0.00000 0.00000 0.00000 0.00000 0.00000 0.00000 0.00000 0.00000 0.00000 0.00000 0.00000 0.00000 0.00000 0.00000 0.00000 0.00000 0.00000 0.00000 0.00000 0.00000 0.00000 0.00000 0.00000 0.00000 0.00000 0.00000 0.00000 0.00000 0.00000 0.00000 0.00000 0.00000 0.00000 0.00000 0.00000 0.00000 0.00000 0.00000 0.00000 0.02360 0.07119 0.11892 0.16565 0.21302 0.26227 0.31054 0.35637 0.40459 0.45562 0.47970 0.47771 0.47938 0.48225 0.48184 0.48097 0.48322 0.48545 0.48518 0.48502 0.50005 0.52886 0.55558 0.58182 0.60996 0.63987 0.66747 0.69406 0.72280 0.75347 0.75466 0.72790 0.70373 0.67983 0.65385 0.62728 0.60234 0.57753 0.55105 0.52483 0.48718 0.43742 0.38703 0.33644 0.28560 0.23444 0.18292 0.13108 0.07891 0.02639 0.00000 0.00000 0.00000 0.00000 0.00000 0.00000 0.00000 0.00000 0.00000 0.00000 0.00000 0.00000 0.00000 0.00000 0.00000 0.00000 0.00000 0.00000 0.00000 0.00000 0.00000 0.00000 0.00000 0.00000 0.00000 0.00000 0.00000 0.00000 0.00000 0.00000 0.00000 0.00000 0.00000 0.00000 0.00000 0.00000 0.00000 0.00000 0.00000 0.00000 0.00000 0.00000 0.00000 0.00000 0.00000 0.00000 0.00000 0.00000 0.00000 0.00000 0.00000 0.00000 0.00000 0.00000 0.00000
0.00000 0.00000 0.00000 0.00000 0.00000 0.00000 0.00000 0.00000 0.00000 0.00000 0.00000 0.00000 0.00000 0.00000 0.00000 0.00000 0.00000 0.00000 0.00000 0.00000 0.00000 0.00000 0.00000 0.00000 0.00000 0.00000 0.00000 0.00000 0.00000 0.00000 0.00000 0.00000 0.00000 0.00000 0.00000 0.02264 0.06771 0.11248 0.15697 0.20120 0.24515 0.28880 0.33223 0.37552 0.41825 0.43889 0.43782 0.43686 0.43499 0.43375 0.43298 0.43176 0.43030 0.42909 0.42815 0.42681 0.42592 0.42522 0.42340 0.42223 0.42174 0.42098 0.41983 0.41802 0.41763 0.39625 0.35372 0.31068 0.26900 0.22751 0.18575 0.14381 0.10258 0.06158 0.02049 0.00000 0.00000 0.00000 0.00000 0.00000 0.00000 0.00000 0.00000 0.00000 0.00000 0.00000 0.00000 0.00000 0.00000 0.00000 0.00000 0.00000 0.00000 0.00000 0.00000 0.00000 0.00000 0.00000 0.00000 0.00000 0.00000 0.00000 0.00000 0.00000 0.00000 0.00000 0.00000 0.00000 0.00000 0.00000 0.00000 0.00000 0.00000 0.00000 0.00000 0.00000 0.00000 0.00000 0.00000 0.00000 0.00000 0.00000 0.00000 0.00000 0.00000 0.02003 0.06002 0.10058 0.14123 0.18065 0.22079 0.26289 0.30386 0.34253 0.38367 0.40671 0.40692 0.40528 0.40676 0.40915 0.40899 0.40824 0.40998 0.41211 0.41218 0.42863 0.46385 0.50057 0.53520 0.56883 0.60428 0.64245 0.67787 0.71185 0.74818 0.75224 0.71924 0.68458 0.65199 0.61998 0.58635 0.55198 0.51855 0.48528 0.45093 0.41262 0.37039 0.32790 0.28503 0.24193 0.19858 0.15495 0.11104 0.06684 0.02236 0.00000 0.00000 0.00000 0.00000 0.00000 0.00000 0.00000 0.00000 0.00000 0.00000 0.00000 0.00000 0.00000 0.00000 0.00000 0.00000 0.00000 0.00000 0.00000 0.00000 0.00000 0.00000 0.00000 0.00000 0.00000 0.00000 0.00000 0.00000 0.00000 0.00000 0.00000 0.00000 0.00000 0.00000 0.00000 0.00000 0.00000 0.00000 0.00000 0.00000 0.00000 0.00000 0.00000 0.00000 0.00000 0.00000 0.00000 0.00000 0.00000 0.00000 0.00000 0.00000 0.00000 0.00000 0.00000
0.00000 0.00000 0.00000 0.00000 0.00000 0.00000 0.00000 0.00000 0.00000 0.00000 0.00000 0.00000 0.00000 0.00000 0.00000 0.00000 0.00000 0.00000 0.00000 0.00000 0.00000 0.00000 0.00000 0.00000 0.00000 0.00000 0.00000 0.00000 0.00000 0.00000 0.00000 0.00000 0.00000 0.00000 0.00000 0.01854 0.05545 0.09212 0.12856 0.16479 0.20077 0.23653 0.27214 0.30744 0.34253 0.35959 0.35877 0.35733 0.35632 0.35556 0.35467 0.35338 0.35230 0.35160 0.35051 0.34979 0.34928 0.34760 0.34673 0.34611 0.34568 0.34422 0.34320 0.34327 0.34242 0.32433 0.28901 0.25499 0.22073 0.18620 0.15168 0.11796 0.08429 0.05041 0.01673 0.00000 0.00000 0.00000 0.00000 0.00000 0.00000 0.00000 0.00000 0.00000 0.00000 0.00000 0.00000 0.00000 0.00000 0.00000 0.00000 0.00000 0.00000 0.00000 0.00000 0.00000 0.00000 0.00000 0.00000 0.00000 0.00000 0.00000 0.00000 0.00000 0.00000 0.00000 0.00000 0.00000 0.00000 0.00000 0.00000 0.00000 0.00000 0.00000 0.00000 0.00000 0.00000 0.00000 0.00000 0.00000 0.00000 0.00000 0.00000 0.00000 0.00000 0.01647 0.04931 0.08199 0.11535 0.14887 0.18117 0.21413 0.24864 0.28221 0.31418 0.33162 0.33358 0.33344 0.33264 0.33419 0.33572 0.33532 0.33518 0.33678 0.33822 0.35883 0.40019 0.44307 0.48687 0.52925 0.57116 0.61440 0.65988 0.70298 0.74511 0.74763 0.70859 0.66736 0.62514 0.58497 0.54439 0.50224 0.46016 0.41862 0.37674 0.33807 0.30334 0.26854 0.23349 0.19817 0.16265 0.12692 0.09095 0.05475 0.01831 0.00000 0.00000 0.00000 0.00000 0.00000 0.00000 0.00000 0.00000 0.00000 0.00000 0.00000 0.00000 0.00000 0.00000 0.00000 0.00000 0.00000 0.00000 0.00000 0.00000 0.00000 0.00000 0.00000 0.00000 0.00000 0.00000 0.00000 0.00000 0.00000 0.00000 0.00000 0.00000 0.00000 0.00000 0.00000 0.00000 0.00000 0.00000 0.00000 0.00000 0.00000 0.00000 0.00000 0.00000 0.00000 0.00000 0.00000 0.00000 0.00000 0.00000 0.00000 0.00000 0.00000 0.00000 0.00000
0.00000 0.00000 0.00000 0.00000 0.00000 0.00000 0.00000 0.00000 0.00000 0.00000 0.00000 0.00000 0.00000 0.00000 0.00000 0.00000 0.00000 0.00000 0.00000 0.00000 0.00000 0.00000 0.00000 0.00000 0.00000 0.00000 0.00000 0.00000 0.00000 0.00000 0.00000 0.00000 0.00000 0.00000 0.00000 0.01444 0.04317 0.07172 0.10010 0.12829 0.15630 0.18417 0.21184 0.23933 0.26675 0.28010 0.27903 0.27821 0.27761 0.27697 0.27583 0.27501 0.27450 0.27363 0.27313 0.27268 0.27135 0.27076 0.27035 0.26983 0.26827 0.26799 0.26784 0.26713 0.26631 0.25220 0.22547 0.19859 0.17171 0.14476 0.11831 0.09197 0.06556 0.03919 0.01304 0.00000 0.00000 0.00000 0.00000 0.00000 0.00000 0.00000 0.00000 0.00000 0.00000 0.00000 0.00000 0.00000 0.00000 0.00000 0.00000 0.00000 0.00000 0.00000 0.00000 0.00000 0.00000 0.00000 0.00000 0.00000 0.00000 0.00000 0.00000 0.00000 0.00000 0.00000 0.00000 0.00000 0.00000 0.00000 0.00000 0.00000 0.00000 0.00000 0.00000 0.00000 0.00000 0.00000 0.00000 0.00000 0.00000 0.00000 0.00000 0.00000 0.00000 0.01278 0.03853 0.06405 0.08947 0.11562 0.14180 0.16690 0.19269 0.21971 0.24591 0.25785 0.25865 0.26014 0.26006 0.25944 0.26064 0.26193 0.26176 0.26155 0.26266 0.28851 0.33768 0.38647 0.43678 0.48873 0.53904 0.58842 0.63927 0.69326 0.74423 0.74391 0.69628 0.64861 0.60010 0.55020 0.50128 0.45230 0.40227 0.35205 0.30191 0.26334 0.23626 0.20908 0.18179 0.15432 0.12665 0.09882 0.07082 0.04263 0.01426 0.00000 0.00000 0.00000 0.00000 0.00000 0.00000 0.00000 0.00000 0.00000 0.00000 0.00000 0.00000 0.00000 0.00000 0.00000 0.00000 0.00000 0.00000 0.00000 0.00000 0.00000 0.00000 0.00000 0.00000 0.00000 0.00000 0.00000 0.00000 0.00000 0.00000 0.00000 0.00000 0.00000 0.00000 0.00000 0.00000 0.00000 0.00000 0.00000 0.00000 0.00000 0.00000 0.00000 0.00000 0.00000 0.00000 0.00000 0.00000 0.00000 0.00000 0.00000 0.00000 0.00000 0.00000 0.00000
0.00000 0.00000 0.00000 0.00000 0.00000 0.00000 0.00000 0.00000 0.00000 0.00000 0.00000 0.00000 0.00000 0.00000 0.00000 0.00000 0.00000 0.00000 0.00000 0.00000 0.00000 0.00000 0.00000 0.00000 0.00000 0.00000 0.00000 0.00000 0.00000 0.00000 0.00000 0.00000 0.00000 0.00000 0.00000 0.01032 0.03086 0.05128 0.07157 0.09172 0.11176 0.13168 0.15146 0.17115 0.19076 0.20012 0.19953 0.19904 0.19859 0.19779 0.19723 0.19680 0.19624 0.19581 0.19531 0.19455 0.19413 0.19384 0.19346 0.19238 0.19212 0.19204 0.19149 0.19068 0.19026 0.18076 0.16131 0.14180 0.12255 0.10373 0.08476 0.06568 0.04676 0.02806 0.00935 0.00000 0.00000 0.00000 0.00000 0.00000 0.00000 0.00000 0.00000 0.00000 0.00000 0.00000 0.00000 0.00000 0.00000 0.00000 0.00000 0.00000 0.00000 0.00000 0.00000 0.00000 0.00000 0.00000 0.00000 0.00000 0.00000 0.00000 0.00000 0.00000 0.00000 0.00000 0.00000 0.00000 0.00000 0.00000 0.00000 0.00000 0.00000 0.00000 0.00000 0.00000 0.00000 0.00000 0.00000 0.00000 0.00000 0.00000 0.00000 0.00000 0.00000 0.00912 0.02741 0.04597 0.06424 0.08241 0.10109 0.11986 0.13800 0.15655 0.17580 0.18518 0.18477 0.18549 0.18633 0.18608 0.18594 0.18694 0.18764 0.18743 0.18749 0.21663 0.27419 0.33108 0.38808 0.44617 0.50533 0.56368 0.62156 0.68035 0.74164 0.74260 0.68495 0.62973 0.57354 0.51612 0.45855 0.40166 0.34405 0.28559 0.22710 0.18827 0.16900 0.14952 0.12998 0.11035 0.09057 0.07067 0.05064 0.03048 0.01019 0.00000 0.00000 0.00000 0.00000 0.00000 0.00000 0.00000 0.00000 0.00000 0.00000 0.00000 0.00000 0.00000 0.00000 0.00000 0.00000 0.00000 0.00000 0.00000 0.00000 0.00000 0.00000 0.00000 0.00000 0.00000 0.00000 0.00000 0.00000 0.00000 0.00000 0.00000 0.00000 0.00000 0.00000 0.00000 0.00000 0.00000 0.00000 0.00000 0.00000 0.00000 0.00000 0.00000 0.00000 0.00000 0.00000 0.00000 0.00000 0.00000 0.00000 0.00000 0.00000 0.00000 0.00000 0.00000
0.00000 0.00000 0.00000 0.00000 0.00000 0.00000 0.00000 0.00000 0.00000 0.00000 0.00000 0.00000 0.00000 0.00000 0.00000 0.00000 0.00000 0.00000 0.00000 0.00000 0.00000 0.00000 0.00000 0.00000 0.00000 0.00000 0.00000 0.00000 0.00000 0.00000 0.00000 0.00000 0.00000 0.00000 0.00000 0.00620 0.01854 0.03080 0.04298 0.05509 0.06713 0.07908 0.09098 0.10280 0.11453 0.12019 0.11990 0.11959 0.11912 0.11880 0.11854 0.11822 0.11790 0.11754 0.11718 0.11688 0.11678 0.11651 0.11589 0.11574 0.11559 0.11526 0.11477 0.11462 0.11452 0.10845 0.09673 0.08519 0.07378 0.06228 0.05083 0.03943 0.02814 0.01686 0.00561 0.00000 0.00000 0.00000 0.00000 0.00000 0.00000 0.00000 0.00000 0.00000 0.00000 0.00000 0.00000 0.00000 0.00000 0.00000 0.00000 0.00000 0.00000 0.00000 0.00000 0.00000 0.00000 0.00000 0.00000 0.00000 0.00000 0.00000 0.00000 0.00000 0.00000 0.00000 0.00000 0.00000 0.00000 0.00000 0.00000 0.00000 0.00000 0.00000 0.00000 0.00000 0.00000 0.00000 0.00000 0.00000 0.00000 0.00000 0.00000 0.00000 0.00000 0.00551 0.01646 0.02747 0.03866 0.04965 0.06060 0.07188 0.08317 0.09406 0.10527 0.11137 0.11140 0.11113 0.11161 0.11215 0.11201 0.11190 0.11248 0.11297 0.11290 0.14483 0.20968 0.27515 0.34004 0.40456 0.47040 0.53782 0.60429 0.66988 0.73656 0.73904 0.67578 0.61059 0.54641 0.48191 0.41656 0.35081 0.28517 0.21903 0.15230 0.11305 0.10149 0.08983 0.07809 0.06628 0.05440 0.04245 0.03042 0.01831 0.00612 0.00000 0.00000 0.00000 0.00000 0.00000 0.00000 0.00000 0.00000 0.00000 0.00000 0.00000 0.00000 0.00000 0.00000 0.00000 0.00000 0.00000 0.00000 0.00000 0.00000 0.00000 0.00000 0.00000 0.00000 0.00000 0.00000 0.00000 0.00000 0.00000 0.00000 0.00000 0.00000 0.00000 0.00000 0.00000 0.00000 0.00000 0.00000 0.00000 0.00000 0.00000 0.00000 0.00000 0.00000 0.00000 0.00000 0.00000 0.00000 0.00000 0.00000 0.00000 0.00000 0.00000 0.00000 0.00000
0.00000 0.00000 0.00000 0.00000 0.00000 0.00000 0.00000 0.00000 0.00000 0.00000 0.00000 0.00000 0.00000 0.00000 0.00000 0.00000 0.00000 0.00000 0.00000 0.00000 0.00000 0.00000 0.00000 0.00000 0.00000 0.00000 0.00000 0.00000 0.00000 0.00000 0.00000 0.00000 0.00000 0.00000 0.00000 0.00207 0.00619 0.01028 0.01434 0.01838 0.02240 0.02639 0.03036 0.03430 0.03822 0.04012 0.04000 0.03987 0.03976 0.03967 0.03956 0.03943 0.03932 0.03921 0.03909 0.03908 0.03899 0.03878 0.03872 0.03868 0.03856 0.03838 0.03834 0.03832 0.03819 0.03613 0.03228 0.02849 0.02462 0.02075 0.01695 0.01319 0.00940 0.00562 0.00187 0.00000 0.00000 0.00000 0.00000 0.00000 0.00000 0.00000 0.00000 0.00000 0.00000 0.00000 0.00000 0.00000 0.00000 0.00000 0.00000 0.00000 0.00000 0.00000 0.00000 0.00000 0.00000 0.00000 0.00000 0.00000 0.00000 0.00000 0.00000 0.00000 0.00000 0.00000 0.00000 0.00000 0.00000 0.00000 0.00000 0.00000 0.00000 0.00000 0.00000 0.00000 0.00000 0.00000 0.00000 0.00000 0.00000 0.00000 0.00000 0.00000 0.00000 0.00184 0.00552 0.00917 0.01284 0.01658 0.02029 0.02396 0.02771 0.03146 0.03514 0.03708 0.03723 0.03719 0.03715 0.03735 0.03749 0.03742 0.03743 0.03765 0.03776 0.07358 0.14540 0.21813 0.29107 0.36393 0.43686 0.51055 0.58544 0.65990 0.73401 0.73604 0.66446 0.59215 0.51930 0.44737 0.37425 0.30024 0.22624 0.15209 0.07727 0.03773 0.03386 0.02998 0.02606 0.02212 0.01815 0.01417 0.01015 0.00611 0.00204 0.00000 0.00000 0.00000 0.00000 0.00000 0.00000 0.00000 0.00000 0.00000 0.00000 0.00000 0.00000 0.00000 0.00000 0.00000 0.00000 0.00000 0.00000 0.00000 0.00000 0.00000 0.00000 0.00000 0.00000 0.00000 0.00000 0.00000 0.00000 0.00000 0.00000 0.00000 0.00000 0.00000 0.00000 0.00000 0.00000 0.00000 0.00000 0.00000 0.00000 0.00000 0.00000 0.00000 0.00000 0.00000 0.00000 0.00000 0.00000 0.00000 0.00000 0.00000 0.00000 0.00000 0.00000 0.00000
0.00000 0.00000 0.00000 0.00000 0.00000 0.00000 0.00000 0.00000 0.00000 0.00000 0.00000 0.00000 0.00000 0.00000 0.00000 0.00000 0.00000 0.00000 0.00000 0.00000 0.00000 0.00000 0.00000 0.00000 0.00000 0.00000 0.00000 0.00000 0.00000 0.00000 0.00000 0.00000 0.00000 0.00000 0.00000 0.00000 0.00000 0.00000 0.00000 0.00000 0.00000 0.00000 0.00000 0.00000 0.00000 0.00000 0.00000 0.00000 0.00000 0.00000 0.00000 0.00000 0.00000 0.00000 0.00000 0.00000 0.00000 0.00000 0.00000 0.00000 0.00000 0.00000 0.00000 0.00000 0.00000 0.00000 0.00000 0.00000 0.00000 0.00000 0.00000 0.00000 0.00000 0.00000 0.00000 0.00000 0.00000 0.00000 0.00000 0.00000 0.00000 0.00000 0.00000 0.00000 0.00000 0.00000 0.00000 0.00000 0.00000 0.00000 0.00000 0.00000 0.00000 0.00000 0.00000 0.00000 0.00000 0.00000 0.00000 0.00000 0.00000 0.00000 0.00000 0.00000 0.00000 0.00000 0.00000 0.00000 0.00000 0.00000 0.00000 0.00000 0.00000 0.00000 0.00000 0.00000 0.00000 0.00000 0.00000 0.00000 0.00000 0.00000 0.00000 0.00000 0.00000 0.00000 0.00000 0.00000 0.00000 0.00000 0.00000 0.00000 0.00000 0.00000 0.00000 0.00000 0.00000 0.00000 0.00000 0.00000 0.00000 0.00000 0.00000 0.00000 0.00000 0.03600 0.10796 0.17997 0.25302 0.32647 0.39990 0.47274 0.54667 0.62226 0.69725 0.69774 0.62613 0.55431 0.48147 0.40819 0.33527 0.26157 0.18724 0.11263 0.03767 0.00000 0.00000 0.00000 0.00000 0.00000 0.00000 0.00000 0.00000 0.00000 0.00000 0.00000 0.00000 0.00000 0.00000 0.00000 0.00000 0.00000 0.00000 0.00000 0.00000 0.00000 0.00000 0.00000 0.00000 0.00000 0.00000 0.00000 0.00000 0.00000 0.00000 0.00000 0.00000 0.00000 0.00000 0.00000 0.00000 0.00000 0.00000 0.00000 0.00000 0.00000 0.00000 0.00000 0.00000 0.00000 0.00000 0.00000 0.00000 0.00000 0.00000 0.00000 0.00000 0.00000 0.00000 0.00000 0.00000 0.00000 0.00000 0.00000 0.00000 0.00000 0.00000 0.00000 0.00000 0.00000
0.00000 0.00000 0.00000 0.00000 0.00000 0.00000 0.00000 0.00000 0.00000 0.00000 0.00000 0.00000 0.00000 0.00000 0.00000 0.00000 0.00000 0.00000 0.00000 0.00000 0.00000 0.00000 0.00000 0.00000 0.00000 0.00000 0.00000 0.00000 0.00000 0.00000 0.00000 0.00000 0.00000 0.00000 0.00000 0.00000 0.00000 0.00000 0.00000 0.00000 0.00000 0.00000 0.00000 0.00000 0.00000 0.00000 0.00000 0.00000 0.00000 0.00000 0.00000 0.00000 0.00000 0.00000 0.00000 0.00000 0.00000 0.00000 0.00000 0.00000 0.00000 0.00000 0.00000 0.00000 0.00000 0.00000 0.00000 0.00000 0.00000 0.00000 0.00000 0.00000 0.00000 0.00000 0.00000 0.00000 0.00000 0.00000 0.00000 0.00000 0.00000 0.00000 0.00000 0.00000 0.00000 0.00000 0.00000 0.00000 0.00000 0.00000 0.00000 0.00000 0.00000 0.00000 0.00000 0.00000 0.00000 0.00000 0.00000 0.00000 0.00000 0.00000 0.00000 0.00000 0.00000 0.00000 0.00000 0.00000 0.00000 0.00000 0.00000 0.00000 0.00000 0.00000 0.00000 0.00000 0.00000 0.00000 0.00000 0.00000 0.00000 0.00000 0.00000 0.00000 0.00000 0.00000 0.00000 0.00000 0.00000 0.00000 0.00000 0.00000 0.00000 0.00000 0.00000 0.00000 0.00000 0.00000 0.00000 0.00000 0.00000 0.00000 0.00000 0.00000 0.00000 0.03222 0.09687 0.16145 0.22639 0.29224 0.35795 0.42409 0.49012 0.55673 0.62414 0.62553 0.56064 0.49663 0.43162 0.36567 0.29992 0.23435 0.16786 0.10090 0.03373 0.00000 0.00000 0.00000 0.00000 0.00000 0.00000 0.00000 0.00000 0.00000 0.00000 0.00000 0.00000 0.00000 0.00000 0.00000 0.00000 0.00000 0.00000 0.00000 0.00000 0.00000 0.00000 0.00000 0.00000 0.00000 0.00000 0.00000 0.00000 0.00000 0.00000 0.00000 0.00000 0.00000 0.00000 0.00000 0.00000 0.00000 0.00000 0.00000 0.00000 0.00000 0.00000 0.00000 0.00000 0.00000 0.00000 0.00000 0.00000 0.00000 0.00000 0.00000 0.00000 0.00000 0.00000 0.00000 0.00000 0.00000 0.00000 0.00000 0.00000 0.00000 0.00000 0.00000 0.00000 0.00000
0.00000 0.00000 0.00000 0.00000 0.00000 0.00000 0.00000 0.00000 0.00000 0.00000 0.00000 0.00000 0.00000 0.00000 0.00000 0.00000 0.00000 0.00000 0.00000 0.00000 0.00000 0.00000 0.00000 0.00000 0.00000 0.00000 0.00000 0.00000 0.00000 0.00000 0.00000 0.00000 0.00000 0.00000 0.00000 0.00000 0.00000 0.00000 0.00000 0.00000 0.00000 0.00000 0.00000 0.00000 0.00000 0.00000 0.00000 0.00000 0.00000 0.00000 0.00000 0.00000 0.00000 0.00000 0.00000 0.00000 0.00000 0.00000 0.00000 0.00000 0.00000 0.00000 0.00000 0.00000 0.00000 0.00000 0.00000 0.00000 0.00000 0.00000 0.00000 0.00000 0.00000 0.00000 0.00000 0.00000 0.00000 0.00000 0.00000 0.00000 0.00000 0.00000 0.00000 0.00000 0.00000 0.00000 0.00000 0.00000 0.00000 0.00000 0.00000 0.00000 0.00000 0.00000 0.00000 0.00000 0.00000 0.00000 0.00000 0.00000 0.00000 0.00000 0.00000 0.00000 0.00000 0.00000 0.00000 0.00000 0.00000 0.00000 0.00000 0.00000 0.00000 0.00000 0.00000 0.00000 0.00000 0.00000 0.00000 0.00000 0.00000 0.00000 0.00000 0.00000 0.00000 0.00000 0.00000 0.00000 0.00000 0.00000 0.00000 0.00000 0.00000 0.00000 0.00000 0.00000 0.00000 0.00000 0.00000 0.00000 0.00000 0.00000 0.00000 0.00000 0.00000 0.02835 0.08555 0.14293 0.20028 0.25766 0.31608 0.37472 0.43356 0.49163 0.55078 0.55310 0.49564 0.43800 0.38115 0.32354 0.26515 0.20670 0.14823 0.08921 0.02981 0.00000 0.00000 0.00000 0.00000 0.00000 0.00000 0.00000 0.00000 0.00000 0.00000 0.00000 0.00000 0.00000 0.00000 0.00000 0.00000 0.00000 0.00000 0.00000 0.00000 0.00000 0.00000 0.00000 0.00000 0.00000 0.00000 0.00000 0.00000 0.00000 0.00000 0.00000 0.00000 0.00000 0.00000 0.00000 0.00000 0.00000 0.00000 0.00000 0.00000 0.00000 0.00000 0.00000 0.00000 0.00000 0.00000 0.00000 0.00000 0.00000 0.00000 0.00000 0.00000 0.00000 0.00000 0.00000 0.00000 0.00000 0.00000 0.00000 0.00000 0.00000 0.00000 0.00000 0.00000 0.00000
0.00000 0.00000 0.00000 0.00000 0.00000 0.00000 0.00000 0.00000 0.00000 0.00000 0.00000 0.00000 0.00000 0.00000 0.00000 0.00000 0.00000 0.00000 0.00000 0.00000 0.00000 0.00000 0.00000 0.00000 0.00000 0.00000 0.00000 0.00000 0.00000 0.00000 0.00000 0.00000 0.00000 0.00000 0.00000 0.00000 0.00000 0.00000 0.00000 0.00000 0.00000 0.00000 0.00000 0.00000 0.00000 0.00000 0.00000 0.00000 0.00000 0.00000 0.00000 0.00000 0.00000 0.00000 0.00000 0.00000 0.00000 0.00000 0.00000 0.00000 0.00000 0.00000 0.00000 0.00000 0.00000 0.00000 0.00000 0.00000 0.00000 0.00000 0.00000 0.00000 0.00000 0.00000 0.00000 0.00000 0.00000 0.00000 0.00000 0.00000 0.00000 0.00000 0.00000 0.00000 0.00000 0.00000 0.00000 0.00000 0.00000 0.00000 0.00000 0.00000 0.00000 0.00000 0.00000 0.00000 0.00000 0.00000 0.00000 0.00000 0.00000 0.00000 0.00000 0.00000 0.00000 0.00000 0.00000 0.00000 0.00000 0.00000 0.00000 0.00000 0.00000 0.00000 0.00000 0.00000 0.00000 0.00000 0.00000 0.00000 0.00000 0.00000 0.00000 0.00000 0.00000 0.00000 0.00000 0.00000 0.00000 0.00000 0.00000 0.00000 0.00000 0.00000 0.00000 0.00000 0.00000 0.00000 0.00000 0.00000 0.00000 0.00000 0.00000 0.00000 0.00000 0.02462 0.07400 0.12407 0.17383 0.22381 0.27412 0.32496 0.37581 0.42712 0.47820 0.47952 0.43041 0.38006 0.33034 0.28077 0.23030 0.17937 0.12847 0.07740 0.02588 0.00000 0.00000 0.00000 0.00000 0.00000 0.00000 0.00000 0.00000 0.00000 0.00000 0.00000 0.00000 0.00000 0.00000 0.00000 0.00000 0.00000 0.00000 0.00000 0.00000 0.00000 0.00000 0.00000 0.00000 0.00000 0.00000 0.00000 0.00000 0.00000 0.00000 0.00000 0.00000 0.00000 0.00000 0.00000 0.00000 0.00000 0.00000 0.00000 0.00000 0.00000 0.00000 0.00000 0.00000 0.00000 0.00000 0.00000 0.00000 0.00000 0.00000 0.00000 0.00000 0.00000 0.00000 0.00000 0.00000 0.00000 0.00000 0.00000 0.00000 0.00000 0.00000 0.00000 0.00000 0.00000
0.00000 0.00000 0.00000 0.00000 0.00000 0.00000 0.00000 0.00000 0.00000 0.00000 0.00000 0.00000 0.00000 0.00000 0.00000 0.00000 0.00000 0.00000 0.00000 0.00000 0.00000 0.00000 0.00000 0.00000 0.00000 0.00000 0.00000 0.00000 0.00000 0.00000 0.00000 0.00000 0.00000 0.00000 0.00000 0.00000 0.00000 0.00000 0.00000 0.00000 0.00000 0.00000 0.00000 0.00000 0.00000 0.00000 0.00000 0.00000 0.00000 0.00000 0.00000 0.00000 0.00000 0.00000 0.00000 0.00000 0.00000 0.00000 0.00000 0.00000 0.00000 0.00000 0.00000 0.00000 0.00000 0.00000 0.00000 0.00000 0.00000 0.00000 0.00000 0.00000 0.00000 0.00000 0.00000 0.00000 0.00000 0.00000 0.00000 0.00000 0.00000 0.00000 0.00000 0.00000 0.00000 0.00000 0.00000 0.00000 0.00000 0.00000 0.00000 0.00000 0.00000 0.00000 0.00000 0.00000 0.00000 0.00000 0.00000 0.00000 0.00000 0.00000 0.00000 0.00000 0.00000 0.00000 0.00000 0.00000 0.00000 0.00000 0.00000 0.00000 0.00000 0.00000 0.00000 0.00000 0.00000 0.00000 0.00000 0.00000 0.00000 0.00000 0.00000 0.00000 0.00000 0.00000 0.00000 0.00000 0.00000 0.00000 0.00000 0.00000 0.00000 0.00000 0.00000 0.00000 0.00000 0.00000 0.00000 0.00000 0.00000 0.00000 0.00000 0.00000 0.00000 0.02094 0.06275 0.10471 0.14740 0.18981 0.23248 0.27500 0.31816 0.36192 0.40530 0.40595 0.36432 0.32274 0.27989 0.23740 0.19508 0.15216 0.10889 0.06550 0.02191 0.00000 0.00000 0.00000 0.00000 0.00000 0.00000 0.00000 0.00000 0.00000 0.00000 0.00000 0.00000 0.00000 0.00000 0.00000 0.00000 0.00000 0.00000 0.00000 0.00000 0.00000 0.00000 0.00000 0.00000 0.00000 0.00000 0.00000 0.00000 0.00000 0.00000 0.00000 0.00000 0.00000 0.00000 0.00000 0.00000 0.00000 0.00000 0.00000 0.00000 0.00000 0.00000 0.00000 0.00000 0.00000 0.00000 0.00000 0.00000 0.00000 0.00000 0.00000 0.00000 0.00000 0.00000 0.00000 0.00000 0.00000 0.00000 0.00000 0.00000 0.00000 0.00000 0.00000 0.00000 0.00000
0.00000 0.00000 0.00000 0.00000 0.00000 0.00000 0.00000 0.00000 0.00000 0.00000 0.00000 0.00000 0.00000 0.00000 0.00000 0.00000 0.00000 0.00000 0.00000 0.00000 0.00000 0.00000 0.00000 0.00000 0.00000 0.00000 0.00000 0.00000 0.00000 0.00000 0.00000 0.00000 0.00000 0.00000 0.00000 0.00000 0.00000 0.00000 0.00000 0.00000 0.00000 0.00000 0.00000 0.00000 0.00000 0.00000 0.00000 0.00000 0.00000 0.00000 0.00000 0.00000 0.00000 0.00000 0.00000 0.00000 0.00000 0.00000 0.00000 0.00000 0.00000 0.00000 0.00000 0.00000 0.00000 0.00000 0.00000 0.00000 0.00000 0.00000 0.00000 0.00000 0.00000 0.00000 0.00000 0.00000 0.00000 0.00000 0.00000 0.00000 0.00000 0.00000 0.00000 0.00000 0.00000 0.00000 0.00000 0.00000 0.00000 0.00000 0.00000 0.00000 0.00000 0.00000 0.00000 0.00000 0.00000 0.00000 0.00000 0.00000 0.00000 0.00000 0.00000 0.00000 0.00000 0.00000 0.00000 0.00000 0.00000 0.00000 0.00000 0.00000 0.00000 0.00000 0.00000 0.00000 0.00000 0.00000 0.00000 0.00000 0.00000 0.00000 0.00000 0.00000 0.00000 0.00000 0.00000 0.00000 0.00000 0.00000 0.00000 0.00000 0.00000 0.00000 0.00000 0.00000 0.00000 0.00000 0.00000 0.00000 0.00000 0.00000 0.00000 0.00000 0.00000 0.01715 0.05149 0.08582 0.12046 0.15563 0.19031 0.22544 0.26074 0.29621 0.33197 0.33229 0.29846 0.26424 0.22963 0.19443 0.15958 0.12466 0.08926 0.05366 0.01794 0.00000 0.00000 0.00000 0.00000 0.00000 0.00000 0.00000 0.00000 0.00000 0.00000 0.00000 0.00000 0.00000 0.00000 0.00000 0.00000 0.00000 0.00000 0.00000 0.00000 0.00000 0.00000 0.00000 0.00000 0.00000 0.00000 0.00000 0.00000 0.00000 0.00000 0.00000 0.00000 0.00000 0.00000 0.00000 0.00000 0.00000 0.00000 0.00000 0.00000 0.00000 0.00000 0.00000 0.00000 0.00000 0.00000 0.00000 0.00000 0.00000 0.00000 0.00000 0.00000 0.00000 0.00000 0.00000 0.00000 0.00000 0.00000 0.00000 0.00000 0.00000 0.00000 0.00000 0.00000 0.00000
0.00000 0.00000 0.00000 0.00000 0.00000 0.00000 0.00000 0.00000 0.00000 0.00000 0.00000 0.00000 0.00000 0.00000 0.00000 0.00000 0.00000 0.00000 0.00000 0.00000 0.00000 0.00000 0.00000 0.00000 0.00000 0.00000 0.00000 0.00000 0.00000 0.00000 0.00000 0.00000 0.00000 0.00000 0.00000 0.00000 0.00000 0.00000 0.00000 0.00000 0.00000 0.00000 0.00000 0.00000 0.00000 0.00000 0.00000 0.00000 0.00000 0.00000 0.00000 0.00000 0.00000 0.00000 0.00000 0.00000 0.00000 0.00000 0.00000 0.00000 0.00000 0.00000 0.00000 0.00000 0.00000 0.00000 0.00000 0.00000 0.00000 0.00000 0.00000 0.00000 0.00000 0.00000 0.00000 0.00000 0.00000 0.00000 0.00000 0.00000 0.00000 0.00000 0.00000 0.00000 0.00000 0.00000 0.00000 0.00000 0.00000 0.00000 0.00000 0.00000 0.00000 0.00000 0.00000 0.00000 0.00000 0.00000 0.00000 0.00000 0.00000 0.00000 0.00000 0.00000 0.00000 0.00000 0.00000 0.00000 0.00000 0.00000 0.00000 0.00000 0.00000 0.00000 0.00000 0.00000 0.00000 0.00000 0.00000 0.00000 0.00000 0.00000 0.00000 0.00000 0.00000 0.00000 0.00000 0.00000 0.00000 0.00000 0.00000 0.00000 0.00000 0.00000 0.00000 0.00000 0.00000 0.00000 0.00000 0.00000 0.00000 0.00000 0.00000 0.00000 0.00000 0.01330 0.04014 0.06698 0.09383 0.12085 0.14838 0.17565 0.20309 0.23057 0.25829 0.25932 0.23210 0.20554 0.17879 0.15174 0.12427 0.09692 0.06951 0.04182 0.01397 0.00000 0.00000 0.00000 0.00000 0.00000 0.00000 0.00000 0.00000 0.00000 0.00000 0.00000 0.00000 0.00000 0.00000 0.00000 0.00000 0.00000 0.00000 0.00000 0.00000 0.00000 0.00000 0.00000 0.00000 0.00000 0.00000 0.00000 0.00000 0.00000 0.00000 0.00000 0.00000 0.00000 0.00000 0.00000 0.00000 0.00000 0.00000 0.00000 0.00000 0.00000 0.00000 0.00000 0.00000 0.00000 0.00000 0.00000 0.00000 0.00000 0.00000 0.00000 0.00000 0.00000 0.00000 0.00000 0.00000 0.00000 0.00000 0.00000 0.00000 0.00000 0.00000 0.00000 0.00000 0.00000
0.00000 0.00000 0.00000 0.00000 0.00000 0.00000 0.00000 0.00000 0.00000 0.00000 0.00000 0.00000 0.00000 0.00000 0.00000 0.00000 0.00000 0.00000 0.00000 0.00000 0.00000 0.00000 0.00000 0.00000 0.00000 0.00000 0.00000 0.00000 0.00000 0.00000 0.00000 0.00000 0.00000 0.00000 0.00000 0.00000 0.00000 0.00000 0.00000 0.00000 0.00000 0.00000 0.00000 0.00000 0.00000 0.00000 0.00000 0.00000 0.00000 0.00000 0.00000 0.00000 0.00000 0.00000 0.00000 0.00000 0.00000 0.00000 0.00000 0.00000 0.00000 0.00000 0.00000 0.00000 0.00000 0.00000 0.00000 0.00000 0.00000 0.00000 0.00000 0.00000 0.00000 0.00000 0.00000 0.00000 0.00000 0.00000 0.00000 0.00000 0.00000 0.00000 0.00000 0.00000 0.00000 0.00000 0.00000 0.00000 0.00000 0.00000 0.00000 0.00000 0.00000 0.00000 0.00000 0.00000 0.00000 0.00000 0.00000 0.00000 0.00000 0.00000 0.00000 0.00000 0.00000 0.00000 0.00000 0.00000 0.00000 0.00000 0.00000 0.00000 0.00000 0.00000 0.00000 0.00000 0.00000 0.00000 0.00000 0.00000 0.00000 0.00000 0.00000 0.00000 0.00000 0.00000 0.00000 0.00000 0.00000 0.00000 0.00000 0.00000 0.00000 0.00000 0.00000 0.00000 0.00000 0.00000 0.00000 0.00000 0.00000 0.00000 0.00000 0.00000 0.00000 0.00951 0.02861 0.04795 0.06711 0.08643 0.10596 0.12567 0.14518 0.16473 0.18486 0.18538 0.16625 0.14676 0.12779 0.10852 0.08896 0.06929 0.04966 0.02991 0.00999 0.00000 0.00000 0.00000 0.00000 0.00000 0.00000 0.00000 0.00000 0.00000 0.00000 0.00000 0.00000 0.00000 0.00000 0.00000 0.00000 0.00000 0.00000 0.00000 0.00000 0.00000 0.00000 0.00000 0.00000 0.00000 0.00000 0.00000 0.00000 0.00000 0.00000 0.00000 0.00000 0.00000 0.00000 0.00000 0.00000 0.00000 0.00000 0.00000 0.00000 0.00000 0.00000 0.00000 0.00000 0.00000 0.00000 0.00000 0.00000 0.00000 0.00000 0.00000 0.00000 0.00000 0.00000 0.00000 0.00000 0.00000 0.00000 0.00000 0.00000 0.00000 0.00000 0.00000 0.00000 0.00000
0.00000 0.00000 0.00000 0.00000 0.00000 0.00000 0.00000 0.00000 0.00000 0.00000 0.00000 0.00000 0.00000 0.00000 0.00000 0.00000 0.00000 0.00000 0.00000 0.00000 0.00000 0.00000 0.00000 0.00000 0.00000 0.00000 0.00000 0.00000 0.00000 0.00000 0.00000 0.00000 0.00000 0.00000 0.00000 0.00000 0.00000 0.00000 0.00000 0.00000 0.00000 0.00000 0.00000 0.00000 0.00000 0.00000 0.00000 0.00000 0.00000 0.00000 0.00000 0.00000 0.00000 0.00000 0.00000 0.00000 0.00000 0.00000 0.00000 0.00000 0.00000 0.00000 0.00000 0.00000 0.00000 0.00000 0.00000 0.00000 0.00000 0.00000 0.00000 0.00000 0.00000 0.00000 0.00000 0.00000 0.00000 0.00000 0.00000 0.00000 0.00000 0.00000 0.00000 0.00000 0.00000 0.00000 0.00000 0.00000 0.00000 0.00000 0.00000 0.00000 0.00000 0.00000 0.00000 0.00000 0.00000 0.00000 0.00000 0.00000 0.00000 0.00000 0.00000 0.00000 0.00000 0.00000 0.00000 0.00000 0.00000 0.00000 0.00000 0.00000 0.00000 0.00000 0.00000 0.00000 0.00000 0.00000 0.00000 0.00000 0.00000 0.00000 0.00000 0.00000 0.00000 0.00000 0.00000 0.00000 0.00000 0.00000 0.00000 0.00000 0.00000 0.00000 0.00000 0.00000 0.00000 0.00000 0.00000 0.00000 0.00000 0.00000 0.00000 0.00000 0.00000 0.00573 0.01719 0.02871 0.04038 0.05198 0.06364 0.07538 0.08725 0.09915 0.11083 0.11129 0.09991 0.08840 0.07664 0.06510 0.05347 0.04168 0.02983 0.01795 0.00600 0.00000 0.00000 0.00000 0.00000 0.00000 0.00000 0.00000 0.00000 0.00000 0.00000 0.00000 0.00000 0.00000 0.00000 0.00000 0.00000 0.00000 0.00000 0.00000 0.00000 0.00000 0.00000 0.00000 0.00000 0.00000 0.00000 0.00000 0.00000 0.00000 0.00000 0.00000 0.00000 0.00000 0.00000 0.00000 0.00000 0.00000 0.00000 0.00000 0.00000 0.00000 0.00000 0.00000 0.00000 0.00000 0.00000 0.00000 0.00000 0.00000 0.00000 0.00000 0.00000 0.00000 0.00000 0.00000 0.00000 0.00000 0.00000 0.00000 0.00000 0.00000 0.00000 0.00000 0.00000 0.00000
0.00000 0.00000 0.00000 0.00000 0.00000 0.00000 0.00000 0.00000 0.00000 0.00000 0.00000 0.00000 0.00000 0.00000 0.00000 0.00000 0.00000 0.00000 0.00000 0.00000 0.00000 0.00000 0.00000 0.00000 0.00000 0.00000 0.00000 0.00000 0.00000 0.00000 0.00000 0.00000 0.00000 0.00000 0.00000 0.00000 0.00000 0.00000 0.00000 0.00000 0.00000 0.00000 0.00000 0.00000 0.00000 0.00000 0.00000 0.00000 0.00000 0.00000 0.00000 0.00000 0.00000 0.00000 0.00000 0.00000 0.00000 0.00000 0.00000 0.00000 0.00000 0.00000 0.00000 0.00000 0.00000 0.00000 0.00000 0.00000 0.00000 0.00000 0.00000 0.00000 0.00000 0.00000 0.00000 0.00000 0.00000 0.00000 0.00000 0.00000 0.00000 0.00000 0.00000 0.00000 0.00000 0.00000 0.00000 0.00000 0.00000 0.00000 0.00000 0.00000 0.00000 0.00000 0.00000 0.00000 0.00000 0.00000 0.00000 0.00000 0.00000 0.00000 0.00000 0.00000 0.00000 0.00000 0.00000 0.00000 0.00000 0.00000 0.00000 0.00000 0.00000 0.00000 0.00000 0.00000 0.00000 0.00000 0.00000 0.00000 0.00000 0.00000 0.00000 0.00000 0.00000 0.00000 0.00000 0.00000 0.00000 0.00000 0.00000 0.00000 0.00000 0.00000 0.00000 0.00000 0.00000 0.00000 0.00000 0.00000 0.00000 0.00000 0.00000 0.00000 0.00000 0.00191 0.00574 0.00958 0.01345 0.01737 0.02123 0.02513 0.02911 0.03310 0.03704 0.03706 0.03334 0.02951 0.02561 0.02170 0.01783 0.01392 0.00996 0.00599 0.00200 0.00000 0.00000 0.00000 0.00000 0.00000 0.00000 0.00000 0.00000 0.00000 0.00000 0.00000 0.00000 0.00000 0.00000 0.00000 0.00000 0.00000 0.00000 0.00000 0.00000 0.00000 0.00000 0.00000 0.00000 0.00000 0.00000 0.00000 0.00000 0.00000 0.00000 0.00000 0.00000 0.00000 0.00000 0.00000 0.00000 0.00000 0.00000 0.00000 0.00000 0.00000 0.00000 0.00000 0.00000 0.00000 0.00000 0.00000 0.00000 0.00000 0.00000 0.00000 0.00000 0.00000 0.00000 0.00000 0.00000 0.00000 0.00000 0.00000 0.00000 0.00000 0.00000 0.00000 0.00000 0.00000
0.00000 0.00000 0.00000 0.00000 0.00000 0.00000 0.00000 0.00000 0.00000 0.00000 0.00000 0.00000 0.00000 0.00000 0.00000 0.00000 0.00000 0.00000 0.00000 0.00000 0.00000 0.00000 0.00000 0.00000 0.00000 0.00000 0.00000 0.00000 0.00000 0.00000 0.00000 0.00000 0.00000 0.00000 0.00000 0.00000 0.00000 0.00000 0.00000 0.00000 0.00000 0.00000 0.00000 0.00000 0.00000 0.00000 0.00000 0.00000 0.00000 0.00000 0.00000 0.00000 0.00000 0.00000 0.00000 0.00000 0.00000 0.00000 0.00000 0.00000 0.00000 0.00000 0.00000 0.00000 0.00000 0.00000 0.00000 0.00000 0.00000 0.00000 0.00000 0.00000 0.00000 0.00000 0.00000 0.00000 0.00000 0.00000 0.00000 0.00000 0.00000 0.00000 0.00000 0.00000 0.00000 0.00000 0.00000 0.00000 0.00000 0.00000 0.00000 0.00000 0.00000 0.00000 0.00000 0.00000 0.00000 0.00000 0.00000 0.00000 0.00000 0.00000 0.00000 0.00000 0.00000 0.00000 0.00000 0.00000 0.00000 0.00000 0.00000 0.00000 0.00000 0.00000 0.00000 0.00000 0.00000 0.00000 0.00000 0.00000 0.00000 0.00000 0.00000 0.00000 0.00000 0.00000 0.00000 0.00000 0.00000 0.00000 0.00000 0.00000 0.00000 0.00000 0.00000 0.00000 0.00000 0.00000 0.00000 0.00000 0.00000 0.00000 0.00000 0.00000 0.00000 0.00000 0.00000 0.00000 0.00000 0.00000 0.00000 0.00000 0.00000 0.00000 0.00000 0.00000 0.00000 0.00000 0.00000 0.00000 0.00000 0.00000 0.00000 0.00000 0.00000 0.00000 0.00000 0.00000 0.00000 0.00000 0.00000 0.00000 0.00000 0.00000 0.00000 0.00000 0.00000 0.00000 0.00000 0.00000 0.00000 0.00000 0.00000 0.00000 0.00000 0.00000 0.00000 0.00000 0.00000 0.00000 0.00000 0.00000 0.00000 0.00000 0.00000 0.00000 0.00000 0.00000 0.00000 0.00000 0.00000 0.00000 0.00000 0.00000 0.00000 0.00000 0.00000 0.00000 0.00000 0.00000 0.00000 0.00000 0.00000 0.00000 0.00000 0.00000 0.00000 0.00000 0.00000 0.00000 0.00000 0.00000 0.00000 0.00000 0.00000 0.00000 0.00000 0.00000 0.00000 0.00000
0.00000 0.00000 0.00000 0.00000 0.00000 0.00000 0.00000 0.00000 0.00000 0.00000 0.00000 0.00000 0.00000 0.00000 0.00000 0.00000 0.00000 0.00000 0.00000 0.00000 0.00000 0.00000 0.00000 0.00000 0.00000 0.00000 0.00000 0.00000 0.00000 0.00000 0.00000 0.00000 0.00000 0.00000 0.00000 0.00000 0.00000 0.00000 0.00000 0.00000 0.00000 0.00000 0.00000 0.00000 0.00000 0.00000 0.00000 0.00000 0.00000 0.00000 0.00000 0.00000 0.00000 0.00000 0.00000 0.00000 0.00000 0.00000 0.00000 0.00000 0.00000 0.00000 0.00000 0.00000 0.00000 0.00000 0.00000 0.00000 0.00000 0.00000 0.00000 0.00000 0.00000 0.00000 0.00000 0.00000 0.00000 0.00000 0.00000 0.00000 0.00000 0.00000 0.00000 0.00000 0.00000 0.00000 0.00000 0.00000 0.00000 0.00000 0.00000 0.00000 0.00000 0.00000 0.00000 0.00000 0.00000 0.00000 0.00000 0.00000 0.00000 0.00000 0.00000 0.00000 0.00000 0.00000 0.00000 0.00000 0.00000 0.00000 0.00000 0.00000 0.00000 0.00000 0.00000 0.00000 0.00000 0.00000 0.00000 0.00000 0.00000 0.00000 0.00000 0.00000 0.00000 0.00000 0.00000 0.00000 0.00000 0.00000 0.00000 0.00000 0.00000 0.00000 0.00000 0.00000 0.00000 0.00000 0.00000 0.00000 0.00000 0.00000 0.00000 0.00000 0.00000 0.00000 0.00000 0.00000 0.00000 0.00000 0.00000 0.00000 0.00000 0.00000 0.00000 0.00000 0.00000 0.00000 0.00000 0.00000 0.00000 0.00000 0.00000 0.00000 0.00000 0.00000 0.00000 0.00000 0.00000 0.00000 0.00000 0.00000 0.00000 0.00000 0.00000 0.00000 0.00000 0.00000 0.00000 0.00000 0.00000 0.00000 0.00000 0.00000 0.00000 0.00000 0.00000 0.00000 0.00000 0.00000 0.00000 0.00000 0.00000 0.00000 0.00000 0.00000 0.00000 0.00000 0.00000 0.00000 0.00000 0.00000 0.00000 0.00000 0.00000 0.00000 0.00000 0.00000 0.00000 0.00000 0.00000 0.00000 0.00000 0.00000 0.00000 0.00000 0.00000 0.00000 0.00000 0.00000 0.00000 0.00000 0.00000 0.00000 0.00000 0.00000 0.00000 0.00000 0.00000 0.00000
0.00000 0.00000 0.00000 0.00000 0.00000 0.00000 0.00000 0.00000 0.00000 0.00000 0.00000 0.00000 0.00000 0.00000 0.00000 0.00000 0.00000 0.00000 0.00000 0.00000 0.00000 0.00000 0.00000 0.00000 0.00000 0.00000 0.00000 0.00000 0.00000 0.00000 0.00000 0.00000 0.00000 0.00000 0.00000 0.00000 0.00000 0.00000 0.00000 0.00000 0.00000 0.00000 0.00000 0.00000 0.00000 0.00000 0.00000 0.00000 0.00000 0.00000 0.00000 0.00000 0.00000 0.00000 0.00000 0.00000 0.00000 0.00000 0.00000 0.00000 0.00000 0.00000 0.00000 0.00000 0.00000 0.00000 0.00000 0.00000 0.00000 0.00000 0.00000 0.00000 0.00000 0.00000 0.00000 0.00000 0.00000 0.00000 0.00000 0.00000 0.00000 0.00000 0.00000 0.00000 0.00000 0.00000 0.00000 0.00000 0.00000 0.00000 0.00000 0.00000 0.00000 0.00000 0.00000 0.00000 0.00000 0.00000 0.00000 0.00000 0.00000 0.00000 0.00000 0.00000 0.00000 0.00000 0.00000 0.00000 0.00000 0.00000 0.00000 0.00000 0.00000 0.00000 0.00000 0.00000 0.00000 0.00000 0.00000 0.00000 0.00000 0.00000 0.00000 0.00000 0.00000 0.00000 0.00000 0.00000 0.00000 0.00000 0.00000 0.00000 0.00000 0.00000 0.00000 0.00000 0.00000 0.00000 0.00000 0.00000 0.00000 0.00000 0.00000 0.00000 0.00000 0.00000 0.00000 0.00000 0.00000 0.00000 0.00000 0.00000 0.00000 0.00000 0.00000 0.00000 0.00000 0.00000 0.00000 0.00000 0.00000 0.00000 0.00000 0.00000 0.00000 0.00000 0.00000 0.00000 0.00000 0.00000 0.00000 0.00000 0.00000 0.00000 0.00000 0.00000 0.00000 0.00000 0.00000 0.00000 0.00000 0.00000 0.00000 0.00000 0.00000 0.00000 0.00000 0.00000 0.00000 0.00000 0.00000 0.00000 0.00000 0.00000 0.00000 0.00000 0.00000 0.00000 0.00000 0.00000 0.00000 0.00000 0.00000 0.00000 0.00000 0.00000 0.00000 0.00000 0.00000 0.00000 0.00000 0.00000 0.00000 0.00000 0.00000 0.00000 0.00000 0.00000 0.00000 0.00000 0.00000 0.00000 0.00000 0.00000 0.00000 0.00000 0.00000 0.00000 0.00000 0.00000
0.00000 0.00000 0.00000 0.00000 0.00000 0.00000 0.00000 0.00000 0.00000 0.00000 0.00000 0.00000 0.00000 0.00000 0.00000 0.00000 0.00000 0.00000 0.00000 0.00000 0.00000 0.00000 0.00000 0.00000 0.00000 0.00000 0.00000 0.00000 0.00000 0.00000 0.00000 0.00000 0.00000 0.00000 0.00000 0.00000 0.00000 0.00000 0.00000 0.00000 0.00000 0.00000 0.00000 0.00000 0.00000 0.00000 0.00000 0.00000 0.00000 0.00000 0.00000 0.00000 0.00000 0.00000 0.00000 0.00000 0.00000 0.00000 0.00000 0.00000 0.00000 0.00000 0.00000 0.00000 0.00000 0.00000 0.00000 0.00000 0.00000 0.00000 0.00000 0.00000 0.00000 0.00000 0.00000 0.00000 0.00000 0.00000 0.00000 0.00000 0.00000 0.00000 0.00000 0.00000 0.00000 0.00000 0.00000 0.00000 0.00000 0.00000 0.00000 0.00000 0.00000 0.00000 0.00000 0.00000 0.00000 0.00000 0.00000 0.00000 0.00000 0.00000 0.00000 0.00000 0.00000 0.00000 0.00000 0.00000 0.00000 0.00000 0.00000 0.00000 0.00000 0.00000 0.00000 0.00000 0.00000 0.00000 0.00000 0.00000 0.00000 0.00000 0.00000 0.00000 0.00000 0.00000 0.00000 0.00000 0.00000 0.00000 0.00000 0.00000 0.00000 0.00000 0.00000 0.00000 0.00000 0.00000 0.00000 0.00000 0.00000 0.00000 0.00000 0.00000 0.00000 0.00000 0.00000 0.00000 0.00000 0.00000 0.00000 0.00000 0.00000 0.00000 0.00000 0.00000 0.00000 0.00000 0.00000 0.00000 0.00000 0.00000 0.00000 0.00000 0.00000 0.00000 0.00000 0.00000 0.00000 0.00000 0.00000 0.00000 0.00000 0.00000 0.00000 0.00000 0.00000 0.00000 0.00000 0.00000 0.00000 0.00000 0.00000 0.00000 0.00000 0.00000 0.00000 0.00000 0.00000 0.00000 0.00000 0.00000 0.00000 0.00000 0.00000 0.00000 0.00000 0.00000 0.00000 0.00000 0.00000 0.00000 0.00000 0.00000 0.00000 0.00000 0.00000 0.00000 0.00000 0.00000 0.00000 0.00000 0.00000 0.00000 0.00000 0.00000 0.00000 0.00000 0.00000 0.00000 0.00000 0.00000 0.00000 0.00000 0.00000 0.00000 0.00000 0.00000 0.00000 0.00000
0.00000 0.00000 0.00000 0.00000 0.00000 0.00000 0.00000 0.00000 0.00000 0.00000 0.00000 0.00000 0.00000 0.00000 0.00000 0.00000 0.00000 0.00000 0.00000 0.00000 0.00000 0.00000 0.00000 0.00000 0.00000 0.00000 0.00000 0.00000 0.00000 0.00000 0.00000 0.00000 0.00000 0.00000 0.00000 0.00000 0.00000 0.00000 0.00000 0.00000 0.00000 0.00000 0.00000 0.00000 0.00000 0.00000 0.00000 0.00000 0.00000 0.00000 0.00000 0.00000 0.00000 0.00000 0.00000 0.00000 0.00000 0.00000 0.00000 0.00000 0.00000 0.00000 0.00000 0.00000 0.00000 0.00000 0.00000 0.00000 0.00000 0.00000 0.00000 0.00000 0.00000 0.00000 0.00000 0.00000 0.00000 0.00000 0.00000 0.00000 0.00000 0.00000 0.00000 0.00000 0.00000 0.00000 0.00000 0.00000 0.00000 0.00000 0.00000 0.00000 0.00000 0.00000 0.00000 0.00000 0.00000 0.00000 0.00000 0.00000 0.00000 0.00000 0.00000 0.00000 0.00000 0.00000 0.00000 0.00000 0.00000 0.00000 0.00000 0.00000 0.00000 0.00000 0.00000 0.00000 0.00000 0.00000 0.00000 0.00000 0.00000 0.00000 0.00000 0.00000 0.00000 0.00000 0.00000 0.00000 0.00000 0.00000 0.00000 0.00000 0.00000 0.00000 0.00000 0.00000 0.00000 0.00000 0.00000 0.00000 0.00000 0.00000 0.00000 0.00000 0.00000 0.00000 0.00000 0.00000 0.00000 0.00000 0.00000 0.00000 0.00000 0.00000 0.00000 0.00000 0.00000 0.00000 0.00000 0.00000 0.00000 0.00000 0.00000 0.00000 0.00000 0.00000 0.00000 0.00000 0.00000 0.00000 0.00000 0.00000 0.00000 0.00000 0.00000 0.00000 0.00000 0.00000 0.00000 0.00000 0.00000 0.00000 0.00000 0.00000 0.00000 0.00000 0.00000 0.00000 0.00000 0.00000 0.00000 0.00000 0.00000 0.00000 0.00000 0.00000 0.00000 0.00000 0.00000 0.00000 0.00000 0.00000 0.00000 0.00000 0.00000 0.00000 0.00000 0.00000 0.00000 0.00000 0.00000 0.00000 0.00000 0.00000 0.00000 0.00000 0.00000 0.00000 0.00000 0.00000 0.00000 0.00000 0.00000 0.00000 0.00000 0.00000 0.00000 0.00000 0.00000 0.00000
0.00000 0.00000 0.00000 0.00000 0.00000 0.00000 0.00000 0.00000 0.00000 0.00000 0.00000 0.00000 0.00000 0.00000 0.00000 0.00000 0.00000 0.00000 0.00000 0.00000 0.00000 0.00000 0.00000 0.00000 0.00000 0.00000 0.00000 0.00000 0.00000 0.00000 0.00000 0.00000 0.00000 0.00000 0.00000 0.00000 0.00000 0.00000 0.00000 0.00000 0.00000 0.00000 0.00000 0.00000 0.00000 0.00000 0.00000 0.00000 0.00000 0.00000 0.00000 0.00000 0.00000 0.00000 0.00000 0.00000 0.00000 0.00000 0.00000 0.00000 0.00000 0.00000 0.00000 0.00000 0.00000 0.00000 0.00000 0.00000 0.00000 0.00000 0.00000 0.00000 0.00000 0.00000 0.00000 0.00000 0.00000 0.00000 0.00000 0.00000 0.00000 0.00000 0.00000 0.00000 0.00000 0.00000 0.00000 0.00000 0.00000 0.00000 0.00000 0.00000 0.00000 0.00000 0.00000 0.00000 0.00000 0.00000 0.00000 0.00000 0.00000 0.00000 0.00000 0.00000 0.00000 0.00000 0.00000 0.00000 0.00000 0.00000 0.00000 0.00000 0.00000 0.00000 0.00000 0.00000 0.00000 0.00000 0.00000 0.00000 0.00000 0.00000 0.00000 0.00000 0.00000 0.00000 0.00000 0.00000 0.00000 0.00000 0.00000 0.00000 0.00000 0.00000 0.00000 0.00000 0.00000 0.00000 0.00000 0.00000 0.00000 0.00000 0.00000 0.00000 0.00000 0.00000 0.00000 0.00000 0.00000 0.00000 0.00000 0.00000 0.00000 0.00000 0.00000 0.00000 0.00000 0.00000 0.00000 0.00000 0.00000 0.00000 0.00000 0.00000 0.00000 0.00000 0.00000 0.00000 0.00000 0.00000 0.00000 0.00000 0.00000 0.00000 0.00000 0.00000 0.00000 0.00000 0.00000 0.00000 0.00000 0.00000 0.00000 0.00000 0.00000 0.00000 0.00000 0.00000 0.00000 0.00000 0.00000 0.00000 0.00000 0.00000 0.00000 0.00000 0.00000 0.00000 0.00000 0.00000 0.00000 0.00000 0.00000 0.00000 0.00000 0.00000 0.00000 0.00000 0.00000 0.00000 0.00000 0.00000 0.00000 0.00000 0.00000 0.00000 0.00000 0.00000 0.00000 0.00000 0.00000 0.00000 0.00000 0.00000 0.00000 0.00000 0.00000 0.00000 0.00000 0.00000
0.00000 0.00000 0.00000 0.00000 0.00000 0.00000 0.00000 0.00000 0.00000 0.00000 0.00000 0.00000 0.00000 0.00000 0.00000 0.00000 0.00000 0.00000 0.00000 0.00000 0.00000 0.00000 0.00000 0.00000 0.00000 0.00000 0.00000 0.00000 0.00000 0.00000 0.00000 0.00000 0.00000 0.00000 0.00000 0.00000 0.00000 0.00000 0.00000 0.00000 0.00000 0.00000 0.00000 0.00000 0.00000 0.00000 0.00000 0.00000 0.00000 0.00000 0.00000 0.00000 0.00000 0.00000 0.00000 0.00000 0.00000 0.00000 0.00000 0.00000 0.00000 0.00000 0.00000 0.00000 0.00000 0.00000 0.00000 0.00000 0.00000 0.00000 0.00000 0.00000 0.00000 0.00000 0.00000 0.00000 0.00000 0.00000 0.00000 0.00000 0.00000 0.00000 0.00000 0.00000 0.00000 0.00000 0.00000 0.00000 0.00000 0.00000 0.00000 0.00000 0.00000 0.00000 0.00000 0.00000 0.00000 0.00000 0.00000 0.00000 0.00000 0.00000 0.00000 0.00000 0.00000 0.00000 0.00000 0.00000 0.00000 0.00000 0.00000 0.00000 0.00000 0.00000 0.00000 0.00000 0.00000 0.00000 0.00000 0.00000 0.00000 0.00000 0.00000 0.00000 0.00000 0.00000 0.00000 0.00000 0.00000 0.00000 0.00000 0.00000 0.00000 0.00000 0.00000 0.00000 0.00000 0.00000 0.00000 0.00000 0.00000 0.00000 0.00000 0.00000 0.00000 0.00000 0.00000 0.00000 0.00000 0.00000 0.00000 0.00000 0.00000 0.00000 0.00000 0.00000 0.00000 0.00000 0.00000 0.00000 0.00000 0.00000 0.00000 0.00000 0.00000 0.00000 0.00000 0.00000 0.00000 0.00000 0.00000 0.00000 0.00000 0.00000 0.00000 0.00000 0.00000 0.00000 0.00000 0.00000 0.00000 0.00000 0.00000 0.00000 0.00000 0.00000 0.00000 0.00000 0.00000 0.00000 0.00000 0.00000 0.00000 0.00000 0.00000 0.00000 0.00000 0.00000 0.00000 0.00000 0.00000 0.00000 0.00000 0.00000 0.00000 0.00000 0.00000 0.00000 0.00000 0.00000 0.00000 0.00000 0.00000 0.00000 0.00000 0.00000 0.00000 0.00000 0.00000 0.00000 0.00000 0.00000 0.00000 0.00000 0.00000 0.00000 0.00000 0.00000 0.00000 0.00000
0.00000 0.00000 0.00000 0.00000 0.00000 0.00000 0.00000 0.00000 0.00000 0.00000 0.00000 0.00000 0.00000 0.00000 0.00000 0.00000 0.00000 0.00000 0.00000 0.00000 0.00000 0.00000 0.00000 0.00000 0.00000 0.00000 0.00000 0.00000 0.00000 0.00000 0.00000 0.00000 0.00000 0.00000 0.00000 0.00000 0.00000 0.00000 0.00000 0.00000 0.00000 0.00000 0.00000 0.00000 0.00000 0.00000 0.00000 0.00000 0.00000 0.00000 0.00000 0.00000 0.00000 0.00000 0.00000 0.00000 0.00000 0.00000 0.00000 0.00000 0.00000 0.00000 0.00000 0.00000 0.00000 0.00000 0.00000 0.00000 0.00000 0.00000 0.00000 0.00000 0.00000 0.00000 0.00000 0.00000 0.00000 0.00000 0.00000 0.00000 0.00000 0.00000 0.00000 0.00000 0.00000 0.00000 0.00000 0.00000 0.00000 0.00000 0.00000 0.00000 0.00000 0.00000 0.00000 0.00000 0.00000 0.00000 0.00000 0.00000 0.00000 0.00000 0.00000 0.00000 0.00000 0.00000 0.00000 0.00000 0.00000 0.00000 0.00000 0.00000 0.00000 0.00000 0.00000 0.00000 0.00000 0.00000 0.00000 0.00000 0.00000 0.00000 0.00000 0.00000 0.00000 0.00000 0.00000 0.00000 0.00000 0.00000 0.00000 0.00000 0.00000 0.00000 0.00000 0.00000 0.00000 0.00000 0.00000 0.00000 0.00000 0.00000 0.00000 0.00000 0.00000 0.00000 0.00000 0.00000 0.00000 0.00000 0.00000 0.00000 0.00000 0.00000 0.00000 0.00000 0.00000 0.00000 0.00000 0.00000 0.00000 0.00000 0.00000 0.00000 0.00000 0.00000 0.00000 0.00000 0.00000 0.00000 0.00000 0.00000 0.00000 0.00000 0.00000 0.00000 0.00000 0.00000 0.00000 0.00000 0.00000 0.00000 0.00000 0.00000 0.00000 0.00000 0.00000 0.00000 0.00000 0.00000 0.00000 0.00000 0.00000 0.00000 0.00000 0.00000 0.00000 0.00000 0.00000 0.00000 0.00000 0.00000 0.00000 0.00000 0.00000 0.00000 0.00000 0.00000 0.00000 0.00000 0.00000 0.00000 0.00000 0.00000 0.00000 0.00000 0.00000 0.00000 0.00000 0.00000 0.00000 0.00000 0.00000 0.00000 0.00000 0.00000 0.00000 0.00000 0.00000 0.00000
0.00000 0.00000 0.00000 0.00000 0.00000 0.00000 0.00000 0.00000 0.00000 0.00000 0.00000 0.00000 0.00000 0.00000 0.00000 0.00000 0.00000 0.00000 0.00000 0.00000 0.00000 0.00000 0.00000 0.00000 0.00000 0.00000 0.00000 0.00000 0.00000 0.00000 0.00000 0.00000 0.00000 0.00000 0.00000 0.00000 0.00000 0.00000 0.00000 0.00000 0.00000 0.00000 0.00000 0.00000 0.00000 0.00000 0.00000 0.00000 0.00000 0.00000 0.00000 0.00000 0.00000 0.00000 0.00000 0.00000 0.00000 0.00000 0.00000 0.00000 0.00000 0.00000 0.00000 0.00000 0.00000 0.00000 0.00000 0.00000 0.00000 0.00000 0.00000 0.00000 0.00000 0.00000 0.00000 0.00000 0.00000 0.00000 0.00000 0.00000 0.00000 0.00000 0.00000 0.00000 0.00000 0.00000 0.00000 0.00000 0.00000 0.00000 0.00000 0.00000 0.00000 0.00000 0.00000 0.00000 0.00000 0.00000 0.00000 0.00000 0.00000 0.00000 0.00000 0.00000 0.00000 0.00000 0.00000 0.00000 0.00000 0.00000 0.00000 0.00000 0.00000 0.00000 0.00000 0.00000 0.00000 0.00000 0.00000 0.00000 0.00000 0.00000 0.00000 0.00000 0.00000 0.00000 0.00000 0.00000 0.00000 0.00000 0.00000 0.00000 0.00000 0.00000 0.00000 0.00000 0.00000 0.00000 0.00000 0.00000 0.00000 0.00000 0.00000 0.00000 0.00000 0.00000 0.00000 0.00000 0.00000 0.00000 0.00000 0.00000 0.00000 0.00000 0.00000 0.00000 0.00000 0.00000 0.00000 0.00000 0.00000 0.00000 0.00000 0.00000 0.00000 0.00000 0.00000 0.00000 0.00000 0.00000 0.00000 0.00000 0.00000 0.00000 0.00000 0.00000 0.00000 0.00000 0.00000 0.00000 0.00000 0.00000 0.00000 0.00000 0.00000 0.00000 0.00000 0.00000 0.00000 0.00000 0.00000 0.00000 0.00000 0.00000 0.00000 0.00000 0.00000 0.00000 0.00000 0.00000 0.00000 0.00000 0.00000 0.00000 0.00000 0.00000 0.00000 0.00000 0.00000 0.00000 0.00000 0.00000 0.00000 0.00000 0.00000 0.00000 0.00000 0.00000 0.00000 0.00000 0.00000 0.00000 0.00000 0.00000 0.00000 0.00000 0.00000 0.00000 0.00000 0.00000
0.00000 0.00000 0.00000 0.00000 0.00000 0.00000 0.00000 0.00000 0.00000 0.00000 0.00000 0.00000 0.00000 0.00000 0.00000 0.00000 0.00000 0.00000 0.00000 0.00000 0.00000 0.00000 0.00000 0.00000 0.00000 0.00000 0.00000 0.00000 0.00000 0.00000 0.00000 0.00000 0.00000 0.00000 0.00000 0.00000 0.00000 0.00000 0.00000 0.00000 0.00000 0.00000 0.00000 0.00000 0.00000 0.00000 0.00000 0.00000 0.00000 0.00000 0.00000 0.00000 0.00000 0.00000 0.00000 0.00000 0.00000 0.00000 0.00000 0.00000 0.00000 0.00000 0.00000 0.00000 0.00000 0.00000 0.00000 0.00000 0.00000 0.00000 0.00000 0.00000 0.00000 0.00000 0.00000 0.00000 0.00000 0.00000 0.00000 0.00000 0.00000 0.00000 0.00000 0.00000 0.00000 0.00000 0.00000 0.00000 0.00000 0.00000 0.00000 0.00000 0.00000 0.00000 0.00000 0.00000 0.00000 0.00000 0.00000 0.00000 0.00000 0.00000 0.00000 0.00000 0.00000 0.00000 0.00000 0.00000 0.00000 0.00000 0.00000 0.00000 0.00000 0.00000 0.00000 0.00000 0.00000 0.00000 0.00000 0.00000 0.00000 0.00000 0.00000 0.00000 0.00000 0.00000 0.00000 0.00000 0.00000 0.00000 0.00000 0.00000 0.00000 0.00000 0.00000 0.00000 0.00000 0.00000 0.00000 0.00000 0.00000 0.00000 0.00000 0.00000 0.00000 0.00000 0.00000 0.00000 0.00000 0.00000 0.00000 0.00000 0.00000 0.00000 0.00000 0.00000 0.00000 0.00000 0.00000 0.00000 0.00000 0.00000 0.00000 0.00000 0.00000 0.00000 0.00000 0.00000 0.00000 0.00000 0.00000 0.00000 0.00000 0.00000 0.00000 0.00000 0.00000 0.00000 0.00000 0.00000 0.00000 0.00000 0.00000 0.00000 0.00000 0.00000 0.00000 0.00000 0.00000 0.00000 0.00000 0.00000 0.00000 0.00000 0.00000 0.00000 0.00000 0.00000 0.00000 0.00000 0.00000 0.00000 0.00000 0.00000 0.00000 0.00000 0.00000 0.00000 0.00000 0.00000 0.00000 0.00000 0.00000 0.00000 0.00000 0.00000 0.00000 0.00000 0.00000 0.00000 0.00000 0.00000 0.00000 0.00000 0.00000 0.00000 0.00000 0.00000 0.00000 0.00000
0.00000 0.00000 0.00000 0.00000 0.00000 0.00000 0.00000 0.00000 0.00000 0.00000 0.00000 0.00000 0.00000 0.00000 0.00000 0.00000 0.00000 0.00000 0.00000 0.00000 0.00000 0.00000 0.00000 0.00000 0.00000 0.00000 0.00000 0.00000 0.00000 0.00000 0.00000 0.00000 0.00000 0.00000 0.00000 0.00000 0.00000 0.00000 0.00000 0.00000 0.00000 0.00000 0.00000 0.00000 0.00000 0.00000 0.00000 0.00000 0.00000 0.00000 0.00000 0.00000 0.00000 0.00000 0.00000 0.00000 0.00000 0.00000 0.00000 0.00000 0.00000 0.00000 0.00000 0.00000 0.00000 0.00000 0.00000 0.00000 0.00000 0.00000 0.00000 0.00000 0.00000 0.00000 0.00000 0.00000 0.00000 0.00000 0.00000 0.00000 0.00000 0.00000 0.00000 0.00000 0.00000 0.00000 0.00000 0.00000 0.00000 0.00000 0.00000 0.00000 0.00000 0.00000 0.00000 0.00000 0.00000 0.00000 0.00000 0.00000 0.00000 0.00000 0.00000 0.00000 0.00000 0.00000 0.00000 0.00000 0.00000 0.00000 0.00000 0.00000 0.00000 0.00000 0.00000 0.00000 0.00000 0.00000 0.00000 0.00000 0.00000 0.00000 0.00000 0.00000 0.00000 0.00000 0.00000 0.00000 0.00000 0.00000 0.00000 0.00000 0.00000 0.00000 0.00000 0.00000 0.00000 0.00000 0.00000 0.00000 0.00000 0.00000 0.00000 0.00000 0.00000 0.00000 0.00000 0.00000 0.00000 0.00000 0.00000 0.00000 0.00000 0.00000 0.00000 0.00000 0.00000 0.00000 0.00000 0.00000 0.00000 0.00000 0.00000 0.00000 0.00000 0.00000 0.00000 0.00000 0.00000 0.00000 0.00000 0.00000 0.00000 0.00000 0.00000 0.00000 0.00000 0.00000 0.00000 0.00000 0.00000 0.00000 0.00000 0.00000 0.00000 0.00000 0.00000 0.00000 0.00000 0.00000 0.00000 0.00000 0.00000 0.00000 0.00000 0.00000 0.00000 0.00000 0.00000 0.00000 0.00000 0.00000 0.00000 0.00000 0.00000 0.00000 0.00000 0.00000 0.00000 0.00000 0.00000 0.00000 0.00000 0.00000 0.00000 0.00000 0.00000 0.00000 0.00000 0.00000 0.00000 0.00000 0.00000 0.00000 0.00000 0.00000 0.00000 0.00000 0.00000 0.00000
0.00000 0.00000 0.00000 0.00000 0.00000 0.00000 0.00000 0.00000 0.00000 0.00000 0.00000 0.00000 0.00000 0.00000 0.00000 0.00000 0.00000 0.00000 0.00000 0.00000 0.00000 0.00000 0.00000 0.00000 0.00000 0.00000 0.00000 0.00000 0.00000 0.00000 0.00000 0.00000 0.00000 0.00000 0.00000 0.00000 0.00000 0.00000 0.00000 0.00000 0.00000 0.00000 0.00000 0.00000 0.00000 0.00000 0.00000 0.00000 0.00000 0.00000 0.00000 0.00000 0.00000 0.00000 0.00000 0.00000 0.00000 0.00000 0.00000 0.00000 0.00000 0.00000 0.00000 0.00000 0.00000 0.00000 0.00000 0.00000 0.00000 0.00000 0.00000 0.00000 0.00000 0.00000 0.00000 0.00000 0.00000 0.00000 0.00000 0.00000 0.00000 0.00000 0.00000 0.00000 0.00000 0.00000 0.00000 0.00000 0.00000 0.00000 0.00000 0.00000 0.00000 0.00000 0.00000 0.00000 0.00000 0.00000 0.00000 0.00000 0.00000 0.00000 0.00000 0.00000 0.00000 0.00000 0.00000 0.00000 0.00000 0.00000 0.00000 0.00000 0.00000 0.00000 0.00000 0.00000 0.00000 0.00000 0.00000 0.00000 0.00000 0.00000 0.00000 0.00000 0.00000 0.00000 0.00000 0.00000 0.00000 0.00000 0.00000 0.00000 0.00000 0.00000 0.00000 0.00000 0.00000 0.00000 0.00000 0.00000 0.00000 0.00000 0.00000 0.00000 0.00000 0.00000 0.00000 0.00000 0.00000 0.00000 0.00000 0.00000 0.00000 0.00000 0.00000 0.00000 0.00000 0.00000 0.00000 0.00000 0.00000 0.00000 0.00000 0.00000 0.00000 0.00000 0.00000 0.00000 0.00000 0.00000 0.00000 0.00000 0.00000 0.00000 0.00000 0.00000 0.00000 0.00000 0.00000 0.00000 0.00000 0.00000 0.00000 0.00000 0.00000 0.00000 0.00000 0.00000 0.00000 0.00000 0.00000 0.00000 0.00000 0.00000 0.00000 0.00000 0.00000 0.00000 0.00000 0.00000 0.00000 0.00000 0.00000 0.00000 0.00000 0.00000 0.00000 0.00000 0.00000 0.00000 0.00000 0.00000 0.00000 0.00000 0.00000 0.00000 0.00000 0.00000 0.00000 0.00000 0.00000 0.00000 0.00000 0.00000 0.00000 0.00000 0.00000 0.00000 0.00000 0.00000
0.00000 0.00000 0.00000 0.00000 0.00000 0.00000 0.00000 0.00000 0.00000 0.00000 0.00000 0.00000 0.00000 0.00000 0.00000 0.00000 0.00000 0.00000 0.00000 0.00000 0.00000 0.00000 0.00000 0.00000 0.00000 0.00000 0.00000 0.00000 0.00000 0.00000 0.00000 0.00000 0.00000 0.00000 0.00000 0.00000 0.00000 0.00000 0.00000 0.00000 0.00000 0.00000 0.00000 0.00000 0.00000 0.00000 0.00000 0.00000 0.00000 0.00000 0.00000 0.00000 0.00000 0.00000 0.00000 0.00000 0.00000 0.00000 0.00000 0.00000 0.00000 0.00000 0.00000 0.00000 0.00000 0.00000 0.00000 0.00000 0.00000 0.00000 0.00000 0.00000 0.00000 0.00000 0.00000 0.00000 0.00000 0.00000 0.00000 0.00000 0.00000 0.00000 0.00000 0.00000 0.00000 0.00000 0.00000 0.00000 0.00000 0.00000 0.00000 0.00000 0.00000 0.00000 0.00000 0.00000 0.00000 0.00000 0.00000 0.00000 0.00000 0.00000 0.00000 0.00000 0.00000 0.00000 0.00000 0.00000 0.00000 0.00000 0.00000 0.00000 0.00000 0.00000 0.00000 0.00000 0.00000 0.00000 0.00000 0.00000 0.00000 0.00000 0.00000 0.00000 0.00000 0.00000 0.00000 0.00000 0.00000 0.00000 0.00000 0.00000 0.00000 0.00000 0.00000 0.00000 0.00000 0.00000 0.00000 0.00000 0.00000 0.00000 0.00000 0.00000 0.00000 0.00000 0.00000 0.00000 0.00000 0.00000 0.00000 0.00000 0.00000 0.00000 0.00000 0.00000 0.00000 0.00000 0.00000 0.00000 0.00000 0.00000 0.00000 0.00000 0.00000 0.00000 0.00000 0.00000 0.00000 0.00000 0.00000 0.00000 0.00000 0.00000 0.00000 0.00000 0.00000 0.00000 0.00000 0.00000 0.00000 0.00000 0.00000 0.00000 0.00000 0.00000 0.00000 0.00000 0.00000 0.00000 0.00000 0.00000 0.00000 0.00000 0.00000 0.00000 0.00000 0.00000 0.00000 0.00000 0.00000 0.00000 0.00000 0.00000 0.00000 0.00000 0.00000 0.00000 0.00000 0.00000 0.00000 0.00000 0.00000 0.00000 0.00000 0.00000 0.00000 0.00000 0.00000 0.00000 0.00000 0.00000 0.00000 0.00000 0.00000 0.00000 0.00000 0.00000 0.00000 0.00000
0.00000 0.00000 0.00000 0.00000 0.00000 0.00000 0.00000 0.00000 0.00000 0.00000 0.00000 0.00000 0.00000 0.00000 0.00000 0.00000 0.00000 0.00000 0.00000 0.00000 0.00000 0.00000 0.00000 0.00000 0.00000 0.00000 0.00000 0.00000 0.00000 0.00000 0.00000 0.00000 0.00000 0.00000 0.00000 0.00000 0.00000 0.00000 0.00000 0.00000 0.00000 0.00000 0.00000 0.00000 0.00000 0.00000 0.00000 0.00000 0.00000 0.00000 0.00000 0.00000 0.00000 0.00000 0.00000 0.00000 0.00000 0.00000 0.00000 0.00000 0.00000 0.00000 0.00000 0.00000 0.00000 0.00000 0.00000 0.00000 0.00000 0.00000 0.00000 0.00000 0.00000 0.00000 0.00000 0.00000 0.00000 0.00000 0.00000 0.00000 0.00000 0.00000 0.00000 0.00000 0.00000 0.00000 0.00000 0.00000 0.00000 0.00000 0.00000 0.00000 0.00000 0.00000 0.00000 0.00000 0.00000 0.00000 0.00000 0.00000 0.00000 0.00000 0.00000 0.00000 0.00000 0.00000 0.00000 0.00000 0.00000 0.00000 0.00000 0.00000 0.00000 0.00000 0.00000 0.00000 0.00000 0.00000 0.00000 0.00000 0.00000 0.00000 0.00000 0.00000 0.00000 0.00000 0.00000 0.00000 0.00000 0.00000 0.00000 0.00000 0.00000 0.00000 0.00000 0.00000 0.00000 0.00000 0.00000 0.00000 0.00000 0.00000 0.00000 0.00000 0.00000 0.00000 0.00000 0.00000 0.00000 0.00000 0.00000 0.00000 0.00000 0.00000 0.00000 0.00000 0.00000 0.00000 0.00000 0.00000 0.00000 0.00000 0.00000 0.00000 0.00000 0.00000 0.00000 0.00000 0.00000 0.00000 0.00000 0.00000 0.00000 0.00000 0.00000 0.00000 0.00000 0.00000 0.00000 0.00000 0.00000 0.00000 0.00000 0.00000 0.00000 0.00000 0.00000 0.00000 0.00000 0.00000 0.00000 0.00000 0.00000 0.00000 0.00000 0.00000 0.00000 0.00000 0.00000 0.00000 0.00000 0.00000 0.00000 0.00000 0.00000 0.00000 0.00000 0.00000 0.00000 0.00000 0.00000 0.00000 0.00000 0.00000 0.00000 0.00000 0.00000 0.00000 0.00000 0.00000 0.00000 0.00000 0.00000 0.00000 0.00000 0.00000 0.00000 0.00000 0.00000 0.00000
0.00000 0.00000 0.00000 0.00000 0.00000 0.00000 0.00000 0.00000 0.00000 0.00000 0.00000 0.00000 0.00000 0.00000 0.00000 0.00000 0.00000 0.00000 0.00000 0.00000 0.00000 0.00000 0.00000 0.00000 0.00000 0.00000 0.00000 0.00000 0.00000 0.00000 0.00000 0.00000 0.00000 0.00000 0.00000 0.00000 0.00000 0.00000 0.00000 0.00000 0.00000 0.00000 0.00000 0.00000 0.00000 0.00000 0.00000 0.00000 0.00000 0.00000 0.00000 0.00000 0.00000 0.00000 0.00000 0.00000 0.00000 0.00000 0.00000 0.00000 0.00000 0.00000 0.00000 0.00000 0.00000 0.00000 0.00000 0.00000 0.00000 0.00000 0.00000 0.00000 0.00000 0.00000 0.00000 0.00000 0.00000 0.00000 0.00000 0.00000 0.00000 0.00000 0.00000 0.00000 0.00000 0.00000 0.00000 0.00000 0.00000 0.00000 0.00000 0.00000 0.00000 0.00000 0.00000 0.00000 0.00000 0.00000 0.00000 0.00000 0.00000 0.00000 0.00000 0.00000 0.00000 0.00000 0.00000 0.00000 0.00000 0.00000 0.00000 0.00000 0.00000 0.00000 0.00000 0.00000 0.00000 0.00000 0.00000 0.00000 0.00000 0.00000 0.00000 0.00000 0.00000 0.00000 0.00000 0.00000 0.00000 0.00000 0.00000 0.00000 0.00000 0.00000 0.00000 0.00000 0.00000 0.00000 0.00000 0.00000 0.00000 0.00000 0.00000 0.00000 0.00000 0.00000 0.00000 0.00000 0.00000 0.00000 0.00000 0.00000 0.00000 0.00000 0.00000 0.00000 0.00000 0.00000 0.00000 0.00000 0.00000 0.00000 0.00000 0.00000 0.00000 0.00000 0.00000 0.00000 0.00000 0.00000 0.00000 0.00000 0.00000 0.00000 0.00000 0.00000 0.00000 0.00000 0.00000 0.00000 0.00000 0.00000 0.00000 0.00000 0.00000 0.00000 0.00000 0.00000 0.00000 0.00000 0.00000 0.00000 0.00000 0.00000 0.00000 0.00000 0.00000 0.00000 0.00000 0.00000 0.00000 0.00000 0.00000 0.00000 0.00000 0.00000 0.00000 0.00000 0.00000 0.00000 0.00000 0.00000 0.00000 0.00000 0.00000 0.00000 0.00000 0.00000 0.00000 0.00000 0.00000 0.00000 0.00000 0.00000 0.00000 0.00000 0.00000 0.00000 0.00000 0.00000
0.00000 0.00000 0.00000 0.00000 0.00000 0.00000 0.00000 0.00000 0.00000 0.00000 0.00000 0.00000 0.00000 0.00000 0.00000 0.00000 0.00000 0.00000 0.00000 0.00000 0.00000 0.00000 0.00000 0.00000 0.00000 0.00000 0.00000 0.00000 0.00000 0.00000 0.00000 0.00000 0.00000 0.00000 0.00000 0.00000 0.00000 0.00000 0.00000 0.00000 0.00000 0.00000 0.00000 0.00000 0.00000 0.00000 0.00000 0.00000 0.00000 0.00000 0.00000 0.00000 0.00000 0.00000 0.00000 0.00000 0.00000 0.00000 0.00000 0.00000 0.00000 0.00000 0.00000 0.00000 0.00000 0.00000 0.00000 0.00000 0.00000 0.00000 0.00000 0.00000 0.00000 0.00000 0.00000 0.00000 0.00000 0.00000 0.00000 0.00000 0.00000 0.00000 0.00000 0.00000 0.00000 0.00000 0.00000 0.00000 0.00000 0.00000 0.00000 0.00000 0.00000 0.00000 0.00000 0.00000 0.00000 0.00000 0.00000 0.00000 0.00000 0.00000 0.00000 0.00000 0.00000 0.00000 0.00000 0.00000 0.00000 0.00000 0.00000 0.00000 0.00000 0.00000 0.00000 0.00000 0.00000 0.00000 0.00000 0.00000 0.00000 0.00000 0.00000 0.00000 0.00000 0.00000 0.00000 0.00000 0.00000 0.00000 0.00000 0.00000 0.00000 0.00000 0.00000 0.00000 0.00000 0.00000 0.00000 0.00000 0.00000 0.00000 0.00000 0.00000 0.00000 0.00000 0.00000 0.00000 0.00000 0.00000 0.00000 0.00000 0.00000 0.00000 0.00000 0.00000 0.00000 0.00000 0.00000 0.00000 0.00000 0.00000 0.00000 0.00000 0.00000 0.00000 0.00000 0.00000 0.00000 0.00000 0.00000 0.00000 0.00000 0.00000 0.00000 0.00000 0.00000 0.00000 0.00000 0.00000 0.00000 0.00000 0.00000 0.00000 0.00000 0.00000 0.00000 0.00000 0.00000 0.00000 0.00000 0.00000 0.00000 0.00000 0.00000 0.00000 0.00000 0.00000 0.00000 0.00000 0.00000 0.00000 0.00000 0.00000 0.00000 0.00000 0.00000 0.00000 0.00000 0.00000 0.00000 0.00000 0.00000 0.00000 0.00000 0.00000 0.00000 0.00000 0.00000 0.00000 0.00000 0.00000 0.00000 0.00000 0.00000 0.00000 0.00000 0.00000 0.00000 0.00000
0.00000 0.00000 0.00000 0.00000 0.00000 0.00000 0.00000 0.00000 0.00000 0.00000 0.00000 0.00000 0.00000 0.00000 0.00000 0.00000 0.00000 0.00000 0.00000 0.00000 0.00000 0.00000 0.00000 0.00000 0.00000 0.00000 0.00000 0.00000 0.00000 0.00000 0.00000 0.00000 0.00000 0.00000 0.00000 0.00000 0.00000 0.00000 0.00000 0.00000 0.00000 0.00000 0.00000 0.00000 0.00000 0.00000 0.00000 0.00000 0.00000 0.00000 0.00000 0.00000 0.00000 0.00000 0.00000 0.00000 0.00000 0.00000 0.00000 0.00000 0.00000 0.00000 0.00000 0.00000 0.00000 0.00000 0.00000 0.00000 0.00000 0.00000 0.00000 0.00000 0.00000 0.00000 0.00000 0.00000 0.00000 0.00000 0.00000 0.00000 0.00000 0.00000 0.00000 0.00000 0.00000 0.00000 0.00000 0.00000 0.00000 0.00000 0.00000 0.00000 0.00000 0.00000 0.00000 0.00000 0.00000 0.00000 0.00000 0.00000 0.00000 0.00000 0.00000 0.00000 0.00000 0.00000 0.00000 0.00000 0.00000 0.00000 0.00000 0.00000 0.00000 0.00000 0.00000 0.00000 0.00000 0.00000 0.00000 0.00000 0.00000 0.00000 0.00000 0.00000 0.00000 0.00000 0.00000 0.00000 0.00000 0.00000 0.00000 0.00000 0.00000 0.00000 0.00000 0.00000 0.00000 0.00000 0.00000 0.00000 0.00000 0.00000 0.00000 0.00000 0.00000 0.00000 0.00000 0.00000 0.00000 0.00000 0.00000 0.00000 0.00000 0.00000 0.00000 0.00000 0.00000 0.00000 0.00000 0.00000 0.00000 0.00000 0.00000 0.00000 0.00000 0.00000 0.00000 0.00000 0.00000 0.00000 0.00000 0.00000 0.00000 0.00000 0.00000 0.00000 0.00000 0.00000 0.00000 0.00000 0.00000 0.00000 0.00000 0.00000 0.00000 0.00000 0.00000 0.00000 0.00000 0.00000 0.00000 0.00000 0.00000 0.00000 0.00000 0.00000 0.00000 0.00000 0.00000 0.00000 0.00000 0.00000 0.00000 0.00000 0.00000 0.00000 0.00000 0.00000 0.00000 0.00000 0.00000 0.00000 0.00000 0.00000 0.00000 0.00000 0.00000 0.00000 0.00000 0.00000 0.00000 0.00000 0.00000 0.00000 0.00000 0.00000 0.00000 0.00000 0.00000 0.00000
0.00000 0.00000 0.00000 0.00000 0.00000 0.00000 0.00000 0.00000 0.00000 0.00000 0.00000 0.00000 0.00000 0.00000 0.00000 0.00000 0.00000 0.00000 0.00000 0.00000 0.00000 0.00000 0.00000 0.00000 0.00000 0.00000 0.00000 0.00000 0.00000 0.00000 0.00000 0.00000 0.00000 0.00000 0.00000 0.00000 0.00000 0.00000 0.00000 0.00000 0.00000 0.00000 0.00000 0.00000 0.00000 0.00000 0.00000 0.00000 0.00000 0.00000 0.00000 0.00000 0.00000 0.00000 0.00000 0.00000 0.00000 0.00000 0.00000 0.00000 0.00000 0.00000 0.00000 0.00000 0.00000 0.00000 0.00000 0.00000 0.00000 0.00000 0.00000 0.00000 0.00000 0.00000 0.00000 0.00000 0.00000 0.00000 0.00000 0.00000 0.00000 0.00000 0.00000 0.00000 0.00000 0.00000 0.00000 0.00000 0.00000 0.00000 0.00000 0.00000 0.00000 0.00000 0.00000 0.00000 0.00000 0.00000 0.00000 0.00000 0.00000 0.00000 0.00000 0.00000 0.00000 0.00000 0.00000 0.00000 0.00000 0.00000 0.00000 0.00000 0.00000 0.00000 0.00000 0.00000 0.00000 0.00000 0.00000 0.00000 0.00000 0.00000 0.00000 0.00000 0.00000 0.00000 0.00000 0.00000 0.00000 0.00000 0.00000 0.00000 0.00000 0.00000 0.00000 0.00000 0.00000 0.00000 0.00000 0.00000 0.00000 0.00000 0.00000 0.00000 0.00000 0.00000 0.00000 0.00000 0.00000 0.00000 0.00000 0.00000 0.00000 0.00000 0.00000 0.00000 0.00000 0.00000 0.00000 0.00000 0.00000 0.00000 0.00000 0.00000 0.00000 0.00000 0.00000 0.00000 0.00000 0.00000 0.00000 0.00000 0.00000 0.00000 0.00000 0.00000 0.00000 0.00000 0.00000 0.00000 0.00000 0.00000 0.00000 0.00000 0.00000 0.00000 0.00000 0.00000 0.00000 0.00000 0.00000 0.00000 0.00000 0.00000 0.00000 0.00000 0.00000 0.00000 0.00000 0.00000 0.00000 0.00000 0.00000 0.00000 0.00000 0.00000 0.00000 0.00000 0.00000 0.00000 0.00000 0.00000 0.00000 0.00000 0.00000 0.00000 0.00000 0.00000 0.00000 0.00000 0.00000 0.00000 0.00000 0.00000 0.00000 0.00000 0.00000 0.00000 0.00000 0.00000
0.00000 0.00000 0.00000 0.00000 0.00000 0.00000 0.00000 0.00000 0.00000 0.00000 0.00000 0.00000 0.00000 0.00000 0.00000 0.00000 0.00000 0.00000 0.00000 0.00000 0.00000 0.00000 0.00000 0.00000 0.00000 0.00000 0.00000 0.00000 0.00000 0.00000 0.00000 0.00000 0.00000 0.00000 0.00000 0.00000 0.00000 0.00000 0.00000 0.00000 0.00000 0.00000 0.00000 0.00000 0.00000 0.00000 0.00000 0.00000 0.00000 0.00000 0.00000 0.00000 0.00000 0.00000 0.00000 0.00000 0.00000 0.00000 0.00000 0.00000 0.00000 0.00000 0.00000 0.00000 0.00000 0.00000 0.00000 0.00000 0.00000 0.00000 0.00000 0.00000 0.00000 0.00000 0.00000 0.00000 0.00000 0.00000 0.00000 0.00000 0.00000 0.00000 0.00000 0.00000 0.00000 0.00000 0.00000 0.00000 0.00000 0.00000 0.00000 0.00000 0.00000 0.00000 0.00000 0.00000 0.00000 0.00000 0.00000 0.00000 0.00000 0.00000 0.00000 0.00000 0.00000 0.00000 0.00000 0.00000 0.00000 0.00000 0.00000 0.00000 0.00000 0.00000 0.00000 0.00000 0.00000 0.00000 0.00000 0.00000 0.00000 0.00000 0.00000 0.00000 0.00000 0.00000 0.00000 0.00000 0.00000 0.00000 0.00000 0.00000 0.00000 0.00000 0.00000 0.00000 0.00000 0.00000 0.00000 0.00000 0.00000 0.00000 0.00000 0.00000 0.00000 0.00000 0.00000 0.00000 0.00000 0.00000 0.00000 0.00000 0.00000 0.00000 0.00000 0.00000 0.00000 0.00000 0.00000 0.00000 0.00000 0.00000 0.00000 0.00000 0.00000 0.00000 0.00000 0.00000 0.00000 0.00000 0.00000 0.00000 0.00000 0.00000 0.00000 0.00000 0.00000 0.00000 0.00000 0.00000 0.00000 0.00000 0.00000 0.00000 0.00000 0.00000 0.00000 0.00000 0.00000 0.00000 0.00000 0.00000 0.00000 0.00000 0.00000 0.00000 0.00000 0.00000 0.00000 0.00000 0.00000 0.00000 0.00000 0.00000 0.00000 0.00000 0.00000 0.00000 0.00000 0.00000 0.00000 0.00000 0.00000 0.00000 0.00000 0.00000 0.00000 0.00000 0.00000 0.00000 0.00000 0.00000 0.00000 0.00000 0.00000 0.00000 0.00000 0.00000 0.00000 0.00000
0.00000 0.00000 0.00000 0.00000 0.00000 0.00000 0.00000 0.00000 0.00000 0.00000 0.00000 0.00000 0.00000 0.00000 0.00000 0.00000 0.00000 0.00000 0.00000 0.00000 0.00000 0.00000 0.00000 0.00000 0.00000 0.00000 0.00000 0.00000 0.00000 0.00000 0.00000 0.00000 0.00000 0.00000 0.00000 0.00000 0.00000 0.00000 0.00000 0.00000 0.00000 0.00000 0.00000 0.00000 0.00000 0.00000 0.00000 0.00000 0.00000 0.00000 0.00000 0.00000 0.00000 0.00000 0.00000 0.00000 0.00000 0.00000 0.00000 0.00000 0.00000 0.00000 0.00000 0.00000 0.00000 0.00000 0.00000 0.00000 0.00000 0.00000 0.00000 0.00000 0.00000 0.00000 0.00000 0.00000 0.00000 0.00000 0.00000 0.00000 0.00000 0.00000 0.00000 0.00000 0.00000 0.00000 0.00000 0.00000 0.00000 0.00000 0.00000 0.00000 0.00000 0.00000 0.00000 0.00000 0.00000 0.00000 0.00000 0.00000 0.00000 0.00000 0.00000 0.00000 0.00000 0.00000 0.00000 0.00000 0.00000 0.00000 0.00000 0.00000 0.00000 0.00000 0.00000 0.00000 0.00000 0.00000 0.00000 0.00000 0.00000 0.00000 0.00000 0.00000 0.00000 0.00000 0.00000 0.00000 0.00000 0.00000 0.00000 0.00000 0.00000 0.00000 0.00000 0.00000 0.00000 0.00000 0.00000 0.00000 0.00000 0.00000 0.00000 0.00000 0.00000 0.00000 0.00000 0.00000 0.00000 0.00000 0.00000 0.00000 0.00000 0.00000 0.00000 0.00000 0.00000 0.00000 0.00000 0.00000 0.00000 0.00000 0.00000 0.00000 0.00000 0.00000 0.00000 0.00000 0.00000 0.00000 0.00000 0.00000 0.00000 0.00000 0.00000 0.00000 0.00000 0.00000 0.00000 0.00000 0.00000 0.00000 0.00000 0.00000 0.00000 0.00000 0.00000 0.00000 0.00000 0.00000 0.00000 0.00000 0.00000 0.00000 0.00000 0.00000 0.00000 0.00000 0.00000 0.00000 0.00000 0.00000 0.00000 0.00000 0.00000 0.00000 0.00000 0.00000 0.00000 0.00000 0.00000 0.00000 0.00000 0.00000 0.00000 0.00000 0.00000 0.00000 0.00000 0.00000 0.00000 0.00000 0.00000 0.00000 0.00000 0.00000 0.00000 0.00000 0.00000 0.00000
0.00000 0.00000 0.00000 0.00000 0.00000 0.00000 0.00000 0.00000 0.00000 0.00000 0.00000 0.00000 0.00000 0.00000 0.00000 0.00000 0.00000 0.00000 0.00000 0.00000 0.00000 0.00000 0.00000 0.00000 0.00000 0.00000 0.00000 0.00000 0.00000 0.00000 0.00000 0.00000 0.00000 0.00000 0.00000 0.00000 0.00000 0.00000 0.00000 0.00000 0.00000 0.00000 0.00000 0.00000 0.00000 0.00000 0.00000 0.00000 0.00000 0.00000 0.00000 0.00000 0.00000 0.00000 0.00000 0.00000 0.00000 0.00000 0.00000 0.00000 0.00000 0.00000 0.00000 0.00000 0.00000 0.00000 0.00000 0.00000 0.00000 0.00000 0.00000 0.00000 0.00000 0.00000 0.00000 0.00000 0.00000 0.00000 0.00000 0.00000 0.00000 0.00000 0.00000 0.00000 0.00000 0.00000 0.00000 0.00000 0.00000 0.00000 0.00000 0.00000 0.00000 0.00000 0.00000 0.00000 0.00000 0.00000 0.00000 0.00000 0.00000 0.00000 0.00000 0.00000 0.00000 0.00000 0.00000 0.00000 0.00000 0.00000 0.00000 0.00000 0.00000 0.00000 0.00000 0.00000 0.00000 0.00000 0.00000 0.00000 0.00000 0.00000 0.00000 0.00000 0.00000 0.00000 0.00000 0.00000 0.00000 0.00000 0.00000 0.00000 0.00000 0.00000 0.00000 0.00000 0.00000 0.00000 0.00000 0.00000 0.00000 0.00000 0.00000 0.00000 0.00000 0.00000 0.00000 0.00000 0.00000 0.00000 0.00000 0.00000 0.00000 0.00000 0.00000 0.00000 0.00000 0.00000 0.00000 0.00000 0.00000 0.00000 0.00000 0.00000 0.00000 0.00000 0.00000 0.00000 0.00000 0.00000 0.00000 0.00000 0.00000 0.00000 0.00000 0.00000 0.00000 0.00000 0.00000 0.00000 0.00000 0.00000 0.00000 0.00000 0.00000 0.00000 0.00000 0.00000 0.00000 0.00000 0.00000 0.00000 0.00000 0.00000 0.00000 0.00000 0.00000 0.00000 0.00000 0.00000 0.00000 0.00000 0.00000 0.00000 0.00000 0.00000 0.00000 0.00000 0.00000 0.00000 0.00000 0.00000 0.00000 0.00000 0.00000 0.00000 0.00000 0.00000 0.00000 0.00000 0.00000 0.00000 0.00000 0.00000 0.00000 0.00000 0.00000 0.00000 0.00000 0.00000
0.00000 0.00000 0.00000 0.00000 0.00000 0.00000 0.00000 0.00000 0.00000 0.00000 0.00000 0.00000 0.00000 0.00000 0.00000 0.00000 0.00000 0.00000 0.00000 0.00000 0.00000 0.00000 0.00000 0.00000 0.00000 0.00000 0.00000 0.00000 0.00000 0.00000 0.00000 0.00000 0.00000 0.00000 0.00000 0.00000 0.00000 0.00000 0.00000 0.00000 0.00000 0.00000 0.00000 0.00000 0.00000 0.00000 0.00000 0.00000 0.00000 0.00000 0.00000 0.00000 0.00000 0.00000 0.00000 0.00000 0.00000 0.00000 0.00000 0.00000 0.00000 0.00000 0.00000 0.00000 0.00000 0.00000 0.00000 0.00000 0.00000 0.00000 0.00000 0.00000 0.00000 0.00000 0.00000 0.00000 0.00000 0.00000 0.00000 0.00000 0.00000 0.00000 0.00000 0.00000 0.00000 0.00000 0.00000 0.00000 0.00000 0.00000 0.00000 0.00000 0.00000 0.00000 0.00000 0.00000 0.00000 0.00000 0.00000 0.00000 0.00000 0.00000 0.00000 0.00000 0.00000 0.00000 0.00000 0.00000 0.00000 0.00000 0.00000 0.00000 0.00000 0.00000 0.00000 0.00000 0.00000 0.00000 0.00000 0.00000 0.00000 0.00000 0.00000 0.00000 0.00000 0.00000 0.00000 0.00000 0.00000 0.00000 0.00000 0.00000 0.00000 0.00000 0.00000 0.00000 0.00000 0.00000 0.00000 0.00000 0.00000 0.00000 0.00000 0.00000 0.00000 0.00000 0.00000 0.00000 0.00000 0.00000 0.00000 0.00000 0.00000 0.00000 0.00000 0.00000 0.00000 0.00000 0.00000 0.00000 0.00000 0.00000 0.00000 0.00000 0.00000 0.00000 0.00000 0.00000 0.00000 0.00000 0.00000 0.00000 0.00000 0.00000 0.00000 0.00000 0.00000 0.00000 0.00000 0.00000 0.00000 0.00000 0.00000 0.00000 0.00000 0.00000 0.00000 0.00000 0.00000 0.00000 0.00000 0.00000 0.00000 0.00000 0.00000 0.00000 0.00000 0.00000 0.00000 0.00000 0.00000 0.00000 0.00000 0.00000 0.00000 0.00000 0.00000 0.00000 0.00000 0.00000 0.00000 0.00000 0.00000 0.00000 0.00000 0.00000 0.00000 0.00000 0.00000 0.00000 0.00000 0.00000 0.00000 0.00000 0.00000 0.00000 0.00000 0.00000 0.00000 0.00000
0.00000 0.00000 0.00000 0.00000 0.00000 0.00000 0.00000 0.00000 0.00000 0.00000 0.00000 0.00000 0.00000 0.00000 0.00000 0.00000 0.00000 0.00000 0.00000 0.00000 0.00000 0.00000 0.00000 0.00000 0.00000 0.00000 0.00000 0.00000 0.00000 0.00000 0.00000 0.00000 0.00000 0.00000 0.00000 0.00000 0.00000 0.00000 0.00000 0.00000 0.00000 0.00000 0.00000 0.00000 0.00000 0.00000 0.00000 0.00000 0.00000 0.00000 0.00000 0.00000 0.00000 0.00000 0.00000 0.00000 0.00000 0.00000 0.00000 0.00000 0.00000 0.00000 0.00000 0.00000 0.00000 0.00000 0.00000 0.00000 0.00000 0.00000 0.00000 0.00000 0.00000 0.00000 0.00000 0.00000 0.00000 0.00000 0.00000 0.00000 0.00000 0.00000 0.00000 0.00000 0.00000 0.00000 0.00000 0.00000 0.00000 0.00000 0.00000 0.00000 0.00000 0.00000 0.00000 0.00000 0.00000 0.00000 0.00000 0.00000 0.00000 0.00000 0.00000 0.00000 0.00000 0.00000 0.00000 0.00000 0.00000 0.00000 0.00000 0.00000 0.00000 0.00000 0.00000 0.00000 0.00000 0.00000 0.00000 0.00000 0.00000 0.00000 0.00000 0.00000 0.00000 0.00000 0.00000 0.00000 0.00000 0.00000 0.00000 0.00000 0.00000 0.00000 0.00000 0.00000 0.00000 0.00000 0.00000 0.00000 0.00000 0.00000 0.00000 0.00000 0.00000 0.00000 0.00000 0.00000 0.00000 0.00000 0.00000 0.00000 0.00000 0.00000 0.00000 0.00000 0.00000 0.00000 0.00000 0.00000 0.00000 0.00000 0.00000 0.00000 0.00000 0.00000 0.00000 0.00000 0.00000 0.00000 0.00000 0.00000 0.00000 0.00000 0.00000 0.00000 0.00000 0.00000 0.00000 0.00000 0.00000 0.00000 0.00000 0.00000 0.00000 0.00000 0.00000 0.00000 0.00000 0.00000 0.00000 0.00000 0.00000 0.00000 0.00000 0.00000 0.00000 0.00000 0.00000 0.00000 0.00000 0.00000 0.00000 0.00000 0.00000 0.00000 0.00000 0.00000 0.00000 0.00000 0.00000 0.00000 0.00000 0.00000 0.00000 0.00000 0.00000 0.00000 0.00000 0.00000 0.00000 0.00000 0.00000 0.00000 0.00000 0.00000 0.00000 0.00000 0.00000 0.00000
0.00000 0.00000 0.00000 0.00000 0.00000 0.00000 0.00000 0.00000 0.00000 0.00000 0.00000 0.00000 0.00000 0.00000 0.00000 0.00000 0.00000 0.00000 0.00000 0.00000 0.00000 0.00000 0.00000 0.00000 0.00000 0.00000 0.00000 0.00000 0.00000 0.00000 0.00000 0.00000 0.00000 0.00000 0.00000 0.00000 0.00000 0.00000 0.00000 0.00000 0.00000 0.00000 0.00000 0.00000 0.00000 0.00000 0.00000 0.00000 0.00000 0.00000 0.00000 0.00000 0.00000 0.00000 0.00000 0.00000 0.00000 0.00000 0.00000 0.00000 0.00000 0.00000 0.00000 0.00000 0.00000 0.00000 0.00000 0.00000 0.00000 0.00000 0.00000 0.00000 0.00000 0.00000 0.00000 0.00000 0.00000 0.00000 0.00000 0.00000 0.00000 0.00000 0.00000 0.00000 0.00000 0.00000 0.00000 0.00000 0.00000 0.00000 0.00000 0.00000 0.00000 0.00000 0.00000 0.00000 0.00000 0.00000 0.00000 0.00000 0.00000 0.00000 0.00000 0.00000 0.00000 0.00000 0.00000 0.00000 0.00000 0.00000 0.00000 0.00000 0.00000 0.00000 0.00000 0.00000 0.00000 0.00000 0.00000 0.00000 0.00000 0.00000 0.00000 0.00000 0.00000 0.00000 0.00000 0.00000 0.00000 0.00000 0.00000 0.00000 0.00000 0.00000 0.00000 0.00000 0.00000 0.00000 0.00000 0.00000 0.00000 0.00000 0.00000 0.00000 0.00000 0.00000 0.00000 0.00000 0.00000 0.00000 0.00000 0.00000 0.00000 0.00000 0.00000 0.00000 0.00000 0.00000 0.00000 0.00000 0.00000 0.00000 0.00000 0.00000 0.00000 0.00000 0.00000 0.00000 0.00000 0.00000 0.00000 0.00000 0.00000 0.00000 0.00000 0.00000 0.00000 0.00000 0.00000 0.00000 0.00000 0.00000 0.00000 0.00000 0.00000 0.00000 0.00000 0.00000 0.00000 0.00000 0.00000 0.00000 0.00000 0.00000 0.00000 0.00000 0.00000 0.00000 0.00000 0.00000 0.00000 0.00000 0.00000 0.00000 0.00000 0.00000 0.00000 0.00000 0.00000 0.00000 0.00000 0.00000 0.00000 0.00000 0.00000 0.00000 0.00000 0.00000 0.00000 0.00000 0.00000 0.00000 0.00000 0.00000 0.00000 0.00000 0.00000 0.00000 0.00000 0.00000
0.00000 0.00000 0.00000 0.00000 0.00000 0.00000 0.00000 0.00000 0.00000 0.00000 0.00000 0.00000 0.00000 0.00000 0.00000 0.00000 0.00000 0.00000 0.00000 0.00000 0.00000 0.00000 0.00000 0.00000 0.00000 0.00000 0.00000 0.00000 0.00000 0.00000 0.00000 0.00000 0.00000 0.00000 0.00000 0.00000 0.00000 0.00000 0.00000 0.00000 0.00000 0.00000 0.00000 0.00000 0.00000 0.00000 0.00000 0.00000 0.00000 0.00000 0.00000 0.00000 0.00000 0.00000 0.00000 0.00000 0.00000 0.00000 0.00000 0.00000 0.00000 0.00000 0.00000 0.00000 0.00000 0.00000 0.00000 0.00000 0.00000 0.00000 0.00000 0.00000 0.00000 0.00000 0.00000 0.00000 0.00000 0.00000 0.00000 0.00000 0.00000 0.00000 0.00000 0.00000 0.00000 0.00000 0.00000 0.00000 0.00000 0.00000 0.00000 0.00000 0.00000 0.00000 0.00000 0.00000 0.00000 0.00000 0.00000 0.00000 0.00000 0.00000 0.00000 0.00000 0.00000 0.00000 0.00000 0.00000 0.00000 0.00000 0.00000 0.00000 0.00000 0.00000 0.00000 0.00000 0.00000 0.00000 0.00000 0.00000 0.00000 0.00000 0.00000 0.00000 0.00000 0.00000 0.00000 0.00000 0.00000 0.00000 0.00000 0.00000 0.00000 0.00000 0.00000 0.00000 0.00000 0.00000 0.00000 0.00000 0.00000 0.00000 0.00000 0.00000 0.00000 0.00000 0.00000 0.00000 0.00000 0.00000 0.00000 0.00000 0.00000 0.00000 0.00000 0.00000 0.00000 0.00000 0.00000 0.00000 0.00000 0.00000 0.00000 0.00000 0.00000 0.00000 0.00000 0.00000 0.00000 0.00000 0.00000 0.00000 0.00000 0.00000 0.00000 0.00000 0.00000 0.00000 0.00000 0.00000 0.00000 0.00000 0.00000 0.00000 0.00000 0.00000 0.00000 0.00000 0.00000 0.00000 0.00000 0.00000 0.00000 0.00000 0.00000 0.00000 0.00000 0.00000 0.00000 0.00000 0.00000 0.00000 0.00000 0.00000 0.00000 0.00000 0.00000 0.00000 0.00000 0.00000 0.00000 0.00000 0.00000 0.00000 0.00000 0.00000 0.00000 0.00000 0.00000 0.00000 0.00000 0.00000 0.00000 0.00000 0.00000 0.00000 0.00000 0.00000 0.00000 0.00000
